step,time,reward,cost,goal_error_norm,d_min,risk_global,beta,closest_link,safety_violation,collision,collision_any,collision_capsule_overlap,collision_pybullet_contact,termination_collision,termination_reason,unavoidable_collision,avoidable_collision,collision_avoidability_reason,safe_stop_infeasible_first_step,safe_stop_infeasible_last_step,safe_stop_h_drift_mps,safe_stop_drift_class,collision_contact_link_indices,collision_contact_link_names,collision_min_contact_distance,success,qdot_norm,acc_norm,jerk_norm,qdot_requested_norm,qdot_policy_norm,task_space_goal_error_before_m,task_space_goal_error_after_m,task_space_goal_error_delta_m,task_space_requested_speed_mps,task_space_executed_speed_mps,task_space_requested_toward_goal_mps,task_space_executed_toward_goal_mps,task_space_filter_velocity_loss_mps,task_space_nominal_toward_goal_mps,task_space_recovery_active_for_command,residual_control_enabled,residual_control_mode,residual_control_base_qdot_norm,hierarchical_control_enabled,hierarchical_state,hierarchical_plan_reason,hierarchical_plan_iterations,hierarchical_planning_time_s,hierarchical_planning_time_total_s,hierarchical_ik_candidate_count,hierarchical_ik_found,hierarchical_plan_found,hierarchical_direct_path,hierarchical_selected_candidate_index,hierarchical_selected_path_length_rad,hierarchical_selected_path_min_clearance_m,hierarchical_ik_candidate_errors_m,hierarchical_ik_candidate_clearances_m,hierarchical_ik_attempts_used,hierarchical_ik_fallback_used,hierarchical_ik_fallback_attempted,hierarchical_ik_target_shell_attempted,hierarchical_ik_target_shell_candidate_count,hierarchical_ik_goal_region_attempted,hierarchical_ik_goal_region_candidate_count,hierarchical_ik_goal_region_sample_count,hierarchical_ik_obstacle_aware_attempted,hierarchical_ik_obstacle_aware_candidate_count,hierarchical_ik_rejection_counts,hierarchical_ik_min_goal_error_m,hierarchical_ik_goal_reachable_count,hierarchical_ik_obstacle_free_goal_reachable_count,hierarchical_selected_path_predictive_h_m,hierarchical_selected_path_filter_intervention,hierarchical_filter_intervention_ratio,hierarchical_filter_status,hierarchical_servo_stall_steps,hierarchical_servo_stall_replans,hierarchical_plan_count,hierarchical_replan_count,hierarchical_hold_steps,hierarchical_consecutive_hold_steps,hierarchical_waypoint_index,hierarchical_waypoint_count,hierarchical_path_progress,hierarchical_residual_budget,hierarchical_nominal_qdot_norm,residual_qdot_norm,risk_speed_scale,risk_speed_h_min_m,recovery_active,recovery_triggered,recovery_success,recovery_initially_unsafe,recovery_initial_h_min_m,recovery_command_norm,safety_filter_status,safety_filter_reason,safety_filter_intervention_norm,safety_filter_safe_stop,safety_filter_active_constraints,safety_filter_constraint_count,safety_filter_active_constraint_categories,safety_filter_max_constraint_category,safety_filter_infeasible_constraint_categories,safety_filter_infeasibility_diagnostic_status,safety_filter_projection_iterations,safety_filter_fallback_used,safety_filter_qp_solver_used,safety_filter_qp_solver_status,safety_filter_goal_velocity_primary_mps,safety_filter_goal_velocity_secondary_used,safety_filter_goal_velocity_secondary_status,safety_filter_command_alignment_previous,safety_filter_command_sign_change,safety_filter_fallback_stage,safety_filter_max_constraint_violation,predictive_risk_status,predictive_h_min_m,predictive_max_link_speed_bound_mps,predictive_link_velocity_norms_mps,predictive_h_by_link_m,predictive_distance_by_link_m,predictive_robust_distance_by_link_m,predictive_time_by_link_s,safety_jacobian_command_by_link_mps,safety_drift_by_link_mps,safety_constraint_residual_by_link_mps,safety_filter_goal_velocity_audit_status,safety_filter_max_feasible_goal_velocity_mps,safety_filter_projected_goal_velocity_mps,safety_filter_goal_velocity_feasibility_gap_mps,filter_obstacle_position_m,filter_obstacle_velocity_mps,safety_filter_solve_time_s,safety_filter_predictive_risk_time_s,safety_filter_jacobian_workspace_time_s,safety_filter_projection_time_s
0,0.05,-0.9156478640973162,0.05104140564799309,0.5964403748512268,0.48904097080230713,0.038023050874471664,1.0,1,0,0,0,0,0,0,,0,0,,-1,-1,nan,not_applicable,,,nan,0,0.0,0.0,0.0,0.0,0.0,0.5964403963810977,0.5964403748512268,2.1529870886105584e-08,0.0,0.0,0.0,0.0,0.0,0.0,0,0,disabled,0.0,1,PLAN_FAILED,ik_not_found,0,0.5195774979656562,0.5195774979656562,0,0,0,0,-1,nan,nan,,,160,0,0,0,0,1,0,96,0,0,"{'solver_error': 0, 'short_solution': 0, 'duplicate': 0, 'goal_error': 0, 'joint_limit': 0, 'workspace': 0, 'obstacle_clearance': 144, 'obstacle_contact': 17, 'self_collision': 0}",0.0007387294376302141,161,161,nan,nan,0.0,not_enabled,0,0,1,0,0,0,0,0,0.0,0.0,0.0,0.0,1.0,0.31538024944972776,0,0,0,0,0.31538024944972776,0.0,passthrough,osqp optimal,0.0,0,0,12,,workspace_z_lower,,,0,0,1,solved,nan,0,,0.0,0,osqp,0.0,valid,0.31538024944972776,0.873214483873313,0|0|0|0|0|0,0.487151881|0.315380249|0.316023695|0.397999755|0.427019022|0.476535366,0.660812605|0.489040974|0.489684419|0.57166048|0.600679746|0.65019609,0.607151881|0.435380249|0.436023695|0.517999755|0.547019022|0.596535366,0|0|0|0|0|0,0|0|0|0|0|0,0|0|0|0|0|0,1.94860752|1.261521|1.26409478|1.59199902|1.70807609|1.90614146,optimal,0.17941799655015453,0.0,0.17941799655015453,0.428064942|-0.544867158|0.500515461,-0|0|-0,0.011940152035094798,0.002417623996734619,0.0020578380208462477,0.0027344750706106424
1,0.1,-0.9156478640973162,0.05104140564799309,0.5964403748512268,0.48904097080230713,0.038023050874471664,1.0,1,0,0,0,0,0,0,,0,0,,-1,-1,nan,not_applicable,,,nan,0,0.0,0.0,0.0,0.0,0.0,0.5964403963810977,0.5964403748512268,2.1529870886105584e-08,0.0,0.0,0.0,0.0,0.0,0.0,0,0,disabled,0.0,1,PLAN_FAILED,ik_not_found,0,0.5195774979656562,0.5195774979656562,0,0,0,0,-1,nan,nan,,,160,0,0,0,0,1,0,96,0,0,"{'solver_error': 0, 'short_solution': 0, 'duplicate': 0, 'goal_error': 0, 'joint_limit': 0, 'workspace': 0, 'obstacle_clearance': 144, 'obstacle_contact': 17, 'self_collision': 0}",0.0007387294376302141,161,161,nan,nan,0.0,passthrough,0,0,1,0,0,0,0,0,0.0,0.0,0.0,0.0,1.0,0.31538024944972776,0,0,0,0,0.31538024944972776,0.0,passthrough,osqp optimal,0.0,0,0,12,,workspace_z_lower,,,0,0,1,solved,nan,0,,0.0,0,osqp,0.0,valid,0.31538024944972776,0.873214483873313,0|0|0|0|0|0,0.487151881|0.315380249|0.316023695|0.397999755|0.427019022|0.476535366,0.660812605|0.489040974|0.489684419|0.57166048|0.600679746|0.65019609,0.607151881|0.435380249|0.436023695|0.517999755|0.547019022|0.596535366,0|0|0|0|0|0,0|0|0|0|0|0,0|0|0|0|0|0,1.94860752|1.261521|1.26409478|1.59199902|1.70807609|1.90614146,optimal,0.17941799655015453,0.0,0.17941799655015453,0.428064942|-0.544867158|0.500515461,-0|0|-0,0.016114547033794224,0.004416720941662788,0.0022225389257073402,0.0024327209684997797
2,0.15000000000000002,-0.9156478640973162,0.05104140564799309,0.5964403748512268,0.48904097080230713,0.038023050874471664,1.0,1,0,0,0,0,0,0,,0,0,,-1,-1,nan,not_applicable,,,nan,0,0.0,0.0,0.0,0.0,0.0,0.5964403963810977,0.5964403748512268,2.1529870886105584e-08,0.0,0.0,0.0,0.0,0.0,0.0,0,0,disabled,0.0,1,PLAN_FAILED,ik_not_found,0,0.5195774979656562,0.5195774979656562,0,0,0,0,-1,nan,nan,,,160,0,0,0,0,1,0,96,0,0,"{'solver_error': 0, 'short_solution': 0, 'duplicate': 0, 'goal_error': 0, 'joint_limit': 0, 'workspace': 0, 'obstacle_clearance': 144, 'obstacle_contact': 17, 'self_collision': 0}",0.0007387294376302141,161,161,nan,nan,0.0,passthrough,0,0,1,0,0,0,0,0,0.0,0.0,0.0,0.0,1.0,0.31538024944972776,0,0,0,0,0.31538024944972776,0.0,passthrough,osqp optimal,0.0,0,0,12,,workspace_z_lower,,,0,0,1,solved,nan,0,,0.0,0,osqp,0.0,valid,0.31538024944972776,0.873214483873313,0|0|0|0|0|0,0.487151881|0.315380249|0.316023695|0.397999755|0.427019022|0.476535366,0.660812605|0.489040974|0.489684419|0.57166048|0.600679746|0.65019609,0.607151881|0.435380249|0.436023695|0.517999755|0.547019022|0.596535366,0|0|0|0|0|0,0|0|0|0|0|0,0|0|0|0|0|0,1.94860752|1.261521|1.26409478|1.59199902|1.70807609|1.90614146,optimal,0.17941799655015453,0.0,0.17941799655015453,0.428064942|-0.544867158|0.500515461,-0|0|-0,0.016670441022142768,0.004506985074840486,0.002217518980614841,0.0025446859654039145
3,0.2,-0.9156478640973162,0.05104140564799309,0.5964403748512268,0.48904097080230713,0.038023050874471664,1.0,1,0,0,0,0,0,0,,0,0,,-1,-1,nan,not_applicable,,,nan,0,0.0,0.0,0.0,0.0,0.0,0.5964403963810977,0.5964403748512268,2.1529870886105584e-08,0.0,0.0,0.0,0.0,0.0,0.0,0,0,disabled,0.0,1,PLAN_FAILED,ik_not_found,0,0.5195774979656562,0.5195774979656562,0,0,0,0,-1,nan,nan,,,160,0,0,0,0,1,0,96,0,0,"{'solver_error': 0, 'short_solution': 0, 'duplicate': 0, 'goal_error': 0, 'joint_limit': 0, 'workspace': 0, 'obstacle_clearance': 144, 'obstacle_contact': 17, 'self_collision': 0}",0.0007387294376302141,161,161,nan,nan,0.0,passthrough,0,0,1,0,0,0,0,0,0.0,0.0,0.0,0.0,1.0,0.31538024944972776,0,0,0,0,0.31538024944972776,0.0,passthrough,osqp optimal,0.0,0,0,12,,workspace_z_lower,,,0,0,1,solved,nan,0,,0.0,0,osqp,0.0,valid,0.31538024944972776,0.873214483873313,0|0|0|0|0|0,0.487151881|0.315380249|0.316023695|0.397999755|0.427019022|0.476535366,0.660812605|0.489040974|0.489684419|0.57166048|0.600679746|0.65019609,0.607151881|0.435380249|0.436023695|0.517999755|0.547019022|0.596535366,0|0|0|0|0|0,0|0|0|0|0|0,0|0|0|0|0|0,1.94860752|1.261521|1.26409478|1.59199902|1.70807609|1.90614146,optimal,0.17941799655015453,0.0,0.17941799655015453,0.428064942|-0.544867158|0.500515461,-0|0|-0,0.016132115037180483,0.004386646091006696,0.002186739002354443,0.0025481650372967124
4,0.25,-0.9156478640973162,0.05104140564799309,0.5964403748512268,0.48904097080230713,0.038023050874471664,1.0,1,0,0,0,0,0,0,,0,0,,-1,-1,nan,not_applicable,,,nan,0,0.0,0.0,0.0,0.0,0.0,0.5964403963810977,0.5964403748512268,2.1529870886105584e-08,0.0,0.0,0.0,0.0,0.0,0.0,0,0,disabled,0.0,1,PLAN_FAILED,ik_not_found,0,0.5195774979656562,0.5195774979656562,0,0,0,0,-1,nan,nan,,,160,0,0,0,0,1,0,96,0,0,"{'solver_error': 0, 'short_solution': 0, 'duplicate': 0, 'goal_error': 0, 'joint_limit': 0, 'workspace': 0, 'obstacle_clearance': 144, 'obstacle_contact': 17, 'self_collision': 0}",0.0007387294376302141,161,161,nan,nan,0.0,passthrough,0,0,1,0,0,0,0,0,0.0,0.0,0.0,0.0,1.0,0.31538024944972776,0,0,0,0,0.31538024944972776,0.0,passthrough,osqp optimal,0.0,0,0,12,,workspace_z_lower,,,0,0,1,solved,nan,0,,0.0,0,osqp,0.0,valid,0.31538024944972776,0.873214483873313,0|0|0|0|0|0,0.487151881|0.315380249|0.316023695|0.397999755|0.427019022|0.476535366,0.660812605|0.489040974|0.489684419|0.57166048|0.600679746|0.65019609,0.607151881|0.435380249|0.436023695|0.517999755|0.547019022|0.596535366,0|0|0|0|0|0,0|0|0|0|0|0,0|0|0|0|0|0,1.94860752|1.261521|1.26409478|1.59199902|1.70807609|1.90614146,optimal,0.17941799655015453,0.0,0.17941799655015453,0.428064942|-0.544867158|0.500515461,-0|0|-0,0.016015183995477855,0.004399030935019255,0.002230113954283297,0.0025311040226370096
5,0.30000000000000004,-0.9156478640973162,0.05104140564799309,0.5964403748512268,0.48904097080230713,0.038023050874471664,1.0,1,0,0,0,0,0,0,,0,0,,-1,-1,nan,not_applicable,,,nan,0,0.0,0.0,0.0,0.0,0.0,0.5964403963810977,0.5964403748512268,2.1529870886105584e-08,0.0,0.0,0.0,0.0,0.0,0.0,0,0,disabled,0.0,1,PLAN_FAILED,ik_not_found,0,0.5195774979656562,0.5195774979656562,0,0,0,0,-1,nan,nan,,,160,0,0,0,0,1,0,96,0,0,"{'solver_error': 0, 'short_solution': 0, 'duplicate': 0, 'goal_error': 0, 'joint_limit': 0, 'workspace': 0, 'obstacle_clearance': 144, 'obstacle_contact': 17, 'self_collision': 0}",0.0007387294376302141,161,161,nan,nan,0.0,passthrough,0,0,1,0,0,0,0,0,0.0,0.0,0.0,0.0,1.0,0.31538024944972776,0,0,0,0,0.31538024944972776,0.0,passthrough,osqp optimal,0.0,0,0,12,,workspace_z_lower,,,0,0,1,solved,nan,0,,0.0,0,osqp,0.0,valid,0.31538024944972776,0.873214483873313,0|0|0|0|0|0,0.487151881|0.315380249|0.316023695|0.397999755|0.427019022|0.476535366,0.660812605|0.489040974|0.489684419|0.57166048|0.600679746|0.65019609,0.607151881|0.435380249|0.436023695|0.517999755|0.547019022|0.596535366,0|0|0|0|0|0,0|0|0|0|0|0,0|0|0|0|0|0,1.94860752|1.261521|1.26409478|1.59199902|1.70807609|1.90614146,optimal,0.17941799655015453,0.0,0.17941799655015453,0.428064942|-0.544867158|0.500515461,-0|0|-0,0.010974837001413107,0.0035271620145067573,0.0013191909529268742,0.0017561339773237705
6,0.35000000000000003,-0.9156478640973162,0.05104140564799309,0.5964403748512268,0.48904097080230713,0.038023050874471664,1.0,1,0,0,0,0,0,0,,0,0,,-1,-1,nan,not_applicable,,,nan,0,0.0,0.0,0.0,0.0,0.0,0.5964403963810977,0.5964403748512268,2.1529870886105584e-08,0.0,0.0,0.0,0.0,0.0,0.0,0,0,disabled,0.0,1,PLAN_FAILED,ik_not_found,0,0.5195774979656562,0.5195774979656562,0,0,0,0,-1,nan,nan,,,160,0,0,0,0,1,0,96,0,0,"{'solver_error': 0, 'short_solution': 0, 'duplicate': 0, 'goal_error': 0, 'joint_limit': 0, 'workspace': 0, 'obstacle_clearance': 144, 'obstacle_contact': 17, 'self_collision': 0}",0.0007387294376302141,161,161,nan,nan,0.0,passthrough,0,0,1,0,0,0,0,0,0.0,0.0,0.0,0.0,1.0,0.31538024944972776,0,0,0,0,0.31538024944972776,0.0,passthrough,osqp optimal,0.0,0,0,12,,workspace_z_lower,,,0,0,1,solved,nan,0,,0.0,0,osqp,0.0,valid,0.31538024944972776,0.873214483873313,0|0|0|0|0|0,0.487151881|0.315380249|0.316023695|0.397999755|0.427019022|0.476535366,0.660812605|0.489040974|0.489684419|0.57166048|0.600679746|0.65019609,0.607151881|0.435380249|0.436023695|0.517999755|0.547019022|0.596535366,0|0|0|0|0|0,0|0|0|0|0|0,0|0|0|0|0|0,1.94860752|1.261521|1.26409478|1.59199902|1.70807609|1.90614146,optimal,0.17941799655015453,0.0,0.17941799655015453,0.428064942|-0.544867158|0.500515461,-0|0|-0,0.01034486701246351,0.00275223795324564,0.001311045023612678,0.001690391916781664
7,0.4,-0.9156478640973162,0.05104140564799309,0.5964403748512268,0.48904097080230713,0.038023050874471664,1.0,1,0,0,0,0,0,0,,0,0,,-1,-1,nan,not_applicable,,,nan,0,0.0,0.0,0.0,0.0,0.0,0.5964403963810977,0.5964403748512268,2.1529870886105584e-08,0.0,0.0,0.0,0.0,0.0,0.0,0,0,disabled,0.0,1,PLAN_FAILED,ik_not_found,0,0.5195774979656562,0.5195774979656562,0,0,0,0,-1,nan,nan,,,160,0,0,0,0,1,0,96,0,0,"{'solver_error': 0, 'short_solution': 0, 'duplicate': 0, 'goal_error': 0, 'joint_limit': 0, 'workspace': 0, 'obstacle_clearance': 144, 'obstacle_contact': 17, 'self_collision': 0}",0.0007387294376302141,161,161,nan,nan,0.0,passthrough,0,0,1,0,0,0,0,0,0.0,0.0,0.0,0.0,1.0,0.31538024944972776,0,0,0,0,0.31538024944972776,0.0,passthrough,osqp optimal,0.0,0,0,12,,workspace_z_lower,,,0,0,1,solved,nan,0,,0.0,0,osqp,0.0,valid,0.31538024944972776,0.873214483873313,0|0|0|0|0|0,0.487151881|0.315380249|0.316023695|0.397999755|0.427019022|0.476535366,0.660812605|0.489040974|0.489684419|0.57166048|0.600679746|0.65019609,0.607151881|0.435380249|0.436023695|0.517999755|0.547019022|0.596535366,0|0|0|0|0|0,0|0|0|0|0|0,0|0|0|0|0|0,1.94860752|1.261521|1.26409478|1.59199902|1.70807609|1.90614146,optimal,0.17941799655015453,0.0,0.17941799655015453,0.428064942|-0.544867158|0.500515461,-0|0|-0,0.010571872000582516,0.0026132400380447507,0.00140725402161479,0.00200462294742465
8,0.45,-0.9156478640973162,0.05104140564799309,0.5964403748512268,0.48904097080230713,0.038023050874471664,1.0,1,0,0,0,0,0,0,,0,0,,-1,-1,nan,not_applicable,,,nan,0,0.0,0.0,0.0,0.0,0.0,0.5964403963810977,0.5964403748512268,2.1529870886105584e-08,0.0,0.0,0.0,0.0,0.0,0.0,0,0,disabled,0.0,1,PLAN_FAILED,ik_not_found,0,0.5195774979656562,0.5195774979656562,0,0,0,0,-1,nan,nan,,,160,0,0,0,0,1,0,96,0,0,"{'solver_error': 0, 'short_solution': 0, 'duplicate': 0, 'goal_error': 0, 'joint_limit': 0, 'workspace': 0, 'obstacle_clearance': 144, 'obstacle_contact': 17, 'self_collision': 0}",0.0007387294376302141,161,161,nan,nan,0.0,passthrough,0,0,1,0,0,0,0,0,0.0,0.0,0.0,0.0,1.0,0.31538024944972776,0,0,0,0,0.31538024944972776,0.0,passthrough,osqp optimal,0.0,0,0,12,,workspace_z_lower,,,0,0,1,solved,nan,0,,0.0,0,osqp,0.0,valid,0.31538024944972776,0.873214483873313,0|0|0|0|0|0,0.487151881|0.315380249|0.316023695|0.397999755|0.427019022|0.476535366,0.660812605|0.489040974|0.489684419|0.57166048|0.600679746|0.65019609,0.607151881|0.435380249|0.436023695|0.517999755|0.547019022|0.596535366,0|0|0|0|0|0,0|0|0|0|0|0,0|0|0|0|0|0,1.94860752|1.261521|1.26409478|1.59199902|1.70807609|1.90614146,optimal,0.17941799655015453,0.0,0.17941799655015453,0.428064942|-0.544867158|0.500515461,-0|0|-0,0.010234970948658884,0.0027056089602410793,0.0014597310218960047,0.0016320169670507312
9,0.5,-0.9156478640973162,0.05104140564799309,0.5964403748512268,0.48904097080230713,0.038023050874471664,1.0,1,0,0,0,0,0,0,,0,0,,-1,-1,nan,not_applicable,,,nan,0,0.0,0.0,0.0,0.0,0.0,0.5964403963810977,0.5964403748512268,2.1529870886105584e-08,0.0,0.0,0.0,0.0,0.0,0.0,0,0,disabled,0.0,1,PLAN_FAILED,ik_not_found,0,0.5195774979656562,0.5195774979656562,0,0,0,0,-1,nan,nan,,,160,0,0,0,0,1,0,96,0,0,"{'solver_error': 0, 'short_solution': 0, 'duplicate': 0, 'goal_error': 0, 'joint_limit': 0, 'workspace': 0, 'obstacle_clearance': 144, 'obstacle_contact': 17, 'self_collision': 0}",0.0007387294376302141,161,161,nan,nan,0.0,passthrough,0,0,1,0,0,0,0,0,0.0,0.0,0.0,0.0,1.0,0.31538024944972776,0,0,0,0,0.31538024944972776,0.0,passthrough,osqp optimal,0.0,0,0,12,,workspace_z_lower,,,0,0,1,solved,nan,0,,0.0,0,osqp,0.0,valid,0.31538024944972776,0.873214483873313,0|0|0|0|0|0,0.487151881|0.315380249|0.316023695|0.397999755|0.427019022|0.476535366,0.660812605|0.489040974|0.489684419|0.57166048|0.600679746|0.65019609,0.607151881|0.435380249|0.436023695|0.517999755|0.547019022|0.596535366,0|0|0|0|0|0,0|0|0|0|0|0,0|0|0|0|0|0,1.94860752|1.261521|1.26409478|1.59199902|1.70807609|1.90614146,optimal,0.17941799655015453,0.0,0.17941799655015453,0.428064942|-0.544867158|0.500515461,-0|0|-0,0.010580296977423131,0.0025764700258150697,0.0013833650154992938,0.0019084919476881623
10,0.55,-0.9156478640973162,0.05104140564799309,0.5964403748512268,0.48904097080230713,0.038023050874471664,1.0,1,0,0,0,0,0,0,,0,0,,-1,-1,nan,not_applicable,,,nan,0,0.0,0.0,0.0,0.0,0.0,0.5964403963810977,0.5964403748512268,2.1529870886105584e-08,0.0,0.0,0.0,0.0,0.0,0.0,0,0,disabled,0.0,1,PLAN_FAILED,ik_not_found,0,0.5195774979656562,0.5195774979656562,0,0,0,0,-1,nan,nan,,,160,0,0,0,0,1,0,96,0,0,"{'solver_error': 0, 'short_solution': 0, 'duplicate': 0, 'goal_error': 0, 'joint_limit': 0, 'workspace': 0, 'obstacle_clearance': 144, 'obstacle_contact': 17, 'self_collision': 0}",0.0007387294376302141,161,161,nan,nan,0.0,passthrough,0,0,1,0,0,0,0,0,0.0,0.0,0.0,0.0,1.0,0.31538024944972776,0,0,0,0,0.31538024944972776,0.0,passthrough,osqp optimal,0.0,0,0,12,,workspace_z_lower,,,0,0,1,solved,nan,0,,0.0,0,osqp,0.0,valid,0.31538024944972776,0.873214483873313,0|0|0|0|0|0,0.487151881|0.315380249|0.316023695|0.397999755|0.427019022|0.476535366,0.660812605|0.489040974|0.489684419|0.57166048|0.600679746|0.65019609,0.607151881|0.435380249|0.436023695|0.517999755|0.547019022|0.596535366,0|0|0|0|0|0,0|0|0|0|0|0,0|0|0|0|0|0,1.94860752|1.261521|1.26409478|1.59199902|1.70807609|1.90614146,optimal,0.17941799655015453,0.0,0.17941799655015453,0.428064942|-0.544867158|0.500515461,-0|0|-0,0.010325459996238351,0.002753344946540892,0.001269184984266758,0.0016426650108769536
11,0.6000000000000001,-0.9156478640973162,0.05104140564799309,0.5964403748512268,0.48904097080230713,0.038023050874471664,1.0,1,0,0,0,0,0,0,,0,0,,-1,-1,nan,not_applicable,,,nan,0,0.0,0.0,0.0,0.0,0.0,0.5964403963810977,0.5964403748512268,2.1529870886105584e-08,0.0,0.0,0.0,0.0,0.0,0.0,0,0,disabled,0.0,1,PLAN_FAILED,ik_not_found,0,0.5195774979656562,0.5195774979656562,0,0,0,0,-1,nan,nan,,,160,0,0,0,0,1,0,96,0,0,"{'solver_error': 0, 'short_solution': 0, 'duplicate': 0, 'goal_error': 0, 'joint_limit': 0, 'workspace': 0, 'obstacle_clearance': 144, 'obstacle_contact': 17, 'self_collision': 0}",0.0007387294376302141,161,161,nan,nan,0.0,passthrough,0,0,1,0,0,0,0,0,0.0,0.0,0.0,0.0,1.0,0.31538024944972776,0,0,0,0,0.31538024944972776,0.0,passthrough,osqp optimal,0.0,0,0,12,,workspace_z_lower,,,0,0,1,solved,nan,0,,0.0,0,osqp,0.0,valid,0.31538024944972776,0.873214483873313,0|0|0|0|0|0,0.487151881|0.315380249|0.316023695|0.397999755|0.427019022|0.476535366,0.660812605|0.489040974|0.489684419|0.57166048|0.600679746|0.65019609,0.607151881|0.435380249|0.436023695|0.517999755|0.547019022|0.596535366,0|0|0|0|0|0,0|0|0|0|0|0,0|0|0|0|0|0,1.94860752|1.261521|1.26409478|1.59199902|1.70807609|1.90614146,optimal,0.17941799655015453,0.0,0.17941799655015453,0.428064942|-0.544867158|0.500515461,-0|0|-0,0.009500645101070404,0.0024474039673805237,0.0013460740447044373,0.0016464139334857464
12,0.65,-0.9156478640973162,0.05104140564799309,0.5964403748512268,0.48904097080230713,0.038023050874471664,1.0,1,0,0,0,0,0,0,,0,0,,-1,-1,nan,not_applicable,,,nan,0,0.0,0.0,0.0,0.0,0.0,0.5964403963810977,0.5964403748512268,2.1529870886105584e-08,0.0,0.0,0.0,0.0,0.0,0.0,0,0,disabled,0.0,1,PLAN_FAILED,ik_not_found,0,0.5195774979656562,0.5195774979656562,0,0,0,0,-1,nan,nan,,,160,0,0,0,0,1,0,96,0,0,"{'solver_error': 0, 'short_solution': 0, 'duplicate': 0, 'goal_error': 0, 'joint_limit': 0, 'workspace': 0, 'obstacle_clearance': 144, 'obstacle_contact': 17, 'self_collision': 0}",0.0007387294376302141,161,161,nan,nan,0.0,passthrough,0,0,1,0,0,0,0,0,0.0,0.0,0.0,0.0,1.0,0.31538024944972776,0,0,0,0,0.31538024944972776,0.0,passthrough,osqp optimal,0.0,0,0,12,,workspace_z_lower,,,0,0,1,solved,nan,0,,0.0,0,osqp,0.0,valid,0.31538024944972776,0.873214483873313,0|0|0|0|0|0,0.487151881|0.315380249|0.316023695|0.397999755|0.427019022|0.476535366,0.660812605|0.489040974|0.489684419|0.57166048|0.600679746|0.65019609,0.607151881|0.435380249|0.436023695|0.517999755|0.547019022|0.596535366,0|0|0|0|0|0,0|0|0|0|0|0,0|0|0|0|0|0,1.94860752|1.261521|1.26409478|1.59199902|1.70807609|1.90614146,optimal,0.17941799655015453,0.0,0.17941799655015453,0.428064942|-0.544867158|0.500515461,-0|0|-0,0.013018967933021486,0.004117461969144642,0.001396229024976492,0.0015692448941990733
13,0.7000000000000001,-0.9156478640973162,0.05104140564799309,0.5964403748512268,0.48904097080230713,0.038023050874471664,1.0,1,0,0,0,0,0,0,,0,0,,-1,-1,nan,not_applicable,,,nan,0,0.0,0.0,0.0,0.0,0.0,0.5964403963810977,0.5964403748512268,2.1529870886105584e-08,0.0,0.0,0.0,0.0,0.0,0.0,0,0,disabled,0.0,1,PLAN_FAILED,ik_not_found,0,0.5195774979656562,0.5195774979656562,0,0,0,0,-1,nan,nan,,,160,0,0,0,0,1,0,96,0,0,"{'solver_error': 0, 'short_solution': 0, 'duplicate': 0, 'goal_error': 0, 'joint_limit': 0, 'workspace': 0, 'obstacle_clearance': 144, 'obstacle_contact': 17, 'self_collision': 0}",0.0007387294376302141,161,161,nan,nan,0.0,passthrough,0,0,1,0,0,0,0,0,0.0,0.0,0.0,0.0,1.0,0.31538024944972776,0,0,0,0,0.31538024944972776,0.0,passthrough,osqp optimal,0.0,0,0,12,,workspace_z_lower,,,0,0,1,solved,nan,0,,0.0,0,osqp,0.0,valid,0.31538024944972776,0.873214483873313,0|0|0|0|0|0,0.487151881|0.315380249|0.316023695|0.397999755|0.427019022|0.476535366,0.660812605|0.489040974|0.489684419|0.57166048|0.600679746|0.65019609,0.607151881|0.435380249|0.436023695|0.517999755|0.547019022|0.596535366,0|0|0|0|0|0,0|0|0|0|0|0,0|0|0|0|0|0,1.94860752|1.261521|1.26409478|1.59199902|1.70807609|1.90614146,optimal,0.17941799655015453,0.0,0.17941799655015453,0.428064942|-0.544867158|0.500515461,-0|0|-0,0.01024235796649009,0.0027755440678447485,0.0015912490198388696,0.0017936909571290016
14,0.75,-0.9156478640973162,0.05104140564799309,0.5964403748512268,0.48904097080230713,0.038023050874471664,1.0,1,0,0,0,0,0,0,,0,0,,-1,-1,nan,not_applicable,,,nan,0,0.0,0.0,0.0,0.0,0.0,0.5964403963810977,0.5964403748512268,2.1529870886105584e-08,0.0,0.0,0.0,0.0,0.0,0.0,0,0,disabled,0.0,1,PLAN_FAILED,ik_not_found,0,0.5195774979656562,0.5195774979656562,0,0,0,0,-1,nan,nan,,,160,0,0,0,0,1,0,96,0,0,"{'solver_error': 0, 'short_solution': 0, 'duplicate': 0, 'goal_error': 0, 'joint_limit': 0, 'workspace': 0, 'obstacle_clearance': 144, 'obstacle_contact': 17, 'self_collision': 0}",0.0007387294376302141,161,161,nan,nan,0.0,passthrough,0,0,1,0,0,0,0,0,0.0,0.0,0.0,0.0,1.0,0.31538024944972776,0,0,0,0,0.31538024944972776,0.0,passthrough,osqp optimal,0.0,0,0,12,,workspace_z_lower,,,0,0,1,solved,nan,0,,0.0,0,osqp,0.0,valid,0.31538024944972776,0.873214483873313,0|0|0|0|0|0,0.487151881|0.315380249|0.316023695|0.397999755|0.427019022|0.476535366,0.660812605|0.489040974|0.489684419|0.57166048|0.600679746|0.65019609,0.607151881|0.435380249|0.436023695|0.517999755|0.547019022|0.596535366,0|0|0|0|0|0,0|0|0|0|0|0,0|0|0|0|0|0,1.94860752|1.261521|1.26409478|1.59199902|1.70807609|1.90614146,optimal,0.17941799655015453,0.0,0.17941799655015453,0.428064942|-0.544867158|0.500515461,-0|0|-0,0.009542283019982278,0.002652602968737483,0.001258132979273796,0.001566351973451674
15,0.8,-0.9156478640973162,0.05104140564799309,0.5964403748512268,0.48904097080230713,0.038023050874471664,1.0,1,0,0,0,0,0,0,,0,0,,-1,-1,nan,not_applicable,,,nan,0,0.0,0.0,0.0,0.0,0.0,0.5964403963810977,0.5964403748512268,2.1529870886105584e-08,0.0,0.0,0.0,0.0,0.0,0.0,0,0,disabled,0.0,1,PLAN_FAILED,ik_not_found,0,0.5195774979656562,0.5195774979656562,0,0,0,0,-1,nan,nan,,,160,0,0,0,0,1,0,96,0,0,"{'solver_error': 0, 'short_solution': 0, 'duplicate': 0, 'goal_error': 0, 'joint_limit': 0, 'workspace': 0, 'obstacle_clearance': 144, 'obstacle_contact': 17, 'self_collision': 0}",0.0007387294376302141,161,161,nan,nan,0.0,passthrough,0,0,1,0,0,0,0,0,0.0,0.0,0.0,0.0,1.0,0.31538024944972776,0,0,0,0,0.31538024944972776,0.0,passthrough,osqp optimal,0.0,0,0,12,,workspace_z_lower,,,0,0,1,solved,nan,0,,0.0,0,osqp,0.0,valid,0.31538024944972776,0.873214483873313,0|0|0|0|0|0,0.487151881|0.315380249|0.316023695|0.397999755|0.427019022|0.476535366,0.660812605|0.489040974|0.489684419|0.57166048|0.600679746|0.65019609,0.607151881|0.435380249|0.436023695|0.517999755|0.547019022|0.596535366,0|0|0|0|0|0,0|0|0|0|0|0,0|0|0|0|0|0,1.94860752|1.261521|1.26409478|1.59199902|1.70807609|1.90614146,optimal,0.17941799655015453,0.0,0.17941799655015453,0.428064942|-0.544867158|0.500515461,-0|0|-0,0.009891433059237897,0.0024344989797100425,0.0016207699663937092,0.0018207080429419875
16,0.8500000000000001,-0.9156478640973162,0.05104140564799309,0.5964403748512268,0.48904097080230713,0.038023050874471664,1.0,1,0,0,0,0,0,0,,0,0,,-1,-1,nan,not_applicable,,,nan,0,0.0,0.0,0.0,0.0,0.0,0.5964403963810977,0.5964403748512268,2.1529870886105584e-08,0.0,0.0,0.0,0.0,0.0,0.0,0,0,disabled,0.0,1,PLAN_FAILED,ik_not_found,0,0.5195774979656562,0.5195774979656562,0,0,0,0,-1,nan,nan,,,160,0,0,0,0,1,0,96,0,0,"{'solver_error': 0, 'short_solution': 0, 'duplicate': 0, 'goal_error': 0, 'joint_limit': 0, 'workspace': 0, 'obstacle_clearance': 144, 'obstacle_contact': 17, 'self_collision': 0}",0.0007387294376302141,161,161,nan,nan,0.0,passthrough,0,0,1,0,0,0,0,0,0.0,0.0,0.0,0.0,1.0,0.31538024944972776,0,0,0,0,0.31538024944972776,0.0,passthrough,osqp optimal,0.0,0,0,12,,workspace_z_lower,,,0,0,1,solved,nan,0,,0.0,0,osqp,0.0,valid,0.31538024944972776,0.873214483873313,0|0|0|0|0|0,0.487151881|0.315380249|0.316023695|0.397999755|0.427019022|0.476535366,0.660812605|0.489040974|0.489684419|0.57166048|0.600679746|0.65019609,0.607151881|0.435380249|0.436023695|0.517999755|0.547019022|0.596535366,0|0|0|0|0|0,0|0|0|0|0|0,0|0|0|0|0|0,1.94860752|1.261521|1.26409478|1.59199902|1.70807609|1.90614146,optimal,0.17941799655015453,0.0,0.17941799655015453,0.428064942|-0.544867158|0.500515461,-0|0|-0,0.010669062030501664,0.0029181899735704064,0.0014314580475911498,0.001702109002508223
17,0.9,-0.9156478640973162,0.05104140564799309,0.5964403748512268,0.48904097080230713,0.038023050874471664,1.0,1,0,0,0,0,0,0,,0,0,,-1,-1,nan,not_applicable,,,nan,0,0.0,0.0,0.0,0.0,0.0,0.5964403963810977,0.5964403748512268,2.1529870886105584e-08,0.0,0.0,0.0,0.0,0.0,0.0,0,0,disabled,0.0,1,PLAN_FAILED,ik_not_found,0,0.5195774979656562,0.5195774979656562,0,0,0,0,-1,nan,nan,,,160,0,0,0,0,1,0,96,0,0,"{'solver_error': 0, 'short_solution': 0, 'duplicate': 0, 'goal_error': 0, 'joint_limit': 0, 'workspace': 0, 'obstacle_clearance': 144, 'obstacle_contact': 17, 'self_collision': 0}",0.0007387294376302141,161,161,nan,nan,0.0,passthrough,0,0,1,0,0,0,0,0,0.0,0.0,0.0,0.0,1.0,0.31538024944972776,0,0,0,0,0.31538024944972776,0.0,passthrough,osqp optimal,0.0,0,0,12,,workspace_z_lower,,,0,0,1,solved,nan,0,,0.0,0,osqp,0.0,valid,0.31538024944972776,0.873214483873313,0|0|0|0|0|0,0.487151881|0.315380249|0.316023695|0.397999755|0.427019022|0.476535366,0.660812605|0.489040974|0.489684419|0.57166048|0.600679746|0.65019609,0.607151881|0.435380249|0.436023695|0.517999755|0.547019022|0.596535366,0|0|0|0|0|0,0|0|0|0|0|0,0|0|0|0|0|0,1.94860752|1.261521|1.26409478|1.59199902|1.70807609|1.90614146,optimal,0.17941799655015453,0.0,0.17941799655015453,0.428064942|-0.544867158|0.500515461,-0|0|-0,0.009970491984859109,0.0025879949098452926,0.0013323180610314012,0.0016570010920986533
18,0.9500000000000001,-0.9156478640973162,0.05104140564799309,0.5964403748512268,0.48904097080230713,0.038023050874471664,1.0,1,0,0,0,0,0,0,,0,0,,-1,-1,nan,not_applicable,,,nan,0,0.0,0.0,0.0,0.0,0.0,0.5964403963810977,0.5964403748512268,2.1529870886105584e-08,0.0,0.0,0.0,0.0,0.0,0.0,0,0,disabled,0.0,1,PLAN_FAILED,ik_not_found,0,0.5195774979656562,0.5195774979656562,0,0,0,0,-1,nan,nan,,,160,0,0,0,0,1,0,96,0,0,"{'solver_error': 0, 'short_solution': 0, 'duplicate': 0, 'goal_error': 0, 'joint_limit': 0, 'workspace': 0, 'obstacle_clearance': 144, 'obstacle_contact': 17, 'self_collision': 0}",0.0007387294376302141,161,161,nan,nan,0.0,passthrough,0,0,1,0,0,0,0,0,0.0,0.0,0.0,0.0,1.0,0.31538024944972776,0,0,0,0,0.31538024944972776,0.0,passthrough,osqp optimal,0.0,0,0,12,,workspace_z_lower,,,0,0,1,solved,nan,0,,0.0,0,osqp,0.0,valid,0.31538024944972776,0.873214483873313,0|0|0|0|0|0,0.487151881|0.315380249|0.316023695|0.397999755|0.427019022|0.476535366,0.660812605|0.489040974|0.489684419|0.57166048|0.600679746|0.65019609,0.607151881|0.435380249|0.436023695|0.517999755|0.547019022|0.596535366,0|0|0|0|0|0,0|0|0|0|0|0,0|0|0|0|0|0,1.94860752|1.261521|1.26409478|1.59199902|1.70807609|1.90614146,optimal,0.17941799655015453,0.0,0.17941799655015453,0.428064942|-0.544867158|0.500515461,-0|0|-0,0.009976301924325526,0.002610214985907078,0.001351960003376007,0.0015945950290188193
19,1.0,-0.9156478640973162,0.05104140564799309,0.5964403748512268,0.48904097080230713,0.038023050874471664,1.0,1,0,0,0,0,0,0,,0,0,,-1,-1,nan,not_applicable,,,nan,0,0.0,0.0,0.0,0.0,0.0,0.5964403963810977,0.5964403748512268,2.1529870886105584e-08,0.0,0.0,0.0,0.0,0.0,0.0,0,0,disabled,0.0,1,PLAN_FAILED,ik_not_found,0,0.5195774979656562,0.5195774979656562,0,0,0,0,-1,nan,nan,,,160,0,0,0,0,1,0,96,0,0,"{'solver_error': 0, 'short_solution': 0, 'duplicate': 0, 'goal_error': 0, 'joint_limit': 0, 'workspace': 0, 'obstacle_clearance': 144, 'obstacle_contact': 17, 'self_collision': 0}",0.0007387294376302141,161,161,nan,nan,0.0,passthrough,0,0,1,0,0,0,0,0,0.0,0.0,0.0,0.0,1.0,0.31538024944972776,0,0,0,0,0.31538024944972776,0.0,passthrough,osqp optimal,0.0,0,0,12,,workspace_z_lower,,,0,0,1,solved,nan,0,,0.0,0,osqp,0.0,valid,0.31538024944972776,0.873214483873313,0|0|0|0|0|0,0.487151881|0.315380249|0.316023695|0.397999755|0.427019022|0.476535366,0.660812605|0.489040974|0.489684419|0.57166048|0.600679746|0.65019609,0.607151881|0.435380249|0.436023695|0.517999755|0.547019022|0.596535366,0|0|0|0|0|0,0|0|0|0|0|0,0|0|0|0|0|0,1.94860752|1.261521|1.26409478|1.59199902|1.70807609|1.90614146,optimal,0.17941799655015453,0.0,0.17941799655015453,0.428064942|-0.544867158|0.500515461,-0|0|-0,0.009289192035794258,0.002405646024271846,0.0012815750669687986,0.001603167038410902
20,1.05,-0.9156478640973162,0.05104140564799309,0.5964403748512268,0.48904097080230713,0.038023050874471664,1.0,1,0,0,0,0,0,0,,0,0,,-1,-1,nan,not_applicable,,,nan,0,0.0,0.0,0.0,0.0,0.0,0.5964403963810977,0.5964403748512268,2.1529870886105584e-08,0.0,0.0,0.0,0.0,0.0,0.0,0,0,disabled,0.0,1,PLAN_FAILED,ik_not_found,0,0.19104238704312593,0.7106198850087821,0,0,0,0,-1,nan,nan,,,224,0,0,0,0,1,0,96,0,0,"{'solver_error': 0, 'short_solution': 0, 'duplicate': 0, 'goal_error': 0, 'joint_limit': 0, 'workspace': 0, 'obstacle_clearance': 188, 'obstacle_contact': 38, 'self_collision': 0}",0.00010473517295679897,226,226,nan,nan,0.0,passthrough,0,0,2,0,0,0,0,0,0.0,0.0,0.0,0.0,1.0,0.31538024944972776,0,0,0,0,0.31538024944972776,0.0,passthrough,osqp optimal,0.0,0,0,12,,workspace_z_lower,,,0,0,1,solved,nan,0,,0.0,0,osqp,0.0,valid,0.31538024944972776,0.873214483873313,0|0|0|0|0|0,0.487151881|0.315380249|0.316023695|0.397999755|0.427019022|0.476535366,0.660812605|0.489040974|0.489684419|0.57166048|0.600679746|0.65019609,0.607151881|0.435380249|0.436023695|0.517999755|0.547019022|0.596535366,0|0|0|0|0|0,0|0|0|0|0|0,0|0|0|0|0|0,1.94860752|1.261521|1.26409478|1.59199902|1.70807609|1.90614146,optimal,0.17941799655015453,0.0,0.17941799655015453,0.428064942|-0.544867158|0.500515461,-0|0|-0,0.20372963708359748,0.0026934570632874966,0.00215417193248868,0.0016086760442703962
21,1.1,-0.9156478640973162,0.05104140564799309,0.5964403748512268,0.48904097080230713,0.038023050874471664,1.0,1,0,0,0,0,0,0,,0,0,,-1,-1,nan,not_applicable,,,nan,0,0.0,0.0,0.0,0.0,0.0,0.5964403963810977,0.5964403748512268,2.1529870886105584e-08,0.0,0.0,0.0,0.0,0.0,0.0,0,0,disabled,0.0,1,PLAN_FAILED,ik_not_found,0,0.19104238704312593,0.7106198850087821,0,0,0,0,-1,nan,nan,,,224,0,0,0,0,1,0,96,0,0,"{'solver_error': 0, 'short_solution': 0, 'duplicate': 0, 'goal_error': 0, 'joint_limit': 0, 'workspace': 0, 'obstacle_clearance': 188, 'obstacle_contact': 38, 'self_collision': 0}",0.00010473517295679897,226,226,nan,nan,0.0,passthrough,0,0,2,0,0,0,0,0,0.0,0.0,0.0,0.0,1.0,0.31538024944972776,0,0,0,0,0.31538024944972776,0.0,passthrough,osqp optimal,0.0,0,0,12,,workspace_z_lower,,,0,0,1,solved,nan,0,,0.0,0,osqp,0.0,valid,0.31538024944972776,0.873214483873313,0|0|0|0|0|0,0.487151881|0.315380249|0.316023695|0.397999755|0.427019022|0.476535366,0.660812605|0.489040974|0.489684419|0.57166048|0.600679746|0.65019609,0.607151881|0.435380249|0.436023695|0.517999755|0.547019022|0.596535366,0|0|0|0|0|0,0|0|0|0|0|0,0|0|0|0|0|0,1.94860752|1.261521|1.26409478|1.59199902|1.70807609|1.90614146,optimal,0.17941799655015453,0.0,0.17941799655015453,0.428064942|-0.544867158|0.500515461,-0|0|-0,0.010078071034513414,0.00273349997587502,0.001215033931657672,0.0016666040755808353
22,1.1500000000000001,-0.9156478640973162,0.05104140564799309,0.5964403748512268,0.48904097080230713,0.038023050874471664,1.0,1,0,0,0,0,0,0,,0,0,,-1,-1,nan,not_applicable,,,nan,0,0.0,0.0,0.0,0.0,0.0,0.5964403963810977,0.5964403748512268,2.1529870886105584e-08,0.0,0.0,0.0,0.0,0.0,0.0,0,0,disabled,0.0,1,PLAN_FAILED,ik_not_found,0,0.19104238704312593,0.7106198850087821,0,0,0,0,-1,nan,nan,,,224,0,0,0,0,1,0,96,0,0,"{'solver_error': 0, 'short_solution': 0, 'duplicate': 0, 'goal_error': 0, 'joint_limit': 0, 'workspace': 0, 'obstacle_clearance': 188, 'obstacle_contact': 38, 'self_collision': 0}",0.00010473517295679897,226,226,nan,nan,0.0,passthrough,0,0,2,0,0,0,0,0,0.0,0.0,0.0,0.0,1.0,0.31538024944972776,0,0,0,0,0.31538024944972776,0.0,passthrough,osqp optimal,0.0,0,0,12,,workspace_z_lower,,,0,0,1,solved,nan,0,,0.0,0,osqp,0.0,valid,0.31538024944972776,0.873214483873313,0|0|0|0|0|0,0.487151881|0.315380249|0.316023695|0.397999755|0.427019022|0.476535366,0.660812605|0.489040974|0.489684419|0.57166048|0.600679746|0.65019609,0.607151881|0.435380249|0.436023695|0.517999755|0.547019022|0.596535366,0|0|0|0|0|0,0|0|0|0|0|0,0|0|0|0|0|0,1.94860752|1.261521|1.26409478|1.59199902|1.70807609|1.90614146,optimal,0.17941799655015453,0.0,0.17941799655015453,0.428064942|-0.544867158|0.500515461,-0|0|-0,0.016284041106700897,0.004460210911929607,0.0022097969194874167,0.002434366033412516
23,1.2000000000000002,-0.9156478640973162,0.05104140564799309,0.5964403748512268,0.48904097080230713,0.038023050874471664,1.0,1,0,0,0,0,0,0,,0,0,,-1,-1,nan,not_applicable,,,nan,0,0.0,0.0,0.0,0.0,0.0,0.5964403963810977,0.5964403748512268,2.1529870886105584e-08,0.0,0.0,0.0,0.0,0.0,0.0,0,0,disabled,0.0,1,PLAN_FAILED,ik_not_found,0,0.19104238704312593,0.7106198850087821,0,0,0,0,-1,nan,nan,,,224,0,0,0,0,1,0,96,0,0,"{'solver_error': 0, 'short_solution': 0, 'duplicate': 0, 'goal_error': 0, 'joint_limit': 0, 'workspace': 0, 'obstacle_clearance': 188, 'obstacle_contact': 38, 'self_collision': 0}",0.00010473517295679897,226,226,nan,nan,0.0,passthrough,0,0,2,0,0,0,0,0,0.0,0.0,0.0,0.0,1.0,0.31538024944972776,0,0,0,0,0.31538024944972776,0.0,passthrough,osqp optimal,0.0,0,0,12,,workspace_z_lower,,,0,0,1,solved,nan,0,,0.0,0,osqp,0.0,valid,0.31538024944972776,0.873214483873313,0|0|0|0|0|0,0.487151881|0.315380249|0.316023695|0.397999755|0.427019022|0.476535366,0.660812605|0.489040974|0.489684419|0.57166048|0.600679746|0.65019609,0.607151881|0.435380249|0.436023695|0.517999755|0.547019022|0.596535366,0|0|0|0|0|0,0|0|0|0|0|0,0|0|0|0|0|0,1.94860752|1.261521|1.26409478|1.59199902|1.70807609|1.90614146,optimal,0.17941799655015453,0.0,0.17941799655015453,0.428064942|-0.544867158|0.500515461,-0|0|-0,0.0161146919708699,0.004426053958013654,0.002199509064666927,0.002426480990834534
24,1.25,-0.9156478640973162,0.05104140564799309,0.5964403748512268,0.48904097080230713,0.038023050874471664,1.0,1,0,0,0,0,0,0,,0,0,,-1,-1,nan,not_applicable,,,nan,0,0.0,0.0,0.0,0.0,0.0,0.5964403963810977,0.5964403748512268,2.1529870886105584e-08,0.0,0.0,0.0,0.0,0.0,0.0,0,0,disabled,0.0,1,PLAN_FAILED,ik_not_found,0,0.19104238704312593,0.7106198850087821,0,0,0,0,-1,nan,nan,,,224,0,0,0,0,1,0,96,0,0,"{'solver_error': 0, 'short_solution': 0, 'duplicate': 0, 'goal_error': 0, 'joint_limit': 0, 'workspace': 0, 'obstacle_clearance': 188, 'obstacle_contact': 38, 'self_collision': 0}",0.00010473517295679897,226,226,nan,nan,0.0,passthrough,0,0,2,0,0,0,0,0,0.0,0.0,0.0,0.0,1.0,0.31538024944972776,0,0,0,0,0.31538024944972776,0.0,passthrough,osqp optimal,0.0,0,0,12,,workspace_z_lower,,,0,0,1,solved,nan,0,,0.0,0,osqp,0.0,valid,0.31538024944972776,0.873214483873313,0|0|0|0|0|0,0.487151881|0.315380249|0.316023695|0.397999755|0.427019022|0.476535366,0.660812605|0.489040974|0.489684419|0.57166048|0.600679746|0.65019609,0.607151881|0.435380249|0.436023695|0.517999755|0.547019022|0.596535366,0|0|0|0|0|0,0|0|0|0|0|0,0|0|0|0|0|0,1.94860752|1.261521|1.26409478|1.59199902|1.70807609|1.90614146,optimal,0.17941799655015453,0.0,0.17941799655015453,0.428064942|-0.544867158|0.500515461,-0|0|-0,0.016270920052193105,0.004420354031026363,0.0022342349402606487,0.002389380941167474
25,1.3,-0.9156478640973162,0.05104140564799309,0.5964403748512268,0.48904097080230713,0.038023050874471664,1.0,1,0,0,0,0,0,0,,0,0,,-1,-1,nan,not_applicable,,,nan,0,0.0,0.0,0.0,0.0,0.0,0.5964403963810977,0.5964403748512268,2.1529870886105584e-08,0.0,0.0,0.0,0.0,0.0,0.0,0,0,disabled,0.0,1,PLAN_FAILED,ik_not_found,0,0.19104238704312593,0.7106198850087821,0,0,0,0,-1,nan,nan,,,224,0,0,0,0,1,0,96,0,0,"{'solver_error': 0, 'short_solution': 0, 'duplicate': 0, 'goal_error': 0, 'joint_limit': 0, 'workspace': 0, 'obstacle_clearance': 188, 'obstacle_contact': 38, 'self_collision': 0}",0.00010473517295679897,226,226,nan,nan,0.0,passthrough,0,0,2,0,0,0,0,0,0.0,0.0,0.0,0.0,1.0,0.31538024944972776,0,0,0,0,0.31538024944972776,0.0,passthrough,osqp optimal,0.0,0,0,12,,workspace_z_lower,,,0,0,1,solved,nan,0,,0.0,0,osqp,0.0,valid,0.31538024944972776,0.873214483873313,0|0|0|0|0|0,0.487151881|0.315380249|0.316023695|0.397999755|0.427019022|0.476535366,0.660812605|0.489040974|0.489684419|0.57166048|0.600679746|0.65019609,0.607151881|0.435380249|0.436023695|0.517999755|0.547019022|0.596535366,0|0|0|0|0|0,0|0|0|0|0|0,0|0|0|0|0|0,1.94860752|1.261521|1.26409478|1.59199902|1.70807609|1.90614146,optimal,0.17941799655015453,0.0,0.17941799655015453,0.428064942|-0.544867158|0.500515461,-0|0|-0,0.013315686956048012,0.004448401974514127,0.0013451429549604654,0.0017821210203692317
26,1.35,-0.9156478640973162,0.05104140564799309,0.5964403748512268,0.48904097080230713,0.038023050874471664,1.0,1,0,0,0,0,0,0,,0,0,,-1,-1,nan,not_applicable,,,nan,0,0.0,0.0,0.0,0.0,0.0,0.5964403963810977,0.5964403748512268,2.1529870886105584e-08,0.0,0.0,0.0,0.0,0.0,0.0,0,0,disabled,0.0,1,PLAN_FAILED,ik_not_found,0,0.19104238704312593,0.7106198850087821,0,0,0,0,-1,nan,nan,,,224,0,0,0,0,1,0,96,0,0,"{'solver_error': 0, 'short_solution': 0, 'duplicate': 0, 'goal_error': 0, 'joint_limit': 0, 'workspace': 0, 'obstacle_clearance': 188, 'obstacle_contact': 38, 'self_collision': 0}",0.00010473517295679897,226,226,nan,nan,0.0,passthrough,0,0,2,0,0,0,0,0,0.0,0.0,0.0,0.0,1.0,0.31538024944972776,0,0,0,0,0.31538024944972776,0.0,passthrough,osqp optimal,0.0,0,0,12,,workspace_z_lower,,,0,0,1,solved,nan,0,,0.0,0,osqp,0.0,valid,0.31538024944972776,0.873214483873313,0|0|0|0|0|0,0.487151881|0.315380249|0.316023695|0.397999755|0.427019022|0.476535366,0.660812605|0.489040974|0.489684419|0.57166048|0.600679746|0.65019609,0.607151881|0.435380249|0.436023695|0.517999755|0.547019022|0.596535366,0|0|0|0|0|0,0|0|0|0|0|0,0|0|0|0|0|0,1.94860752|1.261521|1.26409478|1.59199902|1.70807609|1.90614146,optimal,0.17941799655015453,0.0,0.17941799655015453,0.428064942|-0.544867158|0.500515461,-0|0|-0,0.014661230961792171,0.0036783700343221426,0.002046218956820667,0.002413505921140313
27,1.4000000000000001,-0.9156478640973162,0.05104140564799309,0.5964403748512268,0.48904097080230713,0.038023050874471664,1.0,1,0,0,0,0,0,0,,0,0,,-1,-1,nan,not_applicable,,,nan,0,0.0,0.0,0.0,0.0,0.0,0.5964403963810977,0.5964403748512268,2.1529870886105584e-08,0.0,0.0,0.0,0.0,0.0,0.0,0,0,disabled,0.0,1,PLAN_FAILED,ik_not_found,0,0.19104238704312593,0.7106198850087821,0,0,0,0,-1,nan,nan,,,224,0,0,0,0,1,0,96,0,0,"{'solver_error': 0, 'short_solution': 0, 'duplicate': 0, 'goal_error': 0, 'joint_limit': 0, 'workspace': 0, 'obstacle_clearance': 188, 'obstacle_contact': 38, 'self_collision': 0}",0.00010473517295679897,226,226,nan,nan,0.0,passthrough,0,0,2,0,0,0,0,0,0.0,0.0,0.0,0.0,1.0,0.31538024944972776,0,0,0,0,0.31538024944972776,0.0,passthrough,osqp optimal,0.0,0,0,12,,workspace_z_lower,,,0,0,1,solved,nan,0,,0.0,0,osqp,0.0,valid,0.31538024944972776,0.873214483873313,0|0|0|0|0|0,0.487151881|0.315380249|0.316023695|0.397999755|0.427019022|0.476535366,0.660812605|0.489040974|0.489684419|0.57166048|0.600679746|0.65019609,0.607151881|0.435380249|0.436023695|0.517999755|0.547019022|0.596535366,0|0|0|0|0|0,0|0|0|0|0|0,0|0|0|0|0|0,1.94860752|1.261521|1.26409478|1.59199902|1.70807609|1.90614146,optimal,0.17941799655015453,0.0,0.17941799655015453,0.428064942|-0.544867158|0.500515461,-0|0|-0,0.016987843089736998,0.004714609938673675,0.002219086978584528,0.002703097998164594
28,1.4500000000000002,-0.9156478640973162,0.05104140564799309,0.5964403748512268,0.48904097080230713,0.038023050874471664,1.0,1,0,0,0,0,0,0,,0,0,,-1,-1,nan,not_applicable,,,nan,0,0.0,0.0,0.0,0.0,0.0,0.5964403963810977,0.5964403748512268,2.1529870886105584e-08,0.0,0.0,0.0,0.0,0.0,0.0,0,0,disabled,0.0,1,PLAN_FAILED,ik_not_found,0,0.19104238704312593,0.7106198850087821,0,0,0,0,-1,nan,nan,,,224,0,0,0,0,1,0,96,0,0,"{'solver_error': 0, 'short_solution': 0, 'duplicate': 0, 'goal_error': 0, 'joint_limit': 0, 'workspace': 0, 'obstacle_clearance': 188, 'obstacle_contact': 38, 'self_collision': 0}",0.00010473517295679897,226,226,nan,nan,0.0,passthrough,0,0,2,0,0,0,0,0,0.0,0.0,0.0,0.0,1.0,0.31538024944972776,0,0,0,0,0.31538024944972776,0.0,passthrough,osqp optimal,0.0,0,0,12,,workspace_z_lower,,,0,0,1,solved,nan,0,,0.0,0,osqp,0.0,valid,0.31538024944972776,0.873214483873313,0|0|0|0|0|0,0.487151881|0.315380249|0.316023695|0.397999755|0.427019022|0.476535366,0.660812605|0.489040974|0.489684419|0.57166048|0.600679746|0.65019609,0.607151881|0.435380249|0.436023695|0.517999755|0.547019022|0.596535366,0|0|0|0|0|0,0|0|0|0|0|0,0|0|0|0|0|0,1.94860752|1.261521|1.26409478|1.59199902|1.70807609|1.90614146,optimal,0.17941799655015453,0.0,0.17941799655015453,0.428064942|-0.544867158|0.500515461,-0|0|-0,0.01688169001135975,0.00466598104685545,0.002275031991302967,0.0025647440925240517
29,1.5,-0.9156478640973162,0.05104140564799309,0.5964403748512268,0.48904097080230713,0.038023050874471664,1.0,1,0,0,0,0,0,0,,0,0,,-1,-1,nan,not_applicable,,,nan,0,0.0,0.0,0.0,0.0,0.0,0.5964403963810977,0.5964403748512268,2.1529870886105584e-08,0.0,0.0,0.0,0.0,0.0,0.0,0,0,disabled,0.0,1,PLAN_FAILED,ik_not_found,0,0.19104238704312593,0.7106198850087821,0,0,0,0,-1,nan,nan,,,224,0,0,0,0,1,0,96,0,0,"{'solver_error': 0, 'short_solution': 0, 'duplicate': 0, 'goal_error': 0, 'joint_limit': 0, 'workspace': 0, 'obstacle_clearance': 188, 'obstacle_contact': 38, 'self_collision': 0}",0.00010473517295679897,226,226,nan,nan,0.0,passthrough,0,0,2,0,0,0,0,0,0.0,0.0,0.0,0.0,1.0,0.31538024944972776,0,0,0,0,0.31538024944972776,0.0,passthrough,osqp optimal,0.0,0,0,12,,workspace_z_lower,,,0,0,1,solved,nan,0,,0.0,0,osqp,0.0,valid,0.31538024944972776,0.873214483873313,0|0|0|0|0|0,0.487151881|0.315380249|0.316023695|0.397999755|0.427019022|0.476535366,0.660812605|0.489040974|0.489684419|0.57166048|0.600679746|0.65019609,0.607151881|0.435380249|0.436023695|0.517999755|0.547019022|0.596535366,0|0|0|0|0|0,0|0|0|0|0|0,0|0|0|0|0|0,1.94860752|1.261521|1.26409478|1.59199902|1.70807609|1.90614146,optimal,0.17941799655015453,0.0,0.17941799655015453,0.428064942|-0.544867158|0.500515461,-0|0|-0,0.01641020900569856,0.0045151240192353725,0.0021995699498802423,0.0024652049178257585
30,1.55,-0.9156478640973162,0.05104140564799309,0.5964403748512268,0.48904097080230713,0.038023050874471664,1.0,1,0,0,0,0,0,0,,0,0,,-1,-1,nan,not_applicable,,,nan,0,0.0,0.0,0.0,0.0,0.0,0.5964403963810977,0.5964403748512268,2.1529870886105584e-08,0.0,0.0,0.0,0.0,0.0,0.0,0,0,disabled,0.0,1,PLAN_FAILED,ik_not_found,0,0.19104238704312593,0.7106198850087821,0,0,0,0,-1,nan,nan,,,224,0,0,0,0,1,0,96,0,0,"{'solver_error': 0, 'short_solution': 0, 'duplicate': 0, 'goal_error': 0, 'joint_limit': 0, 'workspace': 0, 'obstacle_clearance': 188, 'obstacle_contact': 38, 'self_collision': 0}",0.00010473517295679897,226,226,nan,nan,0.0,passthrough,0,0,2,0,0,0,0,0,0.0,0.0,0.0,0.0,1.0,0.31538024944972776,0,0,0,0,0.31538024944972776,0.0,passthrough,osqp optimal,0.0,0,0,12,,workspace_z_lower,,,0,0,1,solved,nan,0,,0.0,0,osqp,0.0,valid,0.31538024944972776,0.873214483873313,0|0|0|0|0|0,0.487151881|0.315380249|0.316023695|0.397999755|0.427019022|0.476535366,0.660812605|0.489040974|0.489684419|0.57166048|0.600679746|0.65019609,0.607151881|0.435380249|0.436023695|0.517999755|0.547019022|0.596535366,0|0|0|0|0|0,0|0|0|0|0|0,0|0|0|0|0|0,1.94860752|1.261521|1.26409478|1.59199902|1.70807609|1.90614146,optimal,0.17941799655015453,0.0,0.17941799655015453,0.428064942|-0.544867158|0.500515461,-0|0|-0,0.011895176023244858,0.003149442025460303,0.0014974649529904127,0.002421792014501989
31,1.6,-0.9156478640973162,0.05104140564799309,0.5964403748512268,0.48904097080230713,0.038023050874471664,1.0,1,0,0,0,0,0,0,,0,0,,-1,-1,nan,not_applicable,,,nan,0,0.0,0.0,0.0,0.0,0.0,0.5964403963810977,0.5964403748512268,2.1529870886105584e-08,0.0,0.0,0.0,0.0,0.0,0.0,0,0,disabled,0.0,1,PLAN_FAILED,ik_not_found,0,0.19104238704312593,0.7106198850087821,0,0,0,0,-1,nan,nan,,,224,0,0,0,0,1,0,96,0,0,"{'solver_error': 0, 'short_solution': 0, 'duplicate': 0, 'goal_error': 0, 'joint_limit': 0, 'workspace': 0, 'obstacle_clearance': 188, 'obstacle_contact': 38, 'self_collision': 0}",0.00010473517295679897,226,226,nan,nan,0.0,passthrough,0,0,2,0,0,0,0,0,0.0,0.0,0.0,0.0,1.0,0.31538024944972776,0,0,0,0,0.31538024944972776,0.0,passthrough,osqp optimal,0.0,0,0,12,,workspace_z_lower,,,0,0,1,solved,nan,0,,0.0,0,osqp,0.0,valid,0.31538024944972776,0.873214483873313,0|0|0|0|0|0,0.487151881|0.315380249|0.316023695|0.397999755|0.427019022|0.476535366,0.660812605|0.489040974|0.489684419|0.57166048|0.600679746|0.65019609,0.607151881|0.435380249|0.436023695|0.517999755|0.547019022|0.596535366,0|0|0|0|0|0,0|0|0|0|0|0,0|0|0|0|0|0,1.94860752|1.261521|1.26409478|1.59199902|1.70807609|1.90614146,optimal,0.17941799655015453,0.0,0.17941799655015453,0.428064942|-0.544867158|0.500515461,-0|0|-0,0.01027275191154331,0.0025389809161424637,0.0013656869996339083,0.001672809012234211
32,1.6500000000000001,-0.9156478640973162,0.05104140564799309,0.5964403748512268,0.48904097080230713,0.038023050874471664,1.0,1,0,0,0,0,0,0,,0,0,,-1,-1,nan,not_applicable,,,nan,0,0.0,0.0,0.0,0.0,0.0,0.5964403963810977,0.5964403748512268,2.1529870886105584e-08,0.0,0.0,0.0,0.0,0.0,0.0,0,0,disabled,0.0,1,PLAN_FAILED,ik_not_found,0,0.19104238704312593,0.7106198850087821,0,0,0,0,-1,nan,nan,,,224,0,0,0,0,1,0,96,0,0,"{'solver_error': 0, 'short_solution': 0, 'duplicate': 0, 'goal_error': 0, 'joint_limit': 0, 'workspace': 0, 'obstacle_clearance': 188, 'obstacle_contact': 38, 'self_collision': 0}",0.00010473517295679897,226,226,nan,nan,0.0,passthrough,0,0,2,0,0,0,0,0,0.0,0.0,0.0,0.0,1.0,0.31538024944972776,0,0,0,0,0.31538024944972776,0.0,passthrough,osqp optimal,0.0,0,0,12,,workspace_z_lower,,,0,0,1,solved,nan,0,,0.0,0,osqp,0.0,valid,0.31538024944972776,0.873214483873313,0|0|0|0|0|0,0.487151881|0.315380249|0.316023695|0.397999755|0.427019022|0.476535366,0.660812605|0.489040974|0.489684419|0.57166048|0.600679746|0.65019609,0.607151881|0.435380249|0.436023695|0.517999755|0.547019022|0.596535366,0|0|0|0|0|0,0|0|0|0|0|0,0|0|0|0|0|0,1.94860752|1.261521|1.26409478|1.59199902|1.70807609|1.90614146,optimal,0.17941799655015453,0.0,0.17941799655015453,0.428064942|-0.544867158|0.500515461,-0|0|-0,0.016352500999346375,0.004298913991078734,0.002230930025689304,0.0025724859442561865
33,1.7000000000000002,-0.9156478640973162,0.05104140564799309,0.5964403748512268,0.48904097080230713,0.038023050874471664,1.0,1,0,0,0,0,0,0,,0,0,,-1,-1,nan,not_applicable,,,nan,0,0.0,0.0,0.0,0.0,0.0,0.5964403963810977,0.5964403748512268,2.1529870886105584e-08,0.0,0.0,0.0,0.0,0.0,0.0,0,0,disabled,0.0,1,PLAN_FAILED,ik_not_found,0,0.19104238704312593,0.7106198850087821,0,0,0,0,-1,nan,nan,,,224,0,0,0,0,1,0,96,0,0,"{'solver_error': 0, 'short_solution': 0, 'duplicate': 0, 'goal_error': 0, 'joint_limit': 0, 'workspace': 0, 'obstacle_clearance': 188, 'obstacle_contact': 38, 'self_collision': 0}",0.00010473517295679897,226,226,nan,nan,0.0,passthrough,0,0,2,0,0,0,0,0,0.0,0.0,0.0,0.0,1.0,0.31538024944972776,0,0,0,0,0.31538024944972776,0.0,passthrough,osqp optimal,0.0,0,0,12,,workspace_z_lower,,,0,0,1,solved,nan,0,,0.0,0,osqp,0.0,valid,0.31538024944972776,0.873214483873313,0|0|0|0|0|0,0.487151881|0.315380249|0.316023695|0.397999755|0.427019022|0.476535366,0.660812605|0.489040974|0.489684419|0.57166048|0.600679746|0.65019609,0.607151881|0.435380249|0.436023695|0.517999755|0.547019022|0.596535366,0|0|0|0|0|0,0|0|0|0|0|0,0|0|0|0|0|0,1.94860752|1.261521|1.26409478|1.59199902|1.70807609|1.90614146,optimal,0.17941799655015453,0.0,0.17941799655015453,0.428064942|-0.544867158|0.500515461,-0|0|-0,0.021083289058879018,0.004325290909036994,0.002262325957417488,0.0072869580471888185
34,1.75,-0.9156478640973162,0.05104140564799309,0.5964403748512268,0.48904097080230713,0.038023050874471664,1.0,1,0,0,0,0,0,0,,0,0,,-1,-1,nan,not_applicable,,,nan,0,0.0,0.0,0.0,0.0,0.0,0.5964403963810977,0.5964403748512268,2.1529870886105584e-08,0.0,0.0,0.0,0.0,0.0,0.0,0,0,disabled,0.0,1,PLAN_FAILED,ik_not_found,0,0.19104238704312593,0.7106198850087821,0,0,0,0,-1,nan,nan,,,224,0,0,0,0,1,0,96,0,0,"{'solver_error': 0, 'short_solution': 0, 'duplicate': 0, 'goal_error': 0, 'joint_limit': 0, 'workspace': 0, 'obstacle_clearance': 188, 'obstacle_contact': 38, 'self_collision': 0}",0.00010473517295679897,226,226,nan,nan,0.0,passthrough,0,0,2,0,0,0,0,0,0.0,0.0,0.0,0.0,1.0,0.31538024944972776,0,0,0,0,0.31538024944972776,0.0,passthrough,osqp optimal,0.0,0,0,12,,workspace_z_lower,,,0,0,1,solved,nan,0,,0.0,0,osqp,0.0,valid,0.31538024944972776,0.873214483873313,0|0|0|0|0|0,0.487151881|0.315380249|0.316023695|0.397999755|0.427019022|0.476535366,0.660812605|0.489040974|0.489684419|0.57166048|0.600679746|0.65019609,0.607151881|0.435380249|0.436023695|0.517999755|0.547019022|0.596535366,0|0|0|0|0|0,0|0|0|0|0|0,0|0|0|0|0|0,1.94860752|1.261521|1.26409478|1.59199902|1.70807609|1.90614146,optimal,0.17941799655015453,0.0,0.17941799655015453,0.428064942|-0.544867158|0.500515461,-0|0|-0,0.016407676972448826,0.004389266017824411,0.002204576041549444,0.002646078006364405
35,1.8,-0.9156478640973162,0.05104140564799309,0.5964403748512268,0.48904097080230713,0.038023050874471664,1.0,1,0,0,0,0,0,0,,0,0,,-1,-1,nan,not_applicable,,,nan,0,0.0,0.0,0.0,0.0,0.0,0.5964403963810977,0.5964403748512268,2.1529870886105584e-08,0.0,0.0,0.0,0.0,0.0,0.0,0,0,disabled,0.0,1,PLAN_FAILED,ik_not_found,0,0.19104238704312593,0.7106198850087821,0,0,0,0,-1,nan,nan,,,224,0,0,0,0,1,0,96,0,0,"{'solver_error': 0, 'short_solution': 0, 'duplicate': 0, 'goal_error': 0, 'joint_limit': 0, 'workspace': 0, 'obstacle_clearance': 188, 'obstacle_contact': 38, 'self_collision': 0}",0.00010473517295679897,226,226,nan,nan,0.0,passthrough,0,0,2,0,0,0,0,0,0.0,0.0,0.0,0.0,1.0,0.31538024944972776,0,0,0,0,0.31538024944972776,0.0,passthrough,osqp optimal,0.0,0,0,12,,workspace_z_lower,,,0,0,1,solved,nan,0,,0.0,0,osqp,0.0,valid,0.31538024944972776,0.873214483873313,0|0|0|0|0|0,0.487151881|0.315380249|0.316023695|0.397999755|0.427019022|0.476535366,0.660812605|0.489040974|0.489684419|0.57166048|0.600679746|0.65019609,0.607151881|0.435380249|0.436023695|0.517999755|0.547019022|0.596535366,0|0|0|0|0|0,0|0|0|0|0|0,0|0|0|0|0|0,1.94860752|1.261521|1.26409478|1.59199902|1.70807609|1.90614146,optimal,0.17941799655015453,0.0,0.17941799655015453,0.428064942|-0.544867158|0.500515461,-0|0|-0,0.01873225800227374,0.0046073830453678966,0.004478034912608564,0.0026046240236610174
36,1.85,-0.9156478640973162,0.05104140564799309,0.5964403748512268,0.48904097080230713,0.038023050874471664,1.0,1,0,0,0,0,0,0,,0,0,,-1,-1,nan,not_applicable,,,nan,0,0.0,0.0,0.0,0.0,0.0,0.5964403963810977,0.5964403748512268,2.1529870886105584e-08,0.0,0.0,0.0,0.0,0.0,0.0,0,0,disabled,0.0,1,PLAN_FAILED,ik_not_found,0,0.19104238704312593,0.7106198850087821,0,0,0,0,-1,nan,nan,,,224,0,0,0,0,1,0,96,0,0,"{'solver_error': 0, 'short_solution': 0, 'duplicate': 0, 'goal_error': 0, 'joint_limit': 0, 'workspace': 0, 'obstacle_clearance': 188, 'obstacle_contact': 38, 'self_collision': 0}",0.00010473517295679897,226,226,nan,nan,0.0,passthrough,0,0,2,0,0,0,0,0,0.0,0.0,0.0,0.0,1.0,0.31538024944972776,0,0,0,0,0.31538024944972776,0.0,passthrough,osqp optimal,0.0,0,0,12,,workspace_z_lower,,,0,0,1,solved,nan,0,,0.0,0,osqp,0.0,valid,0.31538024944972776,0.873214483873313,0|0|0|0|0|0,0.487151881|0.315380249|0.316023695|0.397999755|0.427019022|0.476535366,0.660812605|0.489040974|0.489684419|0.57166048|0.600679746|0.65019609,0.607151881|0.435380249|0.436023695|0.517999755|0.547019022|0.596535366,0|0|0|0|0|0,0|0|0|0|0|0,0|0|0|0|0|0,1.94860752|1.261521|1.26409478|1.59199902|1.70807609|1.90614146,optimal,0.17941799655015453,0.0,0.17941799655015453,0.428064942|-0.544867158|0.500515461,-0|0|-0,0.011368738953024149,0.0026417759945616126,0.0020983850117772818,0.0023847329430282116
37,1.9000000000000001,-0.9156478640973162,0.05104140564799309,0.5964403748512268,0.48904097080230713,0.038023050874471664,1.0,1,0,0,0,0,0,0,,0,0,,-1,-1,nan,not_applicable,,,nan,0,0.0,0.0,0.0,0.0,0.0,0.5964403963810977,0.5964403748512268,2.1529870886105584e-08,0.0,0.0,0.0,0.0,0.0,0.0,0,0,disabled,0.0,1,PLAN_FAILED,ik_not_found,0,0.19104238704312593,0.7106198850087821,0,0,0,0,-1,nan,nan,,,224,0,0,0,0,1,0,96,0,0,"{'solver_error': 0, 'short_solution': 0, 'duplicate': 0, 'goal_error': 0, 'joint_limit': 0, 'workspace': 0, 'obstacle_clearance': 188, 'obstacle_contact': 38, 'self_collision': 0}",0.00010473517295679897,226,226,nan,nan,0.0,passthrough,0,0,2,0,0,0,0,0,0.0,0.0,0.0,0.0,1.0,0.31538024944972776,0,0,0,0,0.31538024944972776,0.0,passthrough,osqp optimal,0.0,0,0,12,,workspace_z_lower,,,0,0,1,solved,nan,0,,0.0,0,osqp,0.0,valid,0.31538024944972776,0.873214483873313,0|0|0|0|0|0,0.487151881|0.315380249|0.316023695|0.397999755|0.427019022|0.476535366,0.660812605|0.489040974|0.489684419|0.57166048|0.600679746|0.65019609,0.607151881|0.435380249|0.436023695|0.517999755|0.547019022|0.596535366,0|0|0|0|0|0,0|0|0|0|0|0,0|0|0|0|0|0,1.94860752|1.261521|1.26409478|1.59199902|1.70807609|1.90614146,optimal,0.17941799655015453,0.0,0.17941799655015453,0.428064942|-0.544867158|0.500515461,-0|0|-0,0.014674385078251362,0.003482418949715793,0.0021033319644629955,0.0024416419910266995
38,1.9500000000000002,-0.9156478640973162,0.05104140564799309,0.5964403748512268,0.48904097080230713,0.038023050874471664,1.0,1,0,0,0,0,0,0,,0,0,,-1,-1,nan,not_applicable,,,nan,0,0.0,0.0,0.0,0.0,0.0,0.5964403963810977,0.5964403748512268,2.1529870886105584e-08,0.0,0.0,0.0,0.0,0.0,0.0,0,0,disabled,0.0,1,PLAN_FAILED,ik_not_found,0,0.19104238704312593,0.7106198850087821,0,0,0,0,-1,nan,nan,,,224,0,0,0,0,1,0,96,0,0,"{'solver_error': 0, 'short_solution': 0, 'duplicate': 0, 'goal_error': 0, 'joint_limit': 0, 'workspace': 0, 'obstacle_clearance': 188, 'obstacle_contact': 38, 'self_collision': 0}",0.00010473517295679897,226,226,nan,nan,0.0,passthrough,0,0,2,0,0,0,0,0,0.0,0.0,0.0,0.0,1.0,0.31538024944972776,0,0,0,0,0.31538024944972776,0.0,passthrough,osqp optimal,0.0,0,0,12,,workspace_z_lower,,,0,0,1,solved,nan,0,,0.0,0,osqp,0.0,valid,0.31538024944972776,0.873214483873313,0|0|0|0|0|0,0.487151881|0.315380249|0.316023695|0.397999755|0.427019022|0.476535366,0.660812605|0.489040974|0.489684419|0.57166048|0.600679746|0.65019609,0.607151881|0.435380249|0.436023695|0.517999755|0.547019022|0.596535366,0|0|0|0|0|0,0|0|0|0|0|0,0|0|0|0|0|0,1.94860752|1.261521|1.26409478|1.59199902|1.70807609|1.90614146,optimal,0.17941799655015453,0.0,0.17941799655015453,0.428064942|-0.544867158|0.500515461,-0|0|-0,0.009677032940089703,0.002510986989364028,0.0013499839697033167,0.0016422689659520984
39,2.0,-0.9156478640973162,0.05104140564799309,0.5964403748512268,0.48904097080230713,0.038023050874471664,1.0,1,0,0,0,0,0,0,,0,0,,-1,-1,nan,not_applicable,,,nan,0,0.0,0.0,0.0,0.0,0.0,0.5964403963810977,0.5964403748512268,2.1529870886105584e-08,0.0,0.0,0.0,0.0,0.0,0.0,0,0,disabled,0.0,1,PLAN_FAILED,ik_not_found,0,0.19104238704312593,0.7106198850087821,0,0,0,0,-1,nan,nan,,,224,0,0,0,0,1,0,96,0,0,"{'solver_error': 0, 'short_solution': 0, 'duplicate': 0, 'goal_error': 0, 'joint_limit': 0, 'workspace': 0, 'obstacle_clearance': 188, 'obstacle_contact': 38, 'self_collision': 0}",0.00010473517295679897,226,226,nan,nan,0.0,passthrough,0,0,2,0,0,0,0,0,0.0,0.0,0.0,0.0,1.0,0.31538024944972776,0,0,0,0,0.31538024944972776,0.0,passthrough,osqp optimal,0.0,0,0,12,,workspace_z_lower,,,0,0,1,solved,nan,0,,0.0,0,osqp,0.0,valid,0.31538024944972776,0.873214483873313,0|0|0|0|0|0,0.487151881|0.315380249|0.316023695|0.397999755|0.427019022|0.476535366,0.660812605|0.489040974|0.489684419|0.57166048|0.600679746|0.65019609,0.607151881|0.435380249|0.436023695|0.517999755|0.547019022|0.596535366,0|0|0|0|0|0,0|0|0|0|0|0,0|0|0|0|0|0,1.94860752|1.261521|1.26409478|1.59199902|1.70807609|1.90614146,optimal,0.17941799655015453,0.0,0.17941799655015453,0.428064942|-0.544867158|0.500515461,-0|0|-0,0.013361127930693328,0.0025259769754484296,0.0020756060257554054,0.0023955920478329062
40,2.0500000000000003,-0.9156478640973162,0.05104140564799309,0.5964403748512268,0.48904097080230713,0.038023050874471664,1.0,1,0,0,0,0,0,0,,0,0,,-1,-1,nan,not_applicable,,,nan,0,0.0,0.0,0.0,0.0,0.0,0.5964403963810977,0.5964403748512268,2.1529870886105584e-08,0.0,0.0,0.0,0.0,0.0,0.0,0,0,disabled,0.0,1,PLAN_FAILED,ik_not_found,0,0.19388299307320267,0.9045028780819848,0,0,0,0,-1,nan,nan,,,288,0,0,0,0,1,0,96,0,0,"{'solver_error': 0, 'short_solution': 0, 'duplicate': 0, 'goal_error': 0, 'joint_limit': 0, 'workspace': 0, 'obstacle_clearance': 239, 'obstacle_contact': 52, 'self_collision': 0}",0.00010473517295679897,291,291,nan,nan,0.0,passthrough,0,0,3,0,0,0,0,0,0.0,0.0,0.0,0.0,1.0,0.31538024944972776,0,0,0,0,0.31538024944972776,0.0,passthrough,osqp optimal,0.0,0,0,12,,workspace_z_lower,,,0,0,1,solved,nan,0,,0.0,0,osqp,0.0,valid,0.31538024944972776,0.873214483873313,0|0|0|0|0|0,0.487151881|0.315380249|0.316023695|0.397999755|0.427019022|0.476535366,0.660812605|0.489040974|0.489684419|0.57166048|0.600679746|0.65019609,0.607151881|0.435380249|0.436023695|0.517999755|0.547019022|0.596535366,0|0|0|0|0|0,0|0|0|0|0|0,0|0|0|0|0|0,1.94860752|1.261521|1.26409478|1.59199902|1.70807609|1.90614146,optimal,0.17941799655015453,0.0,0.17941799655015453,0.428064942|-0.544867158|0.500515461,-0|0|-0,0.2041086859535426,0.0026061610551550984,0.001392225967720151,0.0019176870118826628
41,2.1,-0.9156478640973162,0.05104140564799309,0.5964403748512268,0.48904097080230713,0.038023050874471664,1.0,1,0,0,0,0,0,0,,0,0,,-1,-1,nan,not_applicable,,,nan,0,0.0,0.0,0.0,0.0,0.0,0.5964403963810977,0.5964403748512268,2.1529870886105584e-08,0.0,0.0,0.0,0.0,0.0,0.0,0,0,disabled,0.0,1,PLAN_FAILED,ik_not_found,0,0.19388299307320267,0.9045028780819848,0,0,0,0,-1,nan,nan,,,288,0,0,0,0,1,0,96,0,0,"{'solver_error': 0, 'short_solution': 0, 'duplicate': 0, 'goal_error': 0, 'joint_limit': 0, 'workspace': 0, 'obstacle_clearance': 239, 'obstacle_contact': 52, 'self_collision': 0}",0.00010473517295679897,291,291,nan,nan,0.0,passthrough,0,0,3,0,0,0,0,0,0.0,0.0,0.0,0.0,1.0,0.31538024944972776,0,0,0,0,0.31538024944972776,0.0,passthrough,osqp optimal,0.0,0,0,12,,workspace_z_lower,,,0,0,1,solved,nan,0,,0.0,0,osqp,0.0,valid,0.31538024944972776,0.873214483873313,0|0|0|0|0|0,0.487151881|0.315380249|0.316023695|0.397999755|0.427019022|0.476535366,0.660812605|0.489040974|0.489684419|0.57166048|0.600679746|0.65019609,0.607151881|0.435380249|0.436023695|0.517999755|0.547019022|0.596535366,0|0|0|0|0|0,0|0|0|0|0|0,0|0|0|0|0|0,1.94860752|1.261521|1.26409478|1.59199902|1.70807609|1.90614146,optimal,0.17941799655015453,0.0,0.17941799655015453,0.428064942|-0.544867158|0.500515461,-0|0|-0,0.009596285060979426,0.0024070258950814605,0.0012343369890004396,0.0017385089304298162
42,2.15,-0.9156478640973162,0.05104140564799309,0.5964403748512268,0.48904097080230713,0.038023050874471664,1.0,1,0,0,0,0,0,0,,0,0,,-1,-1,nan,not_applicable,,,nan,0,0.0,0.0,0.0,0.0,0.0,0.5964403963810977,0.5964403748512268,2.1529870886105584e-08,0.0,0.0,0.0,0.0,0.0,0.0,0,0,disabled,0.0,1,PLAN_FAILED,ik_not_found,0,0.19388299307320267,0.9045028780819848,0,0,0,0,-1,nan,nan,,,288,0,0,0,0,1,0,96,0,0,"{'solver_error': 0, 'short_solution': 0, 'duplicate': 0, 'goal_error': 0, 'joint_limit': 0, 'workspace': 0, 'obstacle_clearance': 239, 'obstacle_contact': 52, 'self_collision': 0}",0.00010473517295679897,291,291,nan,nan,0.0,passthrough,0,0,3,0,0,0,0,0,0.0,0.0,0.0,0.0,1.0,0.31538024944972776,0,0,0,0,0.31538024944972776,0.0,passthrough,osqp optimal,0.0,0,0,12,,workspace_z_lower,,,0,0,1,solved,nan,0,,0.0,0,osqp,0.0,valid,0.31538024944972776,0.873214483873313,0|0|0|0|0|0,0.487151881|0.315380249|0.316023695|0.397999755|0.427019022|0.476535366,0.660812605|0.489040974|0.489684419|0.57166048|0.600679746|0.65019609,0.607151881|0.435380249|0.436023695|0.517999755|0.547019022|0.596535366,0|0|0|0|0|0,0|0|0|0|0|0,0|0|0|0|0|0,1.94860752|1.261521|1.26409478|1.59199902|1.70807609|1.90614146,optimal,0.17941799655015453,0.0,0.17941799655015453,0.428064942|-0.544867158|0.500515461,-0|0|-0,0.010339312022551894,0.00263198500033468,0.001452133059501648,0.0020494030322879553
43,2.2,-0.9156478640973162,0.05104140564799309,0.5964403748512268,0.48904097080230713,0.038023050874471664,1.0,1,0,0,0,0,0,0,,0,0,,-1,-1,nan,not_applicable,,,nan,0,0.0,0.0,0.0,0.0,0.0,0.5964403963810977,0.5964403748512268,2.1529870886105584e-08,0.0,0.0,0.0,0.0,0.0,0.0,0,0,disabled,0.0,1,PLAN_FAILED,ik_not_found,0,0.19388299307320267,0.9045028780819848,0,0,0,0,-1,nan,nan,,,288,0,0,0,0,1,0,96,0,0,"{'solver_error': 0, 'short_solution': 0, 'duplicate': 0, 'goal_error': 0, 'joint_limit': 0, 'workspace': 0, 'obstacle_clearance': 239, 'obstacle_contact': 52, 'self_collision': 0}",0.00010473517295679897,291,291,nan,nan,0.0,passthrough,0,0,3,0,0,0,0,0,0.0,0.0,0.0,0.0,1.0,0.31538024944972776,0,0,0,0,0.31538024944972776,0.0,passthrough,osqp optimal,0.0,0,0,12,,workspace_z_lower,,,0,0,1,solved,nan,0,,0.0,0,osqp,0.0,valid,0.31538024944972776,0.873214483873313,0|0|0|0|0|0,0.487151881|0.315380249|0.316023695|0.397999755|0.427019022|0.476535366,0.660812605|0.489040974|0.489684419|0.57166048|0.600679746|0.65019609,0.607151881|0.435380249|0.436023695|0.517999755|0.547019022|0.596535366,0|0|0|0|0|0,0|0|0|0|0|0,0|0|0|0|0|0,1.94860752|1.261521|1.26409478|1.59199902|1.70807609|1.90614146,optimal,0.17941799655015453,0.0,0.17941799655015453,0.428064942|-0.544867158|0.500515461,-0|0|-0,0.010433244984596968,0.0026305709034204483,0.0013263690052554011,0.0018236669711768627
44,2.25,-0.9156478640973162,0.05104140564799309,0.5964403748512268,0.48904097080230713,0.038023050874471664,1.0,1,0,0,0,0,0,0,,0,0,,-1,-1,nan,not_applicable,,,nan,0,0.0,0.0,0.0,0.0,0.0,0.5964403963810977,0.5964403748512268,2.1529870886105584e-08,0.0,0.0,0.0,0.0,0.0,0.0,0,0,disabled,0.0,1,PLAN_FAILED,ik_not_found,0,0.19388299307320267,0.9045028780819848,0,0,0,0,-1,nan,nan,,,288,0,0,0,0,1,0,96,0,0,"{'solver_error': 0, 'short_solution': 0, 'duplicate': 0, 'goal_error': 0, 'joint_limit': 0, 'workspace': 0, 'obstacle_clearance': 239, 'obstacle_contact': 52, 'self_collision': 0}",0.00010473517295679897,291,291,nan,nan,0.0,passthrough,0,0,3,0,0,0,0,0,0.0,0.0,0.0,0.0,1.0,0.31538024944972776,0,0,0,0,0.31538024944972776,0.0,passthrough,osqp optimal,0.0,0,0,12,,workspace_z_lower,,,0,0,1,solved,nan,0,,0.0,0,osqp,0.0,valid,0.31538024944972776,0.873214483873313,0|0|0|0|0|0,0.487151881|0.315380249|0.316023695|0.397999755|0.427019022|0.476535366,0.660812605|0.489040974|0.489684419|0.57166048|0.600679746|0.65019609,0.607151881|0.435380249|0.436023695|0.517999755|0.547019022|0.596535366,0|0|0|0|0|0,0|0|0|0|0|0,0|0|0|0|0|0,1.94860752|1.261521|1.26409478|1.59199902|1.70807609|1.90614146,optimal,0.17941799655015453,0.0,0.17941799655015453,0.428064942|-0.544867158|0.500515461,-0|0|-0,0.012103163986466825,0.0027926110196858644,0.001981228939257562,0.00232101499568671
45,2.3000000000000003,-0.9156478640973162,0.05104140564799309,0.5964403748512268,0.48904097080230713,0.038023050874471664,1.0,1,0,0,0,0,0,0,,0,0,,-1,-1,nan,not_applicable,,,nan,0,0.0,0.0,0.0,0.0,0.0,0.5964403963810977,0.5964403748512268,2.1529870886105584e-08,0.0,0.0,0.0,0.0,0.0,0.0,0,0,disabled,0.0,1,PLAN_FAILED,ik_not_found,0,0.19388299307320267,0.9045028780819848,0,0,0,0,-1,nan,nan,,,288,0,0,0,0,1,0,96,0,0,"{'solver_error': 0, 'short_solution': 0, 'duplicate': 0, 'goal_error': 0, 'joint_limit': 0, 'workspace': 0, 'obstacle_clearance': 239, 'obstacle_contact': 52, 'self_collision': 0}",0.00010473517295679897,291,291,nan,nan,0.0,passthrough,0,0,3,0,0,0,0,0,0.0,0.0,0.0,0.0,1.0,0.31538024944972776,0,0,0,0,0.31538024944972776,0.0,passthrough,osqp optimal,0.0,0,0,12,,workspace_z_lower,,,0,0,1,solved,nan,0,,0.0,0,osqp,0.0,valid,0.31538024944972776,0.873214483873313,0|0|0|0|0|0,0.487151881|0.315380249|0.316023695|0.397999755|0.427019022|0.476535366,0.660812605|0.489040974|0.489684419|0.57166048|0.600679746|0.65019609,0.607151881|0.435380249|0.436023695|0.517999755|0.547019022|0.596535366,0|0|0|0|0|0,0|0|0|0|0|0,0|0|0|0|0|0,1.94860752|1.261521|1.26409478|1.59199902|1.70807609|1.90614146,optimal,0.17941799655015453,0.0,0.17941799655015453,0.428064942|-0.544867158|0.500515461,-0|0|-0,0.011528210015967488,0.0024714829633012414,0.0014703759225085378,0.0019651990151032805
46,2.35,-0.9156478640973162,0.05104140564799309,0.5964403748512268,0.48904097080230713,0.038023050874471664,1.0,1,0,0,0,0,0,0,,0,0,,-1,-1,nan,not_applicable,,,nan,0,0.0,0.0,0.0,0.0,0.0,0.5964403963810977,0.5964403748512268,2.1529870886105584e-08,0.0,0.0,0.0,0.0,0.0,0.0,0,0,disabled,0.0,1,PLAN_FAILED,ik_not_found,0,0.19388299307320267,0.9045028780819848,0,0,0,0,-1,nan,nan,,,288,0,0,0,0,1,0,96,0,0,"{'solver_error': 0, 'short_solution': 0, 'duplicate': 0, 'goal_error': 0, 'joint_limit': 0, 'workspace': 0, 'obstacle_clearance': 239, 'obstacle_contact': 52, 'self_collision': 0}",0.00010473517295679897,291,291,nan,nan,0.0,passthrough,0,0,3,0,0,0,0,0,0.0,0.0,0.0,0.0,1.0,0.31538024944972776,0,0,0,0,0.31538024944972776,0.0,passthrough,osqp optimal,0.0,0,0,12,,workspace_z_lower,,,0,0,1,solved,nan,0,,0.0,0,osqp,0.0,valid,0.31538024944972776,0.873214483873313,0|0|0|0|0|0,0.487151881|0.315380249|0.316023695|0.397999755|0.427019022|0.476535366,0.660812605|0.489040974|0.489684419|0.57166048|0.600679746|0.65019609,0.607151881|0.435380249|0.436023695|0.517999755|0.547019022|0.596535366,0|0|0|0|0|0,0|0|0|0|0|0,0|0|0|0|0|0,1.94860752|1.261521|1.26409478|1.59199902|1.70807609|1.90614146,optimal,0.17941799655015453,0.0,0.17941799655015453,0.428064942|-0.544867158|0.500515461,-0|0|-0,0.015080820070579648,0.004195912973955274,0.0017112320056185126,0.002628267975524068
47,2.4000000000000004,-0.9156478640973162,0.05104140564799309,0.5964403748512268,0.48904097080230713,0.038023050874471664,1.0,1,0,0,0,0,0,0,,0,0,,-1,-1,nan,not_applicable,,,nan,0,0.0,0.0,0.0,0.0,0.0,0.5964403963810977,0.5964403748512268,2.1529870886105584e-08,0.0,0.0,0.0,0.0,0.0,0.0,0,0,disabled,0.0,1,PLAN_FAILED,ik_not_found,0,0.19388299307320267,0.9045028780819848,0,0,0,0,-1,nan,nan,,,288,0,0,0,0,1,0,96,0,0,"{'solver_error': 0, 'short_solution': 0, 'duplicate': 0, 'goal_error': 0, 'joint_limit': 0, 'workspace': 0, 'obstacle_clearance': 239, 'obstacle_contact': 52, 'self_collision': 0}",0.00010473517295679897,291,291,nan,nan,0.0,passthrough,0,0,3,0,0,0,0,0,0.0,0.0,0.0,0.0,1.0,0.31538024944972776,0,0,0,0,0.31538024944972776,0.0,passthrough,osqp optimal,0.0,0,0,12,,workspace_z_lower,,,0,0,1,solved,nan,0,,0.0,0,osqp,0.0,valid,0.31538024944972776,0.873214483873313,0|0|0|0|0|0,0.487151881|0.315380249|0.316023695|0.397999755|0.427019022|0.476535366,0.660812605|0.489040974|0.489684419|0.57166048|0.600679746|0.65019609,0.607151881|0.435380249|0.436023695|0.517999755|0.547019022|0.596535366,0|0|0|0|0|0,0|0|0|0|0|0,0|0|0|0|0|0,1.94860752|1.261521|1.26409478|1.59199902|1.70807609|1.90614146,optimal,0.17941799655015453,0.0,0.17941799655015453,0.428064942|-0.544867158|0.500515461,-0|0|-0,0.011418625013902783,0.002576385042630136,0.0015961589524522424,0.00216172996442765
48,2.45,-0.9156478640973162,0.05104140564799309,0.5964403748512268,0.48904097080230713,0.038023050874471664,1.0,1,0,0,0,0,0,0,,0,0,,-1,-1,nan,not_applicable,,,nan,0,0.0,0.0,0.0,0.0,0.0,0.5964403963810977,0.5964403748512268,2.1529870886105584e-08,0.0,0.0,0.0,0.0,0.0,0.0,0,0,disabled,0.0,1,PLAN_FAILED,ik_not_found,0,0.19388299307320267,0.9045028780819848,0,0,0,0,-1,nan,nan,,,288,0,0,0,0,1,0,96,0,0,"{'solver_error': 0, 'short_solution': 0, 'duplicate': 0, 'goal_error': 0, 'joint_limit': 0, 'workspace': 0, 'obstacle_clearance': 239, 'obstacle_contact': 52, 'self_collision': 0}",0.00010473517295679897,291,291,nan,nan,0.0,passthrough,0,0,3,0,0,0,0,0,0.0,0.0,0.0,0.0,1.0,0.31538024944972776,0,0,0,0,0.31538024944972776,0.0,passthrough,osqp optimal,0.0,0,0,12,,workspace_z_lower,,,0,0,1,solved,nan,0,,0.0,0,osqp,0.0,valid,0.31538024944972776,0.873214483873313,0|0|0|0|0|0,0.487151881|0.315380249|0.316023695|0.397999755|0.427019022|0.476535366,0.660812605|0.489040974|0.489684419|0.57166048|0.600679746|0.65019609,0.607151881|0.435380249|0.436023695|0.517999755|0.547019022|0.596535366,0|0|0|0|0|0,0|0|0|0|0|0,0|0|0|0|0|0,1.94860752|1.261521|1.26409478|1.59199902|1.70807609|1.90614146,optimal,0.17941799655015453,0.0,0.17941799655015453,0.428064942|-0.544867158|0.500515461,-0|0|-0,0.010185566963627934,0.002530311932787299,0.0013356009731069207,0.0018544660415500402
49,2.5,-0.9156478640973162,0.05104140564799309,0.5964403748512268,0.48904097080230713,0.038023050874471664,1.0,1,0,0,0,0,0,0,,0,0,,-1,-1,nan,not_applicable,,,nan,0,0.0,0.0,0.0,0.0,0.0,0.5964403963810977,0.5964403748512268,2.1529870886105584e-08,0.0,0.0,0.0,0.0,0.0,0.0,0,0,disabled,0.0,1,PLAN_FAILED,ik_not_found,0,0.19388299307320267,0.9045028780819848,0,0,0,0,-1,nan,nan,,,288,0,0,0,0,1,0,96,0,0,"{'solver_error': 0, 'short_solution': 0, 'duplicate': 0, 'goal_error': 0, 'joint_limit': 0, 'workspace': 0, 'obstacle_clearance': 239, 'obstacle_contact': 52, 'self_collision': 0}",0.00010473517295679897,291,291,nan,nan,0.0,passthrough,0,0,3,0,0,0,0,0,0.0,0.0,0.0,0.0,1.0,0.31538024944972776,0,0,0,0,0.31538024944972776,0.0,passthrough,osqp optimal,0.0,0,0,12,,workspace_z_lower,,,0,0,1,solved,nan,0,,0.0,0,osqp,0.0,valid,0.31538024944972776,0.873214483873313,0|0|0|0|0|0,0.487151881|0.315380249|0.316023695|0.397999755|0.427019022|0.476535366,0.660812605|0.489040974|0.489684419|0.57166048|0.600679746|0.65019609,0.607151881|0.435380249|0.436023695|0.517999755|0.547019022|0.596535366,0|0|0|0|0|0,0|0|0|0|0|0,0|0|0|0|0|0,1.94860752|1.261521|1.26409478|1.59199902|1.70807609|1.90614146,optimal,0.17941799655015453,0.0,0.17941799655015453,0.428064942|-0.544867158|0.500515461,-0|0|-0,0.010212110937573016,0.002571260090917349,0.0013807170325890183,0.0019376419950276613
50,2.5500000000000003,-0.9156478640973162,0.05104140564799309,0.5964403748512268,0.48904097080230713,0.038023050874471664,1.0,1,0,0,0,0,0,0,,0,0,,-1,-1,nan,not_applicable,,,nan,0,0.0,0.0,0.0,0.0,0.0,0.5964403963810977,0.5964403748512268,2.1529870886105584e-08,0.0,0.0,0.0,0.0,0.0,0.0,0,0,disabled,0.0,1,PLAN_FAILED,ik_not_found,0,0.19388299307320267,0.9045028780819848,0,0,0,0,-1,nan,nan,,,288,0,0,0,0,1,0,96,0,0,"{'solver_error': 0, 'short_solution': 0, 'duplicate': 0, 'goal_error': 0, 'joint_limit': 0, 'workspace': 0, 'obstacle_clearance': 239, 'obstacle_contact': 52, 'self_collision': 0}",0.00010473517295679897,291,291,nan,nan,0.0,passthrough,0,0,3,0,0,0,0,0,0.0,0.0,0.0,0.0,1.0,0.31538024944972776,0,0,0,0,0.31538024944972776,0.0,passthrough,osqp optimal,0.0,0,0,12,,workspace_z_lower,,,0,0,1,solved,nan,0,,0.0,0,osqp,0.0,valid,0.31538024944972776,0.873214483873313,0|0|0|0|0|0,0.487151881|0.315380249|0.316023695|0.397999755|0.427019022|0.476535366,0.660812605|0.489040974|0.489684419|0.57166048|0.600679746|0.65019609,0.607151881|0.435380249|0.436023695|0.517999755|0.547019022|0.596535366,0|0|0|0|0|0,0|0|0|0|0|0,0|0|0|0|0|0,1.94860752|1.261521|1.26409478|1.59199902|1.70807609|1.90614146,optimal,0.17941799655015453,0.0,0.17941799655015453,0.428064942|-0.544867158|0.500515461,-0|0|-0,0.009903269005008042,0.0025935849407687783,0.0013118709903210402,0.0016665520379319787
51,2.6,-0.9156478640973162,0.05104140564799309,0.5964403748512268,0.48904097080230713,0.038023050874471664,1.0,1,0,0,0,0,0,0,,0,0,,-1,-1,nan,not_applicable,,,nan,0,0.0,0.0,0.0,0.0,0.0,0.5964403963810977,0.5964403748512268,2.1529870886105584e-08,0.0,0.0,0.0,0.0,0.0,0.0,0,0,disabled,0.0,1,PLAN_FAILED,ik_not_found,0,0.19388299307320267,0.9045028780819848,0,0,0,0,-1,nan,nan,,,288,0,0,0,0,1,0,96,0,0,"{'solver_error': 0, 'short_solution': 0, 'duplicate': 0, 'goal_error': 0, 'joint_limit': 0, 'workspace': 0, 'obstacle_clearance': 239, 'obstacle_contact': 52, 'self_collision': 0}",0.00010473517295679897,291,291,nan,nan,0.0,passthrough,0,0,3,0,0,0,0,0,0.0,0.0,0.0,0.0,1.0,0.31538024944972776,0,0,0,0,0.31538024944972776,0.0,passthrough,osqp optimal,0.0,0,0,12,,workspace_z_lower,,,0,0,1,solved,nan,0,,0.0,0,osqp,0.0,valid,0.31538024944972776,0.873214483873313,0|0|0|0|0|0,0.487151881|0.315380249|0.316023695|0.397999755|0.427019022|0.476535366,0.660812605|0.489040974|0.489684419|0.57166048|0.600679746|0.65019609,0.607151881|0.435380249|0.436023695|0.517999755|0.547019022|0.596535366,0|0|0|0|0|0,0|0|0|0|0|0,0|0|0|0|0|0,1.94860752|1.261521|1.26409478|1.59199902|1.70807609|1.90614146,optimal,0.17941799655015453,0.0,0.17941799655015453,0.428064942|-0.544867158|0.500515461,-0|0|-0,0.011335898074321449,0.0028691079933196306,0.001299939933232963,0.0016193329356610775
52,2.6500000000000004,-0.9156478640973162,0.05104140564799309,0.5964403748512268,0.48904097080230713,0.038023050874471664,1.0,1,0,0,0,0,0,0,,0,0,,-1,-1,nan,not_applicable,,,nan,0,0.0,0.0,0.0,0.0,0.0,0.5964403963810977,0.5964403748512268,2.1529870886105584e-08,0.0,0.0,0.0,0.0,0.0,0.0,0,0,disabled,0.0,1,PLAN_FAILED,ik_not_found,0,0.19388299307320267,0.9045028780819848,0,0,0,0,-1,nan,nan,,,288,0,0,0,0,1,0,96,0,0,"{'solver_error': 0, 'short_solution': 0, 'duplicate': 0, 'goal_error': 0, 'joint_limit': 0, 'workspace': 0, 'obstacle_clearance': 239, 'obstacle_contact': 52, 'self_collision': 0}",0.00010473517295679897,291,291,nan,nan,0.0,passthrough,0,0,3,0,0,0,0,0,0.0,0.0,0.0,0.0,1.0,0.31538024944972776,0,0,0,0,0.31538024944972776,0.0,passthrough,osqp optimal,0.0,0,0,12,,workspace_z_lower,,,0,0,1,solved,nan,0,,0.0,0,osqp,0.0,valid,0.31538024944972776,0.873214483873313,0|0|0|0|0|0,0.487151881|0.315380249|0.316023695|0.397999755|0.427019022|0.476535366,0.660812605|0.489040974|0.489684419|0.57166048|0.600679746|0.65019609,0.607151881|0.435380249|0.436023695|0.517999755|0.547019022|0.596535366,0|0|0|0|0|0,0|0|0|0|0|0,0|0|0|0|0|0,1.94860752|1.261521|1.26409478|1.59199902|1.70807609|1.90614146,optimal,0.17941799655015453,0.0,0.17941799655015453,0.428064942|-0.544867158|0.500515461,-0|0|-0,0.010006350930780172,0.002634814940392971,0.0013481859350576997,0.0017624619649723172
53,2.7,-0.9156478640973162,0.05104140564799309,0.5964403748512268,0.48904097080230713,0.038023050874471664,1.0,1,0,0,0,0,0,0,,0,0,,-1,-1,nan,not_applicable,,,nan,0,0.0,0.0,0.0,0.0,0.0,0.5964403963810977,0.5964403748512268,2.1529870886105584e-08,0.0,0.0,0.0,0.0,0.0,0.0,0,0,disabled,0.0,1,PLAN_FAILED,ik_not_found,0,0.19388299307320267,0.9045028780819848,0,0,0,0,-1,nan,nan,,,288,0,0,0,0,1,0,96,0,0,"{'solver_error': 0, 'short_solution': 0, 'duplicate': 0, 'goal_error': 0, 'joint_limit': 0, 'workspace': 0, 'obstacle_clearance': 239, 'obstacle_contact': 52, 'self_collision': 0}",0.00010473517295679897,291,291,nan,nan,0.0,passthrough,0,0,3,0,0,0,0,0,0.0,0.0,0.0,0.0,1.0,0.31538024944972776,0,0,0,0,0.31538024944972776,0.0,passthrough,osqp optimal,0.0,0,0,12,,workspace_z_lower,,,0,0,1,solved,nan,0,,0.0,0,osqp,0.0,valid,0.31538024944972776,0.873214483873313,0|0|0|0|0|0,0.487151881|0.315380249|0.316023695|0.397999755|0.427019022|0.476535366,0.660812605|0.489040974|0.489684419|0.57166048|0.600679746|0.65019609,0.607151881|0.435380249|0.436023695|0.517999755|0.547019022|0.596535366,0|0|0|0|0|0,0|0|0|0|0|0,0|0|0|0|0|0,1.94860752|1.261521|1.26409478|1.59199902|1.70807609|1.90614146,optimal,0.17941799655015453,0.0,0.17941799655015453,0.428064942|-0.544867158|0.500515461,-0|0|-0,0.01042504096403718,0.002665351959876716,0.0013466960517689586,0.001751946983858943
54,2.75,-0.9156478640973162,0.05104140564799309,0.5964403748512268,0.48904097080230713,0.038023050874471664,1.0,1,0,0,0,0,0,0,,0,0,,-1,-1,nan,not_applicable,,,nan,0,0.0,0.0,0.0,0.0,0.0,0.5964403963810977,0.5964403748512268,2.1529870886105584e-08,0.0,0.0,0.0,0.0,0.0,0.0,0,0,disabled,0.0,1,PLAN_FAILED,ik_not_found,0,0.19388299307320267,0.9045028780819848,0,0,0,0,-1,nan,nan,,,288,0,0,0,0,1,0,96,0,0,"{'solver_error': 0, 'short_solution': 0, 'duplicate': 0, 'goal_error': 0, 'joint_limit': 0, 'workspace': 0, 'obstacle_clearance': 239, 'obstacle_contact': 52, 'self_collision': 0}",0.00010473517295679897,291,291,nan,nan,0.0,passthrough,0,0,3,0,0,0,0,0,0.0,0.0,0.0,0.0,1.0,0.31538024944972776,0,0,0,0,0.31538024944972776,0.0,passthrough,osqp optimal,0.0,0,0,12,,workspace_z_lower,,,0,0,1,solved,nan,0,,0.0,0,osqp,0.0,valid,0.31538024944972776,0.873214483873313,0|0|0|0|0|0,0.487151881|0.315380249|0.316023695|0.397999755|0.427019022|0.476535366,0.660812605|0.489040974|0.489684419|0.57166048|0.600679746|0.65019609,0.607151881|0.435380249|0.436023695|0.517999755|0.547019022|0.596535366,0|0|0|0|0|0,0|0|0|0|0|0,0|0|0|0|0|0,1.94860752|1.261521|1.26409478|1.59199902|1.70807609|1.90614146,optimal,0.17941799655015453,0.0,0.17941799655015453,0.428064942|-0.544867158|0.500515461,-0|0|-0,0.010056260041892529,0.002500428003259003,0.0012955740094184875,0.0017346279928460717
55,2.8000000000000003,-0.9156478640973162,0.05104140564799309,0.5964403748512268,0.48904097080230713,0.038023050874471664,1.0,1,0,0,0,0,0,0,,0,0,,-1,-1,nan,not_applicable,,,nan,0,0.0,0.0,0.0,0.0,0.0,0.5964403963810977,0.5964403748512268,2.1529870886105584e-08,0.0,0.0,0.0,0.0,0.0,0.0,0,0,disabled,0.0,1,PLAN_FAILED,ik_not_found,0,0.19388299307320267,0.9045028780819848,0,0,0,0,-1,nan,nan,,,288,0,0,0,0,1,0,96,0,0,"{'solver_error': 0, 'short_solution': 0, 'duplicate': 0, 'goal_error': 0, 'joint_limit': 0, 'workspace': 0, 'obstacle_clearance': 239, 'obstacle_contact': 52, 'self_collision': 0}",0.00010473517295679897,291,291,nan,nan,0.0,passthrough,0,0,3,0,0,0,0,0,0.0,0.0,0.0,0.0,1.0,0.31538024944972776,0,0,0,0,0.31538024944972776,0.0,passthrough,osqp optimal,0.0,0,0,12,,workspace_z_lower,,,0,0,1,solved,nan,0,,0.0,0,osqp,0.0,valid,0.31538024944972776,0.873214483873313,0|0|0|0|0|0,0.487151881|0.315380249|0.316023695|0.397999755|0.427019022|0.476535366,0.660812605|0.489040974|0.489684419|0.57166048|0.600679746|0.65019609,0.607151881|0.435380249|0.436023695|0.517999755|0.547019022|0.596535366,0|0|0|0|0|0,0|0|0|0|0|0,0|0|0|0|0|0,1.94860752|1.261521|1.26409478|1.59199902|1.70807609|1.90614146,optimal,0.17941799655015453,0.0,0.17941799655015453,0.428064942|-0.544867158|0.500515461,-0|0|-0,0.01695184805430472,0.004468176979571581,0.0024173769634217024,0.002724654972553253
56,2.85,-0.9156478640973162,0.05104140564799309,0.5964403748512268,0.48904097080230713,0.038023050874471664,1.0,1,0,0,0,0,0,0,,0,0,,-1,-1,nan,not_applicable,,,nan,0,0.0,0.0,0.0,0.0,0.0,0.5964403963810977,0.5964403748512268,2.1529870886105584e-08,0.0,0.0,0.0,0.0,0.0,0.0,0,0,disabled,0.0,1,PLAN_FAILED,ik_not_found,0,0.19388299307320267,0.9045028780819848,0,0,0,0,-1,nan,nan,,,288,0,0,0,0,1,0,96,0,0,"{'solver_error': 0, 'short_solution': 0, 'duplicate': 0, 'goal_error': 0, 'joint_limit': 0, 'workspace': 0, 'obstacle_clearance': 239, 'obstacle_contact': 52, 'self_collision': 0}",0.00010473517295679897,291,291,nan,nan,0.0,passthrough,0,0,3,0,0,0,0,0,0.0,0.0,0.0,0.0,1.0,0.31538024944972776,0,0,0,0,0.31538024944972776,0.0,passthrough,osqp optimal,0.0,0,0,12,,workspace_z_lower,,,0,0,1,solved,nan,0,,0.0,0,osqp,0.0,valid,0.31538024944972776,0.873214483873313,0|0|0|0|0|0,0.487151881|0.315380249|0.316023695|0.397999755|0.427019022|0.476535366,0.660812605|0.489040974|0.489684419|0.57166048|0.600679746|0.65019609,0.607151881|0.435380249|0.436023695|0.517999755|0.547019022|0.596535366,0|0|0|0|0|0,0|0|0|0|0|0,0|0|0|0|0|0,1.94860752|1.261521|1.26409478|1.59199902|1.70807609|1.90614146,optimal,0.17941799655015453,0.0,0.17941799655015453,0.428064942|-0.544867158|0.500515461,-0|0|-0,0.01669909805059433,0.004495990928262472,0.0023072180338203907,0.0024530390510335565
57,2.9000000000000004,-0.9156478640973162,0.05104140564799309,0.5964403748512268,0.48904097080230713,0.038023050874471664,1.0,1,0,0,0,0,0,0,,0,0,,-1,-1,nan,not_applicable,,,nan,0,0.0,0.0,0.0,0.0,0.0,0.5964403963810977,0.5964403748512268,2.1529870886105584e-08,0.0,0.0,0.0,0.0,0.0,0.0,0,0,disabled,0.0,1,PLAN_FAILED,ik_not_found,0,0.19388299307320267,0.9045028780819848,0,0,0,0,-1,nan,nan,,,288,0,0,0,0,1,0,96,0,0,"{'solver_error': 0, 'short_solution': 0, 'duplicate': 0, 'goal_error': 0, 'joint_limit': 0, 'workspace': 0, 'obstacle_clearance': 239, 'obstacle_contact': 52, 'self_collision': 0}",0.00010473517295679897,291,291,nan,nan,0.0,passthrough,0,0,3,0,0,0,0,0,0.0,0.0,0.0,0.0,1.0,0.31538024944972776,0,0,0,0,0.31538024944972776,0.0,passthrough,osqp optimal,0.0,0,0,12,,workspace_z_lower,,,0,0,1,solved,nan,0,,0.0,0,osqp,0.0,valid,0.31538024944972776,0.873214483873313,0|0|0|0|0|0,0.487151881|0.315380249|0.316023695|0.397999755|0.427019022|0.476535366,0.660812605|0.489040974|0.489684419|0.57166048|0.600679746|0.65019609,0.607151881|0.435380249|0.436023695|0.517999755|0.547019022|0.596535366,0|0|0|0|0|0,0|0|0|0|0|0,0|0|0|0|0|0,1.94860752|1.261521|1.26409478|1.59199902|1.70807609|1.90614146,optimal,0.17941799655015453,0.0,0.17941799655015453,0.428064942|-0.544867158|0.500515461,-0|0|-0,0.015871852985583246,0.0043340029660612345,0.0022407060023397207,0.0022630830062553287
58,2.95,-0.9156478640973162,0.05104140564799309,0.5964403748512268,0.48904097080230713,0.038023050874471664,1.0,1,0,0,0,0,0,0,,0,0,,-1,-1,nan,not_applicable,,,nan,0,0.0,0.0,0.0,0.0,0.0,0.5964403963810977,0.5964403748512268,2.1529870886105584e-08,0.0,0.0,0.0,0.0,0.0,0.0,0,0,disabled,0.0,1,PLAN_FAILED,ik_not_found,0,0.19388299307320267,0.9045028780819848,0,0,0,0,-1,nan,nan,,,288,0,0,0,0,1,0,96,0,0,"{'solver_error': 0, 'short_solution': 0, 'duplicate': 0, 'goal_error': 0, 'joint_limit': 0, 'workspace': 0, 'obstacle_clearance': 239, 'obstacle_contact': 52, 'self_collision': 0}",0.00010473517295679897,291,291,nan,nan,0.0,passthrough,0,0,3,0,0,0,0,0,0.0,0.0,0.0,0.0,1.0,0.31538024944972776,0,0,0,0,0.31538024944972776,0.0,passthrough,osqp optimal,0.0,0,0,12,,workspace_z_lower,,,0,0,1,solved,nan,0,,0.0,0,osqp,0.0,valid,0.31538024944972776,0.873214483873313,0|0|0|0|0|0,0.487151881|0.315380249|0.316023695|0.397999755|0.427019022|0.476535366,0.660812605|0.489040974|0.489684419|0.57166048|0.600679746|0.65019609,0.607151881|0.435380249|0.436023695|0.517999755|0.547019022|0.596535366,0|0|0|0|0|0,0|0|0|0|0|0,0|0|0|0|0|0,1.94860752|1.261521|1.26409478|1.59199902|1.70807609|1.90614146,optimal,0.17941799655015453,0.0,0.17941799655015453,0.428064942|-0.544867158|0.500515461,-0|0|-0,0.01616514998022467,0.0042547660414129496,0.0022920350311324,0.002477022004313767
59,3.0,-0.9156478640973162,0.05104140564799309,0.5964403748512268,0.48904097080230713,0.038023050874471664,1.0,1,0,0,0,0,0,0,,0,0,,-1,-1,nan,not_applicable,,,nan,0,0.0,0.0,0.0,0.0,0.0,0.5964403963810977,0.5964403748512268,2.1529870886105584e-08,0.0,0.0,0.0,0.0,0.0,0.0,0,0,disabled,0.0,1,PLAN_FAILED,ik_not_found,0,0.19388299307320267,0.9045028780819848,0,0,0,0,-1,nan,nan,,,288,0,0,0,0,1,0,96,0,0,"{'solver_error': 0, 'short_solution': 0, 'duplicate': 0, 'goal_error': 0, 'joint_limit': 0, 'workspace': 0, 'obstacle_clearance': 239, 'obstacle_contact': 52, 'self_collision': 0}",0.00010473517295679897,291,291,nan,nan,0.0,passthrough,0,0,3,0,0,0,0,0,0.0,0.0,0.0,0.0,1.0,0.31538024944972776,0,0,0,0,0.31538024944972776,0.0,passthrough,osqp optimal,0.0,0,0,12,,workspace_z_lower,,,0,0,1,solved,nan,0,,0.0,0,osqp,0.0,valid,0.31538024944972776,0.873214483873313,0|0|0|0|0|0,0.487151881|0.315380249|0.316023695|0.397999755|0.427019022|0.476535366,0.660812605|0.489040974|0.489684419|0.57166048|0.600679746|0.65019609,0.607151881|0.435380249|0.436023695|0.517999755|0.547019022|0.596535366,0|0|0|0|0|0,0|0|0|0|0|0,0|0|0|0|0|0,1.94860752|1.261521|1.26409478|1.59199902|1.70807609|1.90614146,optimal,0.17941799655015453,0.0,0.17941799655015453,0.428064942|-0.544867158|0.500515461,-0|0|-0,0.014333140919916332,0.0031175530748441815,0.002122645964846015,0.002404885017313063
60,3.0500000000000003,-0.9156478640973162,0.05104140564799309,0.5964403748512268,0.48904097080230713,0.038023050874471664,1.0,1,0,0,0,0,0,0,,0,0,,-1,-1,nan,not_applicable,,,nan,0,0.0,0.0,0.0,0.0,0.0,0.5964403963810977,0.5964403748512268,2.1529870886105584e-08,0.0,0.0,0.0,0.0,0.0,0.0,0,0,disabled,0.0,1,PLAN_FAILED,ik_not_found,0,0.18539167405106127,1.089894552133046,0,0,0,0,-1,nan,nan,,,352,0,0,0,0,1,0,96,0,0,"{'solver_error': 0, 'short_solution': 0, 'duplicate': 0, 'goal_error': 0, 'joint_limit': 0, 'workspace': 0, 'obstacle_clearance': 291, 'obstacle_contact': 65, 'self_collision': 0}",0.00010473517295679897,356,356,nan,nan,0.0,passthrough,0,0,4,0,0,0,0,0,0.0,0.0,0.0,0.0,1.0,0.31538024944972776,0,0,0,0,0.31538024944972776,0.0,passthrough,osqp optimal,0.0,0,0,12,,workspace_z_lower,,,0,0,1,solved,nan,0,,0.0,0,osqp,0.0,valid,0.31538024944972776,0.873214483873313,0|0|0|0|0|0,0.487151881|0.315380249|0.316023695|0.397999755|0.427019022|0.476535366,0.660812605|0.489040974|0.489684419|0.57166048|0.600679746|0.65019609,0.607151881|0.435380249|0.436023695|0.517999755|0.547019022|0.596535366,0|0|0|0|0|0,0|0|0|0|0|0,0|0|0|0|0|0,1.94860752|1.261521|1.26409478|1.59199902|1.70807609|1.90614146,optimal,0.17941799655015453,0.0,0.17941799655015453,0.428064942|-0.544867158|0.500515461,-0|0|-0,0.1955758190015331,0.002399495104327798,0.001265835016965866,0.0017677239375188947
61,3.1,-0.9156478640973162,0.05104140564799309,0.5964403748512268,0.48904097080230713,0.038023050874471664,1.0,1,0,0,0,0,0,0,,0,0,,-1,-1,nan,not_applicable,,,nan,0,0.0,0.0,0.0,0.0,0.0,0.5964403963810977,0.5964403748512268,2.1529870886105584e-08,0.0,0.0,0.0,0.0,0.0,0.0,0,0,disabled,0.0,1,PLAN_FAILED,ik_not_found,0,0.18539167405106127,1.089894552133046,0,0,0,0,-1,nan,nan,,,352,0,0,0,0,1,0,96,0,0,"{'solver_error': 0, 'short_solution': 0, 'duplicate': 0, 'goal_error': 0, 'joint_limit': 0, 'workspace': 0, 'obstacle_clearance': 291, 'obstacle_contact': 65, 'self_collision': 0}",0.00010473517295679897,356,356,nan,nan,0.0,passthrough,0,0,4,0,0,0,0,0,0.0,0.0,0.0,0.0,1.0,0.31538024944972776,0,0,0,0,0.31538024944972776,0.0,passthrough,osqp optimal,0.0,0,0,12,,workspace_z_lower,,,0,0,1,solved,nan,0,,0.0,0,osqp,0.0,valid,0.31538024944972776,0.873214483873313,0|0|0|0|0|0,0.487151881|0.315380249|0.316023695|0.397999755|0.427019022|0.476535366,0.660812605|0.489040974|0.489684419|0.57166048|0.600679746|0.65019609,0.607151881|0.435380249|0.436023695|0.517999755|0.547019022|0.596535366,0|0|0|0|0|0,0|0|0|0|0|0,0|0|0|0|0|0,1.94860752|1.261521|1.26409478|1.59199902|1.70807609|1.90614146,optimal,0.17941799655015453,0.0,0.17941799655015453,0.428064942|-0.544867158|0.500515461,-0|0|-0,0.010273949010297656,0.0027326419949531555,0.0013768119970336556,0.00173505290877074
62,3.1500000000000004,-0.9156478640973162,0.05104140564799309,0.5964403748512268,0.48904097080230713,0.038023050874471664,1.0,1,0,0,0,0,0,0,,0,0,,-1,-1,nan,not_applicable,,,nan,0,0.0,0.0,0.0,0.0,0.0,0.5964403963810977,0.5964403748512268,2.1529870886105584e-08,0.0,0.0,0.0,0.0,0.0,0.0,0,0,disabled,0.0,1,PLAN_FAILED,ik_not_found,0,0.18539167405106127,1.089894552133046,0,0,0,0,-1,nan,nan,,,352,0,0,0,0,1,0,96,0,0,"{'solver_error': 0, 'short_solution': 0, 'duplicate': 0, 'goal_error': 0, 'joint_limit': 0, 'workspace': 0, 'obstacle_clearance': 291, 'obstacle_contact': 65, 'self_collision': 0}",0.00010473517295679897,356,356,nan,nan,0.0,passthrough,0,0,4,0,0,0,0,0,0.0,0.0,0.0,0.0,1.0,0.31538024944972776,0,0,0,0,0.31538024944972776,0.0,passthrough,osqp optimal,0.0,0,0,12,,workspace_z_lower,,,0,0,1,solved,nan,0,,0.0,0,osqp,0.0,valid,0.31538024944972776,0.873214483873313,0|0|0|0|0|0,0.487151881|0.315380249|0.316023695|0.397999755|0.427019022|0.476535366,0.660812605|0.489040974|0.489684419|0.57166048|0.600679746|0.65019609,0.607151881|0.435380249|0.436023695|0.517999755|0.547019022|0.596535366,0|0|0|0|0|0,0|0|0|0|0|0,0|0|0|0|0|0,1.94860752|1.261521|1.26409478|1.59199902|1.70807609|1.90614146,optimal,0.17941799655015453,0.0,0.17941799655015453,0.428064942|-0.544867158|0.500515461,-0|0|-0,0.0109027890721336,0.003032529028132558,0.0013966129627078772,0.0019081000937148929
63,3.2,-0.9156478640973162,0.05104140564799309,0.5964403748512268,0.48904097080230713,0.038023050874471664,1.0,1,0,0,0,0,0,0,,0,0,,-1,-1,nan,not_applicable,,,nan,0,0.0,0.0,0.0,0.0,0.0,0.5964403963810977,0.5964403748512268,2.1529870886105584e-08,0.0,0.0,0.0,0.0,0.0,0.0,0,0,disabled,0.0,1,PLAN_FAILED,ik_not_found,0,0.18539167405106127,1.089894552133046,0,0,0,0,-1,nan,nan,,,352,0,0,0,0,1,0,96,0,0,"{'solver_error': 0, 'short_solution': 0, 'duplicate': 0, 'goal_error': 0, 'joint_limit': 0, 'workspace': 0, 'obstacle_clearance': 291, 'obstacle_contact': 65, 'self_collision': 0}",0.00010473517295679897,356,356,nan,nan,0.0,passthrough,0,0,4,0,0,0,0,0,0.0,0.0,0.0,0.0,1.0,0.31538024944972776,0,0,0,0,0.31538024944972776,0.0,passthrough,osqp optimal,0.0,0,0,12,,workspace_z_lower,,,0,0,1,solved,nan,0,,0.0,0,osqp,0.0,valid,0.31538024944972776,0.873214483873313,0|0|0|0|0|0,0.487151881|0.315380249|0.316023695|0.397999755|0.427019022|0.476535366,0.660812605|0.489040974|0.489684419|0.57166048|0.600679746|0.65019609,0.607151881|0.435380249|0.436023695|0.517999755|0.547019022|0.596535366,0|0|0|0|0|0,0|0|0|0|0|0,0|0|0|0|0|0,1.94860752|1.261521|1.26409478|1.59199902|1.70807609|1.90614146,optimal,0.17941799655015453,0.0,0.17941799655015453,0.428064942|-0.544867158|0.500515461,-0|0|-0,0.00988882698584348,0.002540362998843193,0.0013720350107178092,0.0018888299819082022
64,3.25,-0.9156478640973162,0.05104140564799309,0.5964403748512268,0.48904097080230713,0.038023050874471664,1.0,1,0,0,0,0,0,0,,0,0,,-1,-1,nan,not_applicable,,,nan,0,0.0,0.0,0.0,0.0,0.0,0.5964403963810977,0.5964403748512268,2.1529870886105584e-08,0.0,0.0,0.0,0.0,0.0,0.0,0,0,disabled,0.0,1,PLAN_FAILED,ik_not_found,0,0.18539167405106127,1.089894552133046,0,0,0,0,-1,nan,nan,,,352,0,0,0,0,1,0,96,0,0,"{'solver_error': 0, 'short_solution': 0, 'duplicate': 0, 'goal_error': 0, 'joint_limit': 0, 'workspace': 0, 'obstacle_clearance': 291, 'obstacle_contact': 65, 'self_collision': 0}",0.00010473517295679897,356,356,nan,nan,0.0,passthrough,0,0,4,0,0,0,0,0,0.0,0.0,0.0,0.0,1.0,0.31538024944972776,0,0,0,0,0.31538024944972776,0.0,passthrough,osqp optimal,0.0,0,0,12,,workspace_z_lower,,,0,0,1,solved,nan,0,,0.0,0,osqp,0.0,valid,0.31538024944972776,0.873214483873313,0|0|0|0|0|0,0.487151881|0.315380249|0.316023695|0.397999755|0.427019022|0.476535366,0.660812605|0.489040974|0.489684419|0.57166048|0.600679746|0.65019609,0.607151881|0.435380249|0.436023695|0.517999755|0.547019022|0.596535366,0|0|0|0|0|0,0|0|0|0|0|0,0|0|0|0|0|0,1.94860752|1.261521|1.26409478|1.59199902|1.70807609|1.90614146,optimal,0.17941799655015453,0.0,0.17941799655015453,0.428064942|-0.544867158|0.500515461,-0|0|-0,0.009578757104463875,0.0027768979780375957,0.001287864986807108,0.0015492439270019531
65,3.3000000000000003,-0.9156478640973162,0.05104140564799309,0.5964403748512268,0.48904097080230713,0.038023050874471664,1.0,1,0,0,0,0,0,0,,0,0,,-1,-1,nan,not_applicable,,,nan,0,0.0,0.0,0.0,0.0,0.0,0.5964403963810977,0.5964403748512268,2.1529870886105584e-08,0.0,0.0,0.0,0.0,0.0,0.0,0,0,disabled,0.0,1,PLAN_FAILED,ik_not_found,0,0.18539167405106127,1.089894552133046,0,0,0,0,-1,nan,nan,,,352,0,0,0,0,1,0,96,0,0,"{'solver_error': 0, 'short_solution': 0, 'duplicate': 0, 'goal_error': 0, 'joint_limit': 0, 'workspace': 0, 'obstacle_clearance': 291, 'obstacle_contact': 65, 'self_collision': 0}",0.00010473517295679897,356,356,nan,nan,0.0,passthrough,0,0,4,0,0,0,0,0,0.0,0.0,0.0,0.0,1.0,0.31538024944972776,0,0,0,0,0.31538024944972776,0.0,passthrough,osqp optimal,0.0,0,0,12,,workspace_z_lower,,,0,0,1,solved,nan,0,,0.0,0,osqp,0.0,valid,0.31538024944972776,0.873214483873313,0|0|0|0|0|0,0.487151881|0.315380249|0.316023695|0.397999755|0.427019022|0.476535366,0.660812605|0.489040974|0.489684419|0.57166048|0.600679746|0.65019609,0.607151881|0.435380249|0.436023695|0.517999755|0.547019022|0.596535366,0|0|0|0|0|0,0|0|0|0|0|0,0|0|0|0|0|0,1.94860752|1.261521|1.26409478|1.59199902|1.70807609|1.90614146,optimal,0.17941799655015453,0.0,0.17941799655015453,0.428064942|-0.544867158|0.500515461,-0|0|-0,0.0096779860323295,0.0025116540491580963,0.0013393861008808017,0.0018116440623998642
66,3.35,-0.9156478640973162,0.05104140564799309,0.5964403748512268,0.48904097080230713,0.038023050874471664,1.0,1,0,0,0,0,0,0,,0,0,,-1,-1,nan,not_applicable,,,nan,0,0.0,0.0,0.0,0.0,0.0,0.5964403963810977,0.5964403748512268,2.1529870886105584e-08,0.0,0.0,0.0,0.0,0.0,0.0,0,0,disabled,0.0,1,PLAN_FAILED,ik_not_found,0,0.18539167405106127,1.089894552133046,0,0,0,0,-1,nan,nan,,,352,0,0,0,0,1,0,96,0,0,"{'solver_error': 0, 'short_solution': 0, 'duplicate': 0, 'goal_error': 0, 'joint_limit': 0, 'workspace': 0, 'obstacle_clearance': 291, 'obstacle_contact': 65, 'self_collision': 0}",0.00010473517295679897,356,356,nan,nan,0.0,passthrough,0,0,4,0,0,0,0,0,0.0,0.0,0.0,0.0,1.0,0.31538024944972776,0,0,0,0,0.31538024944972776,0.0,passthrough,osqp optimal,0.0,0,0,12,,workspace_z_lower,,,0,0,1,solved,nan,0,,0.0,0,osqp,0.0,valid,0.31538024944972776,0.873214483873313,0|0|0|0|0|0,0.487151881|0.315380249|0.316023695|0.397999755|0.427019022|0.476535366,0.660812605|0.489040974|0.489684419|0.57166048|0.600679746|0.65019609,0.607151881|0.435380249|0.436023695|0.517999755|0.547019022|0.596535366,0|0|0|0|0|0,0|0|0|0|0|0,0|0|0|0|0|0,1.94860752|1.261521|1.26409478|1.59199902|1.70807609|1.90614146,optimal,0.17941799655015453,0.0,0.17941799655015453,0.428064942|-0.544867158|0.500515461,-0|0|-0,0.009965251083485782,0.0026387550169602036,0.0012872220249846578,0.0016684549627825618
67,3.4000000000000004,-0.9156478640973162,0.05104140564799309,0.5964403748512268,0.48904097080230713,0.038023050874471664,1.0,1,0,0,0,0,0,0,,0,0,,-1,-1,nan,not_applicable,,,nan,0,0.0,0.0,0.0,0.0,0.0,0.5964403963810977,0.5964403748512268,2.1529870886105584e-08,0.0,0.0,0.0,0.0,0.0,0.0,0,0,disabled,0.0,1,PLAN_FAILED,ik_not_found,0,0.18539167405106127,1.089894552133046,0,0,0,0,-1,nan,nan,,,352,0,0,0,0,1,0,96,0,0,"{'solver_error': 0, 'short_solution': 0, 'duplicate': 0, 'goal_error': 0, 'joint_limit': 0, 'workspace': 0, 'obstacle_clearance': 291, 'obstacle_contact': 65, 'self_collision': 0}",0.00010473517295679897,356,356,nan,nan,0.0,passthrough,0,0,4,0,0,0,0,0,0.0,0.0,0.0,0.0,1.0,0.31538024944972776,0,0,0,0,0.31538024944972776,0.0,passthrough,osqp optimal,0.0,0,0,12,,workspace_z_lower,,,0,0,1,solved,nan,0,,0.0,0,osqp,0.0,valid,0.31538024944972776,0.873214483873313,0|0|0|0|0|0,0.487151881|0.315380249|0.316023695|0.397999755|0.427019022|0.476535366,0.660812605|0.489040974|0.489684419|0.57166048|0.600679746|0.65019609,0.607151881|0.435380249|0.436023695|0.517999755|0.547019022|0.596535366,0|0|0|0|0|0,0|0|0|0|0|0,0|0|0|0|0|0,1.94860752|1.261521|1.26409478|1.59199902|1.70807609|1.90614146,optimal,0.17941799655015453,0.0,0.17941799655015453,0.428064942|-0.544867158|0.500515461,-0|0|-0,0.00990057794842869,0.0025700090918689966,0.0013019900070503354,0.0016166119603440166
68,3.45,-0.9156478640973162,0.05104140564799309,0.5964403748512268,0.48904097080230713,0.038023050874471664,1.0,1,0,0,0,0,0,0,,0,0,,-1,-1,nan,not_applicable,,,nan,0,0.0,0.0,0.0,0.0,0.0,0.5964403963810977,0.5964403748512268,2.1529870886105584e-08,0.0,0.0,0.0,0.0,0.0,0.0,0,0,disabled,0.0,1,PLAN_FAILED,ik_not_found,0,0.18539167405106127,1.089894552133046,0,0,0,0,-1,nan,nan,,,352,0,0,0,0,1,0,96,0,0,"{'solver_error': 0, 'short_solution': 0, 'duplicate': 0, 'goal_error': 0, 'joint_limit': 0, 'workspace': 0, 'obstacle_clearance': 291, 'obstacle_contact': 65, 'self_collision': 0}",0.00010473517295679897,356,356,nan,nan,0.0,passthrough,0,0,4,0,0,0,0,0,0.0,0.0,0.0,0.0,1.0,0.31538024944972776,0,0,0,0,0.31538024944972776,0.0,passthrough,osqp optimal,0.0,0,0,12,,workspace_z_lower,,,0,0,1,solved,nan,0,,0.0,0,osqp,0.0,valid,0.31538024944972776,0.873214483873313,0|0|0|0|0|0,0.487151881|0.315380249|0.316023695|0.397999755|0.427019022|0.476535366,0.660812605|0.489040974|0.489684419|0.57166048|0.600679746|0.65019609,0.607151881|0.435380249|0.436023695|0.517999755|0.547019022|0.596535366,0|0|0|0|0|0,0|0|0|0|0|0,0|0|0|0|0|0,1.94860752|1.261521|1.26409478|1.59199902|1.70807609|1.90614146,optimal,0.17941799655015453,0.0,0.17941799655015453,0.428064942|-0.544867158|0.500515461,-0|0|-0,0.009638461982831359,0.002742556040175259,0.0013041869970038533,0.001552495057694614
69,3.5,-0.9156478640973162,0.05104140564799309,0.5964403748512268,0.48904097080230713,0.038023050874471664,1.0,1,0,0,0,0,0,0,,0,0,,-1,-1,nan,not_applicable,,,nan,0,0.0,0.0,0.0,0.0,0.0,0.5964403963810977,0.5964403748512268,2.1529870886105584e-08,0.0,0.0,0.0,0.0,0.0,0.0,0,0,disabled,0.0,1,PLAN_FAILED,ik_not_found,0,0.18539167405106127,1.089894552133046,0,0,0,0,-1,nan,nan,,,352,0,0,0,0,1,0,96,0,0,"{'solver_error': 0, 'short_solution': 0, 'duplicate': 0, 'goal_error': 0, 'joint_limit': 0, 'workspace': 0, 'obstacle_clearance': 291, 'obstacle_contact': 65, 'self_collision': 0}",0.00010473517295679897,356,356,nan,nan,0.0,passthrough,0,0,4,0,0,0,0,0,0.0,0.0,0.0,0.0,1.0,0.31538024944972776,0,0,0,0,0.31538024944972776,0.0,passthrough,osqp optimal,0.0,0,0,12,,workspace_z_lower,,,0,0,1,solved,nan,0,,0.0,0,osqp,0.0,valid,0.31538024944972776,0.873214483873313,0|0|0|0|0|0,0.487151881|0.315380249|0.316023695|0.397999755|0.427019022|0.476535366,0.660812605|0.489040974|0.489684419|0.57166048|0.600679746|0.65019609,0.607151881|0.435380249|0.436023695|0.517999755|0.547019022|0.596535366,0|0|0|0|0|0,0|0|0|0|0|0,0|0|0|0|0|0,1.94860752|1.261521|1.26409478|1.59199902|1.70807609|1.90614146,optimal,0.17941799655015453,0.0,0.17941799655015453,0.428064942|-0.544867158|0.500515461,-0|0|-0,0.00981060799676925,0.0025569890858605504,0.0014485989231616259,0.001694255042821169
70,3.5500000000000003,-0.9156478640973162,0.05104140564799309,0.5964403748512268,0.48904097080230713,0.038023050874471664,1.0,1,0,0,0,0,0,0,,0,0,,-1,-1,nan,not_applicable,,,nan,0,0.0,0.0,0.0,0.0,0.0,0.5964403963810977,0.5964403748512268,2.1529870886105584e-08,0.0,0.0,0.0,0.0,0.0,0.0,0,0,disabled,0.0,1,PLAN_FAILED,ik_not_found,0,0.18539167405106127,1.089894552133046,0,0,0,0,-1,nan,nan,,,352,0,0,0,0,1,0,96,0,0,"{'solver_error': 0, 'short_solution': 0, 'duplicate': 0, 'goal_error': 0, 'joint_limit': 0, 'workspace': 0, 'obstacle_clearance': 291, 'obstacle_contact': 65, 'self_collision': 0}",0.00010473517295679897,356,356,nan,nan,0.0,passthrough,0,0,4,0,0,0,0,0,0.0,0.0,0.0,0.0,1.0,0.31538024944972776,0,0,0,0,0.31538024944972776,0.0,passthrough,osqp optimal,0.0,0,0,12,,workspace_z_lower,,,0,0,1,solved,nan,0,,0.0,0,osqp,0.0,valid,0.31538024944972776,0.873214483873313,0|0|0|0|0|0,0.487151881|0.315380249|0.316023695|0.397999755|0.427019022|0.476535366,0.660812605|0.489040974|0.489684419|0.57166048|0.600679746|0.65019609,0.607151881|0.435380249|0.436023695|0.517999755|0.547019022|0.596535366,0|0|0|0|0|0,0|0|0|0|0|0,0|0|0|0|0|0,1.94860752|1.261521|1.26409478|1.59199902|1.70807609|1.90614146,optimal,0.17941799655015453,0.0,0.17941799655015453,0.428064942|-0.544867158|0.500515461,-0|0|-0,0.009136046981438994,0.002346646972000599,0.0012630460551008582,0.0015675070462748408
71,3.6,-0.9156478640973162,0.05104140564799309,0.5964403748512268,0.48904097080230713,0.038023050874471664,1.0,1,0,0,0,0,0,0,,0,0,,-1,-1,nan,not_applicable,,,nan,0,0.0,0.0,0.0,0.0,0.0,0.5964403963810977,0.5964403748512268,2.1529870886105584e-08,0.0,0.0,0.0,0.0,0.0,0.0,0,0,disabled,0.0,1,PLAN_FAILED,ik_not_found,0,0.18539167405106127,1.089894552133046,0,0,0,0,-1,nan,nan,,,352,0,0,0,0,1,0,96,0,0,"{'solver_error': 0, 'short_solution': 0, 'duplicate': 0, 'goal_error': 0, 'joint_limit': 0, 'workspace': 0, 'obstacle_clearance': 291, 'obstacle_contact': 65, 'self_collision': 0}",0.00010473517295679897,356,356,nan,nan,0.0,passthrough,0,0,4,0,0,0,0,0,0.0,0.0,0.0,0.0,1.0,0.31538024944972776,0,0,0,0,0.31538024944972776,0.0,passthrough,osqp optimal,0.0,0,0,12,,workspace_z_lower,,,0,0,1,solved,nan,0,,0.0,0,osqp,0.0,valid,0.31538024944972776,0.873214483873313,0|0|0|0|0|0,0.487151881|0.315380249|0.316023695|0.397999755|0.427019022|0.476535366,0.660812605|0.489040974|0.489684419|0.57166048|0.600679746|0.65019609,0.607151881|0.435380249|0.436023695|0.517999755|0.547019022|0.596535366,0|0|0|0|0|0,0|0|0|0|0|0,0|0|0|0|0|0,1.94860752|1.261521|1.26409478|1.59199902|1.70807609|1.90614146,optimal,0.17941799655015453,0.0,0.17941799655015453,0.428064942|-0.544867158|0.500515461,-0|0|-0,0.013529030024074018,0.003056341898627579,0.0012835520319640636,0.0018666760297492146
72,3.6500000000000004,-0.9156478640973162,0.05104140564799309,0.5964403748512268,0.48904097080230713,0.038023050874471664,1.0,1,0,0,0,0,0,0,,0,0,,-1,-1,nan,not_applicable,,,nan,0,0.0,0.0,0.0,0.0,0.0,0.5964403963810977,0.5964403748512268,2.1529870886105584e-08,0.0,0.0,0.0,0.0,0.0,0.0,0,0,disabled,0.0,1,PLAN_FAILED,ik_not_found,0,0.18539167405106127,1.089894552133046,0,0,0,0,-1,nan,nan,,,352,0,0,0,0,1,0,96,0,0,"{'solver_error': 0, 'short_solution': 0, 'duplicate': 0, 'goal_error': 0, 'joint_limit': 0, 'workspace': 0, 'obstacle_clearance': 291, 'obstacle_contact': 65, 'self_collision': 0}",0.00010473517295679897,356,356,nan,nan,0.0,passthrough,0,0,4,0,0,0,0,0,0.0,0.0,0.0,0.0,1.0,0.31538024944972776,0,0,0,0,0.31538024944972776,0.0,passthrough,osqp optimal,0.0,0,0,12,,workspace_z_lower,,,0,0,1,solved,nan,0,,0.0,0,osqp,0.0,valid,0.31538024944972776,0.873214483873313,0|0|0|0|0|0,0.487151881|0.315380249|0.316023695|0.397999755|0.427019022|0.476535366,0.660812605|0.489040974|0.489684419|0.57166048|0.600679746|0.65019609,0.607151881|0.435380249|0.436023695|0.517999755|0.547019022|0.596535366,0|0|0|0|0|0,0|0|0|0|0|0,0|0|0|0|0|0,1.94860752|1.261521|1.26409478|1.59199902|1.70807609|1.90614146,optimal,0.17941799655015453,0.0,0.17941799655015453,0.428064942|-0.544867158|0.500515461,-0|0|-0,0.00998510594945401,0.0025495770387351513,0.0012928920332342386,0.001640553935430944
73,3.7,-0.9156478640973162,0.05104140564799309,0.5964403748512268,0.48904097080230713,0.038023050874471664,1.0,1,0,0,0,0,0,0,,0,0,,-1,-1,nan,not_applicable,,,nan,0,0.0,0.0,0.0,0.0,0.0,0.5964403963810977,0.5964403748512268,2.1529870886105584e-08,0.0,0.0,0.0,0.0,0.0,0.0,0,0,disabled,0.0,1,PLAN_FAILED,ik_not_found,0,0.18539167405106127,1.089894552133046,0,0,0,0,-1,nan,nan,,,352,0,0,0,0,1,0,96,0,0,"{'solver_error': 0, 'short_solution': 0, 'duplicate': 0, 'goal_error': 0, 'joint_limit': 0, 'workspace': 0, 'obstacle_clearance': 291, 'obstacle_contact': 65, 'self_collision': 0}",0.00010473517295679897,356,356,nan,nan,0.0,passthrough,0,0,4,0,0,0,0,0,0.0,0.0,0.0,0.0,1.0,0.31538024944972776,0,0,0,0,0.31538024944972776,0.0,passthrough,osqp optimal,0.0,0,0,12,,workspace_z_lower,,,0,0,1,solved,nan,0,,0.0,0,osqp,0.0,valid,0.31538024944972776,0.873214483873313,0|0|0|0|0|0,0.487151881|0.315380249|0.316023695|0.397999755|0.427019022|0.476535366,0.660812605|0.489040974|0.489684419|0.57166048|0.600679746|0.65019609,0.607151881|0.435380249|0.436023695|0.517999755|0.547019022|0.596535366,0|0|0|0|0|0,0|0|0|0|0|0,0|0|0|0|0|0,1.94860752|1.261521|1.26409478|1.59199902|1.70807609|1.90614146,optimal,0.17941799655015453,0.0,0.17941799655015453,0.428064942|-0.544867158|0.500515461,-0|0|-0,0.010446631000377238,0.0027169310487806797,0.0013435810105875134,0.0016386869829148054
74,3.75,-0.9156478640973162,0.05104140564799309,0.5964403748512268,0.48904097080230713,0.038023050874471664,1.0,1,0,0,0,0,0,0,,0,0,,-1,-1,nan,not_applicable,,,nan,0,0.0,0.0,0.0,0.0,0.0,0.5964403963810977,0.5964403748512268,2.1529870886105584e-08,0.0,0.0,0.0,0.0,0.0,0.0,0,0,disabled,0.0,1,PLAN_FAILED,ik_not_found,0,0.18539167405106127,1.089894552133046,0,0,0,0,-1,nan,nan,,,352,0,0,0,0,1,0,96,0,0,"{'solver_error': 0, 'short_solution': 0, 'duplicate': 0, 'goal_error': 0, 'joint_limit': 0, 'workspace': 0, 'obstacle_clearance': 291, 'obstacle_contact': 65, 'self_collision': 0}",0.00010473517295679897,356,356,nan,nan,0.0,passthrough,0,0,4,0,0,0,0,0,0.0,0.0,0.0,0.0,1.0,0.31538024944972776,0,0,0,0,0.31538024944972776,0.0,passthrough,osqp optimal,0.0,0,0,12,,workspace_z_lower,,,0,0,1,solved,nan,0,,0.0,0,osqp,0.0,valid,0.31538024944972776,0.873214483873313,0|0|0|0|0|0,0.487151881|0.315380249|0.316023695|0.397999755|0.427019022|0.476535366,0.660812605|0.489040974|0.489684419|0.57166048|0.600679746|0.65019609,0.607151881|0.435380249|0.436023695|0.517999755|0.547019022|0.596535366,0|0|0|0|0|0,0|0|0|0|0|0,0|0|0|0|0|0,1.94860752|1.261521|1.26409478|1.59199902|1.70807609|1.90614146,optimal,0.17941799655015453,0.0,0.17941799655015453,0.428064942|-0.544867158|0.500515461,-0|0|-0,0.010136722004972398,0.0027318340726196766,0.0013000739272683859,0.0017358390614390373
75,3.8000000000000003,-0.9156478640973162,0.05104140564799309,0.5964403748512268,0.48904097080230713,0.038023050874471664,1.0,1,0,0,0,0,0,0,,0,0,,-1,-1,nan,not_applicable,,,nan,0,0.0,0.0,0.0,0.0,0.0,0.5964403963810977,0.5964403748512268,2.1529870886105584e-08,0.0,0.0,0.0,0.0,0.0,0.0,0,0,disabled,0.0,1,PLAN_FAILED,ik_not_found,0,0.18539167405106127,1.089894552133046,0,0,0,0,-1,nan,nan,,,352,0,0,0,0,1,0,96,0,0,"{'solver_error': 0, 'short_solution': 0, 'duplicate': 0, 'goal_error': 0, 'joint_limit': 0, 'workspace': 0, 'obstacle_clearance': 291, 'obstacle_contact': 65, 'self_collision': 0}",0.00010473517295679897,356,356,nan,nan,0.0,passthrough,0,0,4,0,0,0,0,0,0.0,0.0,0.0,0.0,1.0,0.31538024944972776,0,0,0,0,0.31538024944972776,0.0,passthrough,osqp optimal,0.0,0,0,12,,workspace_z_lower,,,0,0,1,solved,nan,0,,0.0,0,osqp,0.0,valid,0.31538024944972776,0.873214483873313,0|0|0|0|0|0,0.487151881|0.315380249|0.316023695|0.397999755|0.427019022|0.476535366,0.660812605|0.489040974|0.489684419|0.57166048|0.600679746|0.65019609,0.607151881|0.435380249|0.436023695|0.517999755|0.547019022|0.596535366,0|0|0|0|0|0,0|0|0|0|0|0,0|0|0|0|0|0,1.94860752|1.261521|1.26409478|1.59199902|1.70807609|1.90614146,optimal,0.17941799655015453,0.0,0.17941799655015453,0.428064942|-0.544867158|0.500515461,-0|0|-0,0.011475195060484111,0.002629813039675355,0.0014432149473577738,0.0017037179786711931
76,3.85,-0.9156478640973162,0.05104140564799309,0.5964403748512268,0.48904097080230713,0.038023050874471664,1.0,1,0,0,0,0,0,0,,0,0,,-1,-1,nan,not_applicable,,,nan,0,0.0,0.0,0.0,0.0,0.0,0.5964403963810977,0.5964403748512268,2.1529870886105584e-08,0.0,0.0,0.0,0.0,0.0,0.0,0,0,disabled,0.0,1,PLAN_FAILED,ik_not_found,0,0.18539167405106127,1.089894552133046,0,0,0,0,-1,nan,nan,,,352,0,0,0,0,1,0,96,0,0,"{'solver_error': 0, 'short_solution': 0, 'duplicate': 0, 'goal_error': 0, 'joint_limit': 0, 'workspace': 0, 'obstacle_clearance': 291, 'obstacle_contact': 65, 'self_collision': 0}",0.00010473517295679897,356,356,nan,nan,0.0,passthrough,0,0,4,0,0,0,0,0,0.0,0.0,0.0,0.0,1.0,0.31538024944972776,0,0,0,0,0.31538024944972776,0.0,passthrough,osqp optimal,0.0,0,0,12,,workspace_z_lower,,,0,0,1,solved,nan,0,,0.0,0,osqp,0.0,valid,0.31538024944972776,0.873214483873313,0|0|0|0|0|0,0.487151881|0.315380249|0.316023695|0.397999755|0.427019022|0.476535366,0.660812605|0.489040974|0.489684419|0.57166048|0.600679746|0.65019609,0.607151881|0.435380249|0.436023695|0.517999755|0.547019022|0.596535366,0|0|0|0|0|0,0|0|0|0|0|0,0|0|0|0|0|0,1.94860752|1.261521|1.26409478|1.59199902|1.70807609|1.90614146,optimal,0.17941799655015453,0.0,0.17941799655015453,0.428064942|-0.544867158|0.500515461,-0|0|-0,0.010340871987864375,0.0031066619558259845,0.0013639000244438648,0.0017284579807892442
77,3.9000000000000004,-0.9156478640973162,0.05104140564799309,0.5964403748512268,0.48904097080230713,0.038023050874471664,1.0,1,0,0,0,0,0,0,,0,0,,-1,-1,nan,not_applicable,,,nan,0,0.0,0.0,0.0,0.0,0.0,0.5964403963810977,0.5964403748512268,2.1529870886105584e-08,0.0,0.0,0.0,0.0,0.0,0.0,0,0,disabled,0.0,1,PLAN_FAILED,ik_not_found,0,0.18539167405106127,1.089894552133046,0,0,0,0,-1,nan,nan,,,352,0,0,0,0,1,0,96,0,0,"{'solver_error': 0, 'short_solution': 0, 'duplicate': 0, 'goal_error': 0, 'joint_limit': 0, 'workspace': 0, 'obstacle_clearance': 291, 'obstacle_contact': 65, 'self_collision': 0}",0.00010473517295679897,356,356,nan,nan,0.0,passthrough,0,0,4,0,0,0,0,0,0.0,0.0,0.0,0.0,1.0,0.31538024944972776,0,0,0,0,0.31538024944972776,0.0,passthrough,osqp optimal,0.0,0,0,12,,workspace_z_lower,,,0,0,1,solved,nan,0,,0.0,0,osqp,0.0,valid,0.31538024944972776,0.873214483873313,0|0|0|0|0|0,0.487151881|0.315380249|0.316023695|0.397999755|0.427019022|0.476535366,0.660812605|0.489040974|0.489684419|0.57166048|0.600679746|0.65019609,0.607151881|0.435380249|0.436023695|0.517999755|0.547019022|0.596535366,0|0|0|0|0|0,0|0|0|0|0|0,0|0|0|0|0|0,1.94860752|1.261521|1.26409478|1.59199902|1.70807609|1.90614146,optimal,0.17941799655015453,0.0,0.17941799655015453,0.428064942|-0.544867158|0.500515461,-0|0|-0,0.010136928991414607,0.0026255339616909623,0.0013048540567979217,0.0017843010136857629
78,3.95,-0.9156478640973162,0.05104140564799309,0.5964403748512268,0.48904097080230713,0.038023050874471664,1.0,1,0,0,0,0,0,0,,0,0,,-1,-1,nan,not_applicable,,,nan,0,0.0,0.0,0.0,0.0,0.0,0.5964403963810977,0.5964403748512268,2.1529870886105584e-08,0.0,0.0,0.0,0.0,0.0,0.0,0,0,disabled,0.0,1,PLAN_FAILED,ik_not_found,0,0.18539167405106127,1.089894552133046,0,0,0,0,-1,nan,nan,,,352,0,0,0,0,1,0,96,0,0,"{'solver_error': 0, 'short_solution': 0, 'duplicate': 0, 'goal_error': 0, 'joint_limit': 0, 'workspace': 0, 'obstacle_clearance': 291, 'obstacle_contact': 65, 'self_collision': 0}",0.00010473517295679897,356,356,nan,nan,0.0,passthrough,0,0,4,0,0,0,0,0,0.0,0.0,0.0,0.0,1.0,0.31538024944972776,0,0,0,0,0.31538024944972776,0.0,passthrough,osqp optimal,0.0,0,0,12,,workspace_z_lower,,,0,0,1,solved,nan,0,,0.0,0,osqp,0.0,valid,0.31538024944972776,0.873214483873313,0|0|0|0|0|0,0.487151881|0.315380249|0.316023695|0.397999755|0.427019022|0.476535366,0.660812605|0.489040974|0.489684419|0.57166048|0.600679746|0.65019609,0.607151881|0.435380249|0.436023695|0.517999755|0.547019022|0.596535366,0|0|0|0|0|0,0|0|0|0|0|0,0|0|0|0|0|0,1.94860752|1.261521|1.26409478|1.59199902|1.70807609|1.90614146,optimal,0.17941799655015453,0.0,0.17941799655015453,0.428064942|-0.544867158|0.500515461,-0|0|-0,0.010537877911701798,0.002709744032472372,0.001321161980740726,0.0018194250296801329
79,4.0,-0.9156478640973162,0.05104140564799309,0.5964403748512268,0.48904097080230713,0.038023050874471664,1.0,1,0,0,0,0,0,0,,0,0,,-1,-1,nan,not_applicable,,,nan,0,0.0,0.0,0.0,0.0,0.0,0.5964403963810977,0.5964403748512268,2.1529870886105584e-08,0.0,0.0,0.0,0.0,0.0,0.0,0,0,disabled,0.0,1,PLAN_FAILED,ik_not_found,0,0.18539167405106127,1.089894552133046,0,0,0,0,-1,nan,nan,,,352,0,0,0,0,1,0,96,0,0,"{'solver_error': 0, 'short_solution': 0, 'duplicate': 0, 'goal_error': 0, 'joint_limit': 0, 'workspace': 0, 'obstacle_clearance': 291, 'obstacle_contact': 65, 'self_collision': 0}",0.00010473517295679897,356,356,nan,nan,0.0,passthrough,0,0,4,0,0,0,0,0,0.0,0.0,0.0,0.0,1.0,0.31538024944972776,0,0,0,0,0.31538024944972776,0.0,passthrough,osqp optimal,0.0,0,0,12,,workspace_z_lower,,,0,0,1,solved,nan,0,,0.0,0,osqp,0.0,valid,0.31538024944972776,0.873214483873313,0|0|0|0|0|0,0.487151881|0.315380249|0.316023695|0.397999755|0.427019022|0.476535366,0.660812605|0.489040974|0.489684419|0.57166048|0.600679746|0.65019609,0.607151881|0.435380249|0.436023695|0.517999755|0.547019022|0.596535366,0|0|0|0|0|0,0|0|0|0|0|0,0|0|0|0|0|0,1.94860752|1.261521|1.26409478|1.59199902|1.70807609|1.90614146,optimal,0.17941799655015453,0.0,0.17941799655015453,0.428064942|-0.544867158|0.500515461,-0|0|-0,0.011285635991953313,0.0035360560286790133,0.0013673329958692193,0.001614847918972373
80,4.05,-0.9156478640973162,0.05104140564799309,0.5964403748512268,0.48904097080230713,0.038023050874471664,1.0,1,0,0,0,0,0,0,,0,0,,-1,-1,nan,not_applicable,,,nan,0,0.0,0.0,0.0,0.0,0.0,0.5964403963810977,0.5964403748512268,2.1529870886105584e-08,0.0,0.0,0.0,0.0,0.0,0.0,0,0,disabled,0.0,1,PLAN_FAILED,ik_not_found,0,0.18737538903951645,1.2772699411725625,0,0,0,0,-1,nan,nan,,,416,0,0,0,0,1,0,96,0,0,"{'solver_error': 0, 'short_solution': 0, 'duplicate': 0, 'goal_error': 0, 'joint_limit': 0, 'workspace': 0, 'obstacle_clearance': 338, 'obstacle_contact': 83, 'self_collision': 0}",0.00010473517295679897,421,421,nan,nan,0.0,passthrough,0,0,5,0,0,0,0,0,0.0,0.0,0.0,0.0,1.0,0.31538024944972776,0,0,0,0,0.31538024944972776,0.0,passthrough,osqp optimal,0.0,0,0,12,,workspace_z_lower,,,0,0,1,solved,nan,0,,0.0,0,osqp,0.0,valid,0.31538024944972776,0.873214483873313,0|0|0|0|0|0,0.487151881|0.315380249|0.316023695|0.397999755|0.427019022|0.476535366,0.660812605|0.489040974|0.489684419|0.57166048|0.600679746|0.65019609,0.607151881|0.435380249|0.436023695|0.517999755|0.547019022|0.596535366,0|0|0|0|0|0,0|0|0|0|0|0,0|0|0|0|0|0,1.94860752|1.261521|1.26409478|1.59199902|1.70807609|1.90614146,optimal,0.17941799655015453,0.0,0.17941799655015453,0.428064942|-0.544867158|0.500515461,-0|0|-0,0.19702715694438666,0.002493856009095907,0.0013753609964624047,0.0016594829503446817
81,4.1000000000000005,-0.9156478640973162,0.05104140564799309,0.5964403748512268,0.48904097080230713,0.038023050874471664,1.0,1,0,0,0,0,0,0,,0,0,,-1,-1,nan,not_applicable,,,nan,0,0.0,0.0,0.0,0.0,0.0,0.5964403963810977,0.5964403748512268,2.1529870886105584e-08,0.0,0.0,0.0,0.0,0.0,0.0,0,0,disabled,0.0,1,PLAN_FAILED,ik_not_found,0,0.18737538903951645,1.2772699411725625,0,0,0,0,-1,nan,nan,,,416,0,0,0,0,1,0,96,0,0,"{'solver_error': 0, 'short_solution': 0, 'duplicate': 0, 'goal_error': 0, 'joint_limit': 0, 'workspace': 0, 'obstacle_clearance': 338, 'obstacle_contact': 83, 'self_collision': 0}",0.00010473517295679897,421,421,nan,nan,0.0,passthrough,0,0,5,0,0,0,0,0,0.0,0.0,0.0,0.0,1.0,0.31538024944972776,0,0,0,0,0.31538024944972776,0.0,passthrough,osqp optimal,0.0,0,0,12,,workspace_z_lower,,,0,0,1,solved,nan,0,,0.0,0,osqp,0.0,valid,0.31538024944972776,0.873214483873313,0|0|0|0|0|0,0.487151881|0.315380249|0.316023695|0.397999755|0.427019022|0.476535366,0.660812605|0.489040974|0.489684419|0.57166048|0.600679746|0.65019609,0.607151881|0.435380249|0.436023695|0.517999755|0.547019022|0.596535366,0|0|0|0|0|0,0|0|0|0|0|0,0|0|0|0|0|0,1.94860752|1.261521|1.26409478|1.59199902|1.70807609|1.90614146,optimal,0.17941799655015453,0.0,0.17941799655015453,0.428064942|-0.544867158|0.500515461,-0|0|-0,0.009863973944447935,0.0023959389654919505,0.0017311490373685956,0.0018466860055923462
82,4.15,-0.9156478640973162,0.05104140564799309,0.5964403748512268,0.48904097080230713,0.038023050874471664,1.0,1,0,0,0,0,0,0,,0,0,,-1,-1,nan,not_applicable,,,nan,0,0.0,0.0,0.0,0.0,0.0,0.5964403963810977,0.5964403748512268,2.1529870886105584e-08,0.0,0.0,0.0,0.0,0.0,0.0,0,0,disabled,0.0,1,PLAN_FAILED,ik_not_found,0,0.18737538903951645,1.2772699411725625,0,0,0,0,-1,nan,nan,,,416,0,0,0,0,1,0,96,0,0,"{'solver_error': 0, 'short_solution': 0, 'duplicate': 0, 'goal_error': 0, 'joint_limit': 0, 'workspace': 0, 'obstacle_clearance': 338, 'obstacle_contact': 83, 'self_collision': 0}",0.00010473517295679897,421,421,nan,nan,0.0,passthrough,0,0,5,0,0,0,0,0,0.0,0.0,0.0,0.0,1.0,0.31538024944972776,0,0,0,0,0.31538024944972776,0.0,passthrough,osqp optimal,0.0,0,0,12,,workspace_z_lower,,,0,0,1,solved,nan,0,,0.0,0,osqp,0.0,valid,0.31538024944972776,0.873214483873313,0|0|0|0|0|0,0.487151881|0.315380249|0.316023695|0.397999755|0.427019022|0.476535366,0.660812605|0.489040974|0.489684419|0.57166048|0.600679746|0.65019609,0.607151881|0.435380249|0.436023695|0.517999755|0.547019022|0.596535366,0|0|0|0|0|0,0|0|0|0|0|0,0|0|0|0|0|0,1.94860752|1.261521|1.26409478|1.59199902|1.70807609|1.90614146,optimal,0.17941799655015453,0.0,0.17941799655015453,0.428064942|-0.544867158|0.500515461,-0|0|-0,0.009428885066881776,0.0024601989425718784,0.0013034529983997345,0.0016322770388796926
83,4.2,-0.9156478640973162,0.05104140564799309,0.5964403748512268,0.48904097080230713,0.038023050874471664,1.0,1,0,0,0,0,0,0,,0,0,,-1,-1,nan,not_applicable,,,nan,0,0.0,0.0,0.0,0.0,0.0,0.5964403963810977,0.5964403748512268,2.1529870886105584e-08,0.0,0.0,0.0,0.0,0.0,0.0,0,0,disabled,0.0,1,PLAN_FAILED,ik_not_found,0,0.18737538903951645,1.2772699411725625,0,0,0,0,-1,nan,nan,,,416,0,0,0,0,1,0,96,0,0,"{'solver_error': 0, 'short_solution': 0, 'duplicate': 0, 'goal_error': 0, 'joint_limit': 0, 'workspace': 0, 'obstacle_clearance': 338, 'obstacle_contact': 83, 'self_collision': 0}",0.00010473517295679897,421,421,nan,nan,0.0,passthrough,0,0,5,0,0,0,0,0,0.0,0.0,0.0,0.0,1.0,0.31538024944972776,0,0,0,0,0.31538024944972776,0.0,passthrough,osqp optimal,0.0,0,0,12,,workspace_z_lower,,,0,0,1,solved,nan,0,,0.0,0,osqp,0.0,valid,0.31538024944972776,0.873214483873313,0|0|0|0|0|0,0.487151881|0.315380249|0.316023695|0.397999755|0.427019022|0.476535366,0.660812605|0.489040974|0.489684419|0.57166048|0.600679746|0.65019609,0.607151881|0.435380249|0.436023695|0.517999755|0.547019022|0.596535366,0|0|0|0|0|0,0|0|0|0|0|0,0|0|0|0|0|0,1.94860752|1.261521|1.26409478|1.59199902|1.70807609|1.90614146,optimal,0.17941799655015453,0.0,0.17941799655015453,0.428064942|-0.544867158|0.500515461,-0|0|-0,0.010185868013650179,0.002895151963457465,0.0013296670513227582,0.0016574990004301071
84,4.25,-0.9156478640973162,0.05104140564799309,0.5964403748512268,0.48904097080230713,0.038023050874471664,1.0,1,0,0,0,0,0,0,,0,0,,-1,-1,nan,not_applicable,,,nan,0,0.0,0.0,0.0,0.0,0.0,0.5964403963810977,0.5964403748512268,2.1529870886105584e-08,0.0,0.0,0.0,0.0,0.0,0.0,0,0,disabled,0.0,1,PLAN_FAILED,ik_not_found,0,0.18737538903951645,1.2772699411725625,0,0,0,0,-1,nan,nan,,,416,0,0,0,0,1,0,96,0,0,"{'solver_error': 0, 'short_solution': 0, 'duplicate': 0, 'goal_error': 0, 'joint_limit': 0, 'workspace': 0, 'obstacle_clearance': 338, 'obstacle_contact': 83, 'self_collision': 0}",0.00010473517295679897,421,421,nan,nan,0.0,passthrough,0,0,5,0,0,0,0,0,0.0,0.0,0.0,0.0,1.0,0.31538024944972776,0,0,0,0,0.31538024944972776,0.0,passthrough,osqp optimal,0.0,0,0,12,,workspace_z_lower,,,0,0,1,solved,nan,0,,0.0,0,osqp,0.0,valid,0.31538024944972776,0.873214483873313,0|0|0|0|0|0,0.487151881|0.315380249|0.316023695|0.397999755|0.427019022|0.476535366,0.660812605|0.489040974|0.489684419|0.57166048|0.600679746|0.65019609,0.607151881|0.435380249|0.436023695|0.517999755|0.547019022|0.596535366,0|0|0|0|0|0,0|0|0|0|0|0,0|0|0|0|0|0,1.94860752|1.261521|1.26409478|1.59199902|1.70807609|1.90614146,optimal,0.17941799655015453,0.0,0.17941799655015453,0.428064942|-0.544867158|0.500515461,-0|0|-0,0.009704661089926958,0.0026418790221214294,0.001413934980519116,0.0015866169705986977
85,4.3,-0.9156478640973162,0.05104140564799309,0.5964403748512268,0.48904097080230713,0.038023050874471664,1.0,1,0,0,0,0,0,0,,0,0,,-1,-1,nan,not_applicable,,,nan,0,0.0,0.0,0.0,0.0,0.0,0.5964403963810977,0.5964403748512268,2.1529870886105584e-08,0.0,0.0,0.0,0.0,0.0,0.0,0,0,disabled,0.0,1,PLAN_FAILED,ik_not_found,0,0.18737538903951645,1.2772699411725625,0,0,0,0,-1,nan,nan,,,416,0,0,0,0,1,0,96,0,0,"{'solver_error': 0, 'short_solution': 0, 'duplicate': 0, 'goal_error': 0, 'joint_limit': 0, 'workspace': 0, 'obstacle_clearance': 338, 'obstacle_contact': 83, 'self_collision': 0}",0.00010473517295679897,421,421,nan,nan,0.0,passthrough,0,0,5,0,0,0,0,0,0.0,0.0,0.0,0.0,1.0,0.31538024944972776,0,0,0,0,0.31538024944972776,0.0,passthrough,osqp optimal,0.0,0,0,12,,workspace_z_lower,,,0,0,1,solved,nan,0,,0.0,0,osqp,0.0,valid,0.31538024944972776,0.873214483873313,0|0|0|0|0|0,0.487151881|0.315380249|0.316023695|0.397999755|0.427019022|0.476535366,0.660812605|0.489040974|0.489684419|0.57166048|0.600679746|0.65019609,0.607151881|0.435380249|0.436023695|0.517999755|0.547019022|0.596535366,0|0|0|0|0|0,0|0|0|0|0|0,0|0|0|0|0|0,1.94860752|1.261521|1.26409478|1.59199902|1.70807609|1.90614146,optimal,0.17941799655015453,0.0,0.17941799655015453,0.428064942|-0.544867158|0.500515461,-0|0|-0,0.01733494596555829,0.005123661947436631,0.0015276740305125713,0.0020080750109627843
86,4.3500000000000005,-0.9156478640973162,0.05104140564799309,0.5964403748512268,0.48904097080230713,0.038023050874471664,1.0,1,0,0,0,0,0,0,,0,0,,-1,-1,nan,not_applicable,,,nan,0,0.0,0.0,0.0,0.0,0.0,0.5964403963810977,0.5964403748512268,2.1529870886105584e-08,0.0,0.0,0.0,0.0,0.0,0.0,0,0,disabled,0.0,1,PLAN_FAILED,ik_not_found,0,0.18737538903951645,1.2772699411725625,0,0,0,0,-1,nan,nan,,,416,0,0,0,0,1,0,96,0,0,"{'solver_error': 0, 'short_solution': 0, 'duplicate': 0, 'goal_error': 0, 'joint_limit': 0, 'workspace': 0, 'obstacle_clearance': 338, 'obstacle_contact': 83, 'self_collision': 0}",0.00010473517295679897,421,421,nan,nan,0.0,passthrough,0,0,5,0,0,0,0,0,0.0,0.0,0.0,0.0,1.0,0.31538024944972776,0,0,0,0,0.31538024944972776,0.0,passthrough,osqp optimal,0.0,0,0,12,,workspace_z_lower,,,0,0,1,solved,nan,0,,0.0,0,osqp,0.0,valid,0.31538024944972776,0.873214483873313,0|0|0|0|0|0,0.487151881|0.315380249|0.316023695|0.397999755|0.427019022|0.476535366,0.660812605|0.489040974|0.489684419|0.57166048|0.600679746|0.65019609,0.607151881|0.435380249|0.436023695|0.517999755|0.547019022|0.596535366,0|0|0|0|0|0,0|0|0|0|0|0,0|0|0|0|0|0,1.94860752|1.261521|1.26409478|1.59199902|1.70807609|1.90614146,optimal,0.17941799655015453,0.0,0.17941799655015453,0.428064942|-0.544867158|0.500515461,-0|0|-0,0.010626691044308245,0.002958333003334701,0.001371453981846571,0.0018913780804723501
87,4.4,-0.9156478640973162,0.05104140564799309,0.5964403748512268,0.48904097080230713,0.038023050874471664,1.0,1,0,0,0,0,0,0,,0,0,,-1,-1,nan,not_applicable,,,nan,0,0.0,0.0,0.0,0.0,0.0,0.5964403963810977,0.5964403748512268,2.1529870886105584e-08,0.0,0.0,0.0,0.0,0.0,0.0,0,0,disabled,0.0,1,PLAN_FAILED,ik_not_found,0,0.18737538903951645,1.2772699411725625,0,0,0,0,-1,nan,nan,,,416,0,0,0,0,1,0,96,0,0,"{'solver_error': 0, 'short_solution': 0, 'duplicate': 0, 'goal_error': 0, 'joint_limit': 0, 'workspace': 0, 'obstacle_clearance': 338, 'obstacle_contact': 83, 'self_collision': 0}",0.00010473517295679897,421,421,nan,nan,0.0,passthrough,0,0,5,0,0,0,0,0,0.0,0.0,0.0,0.0,1.0,0.31538024944972776,0,0,0,0,0.31538024944972776,0.0,passthrough,osqp optimal,0.0,0,0,12,,workspace_z_lower,,,0,0,1,solved,nan,0,,0.0,0,osqp,0.0,valid,0.31538024944972776,0.873214483873313,0|0|0|0|0|0,0.487151881|0.315380249|0.316023695|0.397999755|0.427019022|0.476535366,0.660812605|0.489040974|0.489684419|0.57166048|0.600679746|0.65019609,0.607151881|0.435380249|0.436023695|0.517999755|0.547019022|0.596535366,0|0|0|0|0|0,0|0|0|0|0|0,0|0|0|0|0|0,1.94860752|1.261521|1.26409478|1.59199902|1.70807609|1.90614146,optimal,0.17941799655015453,0.0,0.17941799655015453,0.428064942|-0.544867158|0.500515461,-0|0|-0,0.010201476980000734,0.0027701850049197674,0.0015340050449594855,0.001720672007650137
88,4.45,-0.9156478640973162,0.05104140564799309,0.5964403748512268,0.48904097080230713,0.038023050874471664,1.0,1,0,0,0,0,0,0,,0,0,,-1,-1,nan,not_applicable,,,nan,0,0.0,0.0,0.0,0.0,0.0,0.5964403963810977,0.5964403748512268,2.1529870886105584e-08,0.0,0.0,0.0,0.0,0.0,0.0,0,0,disabled,0.0,1,PLAN_FAILED,ik_not_found,0,0.18737538903951645,1.2772699411725625,0,0,0,0,-1,nan,nan,,,416,0,0,0,0,1,0,96,0,0,"{'solver_error': 0, 'short_solution': 0, 'duplicate': 0, 'goal_error': 0, 'joint_limit': 0, 'workspace': 0, 'obstacle_clearance': 338, 'obstacle_contact': 83, 'self_collision': 0}",0.00010473517295679897,421,421,nan,nan,0.0,passthrough,0,0,5,0,0,0,0,0,0.0,0.0,0.0,0.0,1.0,0.31538024944972776,0,0,0,0,0.31538024944972776,0.0,passthrough,osqp optimal,0.0,0,0,12,,workspace_z_lower,,,0,0,1,solved,nan,0,,0.0,0,osqp,0.0,valid,0.31538024944972776,0.873214483873313,0|0|0|0|0|0,0.487151881|0.315380249|0.316023695|0.397999755|0.427019022|0.476535366,0.660812605|0.489040974|0.489684419|0.57166048|0.600679746|0.65019609,0.607151881|0.435380249|0.436023695|0.517999755|0.547019022|0.596535366,0|0|0|0|0|0,0|0|0|0|0|0,0|0|0|0|0|0,1.94860752|1.261521|1.26409478|1.59199902|1.70807609|1.90614146,optimal,0.17941799655015453,0.0,0.17941799655015453,0.428064942|-0.544867158|0.500515461,-0|0|-0,0.015669791027903557,0.002858209074474871,0.0013180929236114025,0.007305537001229823
89,4.5,-0.9156478640973162,0.05104140564799309,0.5964403748512268,0.48904097080230713,0.038023050874471664,1.0,1,0,0,0,0,0,0,,0,0,,-1,-1,nan,not_applicable,,,nan,0,0.0,0.0,0.0,0.0,0.0,0.5964403963810977,0.5964403748512268,2.1529870886105584e-08,0.0,0.0,0.0,0.0,0.0,0.0,0,0,disabled,0.0,1,PLAN_FAILED,ik_not_found,0,0.18737538903951645,1.2772699411725625,0,0,0,0,-1,nan,nan,,,416,0,0,0,0,1,0,96,0,0,"{'solver_error': 0, 'short_solution': 0, 'duplicate': 0, 'goal_error': 0, 'joint_limit': 0, 'workspace': 0, 'obstacle_clearance': 338, 'obstacle_contact': 83, 'self_collision': 0}",0.00010473517295679897,421,421,nan,nan,0.0,passthrough,0,0,5,0,0,0,0,0,0.0,0.0,0.0,0.0,1.0,0.31538024944972776,0,0,0,0,0.31538024944972776,0.0,passthrough,osqp optimal,0.0,0,0,12,,workspace_z_lower,,,0,0,1,solved,nan,0,,0.0,0,osqp,0.0,valid,0.31538024944972776,0.873214483873313,0|0|0|0|0|0,0.487151881|0.315380249|0.316023695|0.397999755|0.427019022|0.476535366,0.660812605|0.489040974|0.489684419|0.57166048|0.600679746|0.65019609,0.607151881|0.435380249|0.436023695|0.517999755|0.547019022|0.596535366,0|0|0|0|0|0,0|0|0|0|0|0,0|0|0|0|0|0,1.94860752|1.261521|1.26409478|1.59199902|1.70807609|1.90614146,optimal,0.17941799655015453,0.0,0.17941799655015453,0.428064942|-0.544867158|0.500515461,-0|0|-0,0.01607269700616598,0.004391178954392672,0.0021452619694173336,0.0025235770735889673
90,4.55,-0.9156478640973162,0.05104140564799309,0.5964403748512268,0.48904097080230713,0.038023050874471664,1.0,1,0,0,0,0,0,0,,0,0,,-1,-1,nan,not_applicable,,,nan,0,0.0,0.0,0.0,0.0,0.0,0.5964403963810977,0.5964403748512268,2.1529870886105584e-08,0.0,0.0,0.0,0.0,0.0,0.0,0,0,disabled,0.0,1,PLAN_FAILED,ik_not_found,0,0.18737538903951645,1.2772699411725625,0,0,0,0,-1,nan,nan,,,416,0,0,0,0,1,0,96,0,0,"{'solver_error': 0, 'short_solution': 0, 'duplicate': 0, 'goal_error': 0, 'joint_limit': 0, 'workspace': 0, 'obstacle_clearance': 338, 'obstacle_contact': 83, 'self_collision': 0}",0.00010473517295679897,421,421,nan,nan,0.0,passthrough,0,0,5,0,0,0,0,0,0.0,0.0,0.0,0.0,1.0,0.31538024944972776,0,0,0,0,0.31538024944972776,0.0,passthrough,osqp optimal,0.0,0,0,12,,workspace_z_lower,,,0,0,1,solved,nan,0,,0.0,0,osqp,0.0,valid,0.31538024944972776,0.873214483873313,0|0|0|0|0|0,0.487151881|0.315380249|0.316023695|0.397999755|0.427019022|0.476535366,0.660812605|0.489040974|0.489684419|0.57166048|0.600679746|0.65019609,0.607151881|0.435380249|0.436023695|0.517999755|0.547019022|0.596535366,0|0|0|0|0|0,0|0|0|0|0|0,0|0|0|0|0|0,1.94860752|1.261521|1.26409478|1.59199902|1.70807609|1.90614146,optimal,0.17941799655015453,0.0,0.17941799655015453,0.428064942|-0.544867158|0.500515461,-0|0|-0,0.009830820956267416,0.0026122130220755935,0.0013224229915067554,0.00178478192538023
91,4.6000000000000005,-0.9156478640973162,0.05104140564799309,0.5964403748512268,0.48904097080230713,0.038023050874471664,1.0,1,0,0,0,0,0,0,,0,0,,-1,-1,nan,not_applicable,,,nan,0,0.0,0.0,0.0,0.0,0.0,0.5964403963810977,0.5964403748512268,2.1529870886105584e-08,0.0,0.0,0.0,0.0,0.0,0.0,0,0,disabled,0.0,1,PLAN_FAILED,ik_not_found,0,0.18737538903951645,1.2772699411725625,0,0,0,0,-1,nan,nan,,,416,0,0,0,0,1,0,96,0,0,"{'solver_error': 0, 'short_solution': 0, 'duplicate': 0, 'goal_error': 0, 'joint_limit': 0, 'workspace': 0, 'obstacle_clearance': 338, 'obstacle_contact': 83, 'self_collision': 0}",0.00010473517295679897,421,421,nan,nan,0.0,passthrough,0,0,5,0,0,0,0,0,0.0,0.0,0.0,0.0,1.0,0.31538024944972776,0,0,0,0,0.31538024944972776,0.0,passthrough,osqp optimal,0.0,0,0,12,,workspace_z_lower,,,0,0,1,solved,nan,0,,0.0,0,osqp,0.0,valid,0.31538024944972776,0.873214483873313,0|0|0|0|0|0,0.487151881|0.315380249|0.316023695|0.397999755|0.427019022|0.476535366,0.660812605|0.489040974|0.489684419|0.57166048|0.600679746|0.65019609,0.607151881|0.435380249|0.436023695|0.517999755|0.547019022|0.596535366,0|0|0|0|0|0,0|0|0|0|0|0,0|0|0|0|0|0,1.94860752|1.261521|1.26409478|1.59199902|1.70807609|1.90614146,optimal,0.17941799655015453,0.0,0.17941799655015453,0.428064942|-0.544867158|0.500515461,-0|0|-0,0.01016197691205889,0.002754022949375212,0.0013985669938847423,0.0019205058924853802
92,4.65,-0.9156478640973162,0.05104140564799309,0.5964403748512268,0.48904097080230713,0.038023050874471664,1.0,1,0,0,0,0,0,0,,0,0,,-1,-1,nan,not_applicable,,,nan,0,0.0,0.0,0.0,0.0,0.0,0.5964403963810977,0.5964403748512268,2.1529870886105584e-08,0.0,0.0,0.0,0.0,0.0,0.0,0,0,disabled,0.0,1,PLAN_FAILED,ik_not_found,0,0.18737538903951645,1.2772699411725625,0,0,0,0,-1,nan,nan,,,416,0,0,0,0,1,0,96,0,0,"{'solver_error': 0, 'short_solution': 0, 'duplicate': 0, 'goal_error': 0, 'joint_limit': 0, 'workspace': 0, 'obstacle_clearance': 338, 'obstacle_contact': 83, 'self_collision': 0}",0.00010473517295679897,421,421,nan,nan,0.0,passthrough,0,0,5,0,0,0,0,0,0.0,0.0,0.0,0.0,1.0,0.31538024944972776,0,0,0,0,0.31538024944972776,0.0,passthrough,osqp optimal,0.0,0,0,12,,workspace_z_lower,,,0,0,1,solved,nan,0,,0.0,0,osqp,0.0,valid,0.31538024944972776,0.873214483873313,0|0|0|0|0|0,0.487151881|0.315380249|0.316023695|0.397999755|0.427019022|0.476535366,0.660812605|0.489040974|0.489684419|0.57166048|0.600679746|0.65019609,0.607151881|0.435380249|0.436023695|0.517999755|0.547019022|0.596535366,0|0|0|0|0|0,0|0|0|0|0|0,0|0|0|0|0|0,1.94860752|1.261521|1.26409478|1.59199902|1.70807609|1.90614146,optimal,0.17941799655015453,0.0,0.17941799655015453,0.428064942|-0.544867158|0.500515461,-0|0|-0,0.009833837044425309,0.0024777960497885942,0.0016796169802546501,0.001597507973201573
93,4.7,-0.9156478640973162,0.05104140564799309,0.5964403748512268,0.48904097080230713,0.038023050874471664,1.0,1,0,0,0,0,0,0,,0,0,,-1,-1,nan,not_applicable,,,nan,0,0.0,0.0,0.0,0.0,0.0,0.5964403963810977,0.5964403748512268,2.1529870886105584e-08,0.0,0.0,0.0,0.0,0.0,0.0,0,0,disabled,0.0,1,PLAN_FAILED,ik_not_found,0,0.18737538903951645,1.2772699411725625,0,0,0,0,-1,nan,nan,,,416,0,0,0,0,1,0,96,0,0,"{'solver_error': 0, 'short_solution': 0, 'duplicate': 0, 'goal_error': 0, 'joint_limit': 0, 'workspace': 0, 'obstacle_clearance': 338, 'obstacle_contact': 83, 'self_collision': 0}",0.00010473517295679897,421,421,nan,nan,0.0,passthrough,0,0,5,0,0,0,0,0,0.0,0.0,0.0,0.0,1.0,0.31538024944972776,0,0,0,0,0.31538024944972776,0.0,passthrough,osqp optimal,0.0,0,0,12,,workspace_z_lower,,,0,0,1,solved,nan,0,,0.0,0,osqp,0.0,valid,0.31538024944972776,0.873214483873313,0|0|0|0|0|0,0.487151881|0.315380249|0.316023695|0.397999755|0.427019022|0.476535366,0.660812605|0.489040974|0.489684419|0.57166048|0.600679746|0.65019609,0.607151881|0.435380249|0.436023695|0.517999755|0.547019022|0.596535366,0|0|0|0|0|0,0|0|0|0|0|0,0|0|0|0|0|0,1.94860752|1.261521|1.26409478|1.59199902|1.70807609|1.90614146,optimal,0.17941799655015453,0.0,0.17941799655015453,0.428064942|-0.544867158|0.500515461,-0|0|-0,0.00995945802424103,0.0025607789866626263,0.0012343489797785878,0.0015506319468840957
94,4.75,-0.9156478640973162,0.05104140564799309,0.5964403748512268,0.48904097080230713,0.038023050874471664,1.0,1,0,0,0,0,0,0,,0,0,,-1,-1,nan,not_applicable,,,nan,0,0.0,0.0,0.0,0.0,0.0,0.5964403963810977,0.5964403748512268,2.1529870886105584e-08,0.0,0.0,0.0,0.0,0.0,0.0,0,0,disabled,0.0,1,PLAN_FAILED,ik_not_found,0,0.18737538903951645,1.2772699411725625,0,0,0,0,-1,nan,nan,,,416,0,0,0,0,1,0,96,0,0,"{'solver_error': 0, 'short_solution': 0, 'duplicate': 0, 'goal_error': 0, 'joint_limit': 0, 'workspace': 0, 'obstacle_clearance': 338, 'obstacle_contact': 83, 'self_collision': 0}",0.00010473517295679897,421,421,nan,nan,0.0,passthrough,0,0,5,0,0,0,0,0,0.0,0.0,0.0,0.0,1.0,0.31538024944972776,0,0,0,0,0.31538024944972776,0.0,passthrough,osqp optimal,0.0,0,0,12,,workspace_z_lower,,,0,0,1,solved,nan,0,,0.0,0,osqp,0.0,valid,0.31538024944972776,0.873214483873313,0|0|0|0|0|0,0.487151881|0.315380249|0.316023695|0.397999755|0.427019022|0.476535366,0.660812605|0.489040974|0.489684419|0.57166048|0.600679746|0.65019609,0.607151881|0.435380249|0.436023695|0.517999755|0.547019022|0.596535366,0|0|0|0|0|0,0|0|0|0|0|0,0|0|0|0|0|0,1.94860752|1.261521|1.26409478|1.59199902|1.70807609|1.90614146,optimal,0.17941799655015453,0.0,0.17941799655015453,0.428064942|-0.544867158|0.500515461,-0|0|-0,0.01004845998249948,0.0026672310195863247,0.0012957269791513681,0.0017044490668922663
95,4.800000000000001,-0.9156478640973162,0.05104140564799309,0.5964403748512268,0.48904097080230713,0.038023050874471664,1.0,1,0,0,0,0,0,0,,0,0,,-1,-1,nan,not_applicable,,,nan,0,0.0,0.0,0.0,0.0,0.0,0.5964403963810977,0.5964403748512268,2.1529870886105584e-08,0.0,0.0,0.0,0.0,0.0,0.0,0,0,disabled,0.0,1,PLAN_FAILED,ik_not_found,0,0.18737538903951645,1.2772699411725625,0,0,0,0,-1,nan,nan,,,416,0,0,0,0,1,0,96,0,0,"{'solver_error': 0, 'short_solution': 0, 'duplicate': 0, 'goal_error': 0, 'joint_limit': 0, 'workspace': 0, 'obstacle_clearance': 338, 'obstacle_contact': 83, 'self_collision': 0}",0.00010473517295679897,421,421,nan,nan,0.0,passthrough,0,0,5,0,0,0,0,0,0.0,0.0,0.0,0.0,1.0,0.31538024944972776,0,0,0,0,0.31538024944972776,0.0,passthrough,osqp optimal,0.0,0,0,12,,workspace_z_lower,,,0,0,1,solved,nan,0,,0.0,0,osqp,0.0,valid,0.31538024944972776,0.873214483873313,0|0|0|0|0|0,0.487151881|0.315380249|0.316023695|0.397999755|0.427019022|0.476535366,0.660812605|0.489040974|0.489684419|0.57166048|0.600679746|0.65019609,0.607151881|0.435380249|0.436023695|0.517999755|0.547019022|0.596535366,0|0|0|0|0|0,0|0|0|0|0|0,0|0|0|0|0|0,1.94860752|1.261521|1.26409478|1.59199902|1.70807609|1.90614146,optimal,0.17941799655015453,0.0,0.17941799655015453,0.428064942|-0.544867158|0.500515461,-0|0|-0,0.009692471008747816,0.002596674021333456,0.0013332139933481812,0.0017380650388076901
96,4.8500000000000005,-0.9156478640973162,0.05104140564799309,0.5964403748512268,0.48904097080230713,0.038023050874471664,1.0,1,0,0,0,0,0,0,,0,0,,-1,-1,nan,not_applicable,,,nan,0,0.0,0.0,0.0,0.0,0.0,0.5964403963810977,0.5964403748512268,2.1529870886105584e-08,0.0,0.0,0.0,0.0,0.0,0.0,0,0,disabled,0.0,1,PLAN_FAILED,ik_not_found,0,0.18737538903951645,1.2772699411725625,0,0,0,0,-1,nan,nan,,,416,0,0,0,0,1,0,96,0,0,"{'solver_error': 0, 'short_solution': 0, 'duplicate': 0, 'goal_error': 0, 'joint_limit': 0, 'workspace': 0, 'obstacle_clearance': 338, 'obstacle_contact': 83, 'self_collision': 0}",0.00010473517295679897,421,421,nan,nan,0.0,passthrough,0,0,5,0,0,0,0,0,0.0,0.0,0.0,0.0,1.0,0.31538024944972776,0,0,0,0,0.31538024944972776,0.0,passthrough,osqp optimal,0.0,0,0,12,,workspace_z_lower,,,0,0,1,solved,nan,0,,0.0,0,osqp,0.0,valid,0.31538024944972776,0.873214483873313,0|0|0|0|0|0,0.487151881|0.315380249|0.316023695|0.397999755|0.427019022|0.476535366,0.660812605|0.489040974|0.489684419|0.57166048|0.600679746|0.65019609,0.607151881|0.435380249|0.436023695|0.517999755|0.547019022|0.596535366,0|0|0|0|0|0,0|0|0|0|0|0,0|0|0|0|0|0,1.94860752|1.261521|1.26409478|1.59199902|1.70807609|1.90614146,optimal,0.17941799655015453,0.0,0.17941799655015453,0.428064942|-0.544867158|0.500515461,-0|0|-0,0.01020587794482708,0.0026382390642538667,0.001695448998361826,0.0015787609154358506
97,4.9,-0.9156478640973162,0.05104140564799309,0.5964403748512268,0.48904097080230713,0.038023050874471664,1.0,1,0,0,0,0,0,0,,0,0,,-1,-1,nan,not_applicable,,,nan,0,0.0,0.0,0.0,0.0,0.0,0.5964403963810977,0.5964403748512268,2.1529870886105584e-08,0.0,0.0,0.0,0.0,0.0,0.0,0,0,disabled,0.0,1,PLAN_FAILED,ik_not_found,0,0.18737538903951645,1.2772699411725625,0,0,0,0,-1,nan,nan,,,416,0,0,0,0,1,0,96,0,0,"{'solver_error': 0, 'short_solution': 0, 'duplicate': 0, 'goal_error': 0, 'joint_limit': 0, 'workspace': 0, 'obstacle_clearance': 338, 'obstacle_contact': 83, 'self_collision': 0}",0.00010473517295679897,421,421,nan,nan,0.0,passthrough,0,0,5,0,0,0,0,0,0.0,0.0,0.0,0.0,1.0,0.31538024944972776,0,0,0,0,0.31538024944972776,0.0,passthrough,osqp optimal,0.0,0,0,12,,workspace_z_lower,,,0,0,1,solved,nan,0,,0.0,0,osqp,0.0,valid,0.31538024944972776,0.873214483873313,0|0|0|0|0|0,0.487151881|0.315380249|0.316023695|0.397999755|0.427019022|0.476535366,0.660812605|0.489040974|0.489684419|0.57166048|0.600679746|0.65019609,0.607151881|0.435380249|0.436023695|0.517999755|0.547019022|0.596535366,0|0|0|0|0|0,0|0|0|0|0|0,0|0|0|0|0|0,1.94860752|1.261521|1.26409478|1.59199902|1.70807609|1.90614146,optimal,0.17941799655015453,0.0,0.17941799655015453,0.428064942|-0.544867158|0.500515461,-0|0|-0,0.010527309961616993,0.0029369910480454564,0.001307336031459272,0.0017698450246825814
98,4.95,-0.9156478640973162,0.05104140564799309,0.5964403748512268,0.48904097080230713,0.038023050874471664,1.0,1,0,0,0,0,0,0,,0,0,,-1,-1,nan,not_applicable,,,nan,0,0.0,0.0,0.0,0.0,0.0,0.5964403963810977,0.5964403748512268,2.1529870886105584e-08,0.0,0.0,0.0,0.0,0.0,0.0,0,0,disabled,0.0,1,PLAN_FAILED,ik_not_found,0,0.18737538903951645,1.2772699411725625,0,0,0,0,-1,nan,nan,,,416,0,0,0,0,1,0,96,0,0,"{'solver_error': 0, 'short_solution': 0, 'duplicate': 0, 'goal_error': 0, 'joint_limit': 0, 'workspace': 0, 'obstacle_clearance': 338, 'obstacle_contact': 83, 'self_collision': 0}",0.00010473517295679897,421,421,nan,nan,0.0,passthrough,0,0,5,0,0,0,0,0,0.0,0.0,0.0,0.0,1.0,0.31538024944972776,0,0,0,0,0.31538024944972776,0.0,passthrough,osqp optimal,0.0,0,0,12,,workspace_z_lower,,,0,0,1,solved,nan,0,,0.0,0,osqp,0.0,valid,0.31538024944972776,0.873214483873313,0|0|0|0|0|0,0.487151881|0.315380249|0.316023695|0.397999755|0.427019022|0.476535366,0.660812605|0.489040974|0.489684419|0.57166048|0.600679746|0.65019609,0.607151881|0.435380249|0.436023695|0.517999755|0.547019022|0.596535366,0|0|0|0|0|0,0|0|0|0|0|0,0|0|0|0|0|0,1.94860752|1.261521|1.26409478|1.59199902|1.70807609|1.90614146,optimal,0.17941799655015453,0.0,0.17941799655015453,0.428064942|-0.544867158|0.500515461,-0|0|-0,0.011505836970172822,0.0031846349593251944,0.0016209500608965755,0.0018032960360869765
99,5.0,-0.9156478640973162,0.05104140564799309,0.5964403748512268,0.48904097080230713,0.038023050874471664,1.0,1,0,0,0,0,0,0,,0,0,,-1,-1,nan,not_applicable,,,nan,0,0.0,0.0,0.0,0.0,0.0,0.5964403963810977,0.5964403748512268,2.1529870886105584e-08,0.0,0.0,0.0,0.0,0.0,0.0,0,0,disabled,0.0,1,PLAN_FAILED,ik_not_found,0,0.18737538903951645,1.2772699411725625,0,0,0,0,-1,nan,nan,,,416,0,0,0,0,1,0,96,0,0,"{'solver_error': 0, 'short_solution': 0, 'duplicate': 0, 'goal_error': 0, 'joint_limit': 0, 'workspace': 0, 'obstacle_clearance': 338, 'obstacle_contact': 83, 'self_collision': 0}",0.00010473517295679897,421,421,nan,nan,0.0,passthrough,0,0,5,0,0,0,0,0,0.0,0.0,0.0,0.0,1.0,0.31538024944972776,0,0,0,0,0.31538024944972776,0.0,passthrough,osqp optimal,0.0,0,0,12,,workspace_z_lower,,,0,0,1,solved,nan,0,,0.0,0,osqp,0.0,valid,0.31538024944972776,0.873214483873313,0|0|0|0|0|0,0.487151881|0.315380249|0.316023695|0.397999755|0.427019022|0.476535366,0.660812605|0.489040974|0.489684419|0.57166048|0.600679746|0.65019609,0.607151881|0.435380249|0.436023695|0.517999755|0.547019022|0.596535366,0|0|0|0|0|0,0|0|0|0|0|0,0|0|0|0|0|0,1.94860752|1.261521|1.26409478|1.59199902|1.70807609|1.90614146,optimal,0.17941799655015453,0.0,0.17941799655015453,0.428064942|-0.544867158|0.500515461,-0|0|-0,0.010568091063760221,0.0029025200055912137,0.001353141968138516,0.0018278909847140312
100,5.050000000000001,-0.9156478640973162,0.05104140564799309,0.5964403748512268,0.48904097080230713,0.038023050874471664,1.0,1,0,0,0,0,0,0,,0,0,,-1,-1,nan,not_applicable,,,nan,0,0.0,0.0,0.0,0.0,0.0,0.5964403963810977,0.5964403748512268,2.1529870886105584e-08,0.0,0.0,0.0,0.0,0.0,0.0,0,0,disabled,0.0,1,PLAN_FAILED,ik_not_found,0,0.20102248108014464,1.4782924222527072,0,0,0,0,-1,nan,nan,,,480,0,0,0,0,1,0,96,0,0,"{'solver_error': 0, 'short_solution': 0, 'duplicate': 0, 'goal_error': 0, 'joint_limit': 0, 'workspace': 0, 'obstacle_clearance': 393, 'obstacle_contact': 93, 'self_collision': 0}",0.00010473517295679897,486,486,nan,nan,0.0,passthrough,0,0,6,0,0,0,0,0,0.0,0.0,0.0,0.0,1.0,0.31538024944972776,0,0,0,0,0.31538024944972776,0.0,passthrough,osqp optimal,0.0,0,0,12,,workspace_z_lower,,,0,0,1,solved,nan,0,,0.0,0,osqp,0.0,valid,0.31538024944972776,0.873214483873313,0|0|0|0|0|0,0.487151881|0.315380249|0.316023695|0.397999755|0.427019022|0.476535366,0.660812605|0.489040974|0.489684419|0.57166048|0.600679746|0.65019609,0.607151881|0.435380249|0.436023695|0.517999755|0.547019022|0.596535366,0|0|0|0|0|0,0|0|0|0|0|0,0|0|0|0|0|0,1.94860752|1.261521|1.26409478|1.59199902|1.70807609|1.90614146,optimal,0.17941799655015453,0.0,0.17941799655015453,0.428064942|-0.544867158|0.500515461,-0|0|-0,0.21408462000545114,0.003982760943472385,0.0014274809509515762,0.002254079910926521
101,5.1000000000000005,-0.9156478640973162,0.05104140564799309,0.5964403748512268,0.48904097080230713,0.038023050874471664,1.0,1,0,0,0,0,0,0,,0,0,,-1,-1,nan,not_applicable,,,nan,0,0.0,0.0,0.0,0.0,0.0,0.5964403963810977,0.5964403748512268,2.1529870886105584e-08,0.0,0.0,0.0,0.0,0.0,0.0,0,0,disabled,0.0,1,PLAN_FAILED,ik_not_found,0,0.20102248108014464,1.4782924222527072,0,0,0,0,-1,nan,nan,,,480,0,0,0,0,1,0,96,0,0,"{'solver_error': 0, 'short_solution': 0, 'duplicate': 0, 'goal_error': 0, 'joint_limit': 0, 'workspace': 0, 'obstacle_clearance': 393, 'obstacle_contact': 93, 'self_collision': 0}",0.00010473517295679897,486,486,nan,nan,0.0,passthrough,0,0,6,0,0,0,0,0,0.0,0.0,0.0,0.0,1.0,0.31538024944972776,0,0,0,0,0.31538024944972776,0.0,passthrough,osqp optimal,0.0,0,0,12,,workspace_z_lower,,,0,0,1,solved,nan,0,,0.0,0,osqp,0.0,valid,0.31538024944972776,0.873214483873313,0|0|0|0|0|0,0.487151881|0.315380249|0.316023695|0.397999755|0.427019022|0.476535366,0.660812605|0.489040974|0.489684419|0.57166048|0.600679746|0.65019609,0.607151881|0.435380249|0.436023695|0.517999755|0.547019022|0.596535366,0|0|0|0|0|0,0|0|0|0|0|0,0|0|0|0|0|0,1.94860752|1.261521|1.26409478|1.59199902|1.70807609|1.90614146,optimal,0.17941799655015453,0.0,0.17941799655015453,0.428064942|-0.544867158|0.500515461,-0|0|-0,0.015173590974882245,0.004184129065833986,0.001990507007576525,0.0022616470232605934
102,5.15,-0.9156478640973162,0.05104140564799309,0.5964403748512268,0.48904097080230713,0.038023050874471664,1.0,1,0,0,0,0,0,0,,0,0,,-1,-1,nan,not_applicable,,,nan,0,0.0,0.0,0.0,0.0,0.0,0.5964403963810977,0.5964403748512268,2.1529870886105584e-08,0.0,0.0,0.0,0.0,0.0,0.0,0,0,disabled,0.0,1,PLAN_FAILED,ik_not_found,0,0.20102248108014464,1.4782924222527072,0,0,0,0,-1,nan,nan,,,480,0,0,0,0,1,0,96,0,0,"{'solver_error': 0, 'short_solution': 0, 'duplicate': 0, 'goal_error': 0, 'joint_limit': 0, 'workspace': 0, 'obstacle_clearance': 393, 'obstacle_contact': 93, 'self_collision': 0}",0.00010473517295679897,486,486,nan,nan,0.0,passthrough,0,0,6,0,0,0,0,0,0.0,0.0,0.0,0.0,1.0,0.31538024944972776,0,0,0,0,0.31538024944972776,0.0,passthrough,osqp optimal,0.0,0,0,12,,workspace_z_lower,,,0,0,1,solved,nan,0,,0.0,0,osqp,0.0,valid,0.31538024944972776,0.873214483873313,0|0|0|0|0|0,0.487151881|0.315380249|0.316023695|0.397999755|0.427019022|0.476535366,0.660812605|0.489040974|0.489684419|0.57166048|0.600679746|0.65019609,0.607151881|0.435380249|0.436023695|0.517999755|0.547019022|0.596535366,0|0|0|0|0|0,0|0|0|0|0|0,0|0|0|0|0|0,1.94860752|1.261521|1.26409478|1.59199902|1.70807609|1.90614146,optimal,0.17941799655015453,0.0,0.17941799655015453,0.428064942|-0.544867158|0.500515461,-0|0|-0,0.012601934024132788,0.0036418610252439976,0.001848879037424922,0.001886871992610395
103,5.2,-0.9156478640973162,0.05104140564799309,0.5964403748512268,0.48904097080230713,0.038023050874471664,1.0,1,0,0,0,0,0,0,,0,0,,-1,-1,nan,not_applicable,,,nan,0,0.0,0.0,0.0,0.0,0.0,0.5964403963810977,0.5964403748512268,2.1529870886105584e-08,0.0,0.0,0.0,0.0,0.0,0.0,0,0,disabled,0.0,1,PLAN_FAILED,ik_not_found,0,0.20102248108014464,1.4782924222527072,0,0,0,0,-1,nan,nan,,,480,0,0,0,0,1,0,96,0,0,"{'solver_error': 0, 'short_solution': 0, 'duplicate': 0, 'goal_error': 0, 'joint_limit': 0, 'workspace': 0, 'obstacle_clearance': 393, 'obstacle_contact': 93, 'self_collision': 0}",0.00010473517295679897,486,486,nan,nan,0.0,passthrough,0,0,6,0,0,0,0,0,0.0,0.0,0.0,0.0,1.0,0.31538024944972776,0,0,0,0,0.31538024944972776,0.0,passthrough,osqp optimal,0.0,0,0,12,,workspace_z_lower,,,0,0,1,solved,nan,0,,0.0,0,osqp,0.0,valid,0.31538024944972776,0.873214483873313,0|0|0|0|0|0,0.487151881|0.315380249|0.316023695|0.397999755|0.427019022|0.476535366,0.660812605|0.489040974|0.489684419|0.57166048|0.600679746|0.65019609,0.607151881|0.435380249|0.436023695|0.517999755|0.547019022|0.596535366,0|0|0|0|0|0,0|0|0|0|0|0,0|0|0|0|0|0,1.94860752|1.261521|1.26409478|1.59199902|1.70807609|1.90614146,optimal,0.17941799655015453,0.0,0.17941799655015453,0.428064942|-0.544867158|0.500515461,-0|0|-0,0.011721687973476946,0.0027173010166734457,0.0014051429461687803,0.002355958102270961
104,5.25,-0.9156478640973162,0.05104140564799309,0.5964403748512268,0.48904097080230713,0.038023050874471664,1.0,1,0,0,0,0,0,0,,0,0,,-1,-1,nan,not_applicable,,,nan,0,0.0,0.0,0.0,0.0,0.0,0.5964403963810977,0.5964403748512268,2.1529870886105584e-08,0.0,0.0,0.0,0.0,0.0,0.0,0,0,disabled,0.0,1,PLAN_FAILED,ik_not_found,0,0.20102248108014464,1.4782924222527072,0,0,0,0,-1,nan,nan,,,480,0,0,0,0,1,0,96,0,0,"{'solver_error': 0, 'short_solution': 0, 'duplicate': 0, 'goal_error': 0, 'joint_limit': 0, 'workspace': 0, 'obstacle_clearance': 393, 'obstacle_contact': 93, 'self_collision': 0}",0.00010473517295679897,486,486,nan,nan,0.0,passthrough,0,0,6,0,0,0,0,0,0.0,0.0,0.0,0.0,1.0,0.31538024944972776,0,0,0,0,0.31538024944972776,0.0,passthrough,osqp optimal,0.0,0,0,12,,workspace_z_lower,,,0,0,1,solved,nan,0,,0.0,0,osqp,0.0,valid,0.31538024944972776,0.873214483873313,0|0|0|0|0|0,0.487151881|0.315380249|0.316023695|0.397999755|0.427019022|0.476535366,0.660812605|0.489040974|0.489684419|0.57166048|0.600679746|0.65019609,0.607151881|0.435380249|0.436023695|0.517999755|0.547019022|0.596535366,0|0|0|0|0|0,0|0|0|0|0|0,0|0|0|0|0|0,1.94860752|1.261521|1.26409478|1.59199902|1.70807609|1.90614146,optimal,0.17941799655015453,0.0,0.17941799655015453,0.428064942|-0.544867158|0.500515461,-0|0|-0,0.01342293806374073,0.003553883987478912,0.0016547959530726075,0.0022664829157292843
105,5.300000000000001,-0.9156478640973162,0.05104140564799309,0.5964403748512268,0.48904097080230713,0.038023050874471664,1.0,1,0,0,0,0,0,0,,0,0,,-1,-1,nan,not_applicable,,,nan,0,0.0,0.0,0.0,0.0,0.0,0.5964403963810977,0.5964403748512268,2.1529870886105584e-08,0.0,0.0,0.0,0.0,0.0,0.0,0,0,disabled,0.0,1,PLAN_FAILED,ik_not_found,0,0.20102248108014464,1.4782924222527072,0,0,0,0,-1,nan,nan,,,480,0,0,0,0,1,0,96,0,0,"{'solver_error': 0, 'short_solution': 0, 'duplicate': 0, 'goal_error': 0, 'joint_limit': 0, 'workspace': 0, 'obstacle_clearance': 393, 'obstacle_contact': 93, 'self_collision': 0}",0.00010473517295679897,486,486,nan,nan,0.0,passthrough,0,0,6,0,0,0,0,0,0.0,0.0,0.0,0.0,1.0,0.31538024944972776,0,0,0,0,0.31538024944972776,0.0,passthrough,osqp optimal,0.0,0,0,12,,workspace_z_lower,,,0,0,1,solved,nan,0,,0.0,0,osqp,0.0,valid,0.31538024944972776,0.873214483873313,0|0|0|0|0|0,0.487151881|0.315380249|0.316023695|0.397999755|0.427019022|0.476535366,0.660812605|0.489040974|0.489684419|0.57166048|0.600679746|0.65019609,0.607151881|0.435380249|0.436023695|0.517999755|0.547019022|0.596535366,0|0|0|0|0|0,0|0|0|0|0|0,0|0|0|0|0|0,1.94860752|1.261521|1.26409478|1.59199902|1.70807609|1.90614146,optimal,0.17941799655015453,0.0,0.17941799655015453,0.428064942|-0.544867158|0.500515461,-0|0|-0,0.010508924955502152,0.0025487300008535385,0.0014060130342841148,0.0016905550146475434
106,5.3500000000000005,-0.9156478640973162,0.05104140564799309,0.5964403748512268,0.48904097080230713,0.038023050874471664,1.0,1,0,0,0,0,0,0,,0,0,,-1,-1,nan,not_applicable,,,nan,0,0.0,0.0,0.0,0.0,0.0,0.5964403963810977,0.5964403748512268,2.1529870886105584e-08,0.0,0.0,0.0,0.0,0.0,0.0,0,0,disabled,0.0,1,PLAN_FAILED,ik_not_found,0,0.20102248108014464,1.4782924222527072,0,0,0,0,-1,nan,nan,,,480,0,0,0,0,1,0,96,0,0,"{'solver_error': 0, 'short_solution': 0, 'duplicate': 0, 'goal_error': 0, 'joint_limit': 0, 'workspace': 0, 'obstacle_clearance': 393, 'obstacle_contact': 93, 'self_collision': 0}",0.00010473517295679897,486,486,nan,nan,0.0,passthrough,0,0,6,0,0,0,0,0,0.0,0.0,0.0,0.0,1.0,0.31538024944972776,0,0,0,0,0.31538024944972776,0.0,passthrough,osqp optimal,0.0,0,0,12,,workspace_z_lower,,,0,0,1,solved,nan,0,,0.0,0,osqp,0.0,valid,0.31538024944972776,0.873214483873313,0|0|0|0|0|0,0.487151881|0.315380249|0.316023695|0.397999755|0.427019022|0.476535366,0.660812605|0.489040974|0.489684419|0.57166048|0.600679746|0.65019609,0.607151881|0.435380249|0.436023695|0.517999755|0.547019022|0.596535366,0|0|0|0|0|0,0|0|0|0|0|0,0|0|0|0|0|0,1.94860752|1.261521|1.26409478|1.59199902|1.70807609|1.90614146,optimal,0.17941799655015453,0.0,0.17941799655015453,0.428064942|-0.544867158|0.500515461,-0|0|-0,0.01238997105974704,0.003157592029310763,0.0014673309633508325,0.0019173769978806376
107,5.4,-0.9156478640973162,0.05104140564799309,0.5964403748512268,0.48904097080230713,0.038023050874471664,1.0,1,0,0,0,0,0,0,,0,0,,-1,-1,nan,not_applicable,,,nan,0,0.0,0.0,0.0,0.0,0.0,0.5964403963810977,0.5964403748512268,2.1529870886105584e-08,0.0,0.0,0.0,0.0,0.0,0.0,0,0,disabled,0.0,1,PLAN_FAILED,ik_not_found,0,0.20102248108014464,1.4782924222527072,0,0,0,0,-1,nan,nan,,,480,0,0,0,0,1,0,96,0,0,"{'solver_error': 0, 'short_solution': 0, 'duplicate': 0, 'goal_error': 0, 'joint_limit': 0, 'workspace': 0, 'obstacle_clearance': 393, 'obstacle_contact': 93, 'self_collision': 0}",0.00010473517295679897,486,486,nan,nan,0.0,passthrough,0,0,6,0,0,0,0,0,0.0,0.0,0.0,0.0,1.0,0.31538024944972776,0,0,0,0,0.31538024944972776,0.0,passthrough,osqp optimal,0.0,0,0,12,,workspace_z_lower,,,0,0,1,solved,nan,0,,0.0,0,osqp,0.0,valid,0.31538024944972776,0.873214483873313,0|0|0|0|0|0,0.487151881|0.315380249|0.316023695|0.397999755|0.427019022|0.476535366,0.660812605|0.489040974|0.489684419|0.57166048|0.600679746|0.65019609,0.607151881|0.435380249|0.436023695|0.517999755|0.547019022|0.596535366,0|0|0|0|0|0,0|0|0|0|0|0,0|0|0|0|0|0,1.94860752|1.261521|1.26409478|1.59199902|1.70807609|1.90614146,optimal,0.17941799655015453,0.0,0.17941799655015453,0.428064942|-0.544867158|0.500515461,-0|0|-0,0.011542913969606161,0.00268212694209069,0.0016078250482678413,0.0019101790385320783
108,5.45,-0.9156478640973162,0.05104140564799309,0.5964403748512268,0.48904097080230713,0.038023050874471664,1.0,1,0,0,0,0,0,0,,0,0,,-1,-1,nan,not_applicable,,,nan,0,0.0,0.0,0.0,0.0,0.0,0.5964403963810977,0.5964403748512268,2.1529870886105584e-08,0.0,0.0,0.0,0.0,0.0,0.0,0,0,disabled,0.0,1,PLAN_FAILED,ik_not_found,0,0.20102248108014464,1.4782924222527072,0,0,0,0,-1,nan,nan,,,480,0,0,0,0,1,0,96,0,0,"{'solver_error': 0, 'short_solution': 0, 'duplicate': 0, 'goal_error': 0, 'joint_limit': 0, 'workspace': 0, 'obstacle_clearance': 393, 'obstacle_contact': 93, 'self_collision': 0}",0.00010473517295679897,486,486,nan,nan,0.0,passthrough,0,0,6,0,0,0,0,0,0.0,0.0,0.0,0.0,1.0,0.31538024944972776,0,0,0,0,0.31538024944972776,0.0,passthrough,osqp optimal,0.0,0,0,12,,workspace_z_lower,,,0,0,1,solved,nan,0,,0.0,0,osqp,0.0,valid,0.31538024944972776,0.873214483873313,0|0|0|0|0|0,0.487151881|0.315380249|0.316023695|0.397999755|0.427019022|0.476535366,0.660812605|0.489040974|0.489684419|0.57166048|0.600679746|0.65019609,0.607151881|0.435380249|0.436023695|0.517999755|0.547019022|0.596535366,0|0|0|0|0|0,0|0|0|0|0|0,0|0|0|0|0|0,1.94860752|1.261521|1.26409478|1.59199902|1.70807609|1.90614146,optimal,0.17941799655015453,0.0,0.17941799655015453,0.428064942|-0.544867158|0.500515461,-0|0|-0,0.013291710987687111,0.0027782710967585444,0.0029315189458429813,0.002765620010904968
109,5.5,-0.9156478640973162,0.05104140564799309,0.5964403748512268,0.48904097080230713,0.038023050874471664,1.0,1,0,0,0,0,0,0,,0,0,,-1,-1,nan,not_applicable,,,nan,0,0.0,0.0,0.0,0.0,0.0,0.5964403963810977,0.5964403748512268,2.1529870886105584e-08,0.0,0.0,0.0,0.0,0.0,0.0,0,0,disabled,0.0,1,PLAN_FAILED,ik_not_found,0,0.20102248108014464,1.4782924222527072,0,0,0,0,-1,nan,nan,,,480,0,0,0,0,1,0,96,0,0,"{'solver_error': 0, 'short_solution': 0, 'duplicate': 0, 'goal_error': 0, 'joint_limit': 0, 'workspace': 0, 'obstacle_clearance': 393, 'obstacle_contact': 93, 'self_collision': 0}",0.00010473517295679897,486,486,nan,nan,0.0,passthrough,0,0,6,0,0,0,0,0,0.0,0.0,0.0,0.0,1.0,0.31538024944972776,0,0,0,0,0.31538024944972776,0.0,passthrough,osqp optimal,0.0,0,0,12,,workspace_z_lower,,,0,0,1,solved,nan,0,,0.0,0,osqp,0.0,valid,0.31538024944972776,0.873214483873313,0|0|0|0|0|0,0.487151881|0.315380249|0.316023695|0.397999755|0.427019022|0.476535366,0.660812605|0.489040974|0.489684419|0.57166048|0.600679746|0.65019609,0.607151881|0.435380249|0.436023695|0.517999755|0.547019022|0.596535366,0|0|0|0|0|0,0|0|0|0|0|0,0|0|0|0|0|0,1.94860752|1.261521|1.26409478|1.59199902|1.70807609|1.90614146,optimal,0.17941799655015453,0.0,0.17941799655015453,0.428064942|-0.544867158|0.500515461,-0|0|-0,0.011050355969928205,0.003179524908773601,0.0014415429905056953,0.001819235971197486
110,5.550000000000001,-0.9156478640973162,0.05104140564799309,0.5964403748512268,0.48904097080230713,0.038023050874471664,1.0,1,0,0,0,0,0,0,,0,0,,-1,-1,nan,not_applicable,,,nan,0,0.0,0.0,0.0,0.0,0.0,0.5964403963810977,0.5964403748512268,2.1529870886105584e-08,0.0,0.0,0.0,0.0,0.0,0.0,0,0,disabled,0.0,1,PLAN_FAILED,ik_not_found,0,0.20102248108014464,1.4782924222527072,0,0,0,0,-1,nan,nan,,,480,0,0,0,0,1,0,96,0,0,"{'solver_error': 0, 'short_solution': 0, 'duplicate': 0, 'goal_error': 0, 'joint_limit': 0, 'workspace': 0, 'obstacle_clearance': 393, 'obstacle_contact': 93, 'self_collision': 0}",0.00010473517295679897,486,486,nan,nan,0.0,passthrough,0,0,6,0,0,0,0,0,0.0,0.0,0.0,0.0,1.0,0.31538024944972776,0,0,0,0,0.31538024944972776,0.0,passthrough,osqp optimal,0.0,0,0,12,,workspace_z_lower,,,0,0,1,solved,nan,0,,0.0,0,osqp,0.0,valid,0.31538024944972776,0.873214483873313,0|0|0|0|0|0,0.487151881|0.315380249|0.316023695|0.397999755|0.427019022|0.476535366,0.660812605|0.489040974|0.489684419|0.57166048|0.600679746|0.65019609,0.607151881|0.435380249|0.436023695|0.517999755|0.547019022|0.596535366,0|0|0|0|0|0,0|0|0|0|0|0,0|0|0|0|0|0,1.94860752|1.261521|1.26409478|1.59199902|1.70807609|1.90614146,optimal,0.17941799655015453,0.0,0.17941799655015453,0.428064942|-0.544867158|0.500515461,-0|0|-0,0.016337182954885066,0.004246216965839267,0.002290843054652214,0.002617923077195883
111,5.6000000000000005,-0.9156478640973162,0.05104140564799309,0.5964403748512268,0.48904097080230713,0.038023050874471664,1.0,1,0,0,0,0,0,0,,0,0,,-1,-1,nan,not_applicable,,,nan,0,0.0,0.0,0.0,0.0,0.0,0.5964403963810977,0.5964403748512268,2.1529870886105584e-08,0.0,0.0,0.0,0.0,0.0,0.0,0,0,disabled,0.0,1,PLAN_FAILED,ik_not_found,0,0.20102248108014464,1.4782924222527072,0,0,0,0,-1,nan,nan,,,480,0,0,0,0,1,0,96,0,0,"{'solver_error': 0, 'short_solution': 0, 'duplicate': 0, 'goal_error': 0, 'joint_limit': 0, 'workspace': 0, 'obstacle_clearance': 393, 'obstacle_contact': 93, 'self_collision': 0}",0.00010473517295679897,486,486,nan,nan,0.0,passthrough,0,0,6,0,0,0,0,0,0.0,0.0,0.0,0.0,1.0,0.31538024944972776,0,0,0,0,0.31538024944972776,0.0,passthrough,osqp optimal,0.0,0,0,12,,workspace_z_lower,,,0,0,1,solved,nan,0,,0.0,0,osqp,0.0,valid,0.31538024944972776,0.873214483873313,0|0|0|0|0|0,0.487151881|0.315380249|0.316023695|0.397999755|0.427019022|0.476535366,0.660812605|0.489040974|0.489684419|0.57166048|0.600679746|0.65019609,0.607151881|0.435380249|0.436023695|0.517999755|0.547019022|0.596535366,0|0|0|0|0|0,0|0|0|0|0|0,0|0|0|0|0|0,1.94860752|1.261521|1.26409478|1.59199902|1.70807609|1.90614146,optimal,0.17941799655015453,0.0,0.17941799655015453,0.428064942|-0.544867158|0.500515461,-0|0|-0,0.01653782499488443,0.0043148709228262305,0.0022630180465057492,0.0026584090664982796
112,5.65,-0.9156478640973162,0.05104140564799309,0.5964403748512268,0.48904097080230713,0.038023050874471664,1.0,1,0,0,0,0,0,0,,0,0,,-1,-1,nan,not_applicable,,,nan,0,0.0,0.0,0.0,0.0,0.0,0.5964403963810977,0.5964403748512268,2.1529870886105584e-08,0.0,0.0,0.0,0.0,0.0,0.0,0,0,disabled,0.0,1,PLAN_FAILED,ik_not_found,0,0.20102248108014464,1.4782924222527072,0,0,0,0,-1,nan,nan,,,480,0,0,0,0,1,0,96,0,0,"{'solver_error': 0, 'short_solution': 0, 'duplicate': 0, 'goal_error': 0, 'joint_limit': 0, 'workspace': 0, 'obstacle_clearance': 393, 'obstacle_contact': 93, 'self_collision': 0}",0.00010473517295679897,486,486,nan,nan,0.0,passthrough,0,0,6,0,0,0,0,0,0.0,0.0,0.0,0.0,1.0,0.31538024944972776,0,0,0,0,0.31538024944972776,0.0,passthrough,osqp optimal,0.0,0,0,12,,workspace_z_lower,,,0,0,1,solved,nan,0,,0.0,0,osqp,0.0,valid,0.31538024944972776,0.873214483873313,0|0|0|0|0|0,0.487151881|0.315380249|0.316023695|0.397999755|0.427019022|0.476535366,0.660812605|0.489040974|0.489684419|0.57166048|0.600679746|0.65019609,0.607151881|0.435380249|0.436023695|0.517999755|0.547019022|0.596535366,0|0|0|0|0|0,0|0|0|0|0|0,0|0|0|0|0|0,1.94860752|1.261521|1.26409478|1.59199902|1.70807609|1.90614146,optimal,0.17941799655015453,0.0,0.17941799655015453,0.428064942|-0.544867158|0.500515461,-0|0|-0,0.010446710977703333,0.002677376032806933,0.001426813076250255,0.0018131540855392814
113,5.7,-0.9156478640973162,0.05104140564799309,0.5964403748512268,0.48904097080230713,0.038023050874471664,1.0,1,0,0,0,0,0,0,,0,0,,-1,-1,nan,not_applicable,,,nan,0,0.0,0.0,0.0,0.0,0.0,0.5964403963810977,0.5964403748512268,2.1529870886105584e-08,0.0,0.0,0.0,0.0,0.0,0.0,0,0,disabled,0.0,1,PLAN_FAILED,ik_not_found,0,0.20102248108014464,1.4782924222527072,0,0,0,0,-1,nan,nan,,,480,0,0,0,0,1,0,96,0,0,"{'solver_error': 0, 'short_solution': 0, 'duplicate': 0, 'goal_error': 0, 'joint_limit': 0, 'workspace': 0, 'obstacle_clearance': 393, 'obstacle_contact': 93, 'self_collision': 0}",0.00010473517295679897,486,486,nan,nan,0.0,passthrough,0,0,6,0,0,0,0,0,0.0,0.0,0.0,0.0,1.0,0.31538024944972776,0,0,0,0,0.31538024944972776,0.0,passthrough,osqp optimal,0.0,0,0,12,,workspace_z_lower,,,0,0,1,solved,nan,0,,0.0,0,osqp,0.0,valid,0.31538024944972776,0.873214483873313,0|0|0|0|0|0,0.487151881|0.315380249|0.316023695|0.397999755|0.427019022|0.476535366,0.660812605|0.489040974|0.489684419|0.57166048|0.600679746|0.65019609,0.607151881|0.435380249|0.436023695|0.517999755|0.547019022|0.596535366,0|0|0|0|0|0,0|0|0|0|0|0,0|0|0|0|0|0,1.94860752|1.261521|1.26409478|1.59199902|1.70807609|1.90614146,optimal,0.17941799655015453,0.0,0.17941799655015453,0.428064942|-0.544867158|0.500515461,-0|0|-0,0.012133480980992317,0.0036919040139764547,0.0018032500520348549,0.001831801957450807
114,5.75,-0.9156478640973162,0.05104140564799309,0.5964403748512268,0.48904097080230713,0.038023050874471664,1.0,1,0,0,0,0,0,0,,0,0,,-1,-1,nan,not_applicable,,,nan,0,0.0,0.0,0.0,0.0,0.0,0.5964403963810977,0.5964403748512268,2.1529870886105584e-08,0.0,0.0,0.0,0.0,0.0,0.0,0,0,disabled,0.0,1,PLAN_FAILED,ik_not_found,0,0.20102248108014464,1.4782924222527072,0,0,0,0,-1,nan,nan,,,480,0,0,0,0,1,0,96,0,0,"{'solver_error': 0, 'short_solution': 0, 'duplicate': 0, 'goal_error': 0, 'joint_limit': 0, 'workspace': 0, 'obstacle_clearance': 393, 'obstacle_contact': 93, 'self_collision': 0}",0.00010473517295679897,486,486,nan,nan,0.0,passthrough,0,0,6,0,0,0,0,0,0.0,0.0,0.0,0.0,1.0,0.31538024944972776,0,0,0,0,0.31538024944972776,0.0,passthrough,osqp optimal,0.0,0,0,12,,workspace_z_lower,,,0,0,1,solved,nan,0,,0.0,0,osqp,0.0,valid,0.31538024944972776,0.873214483873313,0|0|0|0|0|0,0.487151881|0.315380249|0.316023695|0.397999755|0.427019022|0.476535366,0.660812605|0.489040974|0.489684419|0.57166048|0.600679746|0.65019609,0.607151881|0.435380249|0.436023695|0.517999755|0.547019022|0.596535366,0|0|0|0|0|0,0|0|0|0|0|0,0|0|0|0|0|0,1.94860752|1.261521|1.26409478|1.59199902|1.70807609|1.90614146,optimal,0.17941799655015453,0.0,0.17941799655015453,0.428064942|-0.544867158|0.500515461,-0|0|-0,0.01422278699465096,0.004169133957475424,0.001456536934711039,0.001883252989500761
115,5.800000000000001,-0.9156478640973162,0.05104140564799309,0.5964403748512268,0.48904097080230713,0.038023050874471664,1.0,1,0,0,0,0,0,0,,0,0,,-1,-1,nan,not_applicable,,,nan,0,0.0,0.0,0.0,0.0,0.0,0.5964403963810977,0.5964403748512268,2.1529870886105584e-08,0.0,0.0,0.0,0.0,0.0,0.0,0,0,disabled,0.0,1,PLAN_FAILED,ik_not_found,0,0.20102248108014464,1.4782924222527072,0,0,0,0,-1,nan,nan,,,480,0,0,0,0,1,0,96,0,0,"{'solver_error': 0, 'short_solution': 0, 'duplicate': 0, 'goal_error': 0, 'joint_limit': 0, 'workspace': 0, 'obstacle_clearance': 393, 'obstacle_contact': 93, 'self_collision': 0}",0.00010473517295679897,486,486,nan,nan,0.0,passthrough,0,0,6,0,0,0,0,0,0.0,0.0,0.0,0.0,1.0,0.31538024944972776,0,0,0,0,0.31538024944972776,0.0,passthrough,osqp optimal,0.0,0,0,12,,workspace_z_lower,,,0,0,1,solved,nan,0,,0.0,0,osqp,0.0,valid,0.31538024944972776,0.873214483873313,0|0|0|0|0|0,0.487151881|0.315380249|0.316023695|0.397999755|0.427019022|0.476535366,0.660812605|0.489040974|0.489684419|0.57166048|0.600679746|0.65019609,0.607151881|0.435380249|0.436023695|0.517999755|0.547019022|0.596535366,0|0|0|0|0|0,0|0|0|0|0|0,0|0|0|0|0|0,1.94860752|1.261521|1.26409478|1.59199902|1.70807609|1.90614146,optimal,0.17941799655015453,0.0,0.17941799655015453,0.428064942|-0.544867158|0.500515461,-0|0|-0,0.01289190398529172,0.0024813140043988824,0.0020929070888087153,0.0023299410240724683
116,5.8500000000000005,-0.9156478640973162,0.05104140564799309,0.5964403748512268,0.48904097080230713,0.038023050874471664,1.0,1,0,0,0,0,0,0,,0,0,,-1,-1,nan,not_applicable,,,nan,0,0.0,0.0,0.0,0.0,0.0,0.5964403963810977,0.5964403748512268,2.1529870886105584e-08,0.0,0.0,0.0,0.0,0.0,0.0,0,0,disabled,0.0,1,PLAN_FAILED,ik_not_found,0,0.20102248108014464,1.4782924222527072,0,0,0,0,-1,nan,nan,,,480,0,0,0,0,1,0,96,0,0,"{'solver_error': 0, 'short_solution': 0, 'duplicate': 0, 'goal_error': 0, 'joint_limit': 0, 'workspace': 0, 'obstacle_clearance': 393, 'obstacle_contact': 93, 'self_collision': 0}",0.00010473517295679897,486,486,nan,nan,0.0,passthrough,0,0,6,0,0,0,0,0,0.0,0.0,0.0,0.0,1.0,0.31538024944972776,0,0,0,0,0.31538024944972776,0.0,passthrough,osqp optimal,0.0,0,0,12,,workspace_z_lower,,,0,0,1,solved,nan,0,,0.0,0,osqp,0.0,valid,0.31538024944972776,0.873214483873313,0|0|0|0|0|0,0.487151881|0.315380249|0.316023695|0.397999755|0.427019022|0.476535366,0.660812605|0.489040974|0.489684419|0.57166048|0.600679746|0.65019609,0.607151881|0.435380249|0.436023695|0.517999755|0.547019022|0.596535366,0|0|0|0|0|0,0|0|0|0|0|0,0|0|0|0|0|0,1.94860752|1.261521|1.26409478|1.59199902|1.70807609|1.90614146,optimal,0.17941799655015453,0.0,0.17941799655015453,0.428064942|-0.544867158|0.500515461,-0|0|-0,0.01625701505690813,0.0027757829520851374,0.0024971041129902005,0.00274327106308192
117,5.9,-0.9156478640973162,0.05104140564799309,0.5964403748512268,0.48904097080230713,0.038023050874471664,1.0,1,0,0,0,0,0,0,,0,0,,-1,-1,nan,not_applicable,,,nan,0,0.0,0.0,0.0,0.0,0.0,0.5964403963810977,0.5964403748512268,2.1529870886105584e-08,0.0,0.0,0.0,0.0,0.0,0.0,0,0,disabled,0.0,1,PLAN_FAILED,ik_not_found,0,0.20102248108014464,1.4782924222527072,0,0,0,0,-1,nan,nan,,,480,0,0,0,0,1,0,96,0,0,"{'solver_error': 0, 'short_solution': 0, 'duplicate': 0, 'goal_error': 0, 'joint_limit': 0, 'workspace': 0, 'obstacle_clearance': 393, 'obstacle_contact': 93, 'self_collision': 0}",0.00010473517295679897,486,486,nan,nan,0.0,passthrough,0,0,6,0,0,0,0,0,0.0,0.0,0.0,0.0,1.0,0.31538024944972776,0,0,0,0,0.31538024944972776,0.0,passthrough,osqp optimal,0.0,0,0,12,,workspace_z_lower,,,0,0,1,solved,nan,0,,0.0,0,osqp,0.0,valid,0.31538024944972776,0.873214483873313,0|0|0|0|0|0,0.487151881|0.315380249|0.316023695|0.397999755|0.427019022|0.476535366,0.660812605|0.489040974|0.489684419|0.57166048|0.600679746|0.65019609,0.607151881|0.435380249|0.436023695|0.517999755|0.547019022|0.596535366,0|0|0|0|0|0,0|0|0|0|0|0,0|0|0|0|0|0,1.94860752|1.261521|1.26409478|1.59199902|1.70807609|1.90614146,optimal,0.17941799655015453,0.0,0.17941799655015453,0.428064942|-0.544867158|0.500515461,-0|0|-0,0.010516011039726436,0.0028092049760743976,0.0014951889170333743,0.0016863889759406447
118,5.95,-0.9156478640973162,0.05104140564799309,0.5964403748512268,0.48904097080230713,0.038023050874471664,1.0,1,0,0,0,0,0,0,,0,0,,-1,-1,nan,not_applicable,,,nan,0,0.0,0.0,0.0,0.0,0.0,0.5964403963810977,0.5964403748512268,2.1529870886105584e-08,0.0,0.0,0.0,0.0,0.0,0.0,0,0,disabled,0.0,1,PLAN_FAILED,ik_not_found,0,0.20102248108014464,1.4782924222527072,0,0,0,0,-1,nan,nan,,,480,0,0,0,0,1,0,96,0,0,"{'solver_error': 0, 'short_solution': 0, 'duplicate': 0, 'goal_error': 0, 'joint_limit': 0, 'workspace': 0, 'obstacle_clearance': 393, 'obstacle_contact': 93, 'self_collision': 0}",0.00010473517295679897,486,486,nan,nan,0.0,passthrough,0,0,6,0,0,0,0,0,0.0,0.0,0.0,0.0,1.0,0.31538024944972776,0,0,0,0,0.31538024944972776,0.0,passthrough,osqp optimal,0.0,0,0,12,,workspace_z_lower,,,0,0,1,solved,nan,0,,0.0,0,osqp,0.0,valid,0.31538024944972776,0.873214483873313,0|0|0|0|0|0,0.487151881|0.315380249|0.316023695|0.397999755|0.427019022|0.476535366,0.660812605|0.489040974|0.489684419|0.57166048|0.600679746|0.65019609,0.607151881|0.435380249|0.436023695|0.517999755|0.547019022|0.596535366,0|0|0|0|0|0,0|0|0|0|0|0,0|0|0|0|0|0,1.94860752|1.261521|1.26409478|1.59199902|1.70807609|1.90614146,optimal,0.17941799655015453,0.0,0.17941799655015453,0.428064942|-0.544867158|0.500515461,-0|0|-0,0.014701843960210681,0.0039983270689845085,0.002078484045341611,0.002377126947976649
119,6.0,-0.9156478640973162,0.05104140564799309,0.5964403748512268,0.48904097080230713,0.038023050874471664,1.0,1,0,0,0,0,0,0,,0,0,,-1,-1,nan,not_applicable,,,nan,0,0.0,0.0,0.0,0.0,0.0,0.5964403963810977,0.5964403748512268,2.1529870886105584e-08,0.0,0.0,0.0,0.0,0.0,0.0,0,0,disabled,0.0,1,PLAN_FAILED,ik_not_found,0,0.20102248108014464,1.4782924222527072,0,0,0,0,-1,nan,nan,,,480,0,0,0,0,1,0,96,0,0,"{'solver_error': 0, 'short_solution': 0, 'duplicate': 0, 'goal_error': 0, 'joint_limit': 0, 'workspace': 0, 'obstacle_clearance': 393, 'obstacle_contact': 93, 'self_collision': 0}",0.00010473517295679897,486,486,nan,nan,0.0,passthrough,0,0,6,0,0,0,0,0,0.0,0.0,0.0,0.0,1.0,0.31538024944972776,0,0,0,0,0.31538024944972776,0.0,passthrough,osqp optimal,0.0,0,0,12,,workspace_z_lower,,,0,0,1,solved,nan,0,,0.0,0,osqp,0.0,valid,0.31538024944972776,0.873214483873313,0|0|0|0|0|0,0.487151881|0.315380249|0.316023695|0.397999755|0.427019022|0.476535366,0.660812605|0.489040974|0.489684419|0.57166048|0.600679746|0.65019609,0.607151881|0.435380249|0.436023695|0.517999755|0.547019022|0.596535366,0|0|0|0|0|0,0|0|0|0|0|0,0|0|0|0|0|0,1.94860752|1.261521|1.26409478|1.59199902|1.70807609|1.90614146,optimal,0.17941799655015453,0.0,0.17941799655015453,0.428064942|-0.544867158|0.500515461,-0|0|-0,0.01503225404303521,0.004075901000760496,0.0020761280320584774,0.0024259130004793406
120,6.050000000000001,-0.9156478640973162,0.05104140564799309,0.5964403748512268,0.48904097080230713,0.038023050874471664,1.0,1,0,0,0,0,0,0,,0,0,,-1,-1,nan,not_applicable,,,nan,0,0.0,0.0,0.0,0.0,0.0,0.5964403963810977,0.5964403748512268,2.1529870886105584e-08,0.0,0.0,0.0,0.0,0.0,0.0,0,0,disabled,0.0,1,PLAN_FAILED,ik_not_found,0,0.26708721404429525,1.7453796362970024,0,0,0,0,-1,nan,nan,,,544,0,0,0,0,1,0,96,0,0,"{'solver_error': 0, 'short_solution': 0, 'duplicate': 0, 'goal_error': 0, 'joint_limit': 0, 'workspace': 0, 'obstacle_clearance': 444, 'obstacle_contact': 107, 'self_collision': 0}",0.00010473517295679897,551,551,nan,nan,0.0,passthrough,0,0,7,0,0,0,0,0,0.0,0.0,0.0,0.0,1.0,0.31538024944972776,0,0,0,0,0.31538024944972776,0.0,passthrough,osqp optimal,0.0,0,0,12,,workspace_z_lower,,,0,0,1,solved,nan,0,,0.0,0,osqp,0.0,valid,0.31538024944972776,0.873214483873313,0|0|0|0|0|0,0.487151881|0.315380249|0.316023695|0.397999755|0.427019022|0.476535366,0.660812605|0.489040974|0.489684419|0.57166048|0.600679746|0.65019609,0.607151881|0.435380249|0.436023695|0.517999755|0.547019022|0.596535366,0|0|0|0|0|0,0|0|0|0|0|0,0|0|0|0|0|0,1.94860752|1.261521|1.26409478|1.59199902|1.70807609|1.90614146,optimal,0.17941799655015453,0.0,0.17941799655015453,0.428064942|-0.544867158|0.500515461,-0|0|-0,0.27861680602654815,0.003925928031094372,0.0013564310502260923,0.001752549083903432
121,6.1000000000000005,-0.9156478640973162,0.05104140564799309,0.5964403748512268,0.48904097080230713,0.038023050874471664,1.0,1,0,0,0,0,0,0,,0,0,,-1,-1,nan,not_applicable,,,nan,0,0.0,0.0,0.0,0.0,0.0,0.5964403963810977,0.5964403748512268,2.1529870886105584e-08,0.0,0.0,0.0,0.0,0.0,0.0,0,0,disabled,0.0,1,PLAN_FAILED,ik_not_found,0,0.26708721404429525,1.7453796362970024,0,0,0,0,-1,nan,nan,,,544,0,0,0,0,1,0,96,0,0,"{'solver_error': 0, 'short_solution': 0, 'duplicate': 0, 'goal_error': 0, 'joint_limit': 0, 'workspace': 0, 'obstacle_clearance': 444, 'obstacle_contact': 107, 'self_collision': 0}",0.00010473517295679897,551,551,nan,nan,0.0,passthrough,0,0,7,0,0,0,0,0,0.0,0.0,0.0,0.0,1.0,0.31538024944972776,0,0,0,0,0.31538024944972776,0.0,passthrough,osqp optimal,0.0,0,0,12,,workspace_z_lower,,,0,0,1,solved,nan,0,,0.0,0,osqp,0.0,valid,0.31538024944972776,0.873214483873313,0|0|0|0|0|0,0.487151881|0.315380249|0.316023695|0.397999755|0.427019022|0.476535366,0.660812605|0.489040974|0.489684419|0.57166048|0.600679746|0.65019609,0.607151881|0.435380249|0.436023695|0.517999755|0.547019022|0.596535366,0|0|0|0|0|0,0|0|0|0|0|0,0|0|0|0|0|0,1.94860752|1.261521|1.26409478|1.59199902|1.70807609|1.90614146,optimal,0.17941799655015453,0.0,0.17941799655015453,0.428064942|-0.544867158|0.500515461,-0|0|-0,0.014164602034725249,0.0028286390006542206,0.0013979619834572077,0.0025896159932017326
122,6.15,-0.9156478640973162,0.05104140564799309,0.5964403748512268,0.48904097080230713,0.038023050874471664,1.0,1,0,0,0,0,0,0,,0,0,,-1,-1,nan,not_applicable,,,nan,0,0.0,0.0,0.0,0.0,0.0,0.5964403963810977,0.5964403748512268,2.1529870886105584e-08,0.0,0.0,0.0,0.0,0.0,0.0,0,0,disabled,0.0,1,PLAN_FAILED,ik_not_found,0,0.26708721404429525,1.7453796362970024,0,0,0,0,-1,nan,nan,,,544,0,0,0,0,1,0,96,0,0,"{'solver_error': 0, 'short_solution': 0, 'duplicate': 0, 'goal_error': 0, 'joint_limit': 0, 'workspace': 0, 'obstacle_clearance': 444, 'obstacle_contact': 107, 'self_collision': 0}",0.00010473517295679897,551,551,nan,nan,0.0,passthrough,0,0,7,0,0,0,0,0,0.0,0.0,0.0,0.0,1.0,0.31538024944972776,0,0,0,0,0.31538024944972776,0.0,passthrough,osqp optimal,0.0,0,0,12,,workspace_z_lower,,,0,0,1,solved,nan,0,,0.0,0,osqp,0.0,valid,0.31538024944972776,0.873214483873313,0|0|0|0|0|0,0.487151881|0.315380249|0.316023695|0.397999755|0.427019022|0.476535366,0.660812605|0.489040974|0.489684419|0.57166048|0.600679746|0.65019609,0.607151881|0.435380249|0.436023695|0.517999755|0.547019022|0.596535366,0|0|0|0|0|0,0|0|0|0|0|0,0|0|0|0|0|0,1.94860752|1.261521|1.26409478|1.59199902|1.70807609|1.90614146,optimal,0.17941799655015453,0.0,0.17941799655015453,0.428064942|-0.544867158|0.500515461,-0|0|-0,0.011756069026887417,0.0024566520005464554,0.001297028036788106,0.0018307659775018692
123,6.2,-0.9156478640973162,0.05104140564799309,0.5964403748512268,0.48904097080230713,0.038023050874471664,1.0,1,0,0,0,0,0,0,,0,0,,-1,-1,nan,not_applicable,,,nan,0,0.0,0.0,0.0,0.0,0.0,0.5964403963810977,0.5964403748512268,2.1529870886105584e-08,0.0,0.0,0.0,0.0,0.0,0.0,0,0,disabled,0.0,1,PLAN_FAILED,ik_not_found,0,0.26708721404429525,1.7453796362970024,0,0,0,0,-1,nan,nan,,,544,0,0,0,0,1,0,96,0,0,"{'solver_error': 0, 'short_solution': 0, 'duplicate': 0, 'goal_error': 0, 'joint_limit': 0, 'workspace': 0, 'obstacle_clearance': 444, 'obstacle_contact': 107, 'self_collision': 0}",0.00010473517295679897,551,551,nan,nan,0.0,passthrough,0,0,7,0,0,0,0,0,0.0,0.0,0.0,0.0,1.0,0.31538024944972776,0,0,0,0,0.31538024944972776,0.0,passthrough,osqp optimal,0.0,0,0,12,,workspace_z_lower,,,0,0,1,solved,nan,0,,0.0,0,osqp,0.0,valid,0.31538024944972776,0.873214483873313,0|0|0|0|0|0,0.487151881|0.315380249|0.316023695|0.397999755|0.427019022|0.476535366,0.660812605|0.489040974|0.489684419|0.57166048|0.600679746|0.65019609,0.607151881|0.435380249|0.436023695|0.517999755|0.547019022|0.596535366,0|0|0|0|0|0,0|0|0|0|0|0,0|0|0|0|0|0,1.94860752|1.261521|1.26409478|1.59199902|1.70807609|1.90614146,optimal,0.17941799655015453,0.0,0.17941799655015453,0.428064942|-0.544867158|0.500515461,-0|0|-0,0.010443247971124947,0.002721408032812178,0.0013982910895720124,0.0017484449781477451
124,6.25,-0.9156478640973162,0.05104140564799309,0.5964403748512268,0.48904097080230713,0.038023050874471664,1.0,1,0,0,0,0,0,0,,0,0,,-1,-1,nan,not_applicable,,,nan,0,0.0,0.0,0.0,0.0,0.0,0.5964403963810977,0.5964403748512268,2.1529870886105584e-08,0.0,0.0,0.0,0.0,0.0,0.0,0,0,disabled,0.0,1,PLAN_FAILED,ik_not_found,0,0.26708721404429525,1.7453796362970024,0,0,0,0,-1,nan,nan,,,544,0,0,0,0,1,0,96,0,0,"{'solver_error': 0, 'short_solution': 0, 'duplicate': 0, 'goal_error': 0, 'joint_limit': 0, 'workspace': 0, 'obstacle_clearance': 444, 'obstacle_contact': 107, 'self_collision': 0}",0.00010473517295679897,551,551,nan,nan,0.0,passthrough,0,0,7,0,0,0,0,0,0.0,0.0,0.0,0.0,1.0,0.31538024944972776,0,0,0,0,0.31538024944972776,0.0,passthrough,osqp optimal,0.0,0,0,12,,workspace_z_lower,,,0,0,1,solved,nan,0,,0.0,0,osqp,0.0,valid,0.31538024944972776,0.873214483873313,0|0|0|0|0|0,0.487151881|0.315380249|0.316023695|0.397999755|0.427019022|0.476535366,0.660812605|0.489040974|0.489684419|0.57166048|0.600679746|0.65019609,0.607151881|0.435380249|0.436023695|0.517999755|0.547019022|0.596535366,0|0|0|0|0|0,0|0|0|0|0|0,0|0|0|0|0|0,1.94860752|1.261521|1.26409478|1.59199902|1.70807609|1.90614146,optimal,0.17941799655015453,0.0,0.17941799655015453,0.428064942|-0.544867158|0.500515461,-0|0|-0,0.014790063025429845,0.004340372979640961,0.001619042013771832,0.0018400870030745864
125,6.300000000000001,-0.9156478640973162,0.05104140564799309,0.5964403748512268,0.48904097080230713,0.038023050874471664,1.0,1,0,0,0,0,0,0,,0,0,,-1,-1,nan,not_applicable,,,nan,0,0.0,0.0,0.0,0.0,0.0,0.5964403963810977,0.5964403748512268,2.1529870886105584e-08,0.0,0.0,0.0,0.0,0.0,0.0,0,0,disabled,0.0,1,PLAN_FAILED,ik_not_found,0,0.26708721404429525,1.7453796362970024,0,0,0,0,-1,nan,nan,,,544,0,0,0,0,1,0,96,0,0,"{'solver_error': 0, 'short_solution': 0, 'duplicate': 0, 'goal_error': 0, 'joint_limit': 0, 'workspace': 0, 'obstacle_clearance': 444, 'obstacle_contact': 107, 'self_collision': 0}",0.00010473517295679897,551,551,nan,nan,0.0,passthrough,0,0,7,0,0,0,0,0,0.0,0.0,0.0,0.0,1.0,0.31538024944972776,0,0,0,0,0.31538024944972776,0.0,passthrough,osqp optimal,0.0,0,0,12,,workspace_z_lower,,,0,0,1,solved,nan,0,,0.0,0,osqp,0.0,valid,0.31538024944972776,0.873214483873313,0|0|0|0|0|0,0.487151881|0.315380249|0.316023695|0.397999755|0.427019022|0.476535366,0.660812605|0.489040974|0.489684419|0.57166048|0.600679746|0.65019609,0.607151881|0.435380249|0.436023695|0.517999755|0.547019022|0.596535366,0|0|0|0|0|0,0|0|0|0|0|0,0|0|0|0|0|0,1.94860752|1.261521|1.26409478|1.59199902|1.70807609|1.90614146,optimal,0.17941799655015453,0.0,0.17941799655015453,0.428064942|-0.544867158|0.500515461,-0|0|-0,0.01569815701805055,0.004267414100468159,0.0021367439767345786,0.0024402959970757365
126,6.3500000000000005,-0.9156478640973162,0.05104140564799309,0.5964403748512268,0.48904097080230713,0.038023050874471664,1.0,1,0,0,0,0,0,0,,0,0,,-1,-1,nan,not_applicable,,,nan,0,0.0,0.0,0.0,0.0,0.0,0.5964403963810977,0.5964403748512268,2.1529870886105584e-08,0.0,0.0,0.0,0.0,0.0,0.0,0,0,disabled,0.0,1,PLAN_FAILED,ik_not_found,0,0.26708721404429525,1.7453796362970024,0,0,0,0,-1,nan,nan,,,544,0,0,0,0,1,0,96,0,0,"{'solver_error': 0, 'short_solution': 0, 'duplicate': 0, 'goal_error': 0, 'joint_limit': 0, 'workspace': 0, 'obstacle_clearance': 444, 'obstacle_contact': 107, 'self_collision': 0}",0.00010473517295679897,551,551,nan,nan,0.0,passthrough,0,0,7,0,0,0,0,0,0.0,0.0,0.0,0.0,1.0,0.31538024944972776,0,0,0,0,0.31538024944972776,0.0,passthrough,osqp optimal,0.0,0,0,12,,workspace_z_lower,,,0,0,1,solved,nan,0,,0.0,0,osqp,0.0,valid,0.31538024944972776,0.873214483873313,0|0|0|0|0|0,0.487151881|0.315380249|0.316023695|0.397999755|0.427019022|0.476535366,0.660812605|0.489040974|0.489684419|0.57166048|0.600679746|0.65019609,0.607151881|0.435380249|0.436023695|0.517999755|0.547019022|0.596535366,0|0|0|0|0|0,0|0|0|0|0|0,0|0|0|0|0|0,1.94860752|1.261521|1.26409478|1.59199902|1.70807609|1.90614146,optimal,0.17941799655015453,0.0,0.17941799655015453,0.428064942|-0.544867158|0.500515461,-0|0|-0,0.015994868939742446,0.004314747988246381,0.002256099018268287,0.0024777980288490653
127,6.4,-0.9156478640973162,0.05104140564799309,0.5964403748512268,0.48904097080230713,0.038023050874471664,1.0,1,0,0,0,0,0,0,,0,0,,-1,-1,nan,not_applicable,,,nan,0,0.0,0.0,0.0,0.0,0.0,0.5964403963810977,0.5964403748512268,2.1529870886105584e-08,0.0,0.0,0.0,0.0,0.0,0.0,0,0,disabled,0.0,1,PLAN_FAILED,ik_not_found,0,0.26708721404429525,1.7453796362970024,0,0,0,0,-1,nan,nan,,,544,0,0,0,0,1,0,96,0,0,"{'solver_error': 0, 'short_solution': 0, 'duplicate': 0, 'goal_error': 0, 'joint_limit': 0, 'workspace': 0, 'obstacle_clearance': 444, 'obstacle_contact': 107, 'self_collision': 0}",0.00010473517295679897,551,551,nan,nan,0.0,passthrough,0,0,7,0,0,0,0,0,0.0,0.0,0.0,0.0,1.0,0.31538024944972776,0,0,0,0,0.31538024944972776,0.0,passthrough,osqp optimal,0.0,0,0,12,,workspace_z_lower,,,0,0,1,solved,nan,0,,0.0,0,osqp,0.0,valid,0.31538024944972776,0.873214483873313,0|0|0|0|0|0,0.487151881|0.315380249|0.316023695|0.397999755|0.427019022|0.476535366,0.660812605|0.489040974|0.489684419|0.57166048|0.600679746|0.65019609,0.607151881|0.435380249|0.436023695|0.517999755|0.547019022|0.596535366,0|0|0|0|0|0,0|0|0|0|0|0,0|0|0|0|0|0,1.94860752|1.261521|1.26409478|1.59199902|1.70807609|1.90614146,optimal,0.17941799655015453,0.0,0.17941799655015453,0.428064942|-0.544867158|0.500515461,-0|0|-0,0.015661368030123413,0.004181916010566056,0.0021394339855760336,0.002420509932562709
128,6.45,-0.9156478640973162,0.05104140564799309,0.5964403748512268,0.48904097080230713,0.038023050874471664,1.0,1,0,0,0,0,0,0,,0,0,,-1,-1,nan,not_applicable,,,nan,0,0.0,0.0,0.0,0.0,0.0,0.5964403963810977,0.5964403748512268,2.1529870886105584e-08,0.0,0.0,0.0,0.0,0.0,0.0,0,0,disabled,0.0,1,PLAN_FAILED,ik_not_found,0,0.26708721404429525,1.7453796362970024,0,0,0,0,-1,nan,nan,,,544,0,0,0,0,1,0,96,0,0,"{'solver_error': 0, 'short_solution': 0, 'duplicate': 0, 'goal_error': 0, 'joint_limit': 0, 'workspace': 0, 'obstacle_clearance': 444, 'obstacle_contact': 107, 'self_collision': 0}",0.00010473517295679897,551,551,nan,nan,0.0,passthrough,0,0,7,0,0,0,0,0,0.0,0.0,0.0,0.0,1.0,0.31538024944972776,0,0,0,0,0.31538024944972776,0.0,passthrough,osqp optimal,0.0,0,0,12,,workspace_z_lower,,,0,0,1,solved,nan,0,,0.0,0,osqp,0.0,valid,0.31538024944972776,0.873214483873313,0|0|0|0|0|0,0.487151881|0.315380249|0.316023695|0.397999755|0.427019022|0.476535366,0.660812605|0.489040974|0.489684419|0.57166048|0.600679746|0.65019609,0.607151881|0.435380249|0.436023695|0.517999755|0.547019022|0.596535366,0|0|0|0|0|0,0|0|0|0|0|0,0|0|0|0|0|0,1.94860752|1.261521|1.26409478|1.59199902|1.70807609|1.90614146,optimal,0.17941799655015453,0.0,0.17941799655015453,0.428064942|-0.544867158|0.500515461,-0|0|-0,0.01539254398085177,0.004074708907864988,0.0020080000394955277,0.0025433270493522286
129,6.5,-0.9156478640973162,0.05104140564799309,0.5964403748512268,0.48904097080230713,0.038023050874471664,1.0,1,0,0,0,0,0,0,,0,0,,-1,-1,nan,not_applicable,,,nan,0,0.0,0.0,0.0,0.0,0.0,0.5964403963810977,0.5964403748512268,2.1529870886105584e-08,0.0,0.0,0.0,0.0,0.0,0.0,0,0,disabled,0.0,1,PLAN_FAILED,ik_not_found,0,0.26708721404429525,1.7453796362970024,0,0,0,0,-1,nan,nan,,,544,0,0,0,0,1,0,96,0,0,"{'solver_error': 0, 'short_solution': 0, 'duplicate': 0, 'goal_error': 0, 'joint_limit': 0, 'workspace': 0, 'obstacle_clearance': 444, 'obstacle_contact': 107, 'self_collision': 0}",0.00010473517295679897,551,551,nan,nan,0.0,passthrough,0,0,7,0,0,0,0,0,0.0,0.0,0.0,0.0,1.0,0.31538024944972776,0,0,0,0,0.31538024944972776,0.0,passthrough,osqp optimal,0.0,0,0,12,,workspace_z_lower,,,0,0,1,solved,nan,0,,0.0,0,osqp,0.0,valid,0.31538024944972776,0.873214483873313,0|0|0|0|0|0,0.487151881|0.315380249|0.316023695|0.397999755|0.427019022|0.476535366,0.660812605|0.489040974|0.489684419|0.57166048|0.600679746|0.65019609,0.607151881|0.435380249|0.436023695|0.517999755|0.547019022|0.596535366,0|0|0|0|0|0,0|0|0|0|0|0,0|0|0|0|0|0,1.94860752|1.261521|1.26409478|1.59199902|1.70807609|1.90614146,optimal,0.17941799655015453,0.0,0.17941799655015453,0.428064942|-0.544867158|0.500515461,-0|0|-0,0.016114800004288554,0.0040727159939706326,0.002273828024044633,0.002604481065645814
130,6.550000000000001,-0.9156478640973162,0.05104140564799309,0.5964403748512268,0.48904097080230713,0.038023050874471664,1.0,1,0,0,0,0,0,0,,0,0,,-1,-1,nan,not_applicable,,,nan,0,0.0,0.0,0.0,0.0,0.0,0.5964403963810977,0.5964403748512268,2.1529870886105584e-08,0.0,0.0,0.0,0.0,0.0,0.0,0,0,disabled,0.0,1,PLAN_FAILED,ik_not_found,0,0.26708721404429525,1.7453796362970024,0,0,0,0,-1,nan,nan,,,544,0,0,0,0,1,0,96,0,0,"{'solver_error': 0, 'short_solution': 0, 'duplicate': 0, 'goal_error': 0, 'joint_limit': 0, 'workspace': 0, 'obstacle_clearance': 444, 'obstacle_contact': 107, 'self_collision': 0}",0.00010473517295679897,551,551,nan,nan,0.0,passthrough,0,0,7,0,0,0,0,0,0.0,0.0,0.0,0.0,1.0,0.31538024944972776,0,0,0,0,0.31538024944972776,0.0,passthrough,osqp optimal,0.0,0,0,12,,workspace_z_lower,,,0,0,1,solved,nan,0,,0.0,0,osqp,0.0,valid,0.31538024944972776,0.873214483873313,0|0|0|0|0|0,0.487151881|0.315380249|0.316023695|0.397999755|0.427019022|0.476535366,0.660812605|0.489040974|0.489684419|0.57166048|0.600679746|0.65019609,0.607151881|0.435380249|0.436023695|0.517999755|0.547019022|0.596535366,0|0|0|0|0|0,0|0|0|0|0|0,0|0|0|0|0|0,1.94860752|1.261521|1.26409478|1.59199902|1.70807609|1.90614146,optimal,0.17941799655015453,0.0,0.17941799655015453,0.428064942|-0.544867158|0.500515461,-0|0|-0,0.016414890997111797,0.004469633102416992,0.00221492990385741,0.002432754961773753
131,6.6000000000000005,-0.9156478640973162,0.05104140564799309,0.5964403748512268,0.48904097080230713,0.038023050874471664,1.0,1,0,0,0,0,0,0,,0,0,,-1,-1,nan,not_applicable,,,nan,0,0.0,0.0,0.0,0.0,0.0,0.5964403963810977,0.5964403748512268,2.1529870886105584e-08,0.0,0.0,0.0,0.0,0.0,0.0,0,0,disabled,0.0,1,PLAN_FAILED,ik_not_found,0,0.26708721404429525,1.7453796362970024,0,0,0,0,-1,nan,nan,,,544,0,0,0,0,1,0,96,0,0,"{'solver_error': 0, 'short_solution': 0, 'duplicate': 0, 'goal_error': 0, 'joint_limit': 0, 'workspace': 0, 'obstacle_clearance': 444, 'obstacle_contact': 107, 'self_collision': 0}",0.00010473517295679897,551,551,nan,nan,0.0,passthrough,0,0,7,0,0,0,0,0,0.0,0.0,0.0,0.0,1.0,0.31538024944972776,0,0,0,0,0.31538024944972776,0.0,passthrough,osqp optimal,0.0,0,0,12,,workspace_z_lower,,,0,0,1,solved,nan,0,,0.0,0,osqp,0.0,valid,0.31538024944972776,0.873214483873313,0|0|0|0|0|0,0.487151881|0.315380249|0.316023695|0.397999755|0.427019022|0.476535366,0.660812605|0.489040974|0.489684419|0.57166048|0.600679746|0.65019609,0.607151881|0.435380249|0.436023695|0.517999755|0.547019022|0.596535366,0|0|0|0|0|0,0|0|0|0|0|0,0|0|0|0|0|0,1.94860752|1.261521|1.26409478|1.59199902|1.70807609|1.90614146,optimal,0.17941799655015453,0.0,0.17941799655015453,0.428064942|-0.544867158|0.500515461,-0|0|-0,0.016781404963694513,0.004722787067294121,0.0022476320154964924,0.002603949047625065
132,6.65,-0.9156478640973162,0.05104140564799309,0.5964403748512268,0.48904097080230713,0.038023050874471664,1.0,1,0,0,0,0,0,0,,0,0,,-1,-1,nan,not_applicable,,,nan,0,0.0,0.0,0.0,0.0,0.0,0.5964403963810977,0.5964403748512268,2.1529870886105584e-08,0.0,0.0,0.0,0.0,0.0,0.0,0,0,disabled,0.0,1,PLAN_FAILED,ik_not_found,0,0.26708721404429525,1.7453796362970024,0,0,0,0,-1,nan,nan,,,544,0,0,0,0,1,0,96,0,0,"{'solver_error': 0, 'short_solution': 0, 'duplicate': 0, 'goal_error': 0, 'joint_limit': 0, 'workspace': 0, 'obstacle_clearance': 444, 'obstacle_contact': 107, 'self_collision': 0}",0.00010473517295679897,551,551,nan,nan,0.0,passthrough,0,0,7,0,0,0,0,0,0.0,0.0,0.0,0.0,1.0,0.31538024944972776,0,0,0,0,0.31538024944972776,0.0,passthrough,osqp optimal,0.0,0,0,12,,workspace_z_lower,,,0,0,1,solved,nan,0,,0.0,0,osqp,0.0,valid,0.31538024944972776,0.873214483873313,0|0|0|0|0|0,0.487151881|0.315380249|0.316023695|0.397999755|0.427019022|0.476535366,0.660812605|0.489040974|0.489684419|0.57166048|0.600679746|0.65019609,0.607151881|0.435380249|0.436023695|0.517999755|0.547019022|0.596535366,0|0|0|0|0|0,0|0|0|0|0|0,0|0|0|0|0|0,1.94860752|1.261521|1.26409478|1.59199902|1.70807609|1.90614146,optimal,0.17941799655015453,0.0,0.17941799655015453,0.428064942|-0.544867158|0.500515461,-0|0|-0,0.011985910008661449,0.0033853279892355204,0.0013950499705970287,0.002418916905298829
133,6.7,-0.9156478640973162,0.05104140564799309,0.5964403748512268,0.48904097080230713,0.038023050874471664,1.0,1,0,0,0,0,0,0,,0,0,,-1,-1,nan,not_applicable,,,nan,0,0.0,0.0,0.0,0.0,0.0,0.5964403963810977,0.5964403748512268,2.1529870886105584e-08,0.0,0.0,0.0,0.0,0.0,0.0,0,0,disabled,0.0,1,PLAN_FAILED,ik_not_found,0,0.26708721404429525,1.7453796362970024,0,0,0,0,-1,nan,nan,,,544,0,0,0,0,1,0,96,0,0,"{'solver_error': 0, 'short_solution': 0, 'duplicate': 0, 'goal_error': 0, 'joint_limit': 0, 'workspace': 0, 'obstacle_clearance': 444, 'obstacle_contact': 107, 'self_collision': 0}",0.00010473517295679897,551,551,nan,nan,0.0,passthrough,0,0,7,0,0,0,0,0,0.0,0.0,0.0,0.0,1.0,0.31538024944972776,0,0,0,0,0.31538024944972776,0.0,passthrough,osqp optimal,0.0,0,0,12,,workspace_z_lower,,,0,0,1,solved,nan,0,,0.0,0,osqp,0.0,valid,0.31538024944972776,0.873214483873313,0|0|0|0|0|0,0.487151881|0.315380249|0.316023695|0.397999755|0.427019022|0.476535366,0.660812605|0.489040974|0.489684419|0.57166048|0.600679746|0.65019609,0.607151881|0.435380249|0.436023695|0.517999755|0.547019022|0.596535366,0|0|0|0|0|0,0|0|0|0|0|0,0|0|0|0|0|0,1.94860752|1.261521|1.26409478|1.59199902|1.70807609|1.90614146,optimal,0.17941799655015453,0.0,0.17941799655015453,0.428064942|-0.544867158|0.500515461,-0|0|-0,0.010786202969029546,0.002740736003033817,0.00150310096796602,0.0018933180253952742
134,6.75,-0.9156478640973162,0.05104140564799309,0.5964403748512268,0.48904097080230713,0.038023050874471664,1.0,1,0,0,0,0,0,0,,0,0,,-1,-1,nan,not_applicable,,,nan,0,0.0,0.0,0.0,0.0,0.0,0.5964403963810977,0.5964403748512268,2.1529870886105584e-08,0.0,0.0,0.0,0.0,0.0,0.0,0,0,disabled,0.0,1,PLAN_FAILED,ik_not_found,0,0.26708721404429525,1.7453796362970024,0,0,0,0,-1,nan,nan,,,544,0,0,0,0,1,0,96,0,0,"{'solver_error': 0, 'short_solution': 0, 'duplicate': 0, 'goal_error': 0, 'joint_limit': 0, 'workspace': 0, 'obstacle_clearance': 444, 'obstacle_contact': 107, 'self_collision': 0}",0.00010473517295679897,551,551,nan,nan,0.0,passthrough,0,0,7,0,0,0,0,0,0.0,0.0,0.0,0.0,1.0,0.31538024944972776,0,0,0,0,0.31538024944972776,0.0,passthrough,osqp optimal,0.0,0,0,12,,workspace_z_lower,,,0,0,1,solved,nan,0,,0.0,0,osqp,0.0,valid,0.31538024944972776,0.873214483873313,0|0|0|0|0|0,0.487151881|0.315380249|0.316023695|0.397999755|0.427019022|0.476535366,0.660812605|0.489040974|0.489684419|0.57166048|0.600679746|0.65019609,0.607151881|0.435380249|0.436023695|0.517999755|0.547019022|0.596535366,0|0|0|0|0|0,0|0|0|0|0|0,0|0|0|0|0|0,1.94860752|1.261521|1.26409478|1.59199902|1.70807609|1.90614146,optimal,0.17941799655015453,0.0,0.17941799655015453,0.428064942|-0.544867158|0.500515461,-0|0|-0,0.010449780034832656,0.0028220399981364608,0.0013466400559991598,0.0019442179473116994
135,6.800000000000001,-0.9156478640973162,0.05104140564799309,0.5964403748512268,0.48904097080230713,0.038023050874471664,1.0,1,0,0,0,0,0,0,,0,0,,-1,-1,nan,not_applicable,,,nan,0,0.0,0.0,0.0,0.0,0.0,0.5964403963810977,0.5964403748512268,2.1529870886105584e-08,0.0,0.0,0.0,0.0,0.0,0.0,0,0,disabled,0.0,1,PLAN_FAILED,ik_not_found,0,0.26708721404429525,1.7453796362970024,0,0,0,0,-1,nan,nan,,,544,0,0,0,0,1,0,96,0,0,"{'solver_error': 0, 'short_solution': 0, 'duplicate': 0, 'goal_error': 0, 'joint_limit': 0, 'workspace': 0, 'obstacle_clearance': 444, 'obstacle_contact': 107, 'self_collision': 0}",0.00010473517295679897,551,551,nan,nan,0.0,passthrough,0,0,7,0,0,0,0,0,0.0,0.0,0.0,0.0,1.0,0.31538024944972776,0,0,0,0,0.31538024944972776,0.0,passthrough,osqp optimal,0.0,0,0,12,,workspace_z_lower,,,0,0,1,solved,nan,0,,0.0,0,osqp,0.0,valid,0.31538024944972776,0.873214483873313,0|0|0|0|0|0,0.487151881|0.315380249|0.316023695|0.397999755|0.427019022|0.476535366,0.660812605|0.489040974|0.489684419|0.57166048|0.600679746|0.65019609,0.607151881|0.435380249|0.436023695|0.517999755|0.547019022|0.596535366,0|0|0|0|0|0,0|0|0|0|0|0,0|0|0|0|0|0,1.94860752|1.261521|1.26409478|1.59199902|1.70807609|1.90614146,optimal,0.17941799655015453,0.0,0.17941799655015453,0.428064942|-0.544867158|0.500515461,-0|0|-0,0.01036983192898333,0.00265361403580755,0.001599763985723257,0.0018034150125458837
136,6.8500000000000005,-0.9156478640973162,0.05104140564799309,0.5964403748512268,0.48904097080230713,0.038023050874471664,1.0,1,0,0,0,0,0,0,,0,0,,-1,-1,nan,not_applicable,,,nan,0,0.0,0.0,0.0,0.0,0.0,0.5964403963810977,0.5964403748512268,2.1529870886105584e-08,0.0,0.0,0.0,0.0,0.0,0.0,0,0,disabled,0.0,1,PLAN_FAILED,ik_not_found,0,0.26708721404429525,1.7453796362970024,0,0,0,0,-1,nan,nan,,,544,0,0,0,0,1,0,96,0,0,"{'solver_error': 0, 'short_solution': 0, 'duplicate': 0, 'goal_error': 0, 'joint_limit': 0, 'workspace': 0, 'obstacle_clearance': 444, 'obstacle_contact': 107, 'self_collision': 0}",0.00010473517295679897,551,551,nan,nan,0.0,passthrough,0,0,7,0,0,0,0,0,0.0,0.0,0.0,0.0,1.0,0.31538024944972776,0,0,0,0,0.31538024944972776,0.0,passthrough,osqp optimal,0.0,0,0,12,,workspace_z_lower,,,0,0,1,solved,nan,0,,0.0,0,osqp,0.0,valid,0.31538024944972776,0.873214483873313,0|0|0|0|0|0,0.487151881|0.315380249|0.316023695|0.397999755|0.427019022|0.476535366,0.660812605|0.489040974|0.489684419|0.57166048|0.600679746|0.65019609,0.607151881|0.435380249|0.436023695|0.517999755|0.547019022|0.596535366,0|0|0|0|0|0,0|0|0|0|0|0,0|0|0|0|0|0,1.94860752|1.261521|1.26409478|1.59199902|1.70807609|1.90614146,optimal,0.17941799655015453,0.0,0.17941799655015453,0.428064942|-0.544867158|0.500515461,-0|0|-0,0.01010241499170661,0.0025244569405913353,0.0013316570548340678,0.001586948987096548
137,6.9,-0.9156478640973162,0.05104140564799309,0.5964403748512268,0.48904097080230713,0.038023050874471664,1.0,1,0,0,0,0,0,0,,0,0,,-1,-1,nan,not_applicable,,,nan,0,0.0,0.0,0.0,0.0,0.0,0.5964403963810977,0.5964403748512268,2.1529870886105584e-08,0.0,0.0,0.0,0.0,0.0,0.0,0,0,disabled,0.0,1,PLAN_FAILED,ik_not_found,0,0.26708721404429525,1.7453796362970024,0,0,0,0,-1,nan,nan,,,544,0,0,0,0,1,0,96,0,0,"{'solver_error': 0, 'short_solution': 0, 'duplicate': 0, 'goal_error': 0, 'joint_limit': 0, 'workspace': 0, 'obstacle_clearance': 444, 'obstacle_contact': 107, 'self_collision': 0}",0.00010473517295679897,551,551,nan,nan,0.0,passthrough,0,0,7,0,0,0,0,0,0.0,0.0,0.0,0.0,1.0,0.31538024944972776,0,0,0,0,0.31538024944972776,0.0,passthrough,osqp optimal,0.0,0,0,12,,workspace_z_lower,,,0,0,1,solved,nan,0,,0.0,0,osqp,0.0,valid,0.31538024944972776,0.873214483873313,0|0|0|0|0|0,0.487151881|0.315380249|0.316023695|0.397999755|0.427019022|0.476535366,0.660812605|0.489040974|0.489684419|0.57166048|0.600679746|0.65019609,0.607151881|0.435380249|0.436023695|0.517999755|0.547019022|0.596535366,0|0|0|0|0|0,0|0|0|0|0|0,0|0|0|0|0|0,1.94860752|1.261521|1.26409478|1.59199902|1.70807609|1.90614146,optimal,0.17941799655015453,0.0,0.17941799655015453,0.428064942|-0.544867158|0.500515461,-0|0|-0,0.009499044041149318,0.0025011900579556823,0.0013200559187680483,0.0015757239889353514
138,6.95,-0.9156478640973162,0.05104140564799309,0.5964403748512268,0.48904097080230713,0.038023050874471664,1.0,1,0,0,0,0,0,0,,0,0,,-1,-1,nan,not_applicable,,,nan,0,0.0,0.0,0.0,0.0,0.0,0.5964403963810977,0.5964403748512268,2.1529870886105584e-08,0.0,0.0,0.0,0.0,0.0,0.0,0,0,disabled,0.0,1,PLAN_FAILED,ik_not_found,0,0.26708721404429525,1.7453796362970024,0,0,0,0,-1,nan,nan,,,544,0,0,0,0,1,0,96,0,0,"{'solver_error': 0, 'short_solution': 0, 'duplicate': 0, 'goal_error': 0, 'joint_limit': 0, 'workspace': 0, 'obstacle_clearance': 444, 'obstacle_contact': 107, 'self_collision': 0}",0.00010473517295679897,551,551,nan,nan,0.0,passthrough,0,0,7,0,0,0,0,0,0.0,0.0,0.0,0.0,1.0,0.31538024944972776,0,0,0,0,0.31538024944972776,0.0,passthrough,osqp optimal,0.0,0,0,12,,workspace_z_lower,,,0,0,1,solved,nan,0,,0.0,0,osqp,0.0,valid,0.31538024944972776,0.873214483873313,0|0|0|0|0|0,0.487151881|0.315380249|0.316023695|0.397999755|0.427019022|0.476535366,0.660812605|0.489040974|0.489684419|0.57166048|0.600679746|0.65019609,0.607151881|0.435380249|0.436023695|0.517999755|0.547019022|0.596535366,0|0|0|0|0|0,0|0|0|0|0|0,0|0|0|0|0|0,1.94860752|1.261521|1.26409478|1.59199902|1.70807609|1.90614146,optimal,0.17941799655015453,0.0,0.17941799655015453,0.428064942|-0.544867158|0.500515461,-0|0|-0,0.00970167899504304,0.002851777011528611,0.0012950069503858685,0.001655656029470265
139,7.0,-0.9156478640973162,0.05104140564799309,0.5964403748512268,0.48904097080230713,0.038023050874471664,1.0,1,0,0,0,0,0,0,,0,0,,-1,-1,nan,not_applicable,,,nan,0,0.0,0.0,0.0,0.0,0.0,0.5964403963810977,0.5964403748512268,2.1529870886105584e-08,0.0,0.0,0.0,0.0,0.0,0.0,0,0,disabled,0.0,1,PLAN_FAILED,ik_not_found,0,0.26708721404429525,1.7453796362970024,0,0,0,0,-1,nan,nan,,,544,0,0,0,0,1,0,96,0,0,"{'solver_error': 0, 'short_solution': 0, 'duplicate': 0, 'goal_error': 0, 'joint_limit': 0, 'workspace': 0, 'obstacle_clearance': 444, 'obstacle_contact': 107, 'self_collision': 0}",0.00010473517295679897,551,551,nan,nan,0.0,passthrough,0,0,7,0,0,0,0,0,0.0,0.0,0.0,0.0,1.0,0.31538024944972776,0,0,0,0,0.31538024944972776,0.0,passthrough,osqp optimal,0.0,0,0,12,,workspace_z_lower,,,0,0,1,solved,nan,0,,0.0,0,osqp,0.0,valid,0.31538024944972776,0.873214483873313,0|0|0|0|0|0,0.487151881|0.315380249|0.316023695|0.397999755|0.427019022|0.476535366,0.660812605|0.489040974|0.489684419|0.57166048|0.600679746|0.65019609,0.607151881|0.435380249|0.436023695|0.517999755|0.547019022|0.596535366,0|0|0|0|0|0,0|0|0|0|0|0,0|0|0|0|0|0,1.94860752|1.261521|1.26409478|1.59199902|1.70807609|1.90614146,optimal,0.17941799655015453,0.0,0.17941799655015453,0.428064942|-0.544867158|0.500515461,-0|0|-0,0.011088988976553082,0.0029034640174359083,0.0015020499704405665,0.002150848973542452
140,7.050000000000001,-0.9156478640973162,0.05104140564799309,0.5964403748512268,0.48904097080230713,0.038023050874471664,1.0,1,0,0,0,0,0,0,,0,0,,-1,-1,nan,not_applicable,,,nan,0,0.0,0.0,0.0,0.0,0.0,0.5964403963810977,0.5964403748512268,2.1529870886105584e-08,0.0,0.0,0.0,0.0,0.0,0.0,0,0,disabled,0.0,1,PLAN_FAILED,ik_not_found,0,0.26091439998708665,2.006294036284089,0,0,0,0,-1,nan,nan,,,608,0,0,0,0,1,0,96,0,0,"{'solver_error': 0, 'short_solution': 0, 'duplicate': 0, 'goal_error': 0, 'joint_limit': 0, 'workspace': 0, 'obstacle_clearance': 494, 'obstacle_contact': 122, 'self_collision': 0}",0.00010473517295679897,616,616,nan,nan,0.0,passthrough,0,0,8,0,0,0,0,0,0.0,0.0,0.0,0.0,1.0,0.31538024944972776,0,0,0,0,0.31538024944972776,0.0,passthrough,osqp optimal,0.0,0,0,12,,workspace_z_lower,,,0,0,1,solved,nan,0,,0.0,0,osqp,0.0,valid,0.31538024944972776,0.873214483873313,0|0|0|0|0|0,0.487151881|0.315380249|0.316023695|0.397999755|0.427019022|0.476535366,0.660812605|0.489040974|0.489684419|0.57166048|0.600679746|0.65019609,0.607151881|0.435380249|0.436023695|0.517999755|0.547019022|0.596535366,0|0|0|0|0|0,0|0|0|0|0|0,0|0|0|0|0|0,1.94860752|1.261521|1.26409478|1.59199902|1.70807609|1.90614146,optimal,0.17941799655015453,0.0,0.17941799655015453,0.428064942|-0.544867158|0.500515461,-0|0|-0,0.274697314016521,0.0030707460828125477,0.0020659660222008824,0.0024604309583082795
141,7.1000000000000005,-0.9156478640973162,0.05104140564799309,0.5964403748512268,0.48904097080230713,0.038023050874471664,1.0,1,0,0,0,0,0,0,,0,0,,-1,-1,nan,not_applicable,,,nan,0,0.0,0.0,0.0,0.0,0.0,0.5964403963810977,0.5964403748512268,2.1529870886105584e-08,0.0,0.0,0.0,0.0,0.0,0.0,0,0,disabled,0.0,1,PLAN_FAILED,ik_not_found,0,0.26091439998708665,2.006294036284089,0,0,0,0,-1,nan,nan,,,608,0,0,0,0,1,0,96,0,0,"{'solver_error': 0, 'short_solution': 0, 'duplicate': 0, 'goal_error': 0, 'joint_limit': 0, 'workspace': 0, 'obstacle_clearance': 494, 'obstacle_contact': 122, 'self_collision': 0}",0.00010473517295679897,616,616,nan,nan,0.0,passthrough,0,0,8,0,0,0,0,0,0.0,0.0,0.0,0.0,1.0,0.31538024944972776,0,0,0,0,0.31538024944972776,0.0,passthrough,osqp optimal,0.0,0,0,12,,workspace_z_lower,,,0,0,1,solved,nan,0,,0.0,0,osqp,0.0,valid,0.31538024944972776,0.873214483873313,0|0|0|0|0|0,0.487151881|0.315380249|0.316023695|0.397999755|0.427019022|0.476535366,0.660812605|0.489040974|0.489684419|0.57166048|0.600679746|0.65019609,0.607151881|0.435380249|0.436023695|0.517999755|0.547019022|0.596535366,0|0|0|0|0|0,0|0|0|0|0|0,0|0|0|0|0|0,1.94860752|1.261521|1.26409478|1.59199902|1.70807609|1.90614146,optimal,0.17941799655015453,0.0,0.17941799655015453,0.428064942|-0.544867158|0.500515461,-0|0|-0,0.014256738009862602,0.0038753639673814178,0.0019393169786781073,0.0021947419736534357
142,7.15,-0.9156478640973162,0.05104140564799309,0.5964403748512268,0.48904097080230713,0.038023050874471664,1.0,1,0,0,0,0,0,0,,0,0,,-1,-1,nan,not_applicable,,,nan,0,0.0,0.0,0.0,0.0,0.0,0.5964403963810977,0.5964403748512268,2.1529870886105584e-08,0.0,0.0,0.0,0.0,0.0,0.0,0,0,disabled,0.0,1,PLAN_FAILED,ik_not_found,0,0.26091439998708665,2.006294036284089,0,0,0,0,-1,nan,nan,,,608,0,0,0,0,1,0,96,0,0,"{'solver_error': 0, 'short_solution': 0, 'duplicate': 0, 'goal_error': 0, 'joint_limit': 0, 'workspace': 0, 'obstacle_clearance': 494, 'obstacle_contact': 122, 'self_collision': 0}",0.00010473517295679897,616,616,nan,nan,0.0,passthrough,0,0,8,0,0,0,0,0,0.0,0.0,0.0,0.0,1.0,0.31538024944972776,0,0,0,0,0.31538024944972776,0.0,passthrough,osqp optimal,0.0,0,0,12,,workspace_z_lower,,,0,0,1,solved,nan,0,,0.0,0,osqp,0.0,valid,0.31538024944972776,0.873214483873313,0|0|0|0|0|0,0.487151881|0.315380249|0.316023695|0.397999755|0.427019022|0.476535366,0.660812605|0.489040974|0.489684419|0.57166048|0.600679746|0.65019609,0.607151881|0.435380249|0.436023695|0.517999755|0.547019022|0.596535366,0|0|0|0|0|0,0|0|0|0|0|0,0|0|0|0|0|0,1.94860752|1.261521|1.26409478|1.59199902|1.70807609|1.90614146,optimal,0.17941799655015453,0.0,0.17941799655015453,0.428064942|-0.544867158|0.500515461,-0|0|-0,0.014051784994080663,0.0038293059915304184,0.001905675046145916,0.002225175965577364
143,7.2,-0.9156478640973162,0.05104140564799309,0.5964403748512268,0.48904097080230713,0.038023050874471664,1.0,1,0,0,0,0,0,0,,0,0,,-1,-1,nan,not_applicable,,,nan,0,0.0,0.0,0.0,0.0,0.0,0.5964403963810977,0.5964403748512268,2.1529870886105584e-08,0.0,0.0,0.0,0.0,0.0,0.0,0,0,disabled,0.0,1,PLAN_FAILED,ik_not_found,0,0.26091439998708665,2.006294036284089,0,0,0,0,-1,nan,nan,,,608,0,0,0,0,1,0,96,0,0,"{'solver_error': 0, 'short_solution': 0, 'duplicate': 0, 'goal_error': 0, 'joint_limit': 0, 'workspace': 0, 'obstacle_clearance': 494, 'obstacle_contact': 122, 'self_collision': 0}",0.00010473517295679897,616,616,nan,nan,0.0,passthrough,0,0,8,0,0,0,0,0,0.0,0.0,0.0,0.0,1.0,0.31538024944972776,0,0,0,0,0.31538024944972776,0.0,passthrough,osqp optimal,0.0,0,0,12,,workspace_z_lower,,,0,0,1,solved,nan,0,,0.0,0,osqp,0.0,valid,0.31538024944972776,0.873214483873313,0|0|0|0|0|0,0.487151881|0.315380249|0.316023695|0.397999755|0.427019022|0.476535366,0.660812605|0.489040974|0.489684419|0.57166048|0.600679746|0.65019609,0.607151881|0.435380249|0.436023695|0.517999755|0.547019022|0.596535366,0|0|0|0|0|0,0|0|0|0|0|0,0|0|0|0|0|0,1.94860752|1.261521|1.26409478|1.59199902|1.70807609|1.90614146,optimal,0.17941799655015453,0.0,0.17941799655015453,0.428064942|-0.544867158|0.500515461,-0|0|-0,0.013758988003246486,0.0036365330452099442,0.0019039309117943048,0.0022039649775251746
144,7.25,-0.9156478640973162,0.05104140564799309,0.5964403748512268,0.48904097080230713,0.038023050874471664,1.0,1,0,0,0,0,0,0,,0,0,,-1,-1,nan,not_applicable,,,nan,0,0.0,0.0,0.0,0.0,0.0,0.5964403963810977,0.5964403748512268,2.1529870886105584e-08,0.0,0.0,0.0,0.0,0.0,0.0,0,0,disabled,0.0,1,PLAN_FAILED,ik_not_found,0,0.26091439998708665,2.006294036284089,0,0,0,0,-1,nan,nan,,,608,0,0,0,0,1,0,96,0,0,"{'solver_error': 0, 'short_solution': 0, 'duplicate': 0, 'goal_error': 0, 'joint_limit': 0, 'workspace': 0, 'obstacle_clearance': 494, 'obstacle_contact': 122, 'self_collision': 0}",0.00010473517295679897,616,616,nan,nan,0.0,passthrough,0,0,8,0,0,0,0,0,0.0,0.0,0.0,0.0,1.0,0.31538024944972776,0,0,0,0,0.31538024944972776,0.0,passthrough,osqp optimal,0.0,0,0,12,,workspace_z_lower,,,0,0,1,solved,nan,0,,0.0,0,osqp,0.0,valid,0.31538024944972776,0.873214483873313,0|0|0|0|0|0,0.487151881|0.315380249|0.316023695|0.397999755|0.427019022|0.476535366,0.660812605|0.489040974|0.489684419|0.57166048|0.600679746|0.65019609,0.607151881|0.435380249|0.436023695|0.517999755|0.547019022|0.596535366,0|0|0|0|0|0,0|0|0|0|0|0,0|0|0|0|0|0,1.94860752|1.261521|1.26409478|1.59199902|1.70807609|1.90614146,optimal,0.17941799655015453,0.0,0.17941799655015453,0.428064942|-0.544867158|0.500515461,-0|0|-0,0.014336199965327978,0.003811532980762422,0.0020002899691462517,0.002375593059696257
145,7.300000000000001,-0.9156478640973162,0.05104140564799309,0.5964403748512268,0.48904097080230713,0.038023050874471664,1.0,1,0,0,0,0,0,0,,0,0,,-1,-1,nan,not_applicable,,,nan,0,0.0,0.0,0.0,0.0,0.0,0.5964403963810977,0.5964403748512268,2.1529870886105584e-08,0.0,0.0,0.0,0.0,0.0,0.0,0,0,disabled,0.0,1,PLAN_FAILED,ik_not_found,0,0.26091439998708665,2.006294036284089,0,0,0,0,-1,nan,nan,,,608,0,0,0,0,1,0,96,0,0,"{'solver_error': 0, 'short_solution': 0, 'duplicate': 0, 'goal_error': 0, 'joint_limit': 0, 'workspace': 0, 'obstacle_clearance': 494, 'obstacle_contact': 122, 'self_collision': 0}",0.00010473517295679897,616,616,nan,nan,0.0,passthrough,0,0,8,0,0,0,0,0,0.0,0.0,0.0,0.0,1.0,0.31538024944972776,0,0,0,0,0.31538024944972776,0.0,passthrough,osqp optimal,0.0,0,0,12,,workspace_z_lower,,,0,0,1,solved,nan,0,,0.0,0,osqp,0.0,valid,0.31538024944972776,0.873214483873313,0|0|0|0|0|0,0.487151881|0.315380249|0.316023695|0.397999755|0.427019022|0.476535366,0.660812605|0.489040974|0.489684419|0.57166048|0.600679746|0.65019609,0.607151881|0.435380249|0.436023695|0.517999755|0.547019022|0.596535366,0|0|0|0|0|0,0|0|0|0|0|0,0|0|0|0|0|0,1.94860752|1.261521|1.26409478|1.59199902|1.70807609|1.90614146,optimal,0.17941799655015453,0.0,0.17941799655015453,0.428064942|-0.544867158|0.500515461,-0|0|-0,0.010622977977618575,0.003409355995245278,0.0012579049216583371,0.0018302350072190166
146,7.3500000000000005,-0.9156478640973162,0.05104140564799309,0.5964403748512268,0.48904097080230713,0.038023050874471664,1.0,1,0,0,0,0,0,0,,0,0,,-1,-1,nan,not_applicable,,,nan,0,0.0,0.0,0.0,0.0,0.0,0.5964403963810977,0.5964403748512268,2.1529870886105584e-08,0.0,0.0,0.0,0.0,0.0,0.0,0,0,disabled,0.0,1,PLAN_FAILED,ik_not_found,0,0.26091439998708665,2.006294036284089,0,0,0,0,-1,nan,nan,,,608,0,0,0,0,1,0,96,0,0,"{'solver_error': 0, 'short_solution': 0, 'duplicate': 0, 'goal_error': 0, 'joint_limit': 0, 'workspace': 0, 'obstacle_clearance': 494, 'obstacle_contact': 122, 'self_collision': 0}",0.00010473517295679897,616,616,nan,nan,0.0,passthrough,0,0,8,0,0,0,0,0,0.0,0.0,0.0,0.0,1.0,0.31538024944972776,0,0,0,0,0.31538024944972776,0.0,passthrough,osqp optimal,0.0,0,0,12,,workspace_z_lower,,,0,0,1,solved,nan,0,,0.0,0,osqp,0.0,valid,0.31538024944972776,0.873214483873313,0|0|0|0|0|0,0.487151881|0.315380249|0.316023695|0.397999755|0.427019022|0.476535366,0.660812605|0.489040974|0.489684419|0.57166048|0.600679746|0.65019609,0.607151881|0.435380249|0.436023695|0.517999755|0.547019022|0.596535366,0|0|0|0|0|0,0|0|0|0|0|0,0|0|0|0|0|0,1.94860752|1.261521|1.26409478|1.59199902|1.70807609|1.90614146,optimal,0.17941799655015453,0.0,0.17941799655015453,0.428064942|-0.544867158|0.500515461,-0|0|-0,0.01381199702154845,0.002733329078182578,0.002208805992268026,0.00172845006454736
147,7.4,-0.9156478640973162,0.05104140564799309,0.5964403748512268,0.48904097080230713,0.038023050874471664,1.0,1,0,0,0,0,0,0,,0,0,,-1,-1,nan,not_applicable,,,nan,0,0.0,0.0,0.0,0.0,0.0,0.5964403963810977,0.5964403748512268,2.1529870886105584e-08,0.0,0.0,0.0,0.0,0.0,0.0,0,0,disabled,0.0,1,PLAN_FAILED,ik_not_found,0,0.26091439998708665,2.006294036284089,0,0,0,0,-1,nan,nan,,,608,0,0,0,0,1,0,96,0,0,"{'solver_error': 0, 'short_solution': 0, 'duplicate': 0, 'goal_error': 0, 'joint_limit': 0, 'workspace': 0, 'obstacle_clearance': 494, 'obstacle_contact': 122, 'self_collision': 0}",0.00010473517295679897,616,616,nan,nan,0.0,passthrough,0,0,8,0,0,0,0,0,0.0,0.0,0.0,0.0,1.0,0.31538024944972776,0,0,0,0,0.31538024944972776,0.0,passthrough,osqp optimal,0.0,0,0,12,,workspace_z_lower,,,0,0,1,solved,nan,0,,0.0,0,osqp,0.0,valid,0.31538024944972776,0.873214483873313,0|0|0|0|0|0,0.487151881|0.315380249|0.316023695|0.397999755|0.427019022|0.476535366,0.660812605|0.489040974|0.489684419|0.57166048|0.600679746|0.65019609,0.607151881|0.435380249|0.436023695|0.517999755|0.547019022|0.596535366,0|0|0|0|0|0,0|0|0|0|0|0,0|0|0|0|0|0,1.94860752|1.261521|1.26409478|1.59199902|1.70807609|1.90614146,optimal,0.17941799655015453,0.0,0.17941799655015453,0.428064942|-0.544867158|0.500515461,-0|0|-0,0.014176430995576084,0.003714423975907266,0.0019690499175339937,0.002280144952237606
148,7.45,-0.9156478640973162,0.05104140564799309,0.5964403748512268,0.48904097080230713,0.038023050874471664,1.0,1,0,0,0,0,0,0,,0,0,,-1,-1,nan,not_applicable,,,nan,0,0.0,0.0,0.0,0.0,0.0,0.5964403963810977,0.5964403748512268,2.1529870886105584e-08,0.0,0.0,0.0,0.0,0.0,0.0,0,0,disabled,0.0,1,PLAN_FAILED,ik_not_found,0,0.26091439998708665,2.006294036284089,0,0,0,0,-1,nan,nan,,,608,0,0,0,0,1,0,96,0,0,"{'solver_error': 0, 'short_solution': 0, 'duplicate': 0, 'goal_error': 0, 'joint_limit': 0, 'workspace': 0, 'obstacle_clearance': 494, 'obstacle_contact': 122, 'self_collision': 0}",0.00010473517295679897,616,616,nan,nan,0.0,passthrough,0,0,8,0,0,0,0,0,0.0,0.0,0.0,0.0,1.0,0.31538024944972776,0,0,0,0,0.31538024944972776,0.0,passthrough,osqp optimal,0.0,0,0,12,,workspace_z_lower,,,0,0,1,solved,nan,0,,0.0,0,osqp,0.0,valid,0.31538024944972776,0.873214483873313,0|0|0|0|0|0,0.487151881|0.315380249|0.316023695|0.397999755|0.427019022|0.476535366,0.660812605|0.489040974|0.489684419|0.57166048|0.600679746|0.65019609,0.607151881|0.435380249|0.436023695|0.517999755|0.547019022|0.596535366,0|0|0|0|0|0,0|0|0|0|0|0,0|0|0|0|0|0,1.94860752|1.261521|1.26409478|1.59199902|1.70807609|1.90614146,optimal,0.17941799655015453,0.0,0.17941799655015453,0.428064942|-0.544867158|0.500515461,-0|0|-0,0.01020235603209585,0.002658328041434288,0.0013963539386168122,0.0017747730016708374
149,7.5,-0.9156478640973162,0.05104140564799309,0.5964403748512268,0.48904097080230713,0.038023050874471664,1.0,1,0,0,0,0,0,0,,0,0,,-1,-1,nan,not_applicable,,,nan,0,0.0,0.0,0.0,0.0,0.0,0.5964403963810977,0.5964403748512268,2.1529870886105584e-08,0.0,0.0,0.0,0.0,0.0,0.0,0,0,disabled,0.0,1,PLAN_FAILED,ik_not_found,0,0.26091439998708665,2.006294036284089,0,0,0,0,-1,nan,nan,,,608,0,0,0,0,1,0,96,0,0,"{'solver_error': 0, 'short_solution': 0, 'duplicate': 0, 'goal_error': 0, 'joint_limit': 0, 'workspace': 0, 'obstacle_clearance': 494, 'obstacle_contact': 122, 'self_collision': 0}",0.00010473517295679897,616,616,nan,nan,0.0,passthrough,0,0,8,0,0,0,0,0,0.0,0.0,0.0,0.0,1.0,0.31538024944972776,0,0,0,0,0.31538024944972776,0.0,passthrough,osqp optimal,0.0,0,0,12,,workspace_z_lower,,,0,0,1,solved,nan,0,,0.0,0,osqp,0.0,valid,0.31538024944972776,0.873214483873313,0|0|0|0|0|0,0.487151881|0.315380249|0.316023695|0.397999755|0.427019022|0.476535366,0.660812605|0.489040974|0.489684419|0.57166048|0.600679746|0.65019609,0.607151881|0.435380249|0.436023695|0.517999755|0.547019022|0.596535366,0|0|0|0|0|0,0|0|0|0|0|0,0|0|0|0|0|0,1.94860752|1.261521|1.26409478|1.59199902|1.70807609|1.90614146,optimal,0.17941799655015453,0.0,0.17941799655015453,0.428064942|-0.544867158|0.500515461,-0|0|-0,0.010172793990932405,0.002710169996134937,0.0014308060053735971,0.001704829977825284
150,7.550000000000001,-0.9156478640973162,0.05104140564799309,0.5964403748512268,0.48904097080230713,0.038023050874471664,1.0,1,0,0,0,0,0,0,,0,0,,-1,-1,nan,not_applicable,,,nan,0,0.0,0.0,0.0,0.0,0.0,0.5964403963810977,0.5964403748512268,2.1529870886105584e-08,0.0,0.0,0.0,0.0,0.0,0.0,0,0,disabled,0.0,1,PLAN_FAILED,ik_not_found,0,0.26091439998708665,2.006294036284089,0,0,0,0,-1,nan,nan,,,608,0,0,0,0,1,0,96,0,0,"{'solver_error': 0, 'short_solution': 0, 'duplicate': 0, 'goal_error': 0, 'joint_limit': 0, 'workspace': 0, 'obstacle_clearance': 494, 'obstacle_contact': 122, 'self_collision': 0}",0.00010473517295679897,616,616,nan,nan,0.0,passthrough,0,0,8,0,0,0,0,0,0.0,0.0,0.0,0.0,1.0,0.31538024944972776,0,0,0,0,0.31538024944972776,0.0,passthrough,osqp optimal,0.0,0,0,12,,workspace_z_lower,,,0,0,1,solved,nan,0,,0.0,0,osqp,0.0,valid,0.31538024944972776,0.873214483873313,0|0|0|0|0|0,0.487151881|0.315380249|0.316023695|0.397999755|0.427019022|0.476535366,0.660812605|0.489040974|0.489684419|0.57166048|0.600679746|0.65019609,0.607151881|0.435380249|0.436023695|0.517999755|0.547019022|0.596535366,0|0|0|0|0|0,0|0|0|0|0|0,0|0|0|0|0|0,1.94860752|1.261521|1.26409478|1.59199902|1.70807609|1.90614146,optimal,0.17941799655015453,0.0,0.17941799655015453,0.428064942|-0.544867158|0.500515461,-0|0|-0,0.00988034694455564,0.002460616989992559,0.001703009009361267,0.001711140968836844
151,7.6000000000000005,-0.9156478640973162,0.05104140564799309,0.5964403748512268,0.48904097080230713,0.038023050874471664,1.0,1,0,0,0,0,0,0,,0,0,,-1,-1,nan,not_applicable,,,nan,0,0.0,0.0,0.0,0.0,0.0,0.5964403963810977,0.5964403748512268,2.1529870886105584e-08,0.0,0.0,0.0,0.0,0.0,0.0,0,0,disabled,0.0,1,PLAN_FAILED,ik_not_found,0,0.26091439998708665,2.006294036284089,0,0,0,0,-1,nan,nan,,,608,0,0,0,0,1,0,96,0,0,"{'solver_error': 0, 'short_solution': 0, 'duplicate': 0, 'goal_error': 0, 'joint_limit': 0, 'workspace': 0, 'obstacle_clearance': 494, 'obstacle_contact': 122, 'self_collision': 0}",0.00010473517295679897,616,616,nan,nan,0.0,passthrough,0,0,8,0,0,0,0,0,0.0,0.0,0.0,0.0,1.0,0.31538024944972776,0,0,0,0,0.31538024944972776,0.0,passthrough,osqp optimal,0.0,0,0,12,,workspace_z_lower,,,0,0,1,solved,nan,0,,0.0,0,osqp,0.0,valid,0.31538024944972776,0.873214483873313,0|0|0|0|0|0,0.487151881|0.315380249|0.316023695|0.397999755|0.427019022|0.476535366,0.660812605|0.489040974|0.489684419|0.57166048|0.600679746|0.65019609,0.607151881|0.435380249|0.436023695|0.517999755|0.547019022|0.596535366,0|0|0|0|0|0,0|0|0|0|0|0,0|0|0|0|0|0,1.94860752|1.261521|1.26409478|1.59199902|1.70807609|1.90614146,optimal,0.17941799655015453,0.0,0.17941799655015453,0.428064942|-0.544867158|0.500515461,-0|0|-0,0.011206311057321727,0.002994598005898297,0.001759613980539143,0.0017555620288476348
152,7.65,-0.9156478640973162,0.05104140564799309,0.5964403748512268,0.48904097080230713,0.038023050874471664,1.0,1,0,0,0,0,0,0,,0,0,,-1,-1,nan,not_applicable,,,nan,0,0.0,0.0,0.0,0.0,0.0,0.5964403963810977,0.5964403748512268,2.1529870886105584e-08,0.0,0.0,0.0,0.0,0.0,0.0,0,0,disabled,0.0,1,PLAN_FAILED,ik_not_found,0,0.26091439998708665,2.006294036284089,0,0,0,0,-1,nan,nan,,,608,0,0,0,0,1,0,96,0,0,"{'solver_error': 0, 'short_solution': 0, 'duplicate': 0, 'goal_error': 0, 'joint_limit': 0, 'workspace': 0, 'obstacle_clearance': 494, 'obstacle_contact': 122, 'self_collision': 0}",0.00010473517295679897,616,616,nan,nan,0.0,passthrough,0,0,8,0,0,0,0,0,0.0,0.0,0.0,0.0,1.0,0.31538024944972776,0,0,0,0,0.31538024944972776,0.0,passthrough,osqp optimal,0.0,0,0,12,,workspace_z_lower,,,0,0,1,solved,nan,0,,0.0,0,osqp,0.0,valid,0.31538024944972776,0.873214483873313,0|0|0|0|0|0,0.487151881|0.315380249|0.316023695|0.397999755|0.427019022|0.476535366,0.660812605|0.489040974|0.489684419|0.57166048|0.600679746|0.65019609,0.607151881|0.435380249|0.436023695|0.517999755|0.547019022|0.596535366,0|0|0|0|0|0,0|0|0|0|0|0,0|0|0|0|0|0,1.94860752|1.261521|1.26409478|1.59199902|1.70807609|1.90614146,optimal,0.17941799655015453,0.0,0.17941799655015453,0.428064942|-0.544867158|0.500515461,-0|0|-0,0.011005952954292297,0.002990115899592638,0.001505005988292396,0.0017277339939028025
153,7.7,-0.9156478640973162,0.05104140564799309,0.5964403748512268,0.48904097080230713,0.038023050874471664,1.0,1,0,0,0,0,0,0,,0,0,,-1,-1,nan,not_applicable,,,nan,0,0.0,0.0,0.0,0.0,0.0,0.5964403963810977,0.5964403748512268,2.1529870886105584e-08,0.0,0.0,0.0,0.0,0.0,0.0,0,0,disabled,0.0,1,PLAN_FAILED,ik_not_found,0,0.26091439998708665,2.006294036284089,0,0,0,0,-1,nan,nan,,,608,0,0,0,0,1,0,96,0,0,"{'solver_error': 0, 'short_solution': 0, 'duplicate': 0, 'goal_error': 0, 'joint_limit': 0, 'workspace': 0, 'obstacle_clearance': 494, 'obstacle_contact': 122, 'self_collision': 0}",0.00010473517295679897,616,616,nan,nan,0.0,passthrough,0,0,8,0,0,0,0,0,0.0,0.0,0.0,0.0,1.0,0.31538024944972776,0,0,0,0,0.31538024944972776,0.0,passthrough,osqp optimal,0.0,0,0,12,,workspace_z_lower,,,0,0,1,solved,nan,0,,0.0,0,osqp,0.0,valid,0.31538024944972776,0.873214483873313,0|0|0|0|0|0,0.487151881|0.315380249|0.316023695|0.397999755|0.427019022|0.476535366,0.660812605|0.489040974|0.489684419|0.57166048|0.600679746|0.65019609,0.607151881|0.435380249|0.436023695|0.517999755|0.547019022|0.596535366,0|0|0|0|0|0,0|0|0|0|0|0,0|0|0|0|0|0,1.94860752|1.261521|1.26409478|1.59199902|1.70807609|1.90614146,optimal,0.17941799655015453,0.0,0.17941799655015453,0.428064942|-0.544867158|0.500515461,-0|0|-0,0.010684053995646536,0.0028207299765199423,0.001503434032201767,0.0019004929345101118
154,7.75,-0.9156478640973162,0.05104140564799309,0.5964403748512268,0.48904097080230713,0.038023050874471664,1.0,1,0,0,0,0,0,0,,0,0,,-1,-1,nan,not_applicable,,,nan,0,0.0,0.0,0.0,0.0,0.0,0.5964403963810977,0.5964403748512268,2.1529870886105584e-08,0.0,0.0,0.0,0.0,0.0,0.0,0,0,disabled,0.0,1,PLAN_FAILED,ik_not_found,0,0.26091439998708665,2.006294036284089,0,0,0,0,-1,nan,nan,,,608,0,0,0,0,1,0,96,0,0,"{'solver_error': 0, 'short_solution': 0, 'duplicate': 0, 'goal_error': 0, 'joint_limit': 0, 'workspace': 0, 'obstacle_clearance': 494, 'obstacle_contact': 122, 'self_collision': 0}",0.00010473517295679897,616,616,nan,nan,0.0,passthrough,0,0,8,0,0,0,0,0,0.0,0.0,0.0,0.0,1.0,0.31538024944972776,0,0,0,0,0.31538024944972776,0.0,passthrough,osqp optimal,0.0,0,0,12,,workspace_z_lower,,,0,0,1,solved,nan,0,,0.0,0,osqp,0.0,valid,0.31538024944972776,0.873214483873313,0|0|0|0|0|0,0.487151881|0.315380249|0.316023695|0.397999755|0.427019022|0.476535366,0.660812605|0.489040974|0.489684419|0.57166048|0.600679746|0.65019609,0.607151881|0.435380249|0.436023695|0.517999755|0.547019022|0.596535366,0|0|0|0|0|0,0|0|0|0|0|0,0|0|0|0|0|0,1.94860752|1.261521|1.26409478|1.59199902|1.70807609|1.90614146,optimal,0.17941799655015453,0.0,0.17941799655015453,0.428064942|-0.544867158|0.500515461,-0|0|-0,0.011901200981810689,0.0028220120584592223,0.0019544470123946667,0.0024712550221011043
155,7.800000000000001,-0.9156478640973162,0.05104140564799309,0.5964403748512268,0.48904097080230713,0.038023050874471664,1.0,1,0,0,0,0,0,0,,0,0,,-1,-1,nan,not_applicable,,,nan,0,0.0,0.0,0.0,0.0,0.0,0.5964403963810977,0.5964403748512268,2.1529870886105584e-08,0.0,0.0,0.0,0.0,0.0,0.0,0,0,disabled,0.0,1,PLAN_FAILED,ik_not_found,0,0.26091439998708665,2.006294036284089,0,0,0,0,-1,nan,nan,,,608,0,0,0,0,1,0,96,0,0,"{'solver_error': 0, 'short_solution': 0, 'duplicate': 0, 'goal_error': 0, 'joint_limit': 0, 'workspace': 0, 'obstacle_clearance': 494, 'obstacle_contact': 122, 'self_collision': 0}",0.00010473517295679897,616,616,nan,nan,0.0,passthrough,0,0,8,0,0,0,0,0,0.0,0.0,0.0,0.0,1.0,0.31538024944972776,0,0,0,0,0.31538024944972776,0.0,passthrough,osqp optimal,0.0,0,0,12,,workspace_z_lower,,,0,0,1,solved,nan,0,,0.0,0,osqp,0.0,valid,0.31538024944972776,0.873214483873313,0|0|0|0|0|0,0.487151881|0.315380249|0.316023695|0.397999755|0.427019022|0.476535366,0.660812605|0.489040974|0.489684419|0.57166048|0.600679746|0.65019609,0.607151881|0.435380249|0.436023695|0.517999755|0.547019022|0.596535366,0|0|0|0|0|0,0|0|0|0|0|0,0|0|0|0|0|0,1.94860752|1.261521|1.26409478|1.59199902|1.70807609|1.90614146,optimal,0.17941799655015453,0.0,0.17941799655015453,0.428064942|-0.544867158|0.500515461,-0|0|-0,0.010647865943610668,0.002839270979166031,0.0014786890242248774,0.001967984950169921
156,7.8500000000000005,-0.9156478640973162,0.05104140564799309,0.5964403748512268,0.48904097080230713,0.038023050874471664,1.0,1,0,0,0,0,0,0,,0,0,,-1,-1,nan,not_applicable,,,nan,0,0.0,0.0,0.0,0.0,0.0,0.5964403963810977,0.5964403748512268,2.1529870886105584e-08,0.0,0.0,0.0,0.0,0.0,0.0,0,0,disabled,0.0,1,PLAN_FAILED,ik_not_found,0,0.26091439998708665,2.006294036284089,0,0,0,0,-1,nan,nan,,,608,0,0,0,0,1,0,96,0,0,"{'solver_error': 0, 'short_solution': 0, 'duplicate': 0, 'goal_error': 0, 'joint_limit': 0, 'workspace': 0, 'obstacle_clearance': 494, 'obstacle_contact': 122, 'self_collision': 0}",0.00010473517295679897,616,616,nan,nan,0.0,passthrough,0,0,8,0,0,0,0,0,0.0,0.0,0.0,0.0,1.0,0.31538024944972776,0,0,0,0,0.31538024944972776,0.0,passthrough,osqp optimal,0.0,0,0,12,,workspace_z_lower,,,0,0,1,solved,nan,0,,0.0,0,osqp,0.0,valid,0.31538024944972776,0.873214483873313,0|0|0|0|0|0,0.487151881|0.315380249|0.316023695|0.397999755|0.427019022|0.476535366,0.660812605|0.489040974|0.489684419|0.57166048|0.600679746|0.65019609,0.607151881|0.435380249|0.436023695|0.517999755|0.547019022|0.596535366,0|0|0|0|0|0,0|0|0|0|0|0,0|0|0|0|0|0,1.94860752|1.261521|1.26409478|1.59199902|1.70807609|1.90614146,optimal,0.17941799655015453,0.0,0.17941799655015453,0.428064942|-0.544867158|0.500515461,-0|0|-0,0.011056178016588092,0.0028309079352766275,0.0014670289820060134,0.001661547925323248
157,7.9,-0.9156478640973162,0.05104140564799309,0.5964403748512268,0.48904097080230713,0.038023050874471664,1.0,1,0,0,0,0,0,0,,0,0,,-1,-1,nan,not_applicable,,,nan,0,0.0,0.0,0.0,0.0,0.0,0.5964403963810977,0.5964403748512268,2.1529870886105584e-08,0.0,0.0,0.0,0.0,0.0,0.0,0,0,disabled,0.0,1,PLAN_FAILED,ik_not_found,0,0.26091439998708665,2.006294036284089,0,0,0,0,-1,nan,nan,,,608,0,0,0,0,1,0,96,0,0,"{'solver_error': 0, 'short_solution': 0, 'duplicate': 0, 'goal_error': 0, 'joint_limit': 0, 'workspace': 0, 'obstacle_clearance': 494, 'obstacle_contact': 122, 'self_collision': 0}",0.00010473517295679897,616,616,nan,nan,0.0,passthrough,0,0,8,0,0,0,0,0,0.0,0.0,0.0,0.0,1.0,0.31538024944972776,0,0,0,0,0.31538024944972776,0.0,passthrough,osqp optimal,0.0,0,0,12,,workspace_z_lower,,,0,0,1,solved,nan,0,,0.0,0,osqp,0.0,valid,0.31538024944972776,0.873214483873313,0|0|0|0|0|0,0.487151881|0.315380249|0.316023695|0.397999755|0.427019022|0.476535366,0.660812605|0.489040974|0.489684419|0.57166048|0.600679746|0.65019609,0.607151881|0.435380249|0.436023695|0.517999755|0.547019022|0.596535366,0|0|0|0|0|0,0|0|0|0|0|0,0|0|0|0|0|0,1.94860752|1.261521|1.26409478|1.59199902|1.70807609|1.90614146,optimal,0.17941799655015453,0.0,0.17941799655015453,0.428064942|-0.544867158|0.500515461,-0|0|-0,0.009730282006785274,0.002635821932926774,0.001246394938789308,0.0015915309777483344
158,7.95,-0.9156478640973162,0.05104140564799309,0.5964403748512268,0.48904097080230713,0.038023050874471664,1.0,1,0,0,0,0,0,0,,0,0,,-1,-1,nan,not_applicable,,,nan,0,0.0,0.0,0.0,0.0,0.0,0.5964403963810977,0.5964403748512268,2.1529870886105584e-08,0.0,0.0,0.0,0.0,0.0,0.0,0,0,disabled,0.0,1,PLAN_FAILED,ik_not_found,0,0.26091439998708665,2.006294036284089,0,0,0,0,-1,nan,nan,,,608,0,0,0,0,1,0,96,0,0,"{'solver_error': 0, 'short_solution': 0, 'duplicate': 0, 'goal_error': 0, 'joint_limit': 0, 'workspace': 0, 'obstacle_clearance': 494, 'obstacle_contact': 122, 'self_collision': 0}",0.00010473517295679897,616,616,nan,nan,0.0,passthrough,0,0,8,0,0,0,0,0,0.0,0.0,0.0,0.0,1.0,0.31538024944972776,0,0,0,0,0.31538024944972776,0.0,passthrough,osqp optimal,0.0,0,0,12,,workspace_z_lower,,,0,0,1,solved,nan,0,,0.0,0,osqp,0.0,valid,0.31538024944972776,0.873214483873313,0|0|0|0|0|0,0.487151881|0.315380249|0.316023695|0.397999755|0.427019022|0.476535366,0.660812605|0.489040974|0.489684419|0.57166048|0.600679746|0.65019609,0.607151881|0.435380249|0.436023695|0.517999755|0.547019022|0.596535366,0|0|0|0|0|0,0|0|0|0|0|0,0|0|0|0|0|0,1.94860752|1.261521|1.26409478|1.59199902|1.70807609|1.90614146,optimal,0.17941799655015453,0.0,0.17941799655015453,0.428064942|-0.544867158|0.500515461,-0|0|-0,0.010981090017594397,0.0027038309490308166,0.0015278860228136182,0.0018115659477189183
159,8.0,-0.9156478640973162,0.05104140564799309,0.5964403748512268,0.48904097080230713,0.038023050874471664,1.0,1,0,0,0,0,0,0,,0,0,,-1,-1,nan,not_applicable,,,nan,0,0.0,0.0,0.0,0.0,0.0,0.5964403963810977,0.5964403748512268,2.1529870886105584e-08,0.0,0.0,0.0,0.0,0.0,0.0,0,0,disabled,0.0,1,PLAN_FAILED,ik_not_found,0,0.26091439998708665,2.006294036284089,0,0,0,0,-1,nan,nan,,,608,0,0,0,0,1,0,96,0,0,"{'solver_error': 0, 'short_solution': 0, 'duplicate': 0, 'goal_error': 0, 'joint_limit': 0, 'workspace': 0, 'obstacle_clearance': 494, 'obstacle_contact': 122, 'self_collision': 0}",0.00010473517295679897,616,616,nan,nan,0.0,passthrough,0,0,8,0,0,0,0,0,0.0,0.0,0.0,0.0,1.0,0.31538024944972776,0,0,0,0,0.31538024944972776,0.0,passthrough,osqp optimal,0.0,0,0,12,,workspace_z_lower,,,0,0,1,solved,nan,0,,0.0,0,osqp,0.0,valid,0.31538024944972776,0.873214483873313,0|0|0|0|0|0,0.487151881|0.315380249|0.316023695|0.397999755|0.427019022|0.476535366,0.660812605|0.489040974|0.489684419|0.57166048|0.600679746|0.65019609,0.607151881|0.435380249|0.436023695|0.517999755|0.547019022|0.596535366,0|0|0|0|0|0,0|0|0|0|0|0,0|0|0|0|0|0,1.94860752|1.261521|1.26409478|1.59199902|1.70807609|1.90614146,optimal,0.17941799655015453,0.0,0.17941799655015453,0.428064942|-0.544867158|0.500515461,-0|0|-0,0.010299663990736008,0.003039125935174525,0.0012997629819437861,0.0017788260011002421
160,8.05,-0.9156478640973162,0.05104140564799309,0.5964403748512268,0.48904097080230713,0.038023050874471664,1.0,1,0,0,0,0,0,0,,0,0,,-1,-1,nan,not_applicable,,,nan,0,0.0,0.0,0.0,0.0,0.0,0.5964403963810977,0.5964403748512268,2.1529870886105584e-08,0.0,0.0,0.0,0.0,0.0,0.0,0,0,disabled,0.0,1,PLAN_FAILED,ik_not_found,0,0.20225156692322344,2.2085456032073125,0,0,0,0,-1,nan,nan,,,672,0,0,0,0,1,0,96,0,0,"{'solver_error': 0, 'short_solution': 0, 'duplicate': 0, 'goal_error': 0, 'joint_limit': 0, 'workspace': 0, 'obstacle_clearance': 542, 'obstacle_contact': 139, 'self_collision': 0}",0.00010473517295679897,681,681,nan,nan,0.0,passthrough,0,0,9,0,0,0,0,0,0.0,0.0,0.0,0.0,1.0,0.31538024944972776,0,0,0,0,0.31538024944972776,0.0,passthrough,osqp optimal,0.0,0,0,12,,workspace_z_lower,,,0,0,1,solved,nan,0,,0.0,0,osqp,0.0,valid,0.31538024944972776,0.873214483873313,0|0|0|0|0|0,0.487151881|0.315380249|0.316023695|0.397999755|0.427019022|0.476535366,0.660812605|0.489040974|0.489684419|0.57166048|0.600679746|0.65019609,0.607151881|0.435380249|0.436023695|0.517999755|0.547019022|0.596535366,0|0|0|0|0|0,0|0|0|0|0|0,0|0|0|0|0|0,1.94860752|1.261521|1.26409478|1.59199902|1.70807609|1.90614146,optimal,0.17941799655015453,0.0,0.17941799655015453,0.428064942|-0.544867158|0.500515461,-0|0|-0,0.21294316998682916,0.003217748017050326,0.0014175749383866787,0.0016495140735059977
161,8.1,-0.9156478640973162,0.05104140564799309,0.5964403748512268,0.48904097080230713,0.038023050874471664,1.0,1,0,0,0,0,0,0,,0,0,,-1,-1,nan,not_applicable,,,nan,0,0.0,0.0,0.0,0.0,0.0,0.5964403963810977,0.5964403748512268,2.1529870886105584e-08,0.0,0.0,0.0,0.0,0.0,0.0,0,0,disabled,0.0,1,PLAN_FAILED,ik_not_found,0,0.20225156692322344,2.2085456032073125,0,0,0,0,-1,nan,nan,,,672,0,0,0,0,1,0,96,0,0,"{'solver_error': 0, 'short_solution': 0, 'duplicate': 0, 'goal_error': 0, 'joint_limit': 0, 'workspace': 0, 'obstacle_clearance': 542, 'obstacle_contact': 139, 'self_collision': 0}",0.00010473517295679897,681,681,nan,nan,0.0,passthrough,0,0,9,0,0,0,0,0,0.0,0.0,0.0,0.0,1.0,0.31538024944972776,0,0,0,0,0.31538024944972776,0.0,passthrough,osqp optimal,0.0,0,0,12,,workspace_z_lower,,,0,0,1,solved,nan,0,,0.0,0,osqp,0.0,valid,0.31538024944972776,0.873214483873313,0|0|0|0|0|0,0.487151881|0.315380249|0.316023695|0.397999755|0.427019022|0.476535366,0.660812605|0.489040974|0.489684419|0.57166048|0.600679746|0.65019609,0.607151881|0.435380249|0.436023695|0.517999755|0.547019022|0.596535366,0|0|0|0|0|0,0|0|0|0|0|0,0|0|0|0|0|0,1.94860752|1.261521|1.26409478|1.59199902|1.70807609|1.90614146,optimal,0.17941799655015453,0.0,0.17941799655015453,0.428064942|-0.544867158|0.500515461,-0|0|-0,0.011907957028597593,0.0025077200261875987,0.0022140140645205975,0.003041032003238797
162,8.15,-0.9156478640973162,0.05104140564799309,0.5964403748512268,0.48904097080230713,0.038023050874471664,1.0,1,0,0,0,0,0,0,,0,0,,-1,-1,nan,not_applicable,,,nan,0,0.0,0.0,0.0,0.0,0.0,0.5964403963810977,0.5964403748512268,2.1529870886105584e-08,0.0,0.0,0.0,0.0,0.0,0.0,0,0,disabled,0.0,1,PLAN_FAILED,ik_not_found,0,0.20225156692322344,2.2085456032073125,0,0,0,0,-1,nan,nan,,,672,0,0,0,0,1,0,96,0,0,"{'solver_error': 0, 'short_solution': 0, 'duplicate': 0, 'goal_error': 0, 'joint_limit': 0, 'workspace': 0, 'obstacle_clearance': 542, 'obstacle_contact': 139, 'self_collision': 0}",0.00010473517295679897,681,681,nan,nan,0.0,passthrough,0,0,9,0,0,0,0,0,0.0,0.0,0.0,0.0,1.0,0.31538024944972776,0,0,0,0,0.31538024944972776,0.0,passthrough,osqp optimal,0.0,0,0,12,,workspace_z_lower,,,0,0,1,solved,nan,0,,0.0,0,osqp,0.0,valid,0.31538024944972776,0.873214483873313,0|0|0|0|0|0,0.487151881|0.315380249|0.316023695|0.397999755|0.427019022|0.476535366,0.660812605|0.489040974|0.489684419|0.57166048|0.600679746|0.65019609,0.607151881|0.435380249|0.436023695|0.517999755|0.547019022|0.596535366,0|0|0|0|0|0,0|0|0|0|0|0,0|0|0|0|0|0,1.94860752|1.261521|1.26409478|1.59199902|1.70807609|1.90614146,optimal,0.17941799655015453,0.0,0.17941799655015453,0.428064942|-0.544867158|0.500515461,-0|0|-0,0.01167023100424558,0.003408077987842262,0.0013356179697439075,0.0018272409215569496
163,8.200000000000001,-0.9156478640973162,0.05104140564799309,0.5964403748512268,0.48904097080230713,0.038023050874471664,1.0,1,0,0,0,0,0,0,,0,0,,-1,-1,nan,not_applicable,,,nan,0,0.0,0.0,0.0,0.0,0.0,0.5964403963810977,0.5964403748512268,2.1529870886105584e-08,0.0,0.0,0.0,0.0,0.0,0.0,0,0,disabled,0.0,1,PLAN_FAILED,ik_not_found,0,0.20225156692322344,2.2085456032073125,0,0,0,0,-1,nan,nan,,,672,0,0,0,0,1,0,96,0,0,"{'solver_error': 0, 'short_solution': 0, 'duplicate': 0, 'goal_error': 0, 'joint_limit': 0, 'workspace': 0, 'obstacle_clearance': 542, 'obstacle_contact': 139, 'self_collision': 0}",0.00010473517295679897,681,681,nan,nan,0.0,passthrough,0,0,9,0,0,0,0,0,0.0,0.0,0.0,0.0,1.0,0.31538024944972776,0,0,0,0,0.31538024944972776,0.0,passthrough,osqp optimal,0.0,0,0,12,,workspace_z_lower,,,0,0,1,solved,nan,0,,0.0,0,osqp,0.0,valid,0.31538024944972776,0.873214483873313,0|0|0|0|0|0,0.487151881|0.315380249|0.316023695|0.397999755|0.427019022|0.476535366,0.660812605|0.489040974|0.489684419|0.57166048|0.600679746|0.65019609,0.607151881|0.435380249|0.436023695|0.517999755|0.547019022|0.596535366,0|0|0|0|0|0,0|0|0|0|0|0,0|0|0|0|0|0,1.94860752|1.261521|1.26409478|1.59199902|1.70807609|1.90614146,optimal,0.17941799655015453,0.0,0.17941799655015453,0.428064942|-0.544867158|0.500515461,-0|0|-0,0.010521281976252794,0.002801008988171816,0.0014436980709433556,0.0017049029702320695
164,8.25,-0.9156478640973162,0.05104140564799309,0.5964403748512268,0.48904097080230713,0.038023050874471664,1.0,1,0,0,0,0,0,0,,0,0,,-1,-1,nan,not_applicable,,,nan,0,0.0,0.0,0.0,0.0,0.0,0.5964403963810977,0.5964403748512268,2.1529870886105584e-08,0.0,0.0,0.0,0.0,0.0,0.0,0,0,disabled,0.0,1,PLAN_FAILED,ik_not_found,0,0.20225156692322344,2.2085456032073125,0,0,0,0,-1,nan,nan,,,672,0,0,0,0,1,0,96,0,0,"{'solver_error': 0, 'short_solution': 0, 'duplicate': 0, 'goal_error': 0, 'joint_limit': 0, 'workspace': 0, 'obstacle_clearance': 542, 'obstacle_contact': 139, 'self_collision': 0}",0.00010473517295679897,681,681,nan,nan,0.0,passthrough,0,0,9,0,0,0,0,0,0.0,0.0,0.0,0.0,1.0,0.31538024944972776,0,0,0,0,0.31538024944972776,0.0,passthrough,osqp optimal,0.0,0,0,12,,workspace_z_lower,,,0,0,1,solved,nan,0,,0.0,0,osqp,0.0,valid,0.31538024944972776,0.873214483873313,0|0|0|0|0|0,0.487151881|0.315380249|0.316023695|0.397999755|0.427019022|0.476535366,0.660812605|0.489040974|0.489684419|0.57166048|0.600679746|0.65019609,0.607151881|0.435380249|0.436023695|0.517999755|0.547019022|0.596535366,0|0|0|0|0|0,0|0|0|0|0|0,0|0|0|0|0|0,1.94860752|1.261521|1.26409478|1.59199902|1.70807609|1.90614146,optimal,0.17941799655015453,0.0,0.17941799655015453,0.428064942|-0.544867158|0.500515461,-0|0|-0,0.010377311031334102,0.003314123023301363,0.0013051379937678576,0.0015553559642285109
165,8.3,-0.9156478640973162,0.05104140564799309,0.5964403748512268,0.48904097080230713,0.038023050874471664,1.0,1,0,0,0,0,0,0,,0,0,,-1,-1,nan,not_applicable,,,nan,0,0.0,0.0,0.0,0.0,0.0,0.5964403963810977,0.5964403748512268,2.1529870886105584e-08,0.0,0.0,0.0,0.0,0.0,0.0,0,0,disabled,0.0,1,PLAN_FAILED,ik_not_found,0,0.20225156692322344,2.2085456032073125,0,0,0,0,-1,nan,nan,,,672,0,0,0,0,1,0,96,0,0,"{'solver_error': 0, 'short_solution': 0, 'duplicate': 0, 'goal_error': 0, 'joint_limit': 0, 'workspace': 0, 'obstacle_clearance': 542, 'obstacle_contact': 139, 'self_collision': 0}",0.00010473517295679897,681,681,nan,nan,0.0,passthrough,0,0,9,0,0,0,0,0,0.0,0.0,0.0,0.0,1.0,0.31538024944972776,0,0,0,0,0.31538024944972776,0.0,passthrough,osqp optimal,0.0,0,0,12,,workspace_z_lower,,,0,0,1,solved,nan,0,,0.0,0,osqp,0.0,valid,0.31538024944972776,0.873214483873313,0|0|0|0|0|0,0.487151881|0.315380249|0.316023695|0.397999755|0.427019022|0.476535366,0.660812605|0.489040974|0.489684419|0.57166048|0.600679746|0.65019609,0.607151881|0.435380249|0.436023695|0.517999755|0.547019022|0.596535366,0|0|0|0|0|0,0|0|0|0|0|0,0|0|0|0|0|0,1.94860752|1.261521|1.26409478|1.59199902|1.70807609|1.90614146,optimal,0.17941799655015453,0.0,0.17941799655015453,0.428064942|-0.544867158|0.500515461,-0|0|-0,0.010648394003510475,0.0026056040078401566,0.001540919067338109,0.0022777150152251124
166,8.35,-0.9156478640973162,0.05104140564799309,0.5964403748512268,0.48904097080230713,0.038023050874471664,1.0,1,0,0,0,0,0,0,,0,0,,-1,-1,nan,not_applicable,,,nan,0,0.0,0.0,0.0,0.0,0.0,0.5964403963810977,0.5964403748512268,2.1529870886105584e-08,0.0,0.0,0.0,0.0,0.0,0.0,0,0,disabled,0.0,1,PLAN_FAILED,ik_not_found,0,0.20225156692322344,2.2085456032073125,0,0,0,0,-1,nan,nan,,,672,0,0,0,0,1,0,96,0,0,"{'solver_error': 0, 'short_solution': 0, 'duplicate': 0, 'goal_error': 0, 'joint_limit': 0, 'workspace': 0, 'obstacle_clearance': 542, 'obstacle_contact': 139, 'self_collision': 0}",0.00010473517295679897,681,681,nan,nan,0.0,passthrough,0,0,9,0,0,0,0,0,0.0,0.0,0.0,0.0,1.0,0.31538024944972776,0,0,0,0,0.31538024944972776,0.0,passthrough,osqp optimal,0.0,0,0,12,,workspace_z_lower,,,0,0,1,solved,nan,0,,0.0,0,osqp,0.0,valid,0.31538024944972776,0.873214483873313,0|0|0|0|0|0,0.487151881|0.315380249|0.316023695|0.397999755|0.427019022|0.476535366,0.660812605|0.489040974|0.489684419|0.57166048|0.600679746|0.65019609,0.607151881|0.435380249|0.436023695|0.517999755|0.547019022|0.596535366,0|0|0|0|0|0,0|0|0|0|0|0,0|0|0|0|0|0,1.94860752|1.261521|1.26409478|1.59199902|1.70807609|1.90614146,optimal,0.17941799655015453,0.0,0.17941799655015453,0.428064942|-0.544867158|0.500515461,-0|0|-0,0.009753230959177017,0.0025174809852615,0.0012868340127170086,0.0015233679441735148
167,8.4,-0.9156478640973162,0.05104140564799309,0.5964403748512268,0.48904097080230713,0.038023050874471664,1.0,1,0,0,0,0,0,0,,0,0,,-1,-1,nan,not_applicable,,,nan,0,0.0,0.0,0.0,0.0,0.0,0.5964403963810977,0.5964403748512268,2.1529870886105584e-08,0.0,0.0,0.0,0.0,0.0,0.0,0,0,disabled,0.0,1,PLAN_FAILED,ik_not_found,0,0.20225156692322344,2.2085456032073125,0,0,0,0,-1,nan,nan,,,672,0,0,0,0,1,0,96,0,0,"{'solver_error': 0, 'short_solution': 0, 'duplicate': 0, 'goal_error': 0, 'joint_limit': 0, 'workspace': 0, 'obstacle_clearance': 542, 'obstacle_contact': 139, 'self_collision': 0}",0.00010473517295679897,681,681,nan,nan,0.0,passthrough,0,0,9,0,0,0,0,0,0.0,0.0,0.0,0.0,1.0,0.31538024944972776,0,0,0,0,0.31538024944972776,0.0,passthrough,osqp optimal,0.0,0,0,12,,workspace_z_lower,,,0,0,1,solved,nan,0,,0.0,0,osqp,0.0,valid,0.31538024944972776,0.873214483873313,0|0|0|0|0|0,0.487151881|0.315380249|0.316023695|0.397999755|0.427019022|0.476535366,0.660812605|0.489040974|0.489684419|0.57166048|0.600679746|0.65019609,0.607151881|0.435380249|0.436023695|0.517999755|0.547019022|0.596535366,0|0|0|0|0|0,0|0|0|0|0|0,0|0|0|0|0|0,1.94860752|1.261521|1.26409478|1.59199902|1.70807609|1.90614146,optimal,0.17941799655015453,0.0,0.17941799655015453,0.428064942|-0.544867158|0.500515461,-0|0|-0,0.009499507024884224,0.0023869629949331284,0.0013921870850026608,0.001528996042907238
168,8.450000000000001,-0.9156478640973162,0.05104140564799309,0.5964403748512268,0.48904097080230713,0.038023050874471664,1.0,1,0,0,0,0,0,0,,0,0,,-1,-1,nan,not_applicable,,,nan,0,0.0,0.0,0.0,0.0,0.0,0.5964403963810977,0.5964403748512268,2.1529870886105584e-08,0.0,0.0,0.0,0.0,0.0,0.0,0,0,disabled,0.0,1,PLAN_FAILED,ik_not_found,0,0.20225156692322344,2.2085456032073125,0,0,0,0,-1,nan,nan,,,672,0,0,0,0,1,0,96,0,0,"{'solver_error': 0, 'short_solution': 0, 'duplicate': 0, 'goal_error': 0, 'joint_limit': 0, 'workspace': 0, 'obstacle_clearance': 542, 'obstacle_contact': 139, 'self_collision': 0}",0.00010473517295679897,681,681,nan,nan,0.0,passthrough,0,0,9,0,0,0,0,0,0.0,0.0,0.0,0.0,1.0,0.31538024944972776,0,0,0,0,0.31538024944972776,0.0,passthrough,osqp optimal,0.0,0,0,12,,workspace_z_lower,,,0,0,1,solved,nan,0,,0.0,0,osqp,0.0,valid,0.31538024944972776,0.873214483873313,0|0|0|0|0|0,0.487151881|0.315380249|0.316023695|0.397999755|0.427019022|0.476535366,0.660812605|0.489040974|0.489684419|0.57166048|0.600679746|0.65019609,0.607151881|0.435380249|0.436023695|0.517999755|0.547019022|0.596535366,0|0|0|0|0|0,0|0|0|0|0|0,0|0|0|0|0|0,1.94860752|1.261521|1.26409478|1.59199902|1.70807609|1.90614146,optimal,0.17941799655015453,0.0,0.17941799655015453,0.428064942|-0.544867158|0.500515461,-0|0|-0,0.009446097072213888,0.0026917189825326204,0.0012706629931926727,0.0015251629520207644
169,8.5,-0.9156478640973162,0.05104140564799309,0.5964403748512268,0.48904097080230713,0.038023050874471664,1.0,1,0,0,0,0,0,0,,0,0,,-1,-1,nan,not_applicable,,,nan,0,0.0,0.0,0.0,0.0,0.0,0.5964403963810977,0.5964403748512268,2.1529870886105584e-08,0.0,0.0,0.0,0.0,0.0,0.0,0,0,disabled,0.0,1,PLAN_FAILED,ik_not_found,0,0.20225156692322344,2.2085456032073125,0,0,0,0,-1,nan,nan,,,672,0,0,0,0,1,0,96,0,0,"{'solver_error': 0, 'short_solution': 0, 'duplicate': 0, 'goal_error': 0, 'joint_limit': 0, 'workspace': 0, 'obstacle_clearance': 542, 'obstacle_contact': 139, 'self_collision': 0}",0.00010473517295679897,681,681,nan,nan,0.0,passthrough,0,0,9,0,0,0,0,0,0.0,0.0,0.0,0.0,1.0,0.31538024944972776,0,0,0,0,0.31538024944972776,0.0,passthrough,osqp optimal,0.0,0,0,12,,workspace_z_lower,,,0,0,1,solved,nan,0,,0.0,0,osqp,0.0,valid,0.31538024944972776,0.873214483873313,0|0|0|0|0|0,0.487151881|0.315380249|0.316023695|0.397999755|0.427019022|0.476535366,0.660812605|0.489040974|0.489684419|0.57166048|0.600679746|0.65019609,0.607151881|0.435380249|0.436023695|0.517999755|0.547019022|0.596535366,0|0|0|0|0|0,0|0|0|0|0|0,0|0|0|0|0|0,1.94860752|1.261521|1.26409478|1.59199902|1.70807609|1.90614146,optimal,0.17941799655015453,0.0,0.17941799655015453,0.428064942|-0.544867158|0.500515461,-0|0|-0,0.010433881892822683,0.002674159943126142,0.0014150879578664899,0.0019299869891256094
170,8.55,-0.9156478640973162,0.05104140564799309,0.5964403748512268,0.48904097080230713,0.038023050874471664,1.0,1,0,0,0,0,0,0,,0,0,,-1,-1,nan,not_applicable,,,nan,0,0.0,0.0,0.0,0.0,0.0,0.5964403963810977,0.5964403748512268,2.1529870886105584e-08,0.0,0.0,0.0,0.0,0.0,0.0,0,0,disabled,0.0,1,PLAN_FAILED,ik_not_found,0,0.20225156692322344,2.2085456032073125,0,0,0,0,-1,nan,nan,,,672,0,0,0,0,1,0,96,0,0,"{'solver_error': 0, 'short_solution': 0, 'duplicate': 0, 'goal_error': 0, 'joint_limit': 0, 'workspace': 0, 'obstacle_clearance': 542, 'obstacle_contact': 139, 'self_collision': 0}",0.00010473517295679897,681,681,nan,nan,0.0,passthrough,0,0,9,0,0,0,0,0,0.0,0.0,0.0,0.0,1.0,0.31538024944972776,0,0,0,0,0.31538024944972776,0.0,passthrough,osqp optimal,0.0,0,0,12,,workspace_z_lower,,,0,0,1,solved,nan,0,,0.0,0,osqp,0.0,valid,0.31538024944972776,0.873214483873313,0|0|0|0|0|0,0.487151881|0.315380249|0.316023695|0.397999755|0.427019022|0.476535366,0.660812605|0.489040974|0.489684419|0.57166048|0.600679746|0.65019609,0.607151881|0.435380249|0.436023695|0.517999755|0.547019022|0.596535366,0|0|0|0|0|0,0|0|0|0|0|0,0|0|0|0|0|0,1.94860752|1.261521|1.26409478|1.59199902|1.70807609|1.90614146,optimal,0.17941799655015453,0.0,0.17941799655015453,0.428064942|-0.544867158|0.500515461,-0|0|-0,0.009728814009577036,0.0026112450286746025,0.0012686940608546138,0.001829492044635117
171,8.6,-0.9156478640973162,0.05104140564799309,0.5964403748512268,0.48904097080230713,0.038023050874471664,1.0,1,0,0,0,0,0,0,,0,0,,-1,-1,nan,not_applicable,,,nan,0,0.0,0.0,0.0,0.0,0.0,0.5964403963810977,0.5964403748512268,2.1529870886105584e-08,0.0,0.0,0.0,0.0,0.0,0.0,0,0,disabled,0.0,1,PLAN_FAILED,ik_not_found,0,0.20225156692322344,2.2085456032073125,0,0,0,0,-1,nan,nan,,,672,0,0,0,0,1,0,96,0,0,"{'solver_error': 0, 'short_solution': 0, 'duplicate': 0, 'goal_error': 0, 'joint_limit': 0, 'workspace': 0, 'obstacle_clearance': 542, 'obstacle_contact': 139, 'self_collision': 0}",0.00010473517295679897,681,681,nan,nan,0.0,passthrough,0,0,9,0,0,0,0,0,0.0,0.0,0.0,0.0,1.0,0.31538024944972776,0,0,0,0,0.31538024944972776,0.0,passthrough,osqp optimal,0.0,0,0,12,,workspace_z_lower,,,0,0,1,solved,nan,0,,0.0,0,osqp,0.0,valid,0.31538024944972776,0.873214483873313,0|0|0|0|0|0,0.487151881|0.315380249|0.316023695|0.397999755|0.427019022|0.476535366,0.660812605|0.489040974|0.489684419|0.57166048|0.600679746|0.65019609,0.607151881|0.435380249|0.436023695|0.517999755|0.547019022|0.596535366,0|0|0|0|0|0,0|0|0|0|0|0,0|0|0|0|0|0,1.94860752|1.261521|1.26409478|1.59199902|1.70807609|1.90614146,optimal,0.17941799655015453,0.0,0.17941799655015453,0.428064942|-0.544867158|0.500515461,-0|0|-0,0.011210086988285184,0.0030098629649728537,0.0017635469557717443,0.0020039179362356663
172,8.65,-0.9156478640973162,0.05104140564799309,0.5964403748512268,0.48904097080230713,0.038023050874471664,1.0,1,0,0,0,0,0,0,,0,0,,-1,-1,nan,not_applicable,,,nan,0,0.0,0.0,0.0,0.0,0.0,0.5964403963810977,0.5964403748512268,2.1529870886105584e-08,0.0,0.0,0.0,0.0,0.0,0.0,0,0,disabled,0.0,1,PLAN_FAILED,ik_not_found,0,0.20225156692322344,2.2085456032073125,0,0,0,0,-1,nan,nan,,,672,0,0,0,0,1,0,96,0,0,"{'solver_error': 0, 'short_solution': 0, 'duplicate': 0, 'goal_error': 0, 'joint_limit': 0, 'workspace': 0, 'obstacle_clearance': 542, 'obstacle_contact': 139, 'self_collision': 0}",0.00010473517295679897,681,681,nan,nan,0.0,passthrough,0,0,9,0,0,0,0,0,0.0,0.0,0.0,0.0,1.0,0.31538024944972776,0,0,0,0,0.31538024944972776,0.0,passthrough,osqp optimal,0.0,0,0,12,,workspace_z_lower,,,0,0,1,solved,nan,0,,0.0,0,osqp,0.0,valid,0.31538024944972776,0.873214483873313,0|0|0|0|0|0,0.487151881|0.315380249|0.316023695|0.397999755|0.427019022|0.476535366,0.660812605|0.489040974|0.489684419|0.57166048|0.600679746|0.65019609,0.607151881|0.435380249|0.436023695|0.517999755|0.547019022|0.596535366,0|0|0|0|0|0,0|0|0|0|0|0,0|0|0|0|0|0,1.94860752|1.261521|1.26409478|1.59199902|1.70807609|1.90614146,optimal,0.17941799655015453,0.0,0.17941799655015453,0.428064942|-0.544867158|0.500515461,-0|0|-0,0.010884943068958819,0.002770686987787485,0.0013598239747807384,0.0018270330037921667
173,8.700000000000001,-0.9156478640973162,0.05104140564799309,0.5964403748512268,0.48904097080230713,0.038023050874471664,1.0,1,0,0,0,0,0,0,,0,0,,-1,-1,nan,not_applicable,,,nan,0,0.0,0.0,0.0,0.0,0.0,0.5964403963810977,0.5964403748512268,2.1529870886105584e-08,0.0,0.0,0.0,0.0,0.0,0.0,0,0,disabled,0.0,1,PLAN_FAILED,ik_not_found,0,0.20225156692322344,2.2085456032073125,0,0,0,0,-1,nan,nan,,,672,0,0,0,0,1,0,96,0,0,"{'solver_error': 0, 'short_solution': 0, 'duplicate': 0, 'goal_error': 0, 'joint_limit': 0, 'workspace': 0, 'obstacle_clearance': 542, 'obstacle_contact': 139, 'self_collision': 0}",0.00010473517295679897,681,681,nan,nan,0.0,passthrough,0,0,9,0,0,0,0,0,0.0,0.0,0.0,0.0,1.0,0.31538024944972776,0,0,0,0,0.31538024944972776,0.0,passthrough,osqp optimal,0.0,0,0,12,,workspace_z_lower,,,0,0,1,solved,nan,0,,0.0,0,osqp,0.0,valid,0.31538024944972776,0.873214483873313,0|0|0|0|0|0,0.487151881|0.315380249|0.316023695|0.397999755|0.427019022|0.476535366,0.660812605|0.489040974|0.489684419|0.57166048|0.600679746|0.65019609,0.607151881|0.435380249|0.436023695|0.517999755|0.547019022|0.596535366,0|0|0|0|0|0,0|0|0|0|0|0,0|0|0|0|0|0,1.94860752|1.261521|1.26409478|1.59199902|1.70807609|1.90614146,optimal,0.17941799655015453,0.0,0.17941799655015453,0.428064942|-0.544867158|0.500515461,-0|0|-0,0.01237719610799104,0.003658234025351703,0.0014708710368722677,0.0018565150676295161
174,8.75,-0.9156478640973162,0.05104140564799309,0.5964403748512268,0.48904097080230713,0.038023050874471664,1.0,1,0,0,0,0,0,0,,0,0,,-1,-1,nan,not_applicable,,,nan,0,0.0,0.0,0.0,0.0,0.0,0.5964403963810977,0.5964403748512268,2.1529870886105584e-08,0.0,0.0,0.0,0.0,0.0,0.0,0,0,disabled,0.0,1,PLAN_FAILED,ik_not_found,0,0.20225156692322344,2.2085456032073125,0,0,0,0,-1,nan,nan,,,672,0,0,0,0,1,0,96,0,0,"{'solver_error': 0, 'short_solution': 0, 'duplicate': 0, 'goal_error': 0, 'joint_limit': 0, 'workspace': 0, 'obstacle_clearance': 542, 'obstacle_contact': 139, 'self_collision': 0}",0.00010473517295679897,681,681,nan,nan,0.0,passthrough,0,0,9,0,0,0,0,0,0.0,0.0,0.0,0.0,1.0,0.31538024944972776,0,0,0,0,0.31538024944972776,0.0,passthrough,osqp optimal,0.0,0,0,12,,workspace_z_lower,,,0,0,1,solved,nan,0,,0.0,0,osqp,0.0,valid,0.31538024944972776,0.873214483873313,0|0|0|0|0|0,0.487151881|0.315380249|0.316023695|0.397999755|0.427019022|0.476535366,0.660812605|0.489040974|0.489684419|0.57166048|0.600679746|0.65019609,0.607151881|0.435380249|0.436023695|0.517999755|0.547019022|0.596535366,0|0|0|0|0|0,0|0|0|0|0|0,0|0|0|0|0|0,1.94860752|1.261521|1.26409478|1.59199902|1.70807609|1.90614146,optimal,0.17941799655015453,0.0,0.17941799655015453,0.428064942|-0.544867158|0.500515461,-0|0|-0,0.012926173047162592,0.0029653439996764064,0.002005166024900973,0.0026659410214051604
175,8.8,-0.9156478640973162,0.05104140564799309,0.5964403748512268,0.48904097080230713,0.038023050874471664,1.0,1,0,0,0,0,0,0,,0,0,,-1,-1,nan,not_applicable,,,nan,0,0.0,0.0,0.0,0.0,0.0,0.5964403963810977,0.5964403748512268,2.1529870886105584e-08,0.0,0.0,0.0,0.0,0.0,0.0,0,0,disabled,0.0,1,PLAN_FAILED,ik_not_found,0,0.20225156692322344,2.2085456032073125,0,0,0,0,-1,nan,nan,,,672,0,0,0,0,1,0,96,0,0,"{'solver_error': 0, 'short_solution': 0, 'duplicate': 0, 'goal_error': 0, 'joint_limit': 0, 'workspace': 0, 'obstacle_clearance': 542, 'obstacle_contact': 139, 'self_collision': 0}",0.00010473517295679897,681,681,nan,nan,0.0,passthrough,0,0,9,0,0,0,0,0,0.0,0.0,0.0,0.0,1.0,0.31538024944972776,0,0,0,0,0.31538024944972776,0.0,passthrough,osqp optimal,0.0,0,0,12,,workspace_z_lower,,,0,0,1,solved,nan,0,,0.0,0,osqp,0.0,valid,0.31538024944972776,0.873214483873313,0|0|0|0|0|0,0.487151881|0.315380249|0.316023695|0.397999755|0.427019022|0.476535366,0.660812605|0.489040974|0.489684419|0.57166048|0.600679746|0.65019609,0.607151881|0.435380249|0.436023695|0.517999755|0.547019022|0.596535366,0|0|0|0|0|0,0|0|0|0|0|0,0|0|0|0|0|0,1.94860752|1.261521|1.26409478|1.59199902|1.70807609|1.90614146,optimal,0.17941799655015453,0.0,0.17941799655015453,0.428064942|-0.544867158|0.500515461,-0|0|-0,0.010729696019552648,0.003210974973626435,0.0013659789692610502,0.0018264359096065164
176,8.85,-0.9156478640973162,0.05104140564799309,0.5964403748512268,0.48904097080230713,0.038023050874471664,1.0,1,0,0,0,0,0,0,,0,0,,-1,-1,nan,not_applicable,,,nan,0,0.0,0.0,0.0,0.0,0.0,0.5964403963810977,0.5964403748512268,2.1529870886105584e-08,0.0,0.0,0.0,0.0,0.0,0.0,0,0,disabled,0.0,1,PLAN_FAILED,ik_not_found,0,0.20225156692322344,2.2085456032073125,0,0,0,0,-1,nan,nan,,,672,0,0,0,0,1,0,96,0,0,"{'solver_error': 0, 'short_solution': 0, 'duplicate': 0, 'goal_error': 0, 'joint_limit': 0, 'workspace': 0, 'obstacle_clearance': 542, 'obstacle_contact': 139, 'self_collision': 0}",0.00010473517295679897,681,681,nan,nan,0.0,passthrough,0,0,9,0,0,0,0,0,0.0,0.0,0.0,0.0,1.0,0.31538024944972776,0,0,0,0,0.31538024944972776,0.0,passthrough,osqp optimal,0.0,0,0,12,,workspace_z_lower,,,0,0,1,solved,nan,0,,0.0,0,osqp,0.0,valid,0.31538024944972776,0.873214483873313,0|0|0|0|0|0,0.487151881|0.315380249|0.316023695|0.397999755|0.427019022|0.476535366,0.660812605|0.489040974|0.489684419|0.57166048|0.600679746|0.65019609,0.607151881|0.435380249|0.436023695|0.517999755|0.547019022|0.596535366,0|0|0|0|0|0,0|0|0|0|0|0,0|0|0|0|0|0,1.94860752|1.261521|1.26409478|1.59199902|1.70807609|1.90614146,optimal,0.17941799655015453,0.0,0.17941799655015453,0.428064942|-0.544867158|0.500515461,-0|0|-0,0.010573856998234987,0.0026944350684061646,0.0014033580664545298,0.001741828047670424
177,8.9,-0.9156478640973162,0.05104140564799309,0.5964403748512268,0.48904097080230713,0.038023050874471664,1.0,1,0,0,0,0,0,0,,0,0,,-1,-1,nan,not_applicable,,,nan,0,0.0,0.0,0.0,0.0,0.0,0.5964403963810977,0.5964403748512268,2.1529870886105584e-08,0.0,0.0,0.0,0.0,0.0,0.0,0,0,disabled,0.0,1,PLAN_FAILED,ik_not_found,0,0.20225156692322344,2.2085456032073125,0,0,0,0,-1,nan,nan,,,672,0,0,0,0,1,0,96,0,0,"{'solver_error': 0, 'short_solution': 0, 'duplicate': 0, 'goal_error': 0, 'joint_limit': 0, 'workspace': 0, 'obstacle_clearance': 542, 'obstacle_contact': 139, 'self_collision': 0}",0.00010473517295679897,681,681,nan,nan,0.0,passthrough,0,0,9,0,0,0,0,0,0.0,0.0,0.0,0.0,1.0,0.31538024944972776,0,0,0,0,0.31538024944972776,0.0,passthrough,osqp optimal,0.0,0,0,12,,workspace_z_lower,,,0,0,1,solved,nan,0,,0.0,0,osqp,0.0,valid,0.31538024944972776,0.873214483873313,0|0|0|0|0|0,0.487151881|0.315380249|0.316023695|0.397999755|0.427019022|0.476535366,0.660812605|0.489040974|0.489684419|0.57166048|0.600679746|0.65019609,0.607151881|0.435380249|0.436023695|0.517999755|0.547019022|0.596535366,0|0|0|0|0|0,0|0|0|0|0|0,0|0|0|0|0|0,1.94860752|1.261521|1.26409478|1.59199902|1.70807609|1.90614146,optimal,0.17941799655015453,0.0,0.17941799655015453,0.428064942|-0.544867158|0.500515461,-0|0|-0,0.009808495990000665,0.0025230239843949676,0.0012623670045286417,0.001724336063489318
178,8.950000000000001,-0.9156478640973162,0.05104140564799309,0.5964403748512268,0.48904097080230713,0.038023050874471664,1.0,1,0,0,0,0,0,0,,0,0,,-1,-1,nan,not_applicable,,,nan,0,0.0,0.0,0.0,0.0,0.0,0.5964403963810977,0.5964403748512268,2.1529870886105584e-08,0.0,0.0,0.0,0.0,0.0,0.0,0,0,disabled,0.0,1,PLAN_FAILED,ik_not_found,0,0.20225156692322344,2.2085456032073125,0,0,0,0,-1,nan,nan,,,672,0,0,0,0,1,0,96,0,0,"{'solver_error': 0, 'short_solution': 0, 'duplicate': 0, 'goal_error': 0, 'joint_limit': 0, 'workspace': 0, 'obstacle_clearance': 542, 'obstacle_contact': 139, 'self_collision': 0}",0.00010473517295679897,681,681,nan,nan,0.0,passthrough,0,0,9,0,0,0,0,0,0.0,0.0,0.0,0.0,1.0,0.31538024944972776,0,0,0,0,0.31538024944972776,0.0,passthrough,osqp optimal,0.0,0,0,12,,workspace_z_lower,,,0,0,1,solved,nan,0,,0.0,0,osqp,0.0,valid,0.31538024944972776,0.873214483873313,0|0|0|0|0|0,0.487151881|0.315380249|0.316023695|0.397999755|0.427019022|0.476535366,0.660812605|0.489040974|0.489684419|0.57166048|0.600679746|0.65019609,0.607151881|0.435380249|0.436023695|0.517999755|0.547019022|0.596535366,0|0|0|0|0|0,0|0|0|0|0|0,0|0|0|0|0|0,1.94860752|1.261521|1.26409478|1.59199902|1.70807609|1.90614146,optimal,0.17941799655015453,0.0,0.17941799655015453,0.428064942|-0.544867158|0.500515461,-0|0|-0,0.009692679974250495,0.0024560620076954365,0.0012605029623955488,0.0016034810105338693
179,9.0,-0.9156478640973162,0.05104140564799309,0.5964403748512268,0.48904097080230713,0.038023050874471664,1.0,1,0,0,0,0,0,0,,0,0,,-1,-1,nan,not_applicable,,,nan,0,0.0,0.0,0.0,0.0,0.0,0.5964403963810977,0.5964403748512268,2.1529870886105584e-08,0.0,0.0,0.0,0.0,0.0,0.0,0,0,disabled,0.0,1,PLAN_FAILED,ik_not_found,0,0.20225156692322344,2.2085456032073125,0,0,0,0,-1,nan,nan,,,672,0,0,0,0,1,0,96,0,0,"{'solver_error': 0, 'short_solution': 0, 'duplicate': 0, 'goal_error': 0, 'joint_limit': 0, 'workspace': 0, 'obstacle_clearance': 542, 'obstacle_contact': 139, 'self_collision': 0}",0.00010473517295679897,681,681,nan,nan,0.0,passthrough,0,0,9,0,0,0,0,0,0.0,0.0,0.0,0.0,1.0,0.31538024944972776,0,0,0,0,0.31538024944972776,0.0,passthrough,osqp optimal,0.0,0,0,12,,workspace_z_lower,,,0,0,1,solved,nan,0,,0.0,0,osqp,0.0,valid,0.31538024944972776,0.873214483873313,0|0|0|0|0|0,0.487151881|0.315380249|0.316023695|0.397999755|0.427019022|0.476535366,0.660812605|0.489040974|0.489684419|0.57166048|0.600679746|0.65019609,0.607151881|0.435380249|0.436023695|0.517999755|0.547019022|0.596535366,0|0|0|0|0|0,0|0|0|0|0|0,0|0|0|0|0|0,1.94860752|1.261521|1.26409478|1.59199902|1.70807609|1.90614146,optimal,0.17941799655015453,0.0,0.17941799655015453,0.428064942|-0.544867158|0.500515461,-0|0|-0,0.010603269911371171,0.002672456903383136,0.0015257889172062278,0.001949025085195899
180,9.05,-0.9156478640973162,0.05104140564799309,0.5964403748512268,0.48904097080230713,0.038023050874471664,1.0,1,0,0,0,0,0,0,,0,0,,-1,-1,nan,not_applicable,,,nan,0,0.0,0.0,0.0,0.0,0.0,0.5964403963810977,0.5964403748512268,2.1529870886105584e-08,0.0,0.0,0.0,0.0,0.0,0.0,0,0,disabled,0.0,1,PLAN_FAILED,ik_not_found,0,0.18457149202004075,2.3931170952273533,0,0,0,0,-1,nan,nan,,,736,0,0,0,0,1,0,96,0,0,"{'solver_error': 0, 'short_solution': 0, 'duplicate': 0, 'goal_error': 0, 'joint_limit': 0, 'workspace': 0, 'obstacle_clearance': 593, 'obstacle_contact': 153, 'self_collision': 0}",0.00010473517295679897,746,746,nan,nan,0.0,passthrough,0,0,10,0,0,0,0,0,0.0,0.0,0.0,0.0,1.0,0.31538024944972776,0,0,0,0,0.31538024944972776,0.0,passthrough,osqp optimal,0.0,0,0,12,,workspace_z_lower,,,0,0,1,solved,nan,0,,0.0,0,osqp,0.0,valid,0.31538024944972776,0.873214483873313,0|0|0|0|0|0,0.487151881|0.315380249|0.316023695|0.397999755|0.427019022|0.476535366,0.660812605|0.489040974|0.489684419|0.57166048|0.600679746|0.65019609,0.607151881|0.435380249|0.436023695|0.517999755|0.547019022|0.596535366,0|0|0|0|0|0,0|0|0|0|0|0,0|0|0|0|0|0,1.94860752|1.261521|1.26409478|1.59199902|1.70807609|1.90614146,optimal,0.17941799655015453,0.0,0.17941799655015453,0.428064942|-0.544867158|0.500515461,-0|0|-0,0.19431553001049906,0.0025956640020012856,0.0012328249868005514,0.0017630080692470074
181,9.1,-0.9156478640973162,0.05104140564799309,0.5964403748512268,0.48904097080230713,0.038023050874471664,1.0,1,0,0,0,0,0,0,,0,0,,-1,-1,nan,not_applicable,,,nan,0,0.0,0.0,0.0,0.0,0.0,0.5964403963810977,0.5964403748512268,2.1529870886105584e-08,0.0,0.0,0.0,0.0,0.0,0.0,0,0,disabled,0.0,1,PLAN_FAILED,ik_not_found,0,0.18457149202004075,2.3931170952273533,0,0,0,0,-1,nan,nan,,,736,0,0,0,0,1,0,96,0,0,"{'solver_error': 0, 'short_solution': 0, 'duplicate': 0, 'goal_error': 0, 'joint_limit': 0, 'workspace': 0, 'obstacle_clearance': 593, 'obstacle_contact': 153, 'self_collision': 0}",0.00010473517295679897,746,746,nan,nan,0.0,passthrough,0,0,10,0,0,0,0,0,0.0,0.0,0.0,0.0,1.0,0.31538024944972776,0,0,0,0,0.31538024944972776,0.0,passthrough,osqp optimal,0.0,0,0,12,,workspace_z_lower,,,0,0,1,solved,nan,0,,0.0,0,osqp,0.0,valid,0.31538024944972776,0.873214483873313,0|0|0|0|0|0,0.487151881|0.315380249|0.316023695|0.397999755|0.427019022|0.476535366,0.660812605|0.489040974|0.489684419|0.57166048|0.600679746|0.65019609,0.607151881|0.435380249|0.436023695|0.517999755|0.547019022|0.596535366,0|0|0|0|0|0,0|0|0|0|0|0,0|0|0|0|0|0,1.94860752|1.261521|1.26409478|1.59199902|1.70807609|1.90614146,optimal,0.17941799655015453,0.0,0.17941799655015453,0.428064942|-0.544867158|0.500515461,-0|0|-0,0.009797724895179272,0.0026800939813256264,0.0012562309857457876,0.0017436520429328084
182,9.15,-0.9156478640973162,0.05104140564799309,0.5964403748512268,0.48904097080230713,0.038023050874471664,1.0,1,0,0,0,0,0,0,,0,0,,-1,-1,nan,not_applicable,,,nan,0,0.0,0.0,0.0,0.0,0.0,0.5964403963810977,0.5964403748512268,2.1529870886105584e-08,0.0,0.0,0.0,0.0,0.0,0.0,0,0,disabled,0.0,1,PLAN_FAILED,ik_not_found,0,0.18457149202004075,2.3931170952273533,0,0,0,0,-1,nan,nan,,,736,0,0,0,0,1,0,96,0,0,"{'solver_error': 0, 'short_solution': 0, 'duplicate': 0, 'goal_error': 0, 'joint_limit': 0, 'workspace': 0, 'obstacle_clearance': 593, 'obstacle_contact': 153, 'self_collision': 0}",0.00010473517295679897,746,746,nan,nan,0.0,passthrough,0,0,10,0,0,0,0,0,0.0,0.0,0.0,0.0,1.0,0.31538024944972776,0,0,0,0,0.31538024944972776,0.0,passthrough,osqp optimal,0.0,0,0,12,,workspace_z_lower,,,0,0,1,solved,nan,0,,0.0,0,osqp,0.0,valid,0.31538024944972776,0.873214483873313,0|0|0|0|0|0,0.487151881|0.315380249|0.316023695|0.397999755|0.427019022|0.476535366,0.660812605|0.489040974|0.489684419|0.57166048|0.600679746|0.65019609,0.607151881|0.435380249|0.436023695|0.517999755|0.547019022|0.596535366,0|0|0|0|0|0,0|0|0|0|0|0,0|0|0|0|0|0,1.94860752|1.261521|1.26409478|1.59199902|1.70807609|1.90614146,optimal,0.17941799655015453,0.0,0.17941799655015453,0.428064942|-0.544867158|0.500515461,-0|0|-0,0.009789049974642694,0.002486445941030979,0.0014308929676190019,0.0016502030193805695
183,9.200000000000001,-0.9156478640973162,0.05104140564799309,0.5964403748512268,0.48904097080230713,0.038023050874471664,1.0,1,0,0,0,0,0,0,,0,0,,-1,-1,nan,not_applicable,,,nan,0,0.0,0.0,0.0,0.0,0.0,0.5964403963810977,0.5964403748512268,2.1529870886105584e-08,0.0,0.0,0.0,0.0,0.0,0.0,0,0,disabled,0.0,1,PLAN_FAILED,ik_not_found,0,0.18457149202004075,2.3931170952273533,0,0,0,0,-1,nan,nan,,,736,0,0,0,0,1,0,96,0,0,"{'solver_error': 0, 'short_solution': 0, 'duplicate': 0, 'goal_error': 0, 'joint_limit': 0, 'workspace': 0, 'obstacle_clearance': 593, 'obstacle_contact': 153, 'self_collision': 0}",0.00010473517295679897,746,746,nan,nan,0.0,passthrough,0,0,10,0,0,0,0,0,0.0,0.0,0.0,0.0,1.0,0.31538024944972776,0,0,0,0,0.31538024944972776,0.0,passthrough,osqp optimal,0.0,0,0,12,,workspace_z_lower,,,0,0,1,solved,nan,0,,0.0,0,osqp,0.0,valid,0.31538024944972776,0.873214483873313,0|0|0|0|0|0,0.487151881|0.315380249|0.316023695|0.397999755|0.427019022|0.476535366,0.660812605|0.489040974|0.489684419|0.57166048|0.600679746|0.65019609,0.607151881|0.435380249|0.436023695|0.517999755|0.547019022|0.596535366,0|0|0|0|0|0,0|0|0|0|0|0,0|0|0|0|0|0,1.94860752|1.261521|1.26409478|1.59199902|1.70807609|1.90614146,optimal,0.17941799655015453,0.0,0.17941799655015453,0.428064942|-0.544867158|0.500515461,-0|0|-0,0.009495049947872758,0.002503498923033476,0.001237394055351615,0.001688356976956129
184,9.25,-0.9156478640973162,0.05104140564799309,0.5964403748512268,0.48904097080230713,0.038023050874471664,1.0,1,0,0,0,0,0,0,,0,0,,-1,-1,nan,not_applicable,,,nan,0,0.0,0.0,0.0,0.0,0.0,0.5964403963810977,0.5964403748512268,2.1529870886105584e-08,0.0,0.0,0.0,0.0,0.0,0.0,0,0,disabled,0.0,1,PLAN_FAILED,ik_not_found,0,0.18457149202004075,2.3931170952273533,0,0,0,0,-1,nan,nan,,,736,0,0,0,0,1,0,96,0,0,"{'solver_error': 0, 'short_solution': 0, 'duplicate': 0, 'goal_error': 0, 'joint_limit': 0, 'workspace': 0, 'obstacle_clearance': 593, 'obstacle_contact': 153, 'self_collision': 0}",0.00010473517295679897,746,746,nan,nan,0.0,passthrough,0,0,10,0,0,0,0,0,0.0,0.0,0.0,0.0,1.0,0.31538024944972776,0,0,0,0,0.31538024944972776,0.0,passthrough,osqp optimal,0.0,0,0,12,,workspace_z_lower,,,0,0,1,solved,nan,0,,0.0,0,osqp,0.0,valid,0.31538024944972776,0.873214483873313,0|0|0|0|0|0,0.487151881|0.315380249|0.316023695|0.397999755|0.427019022|0.476535366,0.660812605|0.489040974|0.489684419|0.57166048|0.600679746|0.65019609,0.607151881|0.435380249|0.436023695|0.517999755|0.547019022|0.596535366,0|0|0|0|0|0,0|0|0|0|0|0,0|0|0|0|0|0,1.94860752|1.261521|1.26409478|1.59199902|1.70807609|1.90614146,optimal,0.17941799655015453,0.0,0.17941799655015453,0.428064942|-0.544867158|0.500515461,-0|0|-0,0.010235786088742316,0.002780341077595949,0.0014002990210428834,0.0016900240443646908
185,9.3,-0.9156478640973162,0.05104140564799309,0.5964403748512268,0.48904097080230713,0.038023050874471664,1.0,1,0,0,0,0,0,0,,0,0,,-1,-1,nan,not_applicable,,,nan,0,0.0,0.0,0.0,0.0,0.0,0.5964403963810977,0.5964403748512268,2.1529870886105584e-08,0.0,0.0,0.0,0.0,0.0,0.0,0,0,disabled,0.0,1,PLAN_FAILED,ik_not_found,0,0.18457149202004075,2.3931170952273533,0,0,0,0,-1,nan,nan,,,736,0,0,0,0,1,0,96,0,0,"{'solver_error': 0, 'short_solution': 0, 'duplicate': 0, 'goal_error': 0, 'joint_limit': 0, 'workspace': 0, 'obstacle_clearance': 593, 'obstacle_contact': 153, 'self_collision': 0}",0.00010473517295679897,746,746,nan,nan,0.0,passthrough,0,0,10,0,0,0,0,0,0.0,0.0,0.0,0.0,1.0,0.31538024944972776,0,0,0,0,0.31538024944972776,0.0,passthrough,osqp optimal,0.0,0,0,12,,workspace_z_lower,,,0,0,1,solved,nan,0,,0.0,0,osqp,0.0,valid,0.31538024944972776,0.873214483873313,0|0|0|0|0|0,0.487151881|0.315380249|0.316023695|0.397999755|0.427019022|0.476535366,0.660812605|0.489040974|0.489684419|0.57166048|0.600679746|0.65019609,0.607151881|0.435380249|0.436023695|0.517999755|0.547019022|0.596535366,0|0|0|0|0|0,0|0|0|0|0|0,0|0|0|0|0|0,1.94860752|1.261521|1.26409478|1.59199902|1.70807609|1.90614146,optimal,0.17941799655015453,0.0,0.17941799655015453,0.428064942|-0.544867158|0.500515461,-0|0|-0,0.01030390604864806,0.0026288829976692796,0.001535724033601582,0.0017156710382550955
186,9.35,-0.9156478640973162,0.05104140564799309,0.5964403748512268,0.48904097080230713,0.038023050874471664,1.0,1,0,0,0,0,0,0,,0,0,,-1,-1,nan,not_applicable,,,nan,0,0.0,0.0,0.0,0.0,0.0,0.5964403963810977,0.5964403748512268,2.1529870886105584e-08,0.0,0.0,0.0,0.0,0.0,0.0,0,0,disabled,0.0,1,PLAN_FAILED,ik_not_found,0,0.18457149202004075,2.3931170952273533,0,0,0,0,-1,nan,nan,,,736,0,0,0,0,1,0,96,0,0,"{'solver_error': 0, 'short_solution': 0, 'duplicate': 0, 'goal_error': 0, 'joint_limit': 0, 'workspace': 0, 'obstacle_clearance': 593, 'obstacle_contact': 153, 'self_collision': 0}",0.00010473517295679897,746,746,nan,nan,0.0,passthrough,0,0,10,0,0,0,0,0,0.0,0.0,0.0,0.0,1.0,0.31538024944972776,0,0,0,0,0.31538024944972776,0.0,passthrough,osqp optimal,0.0,0,0,12,,workspace_z_lower,,,0,0,1,solved,nan,0,,0.0,0,osqp,0.0,valid,0.31538024944972776,0.873214483873313,0|0|0|0|0|0,0.487151881|0.315380249|0.316023695|0.397999755|0.427019022|0.476535366,0.660812605|0.489040974|0.489684419|0.57166048|0.600679746|0.65019609,0.607151881|0.435380249|0.436023695|0.517999755|0.547019022|0.596535366,0|0|0|0|0|0,0|0|0|0|0|0,0|0|0|0|0|0,1.94860752|1.261521|1.26409478|1.59199902|1.70807609|1.90614146,optimal,0.17941799655015453,0.0,0.17941799655015453,0.428064942|-0.544867158|0.500515461,-0|0|-0,0.010178699973039329,0.0027029289631173015,0.0013326869811862707,0.001727975090034306
187,9.4,-0.9156478640973162,0.05104140564799309,0.5964403748512268,0.48904097080230713,0.038023050874471664,1.0,1,0,0,0,0,0,0,,0,0,,-1,-1,nan,not_applicable,,,nan,0,0.0,0.0,0.0,0.0,0.0,0.5964403963810977,0.5964403748512268,2.1529870886105584e-08,0.0,0.0,0.0,0.0,0.0,0.0,0,0,disabled,0.0,1,PLAN_FAILED,ik_not_found,0,0.18457149202004075,2.3931170952273533,0,0,0,0,-1,nan,nan,,,736,0,0,0,0,1,0,96,0,0,"{'solver_error': 0, 'short_solution': 0, 'duplicate': 0, 'goal_error': 0, 'joint_limit': 0, 'workspace': 0, 'obstacle_clearance': 593, 'obstacle_contact': 153, 'self_collision': 0}",0.00010473517295679897,746,746,nan,nan,0.0,passthrough,0,0,10,0,0,0,0,0,0.0,0.0,0.0,0.0,1.0,0.31538024944972776,0,0,0,0,0.31538024944972776,0.0,passthrough,osqp optimal,0.0,0,0,12,,workspace_z_lower,,,0,0,1,solved,nan,0,,0.0,0,osqp,0.0,valid,0.31538024944972776,0.873214483873313,0|0|0|0|0|0,0.487151881|0.315380249|0.316023695|0.397999755|0.427019022|0.476535366,0.660812605|0.489040974|0.489684419|0.57166048|0.600679746|0.65019609,0.607151881|0.435380249|0.436023695|0.517999755|0.547019022|0.596535366,0|0|0|0|0|0,0|0|0|0|0|0,0|0|0|0|0|0,1.94860752|1.261521|1.26409478|1.59199902|1.70807609|1.90614146,optimal,0.17941799655015453,0.0,0.17941799655015453,0.428064942|-0.544867158|0.500515461,-0|0|-0,0.010713952942751348,0.002738861017860472,0.0014386649709194899,0.002256421954371035
188,9.450000000000001,-0.9156478640973162,0.05104140564799309,0.5964403748512268,0.48904097080230713,0.038023050874471664,1.0,1,0,0,0,0,0,0,,0,0,,-1,-1,nan,not_applicable,,,nan,0,0.0,0.0,0.0,0.0,0.0,0.5964403963810977,0.5964403748512268,2.1529870886105584e-08,0.0,0.0,0.0,0.0,0.0,0.0,0,0,disabled,0.0,1,PLAN_FAILED,ik_not_found,0,0.18457149202004075,2.3931170952273533,0,0,0,0,-1,nan,nan,,,736,0,0,0,0,1,0,96,0,0,"{'solver_error': 0, 'short_solution': 0, 'duplicate': 0, 'goal_error': 0, 'joint_limit': 0, 'workspace': 0, 'obstacle_clearance': 593, 'obstacle_contact': 153, 'self_collision': 0}",0.00010473517295679897,746,746,nan,nan,0.0,passthrough,0,0,10,0,0,0,0,0,0.0,0.0,0.0,0.0,1.0,0.31538024944972776,0,0,0,0,0.31538024944972776,0.0,passthrough,osqp optimal,0.0,0,0,12,,workspace_z_lower,,,0,0,1,solved,nan,0,,0.0,0,osqp,0.0,valid,0.31538024944972776,0.873214483873313,0|0|0|0|0|0,0.487151881|0.315380249|0.316023695|0.397999755|0.427019022|0.476535366,0.660812605|0.489040974|0.489684419|0.57166048|0.600679746|0.65019609,0.607151881|0.435380249|0.436023695|0.517999755|0.547019022|0.596535366,0|0|0|0|0|0,0|0|0|0|0|0,0|0|0|0|0|0,1.94860752|1.261521|1.26409478|1.59199902|1.70807609|1.90614146,optimal,0.17941799655015453,0.0,0.17941799655015453,0.428064942|-0.544867158|0.500515461,-0|0|-0,0.009713020990602672,0.0024515739642083645,0.0012241820804774761,0.0015600479673594236
189,9.5,-0.9156478640973162,0.05104140564799309,0.5964403748512268,0.48904097080230713,0.038023050874471664,1.0,1,0,0,0,0,0,0,,0,0,,-1,-1,nan,not_applicable,,,nan,0,0.0,0.0,0.0,0.0,0.0,0.5964403963810977,0.5964403748512268,2.1529870886105584e-08,0.0,0.0,0.0,0.0,0.0,0.0,0,0,disabled,0.0,1,PLAN_FAILED,ik_not_found,0,0.18457149202004075,2.3931170952273533,0,0,0,0,-1,nan,nan,,,736,0,0,0,0,1,0,96,0,0,"{'solver_error': 0, 'short_solution': 0, 'duplicate': 0, 'goal_error': 0, 'joint_limit': 0, 'workspace': 0, 'obstacle_clearance': 593, 'obstacle_contact': 153, 'self_collision': 0}",0.00010473517295679897,746,746,nan,nan,0.0,passthrough,0,0,10,0,0,0,0,0,0.0,0.0,0.0,0.0,1.0,0.31538024944972776,0,0,0,0,0.31538024944972776,0.0,passthrough,osqp optimal,0.0,0,0,12,,workspace_z_lower,,,0,0,1,solved,nan,0,,0.0,0,osqp,0.0,valid,0.31538024944972776,0.873214483873313,0|0|0|0|0|0,0.487151881|0.315380249|0.316023695|0.397999755|0.427019022|0.476535366,0.660812605|0.489040974|0.489684419|0.57166048|0.600679746|0.65019609,0.607151881|0.435380249|0.436023695|0.517999755|0.547019022|0.596535366,0|0|0|0|0|0,0|0|0|0|0|0,0|0|0|0|0|0,1.94860752|1.261521|1.26409478|1.59199902|1.70807609|1.90614146,optimal,0.17941799655015453,0.0,0.17941799655015453,0.428064942|-0.544867158|0.500515461,-0|0|-0,0.014226959086954594,0.0037712090415880084,0.0018550119129940867,0.0023027140414342284
190,9.55,-0.9156478640973162,0.05104140564799309,0.5964403748512268,0.48904097080230713,0.038023050874471664,1.0,1,0,0,0,0,0,0,,0,0,,-1,-1,nan,not_applicable,,,nan,0,0.0,0.0,0.0,0.0,0.0,0.5964403963810977,0.5964403748512268,2.1529870886105584e-08,0.0,0.0,0.0,0.0,0.0,0.0,0,0,disabled,0.0,1,PLAN_FAILED,ik_not_found,0,0.18457149202004075,2.3931170952273533,0,0,0,0,-1,nan,nan,,,736,0,0,0,0,1,0,96,0,0,"{'solver_error': 0, 'short_solution': 0, 'duplicate': 0, 'goal_error': 0, 'joint_limit': 0, 'workspace': 0, 'obstacle_clearance': 593, 'obstacle_contact': 153, 'self_collision': 0}",0.00010473517295679897,746,746,nan,nan,0.0,passthrough,0,0,10,0,0,0,0,0,0.0,0.0,0.0,0.0,1.0,0.31538024944972776,0,0,0,0,0.31538024944972776,0.0,passthrough,osqp optimal,0.0,0,0,12,,workspace_z_lower,,,0,0,1,solved,nan,0,,0.0,0,osqp,0.0,valid,0.31538024944972776,0.873214483873313,0|0|0|0|0|0,0.487151881|0.315380249|0.316023695|0.397999755|0.427019022|0.476535366,0.660812605|0.489040974|0.489684419|0.57166048|0.600679746|0.65019609,0.607151881|0.435380249|0.436023695|0.517999755|0.547019022|0.596535366,0|0|0|0|0|0,0|0|0|0|0|0,0|0|0|0|0|0,1.94860752|1.261521|1.26409478|1.59199902|1.70807609|1.90614146,optimal,0.17941799655015453,0.0,0.17941799655015453,0.428064942|-0.544867158|0.500515461,-0|0|-0,0.010239656083285809,0.00337704096455127,0.001270306995138526,0.0015452330699190497
191,9.600000000000001,-0.9156478640973162,0.05104140564799309,0.5964403748512268,0.48904097080230713,0.038023050874471664,1.0,1,0,0,0,0,0,0,,0,0,,-1,-1,nan,not_applicable,,,nan,0,0.0,0.0,0.0,0.0,0.0,0.5964403963810977,0.5964403748512268,2.1529870886105584e-08,0.0,0.0,0.0,0.0,0.0,0.0,0,0,disabled,0.0,1,PLAN_FAILED,ik_not_found,0,0.18457149202004075,2.3931170952273533,0,0,0,0,-1,nan,nan,,,736,0,0,0,0,1,0,96,0,0,"{'solver_error': 0, 'short_solution': 0, 'duplicate': 0, 'goal_error': 0, 'joint_limit': 0, 'workspace': 0, 'obstacle_clearance': 593, 'obstacle_contact': 153, 'self_collision': 0}",0.00010473517295679897,746,746,nan,nan,0.0,passthrough,0,0,10,0,0,0,0,0,0.0,0.0,0.0,0.0,1.0,0.31538024944972776,0,0,0,0,0.31538024944972776,0.0,passthrough,osqp optimal,0.0,0,0,12,,workspace_z_lower,,,0,0,1,solved,nan,0,,0.0,0,osqp,0.0,valid,0.31538024944972776,0.873214483873313,0|0|0|0|0|0,0.487151881|0.315380249|0.316023695|0.397999755|0.427019022|0.476535366,0.660812605|0.489040974|0.489684419|0.57166048|0.600679746|0.65019609,0.607151881|0.435380249|0.436023695|0.517999755|0.547019022|0.596535366,0|0|0|0|0|0,0|0|0|0|0|0,0|0|0|0|0|0,1.94860752|1.261521|1.26409478|1.59199902|1.70807609|1.90614146,optimal,0.17941799655015453,0.0,0.17941799655015453,0.428064942|-0.544867158|0.500515461,-0|0|-0,0.010199345997534692,0.002470595994964242,0.0013676279922947288,0.0017963929567486048
192,9.65,-0.9156478640973162,0.05104140564799309,0.5964403748512268,0.48904097080230713,0.038023050874471664,1.0,1,0,0,0,0,0,0,,0,0,,-1,-1,nan,not_applicable,,,nan,0,0.0,0.0,0.0,0.0,0.0,0.5964403963810977,0.5964403748512268,2.1529870886105584e-08,0.0,0.0,0.0,0.0,0.0,0.0,0,0,disabled,0.0,1,PLAN_FAILED,ik_not_found,0,0.18457149202004075,2.3931170952273533,0,0,0,0,-1,nan,nan,,,736,0,0,0,0,1,0,96,0,0,"{'solver_error': 0, 'short_solution': 0, 'duplicate': 0, 'goal_error': 0, 'joint_limit': 0, 'workspace': 0, 'obstacle_clearance': 593, 'obstacle_contact': 153, 'self_collision': 0}",0.00010473517295679897,746,746,nan,nan,0.0,passthrough,0,0,10,0,0,0,0,0,0.0,0.0,0.0,0.0,1.0,0.31538024944972776,0,0,0,0,0.31538024944972776,0.0,passthrough,osqp optimal,0.0,0,0,12,,workspace_z_lower,,,0,0,1,solved,nan,0,,0.0,0,osqp,0.0,valid,0.31538024944972776,0.873214483873313,0|0|0|0|0|0,0.487151881|0.315380249|0.316023695|0.397999755|0.427019022|0.476535366,0.660812605|0.489040974|0.489684419|0.57166048|0.600679746|0.65019609,0.607151881|0.435380249|0.436023695|0.517999755|0.547019022|0.596535366,0|0|0|0|0|0,0|0|0|0|0|0,0|0|0|0|0|0,1.94860752|1.261521|1.26409478|1.59199902|1.70807609|1.90614146,optimal,0.17941799655015453,0.0,0.17941799655015453,0.428064942|-0.544867158|0.500515461,-0|0|-0,0.012325993040576577,0.003159696003422141,0.0016574610490351915,0.001813714043237269
193,9.700000000000001,-0.9156478640973162,0.05104140564799309,0.5964403748512268,0.48904097080230713,0.038023050874471664,1.0,1,0,0,0,0,0,0,,0,0,,-1,-1,nan,not_applicable,,,nan,0,0.0,0.0,0.0,0.0,0.0,0.5964403963810977,0.5964403748512268,2.1529870886105584e-08,0.0,0.0,0.0,0.0,0.0,0.0,0,0,disabled,0.0,1,PLAN_FAILED,ik_not_found,0,0.18457149202004075,2.3931170952273533,0,0,0,0,-1,nan,nan,,,736,0,0,0,0,1,0,96,0,0,"{'solver_error': 0, 'short_solution': 0, 'duplicate': 0, 'goal_error': 0, 'joint_limit': 0, 'workspace': 0, 'obstacle_clearance': 593, 'obstacle_contact': 153, 'self_collision': 0}",0.00010473517295679897,746,746,nan,nan,0.0,passthrough,0,0,10,0,0,0,0,0,0.0,0.0,0.0,0.0,1.0,0.31538024944972776,0,0,0,0,0.31538024944972776,0.0,passthrough,osqp optimal,0.0,0,0,12,,workspace_z_lower,,,0,0,1,solved,nan,0,,0.0,0,osqp,0.0,valid,0.31538024944972776,0.873214483873313,0|0|0|0|0|0,0.487151881|0.315380249|0.316023695|0.397999755|0.427019022|0.476535366,0.660812605|0.489040974|0.489684419|0.57166048|0.600679746|0.65019609,0.607151881|0.435380249|0.436023695|0.517999755|0.547019022|0.596535366,0|0|0|0|0|0,0|0|0|0|0|0,0|0|0|0|0|0,1.94860752|1.261521|1.26409478|1.59199902|1.70807609|1.90614146,optimal,0.17941799655015453,0.0,0.17941799655015453,0.428064942|-0.544867158|0.500515461,-0|0|-0,0.010711226961575449,0.0029310520039871335,0.001767351059243083,0.0016914739971980453
194,9.75,-0.9156478640973162,0.05104140564799309,0.5964403748512268,0.48904097080230713,0.038023050874471664,1.0,1,0,0,0,0,0,0,,0,0,,-1,-1,nan,not_applicable,,,nan,0,0.0,0.0,0.0,0.0,0.0,0.5964403963810977,0.5964403748512268,2.1529870886105584e-08,0.0,0.0,0.0,0.0,0.0,0.0,0,0,disabled,0.0,1,PLAN_FAILED,ik_not_found,0,0.18457149202004075,2.3931170952273533,0,0,0,0,-1,nan,nan,,,736,0,0,0,0,1,0,96,0,0,"{'solver_error': 0, 'short_solution': 0, 'duplicate': 0, 'goal_error': 0, 'joint_limit': 0, 'workspace': 0, 'obstacle_clearance': 593, 'obstacle_contact': 153, 'self_collision': 0}",0.00010473517295679897,746,746,nan,nan,0.0,passthrough,0,0,10,0,0,0,0,0,0.0,0.0,0.0,0.0,1.0,0.31538024944972776,0,0,0,0,0.31538024944972776,0.0,passthrough,osqp optimal,0.0,0,0,12,,workspace_z_lower,,,0,0,1,solved,nan,0,,0.0,0,osqp,0.0,valid,0.31538024944972776,0.873214483873313,0|0|0|0|0|0,0.487151881|0.315380249|0.316023695|0.397999755|0.427019022|0.476535366,0.660812605|0.489040974|0.489684419|0.57166048|0.600679746|0.65019609,0.607151881|0.435380249|0.436023695|0.517999755|0.547019022|0.596535366,0|0|0|0|0|0,0|0|0|0|0|0,0|0|0|0|0|0,1.94860752|1.261521|1.26409478|1.59199902|1.70807609|1.90614146,optimal,0.17941799655015453,0.0,0.17941799655015453,0.428064942|-0.544867158|0.500515461,-0|0|-0,0.01036143396049738,0.002687243977561593,0.001235896022990346,0.001675570965744555
195,9.8,-0.9156478640973162,0.05104140564799309,0.5964403748512268,0.48904097080230713,0.038023050874471664,1.0,1,0,0,0,0,0,0,,0,0,,-1,-1,nan,not_applicable,,,nan,0,0.0,0.0,0.0,0.0,0.0,0.5964403963810977,0.5964403748512268,2.1529870886105584e-08,0.0,0.0,0.0,0.0,0.0,0.0,0,0,disabled,0.0,1,PLAN_FAILED,ik_not_found,0,0.18457149202004075,2.3931170952273533,0,0,0,0,-1,nan,nan,,,736,0,0,0,0,1,0,96,0,0,"{'solver_error': 0, 'short_solution': 0, 'duplicate': 0, 'goal_error': 0, 'joint_limit': 0, 'workspace': 0, 'obstacle_clearance': 593, 'obstacle_contact': 153, 'self_collision': 0}",0.00010473517295679897,746,746,nan,nan,0.0,passthrough,0,0,10,0,0,0,0,0,0.0,0.0,0.0,0.0,1.0,0.31538024944972776,0,0,0,0,0.31538024944972776,0.0,passthrough,osqp optimal,0.0,0,0,12,,workspace_z_lower,,,0,0,1,solved,nan,0,,0.0,0,osqp,0.0,valid,0.31538024944972776,0.873214483873313,0|0|0|0|0|0,0.487151881|0.315380249|0.316023695|0.397999755|0.427019022|0.476535366,0.660812605|0.489040974|0.489684419|0.57166048|0.600679746|0.65019609,0.607151881|0.435380249|0.436023695|0.517999755|0.547019022|0.596535366,0|0|0|0|0|0,0|0|0|0|0|0,0|0|0|0|0|0,1.94860752|1.261521|1.26409478|1.59199902|1.70807609|1.90614146,optimal,0.17941799655015453,0.0,0.17941799655015453,0.428064942|-0.544867158|0.500515461,-0|0|-0,0.009484766982495785,0.002666194923222065,0.0012598379980772734,0.0015997299924492836
196,9.850000000000001,-0.9156478640973162,0.05104140564799309,0.5964403748512268,0.48904097080230713,0.038023050874471664,1.0,1,0,0,0,0,0,0,,0,0,,-1,-1,nan,not_applicable,,,nan,0,0.0,0.0,0.0,0.0,0.0,0.5964403963810977,0.5964403748512268,2.1529870886105584e-08,0.0,0.0,0.0,0.0,0.0,0.0,0,0,disabled,0.0,1,PLAN_FAILED,ik_not_found,0,0.18457149202004075,2.3931170952273533,0,0,0,0,-1,nan,nan,,,736,0,0,0,0,1,0,96,0,0,"{'solver_error': 0, 'short_solution': 0, 'duplicate': 0, 'goal_error': 0, 'joint_limit': 0, 'workspace': 0, 'obstacle_clearance': 593, 'obstacle_contact': 153, 'self_collision': 0}",0.00010473517295679897,746,746,nan,nan,0.0,passthrough,0,0,10,0,0,0,0,0,0.0,0.0,0.0,0.0,1.0,0.31538024944972776,0,0,0,0,0.31538024944972776,0.0,passthrough,osqp optimal,0.0,0,0,12,,workspace_z_lower,,,0,0,1,solved,nan,0,,0.0,0,osqp,0.0,valid,0.31538024944972776,0.873214483873313,0|0|0|0|0|0,0.487151881|0.315380249|0.316023695|0.397999755|0.427019022|0.476535366,0.660812605|0.489040974|0.489684419|0.57166048|0.600679746|0.65019609,0.607151881|0.435380249|0.436023695|0.517999755|0.547019022|0.596535366,0|0|0|0|0|0,0|0|0|0|0|0,0|0|0|0|0|0,1.94860752|1.261521|1.26409478|1.59199902|1.70807609|1.90614146,optimal,0.17941799655015453,0.0,0.17941799655015453,0.428064942|-0.544867158|0.500515461,-0|0|-0,0.009518214967101812,0.0025003139162436128,0.0012848339974880219,0.0016687529860064387
197,9.9,-0.9156478640973162,0.05104140564799309,0.5964403748512268,0.48904097080230713,0.038023050874471664,1.0,1,0,0,0,0,0,0,,0,0,,-1,-1,nan,not_applicable,,,nan,0,0.0,0.0,0.0,0.0,0.0,0.5964403963810977,0.5964403748512268,2.1529870886105584e-08,0.0,0.0,0.0,0.0,0.0,0.0,0,0,disabled,0.0,1,PLAN_FAILED,ik_not_found,0,0.18457149202004075,2.3931170952273533,0,0,0,0,-1,nan,nan,,,736,0,0,0,0,1,0,96,0,0,"{'solver_error': 0, 'short_solution': 0, 'duplicate': 0, 'goal_error': 0, 'joint_limit': 0, 'workspace': 0, 'obstacle_clearance': 593, 'obstacle_contact': 153, 'self_collision': 0}",0.00010473517295679897,746,746,nan,nan,0.0,passthrough,0,0,10,0,0,0,0,0,0.0,0.0,0.0,0.0,1.0,0.31538024944972776,0,0,0,0,0.31538024944972776,0.0,passthrough,osqp optimal,0.0,0,0,12,,workspace_z_lower,,,0,0,1,solved,nan,0,,0.0,0,osqp,0.0,valid,0.31538024944972776,0.873214483873313,0|0|0|0|0|0,0.487151881|0.315380249|0.316023695|0.397999755|0.427019022|0.476535366,0.660812605|0.489040974|0.489684419|0.57166048|0.600679746|0.65019609,0.607151881|0.435380249|0.436023695|0.517999755|0.547019022|0.596535366,0|0|0|0|0|0,0|0|0|0|0|0,0|0|0|0|0|0,1.94860752|1.261521|1.26409478|1.59199902|1.70807609|1.90614146,optimal,0.17941799655015453,0.0,0.17941799655015453,0.428064942|-0.544867158|0.500515461,-0|0|-0,0.009347395040094852,0.0024761320091784,0.0012726170243695378,0.0015662619844079018
198,9.950000000000001,-0.9156478640973162,0.05104140564799309,0.5964403748512268,0.48904097080230713,0.038023050874471664,1.0,1,0,0,0,0,0,0,,0,0,,-1,-1,nan,not_applicable,,,nan,0,0.0,0.0,0.0,0.0,0.0,0.5964403963810977,0.5964403748512268,2.1529870886105584e-08,0.0,0.0,0.0,0.0,0.0,0.0,0,0,disabled,0.0,1,PLAN_FAILED,ik_not_found,0,0.18457149202004075,2.3931170952273533,0,0,0,0,-1,nan,nan,,,736,0,0,0,0,1,0,96,0,0,"{'solver_error': 0, 'short_solution': 0, 'duplicate': 0, 'goal_error': 0, 'joint_limit': 0, 'workspace': 0, 'obstacle_clearance': 593, 'obstacle_contact': 153, 'self_collision': 0}",0.00010473517295679897,746,746,nan,nan,0.0,passthrough,0,0,10,0,0,0,0,0,0.0,0.0,0.0,0.0,1.0,0.31538024944972776,0,0,0,0,0.31538024944972776,0.0,passthrough,osqp optimal,0.0,0,0,12,,workspace_z_lower,,,0,0,1,solved,nan,0,,0.0,0,osqp,0.0,valid,0.31538024944972776,0.873214483873313,0|0|0|0|0|0,0.487151881|0.315380249|0.316023695|0.397999755|0.427019022|0.476535366,0.660812605|0.489040974|0.489684419|0.57166048|0.600679746|0.65019609,0.607151881|0.435380249|0.436023695|0.517999755|0.547019022|0.596535366,0|0|0|0|0|0,0|0|0|0|0|0,0|0|0|0|0|0,1.94860752|1.261521|1.26409478|1.59199902|1.70807609|1.90614146,optimal,0.17941799655015453,0.0,0.17941799655015453,0.428064942|-0.544867158|0.500515461,-0|0|-0,0.011468451004475355,0.002585721085779369,0.0014740560436621308,0.0017094849608838558
199,10.0,-0.9156478640973162,0.05104140564799309,0.5964403748512268,0.48904097080230713,0.038023050874471664,1.0,1,0,0,0,0,0,0,,0,0,,-1,-1,nan,not_applicable,,,nan,0,0.0,0.0,0.0,0.0,0.0,0.5964403963810977,0.5964403748512268,2.1529870886105584e-08,0.0,0.0,0.0,0.0,0.0,0.0,0,0,disabled,0.0,1,PLAN_FAILED,ik_not_found,0,0.18457149202004075,2.3931170952273533,0,0,0,0,-1,nan,nan,,,736,0,0,0,0,1,0,96,0,0,"{'solver_error': 0, 'short_solution': 0, 'duplicate': 0, 'goal_error': 0, 'joint_limit': 0, 'workspace': 0, 'obstacle_clearance': 593, 'obstacle_contact': 153, 'self_collision': 0}",0.00010473517295679897,746,746,nan,nan,0.0,passthrough,0,0,10,0,0,0,0,0,0.0,0.0,0.0,0.0,1.0,0.31538024944972776,0,0,0,0,0.31538024944972776,0.0,passthrough,osqp optimal,0.0,0,0,12,,workspace_z_lower,,,0,0,1,solved,nan,0,,0.0,0,osqp,0.0,valid,0.31538024944972776,0.873214483873313,0|0|0|0|0|0,0.487151881|0.315380249|0.316023695|0.397999755|0.427019022|0.476535366,0.660812605|0.489040974|0.489684419|0.57166048|0.600679746|0.65019609,0.607151881|0.435380249|0.436023695|0.517999755|0.547019022|0.596535366,0|0|0|0|0|0,0|0|0|0|0|0,0|0|0|0|0|0,1.94860752|1.261521|1.26409478|1.59199902|1.70807609|1.90614146,optimal,0.17941799655015453,0.0,0.17941799655015453,0.428064942|-0.544867158|0.500515461,-0|0|-0,0.009765966911800206,0.0024855169467628,0.001550246961414814,0.0017793719889596105
200,10.05,-0.9156478640973162,0.05104140564799309,0.5964403748512268,0.48904097080230713,0.038023050874471664,1.0,1,0,0,0,0,0,0,,0,0,,-1,-1,nan,not_applicable,,,nan,0,0.0,0.0,0.0,0.0,0.0,0.5964403963810977,0.5964403748512268,2.1529870886105584e-08,0.0,0.0,0.0,0.0,0.0,0.0,0,0,disabled,0.0,1,PLAN_FAILED,ik_not_found,0,0.1846472800243646,2.577764375251718,0,0,0,0,-1,nan,nan,,,800,0,0,0,0,1,0,96,0,0,"{'solver_error': 0, 'short_solution': 0, 'duplicate': 0, 'goal_error': 0, 'joint_limit': 0, 'workspace': 0, 'obstacle_clearance': 643, 'obstacle_contact': 168, 'self_collision': 0}",0.00010473517295679897,811,811,nan,nan,0.0,passthrough,0,0,11,0,0,0,0,0,0.0,0.0,0.0,0.0,1.0,0.31538024944972776,0,0,0,0,0.31538024944972776,0.0,passthrough,osqp optimal,0.0,0,0,12,,workspace_z_lower,,,0,0,1,solved,nan,0,,0.0,0,osqp,0.0,valid,0.31538024944972776,0.873214483873313,0|0|0|0|0|0,0.487151881|0.315380249|0.316023695|0.397999755|0.427019022|0.476535366,0.660812605|0.489040974|0.489684419|0.57166048|0.600679746|0.65019609,0.607151881|0.435380249|0.436023695|0.517999755|0.547019022|0.596535366,0|0|0|0|0|0,0|0|0|0|0|0,0|0|0|0|0|0,1.94860752|1.261521|1.26409478|1.59199902|1.70807609|1.90614146,optimal,0.17941799655015453,0.0,0.17941799655015453,0.428064942|-0.544867158|0.500515461,-0|0|-0,0.19471923995297402,0.0025155600160360336,0.0016135460464283824,0.0016506850952282548
201,10.100000000000001,-0.9156478640973162,0.05104140564799309,0.5964403748512268,0.48904097080230713,0.038023050874471664,1.0,1,0,0,0,0,0,0,,0,0,,-1,-1,nan,not_applicable,,,nan,0,0.0,0.0,0.0,0.0,0.0,0.5964403963810977,0.5964403748512268,2.1529870886105584e-08,0.0,0.0,0.0,0.0,0.0,0.0,0,0,disabled,0.0,1,PLAN_FAILED,ik_not_found,0,0.1846472800243646,2.577764375251718,0,0,0,0,-1,nan,nan,,,800,0,0,0,0,1,0,96,0,0,"{'solver_error': 0, 'short_solution': 0, 'duplicate': 0, 'goal_error': 0, 'joint_limit': 0, 'workspace': 0, 'obstacle_clearance': 643, 'obstacle_contact': 168, 'self_collision': 0}",0.00010473517295679897,811,811,nan,nan,0.0,passthrough,0,0,11,0,0,0,0,0,0.0,0.0,0.0,0.0,1.0,0.31538024944972776,0,0,0,0,0.31538024944972776,0.0,passthrough,osqp optimal,0.0,0,0,12,,workspace_z_lower,,,0,0,1,solved,nan,0,,0.0,0,osqp,0.0,valid,0.31538024944972776,0.873214483873313,0|0|0|0|0|0,0.487151881|0.315380249|0.316023695|0.397999755|0.427019022|0.476535366,0.660812605|0.489040974|0.489684419|0.57166048|0.600679746|0.65019609,0.607151881|0.435380249|0.436023695|0.517999755|0.547019022|0.596535366,0|0|0|0|0|0,0|0|0|0|0|0,0|0|0|0|0|0,1.94860752|1.261521|1.26409478|1.59199902|1.70807609|1.90614146,optimal,0.17941799655015453,0.0,0.17941799655015453,0.428064942|-0.544867158|0.500515461,-0|0|-0,0.010556556982919574,0.0031358859268948436,0.0013421019539237022,0.0018777740187942982
202,10.15,-0.9156478640973162,0.05104140564799309,0.5964403748512268,0.48904097080230713,0.038023050874471664,1.0,1,0,0,0,0,0,0,,0,0,,-1,-1,nan,not_applicable,,,nan,0,0.0,0.0,0.0,0.0,0.0,0.5964403963810977,0.5964403748512268,2.1529870886105584e-08,0.0,0.0,0.0,0.0,0.0,0.0,0,0,disabled,0.0,1,PLAN_FAILED,ik_not_found,0,0.1846472800243646,2.577764375251718,0,0,0,0,-1,nan,nan,,,800,0,0,0,0,1,0,96,0,0,"{'solver_error': 0, 'short_solution': 0, 'duplicate': 0, 'goal_error': 0, 'joint_limit': 0, 'workspace': 0, 'obstacle_clearance': 643, 'obstacle_contact': 168, 'self_collision': 0}",0.00010473517295679897,811,811,nan,nan,0.0,passthrough,0,0,11,0,0,0,0,0,0.0,0.0,0.0,0.0,1.0,0.31538024944972776,0,0,0,0,0.31538024944972776,0.0,passthrough,osqp optimal,0.0,0,0,12,,workspace_z_lower,,,0,0,1,solved,nan,0,,0.0,0,osqp,0.0,valid,0.31538024944972776,0.873214483873313,0|0|0|0|0|0,0.487151881|0.315380249|0.316023695|0.397999755|0.427019022|0.476535366,0.660812605|0.489040974|0.489684419|0.57166048|0.600679746|0.65019609,0.607151881|0.435380249|0.436023695|0.517999755|0.547019022|0.596535366,0|0|0|0|0|0,0|0|0|0|0|0,0|0|0|0|0|0,1.94860752|1.261521|1.26409478|1.59199902|1.70807609|1.90614146,optimal,0.17941799655015453,0.0,0.17941799655015453,0.428064942|-0.544867158|0.500515461,-0|0|-0,0.0106238869484514,0.003038557944819331,0.001574051915667951,0.0017841469962149858
203,10.200000000000001,-0.9156478640973162,0.05104140564799309,0.5964403748512268,0.48904097080230713,0.038023050874471664,1.0,1,0,0,0,0,0,0,,0,0,,-1,-1,nan,not_applicable,,,nan,0,0.0,0.0,0.0,0.0,0.0,0.5964403963810977,0.5964403748512268,2.1529870886105584e-08,0.0,0.0,0.0,0.0,0.0,0.0,0,0,disabled,0.0,1,PLAN_FAILED,ik_not_found,0,0.1846472800243646,2.577764375251718,0,0,0,0,-1,nan,nan,,,800,0,0,0,0,1,0,96,0,0,"{'solver_error': 0, 'short_solution': 0, 'duplicate': 0, 'goal_error': 0, 'joint_limit': 0, 'workspace': 0, 'obstacle_clearance': 643, 'obstacle_contact': 168, 'self_collision': 0}",0.00010473517295679897,811,811,nan,nan,0.0,passthrough,0,0,11,0,0,0,0,0,0.0,0.0,0.0,0.0,1.0,0.31538024944972776,0,0,0,0,0.31538024944972776,0.0,passthrough,osqp optimal,0.0,0,0,12,,workspace_z_lower,,,0,0,1,solved,nan,0,,0.0,0,osqp,0.0,valid,0.31538024944972776,0.873214483873313,0|0|0|0|0|0,0.487151881|0.315380249|0.316023695|0.397999755|0.427019022|0.476535366,0.660812605|0.489040974|0.489684419|0.57166048|0.600679746|0.65019609,0.607151881|0.435380249|0.436023695|0.517999755|0.547019022|0.596535366,0|0|0|0|0|0,0|0|0|0|0|0,0|0|0|0|0|0,1.94860752|1.261521|1.26409478|1.59199902|1.70807609|1.90614146,optimal,0.17941799655015453,0.0,0.17941799655015453,0.428064942|-0.544867158|0.500515461,-0|0|-0,0.013916376046836376,0.0036955170799046755,0.0019819530425593257,0.0023087530862540007
204,10.25,-0.9156478640973162,0.05104140564799309,0.5964403748512268,0.48904097080230713,0.038023050874471664,1.0,1,0,0,0,0,0,0,,0,0,,-1,-1,nan,not_applicable,,,nan,0,0.0,0.0,0.0,0.0,0.0,0.5964403963810977,0.5964403748512268,2.1529870886105584e-08,0.0,0.0,0.0,0.0,0.0,0.0,0,0,disabled,0.0,1,PLAN_FAILED,ik_not_found,0,0.1846472800243646,2.577764375251718,0,0,0,0,-1,nan,nan,,,800,0,0,0,0,1,0,96,0,0,"{'solver_error': 0, 'short_solution': 0, 'duplicate': 0, 'goal_error': 0, 'joint_limit': 0, 'workspace': 0, 'obstacle_clearance': 643, 'obstacle_contact': 168, 'self_collision': 0}",0.00010473517295679897,811,811,nan,nan,0.0,passthrough,0,0,11,0,0,0,0,0,0.0,0.0,0.0,0.0,1.0,0.31538024944972776,0,0,0,0,0.31538024944972776,0.0,passthrough,osqp optimal,0.0,0,0,12,,workspace_z_lower,,,0,0,1,solved,nan,0,,0.0,0,osqp,0.0,valid,0.31538024944972776,0.873214483873313,0|0|0|0|0|0,0.487151881|0.315380249|0.316023695|0.397999755|0.427019022|0.476535366,0.660812605|0.489040974|0.489684419|0.57166048|0.600679746|0.65019609,0.607151881|0.435380249|0.436023695|0.517999755|0.547019022|0.596535366,0|0|0|0|0|0,0|0|0|0|0|0,0|0|0|0|0|0,1.94860752|1.261521|1.26409478|1.59199902|1.70807609|1.90614146,optimal,0.17941799655015453,0.0,0.17941799655015453,0.428064942|-0.544867158|0.500515461,-0|0|-0,0.012749183923006058,0.003325366065837443,0.001756445039063692,0.0020633230451494455
205,10.3,-0.9156478640973162,0.05104140564799309,0.5964403748512268,0.48904097080230713,0.038023050874471664,1.0,1,0,0,0,0,0,0,,0,0,,-1,-1,nan,not_applicable,,,nan,0,0.0,0.0,0.0,0.0,0.0,0.5964403963810977,0.5964403748512268,2.1529870886105584e-08,0.0,0.0,0.0,0.0,0.0,0.0,0,0,disabled,0.0,1,PLAN_FAILED,ik_not_found,0,0.1846472800243646,2.577764375251718,0,0,0,0,-1,nan,nan,,,800,0,0,0,0,1,0,96,0,0,"{'solver_error': 0, 'short_solution': 0, 'duplicate': 0, 'goal_error': 0, 'joint_limit': 0, 'workspace': 0, 'obstacle_clearance': 643, 'obstacle_contact': 168, 'self_collision': 0}",0.00010473517295679897,811,811,nan,nan,0.0,passthrough,0,0,11,0,0,0,0,0,0.0,0.0,0.0,0.0,1.0,0.31538024944972776,0,0,0,0,0.31538024944972776,0.0,passthrough,osqp optimal,0.0,0,0,12,,workspace_z_lower,,,0,0,1,solved,nan,0,,0.0,0,osqp,0.0,valid,0.31538024944972776,0.873214483873313,0|0|0|0|0|0,0.487151881|0.315380249|0.316023695|0.397999755|0.427019022|0.476535366,0.660812605|0.489040974|0.489684419|0.57166048|0.600679746|0.65019609,0.607151881|0.435380249|0.436023695|0.517999755|0.547019022|0.596535366,0|0|0|0|0|0,0|0|0|0|0|0,0|0|0|0|0|0,1.94860752|1.261521|1.26409478|1.59199902|1.70807609|1.90614146,optimal,0.17941799655015453,0.0,0.17941799655015453,0.428064942|-0.544867158|0.500515461,-0|0|-0,0.010488263913430274,0.0027591370744630694,0.001584493089467287,0.0015482079470530152
206,10.350000000000001,-0.9156478640973162,0.05104140564799309,0.5964403748512268,0.48904097080230713,0.038023050874471664,1.0,1,0,0,0,0,0,0,,0,0,,-1,-1,nan,not_applicable,,,nan,0,0.0,0.0,0.0,0.0,0.0,0.5964403963810977,0.5964403748512268,2.1529870886105584e-08,0.0,0.0,0.0,0.0,0.0,0.0,0,0,disabled,0.0,1,PLAN_FAILED,ik_not_found,0,0.1846472800243646,2.577764375251718,0,0,0,0,-1,nan,nan,,,800,0,0,0,0,1,0,96,0,0,"{'solver_error': 0, 'short_solution': 0, 'duplicate': 0, 'goal_error': 0, 'joint_limit': 0, 'workspace': 0, 'obstacle_clearance': 643, 'obstacle_contact': 168, 'self_collision': 0}",0.00010473517295679897,811,811,nan,nan,0.0,passthrough,0,0,11,0,0,0,0,0,0.0,0.0,0.0,0.0,1.0,0.31538024944972776,0,0,0,0,0.31538024944972776,0.0,passthrough,osqp optimal,0.0,0,0,12,,workspace_z_lower,,,0,0,1,solved,nan,0,,0.0,0,osqp,0.0,valid,0.31538024944972776,0.873214483873313,0|0|0|0|0|0,0.487151881|0.315380249|0.316023695|0.397999755|0.427019022|0.476535366,0.660812605|0.489040974|0.489684419|0.57166048|0.600679746|0.65019609,0.607151881|0.435380249|0.436023695|0.517999755|0.547019022|0.596535366,0|0|0|0|0|0,0|0|0|0|0|0,0|0|0|0|0|0,1.94860752|1.261521|1.26409478|1.59199902|1.70807609|1.90614146,optimal,0.17941799655015453,0.0,0.17941799655015453,0.428064942|-0.544867158|0.500515461,-0|0|-0,0.00928118103183806,0.0025638589868322015,0.0012292680330574512,0.001541291014291346
207,10.4,-0.9156478640973162,0.05104140564799309,0.5964403748512268,0.48904097080230713,0.038023050874471664,1.0,1,0,0,0,0,0,0,,0,0,,-1,-1,nan,not_applicable,,,nan,0,0.0,0.0,0.0,0.0,0.0,0.5964403963810977,0.5964403748512268,2.1529870886105584e-08,0.0,0.0,0.0,0.0,0.0,0.0,0,0,disabled,0.0,1,PLAN_FAILED,ik_not_found,0,0.1846472800243646,2.577764375251718,0,0,0,0,-1,nan,nan,,,800,0,0,0,0,1,0,96,0,0,"{'solver_error': 0, 'short_solution': 0, 'duplicate': 0, 'goal_error': 0, 'joint_limit': 0, 'workspace': 0, 'obstacle_clearance': 643, 'obstacle_contact': 168, 'self_collision': 0}",0.00010473517295679897,811,811,nan,nan,0.0,passthrough,0,0,11,0,0,0,0,0,0.0,0.0,0.0,0.0,1.0,0.31538024944972776,0,0,0,0,0.31538024944972776,0.0,passthrough,osqp optimal,0.0,0,0,12,,workspace_z_lower,,,0,0,1,solved,nan,0,,0.0,0,osqp,0.0,valid,0.31538024944972776,0.873214483873313,0|0|0|0|0|0,0.487151881|0.315380249|0.316023695|0.397999755|0.427019022|0.476535366,0.660812605|0.489040974|0.489684419|0.57166048|0.600679746|0.65019609,0.607151881|0.435380249|0.436023695|0.517999755|0.547019022|0.596535366,0|0|0|0|0|0,0|0|0|0|0|0,0|0|0|0|0|0,1.94860752|1.261521|1.26409478|1.59199902|1.70807609|1.90614146,optimal,0.17941799655015453,0.0,0.17941799655015453,0.428064942|-0.544867158|0.500515461,-0|0|-0,0.010115501936525106,0.003122059046290815,0.0012507870560511947,0.0016852689441293478
208,10.450000000000001,-0.9156478640973162,0.05104140564799309,0.5964403748512268,0.48904097080230713,0.038023050874471664,1.0,1,0,0,0,0,0,0,,0,0,,-1,-1,nan,not_applicable,,,nan,0,0.0,0.0,0.0,0.0,0.0,0.5964403963810977,0.5964403748512268,2.1529870886105584e-08,0.0,0.0,0.0,0.0,0.0,0.0,0,0,disabled,0.0,1,PLAN_FAILED,ik_not_found,0,0.1846472800243646,2.577764375251718,0,0,0,0,-1,nan,nan,,,800,0,0,0,0,1,0,96,0,0,"{'solver_error': 0, 'short_solution': 0, 'duplicate': 0, 'goal_error': 0, 'joint_limit': 0, 'workspace': 0, 'obstacle_clearance': 643, 'obstacle_contact': 168, 'self_collision': 0}",0.00010473517295679897,811,811,nan,nan,0.0,passthrough,0,0,11,0,0,0,0,0,0.0,0.0,0.0,0.0,1.0,0.31538024944972776,0,0,0,0,0.31538024944972776,0.0,passthrough,osqp optimal,0.0,0,0,12,,workspace_z_lower,,,0,0,1,solved,nan,0,,0.0,0,osqp,0.0,valid,0.31538024944972776,0.873214483873313,0|0|0|0|0|0,0.487151881|0.315380249|0.316023695|0.397999755|0.427019022|0.476535366,0.660812605|0.489040974|0.489684419|0.57166048|0.600679746|0.65019609,0.607151881|0.435380249|0.436023695|0.517999755|0.547019022|0.596535366,0|0|0|0|0|0,0|0|0|0|0|0,0|0|0|0|0|0,1.94860752|1.261521|1.26409478|1.59199902|1.70807609|1.90614146,optimal,0.17941799655015453,0.0,0.17941799655015453,0.428064942|-0.544867158|0.500515461,-0|0|-0,0.01213830802589655,0.00267209205776453,0.0015743860276415944,0.0022613040637224913
209,10.5,-0.9156478640973162,0.05104140564799309,0.5964403748512268,0.48904097080230713,0.038023050874471664,1.0,1,0,0,0,0,0,0,,0,0,,-1,-1,nan,not_applicable,,,nan,0,0.0,0.0,0.0,0.0,0.0,0.5964403963810977,0.5964403748512268,2.1529870886105584e-08,0.0,0.0,0.0,0.0,0.0,0.0,0,0,disabled,0.0,1,PLAN_FAILED,ik_not_found,0,0.1846472800243646,2.577764375251718,0,0,0,0,-1,nan,nan,,,800,0,0,0,0,1,0,96,0,0,"{'solver_error': 0, 'short_solution': 0, 'duplicate': 0, 'goal_error': 0, 'joint_limit': 0, 'workspace': 0, 'obstacle_clearance': 643, 'obstacle_contact': 168, 'self_collision': 0}",0.00010473517295679897,811,811,nan,nan,0.0,passthrough,0,0,11,0,0,0,0,0,0.0,0.0,0.0,0.0,1.0,0.31538024944972776,0,0,0,0,0.31538024944972776,0.0,passthrough,osqp optimal,0.0,0,0,12,,workspace_z_lower,,,0,0,1,solved,nan,0,,0.0,0,osqp,0.0,valid,0.31538024944972776,0.873214483873313,0|0|0|0|0|0,0.487151881|0.315380249|0.316023695|0.397999755|0.427019022|0.476535366,0.660812605|0.489040974|0.489684419|0.57166048|0.600679746|0.65019609,0.607151881|0.435380249|0.436023695|0.517999755|0.547019022|0.596535366,0|0|0|0|0|0,0|0|0|0|0|0,0|0|0|0|0|0,1.94860752|1.261521|1.26409478|1.59199902|1.70807609|1.90614146,optimal,0.17941799655015453,0.0,0.17941799655015453,0.428064942|-0.544867158|0.500515461,-0|0|-0,0.011656532064080238,0.0026525770081207156,0.0016031470149755478,0.0020000759977847338
210,10.55,-0.9156478640973162,0.05104140564799309,0.5964403748512268,0.48904097080230713,0.038023050874471664,1.0,1,0,0,0,0,0,0,,0,0,,-1,-1,nan,not_applicable,,,nan,0,0.0,0.0,0.0,0.0,0.0,0.5964403963810977,0.5964403748512268,2.1529870886105584e-08,0.0,0.0,0.0,0.0,0.0,0.0,0,0,disabled,0.0,1,PLAN_FAILED,ik_not_found,0,0.1846472800243646,2.577764375251718,0,0,0,0,-1,nan,nan,,,800,0,0,0,0,1,0,96,0,0,"{'solver_error': 0, 'short_solution': 0, 'duplicate': 0, 'goal_error': 0, 'joint_limit': 0, 'workspace': 0, 'obstacle_clearance': 643, 'obstacle_contact': 168, 'self_collision': 0}",0.00010473517295679897,811,811,nan,nan,0.0,passthrough,0,0,11,0,0,0,0,0,0.0,0.0,0.0,0.0,1.0,0.31538024944972776,0,0,0,0,0.31538024944972776,0.0,passthrough,osqp optimal,0.0,0,0,12,,workspace_z_lower,,,0,0,1,solved,nan,0,,0.0,0,osqp,0.0,valid,0.31538024944972776,0.873214483873313,0|0|0|0|0|0,0.487151881|0.315380249|0.316023695|0.397999755|0.427019022|0.476535366,0.660812605|0.489040974|0.489684419|0.57166048|0.600679746|0.65019609,0.607151881|0.435380249|0.436023695|0.517999755|0.547019022|0.596535366,0|0|0|0|0|0,0|0|0|0|0|0,0|0|0|0|0|0,1.94860752|1.261521|1.26409478|1.59199902|1.70807609|1.90614146,optimal,0.17941799655015453,0.0,0.17941799655015453,0.428064942|-0.544867158|0.500515461,-0|0|-0,0.011479186010546982,0.0034447270445525646,0.0014194210525602102,0.001709305914118886
211,10.600000000000001,-0.9156478640973162,0.05104140564799309,0.5964403748512268,0.48904097080230713,0.038023050874471664,1.0,1,0,0,0,0,0,0,,0,0,,-1,-1,nan,not_applicable,,,nan,0,0.0,0.0,0.0,0.0,0.0,0.5964403963810977,0.5964403748512268,2.1529870886105584e-08,0.0,0.0,0.0,0.0,0.0,0.0,0,0,disabled,0.0,1,PLAN_FAILED,ik_not_found,0,0.1846472800243646,2.577764375251718,0,0,0,0,-1,nan,nan,,,800,0,0,0,0,1,0,96,0,0,"{'solver_error': 0, 'short_solution': 0, 'duplicate': 0, 'goal_error': 0, 'joint_limit': 0, 'workspace': 0, 'obstacle_clearance': 643, 'obstacle_contact': 168, 'self_collision': 0}",0.00010473517295679897,811,811,nan,nan,0.0,passthrough,0,0,11,0,0,0,0,0,0.0,0.0,0.0,0.0,1.0,0.31538024944972776,0,0,0,0,0.31538024944972776,0.0,passthrough,osqp optimal,0.0,0,0,12,,workspace_z_lower,,,0,0,1,solved,nan,0,,0.0,0,osqp,0.0,valid,0.31538024944972776,0.873214483873313,0|0|0|0|0|0,0.487151881|0.315380249|0.316023695|0.397999755|0.427019022|0.476535366,0.660812605|0.489040974|0.489684419|0.57166048|0.600679746|0.65019609,0.607151881|0.435380249|0.436023695|0.517999755|0.547019022|0.596535366,0|0|0|0|0|0,0|0|0|0|0|0,0|0|0|0|0|0,1.94860752|1.261521|1.26409478|1.59199902|1.70807609|1.90614146,optimal,0.17941799655015453,0.0,0.17941799655015453,0.428064942|-0.544867158|0.500515461,-0|0|-0,0.010125190019607544,0.0027605900540947914,0.001341481925919652,0.0016692510107532144
212,10.65,-0.9156478640973162,0.05104140564799309,0.5964403748512268,0.48904097080230713,0.038023050874471664,1.0,1,0,0,0,0,0,0,,0,0,,-1,-1,nan,not_applicable,,,nan,0,0.0,0.0,0.0,0.0,0.0,0.5964403963810977,0.5964403748512268,2.1529870886105584e-08,0.0,0.0,0.0,0.0,0.0,0.0,0,0,disabled,0.0,1,PLAN_FAILED,ik_not_found,0,0.1846472800243646,2.577764375251718,0,0,0,0,-1,nan,nan,,,800,0,0,0,0,1,0,96,0,0,"{'solver_error': 0, 'short_solution': 0, 'duplicate': 0, 'goal_error': 0, 'joint_limit': 0, 'workspace': 0, 'obstacle_clearance': 643, 'obstacle_contact': 168, 'self_collision': 0}",0.00010473517295679897,811,811,nan,nan,0.0,passthrough,0,0,11,0,0,0,0,0,0.0,0.0,0.0,0.0,1.0,0.31538024944972776,0,0,0,0,0.31538024944972776,0.0,passthrough,osqp optimal,0.0,0,0,12,,workspace_z_lower,,,0,0,1,solved,nan,0,,0.0,0,osqp,0.0,valid,0.31538024944972776,0.873214483873313,0|0|0|0|0|0,0.487151881|0.315380249|0.316023695|0.397999755|0.427019022|0.476535366,0.660812605|0.489040974|0.489684419|0.57166048|0.600679746|0.65019609,0.607151881|0.435380249|0.436023695|0.517999755|0.547019022|0.596535366,0|0|0|0|0|0,0|0|0|0|0|0,0|0|0|0|0|0,1.94860752|1.261521|1.26409478|1.59199902|1.70807609|1.90614146,optimal,0.17941799655015453,0.0,0.17941799655015453,0.428064942|-0.544867158|0.500515461,-0|0|-0,0.010690076975151896,0.0026722250040620565,0.001350049045868218,0.002409817068837583
213,10.700000000000001,-0.9156478640973162,0.05104140564799309,0.5964403748512268,0.48904097080230713,0.038023050874471664,1.0,1,0,0,0,0,0,0,,0,0,,-1,-1,nan,not_applicable,,,nan,0,0.0,0.0,0.0,0.0,0.0,0.5964403963810977,0.5964403748512268,2.1529870886105584e-08,0.0,0.0,0.0,0.0,0.0,0.0,0,0,disabled,0.0,1,PLAN_FAILED,ik_not_found,0,0.1846472800243646,2.577764375251718,0,0,0,0,-1,nan,nan,,,800,0,0,0,0,1,0,96,0,0,"{'solver_error': 0, 'short_solution': 0, 'duplicate': 0, 'goal_error': 0, 'joint_limit': 0, 'workspace': 0, 'obstacle_clearance': 643, 'obstacle_contact': 168, 'self_collision': 0}",0.00010473517295679897,811,811,nan,nan,0.0,passthrough,0,0,11,0,0,0,0,0,0.0,0.0,0.0,0.0,1.0,0.31538024944972776,0,0,0,0,0.31538024944972776,0.0,passthrough,osqp optimal,0.0,0,0,12,,workspace_z_lower,,,0,0,1,solved,nan,0,,0.0,0,osqp,0.0,valid,0.31538024944972776,0.873214483873313,0|0|0|0|0|0,0.487151881|0.315380249|0.316023695|0.397999755|0.427019022|0.476535366,0.660812605|0.489040974|0.489684419|0.57166048|0.600679746|0.65019609,0.607151881|0.435380249|0.436023695|0.517999755|0.547019022|0.596535366,0|0|0|0|0|0,0|0|0|0|0|0,0|0|0|0|0|0,1.94860752|1.261521|1.26409478|1.59199902|1.70807609|1.90614146,optimal,0.17941799655015453,0.0,0.17941799655015453,0.428064942|-0.544867158|0.500515461,-0|0|-0,0.009288538945838809,0.0024310920853167772,0.0012189459521323442,0.0016976509941741824
214,10.75,-0.9156478640973162,0.05104140564799309,0.5964403748512268,0.48904097080230713,0.038023050874471664,1.0,1,0,0,0,0,0,0,,0,0,,-1,-1,nan,not_applicable,,,nan,0,0.0,0.0,0.0,0.0,0.0,0.5964403963810977,0.5964403748512268,2.1529870886105584e-08,0.0,0.0,0.0,0.0,0.0,0.0,0,0,disabled,0.0,1,PLAN_FAILED,ik_not_found,0,0.1846472800243646,2.577764375251718,0,0,0,0,-1,nan,nan,,,800,0,0,0,0,1,0,96,0,0,"{'solver_error': 0, 'short_solution': 0, 'duplicate': 0, 'goal_error': 0, 'joint_limit': 0, 'workspace': 0, 'obstacle_clearance': 643, 'obstacle_contact': 168, 'self_collision': 0}",0.00010473517295679897,811,811,nan,nan,0.0,passthrough,0,0,11,0,0,0,0,0,0.0,0.0,0.0,0.0,1.0,0.31538024944972776,0,0,0,0,0.31538024944972776,0.0,passthrough,osqp optimal,0.0,0,0,12,,workspace_z_lower,,,0,0,1,solved,nan,0,,0.0,0,osqp,0.0,valid,0.31538024944972776,0.873214483873313,0|0|0|0|0|0,0.487151881|0.315380249|0.316023695|0.397999755|0.427019022|0.476535366,0.660812605|0.489040974|0.489684419|0.57166048|0.600679746|0.65019609,0.607151881|0.435380249|0.436023695|0.517999755|0.547019022|0.596535366,0|0|0|0|0|0,0|0|0|0|0|0,0|0|0|0|0|0,1.94860752|1.261521|1.26409478|1.59199902|1.70807609|1.90614146,optimal,0.17941799655015453,0.0,0.17941799655015453,0.428064942|-0.544867158|0.500515461,-0|0|-0,0.010061222012154758,0.0029616180108860135,0.0012518500443547964,0.0016587649006396532
215,10.8,-0.9156478640973162,0.05104140564799309,0.5964403748512268,0.48904097080230713,0.038023050874471664,1.0,1,0,0,0,0,0,0,,0,0,,-1,-1,nan,not_applicable,,,nan,0,0.0,0.0,0.0,0.0,0.0,0.5964403963810977,0.5964403748512268,2.1529870886105584e-08,0.0,0.0,0.0,0.0,0.0,0.0,0,0,disabled,0.0,1,PLAN_FAILED,ik_not_found,0,0.1846472800243646,2.577764375251718,0,0,0,0,-1,nan,nan,,,800,0,0,0,0,1,0,96,0,0,"{'solver_error': 0, 'short_solution': 0, 'duplicate': 0, 'goal_error': 0, 'joint_limit': 0, 'workspace': 0, 'obstacle_clearance': 643, 'obstacle_contact': 168, 'self_collision': 0}",0.00010473517295679897,811,811,nan,nan,0.0,passthrough,0,0,11,0,0,0,0,0,0.0,0.0,0.0,0.0,1.0,0.31538024944972776,0,0,0,0,0.31538024944972776,0.0,passthrough,osqp optimal,0.0,0,0,12,,workspace_z_lower,,,0,0,1,solved,nan,0,,0.0,0,osqp,0.0,valid,0.31538024944972776,0.873214483873313,0|0|0|0|0|0,0.487151881|0.315380249|0.316023695|0.397999755|0.427019022|0.476535366,0.660812605|0.489040974|0.489684419|0.57166048|0.600679746|0.65019609,0.607151881|0.435380249|0.436023695|0.517999755|0.547019022|0.596535366,0|0|0|0|0|0,0|0|0|0|0|0,0|0|0|0|0|0,1.94860752|1.261521|1.26409478|1.59199902|1.70807609|1.90614146,optimal,0.17941799655015453,0.0,0.17941799655015453,0.428064942|-0.544867158|0.500515461,-0|0|-0,0.011430318001657724,0.004378746962174773,0.0013312570517882705,0.0016540630022063851
216,10.850000000000001,-0.9156478640973162,0.05104140564799309,0.5964403748512268,0.48904097080230713,0.038023050874471664,1.0,1,0,0,0,0,0,0,,0,0,,-1,-1,nan,not_applicable,,,nan,0,0.0,0.0,0.0,0.0,0.0,0.5964403963810977,0.5964403748512268,2.1529870886105584e-08,0.0,0.0,0.0,0.0,0.0,0.0,0,0,disabled,0.0,1,PLAN_FAILED,ik_not_found,0,0.1846472800243646,2.577764375251718,0,0,0,0,-1,nan,nan,,,800,0,0,0,0,1,0,96,0,0,"{'solver_error': 0, 'short_solution': 0, 'duplicate': 0, 'goal_error': 0, 'joint_limit': 0, 'workspace': 0, 'obstacle_clearance': 643, 'obstacle_contact': 168, 'self_collision': 0}",0.00010473517295679897,811,811,nan,nan,0.0,passthrough,0,0,11,0,0,0,0,0,0.0,0.0,0.0,0.0,1.0,0.31538024944972776,0,0,0,0,0.31538024944972776,0.0,passthrough,osqp optimal,0.0,0,0,12,,workspace_z_lower,,,0,0,1,solved,nan,0,,0.0,0,osqp,0.0,valid,0.31538024944972776,0.873214483873313,0|0|0|0|0|0,0.487151881|0.315380249|0.316023695|0.397999755|0.427019022|0.476535366,0.660812605|0.489040974|0.489684419|0.57166048|0.600679746|0.65019609,0.607151881|0.435380249|0.436023695|0.517999755|0.547019022|0.596535366,0|0|0|0|0|0,0|0|0|0|0|0,0|0|0|0|0|0,1.94860752|1.261521|1.26409478|1.59199902|1.70807609|1.90614146,optimal,0.17941799655015453,0.0,0.17941799655015453,0.428064942|-0.544867158|0.500515461,-0|0|-0,0.011579760001040995,0.0028483729111030698,0.0014061250258237123,0.0016009759856387973
217,10.9,-0.9156478640973162,0.05104140564799309,0.5964403748512268,0.48904097080230713,0.038023050874471664,1.0,1,0,0,0,0,0,0,,0,0,,-1,-1,nan,not_applicable,,,nan,0,0.0,0.0,0.0,0.0,0.0,0.5964403963810977,0.5964403748512268,2.1529870886105584e-08,0.0,0.0,0.0,0.0,0.0,0.0,0,0,disabled,0.0,1,PLAN_FAILED,ik_not_found,0,0.1846472800243646,2.577764375251718,0,0,0,0,-1,nan,nan,,,800,0,0,0,0,1,0,96,0,0,"{'solver_error': 0, 'short_solution': 0, 'duplicate': 0, 'goal_error': 0, 'joint_limit': 0, 'workspace': 0, 'obstacle_clearance': 643, 'obstacle_contact': 168, 'self_collision': 0}",0.00010473517295679897,811,811,nan,nan,0.0,passthrough,0,0,11,0,0,0,0,0,0.0,0.0,0.0,0.0,1.0,0.31538024944972776,0,0,0,0,0.31538024944972776,0.0,passthrough,osqp optimal,0.0,0,0,12,,workspace_z_lower,,,0,0,1,solved,nan,0,,0.0,0,osqp,0.0,valid,0.31538024944972776,0.873214483873313,0|0|0|0|0|0,0.487151881|0.315380249|0.316023695|0.397999755|0.427019022|0.476535366,0.660812605|0.489040974|0.489684419|0.57166048|0.600679746|0.65019609,0.607151881|0.435380249|0.436023695|0.517999755|0.547019022|0.596535366,0|0|0|0|0|0,0|0|0|0|0|0,0|0|0|0|0|0,1.94860752|1.261521|1.26409478|1.59199902|1.70807609|1.90614146,optimal,0.17941799655015453,0.0,0.17941799655015453,0.428064942|-0.544867158|0.500515461,-0|0|-0,0.010078389081172645,0.0025947880931198597,0.0016820300370454788,0.001771050039678812
218,10.950000000000001,-0.9156478640973162,0.05104140564799309,0.5964403748512268,0.48904097080230713,0.038023050874471664,1.0,1,0,0,0,0,0,0,,0,0,,-1,-1,nan,not_applicable,,,nan,0,0.0,0.0,0.0,0.0,0.0,0.5964403963810977,0.5964403748512268,2.1529870886105584e-08,0.0,0.0,0.0,0.0,0.0,0.0,0,0,disabled,0.0,1,PLAN_FAILED,ik_not_found,0,0.1846472800243646,2.577764375251718,0,0,0,0,-1,nan,nan,,,800,0,0,0,0,1,0,96,0,0,"{'solver_error': 0, 'short_solution': 0, 'duplicate': 0, 'goal_error': 0, 'joint_limit': 0, 'workspace': 0, 'obstacle_clearance': 643, 'obstacle_contact': 168, 'self_collision': 0}",0.00010473517295679897,811,811,nan,nan,0.0,passthrough,0,0,11,0,0,0,0,0,0.0,0.0,0.0,0.0,1.0,0.31538024944972776,0,0,0,0,0.31538024944972776,0.0,passthrough,osqp optimal,0.0,0,0,12,,workspace_z_lower,,,0,0,1,solved,nan,0,,0.0,0,osqp,0.0,valid,0.31538024944972776,0.873214483873313,0|0|0|0|0|0,0.487151881|0.315380249|0.316023695|0.397999755|0.427019022|0.476535366,0.660812605|0.489040974|0.489684419|0.57166048|0.600679746|0.65019609,0.607151881|0.435380249|0.436023695|0.517999755|0.547019022|0.596535366,0|0|0|0|0|0,0|0|0|0|0|0,0|0|0|0|0|0,1.94860752|1.261521|1.26409478|1.59199902|1.70807609|1.90614146,optimal,0.17941799655015453,0.0,0.17941799655015453,0.428064942|-0.544867158|0.500515461,-0|0|-0,0.011291952920146286,0.003141075954772532,0.0013033240102231503,0.001645463053137064
219,11.0,-0.9156478640973162,0.05104140564799309,0.5964403748512268,0.48904097080230713,0.038023050874471664,1.0,1,0,0,0,0,0,0,,0,0,,-1,-1,nan,not_applicable,,,nan,0,0.0,0.0,0.0,0.0,0.0,0.5964403963810977,0.5964403748512268,2.1529870886105584e-08,0.0,0.0,0.0,0.0,0.0,0.0,0,0,disabled,0.0,1,PLAN_FAILED,ik_not_found,0,0.1846472800243646,2.577764375251718,0,0,0,0,-1,nan,nan,,,800,0,0,0,0,1,0,96,0,0,"{'solver_error': 0, 'short_solution': 0, 'duplicate': 0, 'goal_error': 0, 'joint_limit': 0, 'workspace': 0, 'obstacle_clearance': 643, 'obstacle_contact': 168, 'self_collision': 0}",0.00010473517295679897,811,811,nan,nan,0.0,passthrough,0,0,11,0,0,0,0,0,0.0,0.0,0.0,0.0,1.0,0.31538024944972776,0,0,0,0,0.31538024944972776,0.0,passthrough,osqp optimal,0.0,0,0,12,,workspace_z_lower,,,0,0,1,solved,nan,0,,0.0,0,osqp,0.0,valid,0.31538024944972776,0.873214483873313,0|0|0|0|0|0,0.487151881|0.315380249|0.316023695|0.397999755|0.427019022|0.476535366,0.660812605|0.489040974|0.489684419|0.57166048|0.600679746|0.65019609,0.607151881|0.435380249|0.436023695|0.517999755|0.547019022|0.596535366,0|0|0|0|0|0,0|0|0|0|0|0,0|0|0|0|0|0,1.94860752|1.261521|1.26409478|1.59199902|1.70807609|1.90614146,optimal,0.17941799655015453,0.0,0.17941799655015453,0.428064942|-0.544867158|0.500515461,-0|0|-0,0.013321731938049197,0.003519139951094985,0.001851234002970159,0.0022584509570151567
220,11.05,-0.9156478640973162,0.05104140564799309,0.5964403748512268,0.48904097080230713,0.038023050874471664,1.0,1,0,0,0,0,0,0,,0,0,,-1,-1,nan,not_applicable,,,nan,0,0.0,0.0,0.0,0.0,0.0,0.5964403963810977,0.5964403748512268,2.1529870886105584e-08,0.0,0.0,0.0,0.0,0.0,0.0,0,0,disabled,0.0,1,PLAN_FAILED,ik_not_found,0,0.18923057592473924,2.766994951176457,0,0,0,0,-1,nan,nan,,,864,0,0,0,0,1,0,96,0,0,"{'solver_error': 0, 'short_solution': 0, 'duplicate': 0, 'goal_error': 0, 'joint_limit': 0, 'workspace': 0, 'obstacle_clearance': 698, 'obstacle_contact': 178, 'self_collision': 0}",0.00010473517295679897,876,876,nan,nan,0.0,passthrough,0,0,12,0,0,0,0,0,0.0,0.0,0.0,0.0,1.0,0.31538024944972776,0,0,0,0,0.31538024944972776,0.0,passthrough,osqp optimal,0.0,0,0,12,,workspace_z_lower,,,0,0,1,solved,nan,0,,0.0,0,osqp,0.0,valid,0.31538024944972776,0.873214483873313,0|0|0|0|0|0,0.487151881|0.315380249|0.316023695|0.397999755|0.427019022|0.476535366,0.660812605|0.489040974|0.489684419|0.57166048|0.600679746|0.65019609,0.607151881|0.435380249|0.436023695|0.517999755|0.547019022|0.596535366,0|0|0|0|0|0,0|0|0|0|0|0,0|0|0|0|0|0,1.94860752|1.261521|1.26409478|1.59199902|1.70807609|1.90614146,optimal,0.17941799655015453,0.0,0.17941799655015453,0.428064942|-0.544867158|0.500515461,-0|0|-0,0.20001739193685353,0.003092084894888103,0.0012453950475901365,0.0017168129561468959
221,11.100000000000001,-0.9156478640973162,0.05104140564799309,0.5964403748512268,0.48904097080230713,0.038023050874471664,1.0,1,0,0,0,0,0,0,,0,0,,-1,-1,nan,not_applicable,,,nan,0,0.0,0.0,0.0,0.0,0.0,0.5964403963810977,0.5964403748512268,2.1529870886105584e-08,0.0,0.0,0.0,0.0,0.0,0.0,0,0,disabled,0.0,1,PLAN_FAILED,ik_not_found,0,0.18923057592473924,2.766994951176457,0,0,0,0,-1,nan,nan,,,864,0,0,0,0,1,0,96,0,0,"{'solver_error': 0, 'short_solution': 0, 'duplicate': 0, 'goal_error': 0, 'joint_limit': 0, 'workspace': 0, 'obstacle_clearance': 698, 'obstacle_contact': 178, 'self_collision': 0}",0.00010473517295679897,876,876,nan,nan,0.0,passthrough,0,0,12,0,0,0,0,0,0.0,0.0,0.0,0.0,1.0,0.31538024944972776,0,0,0,0,0.31538024944972776,0.0,passthrough,osqp optimal,0.0,0,0,12,,workspace_z_lower,,,0,0,1,solved,nan,0,,0.0,0,osqp,0.0,valid,0.31538024944972776,0.873214483873313,0|0|0|0|0|0,0.487151881|0.315380249|0.316023695|0.397999755|0.427019022|0.476535366,0.660812605|0.489040974|0.489684419|0.57166048|0.600679746|0.65019609,0.607151881|0.435380249|0.436023695|0.517999755|0.547019022|0.596535366,0|0|0|0|0|0,0|0|0|0|0|0,0|0|0|0|0|0,1.94860752|1.261521|1.26409478|1.59199902|1.70807609|1.90614146,optimal,0.17941799655015453,0.0,0.17941799655015453,0.428064942|-0.544867158|0.500515461,-0|0|-0,0.009761330904439092,0.002879419014789164,0.0012480709701776505,0.0016296410467475653
222,11.15,-0.9156478640973162,0.05104140564799309,0.5964403748512268,0.48904097080230713,0.038023050874471664,1.0,1,0,0,0,0,0,0,,0,0,,-1,-1,nan,not_applicable,,,nan,0,0.0,0.0,0.0,0.0,0.0,0.5964403963810977,0.5964403748512268,2.1529870886105584e-08,0.0,0.0,0.0,0.0,0.0,0.0,0,0,disabled,0.0,1,PLAN_FAILED,ik_not_found,0,0.18923057592473924,2.766994951176457,0,0,0,0,-1,nan,nan,,,864,0,0,0,0,1,0,96,0,0,"{'solver_error': 0, 'short_solution': 0, 'duplicate': 0, 'goal_error': 0, 'joint_limit': 0, 'workspace': 0, 'obstacle_clearance': 698, 'obstacle_contact': 178, 'self_collision': 0}",0.00010473517295679897,876,876,nan,nan,0.0,passthrough,0,0,12,0,0,0,0,0,0.0,0.0,0.0,0.0,1.0,0.31538024944972776,0,0,0,0,0.31538024944972776,0.0,passthrough,osqp optimal,0.0,0,0,12,,workspace_z_lower,,,0,0,1,solved,nan,0,,0.0,0,osqp,0.0,valid,0.31538024944972776,0.873214483873313,0|0|0|0|0|0,0.487151881|0.315380249|0.316023695|0.397999755|0.427019022|0.476535366,0.660812605|0.489040974|0.489684419|0.57166048|0.600679746|0.65019609,0.607151881|0.435380249|0.436023695|0.517999755|0.547019022|0.596535366,0|0|0|0|0|0,0|0|0|0|0|0,0|0|0|0|0|0,1.94860752|1.261521|1.26409478|1.59199902|1.70807609|1.90614146,optimal,0.17941799655015453,0.0,0.17941799655015453,0.428064942|-0.544867158|0.500515461,-0|0|-0,0.01191186101641506,0.0030461509013548493,0.0014834230532869697,0.001890772022306919
223,11.200000000000001,-0.9156478640973162,0.05104140564799309,0.5964403748512268,0.48904097080230713,0.038023050874471664,1.0,1,0,0,0,0,0,0,,0,0,,-1,-1,nan,not_applicable,,,nan,0,0.0,0.0,0.0,0.0,0.0,0.5964403963810977,0.5964403748512268,2.1529870886105584e-08,0.0,0.0,0.0,0.0,0.0,0.0,0,0,disabled,0.0,1,PLAN_FAILED,ik_not_found,0,0.18923057592473924,2.766994951176457,0,0,0,0,-1,nan,nan,,,864,0,0,0,0,1,0,96,0,0,"{'solver_error': 0, 'short_solution': 0, 'duplicate': 0, 'goal_error': 0, 'joint_limit': 0, 'workspace': 0, 'obstacle_clearance': 698, 'obstacle_contact': 178, 'self_collision': 0}",0.00010473517295679897,876,876,nan,nan,0.0,passthrough,0,0,12,0,0,0,0,0,0.0,0.0,0.0,0.0,1.0,0.31538024944972776,0,0,0,0,0.31538024944972776,0.0,passthrough,osqp optimal,0.0,0,0,12,,workspace_z_lower,,,0,0,1,solved,nan,0,,0.0,0,osqp,0.0,valid,0.31538024944972776,0.873214483873313,0|0|0|0|0|0,0.487151881|0.315380249|0.316023695|0.397999755|0.427019022|0.476535366,0.660812605|0.489040974|0.489684419|0.57166048|0.600679746|0.65019609,0.607151881|0.435380249|0.436023695|0.517999755|0.547019022|0.596535366,0|0|0|0|0|0,0|0|0|0|0|0,0|0|0|0|0|0,1.94860752|1.261521|1.26409478|1.59199902|1.70807609|1.90614146,optimal,0.17941799655015453,0.0,0.17941799655015453,0.428064942|-0.544867158|0.500515461,-0|0|-0,0.01006325799971819,0.002548835938796401,0.0014103730209171772,0.0017526340670883656
224,11.25,-0.9156478640973162,0.05104140564799309,0.5964403748512268,0.48904097080230713,0.038023050874471664,1.0,1,0,0,0,0,0,0,,0,0,,-1,-1,nan,not_applicable,,,nan,0,0.0,0.0,0.0,0.0,0.0,0.5964403963810977,0.5964403748512268,2.1529870886105584e-08,0.0,0.0,0.0,0.0,0.0,0.0,0,0,disabled,0.0,1,PLAN_FAILED,ik_not_found,0,0.18923057592473924,2.766994951176457,0,0,0,0,-1,nan,nan,,,864,0,0,0,0,1,0,96,0,0,"{'solver_error': 0, 'short_solution': 0, 'duplicate': 0, 'goal_error': 0, 'joint_limit': 0, 'workspace': 0, 'obstacle_clearance': 698, 'obstacle_contact': 178, 'self_collision': 0}",0.00010473517295679897,876,876,nan,nan,0.0,passthrough,0,0,12,0,0,0,0,0,0.0,0.0,0.0,0.0,1.0,0.31538024944972776,0,0,0,0,0.31538024944972776,0.0,passthrough,osqp optimal,0.0,0,0,12,,workspace_z_lower,,,0,0,1,solved,nan,0,,0.0,0,osqp,0.0,valid,0.31538024944972776,0.873214483873313,0|0|0|0|0|0,0.487151881|0.315380249|0.316023695|0.397999755|0.427019022|0.476535366,0.660812605|0.489040974|0.489684419|0.57166048|0.600679746|0.65019609,0.607151881|0.435380249|0.436023695|0.517999755|0.547019022|0.596535366,0|0|0|0|0|0,0|0|0|0|0|0,0|0|0|0|0|0,1.94860752|1.261521|1.26409478|1.59199902|1.70807609|1.90614146,optimal,0.17941799655015453,0.0,0.17941799655015453,0.428064942|-0.544867158|0.500515461,-0|0|-0,0.00960393506102264,0.0024392770137637854,0.00132333196233958,0.001610300038009882
225,11.3,-0.9156478640973162,0.05104140564799309,0.5964403748512268,0.48904097080230713,0.038023050874471664,1.0,1,0,0,0,0,0,0,,0,0,,-1,-1,nan,not_applicable,,,nan,0,0.0,0.0,0.0,0.0,0.0,0.5964403963810977,0.5964403748512268,2.1529870886105584e-08,0.0,0.0,0.0,0.0,0.0,0.0,0,0,disabled,0.0,1,PLAN_FAILED,ik_not_found,0,0.18923057592473924,2.766994951176457,0,0,0,0,-1,nan,nan,,,864,0,0,0,0,1,0,96,0,0,"{'solver_error': 0, 'short_solution': 0, 'duplicate': 0, 'goal_error': 0, 'joint_limit': 0, 'workspace': 0, 'obstacle_clearance': 698, 'obstacle_contact': 178, 'self_collision': 0}",0.00010473517295679897,876,876,nan,nan,0.0,passthrough,0,0,12,0,0,0,0,0,0.0,0.0,0.0,0.0,1.0,0.31538024944972776,0,0,0,0,0.31538024944972776,0.0,passthrough,osqp optimal,0.0,0,0,12,,workspace_z_lower,,,0,0,1,solved,nan,0,,0.0,0,osqp,0.0,valid,0.31538024944972776,0.873214483873313,0|0|0|0|0|0,0.487151881|0.315380249|0.316023695|0.397999755|0.427019022|0.476535366,0.660812605|0.489040974|0.489684419|0.57166048|0.600679746|0.65019609,0.607151881|0.435380249|0.436023695|0.517999755|0.547019022|0.596535366,0|0|0|0|0|0,0|0|0|0|0|0,0|0|0|0|0|0,1.94860752|1.261521|1.26409478|1.59199902|1.70807609|1.90614146,optimal,0.17941799655015453,0.0,0.17941799655015453,0.428064942|-0.544867158|0.500515461,-0|0|-0,0.009546033921651542,0.0023434070171788335,0.0013676380040124059,0.0016668220050632954
226,11.350000000000001,-0.9156478640973162,0.05104140564799309,0.5964403748512268,0.48904097080230713,0.038023050874471664,1.0,1,0,0,0,0,0,0,,0,0,,-1,-1,nan,not_applicable,,,nan,0,0.0,0.0,0.0,0.0,0.0,0.5964403963810977,0.5964403748512268,2.1529870886105584e-08,0.0,0.0,0.0,0.0,0.0,0.0,0,0,disabled,0.0,1,PLAN_FAILED,ik_not_found,0,0.18923057592473924,2.766994951176457,0,0,0,0,-1,nan,nan,,,864,0,0,0,0,1,0,96,0,0,"{'solver_error': 0, 'short_solution': 0, 'duplicate': 0, 'goal_error': 0, 'joint_limit': 0, 'workspace': 0, 'obstacle_clearance': 698, 'obstacle_contact': 178, 'self_collision': 0}",0.00010473517295679897,876,876,nan,nan,0.0,passthrough,0,0,12,0,0,0,0,0,0.0,0.0,0.0,0.0,1.0,0.31538024944972776,0,0,0,0,0.31538024944972776,0.0,passthrough,osqp optimal,0.0,0,0,12,,workspace_z_lower,,,0,0,1,solved,nan,0,,0.0,0,osqp,0.0,valid,0.31538024944972776,0.873214483873313,0|0|0|0|0|0,0.487151881|0.315380249|0.316023695|0.397999755|0.427019022|0.476535366,0.660812605|0.489040974|0.489684419|0.57166048|0.600679746|0.65019609,0.607151881|0.435380249|0.436023695|0.517999755|0.547019022|0.596535366,0|0|0|0|0|0,0|0|0|0|0|0,0|0|0|0|0|0,1.94860752|1.261521|1.26409478|1.59199902|1.70807609|1.90614146,optimal,0.17941799655015453,0.0,0.17941799655015453,0.428064942|-0.544867158|0.500515461,-0|0|-0,0.009444750030525029,0.002531789941713214,0.0012963159242644906,0.001639246940612793
227,11.4,-0.9156478640973162,0.05104140564799309,0.5964403748512268,0.48904097080230713,0.038023050874471664,1.0,1,0,0,0,0,0,0,,0,0,,-1,-1,nan,not_applicable,,,nan,0,0.0,0.0,0.0,0.0,0.0,0.5964403963810977,0.5964403748512268,2.1529870886105584e-08,0.0,0.0,0.0,0.0,0.0,0.0,0,0,disabled,0.0,1,PLAN_FAILED,ik_not_found,0,0.18923057592473924,2.766994951176457,0,0,0,0,-1,nan,nan,,,864,0,0,0,0,1,0,96,0,0,"{'solver_error': 0, 'short_solution': 0, 'duplicate': 0, 'goal_error': 0, 'joint_limit': 0, 'workspace': 0, 'obstacle_clearance': 698, 'obstacle_contact': 178, 'self_collision': 0}",0.00010473517295679897,876,876,nan,nan,0.0,passthrough,0,0,12,0,0,0,0,0,0.0,0.0,0.0,0.0,1.0,0.31538024944972776,0,0,0,0,0.31538024944972776,0.0,passthrough,osqp optimal,0.0,0,0,12,,workspace_z_lower,,,0,0,1,solved,nan,0,,0.0,0,osqp,0.0,valid,0.31538024944972776,0.873214483873313,0|0|0|0|0|0,0.487151881|0.315380249|0.316023695|0.397999755|0.427019022|0.476535366,0.660812605|0.489040974|0.489684419|0.57166048|0.600679746|0.65019609,0.607151881|0.435380249|0.436023695|0.517999755|0.547019022|0.596535366,0|0|0|0|0|0,0|0|0|0|0|0,0|0|0|0|0|0,1.94860752|1.261521|1.26409478|1.59199902|1.70807609|1.90614146,optimal,0.17941799655015453,0.0,0.17941799655015453,0.428064942|-0.544867158|0.500515461,-0|0|-0,0.009840587037615478,0.0023868540301918983,0.001326916040852666,0.0016562769887968898
228,11.450000000000001,-0.9156478640973162,0.05104140564799309,0.5964403748512268,0.48904097080230713,0.038023050874471664,1.0,1,0,0,0,0,0,0,,0,0,,-1,-1,nan,not_applicable,,,nan,0,0.0,0.0,0.0,0.0,0.0,0.5964403963810977,0.5964403748512268,2.1529870886105584e-08,0.0,0.0,0.0,0.0,0.0,0.0,0,0,disabled,0.0,1,PLAN_FAILED,ik_not_found,0,0.18923057592473924,2.766994951176457,0,0,0,0,-1,nan,nan,,,864,0,0,0,0,1,0,96,0,0,"{'solver_error': 0, 'short_solution': 0, 'duplicate': 0, 'goal_error': 0, 'joint_limit': 0, 'workspace': 0, 'obstacle_clearance': 698, 'obstacle_contact': 178, 'self_collision': 0}",0.00010473517295679897,876,876,nan,nan,0.0,passthrough,0,0,12,0,0,0,0,0,0.0,0.0,0.0,0.0,1.0,0.31538024944972776,0,0,0,0,0.31538024944972776,0.0,passthrough,osqp optimal,0.0,0,0,12,,workspace_z_lower,,,0,0,1,solved,nan,0,,0.0,0,osqp,0.0,valid,0.31538024944972776,0.873214483873313,0|0|0|0|0|0,0.487151881|0.315380249|0.316023695|0.397999755|0.427019022|0.476535366,0.660812605|0.489040974|0.489684419|0.57166048|0.600679746|0.65019609,0.607151881|0.435380249|0.436023695|0.517999755|0.547019022|0.596535366,0|0|0|0|0|0,0|0|0|0|0|0,0|0|0|0|0|0,1.94860752|1.261521|1.26409478|1.59199902|1.70807609|1.90614146,optimal,0.17941799655015453,0.0,0.17941799655015453,0.428064942|-0.544867158|0.500515461,-0|0|-0,0.01220128801651299,0.0027100980514660478,0.0019137070048600435,0.002173086046241224
229,11.5,-0.9156478640973162,0.05104140564799309,0.5964403748512268,0.48904097080230713,0.038023050874471664,1.0,1,0,0,0,0,0,0,,0,0,,-1,-1,nan,not_applicable,,,nan,0,0.0,0.0,0.0,0.0,0.0,0.5964403963810977,0.5964403748512268,2.1529870886105584e-08,0.0,0.0,0.0,0.0,0.0,0.0,0,0,disabled,0.0,1,PLAN_FAILED,ik_not_found,0,0.18923057592473924,2.766994951176457,0,0,0,0,-1,nan,nan,,,864,0,0,0,0,1,0,96,0,0,"{'solver_error': 0, 'short_solution': 0, 'duplicate': 0, 'goal_error': 0, 'joint_limit': 0, 'workspace': 0, 'obstacle_clearance': 698, 'obstacle_contact': 178, 'self_collision': 0}",0.00010473517295679897,876,876,nan,nan,0.0,passthrough,0,0,12,0,0,0,0,0,0.0,0.0,0.0,0.0,1.0,0.31538024944972776,0,0,0,0,0.31538024944972776,0.0,passthrough,osqp optimal,0.0,0,0,12,,workspace_z_lower,,,0,0,1,solved,nan,0,,0.0,0,osqp,0.0,valid,0.31538024944972776,0.873214483873313,0|0|0|0|0|0,0.487151881|0.315380249|0.316023695|0.397999755|0.427019022|0.476535366,0.660812605|0.489040974|0.489684419|0.57166048|0.600679746|0.65019609,0.607151881|0.435380249|0.436023695|0.517999755|0.547019022|0.596535366,0|0|0|0|0|0,0|0|0|0|0|0,0|0|0|0|0|0,1.94860752|1.261521|1.26409478|1.59199902|1.70807609|1.90614146,optimal,0.17941799655015453,0.0,0.17941799655015453,0.428064942|-0.544867158|0.500515461,-0|0|-0,0.01425304391887039,0.003914216998964548,0.001904746051877737,0.0023143889848142862
230,11.55,-0.9156478640973162,0.05104140564799309,0.5964403748512268,0.48904097080230713,0.038023050874471664,1.0,1,0,0,0,0,0,0,,0,0,,-1,-1,nan,not_applicable,,,nan,0,0.0,0.0,0.0,0.0,0.0,0.5964403963810977,0.5964403748512268,2.1529870886105584e-08,0.0,0.0,0.0,0.0,0.0,0.0,0,0,disabled,0.0,1,PLAN_FAILED,ik_not_found,0,0.18923057592473924,2.766994951176457,0,0,0,0,-1,nan,nan,,,864,0,0,0,0,1,0,96,0,0,"{'solver_error': 0, 'short_solution': 0, 'duplicate': 0, 'goal_error': 0, 'joint_limit': 0, 'workspace': 0, 'obstacle_clearance': 698, 'obstacle_contact': 178, 'self_collision': 0}",0.00010473517295679897,876,876,nan,nan,0.0,passthrough,0,0,12,0,0,0,0,0,0.0,0.0,0.0,0.0,1.0,0.31538024944972776,0,0,0,0,0.31538024944972776,0.0,passthrough,osqp optimal,0.0,0,0,12,,workspace_z_lower,,,0,0,1,solved,nan,0,,0.0,0,osqp,0.0,valid,0.31538024944972776,0.873214483873313,0|0|0|0|0|0,0.487151881|0.315380249|0.316023695|0.397999755|0.427019022|0.476535366,0.660812605|0.489040974|0.489684419|0.57166048|0.600679746|0.65019609,0.607151881|0.435380249|0.436023695|0.517999755|0.547019022|0.596535366,0|0|0|0|0|0,0|0|0|0|0|0,0|0|0|0|0|0,1.94860752|1.261521|1.26409478|1.59199902|1.70807609|1.90614146,optimal,0.17941799655015453,0.0,0.17941799655015453,0.428064942|-0.544867158|0.500515461,-0|0|-0,0.015795796061865985,0.00443870504386723,0.002082452061586082,0.002392203896306455
231,11.600000000000001,-0.9156478640973162,0.05104140564799309,0.5964403748512268,0.48904097080230713,0.038023050874471664,1.0,1,0,0,0,0,0,0,,0,0,,-1,-1,nan,not_applicable,,,nan,0,0.0,0.0,0.0,0.0,0.0,0.5964403963810977,0.5964403748512268,2.1529870886105584e-08,0.0,0.0,0.0,0.0,0.0,0.0,0,0,disabled,0.0,1,PLAN_FAILED,ik_not_found,0,0.18923057592473924,2.766994951176457,0,0,0,0,-1,nan,nan,,,864,0,0,0,0,1,0,96,0,0,"{'solver_error': 0, 'short_solution': 0, 'duplicate': 0, 'goal_error': 0, 'joint_limit': 0, 'workspace': 0, 'obstacle_clearance': 698, 'obstacle_contact': 178, 'self_collision': 0}",0.00010473517295679897,876,876,nan,nan,0.0,passthrough,0,0,12,0,0,0,0,0,0.0,0.0,0.0,0.0,1.0,0.31538024944972776,0,0,0,0,0.31538024944972776,0.0,passthrough,osqp optimal,0.0,0,0,12,,workspace_z_lower,,,0,0,1,solved,nan,0,,0.0,0,osqp,0.0,valid,0.31538024944972776,0.873214483873313,0|0|0|0|0|0,0.487151881|0.315380249|0.316023695|0.397999755|0.427019022|0.476535366,0.660812605|0.489040974|0.489684419|0.57166048|0.600679746|0.65019609,0.607151881|0.435380249|0.436023695|0.517999755|0.547019022|0.596535366,0|0|0|0|0|0,0|0|0|0|0|0,0|0|0|0|0|0,1.94860752|1.261521|1.26409478|1.59199902|1.70807609|1.90614146,optimal,0.17941799655015453,0.0,0.17941799655015453,0.428064942|-0.544867158|0.500515461,-0|0|-0,0.012767040054313838,0.003977847984060645,0.0012387559982016683,0.0015786669682711363
232,11.65,-0.9156478640973162,0.05104140564799309,0.5964403748512268,0.48904097080230713,0.038023050874471664,1.0,1,0,0,0,0,0,0,,0,0,,-1,-1,nan,not_applicable,,,nan,0,0.0,0.0,0.0,0.0,0.0,0.5964403963810977,0.5964403748512268,2.1529870886105584e-08,0.0,0.0,0.0,0.0,0.0,0.0,0,0,disabled,0.0,1,PLAN_FAILED,ik_not_found,0,0.18923057592473924,2.766994951176457,0,0,0,0,-1,nan,nan,,,864,0,0,0,0,1,0,96,0,0,"{'solver_error': 0, 'short_solution': 0, 'duplicate': 0, 'goal_error': 0, 'joint_limit': 0, 'workspace': 0, 'obstacle_clearance': 698, 'obstacle_contact': 178, 'self_collision': 0}",0.00010473517295679897,876,876,nan,nan,0.0,passthrough,0,0,12,0,0,0,0,0,0.0,0.0,0.0,0.0,1.0,0.31538024944972776,0,0,0,0,0.31538024944972776,0.0,passthrough,osqp optimal,0.0,0,0,12,,workspace_z_lower,,,0,0,1,solved,nan,0,,0.0,0,osqp,0.0,valid,0.31538024944972776,0.873214483873313,0|0|0|0|0|0,0.487151881|0.315380249|0.316023695|0.397999755|0.427019022|0.476535366,0.660812605|0.489040974|0.489684419|0.57166048|0.600679746|0.65019609,0.607151881|0.435380249|0.436023695|0.517999755|0.547019022|0.596535366,0|0|0|0|0|0,0|0|0|0|0|0,0|0|0|0|0|0,1.94860752|1.261521|1.26409478|1.59199902|1.70807609|1.90614146,optimal,0.17941799655015453,0.0,0.17941799655015453,0.428064942|-0.544867158|0.500515461,-0|0|-0,0.013288951013237238,0.003843282931484282,0.0015851479256525636,0.0016637949738651514
233,11.700000000000001,-0.9156478640973162,0.05104140564799309,0.5964403748512268,0.48904097080230713,0.038023050874471664,1.0,1,0,0,0,0,0,0,,0,0,,-1,-1,nan,not_applicable,,,nan,0,0.0,0.0,0.0,0.0,0.0,0.5964403963810977,0.5964403748512268,2.1529870886105584e-08,0.0,0.0,0.0,0.0,0.0,0.0,0,0,disabled,0.0,1,PLAN_FAILED,ik_not_found,0,0.18923057592473924,2.766994951176457,0,0,0,0,-1,nan,nan,,,864,0,0,0,0,1,0,96,0,0,"{'solver_error': 0, 'short_solution': 0, 'duplicate': 0, 'goal_error': 0, 'joint_limit': 0, 'workspace': 0, 'obstacle_clearance': 698, 'obstacle_contact': 178, 'self_collision': 0}",0.00010473517295679897,876,876,nan,nan,0.0,passthrough,0,0,12,0,0,0,0,0,0.0,0.0,0.0,0.0,1.0,0.31538024944972776,0,0,0,0,0.31538024944972776,0.0,passthrough,osqp optimal,0.0,0,0,12,,workspace_z_lower,,,0,0,1,solved,nan,0,,0.0,0,osqp,0.0,valid,0.31538024944972776,0.873214483873313,0|0|0|0|0|0,0.487151881|0.315380249|0.316023695|0.397999755|0.427019022|0.476535366,0.660812605|0.489040974|0.489684419|0.57166048|0.600679746|0.65019609,0.607151881|0.435380249|0.436023695|0.517999755|0.547019022|0.596535366,0|0|0|0|0|0,0|0|0|0|0|0,0|0|0|0|0|0,1.94860752|1.261521|1.26409478|1.59199902|1.70807609|1.90614146,optimal,0.17941799655015453,0.0,0.17941799655015453,0.428064942|-0.544867158|0.500515461,-0|0|-0,0.010030249948613346,0.002843908965587616,0.001268552034161985,0.0020225750049576163
234,11.75,-0.9156478640973162,0.05104140564799309,0.5964403748512268,0.48904097080230713,0.038023050874471664,1.0,1,0,0,0,0,0,0,,0,0,,-1,-1,nan,not_applicable,,,nan,0,0.0,0.0,0.0,0.0,0.0,0.5964403963810977,0.5964403748512268,2.1529870886105584e-08,0.0,0.0,0.0,0.0,0.0,0.0,0,0,disabled,0.0,1,PLAN_FAILED,ik_not_found,0,0.18923057592473924,2.766994951176457,0,0,0,0,-1,nan,nan,,,864,0,0,0,0,1,0,96,0,0,"{'solver_error': 0, 'short_solution': 0, 'duplicate': 0, 'goal_error': 0, 'joint_limit': 0, 'workspace': 0, 'obstacle_clearance': 698, 'obstacle_contact': 178, 'self_collision': 0}",0.00010473517295679897,876,876,nan,nan,0.0,passthrough,0,0,12,0,0,0,0,0,0.0,0.0,0.0,0.0,1.0,0.31538024944972776,0,0,0,0,0.31538024944972776,0.0,passthrough,osqp optimal,0.0,0,0,12,,workspace_z_lower,,,0,0,1,solved,nan,0,,0.0,0,osqp,0.0,valid,0.31538024944972776,0.873214483873313,0|0|0|0|0|0,0.487151881|0.315380249|0.316023695|0.397999755|0.427019022|0.476535366,0.660812605|0.489040974|0.489684419|0.57166048|0.600679746|0.65019609,0.607151881|0.435380249|0.436023695|0.517999755|0.547019022|0.596535366,0|0|0|0|0|0,0|0|0|0|0|0,0|0|0|0|0|0,1.94860752|1.261521|1.26409478|1.59199902|1.70807609|1.90614146,optimal,0.17941799655015453,0.0,0.17941799655015453,0.428064942|-0.544867158|0.500515461,-0|0|-0,0.010567346005700529,0.0029213139787316322,0.001223227009177208,0.0018378810491412878
235,11.8,-0.9156478640973162,0.05104140564799309,0.5964403748512268,0.48904097080230713,0.038023050874471664,1.0,1,0,0,0,0,0,0,,0,0,,-1,-1,nan,not_applicable,,,nan,0,0.0,0.0,0.0,0.0,0.0,0.5964403963810977,0.5964403748512268,2.1529870886105584e-08,0.0,0.0,0.0,0.0,0.0,0.0,0,0,disabled,0.0,1,PLAN_FAILED,ik_not_found,0,0.18923057592473924,2.766994951176457,0,0,0,0,-1,nan,nan,,,864,0,0,0,0,1,0,96,0,0,"{'solver_error': 0, 'short_solution': 0, 'duplicate': 0, 'goal_error': 0, 'joint_limit': 0, 'workspace': 0, 'obstacle_clearance': 698, 'obstacle_contact': 178, 'self_collision': 0}",0.00010473517295679897,876,876,nan,nan,0.0,passthrough,0,0,12,0,0,0,0,0,0.0,0.0,0.0,0.0,1.0,0.31538024944972776,0,0,0,0,0.31538024944972776,0.0,passthrough,osqp optimal,0.0,0,0,12,,workspace_z_lower,,,0,0,1,solved,nan,0,,0.0,0,osqp,0.0,valid,0.31538024944972776,0.873214483873313,0|0|0|0|0|0,0.487151881|0.315380249|0.316023695|0.397999755|0.427019022|0.476535366,0.660812605|0.489040974|0.489684419|0.57166048|0.600679746|0.65019609,0.607151881|0.435380249|0.436023695|0.517999755|0.547019022|0.596535366,0|0|0|0|0|0,0|0|0|0|0|0,0|0|0|0|0|0,1.94860752|1.261521|1.26409478|1.59199902|1.70807609|1.90614146,optimal,0.17941799655015453,0.0,0.17941799655015453,0.428064942|-0.544867158|0.500515461,-0|0|-0,0.009889436070807278,0.002453117980621755,0.001489538000896573,0.0020430319709703326
236,11.850000000000001,-0.9156478640973162,0.05104140564799309,0.5964403748512268,0.48904097080230713,0.038023050874471664,1.0,1,0,0,0,0,0,0,,0,0,,-1,-1,nan,not_applicable,,,nan,0,0.0,0.0,0.0,0.0,0.0,0.5964403963810977,0.5964403748512268,2.1529870886105584e-08,0.0,0.0,0.0,0.0,0.0,0.0,0,0,disabled,0.0,1,PLAN_FAILED,ik_not_found,0,0.18923057592473924,2.766994951176457,0,0,0,0,-1,nan,nan,,,864,0,0,0,0,1,0,96,0,0,"{'solver_error': 0, 'short_solution': 0, 'duplicate': 0, 'goal_error': 0, 'joint_limit': 0, 'workspace': 0, 'obstacle_clearance': 698, 'obstacle_contact': 178, 'self_collision': 0}",0.00010473517295679897,876,876,nan,nan,0.0,passthrough,0,0,12,0,0,0,0,0,0.0,0.0,0.0,0.0,1.0,0.31538024944972776,0,0,0,0,0.31538024944972776,0.0,passthrough,osqp optimal,0.0,0,0,12,,workspace_z_lower,,,0,0,1,solved,nan,0,,0.0,0,osqp,0.0,valid,0.31538024944972776,0.873214483873313,0|0|0|0|0|0,0.487151881|0.315380249|0.316023695|0.397999755|0.427019022|0.476535366,0.660812605|0.489040974|0.489684419|0.57166048|0.600679746|0.65019609,0.607151881|0.435380249|0.436023695|0.517999755|0.547019022|0.596535366,0|0|0|0|0|0,0|0|0|0|0|0,0|0|0|0|0|0,1.94860752|1.261521|1.26409478|1.59199902|1.70807609|1.90614146,optimal,0.17941799655015453,0.0,0.17941799655015453,0.428064942|-0.544867158|0.500515461,-0|0|-0,0.011129284976050258,0.00287133501842618,0.001365081057883799,0.001752094947732985
237,11.9,-0.9156478640973162,0.05104140564799309,0.5964403748512268,0.48904097080230713,0.038023050874471664,1.0,1,0,0,0,0,0,0,,0,0,,-1,-1,nan,not_applicable,,,nan,0,0.0,0.0,0.0,0.0,0.0,0.5964403963810977,0.5964403748512268,2.1529870886105584e-08,0.0,0.0,0.0,0.0,0.0,0.0,0,0,disabled,0.0,1,PLAN_FAILED,ik_not_found,0,0.18923057592473924,2.766994951176457,0,0,0,0,-1,nan,nan,,,864,0,0,0,0,1,0,96,0,0,"{'solver_error': 0, 'short_solution': 0, 'duplicate': 0, 'goal_error': 0, 'joint_limit': 0, 'workspace': 0, 'obstacle_clearance': 698, 'obstacle_contact': 178, 'self_collision': 0}",0.00010473517295679897,876,876,nan,nan,0.0,passthrough,0,0,12,0,0,0,0,0,0.0,0.0,0.0,0.0,1.0,0.31538024944972776,0,0,0,0,0.31538024944972776,0.0,passthrough,osqp optimal,0.0,0,0,12,,workspace_z_lower,,,0,0,1,solved,nan,0,,0.0,0,osqp,0.0,valid,0.31538024944972776,0.873214483873313,0|0|0|0|0|0,0.487151881|0.315380249|0.316023695|0.397999755|0.427019022|0.476535366,0.660812605|0.489040974|0.489684419|0.57166048|0.600679746|0.65019609,0.607151881|0.435380249|0.436023695|0.517999755|0.547019022|0.596535366,0|0|0|0|0|0,0|0|0|0|0|0,0|0|0|0|0|0,1.94860752|1.261521|1.26409478|1.59199902|1.70807609|1.90614146,optimal,0.17941799655015453,0.0,0.17941799655015453,0.428064942|-0.544867158|0.500515461,-0|0|-0,0.010959008010104299,0.0029417939949780703,0.0014687409857288003,0.001730320043861866
238,11.950000000000001,-0.9156478640973162,0.05104140564799309,0.5964403748512268,0.48904097080230713,0.038023050874471664,1.0,1,0,0,0,0,0,0,,0,0,,-1,-1,nan,not_applicable,,,nan,0,0.0,0.0,0.0,0.0,0.0,0.5964403963810977,0.5964403748512268,2.1529870886105584e-08,0.0,0.0,0.0,0.0,0.0,0.0,0,0,disabled,0.0,1,PLAN_FAILED,ik_not_found,0,0.18923057592473924,2.766994951176457,0,0,0,0,-1,nan,nan,,,864,0,0,0,0,1,0,96,0,0,"{'solver_error': 0, 'short_solution': 0, 'duplicate': 0, 'goal_error': 0, 'joint_limit': 0, 'workspace': 0, 'obstacle_clearance': 698, 'obstacle_contact': 178, 'self_collision': 0}",0.00010473517295679897,876,876,nan,nan,0.0,passthrough,0,0,12,0,0,0,0,0,0.0,0.0,0.0,0.0,1.0,0.31538024944972776,0,0,0,0,0.31538024944972776,0.0,passthrough,osqp optimal,0.0,0,0,12,,workspace_z_lower,,,0,0,1,solved,nan,0,,0.0,0,osqp,0.0,valid,0.31538024944972776,0.873214483873313,0|0|0|0|0|0,0.487151881|0.315380249|0.316023695|0.397999755|0.427019022|0.476535366,0.660812605|0.489040974|0.489684419|0.57166048|0.600679746|0.65019609,0.607151881|0.435380249|0.436023695|0.517999755|0.547019022|0.596535366,0|0|0|0|0|0,0|0|0|0|0|0,0|0|0|0|0|0,1.94860752|1.261521|1.26409478|1.59199902|1.70807609|1.90614146,optimal,0.17941799655015453,0.0,0.17941799655015453,0.428064942|-0.544867158|0.500515461,-0|0|-0,0.01376069092657417,0.003318941919133067,0.001388382981531322,0.0017512300983071327
239,12.0,-0.9156478640973162,0.05104140564799309,0.5964403748512268,0.48904097080230713,0.038023050874471664,1.0,1,0,0,0,0,0,0,,0,0,,-1,-1,nan,not_applicable,,,nan,0,0.0,0.0,0.0,0.0,0.0,0.5964403963810977,0.5964403748512268,2.1529870886105584e-08,0.0,0.0,0.0,0.0,0.0,0.0,0,0,disabled,0.0,1,PLAN_FAILED,ik_not_found,0,0.18923057592473924,2.766994951176457,0,0,0,0,-1,nan,nan,,,864,0,0,0,0,1,0,96,0,0,"{'solver_error': 0, 'short_solution': 0, 'duplicate': 0, 'goal_error': 0, 'joint_limit': 0, 'workspace': 0, 'obstacle_clearance': 698, 'obstacle_contact': 178, 'self_collision': 0}",0.00010473517295679897,876,876,nan,nan,0.0,passthrough,0,0,12,0,0,0,0,0,0.0,0.0,0.0,0.0,1.0,0.31538024944972776,0,0,0,0,0.31538024944972776,0.0,passthrough,osqp optimal,0.0,0,0,12,,workspace_z_lower,,,0,0,1,solved,nan,0,,0.0,0,osqp,0.0,valid,0.31538024944972776,0.873214483873313,0|0|0|0|0|0,0.487151881|0.315380249|0.316023695|0.397999755|0.427019022|0.476535366,0.660812605|0.489040974|0.489684419|0.57166048|0.600679746|0.65019609,0.607151881|0.435380249|0.436023695|0.517999755|0.547019022|0.596535366,0|0|0|0|0|0,0|0|0|0|0|0,0|0|0|0|0|0,1.94860752|1.261521|1.26409478|1.59199902|1.70807609|1.90614146,optimal,0.17941799655015453,0.0,0.17941799655015453,0.428064942|-0.544867158|0.500515461,-0|0|-0,0.010338047984987497,0.002598046907223761,0.0014036500360816717,0.001715885940939188
