step,time,reward,cost,goal_error_norm,d_min,risk_global,beta,closest_link,safety_violation,collision,collision_any,collision_capsule_overlap,collision_pybullet_contact,termination_collision,termination_reason,unavoidable_collision,avoidable_collision,collision_avoidability_reason,safe_stop_infeasible_first_step,safe_stop_infeasible_last_step,safe_stop_h_drift_mps,safe_stop_drift_class,collision_contact_link_indices,collision_contact_link_names,collision_min_contact_distance,success,qdot_norm,acc_norm,jerk_norm,qdot_requested_norm,qdot_policy_norm,task_space_goal_error_before_m,task_space_goal_error_after_m,task_space_goal_error_delta_m,task_space_requested_speed_mps,task_space_executed_speed_mps,task_space_requested_toward_goal_mps,task_space_executed_toward_goal_mps,task_space_filter_velocity_loss_mps,task_space_nominal_toward_goal_mps,task_space_recovery_active_for_command,residual_control_enabled,residual_control_mode,residual_control_base_qdot_norm,hierarchical_control_enabled,hierarchical_state,hierarchical_plan_reason,hierarchical_plan_iterations,hierarchical_planning_time_s,hierarchical_planning_time_total_s,hierarchical_ik_candidate_count,hierarchical_ik_found,hierarchical_plan_found,hierarchical_direct_path,hierarchical_selected_candidate_index,hierarchical_selected_path_length_rad,hierarchical_selected_path_min_clearance_m,hierarchical_ik_candidate_errors_m,hierarchical_ik_candidate_clearances_m,hierarchical_ik_attempts_used,hierarchical_ik_fallback_used,hierarchical_ik_fallback_attempted,hierarchical_ik_rejection_counts,hierarchical_selected_path_predictive_h_m,hierarchical_selected_path_filter_intervention,hierarchical_filter_intervention_ratio,hierarchical_filter_status,hierarchical_servo_stall_steps,hierarchical_servo_stall_replans,hierarchical_plan_count,hierarchical_replan_count,hierarchical_hold_steps,hierarchical_consecutive_hold_steps,hierarchical_waypoint_index,hierarchical_waypoint_count,hierarchical_path_progress,hierarchical_residual_budget,hierarchical_nominal_qdot_norm,residual_qdot_norm,risk_speed_scale,risk_speed_h_min_m,recovery_active,recovery_triggered,recovery_success,recovery_initially_unsafe,recovery_initial_h_min_m,recovery_command_norm,safety_filter_status,safety_filter_reason,safety_filter_intervention_norm,safety_filter_safe_stop,safety_filter_active_constraints,safety_filter_constraint_count,safety_filter_active_constraint_categories,safety_filter_max_constraint_category,safety_filter_infeasible_constraint_categories,safety_filter_infeasibility_diagnostic_status,safety_filter_projection_iterations,safety_filter_fallback_used,safety_filter_qp_solver_used,safety_filter_qp_solver_status,safety_filter_fallback_stage,safety_filter_max_constraint_violation,predictive_risk_status,predictive_h_min_m,predictive_max_link_speed_bound_mps,predictive_link_velocity_norms_mps,predictive_h_by_link_m,predictive_distance_by_link_m,predictive_robust_distance_by_link_m,predictive_time_by_link_s,safety_jacobian_command_by_link_mps,safety_drift_by_link_mps,safety_constraint_residual_by_link_mps,filter_obstacle_position_m,filter_obstacle_velocity_mps,safety_filter_solve_time_s,safety_filter_predictive_risk_time_s,safety_filter_jacobian_workspace_time_s,safety_filter_projection_time_s
0,0.05,-1.270928538307926,0.300491601228714,0.2912658751010895,0.29057928919792175,0.19829386472702026,1.0,4,0,0,0,0,0,0,,0,0,,-1,-1,nan,not_applicable,,,nan,0,0.48587384819984436,9.717476844787598,194.3495330810547,1.3067467212677002,1.3067467212677002,0.2973854604824292,0.2912658751010895,0.0061195853813397205,0.37506511302119633,0.14998913003227868,0.36069840305651074,0.12595244971663377,0.23474595333987697,0.36069841070331826,0,0,disabled,0.0,1,TRACK,direct_path,0,0.98459524998907,0.98459524998907,40,1,1,1,27,1.4094486591082918,0.13748911023139954,0.000812171776988065;0.0011794954495837609;0.0009259980646515488;0.00018143545194606166;0.0029169751841171977;0.004195704316316064;0.008650652396829451;0.006608957974480165;0.001455467667895171;0.0035187902348163685;0.003213544108558832;0.006930145380329694;0.006497350320220328;0.003252104550682607;0.001629023875769218;0.014408141469427621;0.003492268684538375;0.004734789360483309;0.007147785352282363;0.002023518577517784;0.0021149325339439706;0.0021399243500630294;0.007144747729771467;0.011647558705690935;0.009993085538450562;0.004092609876165324;0.00890267452673385;0.004955782312896945;0.00835983070397475;0.0033877324961721165;0.009313417162883121;0.004748499308896792;0.0017741685670971583;0.0018693440969533228;0.00712981228412372;0.005252128100925907;0.003841608155726484;0.002342224795506193;0.009157912033419547;0.005017539613166754,0.1358819305896759;0.13559217751026154;0.13704225420951843;0.13643847405910492;0.1342204213142395;0.13250628113746643;0.1272931843996048;0.13220013678073883;0.1353163868188858;0.12106648832559586;0.12164615839719772;0.12972886860370636;0.12345046550035477;0.12309323996305466;0.13678394258022308;0.13848228752613068;0.1340026706457138;0.13426317274570465;0.1330944150686264;0.13760581612586975;0.13499824702739716;0.13585107028484344;0.13177333772182465;0.1276533305644989;0.14472931623458862;0.13427984714508057;0.13052672147750854;0.13748911023139954;0.14261630177497864;0.12873362004756927;0.13157223165035248;0.13964921236038208;0.13511908054351807;0.1354890763759613;0.13326917588710785;0.1412794291973114;0.1391618251800537;0.13705259561538696;0.1421259492635727;0.13349264860153198,64,0,0,"{'solver_error': 0, 'short_solution': 0, 'duplicate': 0, 'goal_error': 0, 'invalid_state': 25}",0.01748911023139954,inf,0.0,not_enabled,0,0,1,0,0,0,1,2,1.0,0.47777091057870247,1.3067467212677002,0.0,1.0,0.1164433456925924,0,0,0,0,0.1164433456925924,0.0,filtered,osqp optimal,0.8702306962366594,0,0,12,joint_2_acceleration_lower|joint_5_acceleration_lower|joint_0_acceleration_upper|joint_1_acceleration_upper|joint_4_acceleration_upper,workspace_z_lower,,,0,0,1,solved,osqp,0.0,valid,0.1164433456925924,0.979021937582727,0|0|0|0|0|0,,,,,,,,,,0.013026225031353533,0.004311174969188869,0.0014219880104064941,0.002033140044659376
1,0.1,-1.6074162059036712,0.41763949394226074,0.2787991464138031,0.2822514474391937,0.28786274790763855,1.0,4,0,0,0,0,0,0,,0,0,,-1,-1,nan,not_applicable,,,nan,0,0.8131645321846008,7.616703987121582,127.11016082763672,1.0651861429214478,1.0651861429214478,0.29126586719329106,0.2787991464138031,0.012466720779487961,0.2739906139855102,0.2585286545339416,0.2639012859274196,0.25007417189531006,0.013827114032109566,0.2639012787625632,0,0,disabled,0.0,1,TRACK,direct_path,0,0.98459524998907,0.98459524998907,40,1,1,1,27,1.4094486591082918,0.13748911023139954,0.000812171776988065;0.0011794954495837609;0.0009259980646515488;0.00018143545194606166;0.0029169751841171977;0.004195704316316064;0.008650652396829451;0.006608957974480165;0.001455467667895171;0.0035187902348163685;0.003213544108558832;0.006930145380329694;0.006497350320220328;0.003252104550682607;0.001629023875769218;0.014408141469427621;0.003492268684538375;0.004734789360483309;0.007147785352282363;0.002023518577517784;0.0021149325339439706;0.0021399243500630294;0.007144747729771467;0.011647558705690935;0.009993085538450562;0.004092609876165324;0.00890267452673385;0.004955782312896945;0.00835983070397475;0.0033877324961721165;0.009313417162883121;0.004748499308896792;0.0017741685670971583;0.0018693440969533228;0.00712981228412372;0.005252128100925907;0.003841608155726484;0.002342224795506193;0.009157912033419547;0.005017539613166754,0.1358819305896759;0.13559217751026154;0.13704225420951843;0.13643847405910492;0.1342204213142395;0.13250628113746643;0.1272931843996048;0.13220013678073883;0.1353163868188858;0.12106648832559586;0.12164615839719772;0.12972886860370636;0.12345046550035477;0.12309323996305466;0.13678394258022308;0.13848228752613068;0.1340026706457138;0.13426317274570465;0.1330944150686264;0.13760581612586975;0.13499824702739716;0.13585107028484344;0.13177333772182465;0.1276533305644989;0.14472931623458862;0.13427984714508057;0.13052672147750854;0.13748911023139954;0.14261630177497864;0.12873362004756927;0.13157223165035248;0.13964921236038208;0.13511908054351807;0.1354890763759613;0.13326917588710785;0.1412794291973114;0.1391618251800537;0.13705259561538696;0.1421259492635727;0.13349264860153198,64,0,0,"{'solver_error': 0, 'short_solution': 0, 'duplicate': 0, 'goal_error': 0, 'invalid_state': 25}",0.01748911023139954,inf,0.6659520793688557,filtered,0,0,1,0,0,0,1,2,1.0,0.3560000408084168,1.0651861429214478,0.0,1.0,0.09696000652934669,0,0,0,0,0.1164433456925924,0.0,filtered,osqp optimal,0.3227600888418889,0,0,12,joint_2_acceleration_lower|joint_5_acceleration_lower|joint_4_acceleration_upper,predictive_link_4,,,0,0,1,solved,osqp,0.0,valid,0.09696000652934669,0.9808829256650504,1.11005876e-17|0.0783688589|0.125769504|0.138568871|0.150470948|0.150470948,,,,,,,,,,0.01305083092302084,0.004173327004536986,0.0014392189914360642,0.0017336320597678423
2,0.15000000000000002,-1.4469283164653275,0.3670428991317749,0.2694125473499298,0.2763998508453369,0.24625694751739502,1.0,4,0,0,0,0,0,0,,0,0,,-1,-1,nan,not_applicable,,,nan,0,0.8257946968078613,5.0490217208862305,180.30995178222656,0.9010753631591797,0.9010753631591797,0.27879915946246436,0.2694125473499298,0.009386612112534554,0.19379623045418226,0.19379622310495456,0.1872457972282265,0.18724579099861716,6.22960935614536e-09,0.1872458059919082,0,0,disabled,0.0,1,TRACK,direct_path,0,0.98459524998907,0.98459524998907,40,1,1,1,27,1.4094486591082918,0.13748911023139954,0.000812171776988065;0.0011794954495837609;0.0009259980646515488;0.00018143545194606166;0.0029169751841171977;0.004195704316316064;0.008650652396829451;0.006608957974480165;0.001455467667895171;0.0035187902348163685;0.003213544108558832;0.006930145380329694;0.006497350320220328;0.003252104550682607;0.001629023875769218;0.014408141469427621;0.003492268684538375;0.004734789360483309;0.007147785352282363;0.002023518577517784;0.0021149325339439706;0.0021399243500630294;0.007144747729771467;0.011647558705690935;0.009993085538450562;0.004092609876165324;0.00890267452673385;0.004955782312896945;0.00835983070397475;0.0033877324961721165;0.009313417162883121;0.004748499308896792;0.0017741685670971583;0.0018693440969533228;0.00712981228412372;0.005252128100925907;0.003841608155726484;0.002342224795506193;0.009157912033419547;0.005017539613166754,0.1358819305896759;0.13559217751026154;0.13704225420951843;0.13643847405910492;0.1342204213142395;0.13250628113746643;0.1272931843996048;0.13220013678073883;0.1353163868188858;0.12106648832559586;0.12164615839719772;0.12972886860370636;0.12345046550035477;0.12309323996305466;0.13678394258022308;0.13848228752613068;0.1340026706457138;0.13426317274570465;0.1330944150686264;0.13760581612586975;0.13499824702739716;0.13585107028484344;0.13177333772182465;0.1276533305644989;0.14472931623458862;0.13427984714508057;0.13052672147750854;0.13748911023139954;0.14261630177497864;0.12873362004756927;0.13157223165035248;0.13964921236038208;0.13511908054351807;0.1354890763759613;0.13326917588710785;0.1412794291973114;0.1391618251800537;0.13705259561538696;0.1421259492635727;0.13349264860153198,64,0,0,"{'solver_error': 0, 'short_solution': 0, 'duplicate': 0, 'goal_error': 0, 'invalid_state': 25}",0.01748911023139954,inf,0.3030081558859435,filtered,0,0,1,0,0,0,1,2,1.0,0.2429714319796422,0.9010753631591797,0.0,1.0,0.07887542911674275,0,0,0,0,0.1164433456925924,0.0,filtered,osqp optimal,0.09999998218107087,0,0,12,joint_5_acceleration_lower,predictive_link_4,,,0,0,1,solved,osqp,0.0,valid,0.07887542911674275,0.9862170214853077,0|0.097958391|0.190123888|0.219227697|0.259728269|0.259728269,,,,,,,,,,0.014991087024100125,0.004158535972237587,0.00196456303820014,0.0023584460141137242
3,0.2,-1.4814301189047592,0.37733471393585205,0.26030993461608887,0.2707592248916626,0.2516235113143921,1.0,4,0,0,0,0,0,0,,0,0,,-1,-1,nan,not_applicable,,,nan,0,0.8887067437171936,2.0390396118164062,67.74446105957031,0.8887068033218384,0.8887068033218384,0.2694125509526541,0.26030993461608887,0.009102616336565228,0.18754515856714532,0.1875451585671498,0.181612629938339,0.1816126299383428,-3.802513859341161e-15,0.18161263236695727,0,0,disabled,0.0,1,TRACK,direct_path,0,0.98459524998907,0.98459524998907,40,1,1,1,27,1.4094486591082918,0.13748911023139954,0.000812171776988065;0.0011794954495837609;0.0009259980646515488;0.00018143545194606166;0.0029169751841171977;0.004195704316316064;0.008650652396829451;0.006608957974480165;0.001455467667895171;0.0035187902348163685;0.003213544108558832;0.006930145380329694;0.006497350320220328;0.003252104550682607;0.001629023875769218;0.014408141469427621;0.003492268684538375;0.004734789360483309;0.007147785352282363;0.002023518577517784;0.0021149325339439706;0.0021399243500630294;0.007144747729771467;0.011647558705690935;0.009993085538450562;0.004092609876165324;0.00890267452673385;0.004955782312896945;0.00835983070397475;0.0033877324961721165;0.009313417162883121;0.004748499308896792;0.0017741685670971583;0.0018693440969533228;0.00712981228412372;0.005252128100925907;0.003841608155726484;0.002342224795506193;0.009157912033419547;0.005017539613166754,0.1358819305896759;0.13559217751026154;0.13704225420951843;0.13643847405910492;0.1342204213142395;0.13250628113746643;0.1272931843996048;0.13220013678073883;0.1353163868188858;0.12106648832559586;0.12164615839719772;0.12972886860370636;0.12345046550035477;0.12309323996305466;0.13678394258022308;0.13848228752613068;0.1340026706457138;0.13426317274570465;0.1330944150686264;0.13760581612586975;0.13499824702739716;0.13585107028484344;0.13177333772182465;0.1276533305644989;0.14472931623458862;0.13427984714508057;0.13052672147750854;0.13748911023139954;0.14261630177497864;0.12873362004756927;0.13157223165035248;0.13964921236038208;0.13511908054351807;0.1354890763759613;0.13326917588710785;0.1412794291973114;0.1391618251800537;0.13705259561538696;0.1421259492635727;0.13349264860153198,64,0,0,"{'solver_error': 0, 'short_solution': 0, 'duplicate': 0, 'goal_error': 0, 'invalid_state': 25}",0.01748911023139954,inf,0.11097848889183906,filtered,0,0,1,0,0,0,1,2,1.0,0.25032155088432523,0.8887068033218384,0.0,1.0,0.08005144814149204,0,0,0,0,0.1164433456925924,0.0,filtered,osqp optimal,3.389360865231665e-08,0,0,12,joint_5_velocity_lower,predictive_link_4,,,0,0,1,solved,osqp,0.0,valid,0.08005144814149204,0.9905579327678274,0|0.0700911066|0.135893281|0.157975921|0.194370837|0.194370837,,,,,,,,,,0.01147795096039772,0.0028630290180444717,0.0018191509880125523,0.0018294580513611436
4,0.25,-1.518096679328943,0.38760799169540405,0.2514854967594147,0.265325665473938,0.2569926679134369,1.0,4,0,0,0,0,0,0,,0,0,,-1,-1,nan,not_applicable,,,nan,0,0.8770321607589722,0.38319456577301025,40.00093078613281,0.8770321607589722,0.8770321607589722,0.26030992033611156,0.2514854967594147,0.008824423576696883,0.18146607090905706,0.18146607090905706,0.17609120783354384,0.17609120783354384,0.0,0.17609119817360344,0,0,disabled,0.0,1,TRACK,direct_path,0,0.98459524998907,0.98459524998907,40,1,1,1,27,1.4094486591082918,0.13748911023139954,0.000812171776988065;0.0011794954495837609;0.0009259980646515488;0.00018143545194606166;0.0029169751841171977;0.004195704316316064;0.008650652396829451;0.006608957974480165;0.001455467667895171;0.0035187902348163685;0.003213544108558832;0.006930145380329694;0.006497350320220328;0.003252104550682607;0.001629023875769218;0.014408141469427621;0.003492268684538375;0.004734789360483309;0.007147785352282363;0.002023518577517784;0.0021149325339439706;0.0021399243500630294;0.007144747729771467;0.011647558705690935;0.009993085538450562;0.004092609876165324;0.00890267452673385;0.004955782312896945;0.00835983070397475;0.0033877324961721165;0.009313417162883121;0.004748499308896792;0.0017741685670971583;0.0018693440969533228;0.00712981228412372;0.005252128100925907;0.003841608155726484;0.002342224795506193;0.009157912033419547;0.005017539613166754,0.1358819305896759;0.13559217751026154;0.13704225420951843;0.13643847405910492;0.1342204213142395;0.13250628113746643;0.1272931843996048;0.13220013678073883;0.1353163868188858;0.12106648832559586;0.12164615839719772;0.12972886860370636;0.12345046550035477;0.12309323996305466;0.13678394258022308;0.13848228752613068;0.1340026706457138;0.13426317274570465;0.1330944150686264;0.13760581612586975;0.13499824702739716;0.13585107028484344;0.13177333772182465;0.1276533305644989;0.14472931623458862;0.13427984714508057;0.13052672147750854;0.13748911023139954;0.14261630177497864;0.12873362004756927;0.13157223165035248;0.13964921236038208;0.13511908054351807;0.1354890763759613;0.13326917588710785;0.1412794291973114;0.1391618251800537;0.13705259561538696;0.1421259492635727;0.13349264860153198,64,0,0,"{'solver_error': 0, 'short_solution': 0, 'duplicate': 0, 'goal_error': 0, 'invalid_state': 25}",0.01748911023139954,inf,3.81381221856612e-08,filtered,0,0,1,0,0,0,1,2,1.0,0.21754759851844704,0.8770321607589722,0.0,1.0,0.07480761576295153,0,0,0,0,0.1164433456925924,0.0,filtered,osqp optimal,3.3893168272001276e-08,0,0,12,joint_5_velocity_lower,predictive_link_4,,,0,0,1,solved,osqp,0.0,valid,0.07480761576295153,0.9947019692368683,1.27631384e-20|0.0688384053|0.131495071|0.15287062|0.18807118|0.18807118,,,,,,,,,,0.011309458990581334,0.0028723799623548985,0.0016626400174573064,0.0019110030261799693
5,0.30000000000000004,-1.5555633806336457,0.39786291122436523,0.24293319880962372,0.2600940465927124,0.2623808979988098,1.0,4,0,0,0,0,0,0,,0,0,,-1,-1,nan,not_applicable,,,nan,0,0.8558687567710876,0.4474445879459381,5.04637336730957,0.8558690547943115,0.8558690547943115,0.25148551275349207,0.24293319880962372,0.00855231394386835,0.17555693645543144,0.17555693645548334,0.17068543242774895,0.17068543242778625,-3.730349362740526e-14,0.17068544328307084,0,0,disabled,0.0,1,TRACK,direct_path,0,0.98459524998907,0.98459524998907,40,1,1,1,27,1.4094486591082918,0.13748911023139954,0.000812171776988065;0.0011794954495837609;0.0009259980646515488;0.00018143545194606166;0.0029169751841171977;0.004195704316316064;0.008650652396829451;0.006608957974480165;0.001455467667895171;0.0035187902348163685;0.003213544108558832;0.006930145380329694;0.006497350320220328;0.003252104550682607;0.001629023875769218;0.014408141469427621;0.003492268684538375;0.004734789360483309;0.007147785352282363;0.002023518577517784;0.0021149325339439706;0.0021399243500630294;0.007144747729771467;0.011647558705690935;0.009993085538450562;0.004092609876165324;0.00890267452673385;0.004955782312896945;0.00835983070397475;0.0033877324961721165;0.009313417162883121;0.004748499308896792;0.0017741685670971583;0.0018693440969533228;0.00712981228412372;0.005252128100925907;0.003841608155726484;0.002342224795506193;0.009157912033419547;0.005017539613166754,0.1358819305896759;0.13559217751026154;0.13704225420951843;0.13643847405910492;0.1342204213142395;0.13250628113746643;0.1272931843996048;0.13220013678073883;0.1353163868188858;0.12106648832559586;0.12164615839719772;0.12972886860370636;0.12345046550035477;0.12309323996305466;0.13678394258022308;0.13848228752613068;0.1340026706457138;0.13426317274570465;0.1330944150686264;0.13760581612586975;0.13499824702739716;0.13585107028484344;0.13177333772182465;0.1276533305644989;0.14472931623458862;0.13427984714508057;0.13052672147750854;0.13748911023139954;0.14261630177497864;0.12873362004756927;0.13157223165035248;0.13964921236038208;0.13511908054351807;0.1354890763759613;0.13326917588710785;0.1412794291973114;0.1391618251800537;0.13705259561538696;0.1421259492635727;0.13349264860153198,64,0,0,"{'solver_error': 0, 'short_solution': 0, 'duplicate': 0, 'goal_error': 0, 'invalid_state': 25}",0.01748911023139954,inf,3.864529693263537e-08,filtered,0,0,1,0,0,0,1,2,1.0,0.1860489535911418,0.8558690547943115,0.0,1.0,0.06976783257458269,0,0,0,0,0.1164433456925924,0.0,filtered,osqp optimal,3.90407891757354e-07,0,0,12,,predictive_link_4,,,0,0,1,solved,osqp,0.0,valid,0.06976783257458269,0.9986592959358909,4.92658595e-20|0.0675578146|0.127214775|0.147911542|0.181947947|0.181947947,,,,,,,,,,0.011188991949893534,0.0028318280819803476,0.0018439580453559756,0.0017125940648838878
6,0.35000000000000003,-1.5933241487383518,0.40808096528053284,0.23464687168598175,0.2550594210624695,0.2677631676197052,1.0,4,0,0,0,0,0,0,,0,0,,-1,-1,nan,not_applicable,,,nan,0,0.8259242177009583,0.5988911390304565,4.5878496170043945,0.8259230256080627,0.8259230256080627,0.24293320561754606,0.23464687168598175,0.008286333931564305,0.16981597575560978,0.16981597575570623,0.16539870233354623,0.16539870233361667,-7.044365091246618e-14,0.16539870696865386,0,0,disabled,0.0,1,TRACK,direct_path,0,0.98459524998907,0.98459524998907,40,1,1,1,27,1.4094486591082918,0.13748911023139954,0.000812171776988065;0.0011794954495837609;0.0009259980646515488;0.00018143545194606166;0.0029169751841171977;0.004195704316316064;0.008650652396829451;0.006608957974480165;0.001455467667895171;0.0035187902348163685;0.003213544108558832;0.006930145380329694;0.006497350320220328;0.003252104550682607;0.001629023875769218;0.014408141469427621;0.003492268684538375;0.004734789360483309;0.007147785352282363;0.002023518577517784;0.0021149325339439706;0.0021399243500630294;0.007144747729771467;0.011647558705690935;0.009993085538450562;0.004092609876165324;0.00890267452673385;0.004955782312896945;0.00835983070397475;0.0033877324961721165;0.009313417162883121;0.004748499308896792;0.0017741685670971583;0.0018693440969533228;0.00712981228412372;0.005252128100925907;0.003841608155726484;0.002342224795506193;0.009157912033419547;0.005017539613166754,0.1358819305896759;0.13559217751026154;0.13704225420951843;0.13643847405910492;0.1342204213142395;0.13250628113746643;0.1272931843996048;0.13220013678073883;0.1353163868188858;0.12106648832559586;0.12164615839719772;0.12972886860370636;0.12345046550035477;0.12309323996305466;0.13678394258022308;0.13848228752613068;0.1340026706457138;0.13426317274570465;0.1330944150686264;0.13760581612586975;0.13499824702739716;0.13585107028484344;0.13177333772182465;0.1276533305644989;0.14472931623458862;0.13427984714508057;0.13052672147750854;0.13748911023139954;0.14261630177497864;0.12873362004756927;0.13157223165035248;0.13964921236038208;0.13511908054351807;0.1354890763759613;0.13326917588710785;0.1412794291973114;0.1391618251800537;0.13705259561538696;0.1421259492635727;0.13349264860153198,64,0,0,"{'solver_error': 0, 'short_solution': 0, 'duplicate': 0, 'goal_error': 0, 'invalid_state': 25}",0.01748911023139954,inf,4.561537650770416e-07,filtered,0,0,1,0,0,0,1,2,1.0,0.15580478235812956,0.8259230256080627,0.0,1.0,0.06492876517730073,0,0,0,0,0.1164433456925924,0.0,filtered,osqp optimal,1.4140205609700918e-06,0,0,12,,predictive_link_4,,,0,0,1,solved,osqp,0.0,valid,0.06492876517730073,1.0024388164333242,1.4856491e-21|0.0662515428|0.12304958|0.143094114|0.175991861|0.175991861,,,,,,,,,,0.012614952051080763,0.003153288969770074,0.0015436129178851843,0.0026702870381996036
7,0.4,-1.63118557809043,0.4182295799255371,0.22662022709846497,0.2502169907093048,0.2731233239173889,1.0,4,0,0,0,0,0,0,,0,0,,-1,-1,nan,not_applicable,,,nan,0,0.7970250844955444,0.5779818892478943,0.41818562150001526,0.7970243692398071,0.7970243692398071,0.23464687265734924,0.22662022709846497,0.008026645558884271,0.164240211307307,0.164240211307307,0.16023295886390673,0.16023295886390673,0.0,0.160232959527223,0,0,disabled,0.0,1,TRACK,direct_path,0,0.98459524998907,0.98459524998907,40,1,1,1,27,1.4094486591082918,0.13748911023139954,0.000812171776988065;0.0011794954495837609;0.0009259980646515488;0.00018143545194606166;0.0029169751841171977;0.004195704316316064;0.008650652396829451;0.006608957974480165;0.001455467667895171;0.0035187902348163685;0.003213544108558832;0.006930145380329694;0.006497350320220328;0.003252104550682607;0.001629023875769218;0.014408141469427621;0.003492268684538375;0.004734789360483309;0.007147785352282363;0.002023518577517784;0.0021149325339439706;0.0021399243500630294;0.007144747729771467;0.011647558705690935;0.009993085538450562;0.004092609876165324;0.00890267452673385;0.004955782312896945;0.00835983070397475;0.0033877324961721165;0.009313417162883121;0.004748499308896792;0.0017741685670971583;0.0018693440969533228;0.00712981228412372;0.005252128100925907;0.003841608155726484;0.002342224795506193;0.009157912033419547;0.005017539613166754,0.1358819305896759;0.13559217751026154;0.13704225420951843;0.13643847405910492;0.1342204213142395;0.13250628113746643;0.1272931843996048;0.13220013678073883;0.1353163868188858;0.12106648832559586;0.12164615839719772;0.12972886860370636;0.12345046550035477;0.12309323996305466;0.13678394258022308;0.13848228752613068;0.1340026706457138;0.13426317274570465;0.1330944150686264;0.13760581612586975;0.13499824702739716;0.13585107028484344;0.13177333772182465;0.1276533305644989;0.14472931623458862;0.13427984714508057;0.13052672147750854;0.13748911023139954;0.14261630177497864;0.12873362004756927;0.13157223165035248;0.13964921236038208;0.13511908054351807;0.1354890763759613;0.13326917588710785;0.1412794291973114;0.1391618251800537;0.13705259561538696;0.1421259492635727;0.13349264860153198,64,0,0,"{'solver_error': 0, 'short_solution': 0, 'duplicate': 0, 'goal_error': 0, 'invalid_state': 25}",0.01748911023139954,inf,1.7120488436910433e-06,filtered,0,0,1,0,0,0,1,2,1.0,0.12673721871988272,0.7970243692398071,0.0,1.0,0.06027795499518124,0,0,0,0,0.1164433456925924,0.0,filtered,osqp optimal,8.52236755923396e-07,0,0,12,,predictive_link_4,,,0,0,1,solved,osqp,0.0,valid,0.06027795499518124,1.0060479062018057,0|0.0649300037|0.119003535|0.138419959|0.170212665|0.170212665,,,,,,,,,,0.017258902080357075,0.006743089994415641,0.0012723560212180018,0.002059779013507068
8,0.45,-1.6690959848411944,0.42829835414886475,0.21884708106517792,0.24556145071983337,0.2784584164619446,1.0,4,0,0,0,0,0,0,,0,0,,-1,-1,nan,not_applicable,,,nan,0,0.7691382765769958,0.5577370524406433,0.4048963189125061,0.7691370844841003,0.7691370844841003,0.2266202349845251,0.21884708106517792,0.007773153919347187,0.15882737876463077,0.15882737876463077,0.15519019206844847,0.15519019206844847,0.0,0.15519019746884544,0,0,disabled,0.0,1,TRACK,direct_path,0,0.98459524998907,0.98459524998907,40,1,1,1,27,1.4094486591082918,0.13748911023139954,0.000812171776988065;0.0011794954495837609;0.0009259980646515488;0.00018143545194606166;0.0029169751841171977;0.004195704316316064;0.008650652396829451;0.006608957974480165;0.001455467667895171;0.0035187902348163685;0.003213544108558832;0.006930145380329694;0.006497350320220328;0.003252104550682607;0.001629023875769218;0.014408141469427621;0.003492268684538375;0.004734789360483309;0.007147785352282363;0.002023518577517784;0.0021149325339439706;0.0021399243500630294;0.007144747729771467;0.011647558705690935;0.009993085538450562;0.004092609876165324;0.00890267452673385;0.004955782312896945;0.00835983070397475;0.0033877324961721165;0.009313417162883121;0.004748499308896792;0.0017741685670971583;0.0018693440969533228;0.00712981228412372;0.005252128100925907;0.003841608155726484;0.002342224795506193;0.009157912033419547;0.005017539613166754,0.1358819305896759;0.13559217751026154;0.13704225420951843;0.13643847405910492;0.1342204213142395;0.13250628113746643;0.1272931843996048;0.13220013678073883;0.1353163868188858;0.12106648832559586;0.12164615839719772;0.12972886860370636;0.12345046550035477;0.12309323996305466;0.13678394258022308;0.13848228752613068;0.1340026706457138;0.13426317274570465;0.1330944150686264;0.13760581612586975;0.13499824702739716;0.13585107028484344;0.13177333772182465;0.1276533305644989;0.14472931623458862;0.13427984714508057;0.13052672147750854;0.13748911023139954;0.14261630177497864;0.12873362004756927;0.13157223165035248;0.13964921236038208;0.13511908054351807;0.1354890763759613;0.13326917588710785;0.1412794291973114;0.1391618251800537;0.13705259561538696;0.1421259492635727;0.13349264860153198,64,0,0,"{'solver_error': 0, 'short_solution': 0, 'duplicate': 0, 'goal_error': 0, 'invalid_state': 25}",0.01748911023139954,inf,1.069273147490145e-06,filtered,0,0,1,0,0,0,1,2,1.0,0.09883192587896009,0.7691370844841003,0.0,1.0,0.055813108140633616,0,0,0,0,0.1164433456925924,0.0,filtered,osqp optimal,1.455540610259673e-06,0,0,12,,predictive_link_4,,,0,0,1,solved,osqp,0.0,valid,0.055813108140633616,1.0094965552905746,0|0.0635932826|0.115072578|0.133883933|0.164602402|0.164602402,,,,,,,,,,0.012293595005758107,0.004004312912002206,0.0013951360015198588,0.0017286059446632862
9,0.5,-1.7069078534952018,0.43825846910476685,0.21132107079029083,0.2410876452922821,0.28374695777893066,1.0,4,0,0,0,0,0,0,,0,0,,-1,-1,nan,not_applicable,,,nan,0,0.7422254085540771,0.5382574200630188,0.38959404826164246,0.7422254085540771,0.7422254085540771,0.21884707856265667,0.21132107079029083,0.007526007772365839,0.15357469966261791,0.15357469966261791,0.15027153688338057,0.15027153688338057,0.0,0.1502715351650222,0,0,disabled,0.0,1,TRACK,direct_path,0,0.98459524998907,0.98459524998907,40,1,1,1,27,1.4094486591082918,0.13748911023139954,0.000812171776988065;0.0011794954495837609;0.0009259980646515488;0.00018143545194606166;0.0029169751841171977;0.004195704316316064;0.008650652396829451;0.006608957974480165;0.001455467667895171;0.0035187902348163685;0.003213544108558832;0.006930145380329694;0.006497350320220328;0.003252104550682607;0.001629023875769218;0.014408141469427621;0.003492268684538375;0.004734789360483309;0.007147785352282363;0.002023518577517784;0.0021149325339439706;0.0021399243500630294;0.007144747729771467;0.011647558705690935;0.009993085538450562;0.004092609876165324;0.00890267452673385;0.004955782312896945;0.00835983070397475;0.0033877324961721165;0.009313417162883121;0.004748499308896792;0.0017741685670971583;0.0018693440969533228;0.00712981228412372;0.005252128100925907;0.003841608155726484;0.002342224795506193;0.009157912033419547;0.005017539613166754,0.1358819305896759;0.13559217751026154;0.13704225420951843;0.13643847405910492;0.1342204213142395;0.13250628113746643;0.1272931843996048;0.13220013678073883;0.1353163868188858;0.12106648832559586;0.12164615839719772;0.12972886860370636;0.12345046550035477;0.12309323996305466;0.13678394258022308;0.13848228752613068;0.1340026706457138;0.13426317274570465;0.1330944150686264;0.13760581612586975;0.13499824702739716;0.13585107028484344;0.13177333772182465;0.1276533305644989;0.14472931623458862;0.13427984714508057;0.13052672147750854;0.13748911023139954;0.14261630177497864;0.12873362004756927;0.13157223165035248;0.13964921236038208;0.13511908054351807;0.1354890763759613;0.13326917588710785;0.1412794291973114;0.1391618251800537;0.13705259561538696;0.1421259492635727;0.13349264860153198,64,0,0,"{'solver_error': 0, 'short_solution': 0, 'duplicate': 0, 'goal_error': 0, 'invalid_state': 25}",0.01748911023139954,inf,1.8924332731088875e-06,filtered,0,0,1,0,0,0,1,2,1.0,0.07205077111668555,0.7422254085540771,0.0,1.0,0.05152812337866969,0,0,0,0,0.1164433456925924,0.0,passthrough,osqp optimal,6.00264282762585e-12,0,0,12,,predictive_link_4,,,0,0,1,solved,osqp,0.0,valid,0.05152812337866969,1.0127914409631698,0|0.0622452357|0.11125528|0.129483121|0.15915804|0.15915804,,,,,,,,,,0.011336877010762691,0.0027651479467749596,0.001524207997135818,0.0018084390321746469
10,0.55,-1.7445568612320013,0.4481004476547241,0.2040358930826187,0.23679018020629883,0.2889855206012726,1.0,4,0,0,0,0,0,0,,0,0,,-1,-1,nan,not_applicable,,,nan,0,0.7162551879882812,0.5194036960601807,0.377074658870697,0.7162551879882812,0.7162551879882812,0.2113210750632744,0.2040358930826187,0.007285181980655697,0.14847901226628957,0.14847901226628957,0.14547735547436294,0.14547735547436294,0.0,0.14547735841596432,0,0,disabled,0.0,1,TRACK,direct_path,0,0.98459524998907,0.98459524998907,40,1,1,1,27,1.4094486591082918,0.13748911023139954,0.000812171776988065;0.0011794954495837609;0.0009259980646515488;0.00018143545194606166;0.0029169751841171977;0.004195704316316064;0.008650652396829451;0.006608957974480165;0.001455467667895171;0.0035187902348163685;0.003213544108558832;0.006930145380329694;0.006497350320220328;0.003252104550682607;0.001629023875769218;0.014408141469427621;0.003492268684538375;0.004734789360483309;0.007147785352282363;0.002023518577517784;0.0021149325339439706;0.0021399243500630294;0.007144747729771467;0.011647558705690935;0.009993085538450562;0.004092609876165324;0.00890267452673385;0.004955782312896945;0.00835983070397475;0.0033877324961721165;0.009313417162883121;0.004748499308896792;0.0017741685670971583;0.0018693440969533228;0.00712981228412372;0.005252128100925907;0.003841608155726484;0.002342224795506193;0.009157912033419547;0.005017539613166754,0.1358819305896759;0.13559217751026154;0.13704225420951843;0.13643847405910492;0.1342204213142395;0.13250628113746643;0.1272931843996048;0.13220013678073883;0.1353163868188858;0.12106648832559586;0.12164615839719772;0.12972886860370636;0.12345046550035477;0.12309323996305466;0.13678394258022308;0.13848228752613068;0.1340026706457138;0.13426317274570465;0.1330944150686264;0.13760581612586975;0.13499824702739716;0.13585107028484344;0.13177333772182465;0.1276533305644989;0.14472931623458862;0.13427984714508057;0.13052672147750854;0.13748911023139954;0.14261630177497864;0.12873362004756927;0.13157223165035248;0.13964921236038208;0.13511908054351807;0.1354890763759613;0.13326917588710785;0.1412794291973114;0.1391618251800537;0.13705259561538696;0.1421259492635727;0.13349264860153198,64,0,0,"{'solver_error': 0, 'short_solution': 0, 'duplicate': 0, 'goal_error': 0, 'invalid_state': 25}",0.01748911023139954,inf,8.08735831250987e-12,passthrough,0,0,1,0,0,0,1,2,1.0,0.0463578238868128,0.7162551879882812,0.0,1.0,0.04741725182189005,0,0,0,0,0.1164433456925924,0.0,passthrough,osqp optimal,4.912958930452892e-12,0,0,12,,predictive_link_4,,,0,0,1,solved,osqp,0.0,valid,0.04741725182189005,1.0159400094729154,5.1534685e-21|0.060889401|0.107550072|0.125214684|0.153876609|0.153876609,,,,,,,,,,0.011045515071600676,0.0029078690567985177,0.001416918938048184,0.0021124640479683876
11,0.6000000000000001,-1.7819411972957162,0.45780569314956665,0.1969851702451706,0.23266369104385376,0.2941613793373108,1.0,4,0,0,0,0,0,0,,0,0,,-1,-1,nan,not_applicable,,,nan,0,0.6911947131156921,0.5012103319168091,0.3638678193092346,0.6911935806274414,0.6911935806274414,0.20403588965639788,0.1969851702451706,0.007050719411227285,0.1435373779459544,0.1435373779459544,0.14080790878483704,0.14080790878483704,0.0,0.14080790642035604,0,0,disabled,0.0,1,TRACK,direct_path,0,0.98459524998907,0.98459524998907,40,1,1,1,27,1.4094486591082918,0.13748911023139954,0.000812171776988065;0.0011794954495837609;0.0009259980646515488;0.00018143545194606166;0.0029169751841171977;0.004195704316316064;0.008650652396829451;0.006608957974480165;0.001455467667895171;0.0035187902348163685;0.003213544108558832;0.006930145380329694;0.006497350320220328;0.003252104550682607;0.001629023875769218;0.014408141469427621;0.003492268684538375;0.004734789360483309;0.007147785352282363;0.002023518577517784;0.0021149325339439706;0.0021399243500630294;0.007144747729771467;0.011647558705690935;0.009993085538450562;0.004092609876165324;0.00890267452673385;0.004955782312896945;0.00835983070397475;0.0033877324961721165;0.009313417162883121;0.004748499308896792;0.0017741685670971583;0.0018693440969533228;0.00712981228412372;0.005252128100925907;0.003841608155726484;0.002342224795506193;0.009157912033419547;0.005017539613166754,0.1358819305896759;0.13559217751026154;0.13704225420951843;0.13643847405910492;0.1342204213142395;0.13250628113746643;0.1272931843996048;0.13220013678073883;0.1353163868188858;0.12106648832559586;0.12164615839719772;0.12972886860370636;0.12345046550035477;0.12309323996305466;0.13678394258022308;0.13848228752613068;0.1340026706457138;0.13426317274570465;0.1330944150686264;0.13760581612586975;0.13499824702739716;0.13585107028484344;0.13177333772182465;0.1276533305644989;0.14472931623458862;0.13427984714508057;0.13052672147750854;0.13748911023139954;0.14261630177497864;0.12873362004756927;0.13157223165035248;0.13964921236038208;0.13511908054351807;0.1354890763759613;0.13326917588710785;0.1412794291973114;0.1391618251800537;0.13705259561538696;0.1421259492635727;0.13349264860153198,64,0,0,"{'solver_error': 0, 'short_solution': 0, 'duplicate': 0, 'goal_error': 0, 'invalid_state': 25}",0.01748911023139954,inf,6.8592298008363934e-12,passthrough,0,0,1,0,0,0,1,2,1.0,0.021715593104831017,0.6911935806274414,0.0,1.0,0.043474494896772964,0,0,0,0,0.1164433456925924,0.0,filtered,osqp optimal,1.357744403759425e-06,0,0,12,,predictive_link_4,,,0,0,1,solved,osqp,0.0,valid,0.043474494896772964,1.0189498593633697,2.03724426e-17|0.0595291107|0.103955133|0.121075615|0.148754739|0.148754739,,,,,,,,,,0.014866503071971238,0.003938392037525773,0.001403719070367515,0.0020897480426356196
12,0.65,-1.4321100067754973,0.3374267518520355,0.1968952864408493,0.2337898313999176,0.20864559710025787,1.0,4,0,0,0,0,0,0,,0,0,,-1,-1,nan,not_applicable,,,nan,0,0.373278945684433,8.05319881439209,152.11380004882812,0.3499999940395355,0.0,0.19698516860481996,0.1968952864408493,8.988216397065596e-05,0.23784176868431645,0.04062296396267374,-0.21143630512002456,-0.0029780173556821347,-0.20845828776434244,0.0,1,0,disabled,0.0,1,AVOID_HOLD,direct_path,0,0.98459524998907,0.98459524998907,40,1,1,1,27,1.4094486591082918,0.13748911023139954,0.000812171776988065;0.0011794954495837609;0.0009259980646515488;0.00018143545194606166;0.0029169751841171977;0.004195704316316064;0.008650652396829451;0.006608957974480165;0.001455467667895171;0.0035187902348163685;0.003213544108558832;0.006930145380329694;0.006497350320220328;0.003252104550682607;0.001629023875769218;0.014408141469427621;0.003492268684538375;0.004734789360483309;0.007147785352282363;0.002023518577517784;0.0021149325339439706;0.0021399243500630294;0.007144747729771467;0.011647558705690935;0.009993085538450562;0.004092609876165324;0.00890267452673385;0.004955782312896945;0.00835983070397475;0.0033877324961721165;0.009313417162883121;0.004748499308896792;0.0017741685670971583;0.0018693440969533228;0.00712981228412372;0.005252128100925907;0.003841608155726484;0.002342224795506193;0.009157912033419547;0.005017539613166754,0.1358819305896759;0.13559217751026154;0.13704225420951843;0.13643847405910492;0.1342204213142395;0.13250628113746643;0.1272931843996048;0.13220013678073883;0.1353163868188858;0.12106648832559586;0.12164615839719772;0.12972886860370636;0.12345046550035477;0.12309323996305466;0.13678394258022308;0.13848228752613068;0.1340026706457138;0.13426317274570465;0.1330944150686264;0.13760581612586975;0.13499824702739716;0.13585107028484344;0.13177333772182465;0.1276533305644989;0.14472931623458862;0.13427984714508057;0.13052672147750854;0.13748911023139954;0.14261630177497864;0.12873362004756927;0.13157223165035248;0.13964921236038208;0.13511908054351807;0.1354890763759613;0.13326917588710785;0.1412794291973114;0.1391618251800537;0.13705259561538696;0.1421259492635727;0.13349264860153198,64,0,0,"{'solver_error': 0, 'short_solution': 0, 'duplicate': 0, 'goal_error': 0, 'invalid_state': 25}",0.01748911023139954,inf,1.964347531305068e-06,filtered,0,0,1,0,1,1,1,2,1.0,0.0,0.0,0.0,1.0,0.03969403982552594,1,1,0,0,0.1164433456925924,0.3499999940395355,filtered,osqp optimal,0.4795663136480271,0,0,12,joint_0_acceleration_lower|joint_4_acceleration_lower|joint_5_acceleration_upper,predictive_link_4,,,0,0,1,solved,osqp,0.0,valid,0.03969403982552594,1.0218269731558658,0|0.0581674953|0.100468558|0.117062978|0.1437892|0.1437892,,,,,,,,,,0.014109946903772652,0.004321289015933871,0.0015299910446628928,0.002260348992422223
13,0.7000000000000001,-1.4853377189817958,0.3187435567378998,0.2037767469882965,0.24102020263671875,0.1973186582326889,1.0,4,0,0,0,0,0,0,,0,0,,-1,-1,nan,not_applicable,,,nan,0,0.2865908443927765,5.871351718902588,95.3226547241211,0.3499999940395355,0.0,0.19689528796576727,0.2037767469882965,-0.006881459022529235,0.23852773481461112,0.16043877208069152,-0.2167021235000428,-0.1420351778504705,-0.0746669456495723,0.0,1,0,disabled,0.0,1,AVOID_HOLD,direct_path,0,0.98459524998907,0.98459524998907,40,1,1,1,27,1.4094486591082918,0.13748911023139954,0.000812171776988065;0.0011794954495837609;0.0009259980646515488;0.00018143545194606166;0.0029169751841171977;0.004195704316316064;0.008650652396829451;0.006608957974480165;0.001455467667895171;0.0035187902348163685;0.003213544108558832;0.006930145380329694;0.006497350320220328;0.003252104550682607;0.001629023875769218;0.014408141469427621;0.003492268684538375;0.004734789360483309;0.007147785352282363;0.002023518577517784;0.0021149325339439706;0.0021399243500630294;0.007144747729771467;0.011647558705690935;0.009993085538450562;0.004092609876165324;0.00890267452673385;0.004955782312896945;0.00835983070397475;0.0033877324961721165;0.009313417162883121;0.004748499308896792;0.0017741685670971583;0.0018693440969533228;0.00712981228412372;0.005252128100925907;0.003841608155726484;0.002342224795506193;0.009157912033419547;0.005017539613166754,0.1358819305896759;0.13559217751026154;0.13704225420951843;0.13643847405910492;0.1342204213142395;0.13250628113746643;0.1272931843996048;0.13220013678073883;0.1353163868188858;0.12106648832559586;0.12164615839719772;0.12972886860370636;0.12345046550035477;0.12309323996305466;0.13678394258022308;0.13848228752613068;0.1340026706457138;0.13426317274570465;0.1330944150686264;0.13760581612586975;0.13499824702739716;0.13585107028484344;0.13177333772182465;0.1276533305644989;0.14472931623458862;0.13427984714508057;0.13052672147750854;0.13748911023139954;0.14261630177497864;0.12873362004756927;0.13157223165035248;0.13964921236038208;0.13511908054351807;0.1354890763759613;0.13326917588710785;0.1412794291973114;0.1391618251800537;0.13705259561538696;0.1421259492635727;0.13349264860153198,64,0,0,"{'solver_error': 0, 'short_solution': 0, 'duplicate': 0, 'goal_error': 0, 'invalid_state': 25}",0.01748911023139954,inf,1.0,filtered,0,0,1,0,2,2,1,2,1.0,0.0,0.0,0.0,1.0,0.05262408262334006,1,1,0,0,0.1164433456925924,0.3499999940395355,filtered,osqp optimal,0.193063470226371,0,0,12,joint_0_acceleration_lower|joint_5_acceleration_upper,predictive_link_4,,,0,0,1,solved,osqp,0.0,valid,0.05262408262334006,1.023314983848066,1.27295507e-18|0.00743394487|0.0236939053|0.0303915243|0.0406056322|0.0406056322,,,,,,,,,,0.012566838995553553,0.0029444610700011253,0.0013328730128705502,0.0017738110618665814
14,0.75,-1.4632292022792046,0.2925000488758087,0.21485547721385956,0.25193095207214355,0.1814674437046051,1.0,4,0,0,0,0,0,0,,0,0,,-1,-1,nan,not_applicable,,,nan,0,0.3499999940395355,3.855010509490967,49.43548583984375,0.3499999940395355,0.0,0.20377674359926562,0.21485547721385956,-0.011078733614593939,0.2384792103011144,0.2384792103011144,-0.2205610324113749,-0.2205610324113749,0.0,0.0,1,0,disabled,0.0,1,AVOID_HOLD,direct_path,0,0.98459524998907,0.98459524998907,40,1,1,1,27,1.4094486591082918,0.13748911023139954,0.000812171776988065;0.0011794954495837609;0.0009259980646515488;0.00018143545194606166;0.0029169751841171977;0.004195704316316064;0.008650652396829451;0.006608957974480165;0.001455467667895171;0.0035187902348163685;0.003213544108558832;0.006930145380329694;0.006497350320220328;0.003252104550682607;0.001629023875769218;0.014408141469427621;0.003492268684538375;0.004734789360483309;0.007147785352282363;0.002023518577517784;0.0021149325339439706;0.0021399243500630294;0.007144747729771467;0.011647558705690935;0.009993085538450562;0.004092609876165324;0.00890267452673385;0.004955782312896945;0.00835983070397475;0.0033877324961721165;0.009313417162883121;0.004748499308896792;0.0017741685670971583;0.0018693440969533228;0.00712981228412372;0.005252128100925907;0.003841608155726484;0.002342224795506193;0.009157912033419547;0.005017539613166754,0.1358819305896759;0.13559217751026154;0.13704225420951843;0.13643847405910492;0.1342204213142395;0.13250628113746643;0.1272931843996048;0.13220013678073883;0.1353163868188858;0.12106648832559586;0.12164615839719772;0.12972886860370636;0.12345046550035477;0.12309323996305466;0.13678394258022308;0.13848228752613068;0.1340026706457138;0.13426317274570465;0.1330944150686264;0.13760581612586975;0.13499824702739716;0.13585107028484344;0.13177333772182465;0.1276533305644989;0.14472931623458862;0.13427984714508057;0.13052672147750854;0.13748911023139954;0.14261630177497864;0.12873362004756927;0.13157223165035248;0.13964921236038208;0.13511908054351807;0.1354890763759613;0.13326917588710785;0.1412794291973114;0.1391618251800537;0.13705259561538696;0.1421259492635727;0.13349264860153198,64,0,0,"{'solver_error': 0, 'short_solution': 0, 'duplicate': 0, 'goal_error': 0, 'invalid_state': 25}",0.01748911023139954,inf,0.5516099243263496,filtered,0,0,1,0,3,3,1,2,1.0,0.0,0.0,0.0,1.0,0.059785677282957916,1,1,0,0,0.1164433456925924,0.3499999940395355,passthrough,osqp optimal,2.606918624758894e-11,0,0,12,,workspace_x_upper,,,0,0,1,solved,osqp,0.0,valid,0.059785677282957916,1.0246909381964329,6.29579686e-18|0.051527968|0.124280035|0.146671895|0.160633362|0.160633362,,,,,,,,,,0.012725402018986642,0.0034446129575371742,0.0015511231031268835,0.0016686420422047377
15,0.8,-1.3791638327072542,0.2684740424156189,0.22613295912742615,0.2628650665283203,0.16696429252624512,1.0,4,0,0,0,0,0,0,,0,0,,-1,-1,nan,not_applicable,,,nan,0,0.3499999940395355,0.08707428723573685,77.12533569335938,0.3499999940395355,0.0,0.21485546867545124,0.22613295912742615,-0.011277490451974903,0.23870210762959926,0.23870210762959926,-0.2242020190701863,-0.2242020190701863,0.0,0.0,1,0,disabled,0.0,1,AVOID_HOLD,direct_path,0,0.98459524998907,0.98459524998907,40,1,1,1,27,1.4094486591082918,0.13748911023139954,0.000812171776988065;0.0011794954495837609;0.0009259980646515488;0.00018143545194606166;0.0029169751841171977;0.004195704316316064;0.008650652396829451;0.006608957974480165;0.001455467667895171;0.0035187902348163685;0.003213544108558832;0.006930145380329694;0.006497350320220328;0.003252104550682607;0.001629023875769218;0.014408141469427621;0.003492268684538375;0.004734789360483309;0.007147785352282363;0.002023518577517784;0.0021149325339439706;0.0021399243500630294;0.007144747729771467;0.011647558705690935;0.009993085538450562;0.004092609876165324;0.00890267452673385;0.004955782312896945;0.00835983070397475;0.0033877324961721165;0.009313417162883121;0.004748499308896792;0.0017741685670971583;0.0018693440969533228;0.00712981228412372;0.005252128100925907;0.003841608155726484;0.002342224795506193;0.009157912033419547;0.005017539613166754,0.1358819305896759;0.13559217751026154;0.13704225420951843;0.13643847405910492;0.1342204213142395;0.13250628113746643;0.1272931843996048;0.13220013678073883;0.1353163868188858;0.12106648832559586;0.12164615839719772;0.12972886860370636;0.12345046550035477;0.12309323996305466;0.13678394258022308;0.13848228752613068;0.1340026706457138;0.13426317274570465;0.1330944150686264;0.13760581612586975;0.13499824702739716;0.13585107028484344;0.13177333772182465;0.1276533305644989;0.14472931623458862;0.13427984714508057;0.13052672147750854;0.13748911023139954;0.14261630177497864;0.12873362004756927;0.13157223165035248;0.13964921236038208;0.13511908054351807;0.1354890763759613;0.13326917588710785;0.1412794291973114;0.1391618251800537;0.13705259561538696;0.1421259492635727;0.13349264860153198,64,0,0,"{'solver_error': 0, 'short_solution': 0, 'duplicate': 0, 'goal_error': 0, 'invalid_state': 25}",0.01748911023139954,inf,7.448339054727013e-11,passthrough,0,0,1,0,4,4,1,2,1.0,0.0,0.0,0.0,1.0,0.07062679463852381,1,1,0,0,0.1164433456925924,0.3499999940395355,passthrough,osqp optimal,2.7977847609360132e-11,0,0,12,,workspace_x_upper,,,0,0,1,solved,osqp,0.0,valid,0.07062679463852381,1.026083202054539,1.46084982e-19|0.0771382215|0.185160614|0.220416461|0.238823942|0.238823942,,,,,,,,,,0.015243753092363477,0.003551986999809742,0.002123240032233298,0.0021351880859583616
16,0.8500000000000001,-1.216529882722254,0.2573235332965851,0.23029427230358124,0.26838812232017517,0.1601257026195526,1.0,4,0,0,0,0,0,0,,0,0,,-1,-1,nan,not_applicable,,,nan,0,0.39025673270225525,7.912779808044434,158.26290893554688,0.6580199003219604,0.6580199003219604,0.22613295875419617,0.23029427230358124,-0.004161313549385065,0.15815353646519978,0.10713628796474797,0.1549518536869277,-0.07681543443106932,0.23176728811799702,0.15495185343118142,0,0,disabled,0.0,1,TRACK,direct_path,0,1.2029289790662006,2.1875242290552706,50,1,1,1,2,0.5920667736781788,0.13708847761154175,0.0005245269038791203;0.0011937008834796755;0.0009825824100319546;0.00026123493391670694;0.0029017991009725515;0.009845799703699032;0.0076506356816503154;0.006772873518065394;0.002590121705002497;0.008701509343003115;0.0027326284086794505;0.01079822953806258;0.00991662611464647;0.0031939705815206914;0.008223512711444043;0.004126024421874347;0.0020402944951553575;0.005743491947840182;0.007013055609309327;0.0020676852030742394;0.006391017074245055;0.004174248664954286;0.006748116324399438;0.007139154038938161;0.0017978050361336804;0.0027104861321807353;0.0028563021944103756;0.0018359346223309652;0.005885350073438357;0.004423465637548405;0.003032587913569965;0.005823961619280782;0.008190588838284853;0.009212144141486044;0.0073800828790831115;0.006178284840936286;0.005162828265287989;0.004899175566729635;0.004245243951875385;0.00441588048963888;0.002737386718364567;0.002346827932501117;0.0034081731099136103;0.0033882395296493156;0.007268095925100476;0.002316817266666216;0.003427392938365605;0.0015555245661549664;0.0019150917807506372;0.008812834300626987,0.13605664670467377;0.13558071851730347;0.13708847761154175;0.13655366003513336;0.1342652589082718;0.12605918943881989;0.1321394443511963;0.142316997051239;0.1367979794740677;0.13060864806175232;0.13470911979675293;0.13006258010864258;0.1289062649011612;0.13874855637550354;0.13249163329601288;0.1322607547044754;0.13536608219146729;0.13427679240703583;0.14222277700901031;0.13661625981330872;0.13872286677360535;0.13779377937316895;0.1276843249797821;0.132675439119339;0.1303756982088089;0.13450568914413452;0.1277477890253067;0.13527891039848328;0.12882427871227264;0.13275806605815887;0.13651947677135468;0.14206159114837646;0.1278476119041443;0.1289956271648407;0.1305299997329712;0.1308503895998001;0.13392603397369385;0.1335655152797699;0.13295979797840118;0.1336400806903839;0.13498245179653168;0.12249059230089188;0.134890615940094;0.13663075864315033;0.14052149653434753;0.13688109815120697;0.13479481637477875;0.13775968551635742;0.13665638864040375;0.13365241885185242,128,0,0,"{'solver_error': 0, 'short_solution': 0, 'duplicate': 0, 'goal_error': 0, 'invalid_state': 15}",0.017088477611541752,inf,7.99367088166287e-11,passthrough,0,0,2,1,5,0,1,2,1.0,0.2593209407162196,0.6580199003219604,0.0,1.0,0.08149135051459513,0,1,1,0,0.1164433456925924,0.0,filtered,osqp optimal,0.469836084499624,0,0,12,joint_5_acceleration_lower|joint_4_acceleration_upper,workspace_x_upper,,,0,0,1,solved,osqp,0.0,valid,0.08149135051459513,1.0274740158792735,7.29511908e-20|0.0768038237|0.183417415|0.220573272|0.239058738|0.239058738,,,,,,,,,,1.216219087014906,0.004259326029568911,0.0012985359644517303,0.001577529008500278
17,0.9,-1.1108292992632407,0.2628638744354248,0.22764252126216888,0.268077552318573,0.16216640174388885,1.0,4,0,0,0,0,0,0,,0,0,,-1,-1,nan,not_applicable,,,nan,0,0.38427209854125977,5.884798526763916,180.40274047851562,0.45728057622909546,0.45728057622909546,0.23029426991376795,0.22764252126216888,0.002651748651599062,0.17659514978814222,0.08014403120443701,0.17289059106210428,0.05863067251669328,0.114259918545411,0.17289058926798134,0,0,disabled,0.0,1,TRACK,direct_path,0,1.2029289790662006,2.1875242290552706,50,1,1,1,2,0.5920667736781788,0.13708847761154175,0.0005245269038791203;0.0011937008834796755;0.0009825824100319546;0.00026123493391670694;0.0029017991009725515;0.009845799703699032;0.0076506356816503154;0.006772873518065394;0.002590121705002497;0.008701509343003115;0.0027326284086794505;0.01079822953806258;0.00991662611464647;0.0031939705815206914;0.008223512711444043;0.004126024421874347;0.0020402944951553575;0.005743491947840182;0.007013055609309327;0.0020676852030742394;0.006391017074245055;0.004174248664954286;0.006748116324399438;0.007139154038938161;0.0017978050361336804;0.0027104861321807353;0.0028563021944103756;0.0018359346223309652;0.005885350073438357;0.004423465637548405;0.003032587913569965;0.005823961619280782;0.008190588838284853;0.009212144141486044;0.0073800828790831115;0.006178284840936286;0.005162828265287989;0.004899175566729635;0.004245243951875385;0.00441588048963888;0.002737386718364567;0.002346827932501117;0.0034081731099136103;0.0033882395296493156;0.007268095925100476;0.002316817266666216;0.003427392938365605;0.0015555245661549664;0.0019150917807506372;0.008812834300626987,0.13605664670467377;0.13558071851730347;0.13708847761154175;0.13655366003513336;0.1342652589082718;0.12605918943881989;0.1321394443511963;0.142316997051239;0.1367979794740677;0.13060864806175232;0.13470911979675293;0.13006258010864258;0.1289062649011612;0.13874855637550354;0.13249163329601288;0.1322607547044754;0.13536608219146729;0.13427679240703583;0.14222277700901031;0.13661625981330872;0.13872286677360535;0.13779377937316895;0.1276843249797821;0.132675439119339;0.1303756982088089;0.13450568914413452;0.1277477890253067;0.13527891039848328;0.12882427871227264;0.13275806605815887;0.13651947677135468;0.14206159114837646;0.1278476119041443;0.1289956271648407;0.1305299997329712;0.1308503895998001;0.13392603397369385;0.1335655152797699;0.13295979797840118;0.1336400806903839;0.13498245179653168;0.12249059230089188;0.134890615940094;0.13663075864315033;0.14052149653434753;0.13688109815120697;0.13479481637477875;0.13775968551635742;0.13665638864040375;0.13365241885185242,128,0,0,"{'solver_error': 0, 'short_solution': 0, 'duplicate': 0, 'goal_error': 0, 'invalid_state': 15}",0.017088477611541752,inf,0.714015008162731,filtered,0,0,2,1,5,0,1,2,1.0,0.2930530631667615,0.45728057622909546,0.0,1.0,0.08688849010668184,0,1,1,0,0.1164433456925924,0.0,filtered,osqp optimal,0.19969336690523082,0,0,12,,predictive_link_4,,,0,0,1,solved,osqp,0.0,valid,0.08688849010668184,1.029992397662271,9.24413613e-22|0.0488109281|0.0861255745|0.103399606|0.107269487|0.107269487,,,,,,,,,,0.011673983070068061,0.002869845018722117,0.0012176530435681343,0.0021637239260599017
18,0.9500000000000001,-1.5344865678774786,0.39543667435646057,0.2195795327425003,0.262829065322876,0.2576351463794708,1.0,4,0,0,0,0,0,0,,0,0,,-1,-1,nan,not_applicable,,,nan,0,0.42593032121658325,3.799107074737549,61.166507720947266,0.42593032121658325,0.42593032121658325,0.22764251805752053,0.2195795327425003,0.008062985315020227,0.16749658377918591,0.16749658377918591,0.16413666177547775,0.16413666177547775,0.0,0.16413665946483613,0,0,disabled,0.0,1,TRACK,direct_path,0,1.2029289790662006,2.1875242290552706,50,1,1,1,2,0.5920667736781788,0.13708847761154175,0.0005245269038791203;0.0011937008834796755;0.0009825824100319546;0.00026123493391670694;0.0029017991009725515;0.009845799703699032;0.0076506356816503154;0.006772873518065394;0.002590121705002497;0.008701509343003115;0.0027326284086794505;0.01079822953806258;0.00991662611464647;0.0031939705815206914;0.008223512711444043;0.004126024421874347;0.0020402944951553575;0.005743491947840182;0.007013055609309327;0.0020676852030742394;0.006391017074245055;0.004174248664954286;0.006748116324399438;0.007139154038938161;0.0017978050361336804;0.0027104861321807353;0.0028563021944103756;0.0018359346223309652;0.005885350073438357;0.004423465637548405;0.003032587913569965;0.005823961619280782;0.008190588838284853;0.009212144141486044;0.0073800828790831115;0.006178284840936286;0.005162828265287989;0.004899175566729635;0.004245243951875385;0.00441588048963888;0.002737386718364567;0.002346827932501117;0.0034081731099136103;0.0033882395296493156;0.007268095925100476;0.002316817266666216;0.003427392938365605;0.0015555245661549664;0.0019150917807506372;0.008812834300626987,0.13605664670467377;0.13558071851730347;0.13708847761154175;0.13655366003513336;0.1342652589082718;0.12605918943881989;0.1321394443511963;0.142316997051239;0.1367979794740677;0.13060864806175232;0.13470911979675293;0.13006258010864258;0.1289062649011612;0.13874855637550354;0.13249163329601288;0.1322607547044754;0.13536608219146729;0.13427679240703583;0.14222277700901031;0.13661625981330872;0.13872286677360535;0.13779377937316895;0.1276843249797821;0.132675439119339;0.1303756982088089;0.13450568914413452;0.1277477890253067;0.13527891039848328;0.12882427871227264;0.13275806605815887;0.13651947677135468;0.14206159114837646;0.1278476119041443;0.1289956271648407;0.1305299997329712;0.1308503895998001;0.13392603397369385;0.1335655152797699;0.13295979797840118;0.1336400806903839;0.13498245179653168;0.12249059230089188;0.134890615940094;0.13663075864315033;0.14052149653434753;0.13688109815120697;0.13479481637477875;0.13775968551635742;0.13665638864040375;0.13365241885185242,128,0,0,"{'solver_error': 0, 'short_solution': 0, 'duplicate': 0, 'goal_error': 0, 'invalid_state': 15}",0.017088477611541752,inf,0.4366976803431628,filtered,0,0,2,1,5,0,1,2,1.0,0.28115505701524496,0.42593032121658325,0.0,1.0,0.08498480912243919,0,1,1,0,0.1164433456925924,0.0,passthrough,osqp optimal,6.740633616117934e-10,0,0,12,,predictive_link_4,,,0,0,1,solved,osqp,0.0,valid,0.08498480912243919,1.032820427802012,5.29430003e-18|0.048269738|0.0517910895|0.0616254286|0.0798861806|0.0798861806,,,,,,,,,,0.011043254984542727,0.004025834030471742,0.0012270469451323152,0.0014662769390270114
19,1.0,-1.543700246407941,0.39678752422332764,0.21216019988059998,0.25798800587654114,0.2569115459918976,1.0,4,0,0,0,0,0,0,,0,0,,-1,-1,nan,not_applicable,,,nan,0,0.38284918665885925,0.8616275191307068,84.82108306884766,0.38284918665885925,0.38284918665885925,0.2195795369356635,0.21216019988059998,0.007419337055063535,0.15095943029708714,0.15095943029708714,0.14814598922460318,0.14814598922460318,0.0,0.14814599205364787,0,0,disabled,0.0,1,TRACK,direct_path,0,1.2029289790662006,2.1875242290552706,50,1,1,1,2,0.5920667736781788,0.13708847761154175,0.0005245269038791203;0.0011937008834796755;0.0009825824100319546;0.00026123493391670694;0.0029017991009725515;0.009845799703699032;0.0076506356816503154;0.006772873518065394;0.002590121705002497;0.008701509343003115;0.0027326284086794505;0.01079822953806258;0.00991662611464647;0.0031939705815206914;0.008223512711444043;0.004126024421874347;0.0020402944951553575;0.005743491947840182;0.007013055609309327;0.0020676852030742394;0.006391017074245055;0.004174248664954286;0.006748116324399438;0.007139154038938161;0.0017978050361336804;0.0027104861321807353;0.0028563021944103756;0.0018359346223309652;0.005885350073438357;0.004423465637548405;0.003032587913569965;0.005823961619280782;0.008190588838284853;0.009212144141486044;0.0073800828790831115;0.006178284840936286;0.005162828265287989;0.004899175566729635;0.004245243951875385;0.00441588048963888;0.002737386718364567;0.002346827932501117;0.0034081731099136103;0.0033882395296493156;0.007268095925100476;0.002316817266666216;0.003427392938365605;0.0015555245661549664;0.0019150917807506372;0.008812834300626987,0.13605664670467377;0.13558071851730347;0.13708847761154175;0.13655366003513336;0.1342652589082718;0.12605918943881989;0.1321394443511963;0.142316997051239;0.1367979794740677;0.13060864806175232;0.13470911979675293;0.13006258010864258;0.1289062649011612;0.13874855637550354;0.13249163329601288;0.1322607547044754;0.13536608219146729;0.13427679240703583;0.14222277700901031;0.13661625981330872;0.13872286677360535;0.13779377937316895;0.1276843249797821;0.132675439119339;0.1303756982088089;0.13450568914413452;0.1277477890253067;0.13527891039848328;0.12882427871227264;0.13275806605815887;0.13651947677135468;0.14206159114837646;0.1278476119041443;0.1289956271648407;0.1305299997329712;0.1308503895998001;0.13392603397369385;0.1335655152797699;0.13295979797840118;0.1336400806903839;0.13498245179653168;0.12249059230089188;0.134890615940094;0.13663075864315033;0.14052149653434753;0.13688109815120697;0.13479481637477875;0.13775968551635742;0.13665638864040375;0.13365241885185242,128,0,0,"{'solver_error': 0, 'short_solution': 0, 'duplicate': 0, 'goal_error': 0, 'invalid_state': 15}",0.017088477611541752,inf,1.5825672135443858e-09,passthrough,0,0,2,1,5,0,1,2,1.0,0.15886794538317478,0.38284918665885925,0.0,1.0,0.06541887126130796,0,1,1,0,0.1164433456925924,0.0,passthrough,osqp optimal,6.034969349579179e-10,0,0,12,,predictive_link_4,,,0,0,1,solved,osqp,0.0,valid,0.06541887126130796,1.0353969901036908,0|0.0670251576|0.12009083|0.145819937|0.167878501|0.167878501,,,,,,,,,,0.009302006918005645,0.0025113130686804652,0.0011956349480897188,0.0014885020209476352
20,1.05,-1.579969398296455,0.4063020944595337,0.2049780786037445,0.25332361459732056,0.2619171142578125,1.0,4,0,0,0,0,0,0,,0,0,,-1,-1,nan,not_applicable,,,nan,0,0.3694533109664917,0.2679183781147003,11.874241828918457,0.3694533109664917,0.3694533109664917,0.21216020828986357,0.2049780786037445,0.00718212968611906,0.14596139482096218,0.14596139482096218,0.14342284293181407,0.14342284293181407,0.0,0.14342284861657723,0,0,disabled,0.0,1,TRACK,direct_path,0,1.2029289790662006,2.1875242290552706,50,1,1,1,2,0.5920667736781788,0.13708847761154175,0.0005245269038791203;0.0011937008834796755;0.0009825824100319546;0.00026123493391670694;0.0029017991009725515;0.009845799703699032;0.0076506356816503154;0.006772873518065394;0.002590121705002497;0.008701509343003115;0.0027326284086794505;0.01079822953806258;0.00991662611464647;0.0031939705815206914;0.008223512711444043;0.004126024421874347;0.0020402944951553575;0.005743491947840182;0.007013055609309327;0.0020676852030742394;0.006391017074245055;0.004174248664954286;0.006748116324399438;0.007139154038938161;0.0017978050361336804;0.0027104861321807353;0.0028563021944103756;0.0018359346223309652;0.005885350073438357;0.004423465637548405;0.003032587913569965;0.005823961619280782;0.008190588838284853;0.009212144141486044;0.0073800828790831115;0.006178284840936286;0.005162828265287989;0.004899175566729635;0.004245243951875385;0.00441588048963888;0.002737386718364567;0.002346827932501117;0.0034081731099136103;0.0033882395296493156;0.007268095925100476;0.002316817266666216;0.003427392938365605;0.0015555245661549664;0.0019150917807506372;0.008812834300626987,0.13605664670467377;0.13558071851730347;0.13708847761154175;0.13655366003513336;0.1342652589082718;0.12605918943881989;0.1321394443511963;0.142316997051239;0.1367979794740677;0.13060864806175232;0.13470911979675293;0.13006258010864258;0.1289062649011612;0.13874855637550354;0.13249163329601288;0.1322607547044754;0.13536608219146729;0.13427679240703583;0.14222277700901031;0.13661625981330872;0.13872286677360535;0.13779377937316895;0.1276843249797821;0.132675439119339;0.1303756982088089;0.13450568914413452;0.1277477890253067;0.13527891039848328;0.12882427871227264;0.13275806605815887;0.13651947677135468;0.14206159114837646;0.1278476119041443;0.1289956271648407;0.1305299997329712;0.1308503895998001;0.13392603397369385;0.1335655152797699;0.13295979797840118;0.1336400806903839;0.13498245179653168;0.12249059230089188;0.134890615940094;0.13663075864315033;0.14052149653434753;0.13688109815120697;0.13479481637477875;0.13775968551635742;0.13665638864040375;0.13365241885185242,128,0,0,"{'solver_error': 0, 'short_solution': 0, 'duplicate': 0, 'goal_error': 0, 'invalid_state': 15}",0.017088477611541752,inf,1.5763307223522158e-09,passthrough,0,0,2,1,5,0,1,2,1.0,0.1376072460443044,0.3694533109664917,0.0,1.0,0.06201715936708871,0,1,1,0,0.1164433456925924,0.0,passthrough,osqp optimal,5.824445809277897e-10,0,0,12,,predictive_link_4,,,0,0,1,solved,osqp,0.0,valid,0.06201715936708871,1.0376874806531906,1.10619153e-17|0.0610692715|0.108325581|0.131413704|0.151263174|0.151263174,,,,,,,,,,0.009507828974165022,0.002558868029154837,0.001237794989719987,0.0015353239141404629
21,1.1,-1.6163573396223627,0.4157612919807434,0.19802676141262054,0.24883079528808594,0.26691392064094543,1.0,4,0,0,0,0,0,0,,0,0,,-1,-1,nan,not_applicable,,,nan,0,0.3565259575843811,0.25854724645614624,0.1874231994152069,0.3565259575843811,0.3565259575843811,0.20497807423930028,0.19802676141262054,0.00695131282667974,0.1411159823035072,0.1411159823035072,0.13882499025357004,0.13882499025357004,0.0,0.1388249872976738,0,0,disabled,0.0,1,TRACK,direct_path,0,1.2029289790662006,2.1875242290552706,50,1,1,1,2,0.5920667736781788,0.13708847761154175,0.0005245269038791203;0.0011937008834796755;0.0009825824100319546;0.00026123493391670694;0.0029017991009725515;0.009845799703699032;0.0076506356816503154;0.006772873518065394;0.002590121705002497;0.008701509343003115;0.0027326284086794505;0.01079822953806258;0.00991662611464647;0.0031939705815206914;0.008223512711444043;0.004126024421874347;0.0020402944951553575;0.005743491947840182;0.007013055609309327;0.0020676852030742394;0.006391017074245055;0.004174248664954286;0.006748116324399438;0.007139154038938161;0.0017978050361336804;0.0027104861321807353;0.0028563021944103756;0.0018359346223309652;0.005885350073438357;0.004423465637548405;0.003032587913569965;0.005823961619280782;0.008190588838284853;0.009212144141486044;0.0073800828790831115;0.006178284840936286;0.005162828265287989;0.004899175566729635;0.004245243951875385;0.00441588048963888;0.002737386718364567;0.002346827932501117;0.0034081731099136103;0.0033882395296493156;0.007268095925100476;0.002316817266666216;0.003427392938365605;0.0015555245661549664;0.0019150917807506372;0.008812834300626987,0.13605664670467377;0.13558071851730347;0.13708847761154175;0.13655366003513336;0.1342652589082718;0.12605918943881989;0.1321394443511963;0.142316997051239;0.1367979794740677;0.13060864806175232;0.13470911979675293;0.13006258010864258;0.1289062649011612;0.13874855637550354;0.13249163329601288;0.1322607547044754;0.13536608219146729;0.13427679240703583;0.14222277700901031;0.13661625981330872;0.13872286677360535;0.13779377937316895;0.1276843249797821;0.132675439119339;0.1303756982088089;0.13450568914413452;0.1277477890253067;0.13527891039848328;0.12882427871227264;0.13275806605815887;0.13651947677135468;0.14206159114837646;0.1278476119041443;0.1289956271648407;0.1305299997329712;0.1308503895998001;0.13392603397369385;0.1335655152797699;0.13295979797840118;0.1336400806903839;0.13498245179653168;0.12249059230089188;0.134890615940094;0.13663075864315033;0.14052149653434753;0.13688109815120697;0.13479481637477875;0.13775968551635742;0.13665638864040375;0.13365241885185242,128,0,0,"{'solver_error': 0, 'short_solution': 0, 'duplicate': 0, 'goal_error': 0, 'invalid_state': 15}",0.017088477611541752,inf,1.5765038873358903e-09,passthrough,0,0,2,1,5,0,1,2,1.0,0.11096273447586943,0.3565259575843811,0.0,1.0,0.05775403751613911,0,1,1,0,0.1164433456925924,0.0,passthrough,osqp optimal,5.620018374666215e-10,0,0,12,,predictive_link_4,,,0,0,1,solved,osqp,0.0,valid,0.05775403751613911,1.0398747060709637,8.33970214e-20|0.0596916907|0.104829251|0.127066366|0.146241212|0.146241212,,,,,,,,,,0.009718082961626351,0.0025205150013789535,0.0012078071013092995,0.001517522963695228
22,1.1500000000000001,-1.6526745271334204,0.425139844417572,0.19129996001720428,0.24450474977493286,0.27188292145729065,1.0,4,0,0,0,0,0,0,,0,0,,-1,-1,nan,not_applicable,,,nan,0,0.344050794839859,0.2495030164718628,0.18088576197624207,0.344050794839859,0.344050794839859,0.1980267571311043,0.19129996001720428,0.006726797113900007,0.13641967046909004,0.13641967046909004,0.1343516361819929,0.1343516361819929,0.0,0.13435163327718996,0,0,disabled,0.0,1,TRACK,direct_path,0,1.2029289790662006,2.1875242290552706,50,1,1,1,2,0.5920667736781788,0.13708847761154175,0.0005245269038791203;0.0011937008834796755;0.0009825824100319546;0.00026123493391670694;0.0029017991009725515;0.009845799703699032;0.0076506356816503154;0.006772873518065394;0.002590121705002497;0.008701509343003115;0.0027326284086794505;0.01079822953806258;0.00991662611464647;0.0031939705815206914;0.008223512711444043;0.004126024421874347;0.0020402944951553575;0.005743491947840182;0.007013055609309327;0.0020676852030742394;0.006391017074245055;0.004174248664954286;0.006748116324399438;0.007139154038938161;0.0017978050361336804;0.0027104861321807353;0.0028563021944103756;0.0018359346223309652;0.005885350073438357;0.004423465637548405;0.003032587913569965;0.005823961619280782;0.008190588838284853;0.009212144141486044;0.0073800828790831115;0.006178284840936286;0.005162828265287989;0.004899175566729635;0.004245243951875385;0.00441588048963888;0.002737386718364567;0.002346827932501117;0.0034081731099136103;0.0033882395296493156;0.007268095925100476;0.002316817266666216;0.003427392938365605;0.0015555245661549664;0.0019150917807506372;0.008812834300626987,0.13605664670467377;0.13558071851730347;0.13708847761154175;0.13655366003513336;0.1342652589082718;0.12605918943881989;0.1321394443511963;0.142316997051239;0.1367979794740677;0.13060864806175232;0.13470911979675293;0.13006258010864258;0.1289062649011612;0.13874855637550354;0.13249163329601288;0.1322607547044754;0.13536608219146729;0.13427679240703583;0.14222277700901031;0.13661625981330872;0.13872286677360535;0.13779377937316895;0.1276843249797821;0.132675439119339;0.1303756982088089;0.13450568914413452;0.1277477890253067;0.13527891039848328;0.12882427871227264;0.13275806605815887;0.13651947677135468;0.14206159114837646;0.1278476119041443;0.1289956271648407;0.1305299997329712;0.1308503895998001;0.13392603397369385;0.1335655152797699;0.13295979797840118;0.1336400806903839;0.13498245179653168;0.12249059230089188;0.134890615940094;0.13663075864315033;0.14052149653434753;0.13688109815120697;0.13479481637477875;0.13775968551635742;0.13665638864040375;0.13365241885185242,128,0,0,"{'solver_error': 0, 'short_solution': 0, 'duplicate': 0, 'goal_error': 0, 'invalid_state': 15}",0.017088477611541752,inf,1.5763279657796283e-09,passthrough,0,0,2,1,5,0,1,2,1.0,0.08533198365220637,0.344050794839859,0.0,1.0,0.05365311738435302,0,1,1,0,0.1164433456925924,0.0,passthrough,osqp optimal,5.422488727754702e-10,0,0,12,,predictive_link_4,,,0,0,1,solved,osqp,0.0,valid,0.05365311738435302,1.0419638849998882,1.60957263e-19|0.058313236|0.101427583|0.122851766|0.141373808|0.141373808,,,,,,,,,,0.010776257026009262,0.002986536012031138,0.0014724230859428644,0.0016681629931554198
23,1.2000000000000002,-1.688888932855217,0.4344351589679718,0.1847914457321167,0.24034029245376587,0.2768259644508362,1.0,4,0,0,0,0,0,0,,0,0,,-1,-1,nan,not_applicable,,,nan,0,0.33201202750205994,0.24077549576759338,0.1745511144399643,0.33201202750205994,0.33201202750205994,0.1912999604812271,0.1847914457321167,0.006508514749110406,0.13186885648592586,0.13186885648592586,0.13000162735799714,0.13000162735799714,0.0,0.13000162767333293,0,0,disabled,0.0,1,TRACK,direct_path,0,1.2029289790662006,2.1875242290552706,50,1,1,1,2,0.5920667736781788,0.13708847761154175,0.0005245269038791203;0.0011937008834796755;0.0009825824100319546;0.00026123493391670694;0.0029017991009725515;0.009845799703699032;0.0076506356816503154;0.006772873518065394;0.002590121705002497;0.008701509343003115;0.0027326284086794505;0.01079822953806258;0.00991662611464647;0.0031939705815206914;0.008223512711444043;0.004126024421874347;0.0020402944951553575;0.005743491947840182;0.007013055609309327;0.0020676852030742394;0.006391017074245055;0.004174248664954286;0.006748116324399438;0.007139154038938161;0.0017978050361336804;0.0027104861321807353;0.0028563021944103756;0.0018359346223309652;0.005885350073438357;0.004423465637548405;0.003032587913569965;0.005823961619280782;0.008190588838284853;0.009212144141486044;0.0073800828790831115;0.006178284840936286;0.005162828265287989;0.004899175566729635;0.004245243951875385;0.00441588048963888;0.002737386718364567;0.002346827932501117;0.0034081731099136103;0.0033882395296493156;0.007268095925100476;0.002316817266666216;0.003427392938365605;0.0015555245661549664;0.0019150917807506372;0.008812834300626987,0.13605664670467377;0.13558071851730347;0.13708847761154175;0.13655366003513336;0.1342652589082718;0.12605918943881989;0.1321394443511963;0.142316997051239;0.1367979794740677;0.13060864806175232;0.13470911979675293;0.13006258010864258;0.1289062649011612;0.13874855637550354;0.13249163329601288;0.1322607547044754;0.13536608219146729;0.13427679240703583;0.14222277700901031;0.13661625981330872;0.13872286677360535;0.13779377937316895;0.1276843249797821;0.132675439119339;0.1303756982088089;0.13450568914413452;0.1277477890253067;0.13527891039848328;0.12882427871227264;0.13275806605815887;0.13651947677135468;0.14206159114837646;0.1278476119041443;0.1289956271648407;0.1305299997329712;0.1308503895998001;0.13392603397369385;0.1335655152797699;0.13295979797840118;0.1336400806903839;0.13498245179653168;0.12249059230089188;0.134890615940094;0.13663075864315033;0.14052149653434753;0.13688109815120697;0.13479481637477875;0.13775968551635742;0.13665638864040375;0.13365241885185242,128,0,0,"{'solver_error': 0, 'short_solution': 0, 'duplicate': 0, 'goal_error': 0, 'invalid_state': 15}",0.017088477611541752,inf,1.576072140824043e-09,passthrough,0,0,2,1,5,0,1,2,1.0,0.06068342254403843,0.33201202750205994,0.0,1.0,0.04970934760704615,0,1,1,0,0.1164433456925924,0.0,passthrough,osqp optimal,5.231672302985822e-10,0,0,12,,predictive_link_4,,,0,0,1,solved,osqp,0.0,valid,0.04970934760704615,1.0439586468033966,0|0.0569368643|0.0981198905|0.118766829|0.136657277|0.136657277,,,,,,,,,,0.009489146061241627,0.002499493071809411,0.0012323359260335565,0.0016046799719333649
24,1.25,-1.7248753465305007,0.44362130761146545,0.17849498987197876,0.23633262515068054,0.28172245621681213,1.0,4,0,0,0,0,0,0,,0,0,,-1,-1,nan,not_applicable,,,nan,0,0.32039445638656616,0.23235206305980682,0.16846895217895508,0.32039445638656616,0.32039445638656616,0.18479144148535123,0.17849498987197876,0.006296451613372472,0.1274599680260074,0.1274599680260074,0.12577360252389566,0.12577360252389566,0.0,0.12577359963344265,0,0,disabled,0.0,1,TRACK,direct_path,0,1.2029289790662006,2.1875242290552706,50,1,1,1,2,0.5920667736781788,0.13708847761154175,0.0005245269038791203;0.0011937008834796755;0.0009825824100319546;0.00026123493391670694;0.0029017991009725515;0.009845799703699032;0.0076506356816503154;0.006772873518065394;0.002590121705002497;0.008701509343003115;0.0027326284086794505;0.01079822953806258;0.00991662611464647;0.0031939705815206914;0.008223512711444043;0.004126024421874347;0.0020402944951553575;0.005743491947840182;0.007013055609309327;0.0020676852030742394;0.006391017074245055;0.004174248664954286;0.006748116324399438;0.007139154038938161;0.0017978050361336804;0.0027104861321807353;0.0028563021944103756;0.0018359346223309652;0.005885350073438357;0.004423465637548405;0.003032587913569965;0.005823961619280782;0.008190588838284853;0.009212144141486044;0.0073800828790831115;0.006178284840936286;0.005162828265287989;0.004899175566729635;0.004245243951875385;0.00441588048963888;0.002737386718364567;0.002346827932501117;0.0034081731099136103;0.0033882395296493156;0.007268095925100476;0.002316817266666216;0.003427392938365605;0.0015555245661549664;0.0019150917807506372;0.008812834300626987,0.13605664670467377;0.13558071851730347;0.13708847761154175;0.13655366003513336;0.1342652589082718;0.12605918943881989;0.1321394443511963;0.142316997051239;0.1367979794740677;0.13060864806175232;0.13470911979675293;0.13006258010864258;0.1289062649011612;0.13874855637550354;0.13249163329601288;0.1322607547044754;0.13536608219146729;0.13427679240703583;0.14222277700901031;0.13661625981330872;0.13872286677360535;0.13779377937316895;0.1276843249797821;0.132675439119339;0.1303756982088089;0.13450568914413452;0.1277477890253067;0.13527891039848328;0.12882427871227264;0.13275806605815887;0.13651947677135468;0.14206159114837646;0.1278476119041443;0.1289956271648407;0.1305299997329712;0.1308503895998001;0.13392603397369385;0.1335655152797699;0.13295979797840118;0.1336400806903839;0.13498245179653168;0.12249059230089188;0.134890615940094;0.13663075864315033;0.14052149653434753;0.13688109815120697;0.13479481637477875;0.13775968551635742;0.13665638864040375;0.13365241885185242,128,0,0,"{'solver_error': 0, 'short_solution': 0, 'duplicate': 0, 'goal_error': 0, 'invalid_state': 15}",0.017088477611541752,inf,1.5757478252661685e-09,passthrough,0,0,2,1,5,0,1,2,1.0,0.03698253491404104,0.32039445638656616,0.0,1.0,0.04591720558624657,0,1,1,0,0.1164433456925924,0.0,passthrough,osqp optimal,5.047380953426427e-10,0,0,12,,predictive_link_4,,,0,0,1,solved,osqp,0.0,valid,0.04591720558624657,1.0458657700614804,9.59759241e-18|0.0555652763|0.0949051909|0.114808387|0.132087864|0.132087864,,,,,,,,,,0.009332126006484032,0.002497307024896145,0.0012801500270143151,0.001491919974796474
25,1.3,-2.273302503000551,0.615143895149231,0.16485226154327393,0.22809246182441711,0.402418851852417,1.0,4,0,0,0,0,0,0,,0,0,,-1,-1,nan,not_applicable,,,nan,0,0.5079644918441772,6.279726028442383,126.98844146728516,0.7848997712135315,0.7848997712135315,0.1784949896095781,0.16485226154327393,0.013642728066304177,0.5092258885520662,0.28673151382920614,0.5088951409842472,0.2788511772451204,0.23004396373912678,0.5088951402361342,0,0,disabled,0.0,1,SERVO,direct_path,0,1.2029289790662006,2.1875242290552706,50,1,1,1,2,0.5920667736781788,0.13708847761154175,0.0005245269038791203;0.0011937008834796755;0.0009825824100319546;0.00026123493391670694;0.0029017991009725515;0.009845799703699032;0.0076506356816503154;0.006772873518065394;0.002590121705002497;0.008701509343003115;0.0027326284086794505;0.01079822953806258;0.00991662611464647;0.0031939705815206914;0.008223512711444043;0.004126024421874347;0.0020402944951553575;0.005743491947840182;0.007013055609309327;0.0020676852030742394;0.006391017074245055;0.004174248664954286;0.006748116324399438;0.007139154038938161;0.0017978050361336804;0.0027104861321807353;0.0028563021944103756;0.0018359346223309652;0.005885350073438357;0.004423465637548405;0.003032587913569965;0.005823961619280782;0.008190588838284853;0.009212144141486044;0.0073800828790831115;0.006178284840936286;0.005162828265287989;0.004899175566729635;0.004245243951875385;0.00441588048963888;0.002737386718364567;0.002346827932501117;0.0034081731099136103;0.0033882395296493156;0.007268095925100476;0.002316817266666216;0.003427392938365605;0.0015555245661549664;0.0019150917807506372;0.008812834300626987,0.13605664670467377;0.13558071851730347;0.13708847761154175;0.13655366003513336;0.1342652589082718;0.12605918943881989;0.1321394443511963;0.142316997051239;0.1367979794740677;0.13060864806175232;0.13470911979675293;0.13006258010864258;0.1289062649011612;0.13874855637550354;0.13249163329601288;0.1322607547044754;0.13536608219146729;0.13427679240703583;0.14222277700901031;0.13661625981330872;0.13872286677360535;0.13779377937316895;0.1276843249797821;0.132675439119339;0.1303756982088089;0.13450568914413452;0.1277477890253067;0.13527891039848328;0.12882427871227264;0.13275806605815887;0.13651947677135468;0.14206159114837646;0.1278476119041443;0.1289956271648407;0.1305299997329712;0.1308503895998001;0.13392603397369385;0.1335655152797699;0.13295979797840118;0.1336400806903839;0.13498245179653168;0.12249059230089188;0.134890615940094;0.13663075864315033;0.14052149653434753;0.13688109815120697;0.13479481637477875;0.13775968551635742;0.13665638864040375;0.13365241885185242,128,0,0,"{'solver_error': 0, 'short_solution': 0, 'duplicate': 0, 'goal_error': 0, 'invalid_state': 15}",0.017088477611541752,inf,1.5753646334431579e-09,passthrough,1,0,2,1,5,0,1,2,1.0,0.01419888619146538,0.7848997712135315,0.0,1.0,0.04227182179063446,0,1,1,0,0.1164433456925924,0.0,filtered,osqp optimal,0.3334008167675392,0,0,12,joint_3_acceleration_lower|joint_0_acceleration_upper,predictive_link_4,,,0,0,1,solved,osqp,0.0,valid,0.04227182179063446,1.0476879000553367,0|0.0542009584|0.0917823805|0.110973321|0.127661887|0.127661887,,,,,,,,,,0.008707296918146312,0.0025460129836574197,0.0013154479674994946,0.0016195629723370075
26,1.35,-2.052578860553153,0.5566670894622803,0.15254950523376465,0.2223614752292633,0.3628079891204834,1.0,4,0,0,0,0,0,0,,0,0,,-1,-1,nan,not_applicable,,,nan,0,0.5642908215522766,2.859043836593628,119.66059875488281,0.778754711151123,0.778754711151123,0.16485226755707583,0.15254950523376465,0.012302762323311178,0.5066193671495869,0.27305095813858354,0.5065155512037172,0.24700663918038057,0.2595089120233366,0.506515569681378,0,0,disabled,0.0,1,SERVO,direct_path,0,1.2029289790662006,2.1875242290552706,50,1,1,1,2,0.5920667736781788,0.13708847761154175,0.0005245269038791203;0.0011937008834796755;0.0009825824100319546;0.00026123493391670694;0.0029017991009725515;0.009845799703699032;0.0076506356816503154;0.006772873518065394;0.002590121705002497;0.008701509343003115;0.0027326284086794505;0.01079822953806258;0.00991662611464647;0.0031939705815206914;0.008223512711444043;0.004126024421874347;0.0020402944951553575;0.005743491947840182;0.007013055609309327;0.0020676852030742394;0.006391017074245055;0.004174248664954286;0.006748116324399438;0.007139154038938161;0.0017978050361336804;0.0027104861321807353;0.0028563021944103756;0.0018359346223309652;0.005885350073438357;0.004423465637548405;0.003032587913569965;0.005823961619280782;0.008190588838284853;0.009212144141486044;0.0073800828790831115;0.006178284840936286;0.005162828265287989;0.004899175566729635;0.004245243951875385;0.00441588048963888;0.002737386718364567;0.002346827932501117;0.0034081731099136103;0.0033882395296493156;0.007268095925100476;0.002316817266666216;0.003427392938365605;0.0015555245661549664;0.0019150917807506372;0.008812834300626987,0.13605664670467377;0.13558071851730347;0.13708847761154175;0.13655366003513336;0.1342652589082718;0.12605918943881989;0.1321394443511963;0.142316997051239;0.1367979794740677;0.13060864806175232;0.13470911979675293;0.13006258010864258;0.1289062649011612;0.13874855637550354;0.13249163329601288;0.1322607547044754;0.13536608219146729;0.13427679240703583;0.14222277700901031;0.13661625981330872;0.13872286677360535;0.13779377937316895;0.1276843249797821;0.132675439119339;0.1303756982088089;0.13450568914413452;0.1277477890253067;0.13527891039848328;0.12882427871227264;0.13275806605815887;0.13651947677135468;0.14206159114837646;0.1278476119041443;0.1289956271648407;0.1305299997329712;0.1308503895998001;0.13392603397369385;0.1335655152797699;0.13295979797840118;0.1336400806903839;0.13498245179653168;0.12249059230089188;0.134890615940094;0.13663075864315033;0.14052149653434753;0.13688109815120697;0.13479481637477875;0.13775968551635742;0.13665638864040375;0.13365241885185242,128,0,0,"{'solver_error': 0, 'short_solution': 0, 'duplicate': 0, 'goal_error': 0, 'invalid_state': 15}",0.017088477611541752,inf,0.4247686507183829,filtered,2,0,2,1,6,1,1,2,1.0,0.0,0.778754711151123,0.0,1.0,0.022113083795298444,0,1,1,0,0.1164433456925924,0.0,filtered,osqp optimal,0.4068305899380596,0,1,12,predictive_link_4,predictive_link_4,,,0,0,1,solved,osqp,0.0,valid,0.022113083795298444,1.0522013868183004,3.05655431e-17|0.0953159974|0.21037188|0.258664849|0.288032596|0.288032596,,,,,,,,,,0.010255886008962989,0.0029598940163850784,0.0012670740252360702,0.0017347009852528572
27,1.4000000000000001,-2.2419842961932437,0.60765540599823,0.1398916095495224,0.21603676676750183,0.3958854675292969,1.0,4,0,0,0,0,0,0,,0,0,,-1,-1,nan,not_applicable,,,nan,0,0.5440595149993896,0.8091332912445068,71.99060821533203,0.7635113596916199,0.7635113596916199,0.1525494993235628,0.1398916095495224,0.012657889774040393,0.5049006584189434,0.2755143606023745,0.5048026442174882,0.2540646019100395,0.2507380423074487,0.5048026246599976,0,0,disabled,0.0,1,SERVO,direct_path,0,1.2029289790662006,2.1875242290552706,50,1,1,1,2,0.5920667736781788,0.13708847761154175,0.0005245269038791203;0.0011937008834796755;0.0009825824100319546;0.00026123493391670694;0.0029017991009725515;0.009845799703699032;0.0076506356816503154;0.006772873518065394;0.002590121705002497;0.008701509343003115;0.0027326284086794505;0.01079822953806258;0.00991662611464647;0.0031939705815206914;0.008223512711444043;0.004126024421874347;0.0020402944951553575;0.005743491947840182;0.007013055609309327;0.0020676852030742394;0.006391017074245055;0.004174248664954286;0.006748116324399438;0.007139154038938161;0.0017978050361336804;0.0027104861321807353;0.0028563021944103756;0.0018359346223309652;0.005885350073438357;0.004423465637548405;0.003032587913569965;0.005823961619280782;0.008190588838284853;0.009212144141486044;0.0073800828790831115;0.006178284840936286;0.005162828265287989;0.004899175566729635;0.004245243951875385;0.00441588048963888;0.002737386718364567;0.002346827932501117;0.0034081731099136103;0.0033882395296493156;0.007268095925100476;0.002316817266666216;0.003427392938365605;0.0015555245661549664;0.0019150917807506372;0.008812834300626987,0.13605664670467377;0.13558071851730347;0.13708847761154175;0.13655366003513336;0.1342652589082718;0.12605918943881989;0.1321394443511963;0.142316997051239;0.1367979794740677;0.13060864806175232;0.13470911979675293;0.13006258010864258;0.1289062649011612;0.13874855637550354;0.13249163329601288;0.1322607547044754;0.13536608219146729;0.13427679240703583;0.14222277700901031;0.13661625981330872;0.13872286677360535;0.13779377937316895;0.1276843249797821;0.132675439119339;0.1303756982088089;0.13450568914413452;0.1277477890253067;0.13527891039848328;0.12882427871227264;0.13275806605815887;0.13651947677135468;0.14206159114837646;0.1278476119041443;0.1289956271648407;0.1305299997329712;0.1308503895998001;0.13392603397369385;0.1335655152797699;0.13295979797840118;0.1336400806903839;0.13498245179653168;0.12249059230089188;0.134890615940094;0.13663075864315033;0.14052149653434753;0.13688109815120697;0.13479481637477875;0.13775968551635742;0.13665638864040375;0.13365241885185242,128,0,0,"{'solver_error': 0, 'short_solution': 0, 'duplicate': 0, 'goal_error': 0, 'invalid_state': 15}",0.017088477611541752,inf,0.522411722346693,filtered,3,0,2,1,7,1,1,2,1.0,0.0,0.7635113596916199,0.0,1.0,0.02471786170685525,0,1,1,0,0.1164433456925924,0.0,filtered,osqp optimal,0.39253843396716015,0,1,12,predictive_link_4,predictive_link_4,,,0,0,1,solved,osqp,0.0,valid,0.02471786170685525,1.058511648390046,0|0.0865680629|0.191404955|0.239978848|0.27460745|0.27460745,,,,,,,,,,0.008814378990791738,0.0026167730102315545,0.0012768760789185762,0.001741351094096899
28,1.4500000000000002,-2.1071998649190444,0.5645701885223389,0.1296219378709793,0.21153345704078674,0.3619369566440582,1.0,4,0,0,0,0,0,0,,0,0,,-1,-1,nan,not_applicable,,,nan,0,0.4923078119754791,1.301950454711914,31.86038589477539,0.7182214856147766,0.7182214856147766,0.1398916007630401,0.1296219378709793,0.010269662892060799,0.47872376923194276,0.23424137973071518,0.4785914643343968,0.2068447849103834,0.2717466794240134,0.4785914342744423,0,0,disabled,0.0,1,SERVO,direct_path,0,1.2029289790662006,2.1875242290552706,50,1,1,1,2,0.5920667736781788,0.13708847761154175,0.0005245269038791203;0.0011937008834796755;0.0009825824100319546;0.00026123493391670694;0.0029017991009725515;0.009845799703699032;0.0076506356816503154;0.006772873518065394;0.002590121705002497;0.008701509343003115;0.0027326284086794505;0.01079822953806258;0.00991662611464647;0.0031939705815206914;0.008223512711444043;0.004126024421874347;0.0020402944951553575;0.005743491947840182;0.007013055609309327;0.0020676852030742394;0.006391017074245055;0.004174248664954286;0.006748116324399438;0.007139154038938161;0.0017978050361336804;0.0027104861321807353;0.0028563021944103756;0.0018359346223309652;0.005885350073438357;0.004423465637548405;0.003032587913569965;0.005823961619280782;0.008190588838284853;0.009212144141486044;0.0073800828790831115;0.006178284840936286;0.005162828265287989;0.004899175566729635;0.004245243951875385;0.00441588048963888;0.002737386718364567;0.002346827932501117;0.0034081731099136103;0.0033882395296493156;0.007268095925100476;0.002316817266666216;0.003427392938365605;0.0015555245661549664;0.0019150917807506372;0.008812834300626987,0.13605664670467377;0.13558071851730347;0.13708847761154175;0.13655366003513336;0.1342652589082718;0.12605918943881989;0.1321394443511963;0.142316997051239;0.1367979794740677;0.13060864806175232;0.13470911979675293;0.13006258010864258;0.1289062649011612;0.13874855637550354;0.13249163329601288;0.1322607547044754;0.13536608219146729;0.13427679240703583;0.14222277700901031;0.13661625981330872;0.13872286677360535;0.13779377937316895;0.1276843249797821;0.132675439119339;0.1303756982088089;0.13450568914413452;0.1277477890253067;0.13527891039848328;0.12882427871227264;0.13275806605815887;0.13651947677135468;0.14206159114837646;0.1278476119041443;0.1289956271648407;0.1305299997329712;0.1308503895998001;0.13392603397369385;0.1335655152797699;0.13295979797840118;0.1336400806903839;0.13498245179653168;0.12249059230089188;0.134890615940094;0.13663075864315033;0.14052149653434753;0.13688109815120697;0.13479481637477875;0.13775968551635742;0.13665638864040375;0.13365241885185242,128,0,0,"{'solver_error': 0, 'short_solution': 0, 'duplicate': 0, 'goal_error': 0, 'invalid_state': 15}",0.017088477611541752,inf,0.5141225850597761,filtered,4,0,2,1,8,1,1,2,1.0,0.0,0.7182214856147766,0.0,1.0,0.016335327154774204,0,1,1,0,0.1164433456925924,0.0,filtered,osqp optimal,0.42213099433531376,0,1,12,predictive_link_4,predictive_link_4,,,0,0,1,solved,osqp,3.3572475494070275e-09,valid,0.016335327154774204,1.0642054012655402,2.78026314e-17|0.091489831|0.196579921|0.244022114|0.276979061|0.276979061,,,,,,,,,,0.008927432936616242,0.0026466120034456253,0.0012511149980127811,0.0017911409959197044
29,1.5,-2.174882581259566,0.5786829590797424,0.12023971229791641,0.20726823806762695,0.369142085313797,1.0,4,0,0,0,0,0,0,,0,0,,-1,-1,nan,not_applicable,,,nan,0,0.4414650797843933,1.0753066539764404,21.184955596923828,0.659746527671814,0.659746527671814,0.12962193325691868,0.12023971229791641,0.009382220959002263,0.4437662995747758,0.21148857476856747,0.443651964833949,0.18883436481071975,0.25481760002322923,0.44365194904158306,0,0,disabled,0.0,1,SERVO,direct_path,0,1.2029289790662006,2.1875242290552706,50,1,1,1,2,0.5920667736781788,0.13708847761154175,0.0005245269038791203;0.0011937008834796755;0.0009825824100319546;0.00026123493391670694;0.0029017991009725515;0.009845799703699032;0.0076506356816503154;0.006772873518065394;0.002590121705002497;0.008701509343003115;0.0027326284086794505;0.01079822953806258;0.00991662611464647;0.0031939705815206914;0.008223512711444043;0.004126024421874347;0.0020402944951553575;0.005743491947840182;0.007013055609309327;0.0020676852030742394;0.006391017074245055;0.004174248664954286;0.006748116324399438;0.007139154038938161;0.0017978050361336804;0.0027104861321807353;0.0028563021944103756;0.0018359346223309652;0.005885350073438357;0.004423465637548405;0.003032587913569965;0.005823961619280782;0.008190588838284853;0.009212144141486044;0.0073800828790831115;0.006178284840936286;0.005162828265287989;0.004899175566729635;0.004245243951875385;0.00441588048963888;0.002737386718364567;0.002346827932501117;0.0034081731099136103;0.0033882395296493156;0.007268095925100476;0.002316817266666216;0.003427392938365605;0.0015555245661549664;0.0019150917807506372;0.008812834300626987,0.13605664670467377;0.13558071851730347;0.13708847761154175;0.13655366003513336;0.1342652589082718;0.12605918943881989;0.1321394443511963;0.142316997051239;0.1367979794740677;0.13060864806175232;0.13470911979675293;0.13006258010864258;0.1289062649011612;0.13874855637550354;0.13249163329601288;0.1322607547044754;0.13536608219146729;0.13427679240703583;0.14222277700901031;0.13661625981330872;0.13872286677360535;0.13779377937316895;0.1276843249797821;0.132675439119339;0.1303756982088089;0.13450568914413452;0.1277477890253067;0.13527891039848328;0.12882427871227264;0.13275806605815887;0.13651947677135468;0.14206159114837646;0.1278476119041443;0.1289956271648407;0.1305299997329712;0.1308503895998001;0.13392603397369385;0.1335655152797699;0.13295979797840118;0.1336400806903839;0.13498245179653168;0.12249059230089188;0.134890615940094;0.13663075864315033;0.14052149653434753;0.13688109815120697;0.13479481637477875;0.13775968551635742;0.13665638864040375;0.13365241885185242,128,0,0,"{'solver_error': 0, 'short_solution': 0, 'duplicate': 0, 'goal_error': 0, 'invalid_state': 15}",0.017088477611541752,inf,0.5877448708931089,filtered,5,0,2,1,9,1,1,2,1.0,0.0,0.659746527671814,0.0,1.0,0.016486132506122547,0,1,1,0,0.1164433456925924,0.0,filtered,osqp optimal,0.3895862415662278,0,1,12,predictive_link_4,predictive_link_4,,,0,0,1,solved,osqp,7.336184201789386e-09,valid,0.016486132506122547,1.0695553805355134,0|0.0769443434|0.16271769|0.20349617|0.235314387|0.235314387,,,,,,,,,,0.008615619968622923,0.0025980379432439804,0.0012490429216995835,0.0016753600211814046
30,1.55,-2.0841038415447617,0.5491663217544556,0.11257142573595047,0.2040511965751648,0.34356093406677246,1.0,4,0,0,0,0,0,0,,0,0,,-1,-1,nan,not_applicable,,,nan,0,0.3894409239292145,1.109328031539917,11.757204055786133,0.6066029667854309,0.6066029667854309,0.12023970970451059,0.11257142573595047,0.007668283968560119,0.41182029667323333,0.17779549357527663,0.41172289530381223,0.15454857800375144,0.2571743173000608,0.41172288642351357,0,0,disabled,0.0,1,SERVO,direct_path,0,1.2029289790662006,2.1875242290552706,50,1,1,1,2,0.5920667736781788,0.13708847761154175,0.0005245269038791203;0.0011937008834796755;0.0009825824100319546;0.00026123493391670694;0.0029017991009725515;0.009845799703699032;0.0076506356816503154;0.006772873518065394;0.002590121705002497;0.008701509343003115;0.0027326284086794505;0.01079822953806258;0.00991662611464647;0.0031939705815206914;0.008223512711444043;0.004126024421874347;0.0020402944951553575;0.005743491947840182;0.007013055609309327;0.0020676852030742394;0.006391017074245055;0.004174248664954286;0.006748116324399438;0.007139154038938161;0.0017978050361336804;0.0027104861321807353;0.0028563021944103756;0.0018359346223309652;0.005885350073438357;0.004423465637548405;0.003032587913569965;0.005823961619280782;0.008190588838284853;0.009212144141486044;0.0073800828790831115;0.006178284840936286;0.005162828265287989;0.004899175566729635;0.004245243951875385;0.00441588048963888;0.002737386718364567;0.002346827932501117;0.0034081731099136103;0.0033882395296493156;0.007268095925100476;0.002316817266666216;0.003427392938365605;0.0015555245661549664;0.0019150917807506372;0.008812834300626987,0.13605664670467377;0.13558071851730347;0.13708847761154175;0.13655366003513336;0.1342652589082718;0.12605918943881989;0.1321394443511963;0.142316997051239;0.1367979794740677;0.13060864806175232;0.13470911979675293;0.13006258010864258;0.1289062649011612;0.13874855637550354;0.13249163329601288;0.1322607547044754;0.13536608219146729;0.13427679240703583;0.14222277700901031;0.13661625981330872;0.13872286677360535;0.13779377937316895;0.1276843249797821;0.132675439119339;0.1303756982088089;0.13450568914413452;0.1277477890253067;0.13527891039848328;0.12882427871227264;0.13275806605815887;0.13651947677135468;0.14206159114837646;0.1278476119041443;0.1289956271648407;0.1305299997329712;0.1308503895998001;0.13392603397369385;0.1335655152797699;0.13295979797840118;0.1336400806903839;0.13498245179653168;0.12249059230089188;0.134890615940094;0.13663075864315033;0.14052149653434753;0.13688109815120697;0.13479481637477875;0.13775968551635742;0.13665638864040375;0.13365241885185242,128,0,0,"{'solver_error': 0, 'short_solution': 0, 'duplicate': 0, 'goal_error': 0, 'invalid_state': 15}",0.017088477611541752,inf,0.5905089685595505,filtered,6,0,2,1,10,1,1,2,1.0,0.0,0.6066029667854309,0.0,1.0,0.012333666808555466,0,1,1,0,0.1164433456925924,0.0,filtered,osqp optimal,0.38748999220551217,0,1,12,predictive_link_4,predictive_link_4,,,0,0,1,solved,osqp,0.0,valid,0.012333666808555466,1.0741679250260638,0|0.0731646705|0.147962523|0.18371495|0.212323167|0.212323167,,,,,,,,,,0.008565098978579044,0.002521574031561613,0.0012499400181695819,0.001607318059541285
31,1.6,-2.097542288244261,0.5492595434188843,0.10579559206962585,0.20116382837295532,0.340770423412323,1.0,4,0,0,0,0,0,0,,0,0,,-1,-1,nan,not_applicable,,,nan,0,0.34476417303085327,0.9149096012115479,9.015913963317871,0.5614612698554993,0.5614612698554993,0.11257142447518599,0.10579559206962585,0.0067758324055601366,0.38576462326034083,0.156468461486406,0.3856857222385265,0.13648905466939273,0.24919666756913375,0.38568571791896794,0,0,disabled,0.0,1,SERVO,direct_path,0,1.2029289790662006,2.1875242290552706,50,1,1,1,2,0.5920667736781788,0.13708847761154175,0.0005245269038791203;0.0011937008834796755;0.0009825824100319546;0.00026123493391670694;0.0029017991009725515;0.009845799703699032;0.0076506356816503154;0.006772873518065394;0.002590121705002497;0.008701509343003115;0.0027326284086794505;0.01079822953806258;0.00991662611464647;0.0031939705815206914;0.008223512711444043;0.004126024421874347;0.0020402944951553575;0.005743491947840182;0.007013055609309327;0.0020676852030742394;0.006391017074245055;0.004174248664954286;0.006748116324399438;0.007139154038938161;0.0017978050361336804;0.0027104861321807353;0.0028563021944103756;0.0018359346223309652;0.005885350073438357;0.004423465637548405;0.003032587913569965;0.005823961619280782;0.008190588838284853;0.009212144141486044;0.0073800828790831115;0.006178284840936286;0.005162828265287989;0.004899175566729635;0.004245243951875385;0.00441588048963888;0.002737386718364567;0.002346827932501117;0.0034081731099136103;0.0033882395296493156;0.007268095925100476;0.002316817266666216;0.003427392938365605;0.0015555245661549664;0.0019150917807506372;0.008812834300626987,0.13605664670467377;0.13558071851730347;0.13708847761154175;0.13655366003513336;0.1342652589082718;0.12605918943881989;0.1321394443511963;0.142316997051239;0.1367979794740677;0.13060864806175232;0.13470911979675293;0.13006258010864258;0.1289062649011612;0.13874855637550354;0.13249163329601288;0.1322607547044754;0.13536608219146729;0.13427679240703583;0.14222277700901031;0.13661625981330872;0.13872286677360535;0.13779377937316895;0.1276843249797821;0.132675439119339;0.1303756982088089;0.13450568914413452;0.1277477890253067;0.13527891039848328;0.12882427871227264;0.13275806605815887;0.13651947677135468;0.14206159114837646;0.1278476119041443;0.1289956271648407;0.1305299997329712;0.1308503895998001;0.13392603397369385;0.1335655152797699;0.13295979797840118;0.1336400806903839;0.13498245179653168;0.12249059230089188;0.134890615940094;0.13663075864315033;0.14052149653434753;0.13688109815120697;0.13479481637477875;0.13775968551635742;0.13665638864040375;0.13365241885185242,128,0,0,"{'solver_error': 0, 'short_solution': 0, 'duplicate': 0, 'goal_error': 0, 'invalid_state': 15}",0.017088477611541752,inf,0.638786839864857,filtered,7,0,2,1,11,1,1,2,1.0,0.0,0.5614612698554993,0.0,1.0,0.011636258361832186,0,1,1,0,0.1164433456925924,0.0,filtered,osqp optimal,0.3699137276956533,0,1,12,predictive_link_4,predictive_link_4,,,0,0,1,solved,osqp,0.0,valid,0.011636258361832186,1.0782802126437263,3.65564484e-19|0.0633375524|0.12240874|0.152256561|0.178379076|0.178379076,,,,,,,,,,0.008560166927054524,0.0025186699349433184,0.0012169219553470612,0.0016425249632447958
32,1.6500000000000001,-2.036880649211037,0.5295547842979431,0.10015805065631866,0.19888049364089966,0.32260528206825256,1.0,4,0,0,0,0,0,0,,0,0,,-1,-1,nan,not_applicable,,,nan,0,0.30296117067337036,0.860158383846283,4.811408519744873,0.5217120051383972,0.5217120051383972,0.10579559438459395,0.10015805065631866,0.005637543728275282,0.3627354512796465,0.1327799483024076,0.3626731778867311,0.11361481009053853,0.24905836779619256,0.3626731858225706,0,0,disabled,0.0,1,SERVO,direct_path,0,1.2029289790662006,2.1875242290552706,50,1,1,1,2,0.5920667736781788,0.13708847761154175,0.0005245269038791203;0.0011937008834796755;0.0009825824100319546;0.00026123493391670694;0.0029017991009725515;0.009845799703699032;0.0076506356816503154;0.006772873518065394;0.002590121705002497;0.008701509343003115;0.0027326284086794505;0.01079822953806258;0.00991662611464647;0.0031939705815206914;0.008223512711444043;0.004126024421874347;0.0020402944951553575;0.005743491947840182;0.007013055609309327;0.0020676852030742394;0.006391017074245055;0.004174248664954286;0.006748116324399438;0.007139154038938161;0.0017978050361336804;0.0027104861321807353;0.0028563021944103756;0.0018359346223309652;0.005885350073438357;0.004423465637548405;0.003032587913569965;0.005823961619280782;0.008190588838284853;0.009212144141486044;0.0073800828790831115;0.006178284840936286;0.005162828265287989;0.004899175566729635;0.004245243951875385;0.00441588048963888;0.002737386718364567;0.002346827932501117;0.0034081731099136103;0.0033882395296493156;0.007268095925100476;0.002316817266666216;0.003427392938365605;0.0015555245661549664;0.0019150917807506372;0.008812834300626987,0.13605664670467377;0.13558071851730347;0.13708847761154175;0.13655366003513336;0.1342652589082718;0.12605918943881989;0.1321394443511963;0.142316997051239;0.1367979794740677;0.13060864806175232;0.13470911979675293;0.13006258010864258;0.1289062649011612;0.13874855637550354;0.13249163329601288;0.1322607547044754;0.13536608219146729;0.13427679240703583;0.14222277700901031;0.13661625981330872;0.13872286677360535;0.13779377937316895;0.1276843249797821;0.132675439119339;0.1303756982088089;0.13450568914413452;0.1277477890253067;0.13527891039848328;0.12882427871227264;0.13275806605815887;0.13651947677135468;0.14206159114837646;0.1278476119041443;0.1289956271648407;0.1305299997329712;0.1308503895998001;0.13392603397369385;0.1335655152797699;0.13295979797840118;0.1336400806903839;0.13498245179653168;0.12249059230089188;0.134890615940094;0.13663075864315033;0.14052149653434753;0.13688109815120697;0.13479481637477875;0.13775968551635742;0.13665638864040375;0.13365241885185242,128,0,0,"{'solver_error': 0, 'short_solution': 0, 'duplicate': 0, 'goal_error': 0, 'invalid_state': 15}",0.017088477611541752,inf,0.6588410413257112,filtered,8,0,2,1,12,1,1,2,1.0,0.0,0.5217120051383972,0.0,1.0,0.009298308144010503,0,1,1,0,0.1164433456925924,0.0,filtered,osqp optimal,0.36516459979354005,0,1,12,predictive_link_4,predictive_link_4,,,0,0,1,solved,osqp,0.0,valid,0.009298308144010503,1.0818348471986952,2.10373404e-17|0.05844853|0.108187643|0.133821665|0.156899359|0.156899359,,,,,,,,,,0.008567844051867723,0.0025366899790242314,0.0012681300286203623,0.0016206259606406093
33,1.7000000000000002,-2.029346774529536,0.5248913764953613,0.09524601697921753,0.19687798619270325,0.316630095243454,1.0,4,0,0,0,0,0,0,,0,0,,-1,-1,nan,not_applicable,,,nan,0,0.26663002371788025,0.7366629838943481,4.232896327972412,0.48816221952438354,0.48816221952438354,0.10015804740297705,0.09524601697921753,0.004912030423759525,0.3435886178140228,0.11580705954348895,0.34354168913386185,0.0989448668952205,0.24459682223864135,0.3435416779749139,0,0,disabled,0.0,1,SERVO,direct_path,0,1.2029289790662006,2.1875242290552706,50,1,1,1,2,0.5920667736781788,0.13708847761154175,0.0005245269038791203;0.0011937008834796755;0.0009825824100319546;0.00026123493391670694;0.0029017991009725515;0.009845799703699032;0.0076506356816503154;0.006772873518065394;0.002590121705002497;0.008701509343003115;0.0027326284086794505;0.01079822953806258;0.00991662611464647;0.0031939705815206914;0.008223512711444043;0.004126024421874347;0.0020402944951553575;0.005743491947840182;0.007013055609309327;0.0020676852030742394;0.006391017074245055;0.004174248664954286;0.006748116324399438;0.007139154038938161;0.0017978050361336804;0.0027104861321807353;0.0028563021944103756;0.0018359346223309652;0.005885350073438357;0.004423465637548405;0.003032587913569965;0.005823961619280782;0.008190588838284853;0.009212144141486044;0.0073800828790831115;0.006178284840936286;0.005162828265287989;0.004899175566729635;0.004245243951875385;0.00441588048963888;0.002737386718364567;0.002346827932501117;0.0034081731099136103;0.0033882395296493156;0.007268095925100476;0.002316817266666216;0.003427392938365605;0.0015555245661549664;0.0019150917807506372;0.008812834300626987,0.13605664670467377;0.13558071851730347;0.13708847761154175;0.13655366003513336;0.1342652589082718;0.12605918943881989;0.1321394443511963;0.142316997051239;0.1367979794740677;0.13060864806175232;0.13470911979675293;0.13006258010864258;0.1289062649011612;0.13874855637550354;0.13249163329601288;0.1322607547044754;0.13536608219146729;0.13427679240703583;0.14222277700901031;0.13661625981330872;0.13872286677360535;0.13779377937316895;0.1276843249797821;0.132675439119339;0.1303756982088089;0.13450568914413452;0.1277477890253067;0.13527891039848328;0.12882427871227264;0.13275806605815887;0.13651947677135468;0.14206159114837646;0.1278476119041443;0.1289956271648407;0.1305299997329712;0.1308503895998001;0.13392603397369385;0.1335655152797699;0.13295979797840118;0.1336400806903839;0.13498245179653168;0.12249059230089188;0.134890615940094;0.13663075864315033;0.14052149653434753;0.13688109815120697;0.13479481637477875;0.13775968551635742;0.13665638864040375;0.13365241885185242,128,0,0,"{'solver_error': 0, 'short_solution': 0, 'duplicate': 0, 'goal_error': 0, 'invalid_state': 15}",0.017088477611541752,inf,0.6999352060082861,filtered,9,0,2,1,13,1,1,2,1.0,0.0,0.48816221952438354,0.0,1.0,0.008434161040388188,0,1,1,0,0.1164433456925924,0.0,filtered,osqp optimal,0.3546306897126918,0,1,12,predictive_link_4,predictive_link_4,,,0,0,1,solved,osqp,0.0,valid,0.008434161040388188,1.0849601257489603,2.77192566e-19|0.0514745582|0.091038869|0.112501825|0.133079896|0.133079896,,,,,,,,,,0.01086586806923151,0.0030389309395104647,0.0017230859957635403,0.002086656983010471
34,1.75,-1.991751419186591,0.5124623775482178,0.09109405428171158,0.19524332880973816,0.3047494888305664,1.0,4,0,0,0,0,0,0,,0,0,,-1,-1,nan,not_applicable,,,nan,0,0.23526446521282196,0.6401882767677307,2.81050443649292,0.46021777391433716,0.46021777391433716,0.09524601821544573,0.09109405428171158,0.004151963933734154,0.3273618247948478,0.09934808768244226,0.32733184203748505,0.08363906146081644,0.2436927805766686,0.3273318462860286,0,0,disabled,0.0,1,SERVO,direct_path,0,1.2029289790662006,2.1875242290552706,50,1,1,1,2,0.5920667736781788,0.13708847761154175,0.0005245269038791203;0.0011937008834796755;0.0009825824100319546;0.00026123493391670694;0.0029017991009725515;0.009845799703699032;0.0076506356816503154;0.006772873518065394;0.002590121705002497;0.008701509343003115;0.0027326284086794505;0.01079822953806258;0.00991662611464647;0.0031939705815206914;0.008223512711444043;0.004126024421874347;0.0020402944951553575;0.005743491947840182;0.007013055609309327;0.0020676852030742394;0.006391017074245055;0.004174248664954286;0.006748116324399438;0.007139154038938161;0.0017978050361336804;0.0027104861321807353;0.0028563021944103756;0.0018359346223309652;0.005885350073438357;0.004423465637548405;0.003032587913569965;0.005823961619280782;0.008190588838284853;0.009212144141486044;0.0073800828790831115;0.006178284840936286;0.005162828265287989;0.004899175566729635;0.004245243951875385;0.00441588048963888;0.002737386718364567;0.002346827932501117;0.0034081731099136103;0.0033882395296493156;0.007268095925100476;0.002316817266666216;0.003427392938365605;0.0015555245661549664;0.0019150917807506372;0.008812834300626987,0.13605664670467377;0.13558071851730347;0.13708847761154175;0.13655366003513336;0.1342652589082718;0.12605918943881989;0.1321394443511963;0.142316997051239;0.1367979794740677;0.13060864806175232;0.13470911979675293;0.13006258010864258;0.1289062649011612;0.13874855637550354;0.13249163329601288;0.1322607547044754;0.13536608219146729;0.13427679240703583;0.14222277700901031;0.13661625981330872;0.13872286677360535;0.13779377937316895;0.1276843249797821;0.132675439119339;0.1303756982088089;0.13450568914413452;0.1277477890253067;0.13527891039848328;0.12882427871227264;0.13275806605815887;0.13651947677135468;0.14206159114837646;0.1278476119041443;0.1289956271648407;0.1305299997329712;0.1308503895998001;0.13392603397369385;0.1335655152797699;0.13295979797840118;0.1336400806903839;0.13498245179653168;0.12249059230089188;0.134890615940094;0.13663075864315033;0.14052149653434753;0.13688109815120697;0.13479481637477875;0.13775968551635742;0.13665638864040375;0.13365241885185242,128,0,0,"{'solver_error': 0, 'short_solution': 0, 'duplicate': 0, 'goal_error': 0, 'invalid_state': 15}",0.017088477611541752,inf,0.7264607450740627,filtered,10,0,2,1,14,1,1,2,1.0,0.0,0.46021777391433716,0.0,1.0,0.006982589820108492,0,1,1,0,0.1164433456925924,0.0,filtered,osqp optimal,0.3500616960919249,0,1,12,predictive_link_4,predictive_link_4,,,0,0,1,solved,osqp,1.4088782127053001e-08,valid,0.006982589820108492,1.0876642461661028,4.88921283e-19|0.0466901923|0.0796658652|0.0979973425|0.11603464|0.11603464,,,,,,,,,,0.010278478031978011,0.002720205928198993,0.0015229489654302597,0.002247010008431971
35,1.8,-1.9815407375351757,0.507762610912323,0.08749119937419891,0.193823903799057,0.29938796162605286,1.0,4,0,0,0,0,0,0,,0,0,,-1,-1,nan,not_applicable,,,nan,0,0.20722073316574097,0.567999005317688,2.1605989933013916,0.43643584847450256,0.43643584847450256,0.09109405387425111,0.08749119937419891,0.0036028545000521967,0.3135891590257178,0.08651830625620166,0.31357089990952364,0.07255274422345503,0.2410181556860686,0.3135708985069322,0,0,disabled,0.0,1,SERVO,direct_path,0,1.2029289790662006,2.1875242290552706,50,1,1,1,2,0.5920667736781788,0.13708847761154175,0.0005245269038791203;0.0011937008834796755;0.0009825824100319546;0.00026123493391670694;0.0029017991009725515;0.009845799703699032;0.0076506356816503154;0.006772873518065394;0.002590121705002497;0.008701509343003115;0.0027326284086794505;0.01079822953806258;0.00991662611464647;0.0031939705815206914;0.008223512711444043;0.004126024421874347;0.0020402944951553575;0.005743491947840182;0.007013055609309327;0.0020676852030742394;0.006391017074245055;0.004174248664954286;0.006748116324399438;0.007139154038938161;0.0017978050361336804;0.0027104861321807353;0.0028563021944103756;0.0018359346223309652;0.005885350073438357;0.004423465637548405;0.003032587913569965;0.005823961619280782;0.008190588838284853;0.009212144141486044;0.0073800828790831115;0.006178284840936286;0.005162828265287989;0.004899175566729635;0.004245243951875385;0.00441588048963888;0.002737386718364567;0.002346827932501117;0.0034081731099136103;0.0033882395296493156;0.007268095925100476;0.002316817266666216;0.003427392938365605;0.0015555245661549664;0.0019150917807506372;0.008812834300626987,0.13605664670467377;0.13558071851730347;0.13708847761154175;0.13655366003513336;0.1342652589082718;0.12605918943881989;0.1321394443511963;0.142316997051239;0.1367979794740677;0.13060864806175232;0.13470911979675293;0.13006258010864258;0.1289062649011612;0.13874855637550354;0.13249163329601288;0.1322607547044754;0.13536608219146729;0.13427679240703583;0.14222277700901031;0.13661625981330872;0.13872286677360535;0.13779377937316895;0.1276843249797821;0.132675439119339;0.1303756982088089;0.13450568914413452;0.1277477890253067;0.13527891039848328;0.12882427871227264;0.13275806605815887;0.13651947677135468;0.14206159114837646;0.1278476119041443;0.1289956271648407;0.1305299997329712;0.1308503895998001;0.13392603397369385;0.1335655152797699;0.13295979797840118;0.1336400806903839;0.13498245179653168;0.12249059230089188;0.134890615940094;0.13663075864315033;0.14052149653434753;0.13688109815120697;0.13479481637477875;0.13775968551635742;0.13665638864040375;0.13365241885185242,128,0,0,"{'solver_error': 0, 'short_solution': 0, 'duplicate': 0, 'goal_error': 0, 'invalid_state': 15}",0.017088477611541752,inf,0.7606435820905165,filtered,11,0,2,1,15,1,1,2,1.0,0.0,0.43643584847450256,0.0,1.0,0.006205354385756229,0,1,1,0,0.1164433456925924,0.0,filtered,osqp optimal,0.34345250401864336,0,1,12,predictive_link_4,predictive_link_4,,,0,0,1,solved,osqp,4.338901744838086e-09,valid,0.006205354385756229,1.090042816107916,0|0.0416199782|0.0680925418|0.0835417358|0.0995103303|0.0995103303,,,,,,,,,,0.009624692029319704,0.002950794994831085,0.0013007970992475748,0.0018358860397711396
36,1.85,-1.9701440044602219,0.5027397871017456,0.08443015068769455,0.19264212250709534,0.2945142090320587,1.0,4,0,0,0,0,0,0,,0,0,,-1,-1,nan,not_applicable,,,nan,0,0.1816897690296173,0.5179934501647949,1.2833162546157837,0.41603243350982666,0.41603243350982666,0.08749119858769999,0.08443015068769455,0.0030610479000054425,0.3015778674646282,0.07433715882932287,0.30156732919849344,0.061628713471692874,0.23993861572680056,0.301567326487565,0,0,disabled,0.0,1,SERVO,direct_path,0,1.2029289790662006,2.1875242290552706,50,1,1,1,2,0.5920667736781788,0.13708847761154175,0.0005245269038791203;0.0011937008834796755;0.0009825824100319546;0.00026123493391670694;0.0029017991009725515;0.009845799703699032;0.0076506356816503154;0.006772873518065394;0.002590121705002497;0.008701509343003115;0.0027326284086794505;0.01079822953806258;0.00991662611464647;0.0031939705815206914;0.008223512711444043;0.004126024421874347;0.0020402944951553575;0.005743491947840182;0.007013055609309327;0.0020676852030742394;0.006391017074245055;0.004174248664954286;0.006748116324399438;0.007139154038938161;0.0017978050361336804;0.0027104861321807353;0.0028563021944103756;0.0018359346223309652;0.005885350073438357;0.004423465637548405;0.003032587913569965;0.005823961619280782;0.008190588838284853;0.009212144141486044;0.0073800828790831115;0.006178284840936286;0.005162828265287989;0.004899175566729635;0.004245243951875385;0.00441588048963888;0.002737386718364567;0.002346827932501117;0.0034081731099136103;0.0033882395296493156;0.007268095925100476;0.002316817266666216;0.003427392938365605;0.0015555245661549664;0.0019150917807506372;0.008812834300626987,0.13605664670467377;0.13558071851730347;0.13708847761154175;0.13655366003513336;0.1342652589082718;0.12605918943881989;0.1321394443511963;0.142316997051239;0.1367979794740677;0.13060864806175232;0.13470911979675293;0.13006258010864258;0.1289062649011612;0.13874855637550354;0.13249163329601288;0.1322607547044754;0.13536608219146729;0.13427679240703583;0.14222277700901031;0.13661625981330872;0.13872286677360535;0.13779377937316895;0.1276843249797821;0.132675439119339;0.1303756982088089;0.13450568914413452;0.1277477890253067;0.13527891039848328;0.12882427871227264;0.13275806605815887;0.13651947677135468;0.14206159114837646;0.1278476119041443;0.1289956271648407;0.1305299997329712;0.1308503895998001;0.13392603397369385;0.1335655152797699;0.13295979797840118;0.1336400806903839;0.13498245179653168;0.12249059230089188;0.134890615940094;0.13663075864315033;0.14052149653434753;0.13688109815120697;0.13479481637477875;0.13775968551635742;0.13665638864040375;0.13365241885185242,128,0,0,"{'solver_error': 0, 'short_solution': 0, 'duplicate': 0, 'goal_error': 0, 'invalid_state': 15}",0.017088477611541752,inf,0.7869484260267142,filtered,12,0,2,1,16,1,1,2,1.0,0.0,0.41603243350982666,0.0,1.0,0.0052387994695615725,0,1,1,0,0.1164433456925924,0.0,filtered,osqp optimal,0.3396476399549403,0,1,12,predictive_link_4,predictive_link_4,,,0,0,1,solved,osqp,2.9315026066345506e-09,valid,0.0052387994695615725,1.0921114702161505,0|0.0375278945|0.0594989011|0.0726842259|0.0866293301|0.0866293301,,,,,,,,,,0.016169027076102793,0.00297937192954123,0.0022333250381052494,0.003460633917711675
37,1.9000000000000001,-1.9840334073052746,0.5045422911643982,0.08178927004337311,0.1916210949420929,0.2959565222263336,1.0,4,0,0,0,0,0,0,,0,0,,-1,-1,nan,not_applicable,,,nan,0,0.1590227484703064,0.45961785316467285,1.3755333423614502,0.3989335298538208,0.3989335298538208,0.08443015098239788,0.08178927004337311,0.002640880939024773,0.2913302226404127,0.06439568520156955,0.29132462126347974,0.05314846106635576,0.23817616019712398,0.29132462228034794,0,0,disabled,0.0,1,SERVO,direct_path,0,1.2029289790662006,2.1875242290552706,50,1,1,1,2,0.5920667736781788,0.13708847761154175,0.0005245269038791203;0.0011937008834796755;0.0009825824100319546;0.00026123493391670694;0.0029017991009725515;0.009845799703699032;0.0076506356816503154;0.006772873518065394;0.002590121705002497;0.008701509343003115;0.0027326284086794505;0.01079822953806258;0.00991662611464647;0.0031939705815206914;0.008223512711444043;0.004126024421874347;0.0020402944951553575;0.005743491947840182;0.007013055609309327;0.0020676852030742394;0.006391017074245055;0.004174248664954286;0.006748116324399438;0.007139154038938161;0.0017978050361336804;0.0027104861321807353;0.0028563021944103756;0.0018359346223309652;0.005885350073438357;0.004423465637548405;0.003032587913569965;0.005823961619280782;0.008190588838284853;0.009212144141486044;0.0073800828790831115;0.006178284840936286;0.005162828265287989;0.004899175566729635;0.004245243951875385;0.00441588048963888;0.002737386718364567;0.002346827932501117;0.0034081731099136103;0.0033882395296493156;0.007268095925100476;0.002316817266666216;0.003427392938365605;0.0015555245661549664;0.0019150917807506372;0.008812834300626987,0.13605664670467377;0.13558071851730347;0.13708847761154175;0.13655366003513336;0.1342652589082718;0.12605918943881989;0.1321394443511963;0.142316997051239;0.1367979794740677;0.13060864806175232;0.13470911979675293;0.13006258010864258;0.1289062649011612;0.13874855637550354;0.13249163329601288;0.1322607547044754;0.13536608219146729;0.13427679240703583;0.14222277700901031;0.13661625981330872;0.13872286677360535;0.13779377937316895;0.1276843249797821;0.132675439119339;0.1303756982088089;0.13450568914413452;0.1277477890253067;0.13527891039848328;0.12882427871227264;0.13275806605815887;0.13651947677135468;0.14206159114837646;0.1278476119041443;0.1289956271648407;0.1305299997329712;0.1308503895998001;0.13392603397369385;0.1335655152797699;0.13295979797840118;0.1336400806903839;0.13498245179653168;0.12249059230089188;0.134890615940094;0.13663075864315033;0.14052149653434753;0.13688109815120697;0.13479481637477875;0.13775968551635742;0.13665638864040375;0.13365241885185242,128,0,0,"{'solver_error': 0, 'short_solution': 0, 'duplicate': 0, 'goal_error': 0, 'invalid_state': 15}",0.017088477611541752,inf,0.8163970224377178,filtered,13,0,2,1,17,1,1,2,1.0,0.0,0.3989335298538208,0.0,1.0,0.004607248190057242,0,1,1,0,0.1164433456925924,0.0,filtered,osqp optimal,0.33526372445656766,0,1,12,predictive_link_4,predictive_link_4,,,0,0,1,solved,osqp,0.0,valid,0.004607248190057242,1.0939132614303986,3.94131432e-20|0.0333183873|0.0510973751|0.0622224804|0.074415675|0.074415675,,,,,,,,,,0.01678369496949017,0.004709323984570801,0.00215571909211576,0.004122051992453635
38,1.9500000000000002,-1.9947009294274545,0.5056371688842773,0.07953830808401108,0.19075947999954224,0.2970517575740814,1.0,4,0,0,0,0,0,0,,0,0,,-1,-1,nan,not_applicable,,,nan,0,0.13881933689117432,0.41090452671051025,1.0364919900894165,0.38455766439437866,0.38455766439437866,0.08178927434570547,0.07953830808401108,0.0022509662616943954,0.2824552458924386,0.05532981414897595,0.2824526229715924,0.045287016414613544,0.23716560655697885,0.282452637829349,0,0,disabled,0.0,1,SERVO,direct_path,0,1.2029289790662006,2.1875242290552706,50,1,1,1,2,0.5920667736781788,0.13708847761154175,0.0005245269038791203;0.0011937008834796755;0.0009825824100319546;0.00026123493391670694;0.0029017991009725515;0.009845799703699032;0.0076506356816503154;0.006772873518065394;0.002590121705002497;0.008701509343003115;0.0027326284086794505;0.01079822953806258;0.00991662611464647;0.0031939705815206914;0.008223512711444043;0.004126024421874347;0.0020402944951553575;0.005743491947840182;0.007013055609309327;0.0020676852030742394;0.006391017074245055;0.004174248664954286;0.006748116324399438;0.007139154038938161;0.0017978050361336804;0.0027104861321807353;0.0028563021944103756;0.0018359346223309652;0.005885350073438357;0.004423465637548405;0.003032587913569965;0.005823961619280782;0.008190588838284853;0.009212144141486044;0.0073800828790831115;0.006178284840936286;0.005162828265287989;0.004899175566729635;0.004245243951875385;0.00441588048963888;0.002737386718364567;0.002346827932501117;0.0034081731099136103;0.0033882395296493156;0.007268095925100476;0.002316817266666216;0.003427392938365605;0.0015555245661549664;0.0019150917807506372;0.008812834300626987,0.13605664670467377;0.13558071851730347;0.13708847761154175;0.13655366003513336;0.1342652589082718;0.12605918943881989;0.1321394443511963;0.142316997051239;0.1367979794740677;0.13060864806175232;0.13470911979675293;0.13006258010864258;0.1289062649011612;0.13874855637550354;0.13249163329601288;0.1322607547044754;0.13536608219146729;0.13427679240703583;0.14222277700901031;0.13661625981330872;0.13872286677360535;0.13779377937316895;0.1276843249797821;0.132675439119339;0.1303756982088089;0.13450568914413452;0.1277477890253067;0.13527891039848328;0.12882427871227264;0.13275806605815887;0.13651947677135468;0.14206159114837646;0.1278476119041443;0.1289956271648407;0.1305299997329712;0.1308503895998001;0.13392603397369385;0.1335655152797699;0.13295979797840118;0.1336400806903839;0.13498245179653168;0.12249059230089188;0.134890615940094;0.13663075864315033;0.14052149653434753;0.13688109815120697;0.13479481637477875;0.13775968551635742;0.13665638864040375;0.13365241885185242,128,0,0,"{'solver_error': 0, 'short_solution': 0, 'duplicate': 0, 'goal_error': 0, 'invalid_state': 15}",0.017088477611541752,inf,0.8403999648247583,filtered,14,0,2,1,18,1,1,2,1.0,0.0,0.38455766439437866,0.0,1.0,0.003937647130810754,0,1,1,0,0.1164433456925924,0.0,filtered,osqp optimal,0.3323080763656458,0,1,12,predictive_link_4,predictive_link_4,,,0,0,1,solved,osqp,0.0,valid,0.003937647130810754,1.0954697413090297,2.74092371e-19|0.029712651|0.0444160646|0.0538764121|0.0644538984|0.0644538984,,,,,,,,,,0.015886640991084278,0.004470661981031299,0.0023564680013805628,0.0026331079425290227
39,2.0,-2.010894471304508,0.506677508354187,0.07797649502754211,0.1900312900543213,0.2980169355869293,1.0,4,0,0,0,0,0,0,,0,0,,-1,-1,nan,not_applicable,,,nan,0,0.08306937664747238,1.1679270267486572,15.360852241516113,0.24299541115760803,0.24299541115760803,0.07953830607765237,0.07797649502754211,0.0015618110501102594,0.17866278810748085,0.03576380514131385,0.1786621591375779,0.031329793469553495,0.1473323656680244,0.178662154630814,0,0,disabled,0.0,1,SERVO,direct_path,0,1.2029289790662006,2.1875242290552706,50,1,1,1,2,0.5920667736781788,0.13708847761154175,0.0005245269038791203;0.0011937008834796755;0.0009825824100319546;0.00026123493391670694;0.0029017991009725515;0.009845799703699032;0.0076506356816503154;0.006772873518065394;0.002590121705002497;0.008701509343003115;0.0027326284086794505;0.01079822953806258;0.00991662611464647;0.0031939705815206914;0.008223512711444043;0.004126024421874347;0.0020402944951553575;0.005743491947840182;0.007013055609309327;0.0020676852030742394;0.006391017074245055;0.004174248664954286;0.006748116324399438;0.007139154038938161;0.0017978050361336804;0.0027104861321807353;0.0028563021944103756;0.0018359346223309652;0.005885350073438357;0.004423465637548405;0.003032587913569965;0.005823961619280782;0.008190588838284853;0.009212144141486044;0.0073800828790831115;0.006178284840936286;0.005162828265287989;0.004899175566729635;0.004245243951875385;0.00441588048963888;0.002737386718364567;0.002346827932501117;0.0034081731099136103;0.0033882395296493156;0.007268095925100476;0.002316817266666216;0.003427392938365605;0.0015555245661549664;0.0019150917807506372;0.008812834300626987,0.13605664670467377;0.13558071851730347;0.13708847761154175;0.13655366003513336;0.1342652589082718;0.12605918943881989;0.1321394443511963;0.142316997051239;0.1367979794740677;0.13060864806175232;0.13470911979675293;0.13006258010864258;0.1289062649011612;0.13874855637550354;0.13249163329601288;0.1322607547044754;0.13536608219146729;0.13427679240703583;0.14222277700901031;0.13661625981330872;0.13872286677360535;0.13779377937316895;0.1276843249797821;0.132675439119339;0.1303756982088089;0.13450568914413452;0.1277477890253067;0.13527891039848328;0.12882427871227264;0.13275806605815887;0.13651947677135468;0.14206159114837646;0.1278476119041443;0.1289956271648407;0.1305299997329712;0.1308503895998001;0.13392603397369385;0.1335655152797699;0.13295979797840118;0.1336400806903839;0.13498245179653168;0.12249059230089188;0.134890615940094;0.13663075864315033;0.14052149653434753;0.13688109815120697;0.13479481637477875;0.13775968551635742;0.13665638864040375;0.13365241885185242,128,0,0,"{'solver_error': 0, 'short_solution': 0, 'duplicate': 0, 'goal_error': 0, 'invalid_state': 15}",0.017088477611541752,inf,0.8641306808667609,filtered,15,0,2,1,19,1,1,2,1.0,0.0,0.24299541115760803,0.0,1.0,0.003446793844658916,0,1,1,0,0.1164433456925924,0.0,filtered,osqp optimal,0.20565311915754883,0,1,12,predictive_link_4,predictive_link_4,,,0,0,1,solved,osqp,2.217585831978952e-09,valid,0.003446793844658916,1.0968145995933674,0|0.0262659744|0.0382165069|0.0462000608|0.0553707243|0.0553707243,,,,,,,,,,0.01602583599742502,0.004384316969662905,0.0021019389387220144,0.002762714051641524
40,2.0500000000000003,-2.0171290753542808,0.5075005292892456,0.07660907506942749,0.18940848112106323,0.29887184500694275,1.0,4,0,0,0,0,0,0,,0,0,,-1,-1,nan,not_applicable,,,nan,0,0.07563642412424088,0.16176147758960724,20.44875144958496,0.2379297912120819,0.2379297912120819,0.0779764964147027,0.07660907506942749,0.0013674213452752049,0.17522866686684177,0.03133700283183928,0.17522838416233374,0.02742281037966791,0.14780557378266584,0.17522838727955398,0,0,disabled,0.0,1,SERVO,direct_path,0,1.2029289790662006,2.1875242290552706,50,1,1,1,2,0.5920667736781788,0.13708847761154175,0.0005245269038791203;0.0011937008834796755;0.0009825824100319546;0.00026123493391670694;0.0029017991009725515;0.009845799703699032;0.0076506356816503154;0.006772873518065394;0.002590121705002497;0.008701509343003115;0.0027326284086794505;0.01079822953806258;0.00991662611464647;0.0031939705815206914;0.008223512711444043;0.004126024421874347;0.0020402944951553575;0.005743491947840182;0.007013055609309327;0.0020676852030742394;0.006391017074245055;0.004174248664954286;0.006748116324399438;0.007139154038938161;0.0017978050361336804;0.0027104861321807353;0.0028563021944103756;0.0018359346223309652;0.005885350073438357;0.004423465637548405;0.003032587913569965;0.005823961619280782;0.008190588838284853;0.009212144141486044;0.0073800828790831115;0.006178284840936286;0.005162828265287989;0.004899175566729635;0.004245243951875385;0.00441588048963888;0.002737386718364567;0.002346827932501117;0.0034081731099136103;0.0033882395296493156;0.007268095925100476;0.002316817266666216;0.003427392938365605;0.0015555245661549664;0.0019150917807506372;0.008812834300626987,0.13605664670467377;0.13558071851730347;0.13708847761154175;0.13655366003513336;0.1342652589082718;0.12605918943881989;0.1321394443511963;0.142316997051239;0.1367979794740677;0.13060864806175232;0.13470911979675293;0.13006258010864258;0.1289062649011612;0.13874855637550354;0.13249163329601288;0.1322607547044754;0.13536608219146729;0.13427679240703583;0.14222277700901031;0.13661625981330872;0.13872286677360535;0.13779377937316895;0.1276843249797821;0.132675439119339;0.1303756982088089;0.13450568914413452;0.1277477890253067;0.13527891039848328;0.12882427871227264;0.13275806605815887;0.13651947677135468;0.14206159114837646;0.1278476119041443;0.1289956271648407;0.1305299997329712;0.1308503895998001;0.13392603397369385;0.1335655152797699;0.13295979797840118;0.1336400806903839;0.13498245179653168;0.12249059230089188;0.134890615940094;0.13663075864315033;0.14052149653434753;0.13688109815120697;0.13479481637477875;0.13775968551635742;0.13665638864040375;0.13365241885185242,128,0,0,"{'solver_error': 0, 'short_solution': 0, 'duplicate': 0, 'goal_error': 0, 'invalid_state': 15}",0.017088477611541752,inf,0.8463251144449028,filtered,16,0,2,1,20,1,1,2,1.0,0.0,0.2379297912120819,0.0,1.0,0.003012204360464163,0,1,1,0,0.1164433456925924,0.0,filtered,osqp optimal,0.20570591941868036,0,1,12,predictive_link_4,predictive_link_4,,,0,0,1,solved,osqp,0.0,valid,0.003012204360464163,1.0975230461023961,7.91278131e-20|0.0172380335|0.0255693676|0.0306091266|0.0357796474|0.0357796474,,,,,,,,,,0.016295411973260343,0.004184970981441438,0.002169503946788609,0.002777106943540275
41,2.1,-2.0235726445849203,0.5085568428039551,0.07538561522960663,0.188859760761261,0.29973703622817993,1.0,4,0,0,0,0,0,0,,0,0,,-1,-1,nan,not_applicable,,,nan,0,0.06979816406965256,0.1252405196428299,0.8643627762794495,0.23354960978031158,0.23354960978031158,0.07660907674276723,0.07538561522960663,0.0012234615131606064,0.1722174643900001,0.028216545337853133,0.17221737653376964,0.024535263324739768,0.14768211320902988,0.17221738029544126,0,0,disabled,0.0,1,SERVO,direct_path,0,1.2029289790662006,2.1875242290552706,50,1,1,1,2,0.5920667736781788,0.13708847761154175,0.0005245269038791203;0.0011937008834796755;0.0009825824100319546;0.00026123493391670694;0.0029017991009725515;0.009845799703699032;0.0076506356816503154;0.006772873518065394;0.002590121705002497;0.008701509343003115;0.0027326284086794505;0.01079822953806258;0.00991662611464647;0.0031939705815206914;0.008223512711444043;0.004126024421874347;0.0020402944951553575;0.005743491947840182;0.007013055609309327;0.0020676852030742394;0.006391017074245055;0.004174248664954286;0.006748116324399438;0.007139154038938161;0.0017978050361336804;0.0027104861321807353;0.0028563021944103756;0.0018359346223309652;0.005885350073438357;0.004423465637548405;0.003032587913569965;0.005823961619280782;0.008190588838284853;0.009212144141486044;0.0073800828790831115;0.006178284840936286;0.005162828265287989;0.004899175566729635;0.004245243951875385;0.00441588048963888;0.002737386718364567;0.002346827932501117;0.0034081731099136103;0.0033882395296493156;0.007268095925100476;0.002316817266666216;0.003427392938365605;0.0015555245661549664;0.0019150917807506372;0.008812834300626987,0.13605664670467377;0.13558071851730347;0.13708847761154175;0.13655366003513336;0.1342652589082718;0.12605918943881989;0.1321394443511963;0.142316997051239;0.1367979794740677;0.13060864806175232;0.13470911979675293;0.13006258010864258;0.1289062649011612;0.13874855637550354;0.13249163329601288;0.1322607547044754;0.13536608219146729;0.13427679240703583;0.14222277700901031;0.13661625981330872;0.13872286677360535;0.13779377937316895;0.1276843249797821;0.132675439119339;0.1303756982088089;0.13450568914413452;0.1277477890253067;0.13527891039848328;0.12882427871227264;0.13275806605815887;0.13651947677135468;0.14206159114837646;0.1278476119041443;0.1289956271648407;0.1305299997329712;0.1308503895998001;0.13392603397369385;0.1335655152797699;0.13295979797840118;0.1336400806903839;0.13498245179653168;0.12249059230089188;0.134890615940094;0.13663075864315033;0.14052149653434753;0.13688109815120697;0.13479481637477875;0.13775968551635742;0.13665638864040375;0.13365241885185242,128,0,0,"{'solver_error': 0, 'short_solution': 0, 'duplicate': 0, 'goal_error': 0, 'invalid_state': 15}",0.017088477611541752,inf,0.8645656282500649,filtered,17,0,2,1,21,1,1,2,1.0,0.0,0.23354960978031158,0.0,1.0,0.00266333953211996,0,1,1,0,0.1164433456925924,0.0,filtered,osqp optimal,0.2052017516095017,0,1,12,predictive_link_4,predictive_link_4,,,0,0,1,solved,osqp,0.0,valid,0.00266333953211996,1.0981622012985992,0|0.0158764882|0.0225280386|0.0267733668|0.0313462162|0.0313462162,,,,,,,,,,0.01364694896619767,0.0035116939106956124,0.0018328969599679112,0.0030534330289810896
42,2.15,-2.028638154549003,0.5092673897743225,0.07430367916822433,0.1883866786956787,0.30042046308517456,1.0,4,0,0,0,0,0,0,,0,0,,-1,-1,nan,not_applicable,,,nan,0,0.06443408876657486,0.11709315329790115,0.21405193209648132,0.22969485819339752,0.22969485819339752,0.07538561683495819,0.07430367916822433,0.0010819376667338537,0.16951944416855455,0.025238040501470375,0.1695194356818742,0.021699207584324053,0.14782022809755013,0.16951943929182403,0,0,disabled,0.0,1,SERVO,direct_path,0,1.2029289790662006,2.1875242290552706,50,1,1,1,2,0.5920667736781788,0.13708847761154175,0.0005245269038791203;0.0011937008834796755;0.0009825824100319546;0.00026123493391670694;0.0029017991009725515;0.009845799703699032;0.0076506356816503154;0.006772873518065394;0.002590121705002497;0.008701509343003115;0.0027326284086794505;0.01079822953806258;0.00991662611464647;0.0031939705815206914;0.008223512711444043;0.004126024421874347;0.0020402944951553575;0.005743491947840182;0.007013055609309327;0.0020676852030742394;0.006391017074245055;0.004174248664954286;0.006748116324399438;0.007139154038938161;0.0017978050361336804;0.0027104861321807353;0.0028563021944103756;0.0018359346223309652;0.005885350073438357;0.004423465637548405;0.003032587913569965;0.005823961619280782;0.008190588838284853;0.009212144141486044;0.0073800828790831115;0.006178284840936286;0.005162828265287989;0.004899175566729635;0.004245243951875385;0.00441588048963888;0.002737386718364567;0.002346827932501117;0.0034081731099136103;0.0033882395296493156;0.007268095925100476;0.002316817266666216;0.003427392938365605;0.0015555245661549664;0.0019150917807506372;0.008812834300626987,0.13605664670467377;0.13558071851730347;0.13708847761154175;0.13655366003513336;0.1342652589082718;0.12605918943881989;0.1321394443511963;0.142316997051239;0.1367979794740677;0.13060864806175232;0.13470911979675293;0.13006258010864258;0.1289062649011612;0.13874855637550354;0.13249163329601288;0.1322607547044754;0.13536608219146729;0.13427679240703583;0.14222277700901031;0.13661625981330872;0.13872286677360535;0.13779377937316895;0.1276843249797821;0.132675439119339;0.1303756982088089;0.13450568914413452;0.1277477890253067;0.13527891039848328;0.12882427871227264;0.13275806605815887;0.13651947677135468;0.14206159114837646;0.1278476119041443;0.1289956271648407;0.1305299997329712;0.1308503895998001;0.13392603397369385;0.1335655152797699;0.13295979797840118;0.1336400806903839;0.13498245179653168;0.12249059230089188;0.134890615940094;0.13663075864315033;0.14052149653434753;0.13688109815120697;0.13479481637477875;0.13775968551635742;0.13665638864040375;0.13365241885185242,128,0,0,"{'solver_error': 0, 'short_solution': 0, 'duplicate': 0, 'goal_error': 0, 'invalid_state': 15}",0.017088477611541752,inf,0.8786216847141157,filtered,18,0,2,1,22,1,1,2,1.0,0.0,0.22969485819339752,0.0,1.0,0.002301637670600362,0,1,1,0,0.1164433456925924,0.0,filtered,osqp optimal,0.20510825106053857,0,1,12,predictive_link_4,predictive_link_4,,,0,0,1,solved,osqp,0.0,valid,0.002301637670600362,1.0987469121450317,0|0.0146178503|0.0202857116|0.0240470518|0.0282235487|0.0282235487,,,,,,,,,,0.013294684002175927,0.004874097998254001,0.0017271670512855053,0.0022337810369208455
43,2.2,-2.0335378749808046,0.5100377798080444,0.0733385980129242,0.18797194957733154,0.3010684847831726,1.0,4,0,0,0,0,0,0,,0,0,,-1,-1,nan,not_applicable,,,nan,0,0.059623755514621735,0.10567057877779007,0.27437305450439453,0.22634664177894592,0.22634664177894592,0.0743036729179208,0.0733385980129242,0.0009650749049966018,0.16713040799553752,0.022714962071942804,0.16713039069978858,0.019357699475657394,0.14777269122413117,0.1671303766410544,0,0,disabled,0.0,1,SERVO,direct_path,0,1.2029289790662006,2.1875242290552706,50,1,1,1,2,0.5920667736781788,0.13708847761154175,0.0005245269038791203;0.0011937008834796755;0.0009825824100319546;0.00026123493391670694;0.0029017991009725515;0.009845799703699032;0.0076506356816503154;0.006772873518065394;0.002590121705002497;0.008701509343003115;0.0027326284086794505;0.01079822953806258;0.00991662611464647;0.0031939705815206914;0.008223512711444043;0.004126024421874347;0.0020402944951553575;0.005743491947840182;0.007013055609309327;0.0020676852030742394;0.006391017074245055;0.004174248664954286;0.006748116324399438;0.007139154038938161;0.0017978050361336804;0.0027104861321807353;0.0028563021944103756;0.0018359346223309652;0.005885350073438357;0.004423465637548405;0.003032587913569965;0.005823961619280782;0.008190588838284853;0.009212144141486044;0.0073800828790831115;0.006178284840936286;0.005162828265287989;0.004899175566729635;0.004245243951875385;0.00441588048963888;0.002737386718364567;0.002346827932501117;0.0034081731099136103;0.0033882395296493156;0.007268095925100476;0.002316817266666216;0.003427392938365605;0.0015555245661549664;0.0019150917807506372;0.008812834300626987,0.13605664670467377;0.13558071851730347;0.13708847761154175;0.13655366003513336;0.1342652589082718;0.12605918943881989;0.1321394443511963;0.142316997051239;0.1367979794740677;0.13060864806175232;0.13470911979675293;0.13006258010864258;0.1289062649011612;0.13874855637550354;0.13249163329601288;0.1322607547044754;0.13536608219146729;0.13427679240703583;0.14222277700901031;0.13661625981330872;0.13872286677360535;0.13779377937316895;0.1276843249797821;0.132675439119339;0.1303756982088089;0.13450568914413452;0.1277477890253067;0.13527891039848328;0.12882427871227264;0.13275806605815887;0.13651947677135468;0.14206159114837646;0.1278476119041443;0.1289956271648407;0.1305299997329712;0.1308503895998001;0.13392603397369385;0.1335655152797699;0.13295979797840118;0.1336400806903839;0.13498245179653168;0.12249059230089188;0.134890615940094;0.13663075864315033;0.14052149653434753;0.13688109815120697;0.13479481637477875;0.13775968551635742;0.13665638864040375;0.13365241885185242,128,0,0,"{'solver_error': 0, 'short_solution': 0, 'duplicate': 0, 'goal_error': 0, 'invalid_state': 15}",0.017088477611541752,inf,0.8929596973731226,filtered,19,0,2,1,23,1,1,2,1.0,0.0,0.22634664177894592,0.0,1.0,0.0020230951770489752,0,1,1,0,0.1164433456925924,0.0,filtered,osqp optimal,0.2047861275291566,0,1,12,predictive_link_4,predictive_link_4,,,0,0,1,solved,osqp,0.0,valid,0.0020230951770489752,1.0992817558518289,2.20174619e-19|0.0133580023|0.0180960076|0.0214143316|0.0252437406|0.0252437406,,,,,,,,,,0.008909120922908187,0.0026583700673654675,0.0013661169214174151,0.0017052729381248355
44,2.25,-2.0634653848044633,0.4798324704170227,0.08049822598695755,0.19378185272216797,0.2852974534034729,1.0,4,0,0,0,0,0,0,,0,0,,-1,-1,nan,not_applicable,,,nan,0,0.22458632290363312,4.798198223114014,95.02305603027344,0.3499999940395355,0.20225518941879272,0.0733385978302713,0.08049822598695755,-0.0071596281566862485,0.26006693952429594,0.16850504397035415,-0.25480819838329005,-0.14888983616068244,-0.10591836222260761,0.05150429815034645,1,0,disabled,0.0,1,TRACK,direct_path,0,0.8873662219848484,3.074890451040119,47,1,1,1,28,1.3100999547910912,0.13838012516498566,9.010009511317532e-05;0.0012054191240202091;0.0010002569676966797;0.00047824193086904744;0.0029148849972244015;0.011157169597522752;0.0034193473555942703;0.0021863940397761003;0.0015668534912230173;0.003699553524817348;0.0034713910090099416;0.0015751056895697993;0.0018575880037366185;0.001975213725058508;0.010374163456511503;0.006579268893137418;0.003905201906058884;0.010437348495779347;0.002822836217933019;0.0021822559761468054;0.0021796589640895345;0.005491126214339568;0.0019061086088766968;0.002090581041393984;0.0027944790019486425;0.0030635740530659777;0.0033758036853343285;0.007504958513230613;0.0037886470330255415;0.006819394585115937;0.007017667272137533;0.0025859105872191503;0.0038446955653998983;0.0032165273129953825;0.008276946740778621;0.0033396340499415246;0.008218596756406425;0.008631557858598128;0.0057816943907119675;0.00489327417889782;0.00239944240001978;0.011142187436965916;0.009065054582178374;0.0031522157366961645;0.0035408311951934156;0.0033489210825922446;0.006981357425351837,0.13630405068397522;0.13557113707065582;0.1371038556098938;0.1367107629776001;0.13422249257564545;0.14238771796226501;0.1374131292104721;0.12446499615907669;0.13634224236011505;0.136034294962883;0.13878801465034485;0.12149926275014877;0.13581039011478424;0.1377941071987152;0.12061629444360733;0.13114997744560242;0.13626958429813385;0.14262643456459045;0.134503573179245;0.13464389741420746;0.13469374179840088;0.14005157351493835;0.1245032474398613;0.13495993614196777;0.13155417144298553;0.13223956525325775;0.1327396035194397;0.14325472712516785;0.13838012516498566;0.1286425143480301;0.12412428110837936;0.1355987936258316;0.1347414255142212;0.13605521619319916;0.12997332215309143;0.1396186649799347;0.12964259088039398;0.13276307284832;0.139633908867836;0.13121791183948517;0.12410639971494675;0.12065916508436203;0.132152259349823;0.13393765687942505;0.1341790407896042;0.13313397765159607;0.14006030559539795,192,0,0,"{'solver_error': 0, 'short_solution': 0, 'duplicate': 0, 'goal_error': 0, 'invalid_state': 18}",0.01838012516498566,inf,0.9047455969289542,filtered,0,1,3,2,24,0,1,2,1.0,0.0,0.20225518941879272,0.0,1.0,0.0017545771473571475,1,1,0,0,0.1164433456925924,0.3499999940395355,filtered,osqp optimal,0.14699675781567695,0,0,12,,predictive_link_4,,,0,0,1,solved,osqp,0.0,valid,0.0017545771473571475,1.099768994182913,1.58804025e-18|0.0122522056|0.0162585341|0.0192084025|0.0227197413|0.0227197413,,,,,,,,,,0.8988324720412493,0.0025544660165905952,0.0012100239982828498,0.0015343859558925033
45,2.3000000000000003,-2.073795583776482,0.5212512612342834,0.07896199077367783,0.19236066937446594,0.30457890033721924,1.0,4,0,0,0,0,0,0,,0,0,,-1,-1,nan,not_applicable,,,nan,0,0.1066858097910881,6.302999496459961,218.61900329589844,0.37596505880355835,0.37596505880355835,0.08049822548425369,0.07896199077367783,0.0015362347105758595,0.2781387158899201,0.0776667203298533,0.2781372314949792,0.04150988167959174,0.23662734981538747,0.2781372297580384,0,0,disabled,0.0,1,SERVO,direct_path,0,0.8873662219848484,3.074890451040119,47,1,1,1,28,1.3100999547910912,0.13838012516498566,9.010009511317532e-05;0.0012054191240202091;0.0010002569676966797;0.00047824193086904744;0.0029148849972244015;0.011157169597522752;0.0034193473555942703;0.0021863940397761003;0.0015668534912230173;0.003699553524817348;0.0034713910090099416;0.0015751056895697993;0.0018575880037366185;0.001975213725058508;0.010374163456511503;0.006579268893137418;0.003905201906058884;0.010437348495779347;0.002822836217933019;0.0021822559761468054;0.0021796589640895345;0.005491126214339568;0.0019061086088766968;0.002090581041393984;0.0027944790019486425;0.0030635740530659777;0.0033758036853343285;0.007504958513230613;0.0037886470330255415;0.006819394585115937;0.007017667272137533;0.0025859105872191503;0.0038446955653998983;0.0032165273129953825;0.008276946740778621;0.0033396340499415246;0.008218596756406425;0.008631557858598128;0.0057816943907119675;0.00489327417889782;0.00239944240001978;0.011142187436965916;0.009065054582178374;0.0031522157366961645;0.0035408311951934156;0.0033489210825922446;0.006981357425351837,0.13630405068397522;0.13557113707065582;0.1371038556098938;0.1367107629776001;0.13422249257564545;0.14238771796226501;0.1374131292104721;0.12446499615907669;0.13634224236011505;0.136034294962883;0.13878801465034485;0.12149926275014877;0.13581039011478424;0.1377941071987152;0.12061629444360733;0.13114997744560242;0.13626958429813385;0.14262643456459045;0.134503573179245;0.13464389741420746;0.13469374179840088;0.14005157351493835;0.1245032474398613;0.13495993614196777;0.13155417144298553;0.13223956525325775;0.1327396035194397;0.14325472712516785;0.13838012516498566;0.1286425143480301;0.12412428110837936;0.1355987936258316;0.1347414255142212;0.13605521619319916;0.12997332215309143;0.1396186649799347;0.12964259088039398;0.13276307284832;0.139633908867836;0.13121791183948517;0.12410639971494675;0.12065916508436203;0.132152259349823;0.13393765687942505;0.1341790407896042;0.13313397765159607;0.14006030559539795,192,0,0,"{'solver_error': 0, 'short_solution': 0, 'duplicate': 0, 'goal_error': 0, 'invalid_state': 18}",0.01838012516498566,inf,0.4199907437686196,filtered,1,1,3,2,25,1,1,2,1.0,0.0,0.37596505880355835,0.0,1.0,0.008735226888276881,0,1,0,0,0.1164433456925924,0.0,filtered,osqp optimal,0.3305633928790574,0,1,12,predictive_link_4|joint_0_acceleration_upper,predictive_link_4,,,0,0,1,solved,osqp,2.7792669221593513e-08,valid,0.008735226888276881,1.1009325696033259,0|0.0583567847|0.122554062|0.151536897|0.168388079|0.168388079,,,,,,,,,,0.008894453989341855,0.0025829790392890573,0.001254586037248373,0.0017564039444550872
46,2.35,-1.978217792804227,0.49583184719085693,0.0779767856001854,0.1918642520904541,0.29247984290122986,1.0,4,0,0,0,0,0,0,,0,0,,-1,-1,nan,not_applicable,,,nan,0,0.05369731783866882,2.152531147003174,160.6847686767578,0.24034936726093292,0.24034936726093292,0.07896199125201463,0.0779767856001854,0.0009852056518292324,0.1774106499983901,0.022235853677452642,0.17741020282595837,0.019673592176227113,0.15773661064973127,0.1774102039006758,0,0,disabled,0.0,1,SERVO,direct_path,0,0.8873662219848484,3.074890451040119,47,1,1,1,28,1.3100999547910912,0.13838012516498566,9.010009511317532e-05;0.0012054191240202091;0.0010002569676966797;0.00047824193086904744;0.0029148849972244015;0.011157169597522752;0.0034193473555942703;0.0021863940397761003;0.0015668534912230173;0.003699553524817348;0.0034713910090099416;0.0015751056895697993;0.0018575880037366185;0.001975213725058508;0.010374163456511503;0.006579268893137418;0.003905201906058884;0.010437348495779347;0.002822836217933019;0.0021822559761468054;0.0021796589640895345;0.005491126214339568;0.0019061086088766968;0.002090581041393984;0.0027944790019486425;0.0030635740530659777;0.0033758036853343285;0.007504958513230613;0.0037886470330255415;0.006819394585115937;0.007017667272137533;0.0025859105872191503;0.0038446955653998983;0.0032165273129953825;0.008276946740778621;0.0033396340499415246;0.008218596756406425;0.008631557858598128;0.0057816943907119675;0.00489327417889782;0.00239944240001978;0.011142187436965916;0.009065054582178374;0.0031522157366961645;0.0035408311951934156;0.0033489210825922446;0.006981357425351837,0.13630405068397522;0.13557113707065582;0.1371038556098938;0.1367107629776001;0.13422249257564545;0.14238771796226501;0.1374131292104721;0.12446499615907669;0.13634224236011505;0.136034294962883;0.13878801465034485;0.12149926275014877;0.13581039011478424;0.1377941071987152;0.12061629444360733;0.13114997744560242;0.13626958429813385;0.14262643456459045;0.134503573179245;0.13464389741420746;0.13469374179840088;0.14005157351493835;0.1245032474398613;0.13495993614196777;0.13155417144298553;0.13223956525325775;0.1327396035194397;0.14325472712516785;0.13838012516498566;0.1286425143480301;0.12412428110837936;0.1355987936258316;0.1347414255142212;0.13605521619319916;0.12997332215309143;0.1396186649799347;0.12964259088039398;0.13276307284832;0.139633908867836;0.13121791183948517;0.12410639971494675;0.12065916508436203;0.132152259349823;0.13393765687942505;0.1341790407896042;0.13313397765159607;0.14006030559539795,192,0,0,"{'solver_error': 0, 'short_solution': 0, 'duplicate': 0, 'goal_error': 0, 'invalid_state': 18}",0.01838012516498566,inf,0.8792396663961708,filtered,2,1,3,2,26,1,1,2,1.0,0.0,0.24034936726093292,0.0,1.0,0.0023619792705321524,0,1,0,0,0.1164433456925924,0.0,filtered,osqp optimal,0.21850890972282278,0,1,12,predictive_link_4,predictive_link_4,,,0,0,1,solved,osqp,4.579746306146437e-09,valid,0.0023619792705321524,1.1001293072203806,0|0.0268185512|0.0573351682|0.0713328945|0.0775063228|0.0775063228,,,,,,,,,,0.009689765982329845,0.0027378450613468885,0.0013613379560410976,0.0019448449602350593
47,2.4000000000000004,-2.024367114894859,0.5108019113540649,0.0762823149561882,0.19077545404434204,0.2983609139919281,1.0,4,0,0,0,0,0,0,,0,0,,-1,-1,nan,not_applicable,,,nan,0,0.060591086745262146,0.4685928225517273,45.440425872802734,0.23746778070926666,0.23746778070926666,0.07797678481638197,0.0762823149561882,0.0016944698601937674,0.17523729900706647,0.03475580046798264,0.1752366500663986,0.03388426741511242,0.1413523826512862,0.175236648304963,0,0,disabled,0.0,1,SERVO,direct_path,0,0.8873662219848484,3.074890451040119,47,1,1,1,28,1.3100999547910912,0.13838012516498566,9.010009511317532e-05;0.0012054191240202091;0.0010002569676966797;0.00047824193086904744;0.0029148849972244015;0.011157169597522752;0.0034193473555942703;0.0021863940397761003;0.0015668534912230173;0.003699553524817348;0.0034713910090099416;0.0015751056895697993;0.0018575880037366185;0.001975213725058508;0.010374163456511503;0.006579268893137418;0.003905201906058884;0.010437348495779347;0.002822836217933019;0.0021822559761468054;0.0021796589640895345;0.005491126214339568;0.0019061086088766968;0.002090581041393984;0.0027944790019486425;0.0030635740530659777;0.0033758036853343285;0.007504958513230613;0.0037886470330255415;0.006819394585115937;0.007017667272137533;0.0025859105872191503;0.0038446955653998983;0.0032165273129953825;0.008276946740778621;0.0033396340499415246;0.008218596756406425;0.008631557858598128;0.0057816943907119675;0.00489327417889782;0.00239944240001978;0.011142187436965916;0.009065054582178374;0.0031522157366961645;0.0035408311951934156;0.0033489210825922446;0.006981357425351837,0.13630405068397522;0.13557113707065582;0.1371038556098938;0.1367107629776001;0.13422249257564545;0.14238771796226501;0.1374131292104721;0.12446499615907669;0.13634224236011505;0.136034294962883;0.13878801465034485;0.12149926275014877;0.13581039011478424;0.1377941071987152;0.12061629444360733;0.13114997744560242;0.13626958429813385;0.14262643456459045;0.134503573179245;0.13464389741420746;0.13469374179840088;0.14005157351493835;0.1245032474398613;0.13495993614196777;0.13155417144298553;0.13223956525325775;0.1327396035194397;0.14325472712516785;0.13838012516498566;0.1286425143480301;0.12412428110837936;0.1355987936258316;0.1347414255142212;0.13605521619319916;0.12997332215309143;0.1396186649799347;0.12964259088039398;0.13276307284832;0.139633908867836;0.13121791183948517;0.12410639971494675;0.12065916508436203;0.132152259349823;0.13393765687942505;0.1341790407896042;0.13313397765159607;0.14006030559539795,192,0,0,"{'solver_error': 0, 'short_solution': 0, 'duplicate': 0, 'goal_error': 0, 'invalid_state': 18}",0.01838012516498566,inf,0.9091303722285266,filtered,3,1,3,2,27,1,1,2,1.0,0.0,0.23746778070926666,0.0,1.0,0.005382510375639027,0,1,0,0,0.1164433456925924,0.0,filtered,osqp optimal,0.19537225055671395,0,0,12,,predictive_link_4,,,0,0,1,solved,osqp,2.50151489907674e-07,valid,0.005382510375639027,1.1004785433640374,0|0.015016574|0.018543299|0.020596118|0.0222473164|0.0222473164,,,,,,,,,,0.009884221013635397,0.0027743589598685503,0.0017036660574376583,0.001753775984980166
48,2.45,-2.0050902993310364,0.5027647018432617,0.07531952112913132,0.19026058912277222,0.2962825894355774,1.0,4,0,0,0,0,0,0,,0,0,,-1,-1,nan,not_applicable,,,nan,0,0.04933570697903633,0.3964885473251343,16.56157875061035,0.23246075212955475,0.23246075212955475,0.07628231503912894,0.07531952112913132,0.0009627939099976224,0.1714972477428152,0.021078106043994016,0.17149650385405485,0.019255823590430484,0.15224068026362436,0.1714965040405207,0,0,disabled,0.0,1,SERVO,direct_path,0,0.8873662219848484,3.074890451040119,47,1,1,1,28,1.3100999547910912,0.13838012516498566,9.010009511317532e-05;0.0012054191240202091;0.0010002569676966797;0.00047824193086904744;0.0029148849972244015;0.011157169597522752;0.0034193473555942703;0.0021863940397761003;0.0015668534912230173;0.003699553524817348;0.0034713910090099416;0.0015751056895697993;0.0018575880037366185;0.001975213725058508;0.010374163456511503;0.006579268893137418;0.003905201906058884;0.010437348495779347;0.002822836217933019;0.0021822559761468054;0.0021796589640895345;0.005491126214339568;0.0019061086088766968;0.002090581041393984;0.0027944790019486425;0.0030635740530659777;0.0033758036853343285;0.007504958513230613;0.0037886470330255415;0.006819394585115937;0.007017667272137533;0.0025859105872191503;0.0038446955653998983;0.0032165273129953825;0.008276946740778621;0.0033396340499415246;0.008218596756406425;0.008631557858598128;0.0057816943907119675;0.00489327417889782;0.00239944240001978;0.011142187436965916;0.009065054582178374;0.0031522157366961645;0.0035408311951934156;0.0033489210825922446;0.006981357425351837,0.13630405068397522;0.13557113707065582;0.1371038556098938;0.1367107629776001;0.13422249257564545;0.14238771796226501;0.1374131292104721;0.12446499615907669;0.13634224236011505;0.136034294962883;0.13878801465034485;0.12149926275014877;0.13581039011478424;0.1377941071987152;0.12061629444360733;0.13114997744560242;0.13626958429813385;0.14262643456459045;0.134503573179245;0.13464389741420746;0.13469374179840088;0.14005157351493835;0.1245032474398613;0.13495993614196777;0.13155417144298553;0.13223956525325775;0.1327396035194397;0.14325472712516785;0.13838012516498566;0.1286425143480301;0.12412428110837936;0.1355987936258316;0.1347414255142212;0.13605521619319916;0.12997332215309143;0.1396186649799347;0.12964259088039398;0.13276307284832;0.139633908867836;0.13121791183948517;0.12410639971494675;0.12065916508436203;0.132152259349823;0.13393765687942505;0.1341790407896042;0.13313397765159607;0.14006030559539795,192,0,0,"{'solver_error': 0, 'short_solution': 0, 'duplicate': 0, 'goal_error': 0, 'invalid_state': 18}",0.01838012516498566,inf,0.8227316142559544,filtered,4,1,3,2,28,1,1,2,1.0,0.0,0.23246075212955475,0.0,1.0,0.002507279572933105,0,1,0,0,0.1164433456925924,0.0,filtered,osqp optimal,0.21041357672637015,0,1,12,predictive_link_4,predictive_link_4,,,0,0,1,solved,osqp,0.0,valid,0.002507279572933105,1.1007397049645056,1.98878372e-20|0.0157786712|0.026020043|0.0309622015|0.0347617347|0.0347617347,,,,,,,,,,0.009765709051862359,0.0025503819342702627,0.0014188389759510756,0.0019056909950450063
49,2.5,-2.028767596169556,0.5099394917488098,0.07409870624542236,0.18951725959777832,0.29931554198265076,1.0,4,0,0,0,0,0,0,,0,0,,-1,-1,nan,not_applicable,,,nan,0,0.050227973610162735,0.1749441772699356,11.10932731628418,0.22970037162303925,0.22970037162303925,0.07531951866344727,0.07409870624542236,0.001220812418024908,0.1693686390699519,0.02561392955585584,0.16936769553412964,0.024449558591284774,0.14491813694284486,0.16936768998965435,0,0,disabled,0.0,1,SERVO,direct_path,0,0.8873662219848484,3.074890451040119,47,1,1,1,28,1.3100999547910912,0.13838012516498566,9.010009511317532e-05;0.0012054191240202091;0.0010002569676966797;0.00047824193086904744;0.0029148849972244015;0.011157169597522752;0.0034193473555942703;0.0021863940397761003;0.0015668534912230173;0.003699553524817348;0.0034713910090099416;0.0015751056895697993;0.0018575880037366185;0.001975213725058508;0.010374163456511503;0.006579268893137418;0.003905201906058884;0.010437348495779347;0.002822836217933019;0.0021822559761468054;0.0021796589640895345;0.005491126214339568;0.0019061086088766968;0.002090581041393984;0.0027944790019486425;0.0030635740530659777;0.0033758036853343285;0.007504958513230613;0.0037886470330255415;0.006819394585115937;0.007017667272137533;0.0025859105872191503;0.0038446955653998983;0.0032165273129953825;0.008276946740778621;0.0033396340499415246;0.008218596756406425;0.008631557858598128;0.0057816943907119675;0.00489327417889782;0.00239944240001978;0.011142187436965916;0.009065054582178374;0.0031522157366961645;0.0035408311951934156;0.0033489210825922446;0.006981357425351837,0.13630405068397522;0.13557113707065582;0.1371038556098938;0.1367107629776001;0.13422249257564545;0.14238771796226501;0.1374131292104721;0.12446499615907669;0.13634224236011505;0.136034294962883;0.13878801465034485;0.12149926275014877;0.13581039011478424;0.1377941071987152;0.12061629444360733;0.13114997744560242;0.13626958429813385;0.14262643456459045;0.134503573179245;0.13464389741420746;0.13469374179840088;0.14005157351493835;0.1245032474398613;0.13495993614196777;0.13155417144298553;0.13223956525325775;0.1327396035194397;0.14325472712516785;0.13838012516498566;0.1286425143480301;0.12412428110837936;0.1355987936258316;0.1347414255142212;0.13605521619319916;0.12997332215309143;0.1396186649799347;0.12964259088039398;0.13276307284832;0.139633908867836;0.13121791183948517;0.12410639971494675;0.12065916508436203;0.132152259349823;0.13393765687942505;0.1341790407896042;0.13313397765159607;0.14006030559539795,192,0,0,"{'solver_error': 0, 'short_solution': 0, 'duplicate': 0, 'goal_error': 0, 'invalid_state': 18}",0.01838012516498566,inf,0.9051574289370908,filtered,5,1,3,2,29,1,1,2,1.0,0.0,0.22970037162303925,0.0,1.0,0.0036812176391601698,0,1,0,0,0.1164433456925924,0.0,filtered,osqp optimal,0.2000785742833806,0,1,12,predictive_link_4,predictive_link_4,,,0,0,1,solved,osqp,0.0,valid,0.0036812176391601698,1.1010591516104646,2.27496668e-18|0.0109720189|0.0155220381|0.0183033133|0.0210765464|0.0210765464,,,,,,,,,,0.00928622402716428,0.002664935076609254,0.0015988560626283288,0.0018095449777320027
50,2.5500000000000003,-2.0224502786051253,0.5067141056060791,0.07325739413499832,0.1890607476234436,0.29874882102012634,1.0,4,0,0,0,0,0,0,,0,0,,-1,-1,nan,not_applicable,,,nan,0,0.04416222497820854,0.20451350510120392,7.2024664878845215,0.22615869343280792,0.22615869343280792,0.07409870334474396,0.07325739413499832,0.0008413092097456359,0.16666860777141076,0.018382531201629578,0.16666752585231823,0.016825807287818222,0.14984171856450001,0.16666751932792773,0,0,disabled,0.0,1,SERVO,direct_path,0,0.8873662219848484,3.074890451040119,47,1,1,1,28,1.3100999547910912,0.13838012516498566,9.010009511317532e-05;0.0012054191240202091;0.0010002569676966797;0.00047824193086904744;0.0029148849972244015;0.011157169597522752;0.0034193473555942703;0.0021863940397761003;0.0015668534912230173;0.003699553524817348;0.0034713910090099416;0.0015751056895697993;0.0018575880037366185;0.001975213725058508;0.010374163456511503;0.006579268893137418;0.003905201906058884;0.010437348495779347;0.002822836217933019;0.0021822559761468054;0.0021796589640895345;0.005491126214339568;0.0019061086088766968;0.002090581041393984;0.0027944790019486425;0.0030635740530659777;0.0033758036853343285;0.007504958513230613;0.0037886470330255415;0.006819394585115937;0.007017667272137533;0.0025859105872191503;0.0038446955653998983;0.0032165273129953825;0.008276946740778621;0.0033396340499415246;0.008218596756406425;0.008631557858598128;0.0057816943907119675;0.00489327417889782;0.00239944240001978;0.011142187436965916;0.009065054582178374;0.0031522157366961645;0.0035408311951934156;0.0033489210825922446;0.006981357425351837,0.13630405068397522;0.13557113707065582;0.1371038556098938;0.1367107629776001;0.13422249257564545;0.14238771796226501;0.1374131292104721;0.12446499615907669;0.13634224236011505;0.136034294962883;0.13878801465034485;0.12149926275014877;0.13581039011478424;0.1377941071987152;0.12061629444360733;0.13114997744560242;0.13626958429813385;0.14262643456459045;0.134503573179245;0.13464389741420746;0.13469374179840088;0.14005157351493835;0.1245032474398613;0.13495993614196777;0.13155417144298553;0.13223956525325775;0.1327396035194397;0.14325472712516785;0.13838012516498566;0.1286425143480301;0.12412428110837936;0.1355987936258316;0.1347414255142212;0.13605521619319916;0.12997332215309143;0.1396186649799347;0.12964259088039398;0.13276307284832;0.139633908867836;0.13121791183948517;0.12410639971494675;0.12065916508436203;0.132152259349823;0.13393765687942505;0.1341790407896042;0.13313397765159607;0.14006030559539795,192,0,0,"{'solver_error': 0, 'short_solution': 0, 'duplicate': 0, 'goal_error': 0, 'invalid_state': 18}",0.01838012516498566,inf,0.8710415785122416,filtered,6,1,3,2,30,1,1,2,1.0,0.0,0.22615869343280792,0.0,1.0,0.0022368292652331784,0,1,0,0,0.1164433456925924,0.0,filtered,osqp optimal,0.2068149545297768,0,1,12,predictive_link_4,predictive_link_4,,,0,0,1,solved,osqp,0.0,valid,0.0022368292652331784,1.1013115683920593,1.87211797e-18|0.0120580123|0.0189950873|0.0225714196|0.025615469|0.025615469,,,,,,,,,,0.009724206989631057,0.0026448880089446902,0.0014817769406363368,0.0019165329867973924
51,2.6,-2.0351428194875,0.5102689266204834,0.07234620302915573,0.18853095173835754,0.30041149258613586,1.0,4,0,0,0,0,0,0,,0,0,,-1,-1,nan,not_applicable,,,nan,0,0.043136030435562134,0.07789257168769836,5.042816162109375,0.22378863394260406,0.22378863394260406,0.07325739272197898,0.07234620302915573,0.0009111896928232499,0.16480542242755902,0.01943796128263506,0.16480415030154044,0.018253650963335755,0.1465504993382047,0.1648041471227289,0,0,disabled,0.0,1,SERVO,direct_path,0,0.8873662219848484,3.074890451040119,47,1,1,1,28,1.3100999547910912,0.13838012516498566,9.010009511317532e-05;0.0012054191240202091;0.0010002569676966797;0.00047824193086904744;0.0029148849972244015;0.011157169597522752;0.0034193473555942703;0.0021863940397761003;0.0015668534912230173;0.003699553524817348;0.0034713910090099416;0.0015751056895697993;0.0018575880037366185;0.001975213725058508;0.010374163456511503;0.006579268893137418;0.003905201906058884;0.010437348495779347;0.002822836217933019;0.0021822559761468054;0.0021796589640895345;0.005491126214339568;0.0019061086088766968;0.002090581041393984;0.0027944790019486425;0.0030635740530659777;0.0033758036853343285;0.007504958513230613;0.0037886470330255415;0.006819394585115937;0.007017667272137533;0.0025859105872191503;0.0038446955653998983;0.0032165273129953825;0.008276946740778621;0.0033396340499415246;0.008218596756406425;0.008631557858598128;0.0057816943907119675;0.00489327417889782;0.00239944240001978;0.011142187436965916;0.009065054582178374;0.0031522157366961645;0.0035408311951934156;0.0033489210825922446;0.006981357425351837,0.13630405068397522;0.13557113707065582;0.1371038556098938;0.1367107629776001;0.13422249257564545;0.14238771796226501;0.1374131292104721;0.12446499615907669;0.13634224236011505;0.136034294962883;0.13878801465034485;0.12149926275014877;0.13581039011478424;0.1377941071987152;0.12061629444360733;0.13114997744560242;0.13626958429813385;0.14262643456459045;0.134503573179245;0.13464389741420746;0.13469374179840088;0.14005157351493835;0.1245032474398613;0.13495993614196777;0.13155417144298553;0.13223956525325775;0.1327396035194397;0.14325472712516785;0.13838012516498566;0.1286425143480301;0.12412428110837936;0.1355987936258316;0.1347414255142212;0.13605521619319916;0.12997332215309143;0.1396186649799347;0.12964259088039398;0.13276307284832;0.139633908867836;0.13121791183948517;0.12410639971494675;0.12065916508436203;0.132152259349823;0.13393765687942505;0.1341790407896042;0.13313397765159607;0.14006030559539795,192,0,0,"{'solver_error': 0, 'short_solution': 0, 'duplicate': 0, 'goal_error': 0, 'invalid_state': 18}",0.01838012516498566,inf,0.9144682938806499,filtered,7,1,3,2,31,1,1,2,1.0,0.0,0.22378863394260406,0.0,1.0,0.0026264511789134276,0,1,0,0,0.1164433456925924,0.0,filtered,osqp optimal,0.20212603837735585,0,1,12,predictive_link_4,predictive_link_4,,,0,0,1,solved,osqp,1.5599411548952724e-08,valid,0.0026264511789134276,1.1015746055044198,0|0.00963508462|0.0135286883|0.0159384077|0.0183803898|0.0183803898,,,,,,,,,,0.009755752980709076,0.002813569037243724,0.00119968899525702,0.0018269820138812065
52,2.6500000000000004,-2.0341526637708096,0.5091260671615601,0.07164514809846878,0.18815264105796814,0.30043989419937134,1.0,4,0,0,0,0,0,0,,0,0,,-1,-1,nan,not_applicable,,,nan,0,0.0395408496260643,0.11529894173145294,3.1900453567504883,0.22120600938796997,0.22120600938796997,0.07234620159002207,0.07164514809846878,0.0007010534915532912,0.16278674329715856,0.015363543972506928,0.16278531379794212,0.014016918906497542,0.14876839489144458,0.16278531055976492,0,0,disabled,0.0,1,SERVO,direct_path,0,0.8873662219848484,3.074890451040119,47,1,1,1,28,1.3100999547910912,0.13838012516498566,9.010009511317532e-05;0.0012054191240202091;0.0010002569676966797;0.00047824193086904744;0.0029148849972244015;0.011157169597522752;0.0034193473555942703;0.0021863940397761003;0.0015668534912230173;0.003699553524817348;0.0034713910090099416;0.0015751056895697993;0.0018575880037366185;0.001975213725058508;0.010374163456511503;0.006579268893137418;0.003905201906058884;0.010437348495779347;0.002822836217933019;0.0021822559761468054;0.0021796589640895345;0.005491126214339568;0.0019061086088766968;0.002090581041393984;0.0027944790019486425;0.0030635740530659777;0.0033758036853343285;0.007504958513230613;0.0037886470330255415;0.006819394585115937;0.007017667272137533;0.0025859105872191503;0.0038446955653998983;0.0032165273129953825;0.008276946740778621;0.0033396340499415246;0.008218596756406425;0.008631557858598128;0.0057816943907119675;0.00489327417889782;0.00239944240001978;0.011142187436965916;0.009065054582178374;0.0031522157366961645;0.0035408311951934156;0.0033489210825922446;0.006981357425351837,0.13630405068397522;0.13557113707065582;0.1371038556098938;0.1367107629776001;0.13422249257564545;0.14238771796226501;0.1374131292104721;0.12446499615907669;0.13634224236011505;0.136034294962883;0.13878801465034485;0.12149926275014877;0.13581039011478424;0.1377941071987152;0.12061629444360733;0.13114997744560242;0.13626958429813385;0.14262643456459045;0.134503573179245;0.13464389741420746;0.13469374179840088;0.14005157351493835;0.1245032474398613;0.13495993614196777;0.13155417144298553;0.13223956525325775;0.1327396035194397;0.14325472712516785;0.13838012516498566;0.1286425143480301;0.12412428110837936;0.1355987936258316;0.1347414255142212;0.13605521619319916;0.12997332215309143;0.1396186649799347;0.12964259088039398;0.13276307284832;0.139633908867836;0.13121791183948517;0.12410639971494675;0.12065916508436203;0.132152259349823;0.13393765687942505;0.1341790407896042;0.13313397765159607;0.14006030559539795,192,0,0,"{'solver_error': 0, 'short_solution': 0, 'duplicate': 0, 'goal_error': 0, 'invalid_state': 18}",0.01838012516498566,inf,0.9032006443597841,filtered,8,1,3,2,32,1,1,2,1.0,0.0,0.22120600938796997,0.0,1.0,0.0018595208072616637,0,1,0,0,0.1164433456925924,0.0,filtered,osqp optimal,0.20511236071668099,0,1,12,predictive_link_4,predictive_link_4,,,0,0,1,solved,osqp,0.0,valid,0.0018595208072616637,1.1017983452785107,0|0.00972227335|0.0143703052|0.0169824851|0.0194390959|0.0194390959,,,,,,,,,,0.008950110990554094,0.0025743499863892794,0.0012624249793589115,0.0019496510503813624
53,2.7,-2.041411714823949,0.5109651684761047,0.07094976305961609,0.18776455521583557,0.30141380429267883,1.0,4,0,0,0,0,0,0,,0,0,,-1,-1,nan,not_applicable,,,nan,0,0.03806322440505028,0.048359327018260956,2.3005764484405518,0.21927204728126526,0.21927204728126526,0.07164514888391178,0.07094976305961609,0.000695385824295694,0.16123193824473794,0.015067977434408889,0.16123032883271263,0.013935537351571409,0.14729479148114122,0.16123033060027453,0,0,disabled,0.0,1,SERVO,direct_path,0,0.8873662219848484,3.074890451040119,47,1,1,1,28,1.3100999547910912,0.13838012516498566,9.010009511317532e-05;0.0012054191240202091;0.0010002569676966797;0.00047824193086904744;0.0029148849972244015;0.011157169597522752;0.0034193473555942703;0.0021863940397761003;0.0015668534912230173;0.003699553524817348;0.0034713910090099416;0.0015751056895697993;0.0018575880037366185;0.001975213725058508;0.010374163456511503;0.006579268893137418;0.003905201906058884;0.010437348495779347;0.002822836217933019;0.0021822559761468054;0.0021796589640895345;0.005491126214339568;0.0019061086088766968;0.002090581041393984;0.0027944790019486425;0.0030635740530659777;0.0033758036853343285;0.007504958513230613;0.0037886470330255415;0.006819394585115937;0.007017667272137533;0.0025859105872191503;0.0038446955653998983;0.0032165273129953825;0.008276946740778621;0.0033396340499415246;0.008218596756406425;0.008631557858598128;0.0057816943907119675;0.00489327417889782;0.00239944240001978;0.011142187436965916;0.009065054582178374;0.0031522157366961645;0.0035408311951934156;0.0033489210825922446;0.006981357425351837,0.13630405068397522;0.13557113707065582;0.1371038556098938;0.1367107629776001;0.13422249257564545;0.14238771796226501;0.1374131292104721;0.12446499615907669;0.13634224236011505;0.136034294962883;0.13878801465034485;0.12149926275014877;0.13581039011478424;0.1377941071987152;0.12061629444360733;0.13114997744560242;0.13626958429813385;0.14262643456459045;0.134503573179245;0.13464389741420746;0.13469374179840088;0.14005157351493835;0.1245032474398613;0.13495993614196777;0.13155417144298553;0.13223956525325775;0.1327396035194397;0.14325472712516785;0.13838012516498566;0.1286425143480301;0.12412428110837936;0.1355987936258316;0.1347414255142212;0.13605521619319916;0.12997332215309143;0.1396186649799347;0.12964259088039398;0.13276307284832;0.139633908867836;0.13121791183948517;0.12410639971494675;0.12065916508436203;0.132152259349823;0.13393765687942505;0.1341790407896042;0.13313397765159607;0.14006030559539795,192,0,0,"{'solver_error': 0, 'short_solution': 0, 'duplicate': 0, 'goal_error': 0, 'invalid_state': 18}",0.01838012516498566,inf,0.9272458794595287,filtered,9,1,3,2,33,1,1,2,1.0,0.0,0.21927204728126526,0.0,1.0,0.0019276316465438453,0,1,0,0,0.1164433456925924,0.0,filtered,osqp optimal,0.2029753468152724,0,1,12,predictive_link_4,predictive_link_4,,,0,0,1,solved,osqp,0.0,valid,0.0019276316465438453,1.1020155399315985,0|0.00832865034|0.011311204|0.0132694323|0.0153609041|0.0153609041,,,,,,,,,,0.009691687999293208,0.003048792015761137,0.0012830969644710422,0.0016939440974965692
54,2.75,-2.042448071714126,0.5107030868530273,0.07037913799285889,0.18746113777160645,0.3016507625579834,1.0,4,0,0,0,0,0,0,,0,0,,-1,-1,nan,not_applicable,,,nan,0,0.03573475033044815,0.07275812327861786,1.3902158737182617,0.21735389530658722,0.21735389530658722,0.07094976638215925,0.07037913799285889,0.0005706283893003594,0.15968911590419105,0.012580341760379456,0.15968734460025677,0.011401454871099986,0.1482858897291568,0.15968735207833804,0,0,disabled,0.0,1,SERVO,direct_path,0,0.8873662219848484,3.074890451040119,47,1,1,1,28,1.3100999547910912,0.13838012516498566,9.010009511317532e-05;0.0012054191240202091;0.0010002569676966797;0.00047824193086904744;0.0029148849972244015;0.011157169597522752;0.0034193473555942703;0.0021863940397761003;0.0015668534912230173;0.003699553524817348;0.0034713910090099416;0.0015751056895697993;0.0018575880037366185;0.001975213725058508;0.010374163456511503;0.006579268893137418;0.003905201906058884;0.010437348495779347;0.002822836217933019;0.0021822559761468054;0.0021796589640895345;0.005491126214339568;0.0019061086088766968;0.002090581041393984;0.0027944790019486425;0.0030635740530659777;0.0033758036853343285;0.007504958513230613;0.0037886470330255415;0.006819394585115937;0.007017667272137533;0.0025859105872191503;0.0038446955653998983;0.0032165273129953825;0.008276946740778621;0.0033396340499415246;0.008218596756406425;0.008631557858598128;0.0057816943907119675;0.00489327417889782;0.00239944240001978;0.011142187436965916;0.009065054582178374;0.0031522157366961645;0.0035408311951934156;0.0033489210825922446;0.006981357425351837,0.13630405068397522;0.13557113707065582;0.1371038556098938;0.1367107629776001;0.13422249257564545;0.14238771796226501;0.1374131292104721;0.12446499615907669;0.13634224236011505;0.136034294962883;0.13878801465034485;0.12149926275014877;0.13581039011478424;0.1377941071987152;0.12061629444360733;0.13114997744560242;0.13626958429813385;0.14262643456459045;0.134503573179245;0.13464389741420746;0.13469374179840088;0.14005157351493835;0.1245032474398613;0.13495993614196777;0.13155417144298553;0.13223956525325775;0.1327396035194397;0.14325472712516785;0.13838012516498566;0.1286425143480301;0.12412428110837936;0.1355987936258316;0.1347414255142212;0.13605521619319916;0.12997332215309143;0.1396186649799347;0.12964259088039398;0.13276307284832;0.139633908867836;0.13121791183948517;0.12410639971494675;0.12065916508436203;0.132152259349823;0.13393765687942505;0.1341790407896042;0.13313397765159607;0.14006030559539795,192,0,0,"{'solver_error': 0, 'short_solution': 0, 'duplicate': 0, 'goal_error': 0, 'invalid_state': 18}",0.01838012516498566,inf,0.9256781670620847,filtered,10,1,3,2,34,1,1,2,1.0,0.0,0.21735389530658722,0.0,1.0,0.001493567535784071,0,1,0,0,0.1164433456925924,0.0,filtered,osqp optimal,0.20427247282057906,0,1,12,predictive_link_4,predictive_link_4,,,0,0,1,solved,osqp,0.0,valid,0.001493567535784071,1.1022075389275032,3.35166379e-20|0.00802936803|0.011113563|0.0130496729|0.0150686351|0.0150686351,,,,,,,,,,0.009107243036851287,0.002506601042114198,0.0013851390685886145,0.001683196984231472
55,2.8000000000000003,-2.046895017616335,0.511706531047821,0.06984098255634308,0.18717151880264282,0.30226075649261475,1.0,4,0,0,0,0,0,0,,0,0,,-1,-1,nan,not_applicable,,,nan,0,0.03434336185455322,0.04069317504763603,1.0502581596374512,0.21581684052944183,0.21581684052944183,0.07037913808169044,0.06984098255634308,0.0005381555253473613,0.1584220076624778,0.011826988533115911,0.15842006866741495,0.010783326195663485,0.14763674247175146,0.15842006886737053,0,0,disabled,0.0,1,SERVO,direct_path,0,0.8873662219848484,3.074890451040119,47,1,1,1,28,1.3100999547910912,0.13838012516498566,9.010009511317532e-05;0.0012054191240202091;0.0010002569676966797;0.00047824193086904744;0.0029148849972244015;0.011157169597522752;0.0034193473555942703;0.0021863940397761003;0.0015668534912230173;0.003699553524817348;0.0034713910090099416;0.0015751056895697993;0.0018575880037366185;0.001975213725058508;0.010374163456511503;0.006579268893137418;0.003905201906058884;0.010437348495779347;0.002822836217933019;0.0021822559761468054;0.0021796589640895345;0.005491126214339568;0.0019061086088766968;0.002090581041393984;0.0027944790019486425;0.0030635740530659777;0.0033758036853343285;0.007504958513230613;0.0037886470330255415;0.006819394585115937;0.007017667272137533;0.0025859105872191503;0.0038446955653998983;0.0032165273129953825;0.008276946740778621;0.0033396340499415246;0.008218596756406425;0.008631557858598128;0.0057816943907119675;0.00489327417889782;0.00239944240001978;0.011142187436965916;0.009065054582178374;0.0031522157366961645;0.0035408311951934156;0.0033489210825922446;0.006981357425351837,0.13630405068397522;0.13557113707065582;0.1371038556098938;0.1367107629776001;0.13422249257564545;0.14238771796226501;0.1374131292104721;0.12446499615907669;0.13634224236011505;0.136034294962883;0.13878801465034485;0.12149926275014877;0.13581039011478424;0.1377941071987152;0.12061629444360733;0.13114997744560242;0.13626958429813385;0.14262643456459045;0.134503573179245;0.13464389741420746;0.13469374179840088;0.14005157351493835;0.1245032474398613;0.13495993614196777;0.13155417144298553;0.13223956525325775;0.1327396035194397;0.14325472712516785;0.13838012516498566;0.1286425143480301;0.12412428110837936;0.1355987936258316;0.1347414255142212;0.13605521619319916;0.12997332215309143;0.1396186649799347;0.12964259088039398;0.13276307284832;0.139633908867836;0.13121791183948517;0.12410639971494675;0.12065916508436203;0.132152259349823;0.13393765687942505;0.1341790407896042;0.13313397765159607;0.14006030559539795,192,0,0,"{'solver_error': 0, 'short_solution': 0, 'duplicate': 0, 'goal_error': 0, 'invalid_state': 18}",0.01838012516498566,inf,0.9398150998510689,filtered,11,1,3,2,35,1,1,2,1.0,0.0,0.21581684052944183,0.0,1.0,0.0014399681933818936,0,1,0,0,0.1164433456925924,0.0,filtered,osqp optimal,0.20329973725980446,0,1,12,predictive_link_4,predictive_link_4,,,0,0,1,solved,osqp,0.0,valid,0.0014399681933818936,1.1023861925531173,0|0.00715080093|0.00926580159|0.0108059099|0.0125771599|0.0125771599,,,,,,,,,,0.01071783306542784,0.0028115389868617058,0.0019119859207421541,0.002491193008609116
56,2.85,-2.04850874035219,0.5117803812026978,0.06938314437866211,0.1869332492351532,0.30253592133522034,1.0,4,0,0,0,0,0,0,,0,0,,-1,-1,nan,not_applicable,,,nan,0,0.03274976834654808,0.05111672356724739,0.5825974345207214,0.21437563002109528,0.21437563002109528,0.06984098281324068,0.06938314437866211,0.00045783843457856965,0.1572265168544369,0.010187467780523728,0.15722442087046481,0.009154888573065578,0.14806953229739925,0.15722442144878684,0,0,disabled,0.0,1,SERVO,direct_path,0,0.8873662219848484,3.074890451040119,47,1,1,1,28,1.3100999547910912,0.13838012516498566,9.010009511317532e-05;0.0012054191240202091;0.0010002569676966797;0.00047824193086904744;0.0029148849972244015;0.011157169597522752;0.0034193473555942703;0.0021863940397761003;0.0015668534912230173;0.003699553524817348;0.0034713910090099416;0.0015751056895697993;0.0018575880037366185;0.001975213725058508;0.010374163456511503;0.006579268893137418;0.003905201906058884;0.010437348495779347;0.002822836217933019;0.0021822559761468054;0.0021796589640895345;0.005491126214339568;0.0019061086088766968;0.002090581041393984;0.0027944790019486425;0.0030635740530659777;0.0033758036853343285;0.007504958513230613;0.0037886470330255415;0.006819394585115937;0.007017667272137533;0.0025859105872191503;0.0038446955653998983;0.0032165273129953825;0.008276946740778621;0.0033396340499415246;0.008218596756406425;0.008631557858598128;0.0057816943907119675;0.00489327417889782;0.00239944240001978;0.011142187436965916;0.009065054582178374;0.0031522157366961645;0.0035408311951934156;0.0033489210825922446;0.006981357425351837,0.13630405068397522;0.13557113707065582;0.1371038556098938;0.1367107629776001;0.13422249257564545;0.14238771796226501;0.1374131292104721;0.12446499615907669;0.13634224236011505;0.136034294962883;0.13878801465034485;0.12149926275014877;0.13581039011478424;0.1377941071987152;0.12061629444360733;0.13114997744560242;0.13626958429813385;0.14262643456459045;0.134503573179245;0.13464389741420746;0.13469374179840088;0.14005157351493835;0.1245032474398613;0.13495993614196777;0.13155417144298553;0.13223956525325775;0.1327396035194397;0.14325472712516785;0.13838012516498566;0.1286425143480301;0.12412428110837936;0.1355987936258316;0.1347414255142212;0.13605521619319916;0.12997332215309143;0.1396186649799347;0.12964259088039398;0.13276307284832;0.139633908867836;0.13121791183948517;0.12410639971494675;0.12065916508436203;0.132152259349823;0.13393765687942505;0.1341790407896042;0.13313397765159607;0.14006030559539795,192,0,0,"{'solver_error': 0, 'short_solution': 0, 'duplicate': 0, 'goal_error': 0, 'invalid_state': 18}",0.01838012516498566,inf,0.9420012671905936,filtered,12,1,3,2,36,1,1,2,1.0,0.0,0.21437563002109528,0.0,1.0,0.0011774113514068235,0,1,0,0,0.1164433456925924,0.0,filtered,osqp optimal,0.20383637568059754,0,1,12,predictive_link_4,predictive_link_4,,,0,0,1,solved,osqp,1.007751394485612e-08,valid,0.0011774113514068235,1.102546914621967,0|0.00674579421|0.00871575097|0.0101552302|0.0118273664|0.0118273664,,,,,,,,,,0.01326327701099217,0.004464967059902847,0.0015139830065891147,0.001844467013143003
57,2.9000000000000004,-2.0514511962730793,0.5123764276504517,0.06896279007196426,0.1867142617702484,0.3029487133026123,1.0,4,0,0,0,0,0,0,,0,0,,-1,-1,nan,not_applicable,,,nan,0,0.03160538896918297,0.03610578924417496,0.4819534420967102,0.2131754457950592,0.2131754457950592,0.06938314108860807,0.06896279007196426,0.0004203510166438107,0.15620874485960504,0.009353395757441232,0.1562064935383829,0.008416801674902405,0.14778969186348048,0.15620648613128413,0,0,disabled,0.0,1,SERVO,direct_path,0,0.8873662219848484,3.074890451040119,47,1,1,1,28,1.3100999547910912,0.13838012516498566,9.010009511317532e-05;0.0012054191240202091;0.0010002569676966797;0.00047824193086904744;0.0029148849972244015;0.011157169597522752;0.0034193473555942703;0.0021863940397761003;0.0015668534912230173;0.003699553524817348;0.0034713910090099416;0.0015751056895697993;0.0018575880037366185;0.001975213725058508;0.010374163456511503;0.006579268893137418;0.003905201906058884;0.010437348495779347;0.002822836217933019;0.0021822559761468054;0.0021796589640895345;0.005491126214339568;0.0019061086088766968;0.002090581041393984;0.0027944790019486425;0.0030635740530659777;0.0033758036853343285;0.007504958513230613;0.0037886470330255415;0.006819394585115937;0.007017667272137533;0.0025859105872191503;0.0038446955653998983;0.0032165273129953825;0.008276946740778621;0.0033396340499415246;0.008218596756406425;0.008631557858598128;0.0057816943907119675;0.00489327417889782;0.00239944240001978;0.011142187436965916;0.009065054582178374;0.0031522157366961645;0.0035408311951934156;0.0033489210825922446;0.006981357425351837,0.13630405068397522;0.13557113707065582;0.1371038556098938;0.1367107629776001;0.13422249257564545;0.14238771796226501;0.1374131292104721;0.12446499615907669;0.13634224236011505;0.136034294962883;0.13878801465034485;0.12149926275014877;0.13581039011478424;0.1377941071987152;0.12061629444360733;0.13114997744560242;0.13626958429813385;0.14262643456459045;0.134503573179245;0.13464389741420746;0.13469374179840088;0.14005157351493835;0.1245032474398613;0.13495993614196777;0.13155417144298553;0.13223956525325775;0.1327396035194397;0.14325472712516785;0.13838012516498566;0.1286425143480301;0.12412428110837936;0.1355987936258316;0.1347414255142212;0.13605521619319916;0.12997332215309143;0.1396186649799347;0.12964259088039398;0.13276307284832;0.139633908867836;0.13121791183948517;0.12410639971494675;0.12065916508436203;0.132152259349823;0.13393765687942505;0.1341790407896042;0.13313397765159607;0.14006030559539795,192,0,0,"{'solver_error': 0, 'short_solution': 0, 'duplicate': 0, 'goal_error': 0, 'invalid_state': 18}",0.01838012516498566,inf,0.950837442019596,filtered,13,1,3,2,37,1,1,2,1.0,0.0,0.2131754457950592,0.0,1.0,0.0010886213797930283,0,1,0,0,0.1164433456925924,0.0,filtered,osqp optimal,0.20339089336384755,0,1,12,predictive_link_4,predictive_link_4,,,0,0,1,solved,osqp,2.3843178907807794e-08,valid,0.0010886213797930283,1.1026938111837987,0|0.00614035468|0.00751223989|0.00869460821|0.0101852813|0.0101852813,,,,,,,,,,0.011607278953306377,0.002718011033721268,0.0019994759932160378,0.00259196397382766
58,2.95,-2.053049276226851,0.5125504732131958,0.06859811395406723,0.18652909994125366,0.30319875478744507,1.0,4,0,0,0,0,0,0,,0,0,,-1,-1,nan,not_applicable,,,nan,0,0.030484512448310852,0.03886130824685097,0.23534664511680603,0.2120835930109024,0.2120835930109024,0.06896279026347925,0.06859811395406723,0.0003646763094120181,0.155273934884033,0.008194185626305613,0.15527153740384414,0.007294585634855508,0.14797695176898862,0.15527153783504516,0,0,disabled,0.0,1,SERVO,direct_path,0,0.8873662219848484,3.074890451040119,47,1,1,1,28,1.3100999547910912,0.13838012516498566,9.010009511317532e-05;0.0012054191240202091;0.0010002569676966797;0.00047824193086904744;0.0029148849972244015;0.011157169597522752;0.0034193473555942703;0.0021863940397761003;0.0015668534912230173;0.003699553524817348;0.0034713910090099416;0.0015751056895697993;0.0018575880037366185;0.001975213725058508;0.010374163456511503;0.006579268893137418;0.003905201906058884;0.010437348495779347;0.002822836217933019;0.0021822559761468054;0.0021796589640895345;0.005491126214339568;0.0019061086088766968;0.002090581041393984;0.0027944790019486425;0.0030635740530659777;0.0033758036853343285;0.007504958513230613;0.0037886470330255415;0.006819394585115937;0.007017667272137533;0.0025859105872191503;0.0038446955653998983;0.0032165273129953825;0.008276946740778621;0.0033396340499415246;0.008218596756406425;0.008631557858598128;0.0057816943907119675;0.00489327417889782;0.00239944240001978;0.011142187436965916;0.009065054582178374;0.0031522157366961645;0.0035408311951934156;0.0033489210825922446;0.006981357425351837,0.13630405068397522;0.13557113707065582;0.1371038556098938;0.1367107629776001;0.13422249257564545;0.14238771796226501;0.1374131292104721;0.12446499615907669;0.13634224236011505;0.136034294962883;0.13878801465034485;0.12149926275014877;0.13581039011478424;0.1377941071987152;0.12061629444360733;0.13114997744560242;0.13626958429813385;0.14262643456459045;0.134503573179245;0.13464389741420746;0.13469374179840088;0.14005157351493835;0.1245032474398613;0.13495993614196777;0.13155417144298553;0.13223956525325775;0.1327396035194397;0.14325472712516785;0.13838012516498566;0.1286425143480301;0.12412428110837936;0.1355987936258316;0.1347414255142212;0.13605521619319916;0.12997332215309143;0.1396186649799347;0.12964259088039398;0.13276307284832;0.139633908867836;0.13121791183948517;0.12410639971494675;0.12065916508436203;0.132152259349823;0.13393765687942505;0.1341790407896042;0.13313397765159607;0.14006030559539795,192,0,0,"{'solver_error': 0, 'short_solution': 0, 'duplicate': 0, 'goal_error': 0, 'invalid_state': 18}",0.01838012516498566,inf,0.954100940684237,filtered,14,1,3,2,38,1,1,2,1.0,0.0,0.2120835930109024,0.0,1.0,0.0009177533568385937,0,1,0,0,0.1164433456925924,0.0,filtered,osqp optimal,0.20359969075027362,0,1,12,predictive_link_4,predictive_link_4,,,0,0,1,solved,osqp,4.5449296612667944e-08,valid,0.0009177533568385937,1.1028256346709553,2.00969475e-20|0.00575031996|0.00690586554|0.00796893447|0.00935295741|0.00935295741,,,,,,,,,,0.010589513927698135,0.003896711044944823,0.0013506480026990175,0.0018123030895367265
59,3.0,-2.0551184211779376,0.5129339098930359,0.06826820224523544,0.18636241555213928,0.30349257588386536,1.0,4,0,0,0,0,0,0,,0,0,,-1,-1,nan,not_applicable,,,nan,0,0.02960723638534546,0.031223256140947342,0.23135966062545776,0.21115493774414062,0.21115493774414062,0.06859811356891242,0.06826820224523544,0.0003299113236769763,0.15446248448382346,0.007428696953823627,0.15445994561676915,0.006604462592739344,0.14785548302402982,0.1544599447495297,0,0,disabled,0.0,1,SERVO,direct_path,0,0.8873662219848484,3.074890451040119,47,1,1,1,28,1.3100999547910912,0.13838012516498566,9.010009511317532e-05;0.0012054191240202091;0.0010002569676966797;0.00047824193086904744;0.0029148849972244015;0.011157169597522752;0.0034193473555942703;0.0021863940397761003;0.0015668534912230173;0.003699553524817348;0.0034713910090099416;0.0015751056895697993;0.0018575880037366185;0.001975213725058508;0.010374163456511503;0.006579268893137418;0.003905201906058884;0.010437348495779347;0.002822836217933019;0.0021822559761468054;0.0021796589640895345;0.005491126214339568;0.0019061086088766968;0.002090581041393984;0.0027944790019486425;0.0030635740530659777;0.0033758036853343285;0.007504958513230613;0.0037886470330255415;0.006819394585115937;0.007017667272137533;0.0025859105872191503;0.0038446955653998983;0.0032165273129953825;0.008276946740778621;0.0033396340499415246;0.008218596756406425;0.008631557858598128;0.0057816943907119675;0.00489327417889782;0.00239944240001978;0.011142187436965916;0.009065054582178374;0.0031522157366961645;0.0035408311951934156;0.0033489210825922446;0.006981357425351837,0.13630405068397522;0.13557113707065582;0.1371038556098938;0.1367107629776001;0.13422249257564545;0.14238771796226501;0.1374131292104721;0.12446499615907669;0.13634224236011505;0.136034294962883;0.13878801465034485;0.12149926275014877;0.13581039011478424;0.1377941071987152;0.12061629444360733;0.13114997744560242;0.13626958429813385;0.14262643456459045;0.134503573179245;0.13464389741420746;0.13469374179840088;0.14005157351493835;0.1245032474398613;0.13495993614196777;0.13155417144298553;0.13223956525325775;0.1327396035194397;0.14325472712516785;0.13838012516498566;0.1286425143480301;0.12412428110837936;0.1355987936258316;0.1347414255142212;0.13605521619319916;0.12997332215309143;0.1396186649799347;0.12964259088039398;0.13276307284832;0.139633908867836;0.13121791183948517;0.12410639971494675;0.12065916508436203;0.132152259349823;0.13393765687942505;0.1341790407896042;0.13313397765159607;0.14006030559539795,192,0,0,"{'solver_error': 0, 'short_solution': 0, 'duplicate': 0, 'goal_error': 0, 'invalid_state': 18}",0.01838012516498566,inf,0.9599973664148898,filtered,15,1,3,2,39,1,1,2,1.0,0.0,0.21115493774414062,0.0,1.0,0.0008290561163731419,0,1,0,0,0.1164433456925924,0.0,filtered,osqp optimal,0.20338573647965086,0,1,12,predictive_link_4,predictive_link_4,,,0,0,1,solved,osqp,6.51114402073702e-08,valid,0.0008290561163731419,1.1029444538264133,1.73660301e-20|0.00530448823|0.00606685118|0.00695108342|0.00819259902|0.00819259902,,,,,,,,,,0.009679376031272113,0.0033470200141891837,0.00127061503008008,0.0017438000068068504
60,3.0500000000000003,-2.056510368803135,0.5131192207336426,0.06797882169485092,0.18621918559074402,0.30370211601257324,1.0,4,0,0,0,0,0,0,,0,0,,-1,-1,nan,not_applicable,,,nan,0,0.02881123125553131,0.030883237719535828,0.09565144032239914,0.21032454073429108,0.21032454073429108,0.06826820185965696,0.06797882169485092,0.0002893801648060357,0.1537281030361441,0.006566215947539457,0.15372543106006387,0.005788680861037033,0.14793675019902683,0.15372543019182336,0,0,disabled,0.0,1,SERVO,direct_path,0,0.8873662219848484,3.074890451040119,47,1,1,1,28,1.3100999547910912,0.13838012516498566,9.010009511317532e-05;0.0012054191240202091;0.0010002569676966797;0.00047824193086904744;0.0029148849972244015;0.011157169597522752;0.0034193473555942703;0.0021863940397761003;0.0015668534912230173;0.003699553524817348;0.0034713910090099416;0.0015751056895697993;0.0018575880037366185;0.001975213725058508;0.010374163456511503;0.006579268893137418;0.003905201906058884;0.010437348495779347;0.002822836217933019;0.0021822559761468054;0.0021796589640895345;0.005491126214339568;0.0019061086088766968;0.002090581041393984;0.0027944790019486425;0.0030635740530659777;0.0033758036853343285;0.007504958513230613;0.0037886470330255415;0.006819394585115937;0.007017667272137533;0.0025859105872191503;0.0038446955653998983;0.0032165273129953825;0.008276946740778621;0.0033396340499415246;0.008218596756406425;0.008631557858598128;0.0057816943907119675;0.00489327417889782;0.00239944240001978;0.011142187436965916;0.009065054582178374;0.0031522157366961645;0.0035408311951934156;0.0033489210825922446;0.006981357425351837,0.13630405068397522;0.13557113707065582;0.1371038556098938;0.1367107629776001;0.13422249257564545;0.14238771796226501;0.1374131292104721;0.12446499615907669;0.13634224236011505;0.136034294962883;0.13878801465034485;0.12149926275014877;0.13581039011478424;0.1377941071987152;0.12061629444360733;0.13114997744560242;0.13626958429813385;0.14262643456459045;0.134503573179245;0.13464389741420746;0.13469374179840088;0.14005157351493835;0.1245032474398613;0.13495993614196777;0.13155417144298553;0.13223956525325775;0.1327396035194397;0.14325472712516785;0.13838012516498566;0.1286425143480301;0.12412428110837936;0.1355987936258316;0.1347414255142212;0.13605521619319916;0.12997332215309143;0.1396186649799347;0.12964259088039398;0.13276307284832;0.139633908867836;0.13121791183948517;0.12410639971494675;0.12065916508436203;0.132152259349823;0.13393765687942505;0.1341790407896042;0.13313397765159607;0.14006030559539795,192,0,0,"{'solver_error': 0, 'short_solution': 0, 'duplicate': 0, 'goal_error': 0, 'invalid_state': 18}",0.01838012516498566,inf,0.963206158721688,filtered,16,1,3,2,40,1,1,2,1.0,0.0,0.21032454073429108,0.0,1.0,0.0007109836385158635,0,1,0,0,0.1164433456925924,0.0,filtered,osqp optimal,0.2034579370563167,0,1,12,predictive_link_4,predictive_link_4,,,0,0,1,solved,osqp,0.0,valid,0.0007109836385158635,1.103051148869498,3.12139415e-20|0.00496598487|0.00551764489|0.00628996701|0.00742794995|0.00742794995,,,,,,,,,,0.012469649082049727,0.0029271059902384877,0.0019431740511208773,0.002430229913443327
61,3.1,-2.0580208837773433,0.513380765914917,0.06771915405988693,0.1860918402671814,0.3039173483848572,1.0,4,0,0,0,0,0,0,,0,0,,-1,-1,nan,not_applicable,,,nan,0,0.028164159506559372,0.02643744647502899,0.12055276334285736,0.20960968732833862,0.20960968732833862,0.0679788237285994,0.06771915405988693,0.00025966966871246444,0.15308362946622175,0.0059115559388511025,0.15308083066870765,0.005197113783015884,0.14788371688569177,0.15308083524848554,0,0,disabled,0.0,1,SERVO,direct_path,0,0.8873662219848484,3.074890451040119,47,1,1,1,28,1.3100999547910912,0.13838012516498566,9.010009511317532e-05;0.0012054191240202091;0.0010002569676966797;0.00047824193086904744;0.0029148849972244015;0.011157169597522752;0.0034193473555942703;0.0021863940397761003;0.0015668534912230173;0.003699553524817348;0.0034713910090099416;0.0015751056895697993;0.0018575880037366185;0.001975213725058508;0.010374163456511503;0.006579268893137418;0.003905201906058884;0.010437348495779347;0.002822836217933019;0.0021822559761468054;0.0021796589640895345;0.005491126214339568;0.0019061086088766968;0.002090581041393984;0.0027944790019486425;0.0030635740530659777;0.0033758036853343285;0.007504958513230613;0.0037886470330255415;0.006819394585115937;0.007017667272137533;0.0025859105872191503;0.0038446955653998983;0.0032165273129953825;0.008276946740778621;0.0033396340499415246;0.008218596756406425;0.008631557858598128;0.0057816943907119675;0.00489327417889782;0.00239944240001978;0.011142187436965916;0.009065054582178374;0.0031522157366961645;0.0035408311951934156;0.0033489210825922446;0.006981357425351837,0.13630405068397522;0.13557113707065582;0.1371038556098938;0.1367107629776001;0.13422249257564545;0.14238771796226501;0.1374131292104721;0.12446499615907669;0.13634224236011505;0.136034294962883;0.13878801465034485;0.12149926275014877;0.13581039011478424;0.1377941071987152;0.12061629444360733;0.13114997744560242;0.13626958429813385;0.14262643456459045;0.134503573179245;0.13464389741420746;0.13469374179840088;0.14005157351493835;0.1245032474398613;0.13495993614196777;0.13155417144298553;0.13223956525325775;0.1327396035194397;0.14325472712516785;0.13838012516498566;0.1286425143480301;0.12412428110837936;0.1355987936258316;0.1347414255142212;0.13605521619319916;0.12997332215309143;0.1396186649799347;0.12964259088039398;0.13276307284832;0.139633908867836;0.13121791183948517;0.12410639971494675;0.12065916508436203;0.132152259349823;0.13393765687942505;0.1341790407896042;0.13313397765159607;0.14006030559539795,192,0,0,"{'solver_error': 0, 'short_solution': 0, 'duplicate': 0, 'goal_error': 0, 'invalid_state': 18}",0.01838012516498566,inf,0.9673523419853837,filtered,17,1,3,2,41,1,1,2,1.0,0.0,0.20960968732833862,0.0,1.0,0.0006339341137189952,0,1,0,0,0.1164433456925924,0.0,filtered,osqp optimal,0.20334847899785688,0,0,12,,predictive_link_4,,,0,0,1,solved,osqp,0.0,valid,0.0006339341137189952,1.1031463474824996,1.35897034e-20|0.00462521872|0.00490556271|0.00554657105|0.00656497968|0.00656497968,,,,,,,,,,0.015385376987978816,0.004666975000873208,0.002215046901255846,0.0024876369861885905
62,3.1500000000000004,-2.059166397166373,0.513545036315918,0.06749006360769272,0.18598154187202454,0.30408525466918945,1.0,4,0,0,0,0,0,0,,0,0,,-1,-1,nan,not_applicable,,,nan,0,0.02759999781847,0.025034109130501747,0.046977389603853226,0.20897673070430756,0.20897673070430756,0.06771915241788351,0.06749006360769272,0.00022908881019079175,0.15250511495009822,0.005250354421145076,0.15250219706088405,0.004584477009023683,0.14791772005186038,0.1525021933631248,0,0,disabled,0.0,1,SERVO,direct_path,0,0.8873662219848484,3.074890451040119,47,1,1,1,28,1.3100999547910912,0.13838012516498566,9.010009511317532e-05;0.0012054191240202091;0.0010002569676966797;0.00047824193086904744;0.0029148849972244015;0.011157169597522752;0.0034193473555942703;0.0021863940397761003;0.0015668534912230173;0.003699553524817348;0.0034713910090099416;0.0015751056895697993;0.0018575880037366185;0.001975213725058508;0.010374163456511503;0.006579268893137418;0.003905201906058884;0.010437348495779347;0.002822836217933019;0.0021822559761468054;0.0021796589640895345;0.005491126214339568;0.0019061086088766968;0.002090581041393984;0.0027944790019486425;0.0030635740530659777;0.0033758036853343285;0.007504958513230613;0.0037886470330255415;0.006819394585115937;0.007017667272137533;0.0025859105872191503;0.0038446955653998983;0.0032165273129953825;0.008276946740778621;0.0033396340499415246;0.008218596756406425;0.008631557858598128;0.0057816943907119675;0.00489327417889782;0.00239944240001978;0.011142187436965916;0.009065054582178374;0.0031522157366961645;0.0035408311951934156;0.0033489210825922446;0.006981357425351837,0.13630405068397522;0.13557113707065582;0.1371038556098938;0.1367107629776001;0.13422249257564545;0.14238771796226501;0.1374131292104721;0.12446499615907669;0.13634224236011505;0.136034294962883;0.13878801465034485;0.12149926275014877;0.13581039011478424;0.1377941071987152;0.12061629444360733;0.13114997744560242;0.13626958429813385;0.14262643456459045;0.134503573179245;0.13464389741420746;0.13469374179840088;0.14005157351493835;0.1245032474398613;0.13495993614196777;0.13155417144298553;0.13223956525325775;0.1327396035194397;0.14325472712516785;0.13838012516498566;0.1286425143480301;0.12412428110837936;0.1355987936258316;0.1347414255142212;0.13605521619319916;0.12997332215309143;0.1396186649799347;0.12964259088039398;0.13276307284832;0.139633908867836;0.13121791183948517;0.12410639971494675;0.12065916508436203;0.132152259349823;0.13393765687942505;0.1341790407896042;0.13313397765159607;0.14006030559539795,192,0,0,"{'solver_error': 0, 'short_solution': 0, 'duplicate': 0, 'goal_error': 0, 'invalid_state': 18}",0.01838012516498566,inf,0.9701292034242959,filtered,18,1,3,2,42,1,1,2,1.0,0.0,0.20897673070430756,0.0,1.0,0.0005490321848848484,0,1,0,0,0.1164433456925924,0.0,filtered,osqp optimal,0.20336365834803533,0,1,12,predictive_link_4,predictive_link_4,,,0,0,1,solved,osqp,1.4501646702046178e-09,valid,0.0005490321848848484,1.1032303105649819,0|0.00434444845|0.0044460021|0.00499051697|0.00591074528|0.00591074528,,,,,,,,,,0.01561340200714767,0.004765007994137704,0.002192641026340425,0.0027106800116598606
63,3.2,-2.060301065667745,0.5137329697608948,0.06728531420230865,0.18588393926620483,0.3042472302913666,1.0,4,0,0,0,0,0,0,,0,0,,-1,-1,nan,not_applicable,,,nan,0,0.027133535593748093,0.02211480773985386,0.07036066055297852,0.2084283083677292,0.2084283083677292,0.0674900649875556,0.06728531420230865,0.00020475078524694046,0.15199451121677993,0.004708799435923645,0.1519914808493994,0.004097598436700302,0.1478938824126991,0.1519914839569295,0,0,disabled,0.0,1,SERVO,direct_path,0,0.8873662219848484,3.074890451040119,47,1,1,1,28,1.3100999547910912,0.13838012516498566,9.010009511317532e-05;0.0012054191240202091;0.0010002569676966797;0.00047824193086904744;0.0029148849972244015;0.011157169597522752;0.0034193473555942703;0.0021863940397761003;0.0015668534912230173;0.003699553524817348;0.0034713910090099416;0.0015751056895697993;0.0018575880037366185;0.001975213725058508;0.010374163456511503;0.006579268893137418;0.003905201906058884;0.010437348495779347;0.002822836217933019;0.0021822559761468054;0.0021796589640895345;0.005491126214339568;0.0019061086088766968;0.002090581041393984;0.0027944790019486425;0.0030635740530659777;0.0033758036853343285;0.007504958513230613;0.0037886470330255415;0.006819394585115937;0.007017667272137533;0.0025859105872191503;0.0038446955653998983;0.0032165273129953825;0.008276946740778621;0.0033396340499415246;0.008218596756406425;0.008631557858598128;0.0057816943907119675;0.00489327417889782;0.00239944240001978;0.011142187436965916;0.009065054582178374;0.0031522157366961645;0.0035408311951934156;0.0033489210825922446;0.006981357425351837,0.13630405068397522;0.13557113707065582;0.1371038556098938;0.1367107629776001;0.13422249257564545;0.14238771796226501;0.1374131292104721;0.12446499615907669;0.13634224236011505;0.136034294962883;0.13878801465034485;0.12149926275014877;0.13581039011478424;0.1377941071987152;0.12061629444360733;0.13114997744560242;0.13626958429813385;0.14262643456459045;0.134503573179245;0.13464389741420746;0.13469374179840088;0.14005157351493835;0.1245032474398613;0.13495993614196777;0.13155417144298553;0.13223956525325775;0.1327396035194397;0.14325472712516785;0.13838012516498566;0.1286425143480301;0.12412428110837936;0.1355987936258316;0.1347414255142212;0.13605521619319916;0.12997332215309143;0.1396186649799347;0.12964259088039398;0.13276307284832;0.139633908867836;0.13121791183948517;0.12410639971494675;0.12065916508436203;0.132152259349823;0.13393765687942505;0.1341790407896042;0.13313397765159607;0.14006030559539795,192,0,0,"{'solver_error': 0, 'short_solution': 0, 'duplicate': 0, 'goal_error': 0, 'invalid_state': 18}",0.01838012516498566,inf,0.9731402039961354,filtered,19,1,3,2,43,1,1,2,1.0,0.0,0.2084283083677292,0.0,1.0,0.0004860145987166803,0,1,0,0,0.1164433456925924,0.0,filtered,osqp optimal,0.20330221481025385,0,0,12,,predictive_link_4,,,0,0,1,solved,osqp,1.4156374235265584e-07,valid,0.0004860145987166803,1.1033047247456076,0|0.00407916306|0.00398963789|0.00443473825|0.00524936096|0.00524936096,,,,,,,,,,0.015188315068371594,0.004584916983731091,0.0021820080000907183,0.0024990889942273498
64,3.25,-2.1063274049123226,0.48643290996551514,0.07543916255235672,0.19226807355880737,0.28872960805892944,1.0,4,0,0,0,0,0,0,,0,0,,-1,-1,nan,not_applicable,,,nan,0,0.24331717193126678,4.944046974182129,98.71619415283203,0.3499999940395355,0.9131109714508057,0.06728531591952532,0.07543916255235672,-0.008153846632831405,0.2613889558675772,0.183220930127497,-0.2577160946444772,-0.1695388357898136,-0.0881772588546636,0.061932607215435566,1,0,disabled,0.0,1,TRACK,direct_path,0,1.020902824937366,4.095793275977485,46,1,1,1,29,1.5099686265474166,0.1395721733570099,8.770709554708135e-05;0.0012075064632565823;0.001002045595193055;0.0004947495639298622;0.0029191319617776225;0.004687752307886327;0.0021986294280441393;0.007081388076490479;0.006361944035854222;0.0036740317157455495;0.006308050633232968;0.0048628460417016435;0.005157864627197516;0.0035083163354709223;0.00297567958352632;0.009165382230222119;0.003680303890197841;0.0028622156503248543;0.00643246594934489;0.002294977627307809;0.006904895741739889;0.00762442890223786;0.003450596360112283;0.0026666093906092506;0.0014808383770206178;0.004465937403331517;0.002204767434314907;0.006962396759292367;0.010301128510928327;0.003675045806114605;0.0033170432572286013;0.0012754373312521333;0.004069275100035187;0.0034737459467406853;0.015448545043067832;0.0029684132122593312;0.0040871303604292225;0.0057764255865132;0.0039005979840348107;0.0023792967281652776;0.0031816265038875045;0.005302191166000053;0.0021886603739246532;0.0018936746264764518;0.0030944249628086337;0.006389424759657725,0.13641145825386047;0.13556939363479614;0.1371055543422699;0.13672222197055817;0.13421006500720978;0.13433951139450073;0.135472372174263;0.14121320843696594;0.12227397412061691;0.13391190767288208;0.13966768980026245;0.14038002490997314;0.14061644673347473;0.13585875928401947;0.13525931537151337;0.14334294199943542;0.13614915311336517;0.13599611818790436;0.13317370414733887;0.12275157123804092;0.12700004875659943;0.1427791714668274;0.1347721517086029;0.13449157774448395;0.13668572902679443;0.1320144385099411;0.13849210739135742;0.13084696233272552;0.12943971157073975;0.1395721733570099;0.1341804414987564;0.13650751113891602;0.12124406546354294;0.13415661454200745;0.1276465803384781;0.13805359601974487;0.13989481329917908;0.13479231297969818;0.13894617557525635;0.13795599341392517;0.1387234926223755;0.12409497052431107;0.13507671654224396;0.13576973974704742;0.12525896728038788;0.14025649428367615,256,0,0,"{'solver_error': 0, 'short_solution': 0, 'duplicate': 0, 'goal_error': 0, 'invalid_state': 19}",0.019572173357009892,inf,0.9754059628578312,filtered,0,2,4,3,44,0,1,2,1.0,0.0,0.9131109714508057,0.0,1.0,0.0004232019782585278,1,1,0,0,0.1164433456925924,0.3499999940395355,filtered,osqp optimal,0.12345148185822082,0,0,12,,predictive_link_4,,,0,0,1,solved,osqp,0.0,valid,0.0004232019782585278,1.1033699223032412,4.48124532e-19|0.00385147945|0.00362173058|0.0039871645|0.00470802841|0.00470802841,,,,,,,,,,1.0362652679905295,0.004621736006811261,0.0012053739046677947,0.0016039760084822774
65,3.3000000000000003,-2.0330352412483546,0.5074175000190735,0.07479298114776611,0.1914387047290802,0.29532110691070557,1.0,4,0,0,0,0,0,0,,0,0,,-1,-1,nan,not_applicable,,,nan,0,0.09520799666643143,6.17132568359375,220.35523986816406,0.2337404042482376,0.2337404042482376,0.07543916095492428,0.07479298114776611,0.0006461798071581704,0.1695606836021187,0.05667897227348999,0.1695539704280233,0.02315240447222568,0.14640156595579762,0.16955396683769966,0,0,disabled,0.0,1,SERVO,direct_path,0,1.020902824937366,4.095793275977485,46,1,1,1,29,1.5099686265474166,0.1395721733570099,8.770709554708135e-05;0.0012075064632565823;0.001002045595193055;0.0004947495639298622;0.0029191319617776225;0.004687752307886327;0.0021986294280441393;0.007081388076490479;0.006361944035854222;0.0036740317157455495;0.006308050633232968;0.0048628460417016435;0.005157864627197516;0.0035083163354709223;0.00297567958352632;0.009165382230222119;0.003680303890197841;0.0028622156503248543;0.00643246594934489;0.002294977627307809;0.006904895741739889;0.00762442890223786;0.003450596360112283;0.0026666093906092506;0.0014808383770206178;0.004465937403331517;0.002204767434314907;0.006962396759292367;0.010301128510928327;0.003675045806114605;0.0033170432572286013;0.0012754373312521333;0.004069275100035187;0.0034737459467406853;0.015448545043067832;0.0029684132122593312;0.0040871303604292225;0.0057764255865132;0.0039005979840348107;0.0023792967281652776;0.0031816265038875045;0.005302191166000053;0.0021886603739246532;0.0018936746264764518;0.0030944249628086337;0.006389424759657725,0.13641145825386047;0.13556939363479614;0.1371055543422699;0.13672222197055817;0.13421006500720978;0.13433951139450073;0.135472372174263;0.14121320843696594;0.12227397412061691;0.13391190767288208;0.13966768980026245;0.14038002490997314;0.14061644673347473;0.13585875928401947;0.13525931537151337;0.14334294199943542;0.13614915311336517;0.13599611818790436;0.13317370414733887;0.12275157123804092;0.12700004875659943;0.1427791714668274;0.1347721517086029;0.13449157774448395;0.13668572902679443;0.1320144385099411;0.13849210739135742;0.13084696233272552;0.12943971157073975;0.1395721733570099;0.1341804414987564;0.13650751113891602;0.12124406546354294;0.13415661454200745;0.1276465803384781;0.13805359601974487;0.13989481329917908;0.13479231297969818;0.13894617557525635;0.13795599341392517;0.1387234926223755;0.12409497052431107;0.13507671654224396;0.13576973974704742;0.12525896728038788;0.14025649428367615,256,0,0,"{'solver_error': 0, 'short_solution': 0, 'duplicate': 0, 'goal_error': 0, 'invalid_state': 19}",0.019572173357009892,inf,0.3527185256016773,filtered,1,2,4,3,45,1,1,2,1.0,0.0,0.2337404042482376,0.0,1.0,0.007043504270603934,0,1,0,0,0.1164433456925924,0.0,filtered,osqp optimal,0.20817587012181035,0,0,12,joint_0_acceleration_upper,predictive_link_4,,,0,0,1,solved,osqp,0.0,valid,0.007043504270603934,1.1044917057181842,2.16515236e-17|0.0648258113|0.132977609|0.164809998|0.183061598|0.183061598,,,,,,,,,,0.009261950966902077,0.002753089996986091,0.0014882120303809643,0.0016482829814776778
66,3.35,-2.006448599526593,0.5026357769966125,0.07394257187843323,0.19082927703857422,0.29550957679748535,1.0,4,0,0,0,0,0,0,,0,0,,-1,-1,nan,not_applicable,,,nan,0,0.03503277897834778,1.6668847799301147,145.8806610107422,0.2307107150554657,0.2307107150554657,0.07479297876183914,0.07394257187843323,0.0008504068834059159,0.1681552086609814,0.018972087353550826,0.16815034456532538,0.01697901444030826,0.15117133012501713,0.16815033920126,0,0,disabled,0.0,1,SERVO,direct_path,0,1.020902824937366,4.095793275977485,46,1,1,1,29,1.5099686265474166,0.1395721733570099,8.770709554708135e-05;0.0012075064632565823;0.001002045595193055;0.0004947495639298622;0.0029191319617776225;0.004687752307886327;0.0021986294280441393;0.007081388076490479;0.006361944035854222;0.0036740317157455495;0.006308050633232968;0.0048628460417016435;0.005157864627197516;0.0035083163354709223;0.00297567958352632;0.009165382230222119;0.003680303890197841;0.0028622156503248543;0.00643246594934489;0.002294977627307809;0.006904895741739889;0.00762442890223786;0.003450596360112283;0.0026666093906092506;0.0014808383770206178;0.004465937403331517;0.002204767434314907;0.006962396759292367;0.010301128510928327;0.003675045806114605;0.0033170432572286013;0.0012754373312521333;0.004069275100035187;0.0034737459467406853;0.015448545043067832;0.0029684132122593312;0.0040871303604292225;0.0057764255865132;0.0039005979840348107;0.0023792967281652776;0.0031816265038875045;0.005302191166000053;0.0021886603739246532;0.0018936746264764518;0.0030944249628086337;0.006389424759657725,0.13641145825386047;0.13556939363479614;0.1371055543422699;0.13672222197055817;0.13421006500720978;0.13433951139450073;0.135472372174263;0.14121320843696594;0.12227397412061691;0.13391190767288208;0.13966768980026245;0.14038002490997314;0.14061644673347473;0.13585875928401947;0.13525931537151337;0.14334294199943542;0.13614915311336517;0.13599611818790436;0.13317370414733887;0.12275157123804092;0.12700004875659943;0.1427791714668274;0.1347721517086029;0.13449157774448395;0.13668572902679443;0.1320144385099411;0.13849210739135742;0.13084696233272552;0.12943971157073975;0.1395721733570099;0.1341804414987564;0.13650751113891602;0.12124406546354294;0.13415661454200745;0.1276465803384781;0.13805359601974487;0.13989481329917908;0.13479231297969818;0.13894617557525635;0.13795599341392517;0.1387234926223755;0.12409497052431107;0.13507671654224396;0.13576973974704742;0.12525896728038788;0.14025649428367615,256,0,0,"{'solver_error': 0, 'short_solution': 0, 'duplicate': 0, 'goal_error': 0, 'invalid_state': 19}",0.019572173357009892,inf,0.8906285192384747,filtered,2,2,4,3,46,1,1,2,1.0,0.0,0.2307107150554657,0.0,1.0,0.002967086032840169,0,1,0,0,0.1164433456925924,0.0,filtered,osqp optimal,0.20840715719834166,0,1,12,predictive_link_4,predictive_link_4,,,0,0,1,solved,osqp,0.0,valid,0.002967086032840169,1.1035272400953404,0|0.0132684515|0.038126801|0.0497311341|0.0565246848|0.0565246848,,,,,,,,,,0.009094094973988831,0.0026508489390835166,0.0012409701012074947,0.001619682996533811
67,3.4000000000000004,-2.026791921892692,0.5087698698043823,0.07289159297943115,0.19005396962165833,0.29825350642204285,1.0,4,0,0,0,0,0,0,,0,0,,-1,-1,nan,not_applicable,,,nan,0,0.03771522641181946,0.1922031044960022,32.2370491027832,0.22817088663578033,0.22817088663578033,0.07394257550873916,0.07289159297943115,0.001050982529308006,0.1662763022025849,0.02114013542183039,0.1662716193587905,0.0210005580811519,0.1452710612776386,0.16627162752211008,0,0,disabled,0.0,1,SERVO,direct_path,0,1.020902824937366,4.095793275977485,46,1,1,1,29,1.5099686265474166,0.1395721733570099,8.770709554708135e-05;0.0012075064632565823;0.001002045595193055;0.0004947495639298622;0.0029191319617776225;0.004687752307886327;0.0021986294280441393;0.007081388076490479;0.006361944035854222;0.0036740317157455495;0.006308050633232968;0.0048628460417016435;0.005157864627197516;0.0035083163354709223;0.00297567958352632;0.009165382230222119;0.003680303890197841;0.0028622156503248543;0.00643246594934489;0.002294977627307809;0.006904895741739889;0.00762442890223786;0.003450596360112283;0.0026666093906092506;0.0014808383770206178;0.004465937403331517;0.002204767434314907;0.006962396759292367;0.010301128510928327;0.003675045806114605;0.0033170432572286013;0.0012754373312521333;0.004069275100035187;0.0034737459467406853;0.015448545043067832;0.0029684132122593312;0.0040871303604292225;0.0057764255865132;0.0039005979840348107;0.0023792967281652776;0.0031816265038875045;0.005302191166000053;0.0021886603739246532;0.0018936746264764518;0.0030944249628086337;0.006389424759657725,0.13641145825386047;0.13556939363479614;0.1371055543422699;0.13672222197055817;0.13421006500720978;0.13433951139450073;0.135472372174263;0.14121320843696594;0.12227397412061691;0.13391190767288208;0.13966768980026245;0.14038002490997314;0.14061644673347473;0.13585875928401947;0.13525931537151337;0.14334294199943542;0.13614915311336517;0.13599611818790436;0.13317370414733887;0.12275157123804092;0.12700004875659943;0.1427791714668274;0.1347721517086029;0.13449157774448395;0.13668572902679443;0.1320144385099411;0.13849210739135742;0.13084696233272552;0.12943971157073975;0.1395721733570099;0.1341804414987564;0.13650751113891602;0.12124406546354294;0.13415661454200745;0.1276465803384781;0.13805359601974487;0.13989481329917908;0.13479231297969818;0.13894617557525635;0.13795599341392517;0.1387234926223755;0.12409497052431107;0.13507671654224396;0.13576973974704742;0.12525896728038788;0.14025649428367615,256,0,0,"{'solver_error': 0, 'short_solution': 0, 'duplicate': 0, 'goal_error': 0, 'invalid_state': 19}",0.019572173357009892,inf,0.9033267360306088,filtered,3,2,4,3,47,1,1,2,1.0,0.0,0.22817088663578033,0.0,1.0,0.0038477162381511526,0,1,0,0,0.1164433456925924,0.0,filtered,osqp optimal,0.19987307916961394,0,1,12,predictive_link_4,predictive_link_4,,,0,0,1,solved,osqp,0.0,valid,0.0038477162381511526,1.1034805256247942,2.082666e-18|0.00939964274|0.0146458561|0.0172023588|0.0189806573|0.0189806573,,,,,,,,,,0.009551649913191795,0.003073511063121259,0.0012384819565340877,0.0018018949776887894
68,3.45,-2.02252777346499,0.50630122423172,0.07216405868530273,0.18953529000282288,0.2979976236820221,1.0,4,0,0,0,0,0,0,,0,0,,-1,-1,nan,not_applicable,,,nan,0,0.03199749067425728,0.17863652110099792,6.430341720581055,0.22500039637088776,0.22500039637088776,0.07289158970588461,0.07216405868530273,0.000727531020581873,0.1639533459045364,0.014667492046946534,0.1639489111627562,0.014534808726405809,0.1494141024363504,0.16394890379984414,0,0,disabled,0.0,1,SERVO,direct_path,0,1.020902824937366,4.095793275977485,46,1,1,1,29,1.5099686265474166,0.1395721733570099,8.770709554708135e-05;0.0012075064632565823;0.001002045595193055;0.0004947495639298622;0.0029191319617776225;0.004687752307886327;0.0021986294280441393;0.007081388076490479;0.006361944035854222;0.0036740317157455495;0.006308050633232968;0.0048628460417016435;0.005157864627197516;0.0035083163354709223;0.00297567958352632;0.009165382230222119;0.003680303890197841;0.0028622156503248543;0.00643246594934489;0.002294977627307809;0.006904895741739889;0.00762442890223786;0.003450596360112283;0.0026666093906092506;0.0014808383770206178;0.004465937403331517;0.002204767434314907;0.006962396759292367;0.010301128510928327;0.003675045806114605;0.0033170432572286013;0.0012754373312521333;0.004069275100035187;0.0034737459467406853;0.015448545043067832;0.0029684132122593312;0.0040871303604292225;0.0057764255865132;0.0039005979840348107;0.0023792967281652776;0.0031816265038875045;0.005302191166000053;0.0021886603739246532;0.0018936746264764518;0.0030944249628086337;0.006389424759657725,0.13641145825386047;0.13556939363479614;0.1371055543422699;0.13672222197055817;0.13421006500720978;0.13433951139450073;0.135472372174263;0.14121320843696594;0.12227397412061691;0.13391190767288208;0.13966768980026245;0.14038002490997314;0.14061644673347473;0.13585875928401947;0.13525931537151337;0.14334294199943542;0.13614915311336517;0.13599611818790436;0.13317370414733887;0.12275157123804092;0.12700004875659943;0.1427791714668274;0.1347721517086029;0.13449157774448395;0.13668572902679443;0.1320144385099411;0.13849210739135742;0.13084696233272552;0.12943971157073975;0.1395721733570099;0.1341804414987564;0.13650751113891602;0.12124406546354294;0.13415661454200745;0.1276465803384781;0.13805359601974487;0.13989481329917908;0.13479231297969818;0.13894617557525635;0.13795599341392517;0.1387234926223755;0.12409497052431107;0.13507671654224396;0.13576973974704742;0.12525896728038788;0.14025649428367615,256,0,0,"{'solver_error': 0, 'short_solution': 0, 'duplicate': 0, 'goal_error': 0, 'invalid_state': 19}",0.019572173357009892,inf,0.8759797628724781,filtered,4,2,4,3,48,1,1,2,1.0,0.0,0.22500039637088776,0.0,1.0,0.002569288596786415,0,1,0,0,0.1164433456925924,0.0,filtered,osqp optimal,0.2055453950454278,0,1,12,predictive_link_4,predictive_link_4,,,0,0,1,solved,osqp,0.0,valid,0.002569288596786415,1.1034341508189518,1.44604189e-18|0.00900256396|0.0154893704|0.018553145|0.0211435601|0.0211435601,,,,,,,,,,0.009817781974561512,0.0028930261032655835,0.0012439570855349302,0.0018073299434036016
69,3.5,-2.033913467671509,0.509452760219574,0.07138137519359589,0.18897035717964172,0.29958340525627136,1.0,4,0,0,0,0,0,0,,0,0,,-1,-1,nan,not_applicable,,,nan,0,0.03280754014849663,0.03580431267619133,4.241335391998291,0.22285249829292297,0.22285249829292297,0.07216405640872273,0.07138137519359589,0.0007826812151268403,0.1623435093907669,0.01577084870690285,0.16233917924787533,0.015667383387935958,0.14667179585993936,0.16233917412651525,0,0,disabled,0.0,1,SERVO,direct_path,0,1.020902824937366,4.095793275977485,46,1,1,1,29,1.5099686265474166,0.1395721733570099,8.770709554708135e-05;0.0012075064632565823;0.001002045595193055;0.0004947495639298622;0.0029191319617776225;0.004687752307886327;0.0021986294280441393;0.007081388076490479;0.006361944035854222;0.0036740317157455495;0.006308050633232968;0.0048628460417016435;0.005157864627197516;0.0035083163354709223;0.00297567958352632;0.009165382230222119;0.003680303890197841;0.0028622156503248543;0.00643246594934489;0.002294977627307809;0.006904895741739889;0.00762442890223786;0.003450596360112283;0.0026666093906092506;0.0014808383770206178;0.004465937403331517;0.002204767434314907;0.006962396759292367;0.010301128510928327;0.003675045806114605;0.0033170432572286013;0.0012754373312521333;0.004069275100035187;0.0034737459467406853;0.015448545043067832;0.0029684132122593312;0.0040871303604292225;0.0057764255865132;0.0039005979840348107;0.0023792967281652776;0.0031816265038875045;0.005302191166000053;0.0021886603739246532;0.0018936746264764518;0.0030944249628086337;0.006389424759657725,0.13641145825386047;0.13556939363479614;0.1371055543422699;0.13672222197055817;0.13421006500720978;0.13433951139450073;0.135472372174263;0.14121320843696594;0.12227397412061691;0.13391190767288208;0.13966768980026245;0.14038002490997314;0.14061644673347473;0.13585875928401947;0.13525931537151337;0.14334294199943542;0.13614915311336517;0.13599611818790436;0.13317370414733887;0.12275157123804092;0.12700004875659943;0.1427791714668274;0.1347721517086029;0.13449157774448395;0.13668572902679443;0.1320144385099411;0.13849210739135742;0.13084696233272552;0.12943971157073975;0.1395721733570099;0.1341804414987564;0.13650751113891602;0.12124406546354294;0.13415661454200745;0.1276465803384781;0.13805359601974487;0.13989481329917908;0.13479231297969818;0.13894617557525635;0.13795599341392517;0.1387234926223755;0.12409497052431107;0.13507671654224396;0.13576973974704742;0.12525896728038788;0.14025649428367615,256,0,0,"{'solver_error': 0, 'short_solution': 0, 'duplicate': 0, 'goal_error': 0, 'invalid_state': 19}",0.019572173357009892,inf,0.9135334797660063,filtered,5,2,4,3,49,1,1,2,1.0,0.0,0.22285249829292297,0.0,1.0,0.0028158893865929263,0,1,0,0,0.1164433456925924,0.0,filtered,osqp optimal,0.20171129121808362,0,0,12,,predictive_link_4,,,0,0,1,solved,osqp,0.0,valid,0.0028158893865929263,1.1034258530022283,0|0.00682630431|0.010803254|0.0127850515|0.0146702322|0.0146702322,,,,,,,,,,0.010048937052488327,0.0035076610511168838,0.001418799045495689,0.0019467819947749376
70,3.5500000000000003,-2.033818497994867,0.5086666941642761,0.07077758759260178,0.1885451376438141,0.2997850477695465,1.0,4,0,0,0,0,0,0,,0,0,,-1,-1,nan,not_applicable,,,nan,0,0.03005354106426239,0.09820105880498886,2.6408305168151855,0.22052514553070068,0.22052514553070068,0.0713813785795506,0.07077758759260178,0.0006037909869488212,0.16061113418708295,0.012187927153511429,0.16060693538521392,0.012060040285778445,0.14854689509943547,0.16060694300355705,0,0,disabled,0.0,1,SERVO,direct_path,0,1.020902824937366,4.095793275977485,46,1,1,1,29,1.5099686265474166,0.1395721733570099,8.770709554708135e-05;0.0012075064632565823;0.001002045595193055;0.0004947495639298622;0.0029191319617776225;0.004687752307886327;0.0021986294280441393;0.007081388076490479;0.006361944035854222;0.0036740317157455495;0.006308050633232968;0.0048628460417016435;0.005157864627197516;0.0035083163354709223;0.00297567958352632;0.009165382230222119;0.003680303890197841;0.0028622156503248543;0.00643246594934489;0.002294977627307809;0.006904895741739889;0.00762442890223786;0.003450596360112283;0.0026666093906092506;0.0014808383770206178;0.004465937403331517;0.002204767434314907;0.006962396759292367;0.010301128510928327;0.003675045806114605;0.0033170432572286013;0.0012754373312521333;0.004069275100035187;0.0034737459467406853;0.015448545043067832;0.0029684132122593312;0.0040871303604292225;0.0057764255865132;0.0039005979840348107;0.0023792967281652776;0.0031816265038875045;0.005302191166000053;0.0021886603739246532;0.0018936746264764518;0.0030944249628086337;0.006389424759657725,0.13641145825386047;0.13556939363479614;0.1371055543422699;0.13672222197055817;0.13421006500720978;0.13433951139450073;0.135472372174263;0.14121320843696594;0.12227397412061691;0.13391190767288208;0.13966768980026245;0.14038002490997314;0.14061644673347473;0.13585875928401947;0.13525931537151337;0.14334294199943542;0.13614915311336517;0.13599611818790436;0.13317370414733887;0.12275157123804092;0.12700004875659943;0.1427791714668274;0.1347721517086029;0.13449157774448395;0.13668572902679443;0.1320144385099411;0.13849210739135742;0.13084696233272552;0.12943971157073975;0.1395721733570099;0.1341804414987564;0.13650751113891602;0.12124406546354294;0.13415661454200745;0.1276465803384781;0.13805359601974487;0.13989481329917908;0.13479231297969818;0.13894617557525635;0.13795599341392517;0.1387234926223755;0.12409497052431107;0.13507671654224396;0.13576973974704742;0.12525896728038788;0.14025649428367615,256,0,0,"{'solver_error': 0, 'short_solution': 0, 'duplicate': 0, 'goal_error': 0, 'invalid_state': 19}",0.019572173357009892,inf,0.9051336321702312,filtered,6,2,4,3,50,1,1,2,1.0,0.0,0.22052514553070068,0.0,1.0,0.0021085097304399253,0,1,0,0,0.1164433456925924,0.0,filtered,osqp optimal,0.20428598772122533,0,1,12,predictive_link_4,predictive_link_4,,,0,0,1,solved,osqp,0.0,valid,0.0021085097304399253,1.103408125869726,0|0.00704618923|0.011532542|0.0137208751|0.0157653552|0.0157653552,,,,,,,,,,0.009440243942663074,0.0031164559768512845,0.0012550940737128258,0.001694737933576107
71,3.6,-2.0405689038249992,0.5103714466094971,0.07017941027879715,0.1881222426891327,0.3007689118385315,1.0,4,0,0,0,0,0,0,,0,0,,-1,-1,nan,not_applicable,,,nan,0,0.029892146587371826,0.009890063665807247,1.9526499509811401,0.21875742077827454,0.21875742077827454,0.07077758671840349,0.07017941027879715,0.0005981764396063433,0.15927363299304048,0.012072199538393691,0.15926950021414943,0.011957873732652993,0.14731162648149643,0.15926949824695713,0,0,disabled,0.0,1,SERVO,direct_path,0,1.020902824937366,4.095793275977485,46,1,1,1,29,1.5099686265474166,0.1395721733570099,8.770709554708135e-05;0.0012075064632565823;0.001002045595193055;0.0004947495639298622;0.0029191319617776225;0.004687752307886327;0.0021986294280441393;0.007081388076490479;0.006361944035854222;0.0036740317157455495;0.006308050633232968;0.0048628460417016435;0.005157864627197516;0.0035083163354709223;0.00297567958352632;0.009165382230222119;0.003680303890197841;0.0028622156503248543;0.00643246594934489;0.002294977627307809;0.006904895741739889;0.00762442890223786;0.003450596360112283;0.0026666093906092506;0.0014808383770206178;0.004465937403331517;0.002204767434314907;0.006962396759292367;0.010301128510928327;0.003675045806114605;0.0033170432572286013;0.0012754373312521333;0.004069275100035187;0.0034737459467406853;0.015448545043067832;0.0029684132122593312;0.0040871303604292225;0.0057764255865132;0.0039005979840348107;0.0023792967281652776;0.0031816265038875045;0.005302191166000053;0.0021886603739246532;0.0018936746264764518;0.0030944249628086337;0.006389424759657725,0.13641145825386047;0.13556939363479614;0.1371055543422699;0.13672222197055817;0.13421006500720978;0.13433951139450073;0.135472372174263;0.14121320843696594;0.12227397412061691;0.13391190767288208;0.13966768980026245;0.14038002490997314;0.14061644673347473;0.13585875928401947;0.13525931537151337;0.14334294199943542;0.13614915311336517;0.13599611818790436;0.13317370414733887;0.12275157123804092;0.12700004875659943;0.1427791714668274;0.1347721517086029;0.13449157774448395;0.13668572902679443;0.1320144385099411;0.13849210739135742;0.13084696233272552;0.12943971157073975;0.1395721733570099;0.1341804414987564;0.13650751113891602;0.12124406546354294;0.13415661454200745;0.1276465803384781;0.13805359601974487;0.13989481329917908;0.13479231297969818;0.13894617557525635;0.13795599341392517;0.1387234926223755;0.12409497052431107;0.13507671654224396;0.13576973974704742;0.12525896728038788;0.14025649428367615,256,0,0,"{'solver_error': 0, 'short_solution': 0, 'duplicate': 0, 'goal_error': 0, 'invalid_state': 19}",0.019572173357009892,inf,0.9263614234540224,filtered,7,2,4,3,51,1,1,2,1.0,0.0,0.21875742077827454,0.0,1.0,0.002105736513848641,0,1,0,0,0.1164433456925924,0.0,filtered,osqp optimal,0.20255127829919892,0,0,12,,predictive_link_4,,,0,0,1,solved,osqp,1.5826142535022014e-07,valid,0.002105736513848641,1.1034044827686833,8.32497264e-19|0.00593925674|0.00898768399|0.010565133|0.0121905547|0.0121905547,,,,,,,,,,0.010742086102254689,0.0028614610200747848,0.0019066410604864359,0.0017455980414524674
72,3.6500000000000004,-2.0419609924147566,0.5102666616439819,0.06968945264816284,0.1877821385860443,0.30110058188438416,1.0,4,0,0,0,0,0,0,,0,0,,-1,-1,nan,not_applicable,,,nan,0,0.02846687287092209,0.05861479416489601,1.153296947479248,0.21700258553028107,0.21700258553028107,0.07017940721832683,0.06968945264816284,0.0004899545701639862,0.1579481355481771,0.009910921268244463,0.15794407235534147,0.009782591336484328,0.14816148101885715,0.15794406546752146,0,0,disabled,0.0,1,SERVO,direct_path,0,1.020902824937366,4.095793275977485,46,1,1,1,29,1.5099686265474166,0.1395721733570099,8.770709554708135e-05;0.0012075064632565823;0.001002045595193055;0.0004947495639298622;0.0029191319617776225;0.004687752307886327;0.0021986294280441393;0.007081388076490479;0.006361944035854222;0.0036740317157455495;0.006308050633232968;0.0048628460417016435;0.005157864627197516;0.0035083163354709223;0.00297567958352632;0.009165382230222119;0.003680303890197841;0.0028622156503248543;0.00643246594934489;0.002294977627307809;0.006904895741739889;0.00762442890223786;0.003450596360112283;0.0026666093906092506;0.0014808383770206178;0.004465937403331517;0.002204767434314907;0.006962396759292367;0.010301128510928327;0.003675045806114605;0.0033170432572286013;0.0012754373312521333;0.004069275100035187;0.0034737459467406853;0.015448545043067832;0.0029684132122593312;0.0040871303604292225;0.0057764255865132;0.0039005979840348107;0.0023792967281652776;0.0031816265038875045;0.005302191166000053;0.0021886603739246532;0.0018936746264764518;0.0030944249628086337;0.006389424759657725,0.13641145825386047;0.13556939363479614;0.1371055543422699;0.13672222197055817;0.13421006500720978;0.13433951139450073;0.135472372174263;0.14121320843696594;0.12227397412061691;0.13391190767288208;0.13966768980026245;0.14038002490997314;0.14061644673347473;0.13585875928401947;0.13525931537151337;0.14334294199943542;0.13614915311336517;0.13599611818790436;0.13317370414733887;0.12275157123804092;0.12700004875659943;0.1427791714668274;0.1347721517086029;0.13449157774448395;0.13668572902679443;0.1320144385099411;0.13849210739135742;0.13084696233272552;0.12943971157073975;0.1395721733570099;0.1341804414987564;0.13650751113891602;0.12124406546354294;0.13415661454200745;0.1276465803384781;0.13805359601974487;0.13989481329917908;0.13479231297969818;0.13894617557525635;0.13795599341392517;0.1387234926223755;0.12409497052431107;0.13507671654224396;0.13576973974704742;0.12525896728038788;0.14025649428367615,256,0,0,"{'solver_error': 0, 'short_solution': 0, 'duplicate': 0, 'goal_error': 0, 'invalid_state': 19}",0.019572173357009892,inf,0.925917290387595,filtered,8,2,4,3,52,1,1,2,1.0,0.0,0.21700258553028107,0.0,1.0,0.0016868846838351131,0,1,0,0,0.1164433456925924,0.0,filtered,osqp optimal,0.2037080819213939,0,1,12,predictive_link_4,predictive_link_4,,,0,0,1,solved,osqp,1.1377123817699064e-09,valid,0.0016868846838351131,1.1033974500255785,2.57527158e-20|0.00582703695|0.00887284742|0.01044162|0.012071007|0.012071007,,,,,,,,,,0.009855772950686514,0.00329692498780787,0.0013314399402588606,0.0018271550070494413
73,3.7,-2.046284569036321,0.5112593770027161,0.06922625750303268,0.18746057152748108,0.30175766348838806,1.0,4,0,0,0,0,0,0,,0,0,,-1,-1,nan,not_applicable,,,nan,0,0.028080331161618233,0.015550578013062477,0.9136632680892944,0.21558265388011932,0.21558265388011932,0.06968945362119039,0.06922625750303268,0.0004631961181577049,0.1568617896512613,0.009370679887484083,0.1568577633774024,0.009250577406106257,0.14760718597129613,0.15685776556750314,0,0,disabled,0.0,1,SERVO,direct_path,0,1.020902824937366,4.095793275977485,46,1,1,1,29,1.5099686265474166,0.1395721733570099,8.770709554708135e-05;0.0012075064632565823;0.001002045595193055;0.0004947495639298622;0.0029191319617776225;0.004687752307886327;0.0021986294280441393;0.007081388076490479;0.006361944035854222;0.0036740317157455495;0.006308050633232968;0.0048628460417016435;0.005157864627197516;0.0035083163354709223;0.00297567958352632;0.009165382230222119;0.003680303890197841;0.0028622156503248543;0.00643246594934489;0.002294977627307809;0.006904895741739889;0.00762442890223786;0.003450596360112283;0.0026666093906092506;0.0014808383770206178;0.004465937403331517;0.002204767434314907;0.006962396759292367;0.010301128510928327;0.003675045806114605;0.0033170432572286013;0.0012754373312521333;0.004069275100035187;0.0034737459467406853;0.015448545043067832;0.0029684132122593312;0.0040871303604292225;0.0057764255865132;0.0039005979840348107;0.0023792967281652776;0.0031816265038875045;0.005302191166000053;0.0021886603739246532;0.0018936746264764518;0.0030944249628086337;0.006389424759657725,0.13641145825386047;0.13556939363479614;0.1371055543422699;0.13672222197055817;0.13421006500720978;0.13433951139450073;0.135472372174263;0.14121320843696594;0.12227397412061691;0.13391190767288208;0.13966768980026245;0.14038002490997314;0.14061644673347473;0.13585875928401947;0.13525931537151337;0.14334294199943542;0.13614915311336517;0.13599611818790436;0.13317370414733887;0.12275157123804092;0.12700004875659943;0.1427791714668274;0.1347721517086029;0.13449157774448395;0.13668572902679443;0.1320144385099411;0.13849210739135742;0.13084696233272552;0.12943971157073975;0.1395721733570099;0.1341804414987564;0.13650751113891602;0.12124406546354294;0.13415661454200745;0.1276465803384781;0.13805359601974487;0.13989481329917908;0.13479231297969818;0.13894617557525635;0.13795599341392517;0.1387234926223755;0.12409497052431107;0.13507671654224396;0.13576973974704742;0.12525896728038788;0.14025649428367615,256,0,0,"{'solver_error': 0, 'short_solution': 0, 'duplicate': 0, 'goal_error': 0, 'invalid_state': 19}",0.019572173357009892,inf,0.9387357363673806,filtered,9,2,4,3,53,1,1,2,1.0,0.0,0.21558265388011932,0.0,1.0,0.0015973699425528426,0,1,0,0,0.1164433456925924,0.0,filtered,osqp optimal,0.2029202842901042,0,1,12,predictive_link_4,predictive_link_4,,,0,0,1,solved,osqp,0.0,valid,0.0015973699425528426,1.103397299839045,0|0.00516640063|0.0073439592|0.00854302139|0.00991395228|0.00991395228,,,,,,,,,,0.009192385943606496,0.0025382840540260077,0.0016533350571990013,0.0017650439403951168
74,3.75,-2.0480176525269718,0.5114022493362427,0.0688336119055748,0.18719226121902466,0.302091509103775,1.0,4,0,0,0,0,0,0,,0,0,,-1,-1,nan,not_applicable,,,nan,0,0.027285579591989517,0.03790518641471863,0.49192124605178833,0.21424108743667603,0.21424108743667603,0.06922625571627042,0.0688336119055748,0.0003926438106956198,0.15583446733601208,0.007963714725357689,0.15583047565142583,0.00783653517275529,0.14799394047867054,0.15583047162936792,0,0,disabled,0.0,1,SERVO,direct_path,0,1.020902824937366,4.095793275977485,46,1,1,1,29,1.5099686265474166,0.1395721733570099,8.770709554708135e-05;0.0012075064632565823;0.001002045595193055;0.0004947495639298622;0.0029191319617776225;0.004687752307886327;0.0021986294280441393;0.007081388076490479;0.006361944035854222;0.0036740317157455495;0.006308050633232968;0.0048628460417016435;0.005157864627197516;0.0035083163354709223;0.00297567958352632;0.009165382230222119;0.003680303890197841;0.0028622156503248543;0.00643246594934489;0.002294977627307809;0.006904895741739889;0.00762442890223786;0.003450596360112283;0.0026666093906092506;0.0014808383770206178;0.004465937403331517;0.002204767434314907;0.006962396759292367;0.010301128510928327;0.003675045806114605;0.0033170432572286013;0.0012754373312521333;0.004069275100035187;0.0034737459467406853;0.015448545043067832;0.0029684132122593312;0.0040871303604292225;0.0057764255865132;0.0039005979840348107;0.0023792967281652776;0.0031816265038875045;0.005302191166000053;0.0021886603739246532;0.0018936746264764518;0.0030944249628086337;0.006389424759657725,0.13641145825386047;0.13556939363479614;0.1371055543422699;0.13672222197055817;0.13421006500720978;0.13433951139450073;0.135472372174263;0.14121320843696594;0.12227397412061691;0.13391190767288208;0.13966768980026245;0.14038002490997314;0.14061644673347473;0.13585875928401947;0.13525931537151337;0.14334294199943542;0.13614915311336517;0.13599611818790436;0.13317370414733887;0.12275157123804092;0.12700004875659943;0.1427791714668274;0.1347721517086029;0.13449157774448395;0.13668572902679443;0.1320144385099411;0.13849210739135742;0.13084696233272552;0.12943971157073975;0.1395721733570099;0.1341804414987564;0.13650751113891602;0.12124406546354294;0.13415661454200745;0.1276465803384781;0.13805359601974487;0.13989481329917908;0.13479231297969818;0.13894617557525635;0.13795599341392517;0.1387234926223755;0.12409497052431107;0.13507671654224396;0.13576973974704742;0.12525896728038788;0.14025649428367615,256,0,0,"{'solver_error': 0, 'short_solution': 0, 'duplicate': 0, 'goal_error': 0, 'invalid_state': 19}",0.019572173357009892,inf,0.9412644321696847,filtered,10,2,4,3,54,1,1,2,1.0,0.0,0.21424108743667603,0.0,1.0,0.0013305394549289057,0,1,0,0,0.1164433456925924,0.0,filtered,osqp optimal,0.20343785662502264,0,0,12,,predictive_link_4,,,0,0,1,solved,osqp,2.2065866496501219e-07,valid,0.0013305394549289057,1.1033947138948241,0|0.00494548567|0.0069387709|0.00805409178|0.00937237929|0.00937237929,,,,,,,,,,0.010939424973912537,0.0034978969488292933,0.0014106009621173143,0.0019060790073126554
75,3.8000000000000003,-2.050952643669146,0.5120200514793396,0.0684722512960434,0.18694615364074707,0.3025510609149933,1.0,4,0,0,0,0,0,0,,0,0,,-1,-1,nan,not_applicable,,,nan,0,0.026919862255454063,0.017415009438991547,0.43942514061927795,0.2131163626909256,0.2131163626909256,0.06883361344964051,0.0684722512960434,0.0003613621535971112,0.15496319418938484,0.0073360113168035096,0.15495921860020342,0.007214616400595516,0.14774460219960792,0.1549592220762264,0,0,disabled,0.0,1,SERVO,direct_path,0,1.020902824937366,4.095793275977485,46,1,1,1,29,1.5099686265474166,0.1395721733570099,8.770709554708135e-05;0.0012075064632565823;0.001002045595193055;0.0004947495639298622;0.0029191319617776225;0.004687752307886327;0.0021986294280441393;0.007081388076490479;0.006361944035854222;0.0036740317157455495;0.006308050633232968;0.0048628460417016435;0.005157864627197516;0.0035083163354709223;0.00297567958352632;0.009165382230222119;0.003680303890197841;0.0028622156503248543;0.00643246594934489;0.002294977627307809;0.006904895741739889;0.00762442890223786;0.003450596360112283;0.0026666093906092506;0.0014808383770206178;0.004465937403331517;0.002204767434314907;0.006962396759292367;0.010301128510928327;0.003675045806114605;0.0033170432572286013;0.0012754373312521333;0.004069275100035187;0.0034737459467406853;0.015448545043067832;0.0029684132122593312;0.0040871303604292225;0.0057764255865132;0.0039005979840348107;0.0023792967281652776;0.0031816265038875045;0.005302191166000053;0.0021886603739246532;0.0018936746264764518;0.0030944249628086337;0.006389424759657725,0.13641145825386047;0.13556939363479614;0.1371055543422699;0.13672222197055817;0.13421006500720978;0.13433951139450073;0.135472372174263;0.14121320843696594;0.12227397412061691;0.13391190767288208;0.13966768980026245;0.14038002490997314;0.14061644673347473;0.13585875928401947;0.13525931537151337;0.14334294199943542;0.13614915311336517;0.13599611818790436;0.13317370414733887;0.12275157123804092;0.12700004875659943;0.1427791714668274;0.1347721517086029;0.13449157774448395;0.13668572902679443;0.1320144385099411;0.13849210739135742;0.13084696233272552;0.12943971157073975;0.1395721733570099;0.1341804414987564;0.13650751113891602;0.12124406546354294;0.13415661454200745;0.1276465803384781;0.13805359601974487;0.13989481329917908;0.13479231297969818;0.13894617557525635;0.13795599341392517;0.1387234926223755;0.12409497052431107;0.13507671654224396;0.13576973974704742;0.12525896728038788;0.14025649428367615,256,0,0,"{'solver_error': 0, 'short_solution': 0, 'duplicate': 0, 'goal_error': 0, 'invalid_state': 19}",0.019572173357009892,inf,0.9495744213170757,filtered,11,2,4,3,55,1,1,2,1.0,0.0,0.2131163626909256,0.0,1.0,0.0012221161189734236,0,1,0,0,0.1164433456925924,0.0,filtered,osqp optimal,0.2030753725053616,0,1,12,predictive_link_4,predictive_link_4,,,0,0,1,solved,osqp,0.0,valid,0.0012221161189734236,1.103395058380166,0|0.00451476544|0.0059486501|0.00682325895|0.00796697157|0.00796697157,,,,,,,,,,0.009724875912070274,0.0031103920191526413,0.0012886779149994254,0.0018106830539181828
76,3.85,-2.0526137788800596,0.5122377872467041,0.06815953552722931,0.1867358386516571,0.3028486669063568,1.0,4,0,0,0,0,0,0,,0,0,,-1,-1,nan,not_applicable,,,nan,0,0.02644500695168972,0.02629930153489113,0.19997146725654602,0.21208453178405762,0.21208453178405762,0.06847225246998254,0.06815953552722931,0.00031271694275322726,0.15416110625116727,0.006360133709865928,0.15415714268948352,0.0062363236625123395,0.14792081902697118,0.15415714533246813,0,0,disabled,0.0,1,SERVO,direct_path,0,1.020902824937366,4.095793275977485,46,1,1,1,29,1.5099686265474166,0.1395721733570099,8.770709554708135e-05;0.0012075064632565823;0.001002045595193055;0.0004947495639298622;0.0029191319617776225;0.004687752307886327;0.0021986294280441393;0.007081388076490479;0.006361944035854222;0.0036740317157455495;0.006308050633232968;0.0048628460417016435;0.005157864627197516;0.0035083163354709223;0.00297567958352632;0.009165382230222119;0.003680303890197841;0.0028622156503248543;0.00643246594934489;0.002294977627307809;0.006904895741739889;0.00762442890223786;0.003450596360112283;0.0026666093906092506;0.0014808383770206178;0.004465937403331517;0.002204767434314907;0.006962396759292367;0.010301128510928327;0.003675045806114605;0.0033170432572286013;0.0012754373312521333;0.004069275100035187;0.0034737459467406853;0.015448545043067832;0.0029684132122593312;0.0040871303604292225;0.0057764255865132;0.0039005979840348107;0.0023792967281652776;0.0031816265038875045;0.005302191166000053;0.0021886603739246532;0.0018936746264764518;0.0030944249628086337;0.006389424759657725,0.13641145825386047;0.13556939363479614;0.1371055543422699;0.13672222197055817;0.13421006500720978;0.13433951139450073;0.135472372174263;0.14121320843696594;0.12227397412061691;0.13391190767288208;0.13966768980026245;0.14038002490997314;0.14061644673347473;0.13585875928401947;0.13525931537151337;0.14334294199943542;0.13614915311336517;0.13599611818790436;0.13317370414733887;0.12275157123804092;0.12700004875659943;0.1427791714668274;0.1347721517086029;0.13449157774448395;0.13668572902679443;0.1320144385099411;0.13849210739135742;0.13084696233272552;0.12943971157073975;0.1395721733570099;0.1341804414987564;0.13650751113891602;0.12124406546354294;0.13415661454200745;0.1276465803384781;0.13805359601974487;0.13989481329917908;0.13479231297969818;0.13894617557525635;0.13795599341392517;0.1387234926223755;0.12409497052431107;0.13507671654224396;0.13576973974704742;0.12525896728038788;0.14025649428367615,256,0,0,"{'solver_error': 0, 'short_solution': 0, 'duplicate': 0, 'goal_error': 0, 'invalid_state': 19}",0.019572173357009892,inf,0.9528849401388946,filtered,12,2,4,3,56,1,1,2,1.0,0.0,0.21208453178405762,0.0,1.0,0.001041708347325962,0,1,0,0,0.1164433456925924,0.0,filtered,osqp optimal,0.2033036909777888,0,1,12,predictive_link_4,predictive_link_4,,,0,0,1,solved,osqp,6.742559210178717e-08,valid,0.001041708347325962,1.1033939662345356,3.78265776e-21|0.00428389646|0.00549171768|0.00626526444|0.00733807188|0.00733807188,,,,,,,,,,0.008968280046246946,0.0025707120075821877,0.001257041934877634,0.0016337489942088723
77,3.9000000000000004,-2.054701440079079,0.5126468539237976,0.0678761824965477,0.1865464150905609,0.3031824827194214,1.0,4,0,0,0,0,0,0,,0,0,,-1,-1,nan,not_applicable,,,nan,0,0.026157330721616745,0.016320401802659035,0.21717745065689087,0.2112000584602356,0.2112000584602356,0.06815953504169074,0.0678761824965477,0.0002833525451430424,0.15346671423489913,0.005771214599253058,0.15346275275094723,0.005652100537190517,0.14781065221375672,0.15346275165774603,0,0,disabled,0.0,1,SERVO,direct_path,0,1.020902824937366,4.095793275977485,46,1,1,1,29,1.5099686265474166,0.1395721733570099,8.770709554708135e-05;0.0012075064632565823;0.001002045595193055;0.0004947495639298622;0.0029191319617776225;0.004687752307886327;0.0021986294280441393;0.007081388076490479;0.006361944035854222;0.0036740317157455495;0.006308050633232968;0.0048628460417016435;0.005157864627197516;0.0035083163354709223;0.00297567958352632;0.009165382230222119;0.003680303890197841;0.0028622156503248543;0.00643246594934489;0.002294977627307809;0.006904895741739889;0.00762442890223786;0.003450596360112283;0.0026666093906092506;0.0014808383770206178;0.004465937403331517;0.002204767434314907;0.006962396759292367;0.010301128510928327;0.003675045806114605;0.0033170432572286013;0.0012754373312521333;0.004069275100035187;0.0034737459467406853;0.015448545043067832;0.0029684132122593312;0.0040871303604292225;0.0057764255865132;0.0039005979840348107;0.0023792967281652776;0.0031816265038875045;0.005302191166000053;0.0021886603739246532;0.0018936746264764518;0.0030944249628086337;0.006389424759657725,0.13641145825386047;0.13556939363479614;0.1371055543422699;0.13672222197055817;0.13421006500720978;0.13433951139450073;0.135472372174263;0.14121320843696594;0.12227397412061691;0.13391190767288208;0.13966768980026245;0.14038002490997314;0.14061644673347473;0.13585875928401947;0.13525931537151337;0.14334294199943542;0.13614915311336517;0.13599611818790436;0.13317370414733887;0.12275157123804092;0.12700004875659943;0.1427791714668274;0.1347721517086029;0.13449157774448395;0.13668572902679443;0.1320144385099411;0.13849210739135742;0.13084696233272552;0.12943971157073975;0.1395721733570099;0.1341804414987564;0.13650751113891602;0.12124406546354294;0.13415661454200745;0.1276465803384781;0.13805359601974487;0.13989481329917908;0.13479231297969818;0.13894617557525635;0.13795599341392517;0.1387234926223755;0.12409497052431107;0.13507671654224396;0.13576973974704742;0.12525896728038788;0.14025649428367615,256,0,0,"{'solver_error': 0, 'short_solution': 0, 'duplicate': 0, 'goal_error': 0, 'invalid_state': 19}",0.019572173357009892,inf,0.9585974482325312,filtered,13,2,4,3,57,1,1,2,1.0,0.0,0.2112000584602356,0.0,1.0,0.0009395436044872113,0,1,0,0,0.1164433456925924,0.0,filtered,osqp optimal,0.20313657341427432,0,1,12,predictive_link_4,predictive_link_4,,,0,0,1,solved,osqp,3.9250872083812505e-11,valid,0.0009395436044872113,1.103393328626125,2.58686051e-20|0.0039852995|0.00481402768|0.00542080671|0.0063638017|0.0063638017,,,,,,,,,,0.008623132016509771,0.0025626630522310734,0.0012460410362109542,0.001676170970313251
78,3.95,-2.0561323068890136,0.5128621459007263,0.06762821227312088,0.1863824427127838,0.3034295439720154,1.0,4,0,0,0,0,0,0,,0,0,,-1,-1,nan,not_applicable,,,nan,0,0.025858299806714058,0.01926584355533123,0.0714629516005516,0.21040257811546326,0.21040257811546326,0.0678761827017669,0.06762821227312088,0.0002479704286460216,0.15283735420520075,0.005062386572347301,0.15283339121088424,0.004943765889730796,0.14788962532115343,0.15283339167296603,0,0,disabled,0.0,1,SERVO,direct_path,0,1.020902824937366,4.095793275977485,46,1,1,1,29,1.5099686265474166,0.1395721733570099,8.770709554708135e-05;0.0012075064632565823;0.001002045595193055;0.0004947495639298622;0.0029191319617776225;0.004687752307886327;0.0021986294280441393;0.007081388076490479;0.006361944035854222;0.0036740317157455495;0.006308050633232968;0.0048628460417016435;0.005157864627197516;0.0035083163354709223;0.00297567958352632;0.009165382230222119;0.003680303890197841;0.0028622156503248543;0.00643246594934489;0.002294977627307809;0.006904895741739889;0.00762442890223786;0.003450596360112283;0.0026666093906092506;0.0014808383770206178;0.004465937403331517;0.002204767434314907;0.006962396759292367;0.010301128510928327;0.003675045806114605;0.0033170432572286013;0.0012754373312521333;0.004069275100035187;0.0034737459467406853;0.015448545043067832;0.0029684132122593312;0.0040871303604292225;0.0057764255865132;0.0039005979840348107;0.0023792967281652776;0.0031816265038875045;0.005302191166000053;0.0021886603739246532;0.0018936746264764518;0.0030944249628086337;0.006389424759657725,0.13641145825386047;0.13556939363479614;0.1371055543422699;0.13672222197055817;0.13421006500720978;0.13433951139450073;0.135472372174263;0.14121320843696594;0.12227397412061691;0.13391190767288208;0.13966768980026245;0.14038002490997314;0.14061644673347473;0.13585875928401947;0.13525931537151337;0.14334294199943542;0.13614915311336517;0.13599611818790436;0.13317370414733887;0.12275157123804092;0.12700004875659943;0.1427791714668274;0.1347721517086029;0.13449157774448395;0.13668572902679443;0.1320144385099411;0.13849210739135742;0.13084696233272552;0.12943971157073975;0.1395721733570099;0.1341804414987564;0.13650751113891602;0.12124406546354294;0.13415661454200745;0.1276465803384781;0.13805359601974487;0.13989481329917908;0.13479231297969818;0.13894617557525635;0.13795599341392517;0.1387234926223755;0.12409497052431107;0.13507671654224396;0.13576973974704742;0.12525896728038788;0.14025649428367615,256,0,0,"{'solver_error': 0, 'short_solution': 0, 'duplicate': 0, 'goal_error': 0, 'invalid_state': 19}",0.019572173357009892,inf,0.961820630615595,filtered,14,2,4,3,58,1,1,2,1.0,0.0,0.21040257811546326,0.0,1.0,0.0008118582287591908,0,1,0,0,0.1164433456925924,0.0,filtered,osqp optimal,0.20323259996242182,0,0,12,,predictive_link_4,,,0,0,1,solved,osqp,1.1896032452163308e-07,valid,0.0008118582287591908,1.1033915378776946,3.7433529e-19|0.00378038339|0.0043965141|0.00490690294|0.00577395252|0.00577395252,,,,,,,,,,0.009179960936307907,0.00304946000687778,0.001270247041247785,0.0016694159712642431
79,4.0,-2.0576691763442545,0.5131477117538452,0.06740550696849823,0.18623629212379456,0.30367839336395264,1.0,4,0,0,0,0,0,0,,0,0,,-1,-1,nan,not_applicable,,,nan,0,0.025647278875112534,0.014167822897434235,0.1126108318567276,0.20971107482910156,0.20971107482910156,0.06762821337575554,0.06740550696849823,0.00022270640725731428,0.15228639641001043,0.004555607113222799,0.15228242604658954,0.004441413889334816,0.14784101215725473,0.15228242852945692,0,0,disabled,0.0,1,SERVO,direct_path,0,1.020902824937366,4.095793275977485,46,1,1,1,29,1.5099686265474166,0.1395721733570099,8.770709554708135e-05;0.0012075064632565823;0.001002045595193055;0.0004947495639298622;0.0029191319617776225;0.004687752307886327;0.0021986294280441393;0.007081388076490479;0.006361944035854222;0.0036740317157455495;0.006308050633232968;0.0048628460417016435;0.005157864627197516;0.0035083163354709223;0.00297567958352632;0.009165382230222119;0.003680303890197841;0.0028622156503248543;0.00643246594934489;0.002294977627307809;0.006904895741739889;0.00762442890223786;0.003450596360112283;0.0026666093906092506;0.0014808383770206178;0.004465937403331517;0.002204767434314907;0.006962396759292367;0.010301128510928327;0.003675045806114605;0.0033170432572286013;0.0012754373312521333;0.004069275100035187;0.0034737459467406853;0.015448545043067832;0.0029684132122593312;0.0040871303604292225;0.0057764255865132;0.0039005979840348107;0.0023792967281652776;0.0031816265038875045;0.005302191166000053;0.0021886603739246532;0.0018936746264764518;0.0030944249628086337;0.006389424759657725,0.13641145825386047;0.13556939363479614;0.1371055543422699;0.13672222197055817;0.13421006500720978;0.13433951139450073;0.135472372174263;0.14121320843696594;0.12227397412061691;0.13391190767288208;0.13966768980026245;0.14038002490997314;0.14061644673347473;0.13585875928401947;0.13525931537151337;0.14334294199943542;0.13614915311336517;0.13599611818790436;0.13317370414733887;0.12275157123804092;0.12700004875659943;0.1427791714668274;0.1347721517086029;0.13449157774448395;0.13668572902679443;0.1320144385099411;0.13849210739135742;0.13084696233272552;0.12943971157073975;0.1395721733570099;0.1341804414987564;0.13650751113891602;0.12124406546354294;0.13415661454200745;0.1276465803384781;0.13805359601974487;0.13989481329917908;0.13479231297969818;0.13894617557525635;0.13795599341392517;0.1387234926223755;0.12409497052431107;0.13507671654224396;0.13576973974704742;0.12525896728038788;0.14025649428367615,256,0,0,"{'solver_error': 0, 'short_solution': 0, 'duplicate': 0, 'goal_error': 0, 'invalid_state': 19}",0.019572173357009892,inf,0.9659225746316343,filtered,15,2,4,3,59,1,1,2,1.0,0.0,0.20971107482910156,0.0,1.0,0.0007246946880455213,0,1,0,0,0.1164433456925924,0.0,filtered,osqp optimal,0.20315301160618315,0,0,12,,predictive_link_4,,,0,0,1,solved,osqp,1.8422798047507127e-07,valid,0.0007246946880455213,1.1033889931312453,1.67779059e-19|0.00356155416|0.00391309354|0.00430318314|0.00506545393|0.00506545393,,,,,,,,,,0.009245638968423009,0.002986710984259844,0.0012205330422148108,0.0017905749846249819
80,4.05,-2.0588431091282837,0.513335108757019,0.06720931082963943,0.18610888719558716,0.30387717485427856,1.0,4,0,0,0,0,0,0,,0,0,,-1,-1,nan,not_applicable,,,nan,0,0.025450285524129868,0.01472252607345581,0.019469138234853745,0.20909404754638672,0.20909404754638672,0.06740551203209649,0.06720931082963943,0.00019620120245705808,0.15179145205447084,0.0040225970012288635,0.1517874715372586,0.00391072611242717,0.14787674542483142,0.15178748293975097,0,0,disabled,0.0,1,SERVO,direct_path,0,1.020902824937366,4.095793275977485,46,1,1,1,29,1.5099686265474166,0.1395721733570099,8.770709554708135e-05;0.0012075064632565823;0.001002045595193055;0.0004947495639298622;0.0029191319617776225;0.004687752307886327;0.0021986294280441393;0.007081388076490479;0.006361944035854222;0.0036740317157455495;0.006308050633232968;0.0048628460417016435;0.005157864627197516;0.0035083163354709223;0.00297567958352632;0.009165382230222119;0.003680303890197841;0.0028622156503248543;0.00643246594934489;0.002294977627307809;0.006904895741739889;0.00762442890223786;0.003450596360112283;0.0026666093906092506;0.0014808383770206178;0.004465937403331517;0.002204767434314907;0.006962396759292367;0.010301128510928327;0.003675045806114605;0.0033170432572286013;0.0012754373312521333;0.004069275100035187;0.0034737459467406853;0.015448545043067832;0.0029684132122593312;0.0040871303604292225;0.0057764255865132;0.0039005979840348107;0.0023792967281652776;0.0031816265038875045;0.005302191166000053;0.0021886603739246532;0.0018936746264764518;0.0030944249628086337;0.006389424759657725,0.13641145825386047;0.13556939363479614;0.1371055543422699;0.13672222197055817;0.13421006500720978;0.13433951139450073;0.135472372174263;0.14121320843696594;0.12227397412061691;0.13391190767288208;0.13966768980026245;0.14038002490997314;0.14061644673347473;0.13585875928401947;0.13525931537151337;0.14334294199943542;0.13614915311336517;0.13599611818790436;0.13317370414733887;0.12275157123804092;0.12700004875659943;0.1427791714668274;0.1347721517086029;0.13449157774448395;0.13668572902679443;0.1320144385099411;0.13849210739135742;0.13084696233272552;0.12943971157073975;0.1395721733570099;0.1341804414987564;0.13650751113891602;0.12124406546354294;0.13415661454200745;0.1276465803384781;0.13805359601974487;0.13989481329917908;0.13479231297969818;0.13894617557525635;0.13795599341392517;0.1387234926223755;0.12409497052431107;0.13507671654224396;0.13576973974704742;0.12525896728038788;0.14025649428367615,256,0,0,"{'solver_error': 0, 'short_solution': 0, 'duplicate': 0, 'goal_error': 0, 'invalid_state': 19}",0.019572173357009892,inf,0.9687281025655763,filtered,16,2,4,3,60,1,1,2,1.0,0.0,0.20909404754638672,0.0,1.0,0.0006312572471556394,0,1,0,0,0.1164433456925924,0.0,filtered,osqp optimal,0.203191281651287,0,1,12,predictive_link_4,predictive_link_4,,,0,0,1,solved,osqp,5.886637789243379e-08,valid,0.0006312572471556394,1.1033856806991238,2.88633629e-19|0.00339108088|0.00356520817|0.00387218872|0.0045578043|0.0045578043,,,,,,,,,,0.012853739899583161,0.004390127956867218,0.0012585639487951994,0.0020330939441919327
81,4.1000000000000005,-2.0600011978484707,0.5135423541069031,0.06703401356935501,0.1859959363937378,0.30406609177589417,1.0,4,0,0,0,0,0,0,,0,0,,-1,-1,nan,not_applicable,,,nan,0,0.02529902756214142,0.011897707358002663,0.06259829550981522,0.20855523645877838,0.20855523645877838,0.0672093135089298,0.06703401356935501,0.00017529993957478285,0.15135527623975084,0.003603287397517636,0.1513512824105185,0.003495810472168427,0.14785547193835008,0.15135128844411752,0,0,disabled,0.0,1,SERVO,direct_path,0,1.020902824937366,4.095793275977485,46,1,1,1,29,1.5099686265474166,0.1395721733570099,8.770709554708135e-05;0.0012075064632565823;0.001002045595193055;0.0004947495639298622;0.0029191319617776225;0.004687752307886327;0.0021986294280441393;0.007081388076490479;0.006361944035854222;0.0036740317157455495;0.006308050633232968;0.0048628460417016435;0.005157864627197516;0.0035083163354709223;0.00297567958352632;0.009165382230222119;0.003680303890197841;0.0028622156503248543;0.00643246594934489;0.002294977627307809;0.006904895741739889;0.00762442890223786;0.003450596360112283;0.0026666093906092506;0.0014808383770206178;0.004465937403331517;0.002204767434314907;0.006962396759292367;0.010301128510928327;0.003675045806114605;0.0033170432572286013;0.0012754373312521333;0.004069275100035187;0.0034737459467406853;0.015448545043067832;0.0029684132122593312;0.0040871303604292225;0.0057764255865132;0.0039005979840348107;0.0023792967281652776;0.0031816265038875045;0.005302191166000053;0.0021886603739246532;0.0018936746264764518;0.0030944249628086337;0.006389424759657725,0.13641145825386047;0.13556939363479614;0.1371055543422699;0.13672222197055817;0.13421006500720978;0.13433951139450073;0.135472372174263;0.14121320843696594;0.12227397412061691;0.13391190767288208;0.13966768980026245;0.14038002490997314;0.14061644673347473;0.13585875928401947;0.13525931537151337;0.14334294199943542;0.13614915311336517;0.13599611818790436;0.13317370414733887;0.12275157123804092;0.12700004875659943;0.1427791714668274;0.1347721517086029;0.13449157774448395;0.13668572902679443;0.1320144385099411;0.13849210739135742;0.13084696233272552;0.12943971157073975;0.1395721733570099;0.1341804414987564;0.13650751113891602;0.12124406546354294;0.13415661454200745;0.1276465803384781;0.13805359601974487;0.13989481329917908;0.13479231297969818;0.13894617557525635;0.13795599341392517;0.1387234926223755;0.12409497052431107;0.13507671654224396;0.13576973974704742;0.12525896728038788;0.14025649428367615,256,0,0,"{'solver_error': 0, 'short_solution': 0, 'duplicate': 0, 'goal_error': 0, 'invalid_state': 19}",0.019572173357009892,inf,0.9717698042370613,filtered,17,2,4,3,61,1,1,2,1.0,0.0,0.20855523645877838,0.0,1.0,0.0005602193642519487,0,1,0,0,0.1164433456925924,0.0,filtered,osqp optimal,0.20315162397520548,0,1,12,predictive_link_4,predictive_link_4,,,0,0,1,solved,osqp,1.012611831625182e-08,valid,0.0005602193642519487,1.1033809417964802,0|0.00322643855|0.00321388873|0.00343180418|0.00402500617|0.00402500617,,,,,,,,,,0.01231482601724565,0.0036103950114920735,0.0017546439776197076,0.002450342057272792
82,4.15,-2.0609443442237576,0.5136973261833191,0.06687898188829422,0.18589696288108826,0.3042241334915161,1.0,4,0,0,0,0,0,0,,0,0,,-1,-1,nan,not_applicable,,,nan,0,0.025165053084492683,0.011538087390363216,0.008625572547316551,0.2080773413181305,0.2080773413181305,0.06703401584742959,0.06687898188829422,0.00015503395913536722,0.15096546982006157,0.003194587259930176,0.15096146102293553,0.003090445769421657,0.14787101525351387,0.1509614661531888,0,0,disabled,0.0,1,SERVO,direct_path,0,1.020902824937366,4.095793275977485,46,1,1,1,29,1.5099686265474166,0.1395721733570099,8.770709554708135e-05;0.0012075064632565823;0.001002045595193055;0.0004947495639298622;0.0029191319617776225;0.004687752307886327;0.0021986294280441393;0.007081388076490479;0.006361944035854222;0.0036740317157455495;0.006308050633232968;0.0048628460417016435;0.005157864627197516;0.0035083163354709223;0.00297567958352632;0.009165382230222119;0.003680303890197841;0.0028622156503248543;0.00643246594934489;0.002294977627307809;0.006904895741739889;0.00762442890223786;0.003450596360112283;0.0026666093906092506;0.0014808383770206178;0.004465937403331517;0.002204767434314907;0.006962396759292367;0.010301128510928327;0.003675045806114605;0.0033170432572286013;0.0012754373312521333;0.004069275100035187;0.0034737459467406853;0.015448545043067832;0.0029684132122593312;0.0040871303604292225;0.0057764255865132;0.0039005979840348107;0.0023792967281652776;0.0031816265038875045;0.005302191166000053;0.0021886603739246532;0.0018936746264764518;0.0030944249628086337;0.006389424759657725,0.13641145825386047;0.13556939363479614;0.1371055543422699;0.13672222197055817;0.13421006500720978;0.13433951139450073;0.135472372174263;0.14121320843696594;0.12227397412061691;0.13391190767288208;0.13966768980026245;0.14038002490997314;0.14061644673347473;0.13585875928401947;0.13525931537151337;0.14334294199943542;0.13614915311336517;0.13599611818790436;0.13317370414733887;0.12275157123804092;0.12700004875659943;0.1427791714668274;0.1347721517086029;0.13449157774448395;0.13668572902679443;0.1320144385099411;0.13849210739135742;0.13084696233272552;0.12943971157073975;0.1395721733570099;0.1341804414987564;0.13650751113891602;0.12124406546354294;0.13415661454200745;0.1276465803384781;0.13805359601974487;0.13989481329917908;0.13479231297969818;0.13894617557525635;0.13795599341392517;0.1387234926223755;0.12409497052431107;0.13507671654224396;0.13576973974704742;0.12525896728038788;0.14025649428367615,256,0,0,"{'solver_error': 0, 'short_solution': 0, 'duplicate': 0, 'goal_error': 0, 'invalid_state': 19}",0.019572173357009892,inf,0.9740902574525337,filtered,18,2,4,3,62,1,1,2,1.0,0.0,0.2080773413181305,0.0,1.0,0.0004903756750788829,0,1,0,0,0.1164433456925924,0.0,filtered,osqp optimal,0.2031638985165743,0,1,12,predictive_link_4,predictive_link_4,,,0,0,1,solved,osqp,9.215814717345588e-08,valid,0.0004903756750788829,1.103374754731805,6.7125428e-21|0.00308914584|0.00293928788|0.00308957801|0.00360504844|0.00360504844,,,,,,,,,,0.012412111973389983,0.0036247470416128635,0.0017869919538497925,0.0024631950072944164
83,4.2,-2.061828445659867,0.5138516426086426,0.06674082577228546,0.18580949306488037,0.3043690323829651,1.0,4,0,0,0,0,0,0,,0,0,,-1,-1,nan,not_applicable,,,nan,0,0.025056932121515274,0.00983052421361208,0.03743203356862068,0.20765835046768188,0.20765835046768188,0.06687898642369015,0.06674082577228546,0.00013816065140469236,0.15062063941431877,0.0028547051129163346,0.15061661412828023,0.0027548887568325346,0.1478617253714477,0.15061662434234094,0,0,disabled,0.0,1,SERVO,direct_path,0,1.020902824937366,4.095793275977485,46,1,1,1,29,1.5099686265474166,0.1395721733570099,8.770709554708135e-05;0.0012075064632565823;0.001002045595193055;0.0004947495639298622;0.0029191319617776225;0.004687752307886327;0.0021986294280441393;0.007081388076490479;0.006361944035854222;0.0036740317157455495;0.006308050633232968;0.0048628460417016435;0.005157864627197516;0.0035083163354709223;0.00297567958352632;0.009165382230222119;0.003680303890197841;0.0028622156503248543;0.00643246594934489;0.002294977627307809;0.006904895741739889;0.00762442890223786;0.003450596360112283;0.0026666093906092506;0.0014808383770206178;0.004465937403331517;0.002204767434314907;0.006962396759292367;0.010301128510928327;0.003675045806114605;0.0033170432572286013;0.0012754373312521333;0.004069275100035187;0.0034737459467406853;0.015448545043067832;0.0029684132122593312;0.0040871303604292225;0.0057764255865132;0.0039005979840348107;0.0023792967281652776;0.0031816265038875045;0.005302191166000053;0.0021886603739246532;0.0018936746264764518;0.0030944249628086337;0.006389424759657725,0.13641145825386047;0.13556939363479614;0.1371055543422699;0.13672222197055817;0.13421006500720978;0.13433951139450073;0.135472372174263;0.14121320843696594;0.12227397412061691;0.13391190767288208;0.13966768980026245;0.14038002490997314;0.14061644673347473;0.13585875928401947;0.13525931537151337;0.14334294199943542;0.13614915311336517;0.13599611818790436;0.13317370414733887;0.12275157123804092;0.12700004875659943;0.1427791714668274;0.1347721517086029;0.13449157774448395;0.13668572902679443;0.1320144385099411;0.13849210739135742;0.13084696233272552;0.12943971157073975;0.1395721733570099;0.1341804414987564;0.13650751113891602;0.12124406546354294;0.13415661454200745;0.1276465803384781;0.13805359601974487;0.13989481329917908;0.13479231297969818;0.13894617557525635;0.13795599341392517;0.1387234926223755;0.12409497052431107;0.13507671654224396;0.13576973974704742;0.12525896728038788;0.14025649428367615,256,0,0,"{'solver_error': 0, 'short_solution': 0, 'duplicate': 0, 'goal_error': 0, 'invalid_state': 19}",0.019572173357009892,inf,0.9763864591385565,filtered,19,2,4,3,63,1,1,2,1.0,0.0,0.20765835046768188,0.0,1.0,0.00043375921127071504,0,1,0,0,0.1164433456925924,0.0,filtered,osqp optimal,0.2031427421983389,0,0,12,,predictive_link_4,,,0,0,1,solved,osqp,1.9373851336060288e-07,valid,0.00043375921127071504,1.1033671212232585,0|0.00296277238|0.00268336154|0.00276810983|0.00319632766|0.00319632766,,,,,,,,,,0.012375327991321683,0.003609497915022075,0.0017807750264182687,0.0024373119231313467
84,4.25,-2.0625720487864445,0.5139747262001038,0.06661844253540039,0.18573278188705444,0.3044924736022949,1.0,4,0,0,0,0,0,0,,0,0,,-1,-1,nan,not_applicable,,,nan,0,0.02496299520134926,0.009207755327224731,0.012469282373785973,0.20728783309459686,0.20728783309459686,0.06674082734106905,0.06661844253540039,0.00012238480566865995,0.15031326349845323,0.0025368404515406762,0.15030922089381127,0.0024407611206599274,0.14786845977315133,0.15030922442692066,0,0,disabled,0.0,1,SERVO,direct_path,0,1.020902824937366,4.095793275977485,46,1,1,1,29,1.5099686265474166,0.1395721733570099,8.770709554708135e-05;0.0012075064632565823;0.001002045595193055;0.0004947495639298622;0.0029191319617776225;0.004687752307886327;0.0021986294280441393;0.007081388076490479;0.006361944035854222;0.0036740317157455495;0.006308050633232968;0.0048628460417016435;0.005157864627197516;0.0035083163354709223;0.00297567958352632;0.009165382230222119;0.003680303890197841;0.0028622156503248543;0.00643246594934489;0.002294977627307809;0.006904895741739889;0.00762442890223786;0.003450596360112283;0.0026666093906092506;0.0014808383770206178;0.004465937403331517;0.002204767434314907;0.006962396759292367;0.010301128510928327;0.003675045806114605;0.0033170432572286013;0.0012754373312521333;0.004069275100035187;0.0034737459467406853;0.015448545043067832;0.0029684132122593312;0.0040871303604292225;0.0057764255865132;0.0039005979840348107;0.0023792967281652776;0.0031816265038875045;0.005302191166000053;0.0021886603739246532;0.0018936746264764518;0.0030944249628086337;0.006389424759657725,0.13641145825386047;0.13556939363479614;0.1371055543422699;0.13672222197055817;0.13421006500720978;0.13433951139450073;0.135472372174263;0.14121320843696594;0.12227397412061691;0.13391190767288208;0.13966768980026245;0.14038002490997314;0.14061644673347473;0.13585875928401947;0.13525931537151337;0.14334294199943542;0.13614915311336517;0.13599611818790436;0.13317370414733887;0.12275157123804092;0.12700004875659943;0.1427791714668274;0.1347721517086029;0.13449157774448395;0.13668572902679443;0.1320144385099411;0.13849210739135742;0.13084696233272552;0.12943971157073975;0.1395721733570099;0.1341804414987564;0.13650751113891602;0.12124406546354294;0.13415661454200745;0.1276465803384781;0.13805359601974487;0.13989481329917908;0.13479231297969818;0.13894617557525635;0.13795599341392517;0.1387234926223755;0.12409497052431107;0.13507671654224396;0.13576973974704742;0.12525896728038788;0.14025649428367615,256,0,0,"{'solver_error': 0, 'short_solution': 0, 'duplicate': 0, 'goal_error': 0, 'invalid_state': 19}",0.019572173357009892,inf,0.9782546270873621,filtered,20,2,4,3,64,1,1,2,1.0,0.0,0.20728783309459686,0.0,1.0,0.00038079375331846743,0,1,0,0,0.1164433456925924,0.0,filtered,osqp optimal,0.20314448892940778,0,0,12,,predictive_link_4,,,0,0,1,solved,osqp,1.972163910920685e-07,valid,0.00038079375331846743,1.1033584630743662,1.24118238e-19|0.00285407004|0.00247547359|0.00250835171|0.00285606039|0.00285606039,,,,,,,,,,0.012597642955370247,0.0036262519424781203,0.0017744150245562196,0.00259065895806998
85,4.3,-2.0632552751043045,0.514092743396759,0.06650940328836441,0.18566492199897766,0.30460527539253235,1.0,4,0,0,0,0,0,0,,0,0,,-1,-1,nan,not_applicable,,,nan,0,0.024884704500436783,0.00806992407888174,0.024760887026786804,0.20696279406547546,0.20696279406547546,0.06661844308241216,0.06650940328836441,0.00010903979404774944,0.15004092052110005,0.002264683976730384,0.15003685982912687,0.0021728192279128,0.14786404060121408,0.15003686106109693,0,0,disabled,0.0,1,SERVO,direct_path,0,1.020902824937366,4.095793275977485,46,1,1,1,29,1.5099686265474166,0.1395721733570099,8.770709554708135e-05;0.0012075064632565823;0.001002045595193055;0.0004947495639298622;0.0029191319617776225;0.004687752307886327;0.0021986294280441393;0.007081388076490479;0.006361944035854222;0.0036740317157455495;0.006308050633232968;0.0048628460417016435;0.005157864627197516;0.0035083163354709223;0.00297567958352632;0.009165382230222119;0.003680303890197841;0.0028622156503248543;0.00643246594934489;0.002294977627307809;0.006904895741739889;0.00762442890223786;0.003450596360112283;0.0026666093906092506;0.0014808383770206178;0.004465937403331517;0.002204767434314907;0.006962396759292367;0.010301128510928327;0.003675045806114605;0.0033170432572286013;0.0012754373312521333;0.004069275100035187;0.0034737459467406853;0.015448545043067832;0.0029684132122593312;0.0040871303604292225;0.0057764255865132;0.0039005979840348107;0.0023792967281652776;0.0031816265038875045;0.005302191166000053;0.0021886603739246532;0.0018936746264764518;0.0030944249628086337;0.006389424759657725,0.13641145825386047;0.13556939363479614;0.1371055543422699;0.13672222197055817;0.13421006500720978;0.13433951139450073;0.135472372174263;0.14121320843696594;0.12227397412061691;0.13391190767288208;0.13966768980026245;0.14038002490997314;0.14061644673347473;0.13585875928401947;0.13525931537151337;0.14334294199943542;0.13614915311336517;0.13599611818790436;0.13317370414733887;0.12275157123804092;0.12700004875659943;0.1427791714668274;0.1347721517086029;0.13449157774448395;0.13668572902679443;0.1320144385099411;0.13849210739135742;0.13084696233272552;0.12943971157073975;0.1395721733570099;0.1341804414987564;0.13650751113891602;0.12124406546354294;0.13415661454200745;0.1276465803384781;0.13805359601974487;0.13989481329917908;0.13479231297969818;0.13894617557525635;0.13795599341392517;0.1387234926223755;0.12409497052431107;0.13507671654224396;0.13576973974704742;0.12525896728038788;0.14025649428367615,256,0,0,"{'solver_error': 0, 'short_solution': 0, 'duplicate': 0, 'goal_error': 0, 'invalid_state': 19}",0.019572173357009892,inf,0.9800116383902848,filtered,21,2,4,3,65,1,1,2,1.0,0.0,0.20696279406547546,0.0,1.0,0.00033642392858442005,0,1,0,0,0.1164433456925924,0.0,filtered,osqp optimal,0.2031317377124554,0,0,12,,predictive_link_4,,,0,0,1,solved,osqp,1.6861005382173833e-07,valid,0.00033642392858442005,1.1033481380393575,7.34113376e-20|0.00275583805|0.00229080228|0.0022772639|0.00253801172|0.00253801172,,,,,,,,,,0.012218572082929313,0.0035588399041444063,0.00176226906478405,0.002417503041215241
86,4.3500000000000005,-2.0638439893158256,0.5141910314559937,0.06641265749931335,0.18560513854026794,0.30470341444015503,1.0,4,0,0,0,0,0,0,,0,0,,-1,-1,nan,not_applicable,,,nan,0,0.024816734716296196,0.007444815710186958,0.01259514968842268,0.20667536556720734,0.20667536556720734,0.06650940362140718,0.06641265749931335,9.674612209382982e-05,0.1497982138557792,0.002014962235431047,0.1497941350022258,0.0019268241564372143,0.14786731084578858,0.149794135752313,0,0,disabled,0.0,1,SERVO,direct_path,0,1.020902824937366,4.095793275977485,46,1,1,1,29,1.5099686265474166,0.1395721733570099,8.770709554708135e-05;0.0012075064632565823;0.001002045595193055;0.0004947495639298622;0.0029191319617776225;0.004687752307886327;0.0021986294280441393;0.007081388076490479;0.006361944035854222;0.0036740317157455495;0.006308050633232968;0.0048628460417016435;0.005157864627197516;0.0035083163354709223;0.00297567958352632;0.009165382230222119;0.003680303890197841;0.0028622156503248543;0.00643246594934489;0.002294977627307809;0.006904895741739889;0.00762442890223786;0.003450596360112283;0.0026666093906092506;0.0014808383770206178;0.004465937403331517;0.002204767434314907;0.006962396759292367;0.010301128510928327;0.003675045806114605;0.0033170432572286013;0.0012754373312521333;0.004069275100035187;0.0034737459467406853;0.015448545043067832;0.0029684132122593312;0.0040871303604292225;0.0057764255865132;0.0039005979840348107;0.0023792967281652776;0.0031816265038875045;0.005302191166000053;0.0021886603739246532;0.0018936746264764518;0.0030944249628086337;0.006389424759657725,0.13641145825386047;0.13556939363479614;0.1371055543422699;0.13672222197055817;0.13421006500720978;0.13433951139450073;0.135472372174263;0.14121320843696594;0.12227397412061691;0.13391190767288208;0.13966768980026245;0.14038002490997314;0.14061644673347473;0.13585875928401947;0.13525931537151337;0.14334294199943542;0.13614915311336517;0.13599611818790436;0.13317370414733887;0.12275157123804092;0.12700004875659943;0.1427791714668274;0.1347721517086029;0.13449157774448395;0.13668572902679443;0.1320144385099411;0.13849210739135742;0.13084696233272552;0.12943971157073975;0.1395721733570099;0.1341804414987564;0.13650751113891602;0.12124406546354294;0.13415661454200745;0.1276465803384781;0.13805359601974487;0.13989481329917908;0.13479231297969818;0.13894617557525635;0.13795599341392517;0.1387234926223755;0.12409497052431107;0.13507671654224396;0.13576973974704742;0.12525896728038788;0.14025649428367615,256,0,0,"{'solver_error': 0, 'short_solution': 0, 'duplicate': 0, 'goal_error': 0, 'invalid_state': 19}",0.019572173357009892,inf,0.9814891542689164,filtered,22,2,4,3,66,1,1,2,1.0,0.0,0.20667536556720734,0.0,1.0,0.0002958053159547308,0,1,0,0,0.1164433456925924,0.0,filtered,osqp optimal,0.2031301816530912,0,0,12,,predictive_link_4,,,0,0,1,solved,osqp,1.4920488724981355e-07,valid,0.0002958053159547308,1.1033366575479338,0|0.00267048281|0.00213959961|0.00208954814|0.00226591515|0.00226591515,,,,,,,,,,0.012211636989377439,0.003645771066658199,0.0017535389633849263,0.002301289001479745
87,4.4,-2.0643643829781264,0.5142809748649597,0.06632611155509949,0.18555229902267456,0.3047912120819092,1.0,4,0,0,0,0,0,0,,0,0,,-1,-1,nan,not_applicable,,,nan,0,0.024758830666542053,0.006607645656913519,0.01780865341424942,0.2064225673675537,0.2064225673675537,0.06641265883186868,0.06632611155509949,8.654727676919716e-05,0.14958282467907635,0.0017979635844569334,0.14957872774178113,0.0017136515996561811,0.14786507614212496,0.1495787307430453,0,0,disabled,0.0,1,SERVO,direct_path,0,1.020902824937366,4.095793275977485,46,1,1,1,29,1.5099686265474166,0.1395721733570099,8.770709554708135e-05;0.0012075064632565823;0.001002045595193055;0.0004947495639298622;0.0029191319617776225;0.004687752307886327;0.0021986294280441393;0.007081388076490479;0.006361944035854222;0.0036740317157455495;0.006308050633232968;0.0048628460417016435;0.005157864627197516;0.0035083163354709223;0.00297567958352632;0.009165382230222119;0.003680303890197841;0.0028622156503248543;0.00643246594934489;0.002294977627307809;0.006904895741739889;0.00762442890223786;0.003450596360112283;0.0026666093906092506;0.0014808383770206178;0.004465937403331517;0.002204767434314907;0.006962396759292367;0.010301128510928327;0.003675045806114605;0.0033170432572286013;0.0012754373312521333;0.004069275100035187;0.0034737459467406853;0.015448545043067832;0.0029684132122593312;0.0040871303604292225;0.0057764255865132;0.0039005979840348107;0.0023792967281652776;0.0031816265038875045;0.005302191166000053;0.0021886603739246532;0.0018936746264764518;0.0030944249628086337;0.006389424759657725,0.13641145825386047;0.13556939363479614;0.1371055543422699;0.13672222197055817;0.13421006500720978;0.13433951139450073;0.135472372174263;0.14121320843696594;0.12227397412061691;0.13391190767288208;0.13966768980026245;0.14038002490997314;0.14061644673347473;0.13585875928401947;0.13525931537151337;0.14334294199943542;0.13614915311336517;0.13599611818790436;0.13317370414733887;0.12275157123804092;0.12700004875659943;0.1427791714668274;0.1347721517086029;0.13449157774448395;0.13668572902679443;0.1320144385099411;0.13849210739135742;0.13084696233272552;0.12943971157073975;0.1395721733570099;0.1341804414987564;0.13650751113891602;0.12124406546354294;0.13415661454200745;0.1276465803384781;0.13805359601974487;0.13989481329917908;0.13479231297969818;0.13894617557525635;0.13795599341392517;0.1387234926223755;0.12409497052431107;0.13507671654224396;0.13576973974704742;0.12525896728038788;0.14025649428367615,256,0,0,"{'solver_error': 0, 'short_solution': 0, 'duplicate': 0, 'goal_error': 0, 'invalid_state': 19}",0.019572173357009892,inf,0.9828466062978207,filtered,23,2,4,3,67,1,1,2,1.0,0.0,0.2064225673675537,0.0,1.0,0.000261107496164828,0,1,0,0,0.1164433456925924,0.0,filtered,osqp optimal,0.2031217338131781,0,0,12,,predictive_link_4,,,0,0,1,solved,osqp,1.923650979457868e-07,valid,0.000261107496164828,1.1033230558143445,0|0.00259361357|0.00200906654|0.00192894356|0.00201611924|0.00201611924,,,,,,,,,,0.014645687071606517,0.004212889005430043,0.0021161120384931564,0.0027778659714385867
88,4.45,-2.064825120329141,0.5143570899963379,0.06624937802553177,0.18550574779510498,0.30486753582954407,1.0,4,0,0,0,0,0,0,,0,0,,-1,-1,nan,not_applicable,,,nan,0,0.024707812815904617,0.006081503350287676,0.011004642583429813,0.2061987817287445,0.2061987817287445,0.06632611522819962,0.06624937802553177,7.673720266784811e-05,0.14939009952986793,0.0016011633256296461,0.14938598425371175,0.0015203857586382169,0.14786559849507352,0.14938599252661763,0,0,disabled,0.0,1,SERVO,direct_path,0,1.020902824937366,4.095793275977485,46,1,1,1,29,1.5099686265474166,0.1395721733570099,8.770709554708135e-05;0.0012075064632565823;0.001002045595193055;0.0004947495639298622;0.0029191319617776225;0.004687752307886327;0.0021986294280441393;0.007081388076490479;0.006361944035854222;0.0036740317157455495;0.006308050633232968;0.0048628460417016435;0.005157864627197516;0.0035083163354709223;0.00297567958352632;0.009165382230222119;0.003680303890197841;0.0028622156503248543;0.00643246594934489;0.002294977627307809;0.006904895741739889;0.00762442890223786;0.003450596360112283;0.0026666093906092506;0.0014808383770206178;0.004465937403331517;0.002204767434314907;0.006962396759292367;0.010301128510928327;0.003675045806114605;0.0033170432572286013;0.0012754373312521333;0.004069275100035187;0.0034737459467406853;0.015448545043067832;0.0029684132122593312;0.0040871303604292225;0.0057764255865132;0.0039005979840348107;0.0023792967281652776;0.0031816265038875045;0.005302191166000053;0.0021886603739246532;0.0018936746264764518;0.0030944249628086337;0.006389424759657725,0.13641145825386047;0.13556939363479614;0.1371055543422699;0.13672222197055817;0.13421006500720978;0.13433951139450073;0.135472372174263;0.14121320843696594;0.12227397412061691;0.13391190767288208;0.13966768980026245;0.14038002490997314;0.14061644673347473;0.13585875928401947;0.13525931537151337;0.14334294199943542;0.13614915311336517;0.13599611818790436;0.13317370414733887;0.12275157123804092;0.12700004875659943;0.1427791714668274;0.1347721517086029;0.13449157774448395;0.13668572902679443;0.1320144385099411;0.13849210739135742;0.13084696233272552;0.12943971157073975;0.1395721733570099;0.1341804414987564;0.13650751113891602;0.12124406546354294;0.13415661454200745;0.1276465803384781;0.13805359601974487;0.13989481329917908;0.13479231297969818;0.13894617557525635;0.13795599341392517;0.1387234926223755;0.12409497052431107;0.13507671654224396;0.13576973974704742;0.12525896728038788;0.14025649428367615,256,0,0,"{'solver_error': 0, 'short_solution': 0, 'duplicate': 0, 'goal_error': 0, 'invalid_state': 19}",0.019572173357009892,inf,0.984009337755701,filtered,24,2,4,3,68,1,1,2,1.0,0.0,0.2061987817287445,0.0,1.0,0.00022992223656530253,0,1,0,0,0.1164433456925924,0.0,filtered,osqp optimal,0.20311770660212755,0,0,12,,predictive_link_4,,,0,0,1,solved,osqp,2.3318711135319505e-07,valid,0.00022992223656530253,1.1033075065139757,2.61730387e-21|0.00252545851|0.00190150605|0.00179940106|0.00179878491|0.00179878491,,,,,,,,,,0.015278075938113034,0.004656155942939222,0.0021869420306757092,0.0025811359519138932
89,4.5,-2.065234521059285,0.5144256353378296,0.06618116050958633,0.18546465039253235,0.30493560433387756,1.0,4,0,0,0,0,0,0,,0,0,,-1,-1,nan,not_applicable,,,nan,0,0.02466335892677307,0.005460945889353752,0.013123391196131706,0.20600230991840363,0.20600230991840363,0.06624937833956737,0.06618116050958633,6.821782998103765e-05,0.1492191679050573,0.0014282751384150953,0.14921503459145588,0.0013509033248978626,0.147864131266558,0.14921503529876567,0,0,disabled,0.0,1,SERVO,direct_path,0,1.020902824937366,4.095793275977485,46,1,1,1,29,1.5099686265474166,0.1395721733570099,8.770709554708135e-05;0.0012075064632565823;0.001002045595193055;0.0004947495639298622;0.0029191319617776225;0.004687752307886327;0.0021986294280441393;0.007081388076490479;0.006361944035854222;0.0036740317157455495;0.006308050633232968;0.0048628460417016435;0.005157864627197516;0.0035083163354709223;0.00297567958352632;0.009165382230222119;0.003680303890197841;0.0028622156503248543;0.00643246594934489;0.002294977627307809;0.006904895741739889;0.00762442890223786;0.003450596360112283;0.0026666093906092506;0.0014808383770206178;0.004465937403331517;0.002204767434314907;0.006962396759292367;0.010301128510928327;0.003675045806114605;0.0033170432572286013;0.0012754373312521333;0.004069275100035187;0.0034737459467406853;0.015448545043067832;0.0029684132122593312;0.0040871303604292225;0.0057764255865132;0.0039005979840348107;0.0023792967281652776;0.0031816265038875045;0.005302191166000053;0.0021886603739246532;0.0018936746264764518;0.0030944249628086337;0.006389424759657725,0.13641145825386047;0.13556939363479614;0.1371055543422699;0.13672222197055817;0.13421006500720978;0.13433951139450073;0.135472372174263;0.14121320843696594;0.12227397412061691;0.13391190767288208;0.13966768980026245;0.14038002490997314;0.14061644673347473;0.13585875928401947;0.13525931537151337;0.14334294199943542;0.13614915311336517;0.13599611818790436;0.13317370414733887;0.12275157123804092;0.12700004875659943;0.1427791714668274;0.1347721517086029;0.13449157774448395;0.13668572902679443;0.1320144385099411;0.13849210739135742;0.13084696233272552;0.12943971157073975;0.1395721733570099;0.1341804414987564;0.13650751113891602;0.12124406546354294;0.13415661454200745;0.1276465803384781;0.13805359601974487;0.13989481329917908;0.13479231297969818;0.13894617557525635;0.13795599341392517;0.1387234926223755;0.12409497052431107;0.13507671654224396;0.13576973974704742;0.12525896728038788;0.14025649428367615,256,0,0,"{'solver_error': 0, 'short_solution': 0, 'duplicate': 0, 'goal_error': 0, 'invalid_state': 19}",0.019572173357009892,inf,0.9850577433058255,filtered,25,2,4,3,69,1,1,2,1.0,0.0,0.20600230991840363,0.0,1.0,0.00020295299277094114,0,1,0,0,0.1164433456925924,0.0,filtered,osqp optimal,0.20311150293342417,0,0,12,,predictive_link_4,,,0,0,1,solved,osqp,2.607998619398935e-07,valid,0.00020295299277094114,1.103290943771454,0|0.00246427858|0.00181122736|0.00169313487|0.00160184948|0.00160184948,,,,,,,,,,0.012083582929335535,0.003572650020942092,0.001791295944713056,0.0022574180038645864
90,4.55,-2.0655914080014326,0.5144842267036438,0.06612063944339752,0.18542850017547607,0.3049948215484619,1.0,4,0,0,0,0,0,0,,0,0,,-1,-1,nan,not_applicable,,,nan,0,0.024623991921544075,0.0049572656862437725,0.010291824117302895,0.20582903921604156,0.20582903921604156,0.06618116164629143,0.06612063944339752,6.052220289390342e-05,0.14906718965593105,0.0012735351200905745,0.14906303894298142,0.0011991027583001766,0.14786393618468124,0.14906304150323746,0,0,disabled,0.0,1,SERVO,direct_path,0,1.020902824937366,4.095793275977485,46,1,1,1,29,1.5099686265474166,0.1395721733570099,8.770709554708135e-05;0.0012075064632565823;0.001002045595193055;0.0004947495639298622;0.0029191319617776225;0.004687752307886327;0.0021986294280441393;0.007081388076490479;0.006361944035854222;0.0036740317157455495;0.006308050633232968;0.0048628460417016435;0.005157864627197516;0.0035083163354709223;0.00297567958352632;0.009165382230222119;0.003680303890197841;0.0028622156503248543;0.00643246594934489;0.002294977627307809;0.006904895741739889;0.00762442890223786;0.003450596360112283;0.0026666093906092506;0.0014808383770206178;0.004465937403331517;0.002204767434314907;0.006962396759292367;0.010301128510928327;0.003675045806114605;0.0033170432572286013;0.0012754373312521333;0.004069275100035187;0.0034737459467406853;0.015448545043067832;0.0029684132122593312;0.0040871303604292225;0.0057764255865132;0.0039005979840348107;0.0023792967281652776;0.0031816265038875045;0.005302191166000053;0.0021886603739246532;0.0018936746264764518;0.0030944249628086337;0.006389424759657725,0.13641145825386047;0.13556939363479614;0.1371055543422699;0.13672222197055817;0.13421006500720978;0.13433951139450073;0.135472372174263;0.14121320843696594;0.12227397412061691;0.13391190767288208;0.13966768980026245;0.14038002490997314;0.14061644673347473;0.13585875928401947;0.13525931537151337;0.14334294199943542;0.13614915311336517;0.13599611818790436;0.13317370414733887;0.12275157123804092;0.12700004875659943;0.1427791714668274;0.1347721517086029;0.13449157774448395;0.13668572902679443;0.1320144385099411;0.13849210739135742;0.13084696233272552;0.12943971157073975;0.1395721733570099;0.1341804414987564;0.13650751113891602;0.12124406546354294;0.13415661454200745;0.1276465803384781;0.13805359601974487;0.13989481329917908;0.13479231297969818;0.13894617557525635;0.13795599341392517;0.1387234926223755;0.12409497052431107;0.13507671654224396;0.13576973974704742;0.12525896728038788;0.14025649428367615,256,0,0,"{'solver_error': 0, 'short_solution': 0, 'duplicate': 0, 'goal_error': 0, 'invalid_state': 19}",0.019572173357009892,inf,0.9859671137371009,filtered,26,2,4,3,70,1,1,2,1.0,0.0,0.20582903921604156,0.0,1.0,0.00017898674354381583,0,1,0,0,0.1164433456925924,0.0,filtered,osqp optimal,0.20310751316201275,0,0,12,,predictive_link_4,,,0,0,1,solved,osqp,2.6088816968555806e-07,valid,0.00017898674354381583,1.1032727683013206,5.77607171e-20|0.00240984313|0.00173746288|0.00160947835|0.00142882674|0.00142882674,,,,,,,,,,0.012281781062483788,0.0036091789370402694,0.0017855979967862368,0.002288072952069342
91,4.6000000000000005,-2.0659106849067568,0.5145373940467834,0.06606683135032654,0.1853964626789093,0.30504846572875977,1.0,4,0,0,0,0,0,0,,0,0,,-1,-1,nan,not_applicable,,,nan,0,0.024589018896222115,0.004455957096070051,0.010430810041725636,0.20567676424980164,0.20567676424980164,0.06612063860214641,0.06606683135032654,5.380725181987345e-05,0.14893231744121507,0.0011374142603857188,0.14892814999487367,0.001065590213809898,0.14786255978106377,0.1489281481000648,0,0,disabled,0.0,1,SERVO,direct_path,0,1.020902824937366,4.095793275977485,46,1,1,1,29,1.5099686265474166,0.1395721733570099,8.770709554708135e-05;0.0012075064632565823;0.001002045595193055;0.0004947495639298622;0.0029191319617776225;0.004687752307886327;0.0021986294280441393;0.007081388076490479;0.006361944035854222;0.0036740317157455495;0.006308050633232968;0.0048628460417016435;0.005157864627197516;0.0035083163354709223;0.00297567958352632;0.009165382230222119;0.003680303890197841;0.0028622156503248543;0.00643246594934489;0.002294977627307809;0.006904895741739889;0.00762442890223786;0.003450596360112283;0.0026666093906092506;0.0014808383770206178;0.004465937403331517;0.002204767434314907;0.006962396759292367;0.010301128510928327;0.003675045806114605;0.0033170432572286013;0.0012754373312521333;0.004069275100035187;0.0034737459467406853;0.015448545043067832;0.0029684132122593312;0.0040871303604292225;0.0057764255865132;0.0039005979840348107;0.0023792967281652776;0.0031816265038875045;0.005302191166000053;0.0021886603739246532;0.0018936746264764518;0.0030944249628086337;0.006389424759657725,0.13641145825386047;0.13556939363479614;0.1371055543422699;0.13672222197055817;0.13421006500720978;0.13433951139450073;0.135472372174263;0.14121320843696594;0.12227397412061691;0.13391190767288208;0.13966768980026245;0.14038002490997314;0.14061644673347473;0.13585875928401947;0.13525931537151337;0.14334294199943542;0.13614915311336517;0.13599611818790436;0.13317370414733887;0.12275157123804092;0.12700004875659943;0.1427791714668274;0.1347721517086029;0.13449157774448395;0.13668572902679443;0.1320144385099411;0.13849210739135742;0.13084696233272552;0.12943971157073975;0.1395721733570099;0.1341804414987564;0.13650751113891602;0.12124406546354294;0.13415661454200745;0.1276465803384781;0.13805359601974487;0.13989481329917908;0.13479231297969818;0.13894617557525635;0.13795599341392517;0.1387234926223755;0.12409497052431107;0.13507671654224396;0.13576973974704742;0.12525896728038788;0.14025649428367615,256,0,0,"{'solver_error': 0, 'short_solution': 0, 'duplicate': 0, 'goal_error': 0, 'invalid_state': 19}",0.019572173357009892,inf,0.9867777352292246,filtered,27,2,4,3,71,1,1,2,1.0,0.0,0.20567676424980164,0.0,1.0,0.00015816796966465485,0,1,0,0,0.1164433456925924,0.0,filtered,osqp optimal,0.20310245056704818,0,0,12,,predictive_link_4,,,0,0,1,solved,osqp,2.6095324635411286e-07,valid,0.00015816796966465485,1.1032538498389772,0|0.00236133234|0.00167703388|0.00154404957|0.00127399413|0.00127399413,,,,,,,,,,0.012078652973286808,0.0035554980859160423,0.0017371290596202016,0.002290270058438182
92,4.65,-2.0661884361456164,0.5145826935768127,0.06601908802986145,0.18536821007728577,0.30509522557258606,1.0,4,0,0,0,0,0,0,,0,0,,-1,-1,nan,not_applicable,,,nan,0,0.0245574451982975,0.004047404043376446,0.008349173702299595,0.20554248988628387,0.20554248988628387,0.06606683132526088,0.06601908802986145,4.774329539943001e-05,0.1488123846463499,0.0010158130815727025,0.14880820119157784,0.0009460765870796893,0.14786212460449816,0.1488082011351202,0,0,disabled,0.0,1,SERVO,direct_path,0,1.020902824937366,4.095793275977485,46,1,1,1,29,1.5099686265474166,0.1395721733570099,8.770709554708135e-05;0.0012075064632565823;0.001002045595193055;0.0004947495639298622;0.0029191319617776225;0.004687752307886327;0.0021986294280441393;0.007081388076490479;0.006361944035854222;0.0036740317157455495;0.006308050633232968;0.0048628460417016435;0.005157864627197516;0.0035083163354709223;0.00297567958352632;0.009165382230222119;0.003680303890197841;0.0028622156503248543;0.00643246594934489;0.002294977627307809;0.006904895741739889;0.00762442890223786;0.003450596360112283;0.0026666093906092506;0.0014808383770206178;0.004465937403331517;0.002204767434314907;0.006962396759292367;0.010301128510928327;0.003675045806114605;0.0033170432572286013;0.0012754373312521333;0.004069275100035187;0.0034737459467406853;0.015448545043067832;0.0029684132122593312;0.0040871303604292225;0.0057764255865132;0.0039005979840348107;0.0023792967281652776;0.0031816265038875045;0.005302191166000053;0.0021886603739246532;0.0018936746264764518;0.0030944249628086337;0.006389424759657725,0.13641145825386047;0.13556939363479614;0.1371055543422699;0.13672222197055817;0.13421006500720978;0.13433951139450073;0.135472372174263;0.14121320843696594;0.12227397412061691;0.13391190767288208;0.13966768980026245;0.14038002490997314;0.14061644673347473;0.13585875928401947;0.13525931537151337;0.14334294199943542;0.13614915311336517;0.13599611818790436;0.13317370414733887;0.12275157123804092;0.12700004875659943;0.1427791714668274;0.1347721517086029;0.13449157774448395;0.13668572902679443;0.1320144385099411;0.13849210739135742;0.13084696233272552;0.12943971157073975;0.1395721733570099;0.1341804414987564;0.13650751113891602;0.12124406546354294;0.13415661454200745;0.1276465803384781;0.13805359601974487;0.13989481329917908;0.13479231297969818;0.13894617557525635;0.13795599341392517;0.1387234926223755;0.12409497052431107;0.13507671654224396;0.13576973974704742;0.12525896728038788;0.14025649428367615,256,0,0,"{'solver_error': 0, 'short_solution': 0, 'duplicate': 0, 'goal_error': 0, 'invalid_state': 19}",0.019572173357009892,inf,0.9874836922287106,filtered,28,2,4,3,72,1,1,2,1.0,0.0,0.20554248988628387,0.0,1.0,0.00013968402607499042,0,1,0,0,0.1164433456925924,0.0,filtered,osqp optimal,0.20309907236635874,0,0,12,,predictive_link_4,,,0,0,1,solved,osqp,2.610359283126149e-07,valid,0.00013968402607499042,1.1032335320578808,0|0.00231812406|0.00162819943|0.00149439205|0.00113777012|0.00113777012,,,,,,,,,,0.01214042294304818,0.0035974750062450767,0.001800670986995101,0.0023232849780470133
93,4.7,-2.0664356950420433,0.5146234035491943,0.06597665697336197,0.1853432059288025,0.30513709783554077,1.0,4,0,0,0,0,0,0,,0,0,,-1,-1,nan,not_applicable,,,nan,0,0.024528780952095985,0.0036489658523350954,0.008311488665640354,0.20542462170124054,0.20542462170124054,0.06601908430634858,0.06597665697336197,4.242733298660817e-05,0.14870593769055082,0.0009089077544832499,0.14870173888324162,0.0008408863718574104,0.1478608525113842,0.14870173049638175,0,0,disabled,0.0,1,SERVO,direct_path,0,1.020902824937366,4.095793275977485,46,1,1,1,29,1.5099686265474166,0.1395721733570099,8.770709554708135e-05;0.0012075064632565823;0.001002045595193055;0.0004947495639298622;0.0029191319617776225;0.004687752307886327;0.0021986294280441393;0.007081388076490479;0.006361944035854222;0.0036740317157455495;0.006308050633232968;0.0048628460417016435;0.005157864627197516;0.0035083163354709223;0.00297567958352632;0.009165382230222119;0.003680303890197841;0.0028622156503248543;0.00643246594934489;0.002294977627307809;0.006904895741739889;0.00762442890223786;0.003450596360112283;0.0026666093906092506;0.0014808383770206178;0.004465937403331517;0.002204767434314907;0.006962396759292367;0.010301128510928327;0.003675045806114605;0.0033170432572286013;0.0012754373312521333;0.004069275100035187;0.0034737459467406853;0.015448545043067832;0.0029684132122593312;0.0040871303604292225;0.0057764255865132;0.0039005979840348107;0.0023792967281652776;0.0031816265038875045;0.005302191166000053;0.0021886603739246532;0.0018936746264764518;0.0030944249628086337;0.006389424759657725,0.13641145825386047;0.13556939363479614;0.1371055543422699;0.13672222197055817;0.13421006500720978;0.13433951139450073;0.135472372174263;0.14121320843696594;0.12227397412061691;0.13391190767288208;0.13966768980026245;0.14038002490997314;0.14061644673347473;0.13585875928401947;0.13525931537151337;0.14334294199943542;0.13614915311336517;0.13599611818790436;0.13317370414733887;0.12275157123804092;0.12700004875659943;0.1427791714668274;0.1347721517086029;0.13449157774448395;0.13668572902679443;0.1320144385099411;0.13849210739135742;0.13084696233272552;0.12943971157073975;0.1395721733570099;0.1341804414987564;0.13650751113891602;0.12124406546354294;0.13415661454200745;0.1276465803384781;0.13805359601974487;0.13989481329917908;0.13479231297969818;0.13894617557525635;0.13795599341392517;0.1387234926223755;0.12409497052431107;0.13507671654224396;0.13576973974704742;0.12525896728038788;0.14025649428367615,256,0,0,"{'solver_error': 0, 'short_solution': 0, 'duplicate': 0, 'goal_error': 0, 'invalid_state': 19}",0.019572173357009892,inf,0.9881123483457024,filtered,29,2,4,3,73,1,1,2,1.0,0.0,0.20542462170124054,0.0,1.0,0.00012363284750020742,0,1,0,0,0.1164433456925924,0.0,filtered,osqp optimal,0.203095044438204,0,0,12,,predictive_link_4,,,0,0,1,solved,osqp,2.7569394025768034e-07,valid,0.00012363284750020742,1.1032117274818938,0|0.00227944793|0.00158862233|0.00145719655|0.0010160937|0.0010160937,,,,,,,,,,0.012858050991781056,0.0036794819170609117,0.0026124079013243318,0.002092977985739708
94,4.75,-2.066651745294196,0.514658510684967,0.06593897938728333,0.18532109260559082,0.3051741421222687,1.0,4,0,0,0,0,0,0,,0,0,,-1,-1,nan,not_applicable,,,nan,0,0.024502402171492577,0.003314317436888814,0.006832485552877188,0.2053208202123642,0.2053208202123642,0.06597665741431305,0.06593897938728333,3.7678027029725e-05,0.1486113367079005,0.0008136760329342879,0.1486071233059511,0.0007467901205842903,0.14786033318536682,0.148607124299158,0,0,disabled,0.0,1,SERVO,direct_path,0,1.020902824937366,4.095793275977485,46,1,1,1,29,1.5099686265474166,0.1395721733570099,8.770709554708135e-05;0.0012075064632565823;0.001002045595193055;0.0004947495639298622;0.0029191319617776225;0.004687752307886327;0.0021986294280441393;0.007081388076490479;0.006361944035854222;0.0036740317157455495;0.006308050633232968;0.0048628460417016435;0.005157864627197516;0.0035083163354709223;0.00297567958352632;0.009165382230222119;0.003680303890197841;0.0028622156503248543;0.00643246594934489;0.002294977627307809;0.006904895741739889;0.00762442890223786;0.003450596360112283;0.0026666093906092506;0.0014808383770206178;0.004465937403331517;0.002204767434314907;0.006962396759292367;0.010301128510928327;0.003675045806114605;0.0033170432572286013;0.0012754373312521333;0.004069275100035187;0.0034737459467406853;0.015448545043067832;0.0029684132122593312;0.0040871303604292225;0.0057764255865132;0.0039005979840348107;0.0023792967281652776;0.0031816265038875045;0.005302191166000053;0.0021886603739246532;0.0018936746264764518;0.0030944249628086337;0.006389424759657725,0.13641145825386047;0.13556939363479614;0.1371055543422699;0.13672222197055817;0.13421006500720978;0.13433951139450073;0.135472372174263;0.14121320843696594;0.12227397412061691;0.13391190767288208;0.13966768980026245;0.14038002490997314;0.14061644673347473;0.13585875928401947;0.13525931537151337;0.14334294199943542;0.13614915311336517;0.13599611818790436;0.13317370414733887;0.12275157123804092;0.12700004875659943;0.1427791714668274;0.1347721517086029;0.13449157774448395;0.13668572902679443;0.1320144385099411;0.13849210739135742;0.13084696233272552;0.12943971157073975;0.1395721733570099;0.1341804414987564;0.13650751113891602;0.12124406546354294;0.13415661454200745;0.1276465803384781;0.13805359601974487;0.13989481329917908;0.13479231297969818;0.13894617557525635;0.13795599341392517;0.1387234926223755;0.12409497052431107;0.13507671654224396;0.13576973974704742;0.12525896728038788;0.14025649428367615,256,0,0,"{'solver_error': 0, 'short_solution': 0, 'duplicate': 0, 'goal_error': 0, 'invalid_state': 19}",0.019572173357009892,inf,0.9886596979283985,filtered,30,2,4,3,74,1,1,2,1.0,0.0,0.2053208202123642,0.0,1.0,0.00010939716919299014,0,1,0,0,0.1164433456925924,0.0,filtered,osqp optimal,0.20309238823730155,0,0,12,,predictive_link_4,,,0,0,1,solved,osqp,2.865965643024642e-07,valid,0.00010939716919299014,1.1031892928175064,1.16198611e-21|0.00224474298|0.0015567387|0.00143011474|0.000909104055|0.000909104055,,,,,,,,,,0.01036863902118057,0.0028212410397827625,0.0014160400023683906,0.001908114063553512
95,4.800000000000001,-2.0668416826038696,0.5146893262863159,0.06590549647808075,0.1853015124797821,0.3052069842815399,1.0,4,0,0,0,0,0,0,,0,0,,-1,-1,nan,not_applicable,,,nan,0,0.024477962404489517,0.0029869843274354935,0.006766840815544128,0.20522944629192352,0.20522944629192352,0.06593898095876653,0.06590549647808075,3.3484480685783136e-05,0.14852729949120153,0.0007301745732448952,0.14852307230790673,0.000663886080148088,0.14785918622775865,0.14852307584756594,0,0,disabled,0.0,1,SERVO,direct_path,0,1.020902824937366,4.095793275977485,46,1,1,1,29,1.5099686265474166,0.1395721733570099,8.770709554708135e-05;0.0012075064632565823;0.001002045595193055;0.0004947495639298622;0.0029191319617776225;0.004687752307886327;0.0021986294280441393;0.007081388076490479;0.006361944035854222;0.0036740317157455495;0.006308050633232968;0.0048628460417016435;0.005157864627197516;0.0035083163354709223;0.00297567958352632;0.009165382230222119;0.003680303890197841;0.0028622156503248543;0.00643246594934489;0.002294977627307809;0.006904895741739889;0.00762442890223786;0.003450596360112283;0.0026666093906092506;0.0014808383770206178;0.004465937403331517;0.002204767434314907;0.006962396759292367;0.010301128510928327;0.003675045806114605;0.0033170432572286013;0.0012754373312521333;0.004069275100035187;0.0034737459467406853;0.015448545043067832;0.0029684132122593312;0.0040871303604292225;0.0057764255865132;0.0039005979840348107;0.0023792967281652776;0.0031816265038875045;0.005302191166000053;0.0021886603739246532;0.0018936746264764518;0.0030944249628086337;0.006389424759657725,0.13641145825386047;0.13556939363479614;0.1371055543422699;0.13672222197055817;0.13421006500720978;0.13433951139450073;0.135472372174263;0.14121320843696594;0.12227397412061691;0.13391190767288208;0.13966768980026245;0.14038002490997314;0.14061644673347473;0.13585875928401947;0.13525931537151337;0.14334294199943542;0.13614915311336517;0.13599611818790436;0.13317370414733887;0.12275157123804092;0.12700004875659943;0.1427791714668274;0.1347721517086029;0.13449157774448395;0.13668572902679443;0.1320144385099411;0.13849210739135742;0.13084696233272552;0.12943971157073975;0.1395721733570099;0.1341804414987564;0.13650751113891602;0.12124406546354294;0.13415661454200745;0.1276465803384781;0.13805359601974487;0.13989481329917908;0.13479231297969818;0.13894617557525635;0.13795599341392517;0.1387234926223755;0.12409497052431107;0.13507671654224396;0.13576973974704742;0.12525896728038788;0.14025649428367615,256,0,0,"{'solver_error': 0, 'short_solution': 0, 'duplicate': 0, 'goal_error': 0, 'invalid_state': 19}",0.019572173357009892,inf,0.9891465854619236,filtered,31,2,4,3,75,1,1,2,1.0,0.0,0.20522944629192352,0.0,1.0,9.701439981980864e-05,0,1,0,0,0.1164433456925924,0.0,filtered,osqp optimal,0.2030892078217346,0,0,12,,predictive_link_4,,,0,0,1,solved,osqp,2.929714853936393e-07,valid,9.701439981980864e-05,1.103165417275327,8.99520609e-23|0.00221356242|0.00153105341|0.00141093183|0.00081380679|0.00081380679,,,,,,,,,,0.0104399339761585,0.0027099030558019876,0.0015976380091160536,0.0018468040507286787
96,4.8500000000000005,-2.06701046604582,0.5147169232368469,0.06587569415569305,0.1852840781211853,0.30523672699928284,1.0,4,0,0,0,0,0,0,,0,0,,-1,-1,nan,not_applicable,,,nan,0,0.02445504441857338,0.0027210696134716272,0.005456819664686918,0.2051490992307663,0.2051490992307663,0.0659054946456125,0.06587569415569305,2.9800489919448725e-05,0.14845259779791892,0.0006560194538063324,0.1484483575067471,0.0005897029794856269,0.14785865452726146,0.1484483533792173,0,0,disabled,0.0,1,SERVO,direct_path,0,1.020902824937366,4.095793275977485,46,1,1,1,29,1.5099686265474166,0.1395721733570099,8.770709554708135e-05;0.0012075064632565823;0.001002045595193055;0.0004947495639298622;0.0029191319617776225;0.004687752307886327;0.0021986294280441393;0.007081388076490479;0.006361944035854222;0.0036740317157455495;0.006308050633232968;0.0048628460417016435;0.005157864627197516;0.0035083163354709223;0.00297567958352632;0.009165382230222119;0.003680303890197841;0.0028622156503248543;0.00643246594934489;0.002294977627307809;0.006904895741739889;0.00762442890223786;0.003450596360112283;0.0026666093906092506;0.0014808383770206178;0.004465937403331517;0.002204767434314907;0.006962396759292367;0.010301128510928327;0.003675045806114605;0.0033170432572286013;0.0012754373312521333;0.004069275100035187;0.0034737459467406853;0.015448545043067832;0.0029684132122593312;0.0040871303604292225;0.0057764255865132;0.0039005979840348107;0.0023792967281652776;0.0031816265038875045;0.005302191166000053;0.0021886603739246532;0.0018936746264764518;0.0030944249628086337;0.006389424759657725,0.13641145825386047;0.13556939363479614;0.1371055543422699;0.13672222197055817;0.13421006500720978;0.13433951139450073;0.135472372174263;0.14121320843696594;0.12227397412061691;0.13391190767288208;0.13966768980026245;0.14038002490997314;0.14061644673347473;0.13585875928401947;0.13525931537151337;0.14334294199943542;0.13614915311336517;0.13599611818790436;0.13317370414733887;0.12275157123804092;0.12700004875659943;0.1427791714668274;0.1347721517086029;0.13449157774448395;0.13668572902679443;0.1320144385099411;0.13849210739135742;0.13084696233272552;0.12943971157073975;0.1395721733570099;0.1341804414987564;0.13650751113891602;0.12124406546354294;0.13415661454200745;0.1276465803384781;0.13805359601974487;0.13989481329917908;0.13479231297969818;0.13894617557525635;0.13795599341392517;0.1387234926223755;0.12409497052431107;0.13507671654224396;0.13576973974704742;0.12525896728038788;0.14025649428367615,256,0,0,"{'solver_error': 0, 'short_solution': 0, 'duplicate': 0, 'goal_error': 0, 'invalid_state': 19}",0.019572173357009892,inf,0.9895714844586941,filtered,32,2,4,3,76,1,1,2,1.0,0.0,0.2051490992307663,0.0,1.0,8.612030004147286e-05,0,1,0,0,0.1164433456925924,0.0,filtered,osqp optimal,0.20308718771047513,0,1,12,predictive_link_4,predictive_link_4,,,0,0,1,solved,osqp,0.0,valid,8.612030004147286e-05,1.103140355020098,4.11275567e-23|0.00218561333|0.00151049378|0.00139789238|0.000730224638|0.000730224638,,,,,,,,,,0.00938311091158539,0.0025967619149014354,0.001423850073479116,0.0019267040770500898
97,4.9,-2.0671585008199544,0.5147408246994019,0.0658491924405098,0.1852685809135437,0.3052632808685303,1.0,4,0,0,0,0,0,0,,0,0,,-1,-1,nan,not_applicable,,,nan,0,0.024433404207229614,0.002460713032633066,0.0053647044114768505,0.20507825911045074,0.20507825911045074,0.06587569602553159,0.0658491924405098,2.6503585021792064e-05,0.14838611359087575,0.000591009616247039,0.14838186096382486,0.0005240511097932113,0.14785780985403166,0.14838186517554702,0,0,disabled,0.0,1,SERVO,direct_path,0,1.020902824937366,4.095793275977485,46,1,1,1,29,1.5099686265474166,0.1395721733570099,8.770709554708135e-05;0.0012075064632565823;0.001002045595193055;0.0004947495639298622;0.0029191319617776225;0.004687752307886327;0.0021986294280441393;0.007081388076490479;0.006361944035854222;0.0036740317157455495;0.006308050633232968;0.0048628460417016435;0.005157864627197516;0.0035083163354709223;0.00297567958352632;0.009165382230222119;0.003680303890197841;0.0028622156503248543;0.00643246594934489;0.002294977627307809;0.006904895741739889;0.00762442890223786;0.003450596360112283;0.0026666093906092506;0.0014808383770206178;0.004465937403331517;0.002204767434314907;0.006962396759292367;0.010301128510928327;0.003675045806114605;0.0033170432572286013;0.0012754373312521333;0.004069275100035187;0.0034737459467406853;0.015448545043067832;0.0029684132122593312;0.0040871303604292225;0.0057764255865132;0.0039005979840348107;0.0023792967281652776;0.0031816265038875045;0.005302191166000053;0.0021886603739246532;0.0018936746264764518;0.0030944249628086337;0.006389424759657725,0.13641145825386047;0.13556939363479614;0.1371055543422699;0.13672222197055817;0.13421006500720978;0.13433951139450073;0.135472372174263;0.14121320843696594;0.12227397412061691;0.13391190767288208;0.13966768980026245;0.14038002490997314;0.14061644673347473;0.13585875928401947;0.13525931537151337;0.14334294199943542;0.13614915311336517;0.13599611818790436;0.13317370414733887;0.12275157123804092;0.12700004875659943;0.1427791714668274;0.1347721517086029;0.13449157774448395;0.13668572902679443;0.1320144385099411;0.13849210739135742;0.13084696233272552;0.12943971157073975;0.1395721733570099;0.1341804414987564;0.13650751113891602;0.12124406546354294;0.13415661454200745;0.1276465803384781;0.13805359601974487;0.13989481329917908;0.13479231297969818;0.13894617557525635;0.13795599341392517;0.1387234926223755;0.12409497052431107;0.13507671654224396;0.13576973974704742;0.12525896728038788;0.14025649428367615,256,0,0,"{'solver_error': 0, 'short_solution': 0, 'duplicate': 0, 'goal_error': 0, 'invalid_state': 19}",0.019572173357009892,inf,0.9899492050999854,filtered,33,2,4,3,77,1,1,2,1.0,0.0,0.20507825911045074,0.0,1.0,7.653203455372515e-05,0,1,0,0,0.1164433456925924,0.0,filtered,osqp optimal,0.20308501755017275,0,1,12,predictive_link_4,predictive_link_4,,,0,0,1,solved,osqp,0.0,valid,7.653203455372515e-05,1.103115402117688,3.36027532e-22|0.0021604737|0.00149405823|0.00138955742|0.000656126098|0.000656126098,,,,,,,,,,0.010989040019921958,0.003685396979562938,0.0016307620098814368,0.0019359911093488336
98,4.95,-2.0672889201790636,0.5147615671157837,0.06582567095756531,0.18525481224060059,0.3052866756916046,1.0,4,0,0,0,0,0,0,,0,0,,-1,-1,nan,not_applicable,,,nan,0,0.024412810802459717,0.0022246399894356728,0.004859037231653929,0.20501577854156494,0.20501577854156494,0.06584919501601555,0.06582567095756531,2.3524058450241636e-05,0.14832696968043826,0.0005342202751153223,0.14832270549452806,0.00046595462610510003,0.14785675086842295,0.14832271129575306,0,0,disabled,0.0,1,SERVO,direct_path,0,1.020902824937366,4.095793275977485,46,1,1,1,29,1.5099686265474166,0.1395721733570099,8.770709554708135e-05;0.0012075064632565823;0.001002045595193055;0.0004947495639298622;0.0029191319617776225;0.004687752307886327;0.0021986294280441393;0.007081388076490479;0.006361944035854222;0.0036740317157455495;0.006308050633232968;0.0048628460417016435;0.005157864627197516;0.0035083163354709223;0.00297567958352632;0.009165382230222119;0.003680303890197841;0.0028622156503248543;0.00643246594934489;0.002294977627307809;0.006904895741739889;0.00762442890223786;0.003450596360112283;0.0026666093906092506;0.0014808383770206178;0.004465937403331517;0.002204767434314907;0.006962396759292367;0.010301128510928327;0.003675045806114605;0.0033170432572286013;0.0012754373312521333;0.004069275100035187;0.0034737459467406853;0.015448545043067832;0.0029684132122593312;0.0040871303604292225;0.0057764255865132;0.0039005979840348107;0.0023792967281652776;0.0031816265038875045;0.005302191166000053;0.0021886603739246532;0.0018936746264764518;0.0030944249628086337;0.006389424759657725,0.13641145825386047;0.13556939363479614;0.1371055543422699;0.13672222197055817;0.13421006500720978;0.13433951139450073;0.135472372174263;0.14121320843696594;0.12227397412061691;0.13391190767288208;0.13966768980026245;0.14038002490997314;0.14061644673347473;0.13585875928401947;0.13525931537151337;0.14334294199943542;0.13614915311336517;0.13599611818790436;0.13317370414733887;0.12275157123804092;0.12700004875659943;0.1427791714668274;0.1347721517086029;0.13449157774448395;0.13668572902679443;0.1320144385099411;0.13849210739135742;0.13084696233272552;0.12943971157073975;0.1395721733570099;0.1341804414987564;0.13650751113891602;0.12124406546354294;0.13415661454200745;0.1276465803384781;0.13805359601974487;0.13989481329917908;0.13479231297969818;0.13894617557525635;0.13795599341392517;0.1387234926223755;0.12409497052431107;0.13507671654224396;0.13576973974704742;0.12525896728038788;0.14025649428367615,256,0,0,"{'solver_error': 0, 'short_solution': 0, 'duplicate': 0, 'goal_error': 0, 'invalid_state': 19}",0.019572173357009892,inf,0.9902805808430211,filtered,34,2,4,3,78,1,1,2,1.0,0.0,0.20501577854156494,0.0,1.0,6.814914109169734e-05,0,1,0,0,0.1164433456925924,0.0,filtered,osqp optimal,0.20308279968959633,0,1,12,predictive_link_4,predictive_link_4,,,0,0,1,solved,osqp,0.0,valid,6.814914109169734e-05,1.103088221106003,2.66993245e-21|0.0021376991|0.00148070588|0.00138455037|0.000591055838|0.000591055838,,,,,,,,,,0.009695109096355736,0.003134440048597753,0.0012625190429389477,0.0019031380070373416
99,5.0,-2.0674027984944696,0.5147797465324402,0.06580474227666855,0.18524253368377686,0.3053077757358551,1.0,4,0,0,0,0,0,0,,0,0,,-1,-1,nan,not_applicable,,,nan,0,0.024393055588006973,0.0020215162076056004,0.00419539725407958,0.20496095716953278,0.20496095716953278,0.06582566890262538,0.06580474227666855,2.092662595683248e-05,0.14827444962497133,0.0004845405024410643,0.14827017451716631,0.00041432564487563136,0.1478558488722907,0.1482701698884812,0,0,disabled,0.0,1,SERVO,direct_path,0,1.020902824937366,4.095793275977485,46,1,1,1,29,1.5099686265474166,0.1395721733570099,8.770709554708135e-05;0.0012075064632565823;0.001002045595193055;0.0004947495639298622;0.0029191319617776225;0.004687752307886327;0.0021986294280441393;0.007081388076490479;0.006361944035854222;0.0036740317157455495;0.006308050633232968;0.0048628460417016435;0.005157864627197516;0.0035083163354709223;0.00297567958352632;0.009165382230222119;0.003680303890197841;0.0028622156503248543;0.00643246594934489;0.002294977627307809;0.006904895741739889;0.00762442890223786;0.003450596360112283;0.0026666093906092506;0.0014808383770206178;0.004465937403331517;0.002204767434314907;0.006962396759292367;0.010301128510928327;0.003675045806114605;0.0033170432572286013;0.0012754373312521333;0.004069275100035187;0.0034737459467406853;0.015448545043067832;0.0029684132122593312;0.0040871303604292225;0.0057764255865132;0.0039005979840348107;0.0023792967281652776;0.0031816265038875045;0.005302191166000053;0.0021886603739246532;0.0018936746264764518;0.0030944249628086337;0.006389424759657725,0.13641145825386047;0.13556939363479614;0.1371055543422699;0.13672222197055817;0.13421006500720978;0.13433951139450073;0.135472372174263;0.14121320843696594;0.12227397412061691;0.13391190767288208;0.13966768980026245;0.14038002490997314;0.14061644673347473;0.13585875928401947;0.13525931537151337;0.14334294199943542;0.13614915311336517;0.13599611818790436;0.13317370414733887;0.12275157123804092;0.12700004875659943;0.1427791714668274;0.1347721517086029;0.13449157774448395;0.13668572902679443;0.1320144385099411;0.13849210739135742;0.13084696233272552;0.12943971157073975;0.1395721733570099;0.1341804414987564;0.13650751113891602;0.12124406546354294;0.13415661454200745;0.1276465803384781;0.13805359601974487;0.13989481329917908;0.13479231297969818;0.13894617557525635;0.13795599341392517;0.1387234926223755;0.12409497052431107;0.13507671654224396;0.13576973974704742;0.12525896728038788;0.14025649428367615,256,0,0,"{'solver_error': 0, 'short_solution': 0, 'duplicate': 0, 'goal_error': 0, 'invalid_state': 19}",0.019572173357009892,inf,0.9905715605612437,filtered,35,2,4,3,79,1,1,2,1.0,0.0,0.20496095716953278,0.0,1.0,6.0794123581855986e-05,0,1,0,0,0.1164433456925924,0.0,filtered,osqp optimal,0.20308108451712734,0,1,12,predictive_link_4,predictive_link_4,,,0,0,1,solved,osqp,0.0,valid,6.0794123581855986e-05,1.1030606373356935,0|0.00211717172|0.00146993053|0.00138202663|0.000534186347|0.000534186347,,,,,,,,,,0.010479107033461332,0.0034778720000758767,0.0012453340459614992,0.0018929630750790238
100,5.050000000000001,-2.0675041176383013,0.5147958397865295,0.06578613817691803,0.18523159623146057,0.30532675981521606,1.0,4,0,0,0,0,0,0,,0,0,,-1,-1,nan,not_applicable,,,nan,0,0.02437400259077549,0.0018309218576177955,0.003933307249099016,0.20491261780261993,0.20491261780261993,0.06580474416900303,0.06578613817691803,1.8605992085002354e-05,0.14822771996421222,0.00044143811188513733,0.1482234346513738,0.00036859997934250537,0.1478548346720313,0.14822343891380696,0,0,disabled,0.0,1,SERVO,direct_path,0,1.020902824937366,4.095793275977485,46,1,1,1,29,1.5099686265474166,0.1395721733570099,8.770709554708135e-05;0.0012075064632565823;0.001002045595193055;0.0004947495639298622;0.0029191319617776225;0.004687752307886327;0.0021986294280441393;0.007081388076490479;0.006361944035854222;0.0036740317157455495;0.006308050633232968;0.0048628460417016435;0.005157864627197516;0.0035083163354709223;0.00297567958352632;0.009165382230222119;0.003680303890197841;0.0028622156503248543;0.00643246594934489;0.002294977627307809;0.006904895741739889;0.00762442890223786;0.003450596360112283;0.0026666093906092506;0.0014808383770206178;0.004465937403331517;0.002204767434314907;0.006962396759292367;0.010301128510928327;0.003675045806114605;0.0033170432572286013;0.0012754373312521333;0.004069275100035187;0.0034737459467406853;0.015448545043067832;0.0029684132122593312;0.0040871303604292225;0.0057764255865132;0.0039005979840348107;0.0023792967281652776;0.0031816265038875045;0.005302191166000053;0.0021886603739246532;0.0018936746264764518;0.0030944249628086337;0.006389424759657725,0.13641145825386047;0.13556939363479614;0.1371055543422699;0.13672222197055817;0.13421006500720978;0.13433951139450073;0.135472372174263;0.14121320843696594;0.12227397412061691;0.13391190767288208;0.13966768980026245;0.14038002490997314;0.14061644673347473;0.13585875928401947;0.13525931537151337;0.14334294199943542;0.13614915311336517;0.13599611818790436;0.13317370414733887;0.12275157123804092;0.12700004875659943;0.1427791714668274;0.1347721517086029;0.13449157774448395;0.13668572902679443;0.1320144385099411;0.13849210739135742;0.13084696233272552;0.12943971157073975;0.1395721733570099;0.1341804414987564;0.13650751113891602;0.12124406546354294;0.13415661454200745;0.1276465803384781;0.13805359601974487;0.13989481329917908;0.13479231297969818;0.13894617557525635;0.13795599341392517;0.1387234926223755;0.12409497052431107;0.13507671654224396;0.13576973974704742;0.12525896728038788;0.14025649428367615,256,0,0,"{'solver_error': 0, 'short_solution': 0, 'duplicate': 0, 'goal_error': 0, 'invalid_state': 19}",0.019572173357009892,inf,0.9908281426942669,filtered,36,2,4,3,80,1,1,2,1.0,0.0,0.20491261780261993,0.0,1.0,5.4362563758278415e-05,0,1,0,0,0.1164433456925924,0.0,filtered,osqp optimal,0.20307938664128947,0,1,12,predictive_link_4,predictive_link_4,,,0,0,1,solved,osqp,0.0,valid,5.4362563758278415e-05,1.103032399474387,0|0.00209853781|0.00146111232|0.00138122128|0.000484434586|0.000484434586,,,,,,,,,,0.010214564972557127,0.002967140986584127,0.0012797239469364285,0.0019404380582273006
101,5.1000000000000005,-2.0675925006686864,0.5148099064826965,0.06576956063508987,0.18522176146507263,0.3053440749645233,1.0,4,0,0,0,0,0,0,,0,0,,-1,-1,nan,not_applicable,,,nan,0,0.02435549534857273,0.0016689569456502795,0.0033516387920826674,0.20487013459205627,0.20487013459205627,0.06578613292951759,0.06576956063508987,1.65722944277108e-05,0.1481861523704253,0.00040403696856204153,0.14818185743937579,0.0003278198965180776,0.1478540375428577,0.14818184561971945,0,0,disabled,0.0,1,SERVO,direct_path,0,1.020902824937366,4.095793275977485,46,1,1,1,29,1.5099686265474166,0.1395721733570099,8.770709554708135e-05;0.0012075064632565823;0.001002045595193055;0.0004947495639298622;0.0029191319617776225;0.004687752307886327;0.0021986294280441393;0.007081388076490479;0.006361944035854222;0.0036740317157455495;0.006308050633232968;0.0048628460417016435;0.005157864627197516;0.0035083163354709223;0.00297567958352632;0.009165382230222119;0.003680303890197841;0.0028622156503248543;0.00643246594934489;0.002294977627307809;0.006904895741739889;0.00762442890223786;0.003450596360112283;0.0026666093906092506;0.0014808383770206178;0.004465937403331517;0.002204767434314907;0.006962396759292367;0.010301128510928327;0.003675045806114605;0.0033170432572286013;0.0012754373312521333;0.004069275100035187;0.0034737459467406853;0.015448545043067832;0.0029684132122593312;0.0040871303604292225;0.0057764255865132;0.0039005979840348107;0.0023792967281652776;0.0031816265038875045;0.005302191166000053;0.0021886603739246532;0.0018936746264764518;0.0030944249628086337;0.006389424759657725,0.13641145825386047;0.13556939363479614;0.1371055543422699;0.13672222197055817;0.13421006500720978;0.13433951139450073;0.135472372174263;0.14121320843696594;0.12227397412061691;0.13391190767288208;0.13966768980026245;0.14038002490997314;0.14061644673347473;0.13585875928401947;0.13525931537151337;0.14334294199943542;0.13614915311336517;0.13599611818790436;0.13317370414733887;0.12275157123804092;0.12700004875659943;0.1427791714668274;0.1347721517086029;0.13449157774448395;0.13668572902679443;0.1320144385099411;0.13849210739135742;0.13084696233272552;0.12943971157073975;0.1395721733570099;0.1341804414987564;0.13650751113891602;0.12124406546354294;0.13415661454200745;0.1276465803384781;0.13805359601974487;0.13989481329917908;0.13479231297969818;0.13894617557525635;0.13795599341392517;0.1387234926223755;0.12409497052431107;0.13507671654224396;0.13576973974704742;0.12525896728038788;0.14025649428367615,256,0,0,"{'solver_error': 0, 'short_solution': 0, 'duplicate': 0, 'goal_error': 0, 'invalid_state': 19}",0.019572173357009892,inf,0.9910535955228666,filtered,37,2,4,3,81,1,1,2,1.0,0.0,0.20487013459205627,0.0,1.0,4.869695555466402e-05,0,1,0,0,0.1164433456925924,0.0,filtered,osqp optimal,0.20307819716216816,0,1,12,predictive_link_4,predictive_link_4,,,0,0,1,solved,osqp,0.0,valid,4.869695555466402e-05,1.1030038693262503,2.57057405e-20|0.00208168285|0.00145388489|0.00138159882|0.000441256966|0.000441256966,,,,,,,,,,0.010673354961909354,0.0030262500513345003,0.00155660102609545,0.002686584019102156
102,5.15,-2.0676739292278286,0.5148230195045471,0.06575480848550797,0.1852128803730011,0.30536019802093506,1.0,4,0,0,0,0,0,0,,0,0,,-1,-1,nan,not_applicable,,,nan,0,0.02433745563030243,0.0014972737990319729,0.0035421045031398535,0.20483246445655823,0.20483246445655823,0.06576956137161265,0.06575480848550797,1.4752886104682505e-05,0.1481491305777519,0.0003722426181864043,0.14814482682485172,0.0002920060985584112,0.1478528207262933,0.14814482848385688,0,0,disabled,0.0,1,SERVO,direct_path,0,1.020902824937366,4.095793275977485,46,1,1,1,29,1.5099686265474166,0.1395721733570099,8.770709554708135e-05;0.0012075064632565823;0.001002045595193055;0.0004947495639298622;0.0029191319617776225;0.004687752307886327;0.0021986294280441393;0.007081388076490479;0.006361944035854222;0.0036740317157455495;0.006308050633232968;0.0048628460417016435;0.005157864627197516;0.0035083163354709223;0.00297567958352632;0.009165382230222119;0.003680303890197841;0.0028622156503248543;0.00643246594934489;0.002294977627307809;0.006904895741739889;0.00762442890223786;0.003450596360112283;0.0026666093906092506;0.0014808383770206178;0.004465937403331517;0.002204767434314907;0.006962396759292367;0.010301128510928327;0.003675045806114605;0.0033170432572286013;0.0012754373312521333;0.004069275100035187;0.0034737459467406853;0.015448545043067832;0.0029684132122593312;0.0040871303604292225;0.0057764255865132;0.0039005979840348107;0.0023792967281652776;0.0031816265038875045;0.005302191166000053;0.0021886603739246532;0.0018936746264764518;0.0030944249628086337;0.006389424759657725,0.13641145825386047;0.13556939363479614;0.1371055543422699;0.13672222197055817;0.13421006500720978;0.13433951139450073;0.135472372174263;0.14121320843696594;0.12227397412061691;0.13391190767288208;0.13966768980026245;0.14038002490997314;0.14061644673347473;0.13585875928401947;0.13525931537151337;0.14334294199943542;0.13614915311336517;0.13599611818790436;0.13317370414733887;0.12275157123804092;0.12700004875659943;0.1427791714668274;0.1347721517086029;0.13449157774448395;0.13668572902679443;0.1320144385099411;0.13849210739135742;0.13084696233272552;0.12943971157073975;0.1395721733570099;0.1341804414987564;0.13650751113891602;0.12124406546354294;0.13415661454200745;0.1276465803384781;0.13805359601974487;0.13989481329917908;0.13479231297969818;0.13894617557525635;0.13795599341392517;0.1387234926223755;0.12409497052431107;0.13507671654224396;0.13576973974704742;0.12525896728038788;0.14025649428367615,256,0,0,"{'solver_error': 0, 'short_solution': 0, 'duplicate': 0, 'goal_error': 0, 'invalid_state': 19}",0.019572173357009892,inf,0.9912533008607806,filtered,38,2,4,3,82,1,1,2,1.0,0.0,0.20483246445655823,0.0,1.0,4.377919259175578e-05,0,1,0,0,0.1164433456925924,0.0,filtered,osqp optimal,0.20307664004949832,0,1,12,predictive_link_4,predictive_link_4,,,0,0,1,solved,osqp,0.0,valid,4.377919259175578e-05,1.1029739034313781,0|0.00206637593|0.00144793721|0.00138280361|0.000403774968|0.000403774968,,,,,,,,,,0.012930656084790826,0.004472110071219504,0.001635601045563817,0.0020905210403725505
103,5.2,-2.0677402426922713,0.5148329138755798,0.06574173271656036,0.18520495295524597,0.3053739070892334,1.0,4,0,0,0,0,0,0,,0,0,,-1,-1,nan,not_applicable,,,nan,0,0.024319786578416824,0.001377887325361371,0.0024605717044323683,0.2047993689775467,0.2047993689775467,0.0657548118892344,0.06574173271656036,1.3079172674040906e-05,0.1481161816153962,0.00034450708910572223,0.1481118695178665,0.0002594768694004304,0.14785239264846609,0.14811187718471702,0,0,disabled,0.0,1,SERVO,direct_path,0,1.020902824937366,4.095793275977485,46,1,1,1,29,1.5099686265474166,0.1395721733570099,8.770709554708135e-05;0.0012075064632565823;0.001002045595193055;0.0004947495639298622;0.0029191319617776225;0.004687752307886327;0.0021986294280441393;0.007081388076490479;0.006361944035854222;0.0036740317157455495;0.006308050633232968;0.0048628460417016435;0.005157864627197516;0.0035083163354709223;0.00297567958352632;0.009165382230222119;0.003680303890197841;0.0028622156503248543;0.00643246594934489;0.002294977627307809;0.006904895741739889;0.00762442890223786;0.003450596360112283;0.0026666093906092506;0.0014808383770206178;0.004465937403331517;0.002204767434314907;0.006962396759292367;0.010301128510928327;0.003675045806114605;0.0033170432572286013;0.0012754373312521333;0.004069275100035187;0.0034737459467406853;0.015448545043067832;0.0029684132122593312;0.0040871303604292225;0.0057764255865132;0.0039005979840348107;0.0023792967281652776;0.0031816265038875045;0.005302191166000053;0.0021886603739246532;0.0018936746264764518;0.0030944249628086337;0.006389424759657725,0.13641145825386047;0.13556939363479614;0.1371055543422699;0.13672222197055817;0.13421006500720978;0.13433951139450073;0.135472372174263;0.14121320843696594;0.12227397412061691;0.13391190767288208;0.13966768980026245;0.14038002490997314;0.14061644673347473;0.13585875928401947;0.13525931537151337;0.14334294199943542;0.13614915311336517;0.13599611818790436;0.13317370414733887;0.12275157123804092;0.12700004875659943;0.1427791714668274;0.1347721517086029;0.13449157774448395;0.13668572902679443;0.1320144385099411;0.13849210739135742;0.13084696233272552;0.12943971157073975;0.1395721733570099;0.1341804414987564;0.13650751113891602;0.12124406546354294;0.13415661454200745;0.1276465803384781;0.13805359601974487;0.13989481329917908;0.13479231297969818;0.13894617557525635;0.13795599341392517;0.1387234926223755;0.12409497052431107;0.13507671654224396;0.13576973974704742;0.12525896728038788;0.14025649428367615,256,0,0,"{'solver_error': 0, 'short_solution': 0, 'duplicate': 0, 'goal_error': 0, 'invalid_state': 19}",0.019572173357009892,inf,0.9914279974528536,filtered,39,2,4,3,83,1,1,2,1.0,0.0,0.2047993689775467,0.0,1.0,3.934261760211999e-05,0,1,0,0,0.1164433456925924,0.0,filtered,osqp optimal,0.20307628807084283,0,1,12,predictive_link_4,predictive_link_4,,,0,0,1,solved,osqp,0.0,valid,3.934261760211999e-05,1.102944015266892,2.30729238e-20|0.00205266426|0.00144304193|0.0013844639|0.000371903874|0.000371903874,,,,,,,,,,0.009889735956676304,0.0029056749772280455,0.0012792469933629036,0.0018507689237594604
104,5.25,-2.067801622255535,0.514842689037323,0.06573006510734558,0.18519777059555054,0.30538704991340637,1.0,4,0,0,0,0,0,0,,0,0,,-1,-1,nan,not_applicable,,,nan,0,0.024302421137690544,0.0012412783689796925,0.0029676631093025208,0.2047702968120575,0.2047702968120575,0.06574173050440553,0.06573006510734558,1.1665397059948401e-05,0.14808694273888556,0.0003217428288314736,0.14808262285300514,0.00023159830921087098,0.14785102454379426,0.14808261787014756,0,0,disabled,0.0,1,SERVO,direct_path,0,1.020902824937366,4.095793275977485,46,1,1,1,29,1.5099686265474166,0.1395721733570099,8.770709554708135e-05;0.0012075064632565823;0.001002045595193055;0.0004947495639298622;0.0029191319617776225;0.004687752307886327;0.0021986294280441393;0.007081388076490479;0.006361944035854222;0.0036740317157455495;0.006308050633232968;0.0048628460417016435;0.005157864627197516;0.0035083163354709223;0.00297567958352632;0.009165382230222119;0.003680303890197841;0.0028622156503248543;0.00643246594934489;0.002294977627307809;0.006904895741739889;0.00762442890223786;0.003450596360112283;0.0026666093906092506;0.0014808383770206178;0.004465937403331517;0.002204767434314907;0.006962396759292367;0.010301128510928327;0.003675045806114605;0.0033170432572286013;0.0012754373312521333;0.004069275100035187;0.0034737459467406853;0.015448545043067832;0.0029684132122593312;0.0040871303604292225;0.0057764255865132;0.0039005979840348107;0.0023792967281652776;0.0031816265038875045;0.005302191166000053;0.0021886603739246532;0.0018936746264764518;0.0030944249628086337;0.006389424759657725,0.13641145825386047;0.13556939363479614;0.1371055543422699;0.13672222197055817;0.13421006500720978;0.13433951139450073;0.135472372174263;0.14121320843696594;0.12227397412061691;0.13391190767288208;0.13966768980026245;0.14038002490997314;0.14061644673347473;0.13585875928401947;0.13525931537151337;0.14334294199943542;0.13614915311336517;0.13599611818790436;0.13317370414733887;0.12275157123804092;0.12700004875659943;0.1427791714668274;0.1347721517086029;0.13449157774448395;0.13668572902679443;0.1320144385099411;0.13849210739135742;0.13084696233272552;0.12943971157073975;0.1395721733570099;0.1341804414987564;0.13650751113891602;0.12124406546354294;0.13415661454200745;0.1276465803384781;0.13805359601974487;0.13989481329917908;0.13479231297969818;0.13894617557525635;0.13795599341392517;0.1387234926223755;0.12409497052431107;0.13507671654224396;0.13576973974704742;0.12525896728038788;0.14025649428367615,256,0,0,"{'solver_error': 0, 'short_solution': 0, 'duplicate': 0, 'goal_error': 0, 'invalid_state': 19}",0.019572173357009892,inf,0.9915864930868377,filtered,40,2,4,3,84,1,1,2,1.0,0.0,0.2047702968120575,0.0,1.0,3.564975082771815e-05,0,1,0,0,0.1164433456925924,0.0,filtered,osqp optimal,0.20307475091928376,0,1,12,predictive_link_4,predictive_link_4,,,0,0,1,solved,osqp,5.071599984971583e-09,valid,3.564975082771815e-05,1.1029127092092905,0|0.002040105|0.00143894506|0.00138652765|0.000344116149|0.000344116149,,,,,,,,,,0.009254294913262129,0.002651515998877585,0.001423774054273963,0.0018305749399587512
105,5.300000000000001,-2.0678530217734776,0.5148505568504333,0.06571965664625168,0.1851913034915924,0.3053985834121704,1.0,4,0,0,0,0,0,0,,0,0,,-1,-1,nan,not_applicable,,,nan,0,0.024285295978188515,0.00114905193913728,0.0019186681602150202,0.20474481582641602,0.20474481582641602,0.06573006460537596,0.06571965664625168,1.0407959124283939e-05,0.14806084965783867,0.0003020487402968332,0.14805652239858427,0.00020602561173667974,0.14785049678684759,0.14805652126790114,0,0,disabled,0.0,1,SERVO,direct_path,0,1.020902824937366,4.095793275977485,46,1,1,1,29,1.5099686265474166,0.1395721733570099,8.770709554708135e-05;0.0012075064632565823;0.001002045595193055;0.0004947495639298622;0.0029191319617776225;0.004687752307886327;0.0021986294280441393;0.007081388076490479;0.006361944035854222;0.0036740317157455495;0.006308050633232968;0.0048628460417016435;0.005157864627197516;0.0035083163354709223;0.00297567958352632;0.009165382230222119;0.003680303890197841;0.0028622156503248543;0.00643246594934489;0.002294977627307809;0.006904895741739889;0.00762442890223786;0.003450596360112283;0.0026666093906092506;0.0014808383770206178;0.004465937403331517;0.002204767434314907;0.006962396759292367;0.010301128510928327;0.003675045806114605;0.0033170432572286013;0.0012754373312521333;0.004069275100035187;0.0034737459467406853;0.015448545043067832;0.0029684132122593312;0.0040871303604292225;0.0057764255865132;0.0039005979840348107;0.0023792967281652776;0.0031816265038875045;0.005302191166000053;0.0021886603739246532;0.0018936746264764518;0.0030944249628086337;0.006389424759657725,0.13641145825386047;0.13556939363479614;0.1371055543422699;0.13672222197055817;0.13421006500720978;0.13433951139450073;0.135472372174263;0.14121320843696594;0.12227397412061691;0.13391190767288208;0.13966768980026245;0.14038002490997314;0.14061644673347473;0.13585875928401947;0.13525931537151337;0.14334294199943542;0.13614915311336517;0.13599611818790436;0.13317370414733887;0.12275157123804092;0.12700004875659943;0.1427791714668274;0.1347721517086029;0.13449157774448395;0.13668572902679443;0.1320144385099411;0.13849210739135742;0.13084696233272552;0.12943971157073975;0.1395721733570099;0.1341804414987564;0.13650751113891602;0.12124406546354294;0.13415661454200745;0.1276465803384781;0.13805359601974487;0.13989481329917908;0.13479231297969818;0.13894617557525635;0.13795599341392517;0.1387234926223755;0.12409497052431107;0.13507671654224396;0.13576973974704742;0.12525896728038788;0.14025649428367615,256,0,0,"{'solver_error': 0, 'short_solution': 0, 'duplicate': 0, 'goal_error': 0, 'invalid_state': 19}",0.019572173357009892,inf,0.9917197663959537,filtered,41,2,4,3,85,1,1,2,1.0,0.0,0.20474481582641602,0.0,1.0,3.227590833450311e-05,0,1,0,0,0.1164433456925924,0.0,filtered,osqp optimal,0.20307461400872798,0,1,12,predictive_link_4,predictive_link_4,,,0,0,1,solved,osqp,4.284795566207762e-09,valid,3.227590833450311e-05,1.1028809898848178,2.79627764e-20|0.00202862339|0.00143522478|0.0013883009|0.000321156668|0.000321156668,,,,,,,,,,0.009563595056533813,0.002700584940612316,0.001693289028480649,0.0019471020204946399
106,5.3500000000000005,-2.0678992714350923,0.5148575305938721,0.0657104030251503,0.18518543243408203,0.30540937185287476,1.0,4,0,0,0,0,0,0,,0,0,,-1,-1,nan,not_applicable,,,nan,0,0.0242683757096529,0.0010391027899459004,0.002346973167732358,0.20472221076488495,0.20472221076488495,0.06571965930602972,0.0657104030251503,9.256280879416101e-06,0.1480375858976884,0.00028589242218588303,0.14803325181715793,0.0001837167301078401,0.1478495350870501,0.14803325780829685,0,0,disabled,0.0,1,SERVO,direct_path,0,1.020902824937366,4.095793275977485,46,1,1,1,29,1.5099686265474166,0.1395721733570099,8.770709554708135e-05;0.0012075064632565823;0.001002045595193055;0.0004947495639298622;0.0029191319617776225;0.004687752307886327;0.0021986294280441393;0.007081388076490479;0.006361944035854222;0.0036740317157455495;0.006308050633232968;0.0048628460417016435;0.005157864627197516;0.0035083163354709223;0.00297567958352632;0.009165382230222119;0.003680303890197841;0.0028622156503248543;0.00643246594934489;0.002294977627307809;0.006904895741739889;0.00762442890223786;0.003450596360112283;0.0026666093906092506;0.0014808383770206178;0.004465937403331517;0.002204767434314907;0.006962396759292367;0.010301128510928327;0.003675045806114605;0.0033170432572286013;0.0012754373312521333;0.004069275100035187;0.0034737459467406853;0.015448545043067832;0.0029684132122593312;0.0040871303604292225;0.0057764255865132;0.0039005979840348107;0.0023792967281652776;0.0031816265038875045;0.005302191166000053;0.0021886603739246532;0.0018936746264764518;0.0030944249628086337;0.006389424759657725,0.13641145825386047;0.13556939363479614;0.1371055543422699;0.13672222197055817;0.13421006500720978;0.13433951139450073;0.135472372174263;0.14121320843696594;0.12227397412061691;0.13391190767288208;0.13966768980026245;0.14038002490997314;0.14061644673347473;0.13585875928401947;0.13525931537151337;0.14334294199943542;0.13614915311336517;0.13599611818790436;0.13317370414733887;0.12275157123804092;0.12700004875659943;0.1427791714668274;0.1347721517086029;0.13449157774448395;0.13668572902679443;0.1320144385099411;0.13849210739135742;0.13084696233272552;0.12943971157073975;0.1395721733570099;0.1341804414987564;0.13650751113891602;0.12124406546354294;0.13415661454200745;0.1276465803384781;0.13805359601974487;0.13989481329917908;0.13479231297969818;0.13894617557525635;0.13795599341392517;0.1387234926223755;0.12409497052431107;0.13507671654224396;0.13576973974704742;0.12525896728038788;0.14025649428367615,256,0,0,"{'solver_error': 0, 'short_solution': 0, 'duplicate': 0, 'goal_error': 0, 'invalid_state': 19}",0.019572173357009892,inf,0.9918425196215759,filtered,42,2,4,3,86,1,1,2,1.0,0.0,0.20472221076488495,0.0,1.0,2.9395894564451797e-05,0,1,0,0,0.1164433456925924,0.0,filtered,osqp optimal,0.20307393776783195,0,1,12,predictive_link_4,predictive_link_4,,,0,0,1,solved,osqp,0.0,valid,2.9395894564451797e-05,1.1028498416102799,2.94840321e-20|0.00201814792|0.00143214462|0.00139032043|0.000301404266|0.000301404266,,,,,,,,,,0.009324265061877668,0.0025933620054274797,0.0012748020235449076,0.0021666339598596096
107,5.4,-2.0679413672060947,0.5148642063140869,0.06570212543010712,0.18518003821372986,0.30541977286338806,1.0,4,0,0,0,0,0,0,,0,0,,-1,-1,nan,not_applicable,,,nan,0,0.024251611903309822,0.0009405169985257089,0.0021044444292783737,0.2047022134065628,0.2047022134065628,0.06571040467664674,0.06570212543010712,8.279246539621976e-06,0.14801688142836084,0.0002726948370319267,0.1480125410729274,0.000164074721629962,0.14784846635129745,0.14801254479291961,0,0,disabled,0.0,1,SERVO,direct_path,0,1.020902824937366,4.095793275977485,46,1,1,1,29,1.5099686265474166,0.1395721733570099,8.770709554708135e-05;0.0012075064632565823;0.001002045595193055;0.0004947495639298622;0.0029191319617776225;0.004687752307886327;0.0021986294280441393;0.007081388076490479;0.006361944035854222;0.0036740317157455495;0.006308050633232968;0.0048628460417016435;0.005157864627197516;0.0035083163354709223;0.00297567958352632;0.009165382230222119;0.003680303890197841;0.0028622156503248543;0.00643246594934489;0.002294977627307809;0.006904895741739889;0.00762442890223786;0.003450596360112283;0.0026666093906092506;0.0014808383770206178;0.004465937403331517;0.002204767434314907;0.006962396759292367;0.010301128510928327;0.003675045806114605;0.0033170432572286013;0.0012754373312521333;0.004069275100035187;0.0034737459467406853;0.015448545043067832;0.0029684132122593312;0.0040871303604292225;0.0057764255865132;0.0039005979840348107;0.0023792967281652776;0.0031816265038875045;0.005302191166000053;0.0021886603739246532;0.0018936746264764518;0.0030944249628086337;0.006389424759657725,0.13641145825386047;0.13556939363479614;0.1371055543422699;0.13672222197055817;0.13421006500720978;0.13433951139450073;0.135472372174263;0.14121320843696594;0.12227397412061691;0.13391190767288208;0.13966768980026245;0.14038002490997314;0.14061644673347473;0.13585875928401947;0.13525931537151337;0.14334294199943542;0.13614915311336517;0.13599611818790436;0.13317370414733887;0.12275157123804092;0.12700004875659943;0.1427791714668274;0.1347721517086029;0.13449157774448395;0.13668572902679443;0.1320144385099411;0.13849210739135742;0.13084696233272552;0.12943971157073975;0.1395721733570099;0.1341804414987564;0.13650751113891602;0.12124406546354294;0.13415661454200745;0.1276465803384781;0.13805359601974487;0.13989481329917908;0.13479231297969818;0.13894617557525635;0.13795599341392517;0.1387234926223755;0.12409497052431107;0.13507671654224396;0.13576973974704742;0.12525896728038788;0.14025649428367615,256,0,0,"{'solver_error': 0, 'short_solution': 0, 'duplicate': 0, 'goal_error': 0, 'invalid_state': 19}",0.019572173357009892,inf,0.9919487338921619,filtered,43,2,4,3,87,1,1,2,1.0,0.0,0.2047022134065628,0.0,1.0,2.6890322830167013e-05,0,1,0,0,0.1164433456925924,0.0,filtered,osqp optimal,0.20307323862110055,0,1,12,predictive_link_4,predictive_link_4,,,0,0,1,solved,osqp,0.0,valid,2.6890322830167013e-05,1.1028173372429815,0|0.00200864844|0.00142938964|0.00139210189|0.000285193851|0.000285193851,,,,,,,,,,0.013311611954122782,0.0035345719661563635,0.0020248970249667764,0.002685063984245062
108,5.45,-2.0679791572598503,0.5148700475692749,0.06569475680589676,0.1851750612258911,0.30542945861816406,1.0,4,0,0,0,0,0,0,,0,0,,-1,-1,nan,not_applicable,,,nan,0,0.024234984070062637,0.0008658241713419557,0.001609231811016798,0.20468449592590332,0.20468449592590332,0.06570212391259285,0.06569475680589676,7.367106696090642e-06,0.1479983461869007,0.000261759958968304,0.1479939999540791,0.00014641813717802924,0.14784758181690108,0.14799399653587908,0,0,disabled,0.0,1,SERVO,direct_path,0,1.020902824937366,4.095793275977485,46,1,1,1,29,1.5099686265474166,0.1395721733570099,8.770709554708135e-05;0.0012075064632565823;0.001002045595193055;0.0004947495639298622;0.0029191319617776225;0.004687752307886327;0.0021986294280441393;0.007081388076490479;0.006361944035854222;0.0036740317157455495;0.006308050633232968;0.0048628460417016435;0.005157864627197516;0.0035083163354709223;0.00297567958352632;0.009165382230222119;0.003680303890197841;0.0028622156503248543;0.00643246594934489;0.002294977627307809;0.006904895741739889;0.00762442890223786;0.003450596360112283;0.0026666093906092506;0.0014808383770206178;0.004465937403331517;0.002204767434314907;0.006962396759292367;0.010301128510928327;0.003675045806114605;0.0033170432572286013;0.0012754373312521333;0.004069275100035187;0.0034737459467406853;0.015448545043067832;0.0029684132122593312;0.0040871303604292225;0.0057764255865132;0.0039005979840348107;0.0023792967281652776;0.0031816265038875045;0.005302191166000053;0.0021886603739246532;0.0018936746264764518;0.0030944249628086337;0.006389424759657725,0.13641145825386047;0.13556939363479614;0.1371055543422699;0.13672222197055817;0.13421006500720978;0.13433951139450073;0.135472372174263;0.14121320843696594;0.12227397412061691;0.13391190767288208;0.13966768980026245;0.14038002490997314;0.14061644673347473;0.13585875928401947;0.13525931537151337;0.14334294199943542;0.13614915311336517;0.13599611818790436;0.13317370414733887;0.12275157123804092;0.12700004875659943;0.1427791714668274;0.1347721517086029;0.13449157774448395;0.13668572902679443;0.1320144385099411;0.13849210739135742;0.13084696233272552;0.12943971157073975;0.1395721733570099;0.1341804414987564;0.13650751113891602;0.12124406546354294;0.13415661454200745;0.1276465803384781;0.13805359601974487;0.13989481329917908;0.13479231297969818;0.13894617557525635;0.13795599341392517;0.1387234926223755;0.12409497052431107;0.13507671654224396;0.13576973974704742;0.12525896728038788;0.14025649428367615,256,0,0,"{'solver_error': 0, 'short_solution': 0, 'duplicate': 0, 'goal_error': 0, 'invalid_state': 19}",0.019572173357009892,inf,0.9920422219264091,filtered,44,2,4,3,88,1,1,2,1.0,0.0,0.20468449592590332,0.0,1.0,2.4663144245748447e-05,0,1,0,0,0.1164433456925924,0.0,filtered,osqp optimal,0.2030728887661523,0,1,12,predictive_link_4,predictive_link_4,,,0,0,1,solved,osqp,0.0,valid,2.4663144245748447e-05,1.102784004334942,3.26729975e-20|0.00200009018|0.00142697921|0.00139371818|0.000271947333|0.000271947333,,,,,,,,,,0.008822839008644223,0.002535960986278951,0.0012618849286809564,0.001849964028224349
109,5.5,-2.068008299838477,0.514874279499054,0.06568816304206848,0.18517056107521057,0.3054375946521759,1.0,4,0,0,0,0,0,0,,0,0,,-1,-1,nan,not_applicable,,,nan,0,0.024218464270234108,0.000796789419837296,0.0015085127670317888,0.20466893911361694,0.20466893911361694,0.0656947576212132,0.06568816304206848,6.59457914471695e-06,0.14798185403329825,0.0002528472891980172,0.14797750230836812,0.00013060489910570708,0.1478468974092624,0.14797750414486918,0,0,disabled,0.0,1,SERVO,direct_path,0,1.020902824937366,4.095793275977485,46,1,1,1,29,1.5099686265474166,0.1395721733570099,8.770709554708135e-05;0.0012075064632565823;0.001002045595193055;0.0004947495639298622;0.0029191319617776225;0.004687752307886327;0.0021986294280441393;0.007081388076490479;0.006361944035854222;0.0036740317157455495;0.006308050633232968;0.0048628460417016435;0.005157864627197516;0.0035083163354709223;0.00297567958352632;0.009165382230222119;0.003680303890197841;0.0028622156503248543;0.00643246594934489;0.002294977627307809;0.006904895741739889;0.00762442890223786;0.003450596360112283;0.0026666093906092506;0.0014808383770206178;0.004465937403331517;0.002204767434314907;0.006962396759292367;0.010301128510928327;0.003675045806114605;0.0033170432572286013;0.0012754373312521333;0.004069275100035187;0.0034737459467406853;0.015448545043067832;0.0029684132122593312;0.0040871303604292225;0.0057764255865132;0.0039005979840348107;0.0023792967281652776;0.0031816265038875045;0.005302191166000053;0.0021886603739246532;0.0018936746264764518;0.0030944249628086337;0.006389424759657725,0.13641145825386047;0.13556939363479614;0.1371055543422699;0.13672222197055817;0.13421006500720978;0.13433951139450073;0.135472372174263;0.14121320843696594;0.12227397412061691;0.13391190767288208;0.13966768980026245;0.14038002490997314;0.14061644673347473;0.13585875928401947;0.13525931537151337;0.14334294199943542;0.13614915311336517;0.13599611818790436;0.13317370414733887;0.12275157123804092;0.12700004875659943;0.1427791714668274;0.1347721517086029;0.13449157774448395;0.13668572902679443;0.1320144385099411;0.13849210739135742;0.13084696233272552;0.12943971157073975;0.1395721733570099;0.1341804414987564;0.13650751113891602;0.12124406546354294;0.13415661454200745;0.1276465803384781;0.13805359601974487;0.13989481329917908;0.13479231297969818;0.13894617557525635;0.13795599341392517;0.1387234926223755;0.12409497052431107;0.13507671654224396;0.13576973974704742;0.12525896728038788;0.14025649428367615,256,0,0,"{'solver_error': 0, 'short_solution': 0, 'duplicate': 0, 'goal_error': 0, 'invalid_state': 19}",0.019572173357009892,inf,0.9921263838159269,filtered,45,2,4,3,89,1,1,2,1.0,0.0,0.20466893911361694,0.0,1.0,2.269188169053138e-05,0,1,0,0,0.1164433456925924,0.0,filtered,osqp optimal,0.20307290418354224,0,1,12,predictive_link_4,predictive_link_4,,,0,0,1,solved,osqp,0.0,valid,2.269188169053138e-05,1.1027504366341003,2.1215656e-21|0.00199224549|0.00142481474|0.00139520056|0.000260979399|0.000260979399,,,,,,,,,,0.012858821079134941,0.00434298999607563,0.0013163500698283315,0.0019464840879663825
110,5.550000000000001,-2.0680385336070817,0.5148791074752808,0.06568226218223572,0.18516629934310913,0.30544641613960266,1.0,4,0,0,0,0,0,0,,0,0,,-1,-1,nan,not_applicable,,,nan,0,0.0242020096629858,0.0007224713917821646,0.0016753562958911061,0.2046549916267395,0.2046549916267395,0.06568816083362791,0.06568226218223572,5.898651392194365e-06,0.14796708191494354,0.0002458771067179618,0.1479627251636867,0.00011694801832723284,0.14784577714535946,0.14796272018916967,0,0,disabled,0.0,1,SERVO,direct_path,0,1.020902824937366,4.095793275977485,46,1,1,1,29,1.5099686265474166,0.1395721733570099,8.770709554708135e-05;0.0012075064632565823;0.001002045595193055;0.0004947495639298622;0.0029191319617776225;0.004687752307886327;0.0021986294280441393;0.007081388076490479;0.006361944035854222;0.0036740317157455495;0.006308050633232968;0.0048628460417016435;0.005157864627197516;0.0035083163354709223;0.00297567958352632;0.009165382230222119;0.003680303890197841;0.0028622156503248543;0.00643246594934489;0.002294977627307809;0.006904895741739889;0.00762442890223786;0.003450596360112283;0.0026666093906092506;0.0014808383770206178;0.004465937403331517;0.002204767434314907;0.006962396759292367;0.010301128510928327;0.003675045806114605;0.0033170432572286013;0.0012754373312521333;0.004069275100035187;0.0034737459467406853;0.015448545043067832;0.0029684132122593312;0.0040871303604292225;0.0057764255865132;0.0039005979840348107;0.0023792967281652776;0.0031816265038875045;0.005302191166000053;0.0021886603739246532;0.0018936746264764518;0.0030944249628086337;0.006389424759657725,0.13641145825386047;0.13556939363479614;0.1371055543422699;0.13672222197055817;0.13421006500720978;0.13433951139450073;0.135472372174263;0.14121320843696594;0.12227397412061691;0.13391190767288208;0.13966768980026245;0.14038002490997314;0.14061644673347473;0.13585875928401947;0.13525931537151337;0.14334294199943542;0.13614915311336517;0.13599611818790436;0.13317370414733887;0.12275157123804092;0.12700004875659943;0.1427791714668274;0.1347721517086029;0.13449157774448395;0.13668572902679443;0.1320144385099411;0.13849210739135742;0.13084696233272552;0.12943971157073975;0.1395721733570099;0.1341804414987564;0.13650751113891602;0.12124406546354294;0.13415661454200745;0.1276465803384781;0.13805359601974487;0.13989481329917908;0.13479231297969818;0.13894617557525635;0.13795599341392517;0.1387234926223755;0.12409497052431107;0.13507671654224396;0.13576973974704742;0.12525896728038788;0.14025649428367615,256,0,0,"{'solver_error': 0, 'short_solution': 0, 'duplicate': 0, 'goal_error': 0, 'invalid_state': 19}",0.019572173357009892,inf,0.9922018703131661,filtered,46,2,4,3,90,1,1,2,1.0,0.0,0.2046549916267395,0.0,1.0,2.1030297367122253e-05,0,1,0,0,0.1164433456925924,0.0,filtered,osqp optimal,0.2030723926733866,0,1,12,predictive_link_4,predictive_link_4,,,0,0,1,solved,osqp,0.0,valid,2.1030297367122253e-05,1.102717232653959,3.57509091e-20|0.00198506969|0.00142285872|0.00139651896|0.000252035895|0.000252035895,,,,,,,,,,0.009450691984966397,0.0030469780322164297,0.0012313269544392824,0.0019231849582865834
111,5.6000000000000005,-2.0680618319086936,0.5148823261260986,0.06567701697349548,0.18516242504119873,0.3054537773132324,1.0,4,0,0,0,0,0,0,,0,0,,-1,-1,nan,not_applicable,,,nan,0,0.02418564073741436,0.0006674541509710252,0.0012459310237318277,0.2046426385641098,0.2046426385641098,0.06568226662627417,0.06567701697349548,5.24965277869105e-06,0.14795388527186257,0.00024019200515164947,0.14794952385305069,0.00010445839065544293,0.14784506546239523,0.14794953386326276,0,0,disabled,0.0,1,SERVO,direct_path,0,1.020902824937366,4.095793275977485,46,1,1,1,29,1.5099686265474166,0.1395721733570099,8.770709554708135e-05;0.0012075064632565823;0.001002045595193055;0.0004947495639298622;0.0029191319617776225;0.004687752307886327;0.0021986294280441393;0.007081388076490479;0.006361944035854222;0.0036740317157455495;0.006308050633232968;0.0048628460417016435;0.005157864627197516;0.0035083163354709223;0.00297567958352632;0.009165382230222119;0.003680303890197841;0.0028622156503248543;0.00643246594934489;0.002294977627307809;0.006904895741739889;0.00762442890223786;0.003450596360112283;0.0026666093906092506;0.0014808383770206178;0.004465937403331517;0.002204767434314907;0.006962396759292367;0.010301128510928327;0.003675045806114605;0.0033170432572286013;0.0012754373312521333;0.004069275100035187;0.0034737459467406853;0.015448545043067832;0.0029684132122593312;0.0040871303604292225;0.0057764255865132;0.0039005979840348107;0.0023792967281652776;0.0031816265038875045;0.005302191166000053;0.0021886603739246532;0.0018936746264764518;0.0030944249628086337;0.006389424759657725,0.13641145825386047;0.13556939363479614;0.1371055543422699;0.13672222197055817;0.13421006500720978;0.13433951139450073;0.135472372174263;0.14121320843696594;0.12227397412061691;0.13391190767288208;0.13966768980026245;0.14038002490997314;0.14061644673347473;0.13585875928401947;0.13525931537151337;0.14334294199943542;0.13614915311336517;0.13599611818790436;0.13317370414733887;0.12275157123804092;0.12700004875659943;0.1427791714668274;0.1347721517086029;0.13449157774448395;0.13668572902679443;0.1320144385099411;0.13849210739135742;0.13084696233272552;0.12943971157073975;0.1395721733570099;0.1341804414987564;0.13650751113891602;0.12124406546354294;0.13415661454200745;0.1276465803384781;0.13805359601974487;0.13989481329917908;0.13479231297969818;0.13894617557525635;0.13795599341392517;0.1387234926223755;0.12409497052431107;0.13507671654224396;0.13576973974704742;0.12525896728038788;0.14025649428367615,256,0,0,"{'solver_error': 0, 'short_solution': 0, 'duplicate': 0, 'goal_error': 0, 'invalid_state': 19}",0.019572173357009892,inf,0.9922669907009191,filtered,47,2,4,3,91,1,1,2,1.0,0.0,0.2046426385641098,0.0,1.0,1.9502395655832117e-05,0,1,0,0,0.1164433456925924,0.0,filtered,osqp optimal,0.20307254782427253,0,1,12,predictive_link_4,predictive_link_4,,,0,0,1,solved,osqp,0.0,valid,1.9502395655832117e-05,1.1026828855215893,0|0.00197859424|0.00142102461|0.00139750863|0.000245031746|0.000245031746,,,,,,,,,,0.00930497096851468,0.002620499930344522,0.001584923011250794,0.0018763239495456219
112,5.65,-2.068085135171123,0.5148860812187195,0.06567230075597763,0.18515872955322266,0.3054615259170532,1.0,4,0,0,0,0,0,0,,0,0,,-1,-1,nan,not_applicable,,,nan,0,0.02416931465268135,0.0006196736358106136,0.001186259207315743,0.20463180541992188,0.20463180541992188,0.06567701663673507,0.06567230075597763,4.7158807574415595e-06,0.14794212136234233,0.00023583327022719147,0.14793775552653765,9.374550269569463e-05,0.14784401002384195,0.1479377547679834,0,0,disabled,0.0,1,SERVO,direct_path,0,1.020902824937366,4.095793275977485,46,1,1,1,29,1.5099686265474166,0.1395721733570099,8.770709554708135e-05;0.0012075064632565823;0.001002045595193055;0.0004947495639298622;0.0029191319617776225;0.004687752307886327;0.0021986294280441393;0.007081388076490479;0.006361944035854222;0.0036740317157455495;0.006308050633232968;0.0048628460417016435;0.005157864627197516;0.0035083163354709223;0.00297567958352632;0.009165382230222119;0.003680303890197841;0.0028622156503248543;0.00643246594934489;0.002294977627307809;0.006904895741739889;0.00762442890223786;0.003450596360112283;0.0026666093906092506;0.0014808383770206178;0.004465937403331517;0.002204767434314907;0.006962396759292367;0.010301128510928327;0.003675045806114605;0.0033170432572286013;0.0012754373312521333;0.004069275100035187;0.0034737459467406853;0.015448545043067832;0.0029684132122593312;0.0040871303604292225;0.0057764255865132;0.0039005979840348107;0.0023792967281652776;0.0031816265038875045;0.005302191166000053;0.0021886603739246532;0.0018936746264764518;0.0030944249628086337;0.006389424759657725,0.13641145825386047;0.13556939363479614;0.1371055543422699;0.13672222197055817;0.13421006500720978;0.13433951139450073;0.135472372174263;0.14121320843696594;0.12227397412061691;0.13391190767288208;0.13966768980026245;0.14038002490997314;0.14061644673347473;0.13585875928401947;0.13525931537151337;0.14334294199943542;0.13614915311336517;0.13599611818790436;0.13317370414733887;0.12275157123804092;0.12700004875659943;0.1427791714668274;0.1347721517086029;0.13449157774448395;0.13668572902679443;0.1320144385099411;0.13849210739135742;0.13084696233272552;0.12943971157073975;0.1395721733570099;0.1341804414987564;0.13650751113891602;0.12124406546354294;0.13415661454200745;0.1276465803384781;0.13805359601974487;0.13989481329917908;0.13479231297969818;0.13894617557525635;0.13795599341392517;0.1387234926223755;0.12409497052431107;0.13507671654224396;0.13576973974704742;0.12525896728038788;0.14025649428367615,256,0,0,"{'solver_error': 0, 'short_solution': 0, 'duplicate': 0, 'goal_error': 0, 'invalid_state': 19}",0.019572173357009892,inf,0.9923276461305721,filtered,48,2,4,3,92,1,1,2,1.0,0.0,0.20463180541992188,0.0,1.0,1.825188867889127e-05,0,1,0,0,0.1164433456925924,0.0,filtered,osqp optimal,0.2030722784261913,0,1,12,predictive_link_4,predictive_link_4,,,0,0,1,solved,osqp,0.0,valid,1.825188867889127e-05,1.1026484526275546,0|0.00197271275|0.00141941972|0.00139845654|0.00023933431|0.00023933431,,,,,,,,,,0.00975907500833273,0.0029865450924262404,0.0014039110392332077,0.001814262941479683
113,5.7,-2.068100370093775,0.5148879885673523,0.06566806882619858,0.18515536189079285,0.3054678440093994,1.0,4,0,0,0,0,0,0,,0,0,,-1,-1,nan,not_applicable,,,nan,0,0.02415303885936737,0.0005802068044431508,0.0009546684450469911,0.20462214946746826,0.20462214946746826,0.06567230001670311,0.06566806882619858,4.231190504536131e-06,0.14793154642216017,0.0002322069633743447,0.1479271764769471,8.370758869367583e-05,0.14784346888825342,0.14792717481172768,0,0,disabled,0.0,1,SERVO,direct_path,0,1.020902824937366,4.095793275977485,46,1,1,1,29,1.5099686265474166,0.1395721733570099,8.770709554708135e-05;0.0012075064632565823;0.001002045595193055;0.0004947495639298622;0.0029191319617776225;0.004687752307886327;0.0021986294280441393;0.007081388076490479;0.006361944035854222;0.0036740317157455495;0.006308050633232968;0.0048628460417016435;0.005157864627197516;0.0035083163354709223;0.00297567958352632;0.009165382230222119;0.003680303890197841;0.0028622156503248543;0.00643246594934489;0.002294977627307809;0.006904895741739889;0.00762442890223786;0.003450596360112283;0.0026666093906092506;0.0014808383770206178;0.004465937403331517;0.002204767434314907;0.006962396759292367;0.010301128510928327;0.003675045806114605;0.0033170432572286013;0.0012754373312521333;0.004069275100035187;0.0034737459467406853;0.015448545043067832;0.0029684132122593312;0.0040871303604292225;0.0057764255865132;0.0039005979840348107;0.0023792967281652776;0.0031816265038875045;0.005302191166000053;0.0021886603739246532;0.0018936746264764518;0.0030944249628086337;0.006389424759657725,0.13641145825386047;0.13556939363479614;0.1371055543422699;0.13672222197055817;0.13421006500720978;0.13433951139450073;0.135472372174263;0.14121320843696594;0.12227397412061691;0.13391190767288208;0.13966768980026245;0.14038002490997314;0.14061644673347473;0.13585875928401947;0.13525931537151337;0.14334294199943542;0.13614915311336517;0.13599611818790436;0.13317370414733887;0.12275157123804092;0.12700004875659943;0.1427791714668274;0.1347721517086029;0.13449157774448395;0.13668572902679443;0.1320144385099411;0.13849210739135742;0.13084696233272552;0.12943971157073975;0.1395721733570099;0.1341804414987564;0.13650751113891602;0.12124406546354294;0.13415661454200745;0.1276465803384781;0.13805359601974487;0.13989481329917908;0.13479231297969818;0.13894617557525635;0.13795599341392517;0.1387234926223755;0.12409497052431107;0.13507671654224396;0.13576973974704742;0.12525896728038788;0.14025649428367615,256,0,0,"{'solver_error': 0, 'short_solution': 0, 'duplicate': 0, 'goal_error': 0, 'invalid_state': 19}",0.019572173357009892,inf,0.9923788631462724,filtered,49,2,4,3,93,1,1,2,1.0,0.0,0.20462214946746826,0.0,1.0,1.705968052569118e-05,0,1,0,0,0.1164433456925924,0.0,filtered,osqp optimal,0.20307277277158886,0,1,12,predictive_link_4,predictive_link_4,,,0,0,1,solved,osqp,0.0,valid,1.705968052569118e-05,1.1026136970687637,0|0.00196725009|0.00141776928|0.00139899632|0.000234949845|0.000234949845,,,,,,,,,,0.009245441993698478,0.0028454740531742573,0.0012429299531504512,0.0017294749850407243
114,5.75,-2.06812039951115,0.5148912668228149,0.06566427648067474,0.18515214323997498,0.30547499656677246,1.0,4,0,0,0,0,0,0,,0,0,,-1,-1,nan,not_applicable,,,nan,0,0.024136772379279137,0.0005278069875203073,0.0013658527750521898,0.20461338758468628,0.20461338758468628,0.06566806525711914,0.06566427648067474,3.7887764443994554e-06,0.1479220468174537,0.00022974907634644705,0.1479176731552488,7.555981833412007e-05,0.1478421133369147,0.1479176651158785,0,0,disabled,0.0,1,SERVO,direct_path,0,1.020902824937366,4.095793275977485,46,1,1,1,29,1.5099686265474166,0.1395721733570099,8.770709554708135e-05;0.0012075064632565823;0.001002045595193055;0.0004947495639298622;0.0029191319617776225;0.004687752307886327;0.0021986294280441393;0.007081388076490479;0.006361944035854222;0.0036740317157455495;0.006308050633232968;0.0048628460417016435;0.005157864627197516;0.0035083163354709223;0.00297567958352632;0.009165382230222119;0.003680303890197841;0.0028622156503248543;0.00643246594934489;0.002294977627307809;0.006904895741739889;0.00762442890223786;0.003450596360112283;0.0026666093906092506;0.0014808383770206178;0.004465937403331517;0.002204767434314907;0.006962396759292367;0.010301128510928327;0.003675045806114605;0.0033170432572286013;0.0012754373312521333;0.004069275100035187;0.0034737459467406853;0.015448545043067832;0.0029684132122593312;0.0040871303604292225;0.0057764255865132;0.0039005979840348107;0.0023792967281652776;0.0031816265038875045;0.005302191166000053;0.0021886603739246532;0.0018936746264764518;0.0030944249628086337;0.006389424759657725,0.13641145825386047;0.13556939363479614;0.1371055543422699;0.13672222197055817;0.13421006500720978;0.13433951139450073;0.135472372174263;0.14121320843696594;0.12227397412061691;0.13391190767288208;0.13966768980026245;0.14038002490997314;0.14061644673347473;0.13585875928401947;0.13525931537151337;0.14334294199943542;0.13614915311336517;0.13599611818790436;0.13317370414733887;0.12275157123804092;0.12700004875659943;0.1427791714668274;0.1347721517086029;0.13449157774448395;0.13668572902679443;0.1320144385099411;0.13849210739135742;0.13084696233272552;0.12943971157073975;0.1395721733570099;0.1341804414987564;0.13650751113891602;0.12124406546354294;0.13415661454200745;0.1276465803384781;0.13805359601974487;0.13989481329917908;0.13479231297969818;0.13894617557525635;0.13795599341392517;0.1387234926223755;0.12409497052431107;0.13507671654224396;0.13576973974704742;0.12525896728038788;0.14025649428367615,256,0,0,"{'solver_error': 0, 'short_solution': 0, 'duplicate': 0, 'goal_error': 0, 'invalid_state': 19}",0.019572173357009892,inf,0.9924281085898488,filtered,50,2,4,3,94,1,1,2,1.0,0.0,0.20461338758468628,0.0,1.0,1.6146737344527318e-05,0,1,0,0,0.1164433456925924,0.0,filtered,osqp optimal,0.20307222807111774,0,1,12,predictive_link_4,predictive_link_4,,,0,0,1,solved,osqp,4.3049081611333225e-09,valid,1.6146737344527318e-05,1.1025790434509244,0|0.00196223658|0.00141630467|0.00139955469|0.000231329245|0.000231329245,,,,,,,,,,0.009099161019548774,0.0026022609090432525,0.0012357310624793172,0.0016551850130781531
115,5.800000000000001,-2.0681342444119792,0.5148931741714478,0.06566087901592255,0.18514907360076904,0.3054813742637634,1.0,4,0,0,0,0,0,0,,0,0,,-1,-1,nan,not_applicable,,,nan,0,0.02412058785557747,0.0005043874261900783,0.0006441206205636263,0.20460577309131622,0.20460577309131622,0.06566428028756675,0.06566087901592255,3.4012716442072266e-06,0.1479135547853233,0.00022743588534531,0.14790917756707372,6.756657469564632e-05,0.14784161099237808,0.14790918614212087,0,0,disabled,0.0,1,SERVO,direct_path,0,1.020902824937366,4.095793275977485,46,1,1,1,29,1.5099686265474166,0.1395721733570099,8.770709554708135e-05;0.0012075064632565823;0.001002045595193055;0.0004947495639298622;0.0029191319617776225;0.004687752307886327;0.0021986294280441393;0.007081388076490479;0.006361944035854222;0.0036740317157455495;0.006308050633232968;0.0048628460417016435;0.005157864627197516;0.0035083163354709223;0.00297567958352632;0.009165382230222119;0.003680303890197841;0.0028622156503248543;0.00643246594934489;0.002294977627307809;0.006904895741739889;0.00762442890223786;0.003450596360112283;0.0026666093906092506;0.0014808383770206178;0.004465937403331517;0.002204767434314907;0.006962396759292367;0.010301128510928327;0.003675045806114605;0.0033170432572286013;0.0012754373312521333;0.004069275100035187;0.0034737459467406853;0.015448545043067832;0.0029684132122593312;0.0040871303604292225;0.0057764255865132;0.0039005979840348107;0.0023792967281652776;0.0031816265038875045;0.005302191166000053;0.0021886603739246532;0.0018936746264764518;0.0030944249628086337;0.006389424759657725,0.13641145825386047;0.13556939363479614;0.1371055543422699;0.13672222197055817;0.13421006500720978;0.13433951139450073;0.135472372174263;0.14121320843696594;0.12227397412061691;0.13391190767288208;0.13966768980026245;0.14038002490997314;0.14061644673347473;0.13585875928401947;0.13525931537151337;0.14334294199943542;0.13614915311336517;0.13599611818790436;0.13317370414733887;0.12275157123804092;0.12700004875659943;0.1427791714668274;0.1347721517086029;0.13449157774448395;0.13668572902679443;0.1320144385099411;0.13849210739135742;0.13084696233272552;0.12943971157073975;0.1395721733570099;0.1341804414987564;0.13650751113891602;0.12124406546354294;0.13415661454200745;0.1276465803384781;0.13805359601974487;0.13989481329917908;0.13479231297969818;0.13894617557525635;0.13795599341392517;0.1387234926223755;0.12409497052431107;0.13507671654224396;0.13576973974704742;0.12525896728038788;0.14025649428367615,256,0,0,"{'solver_error': 0, 'short_solution': 0, 'duplicate': 0, 'goal_error': 0, 'invalid_state': 19}",0.019572173357009892,inf,0.9924679439025921,filtered,51,2,4,3,95,1,1,2,1.0,0.0,0.20460577309131622,0.0,1.0,1.521813901976532e-05,0,1,0,0,0.1164433456925924,0.0,filtered,osqp optimal,0.20307294534294928,0,1,12,predictive_link_4,predictive_link_4,,,0,0,1,solved,osqp,4.860807592180607e-09,valid,1.521813901976532e-05,1.1025435873446392,0|0.00195778215|0.00141485722|0.00139968938|0.0002288282|0.0002288282,,,,,,,,,,0.009143698029220104,0.0025679690297693014,0.0014691640390083194,0.0017807669937610626
116,5.8500000000000005,-2.0681478197838983,0.5148952603340149,0.06565781682729721,0.18514612317085266,0.305487722158432,1.0,4,0,0,0,0,0,0,,0,0,,-1,-1,nan,not_applicable,,,nan,0,0.02410438284277916,0.00046947915689088404,0.0010215018410235643,0.20459873974323273,0.20459873974323273,0.0656608761626892,0.06565781682729721,3.0593353919916577e-06,0.14790591574418993,0.0002259709161893465,0.14790153527220765,6.1028672614426855e-05,0.14784050659959322,0.14790152884528193,0,0,disabled,0.0,1,SERVO,direct_path,0,1.020902824937366,4.095793275977485,46,1,1,1,29,1.5099686265474166,0.1395721733570099,8.770709554708135e-05;0.0012075064632565823;0.001002045595193055;0.0004947495639298622;0.0029191319617776225;0.004687752307886327;0.0021986294280441393;0.007081388076490479;0.006361944035854222;0.0036740317157455495;0.006308050633232968;0.0048628460417016435;0.005157864627197516;0.0035083163354709223;0.00297567958352632;0.009165382230222119;0.003680303890197841;0.0028622156503248543;0.00643246594934489;0.002294977627307809;0.006904895741739889;0.00762442890223786;0.003450596360112283;0.0026666093906092506;0.0014808383770206178;0.004465937403331517;0.002204767434314907;0.006962396759292367;0.010301128510928327;0.003675045806114605;0.0033170432572286013;0.0012754373312521333;0.004069275100035187;0.0034737459467406853;0.015448545043067832;0.0029684132122593312;0.0040871303604292225;0.0057764255865132;0.0039005979840348107;0.0023792967281652776;0.0031816265038875045;0.005302191166000053;0.0021886603739246532;0.0018936746264764518;0.0030944249628086337;0.006389424759657725,0.13641145825386047;0.13556939363479614;0.1371055543422699;0.13672222197055817;0.13421006500720978;0.13433951139450073;0.135472372174263;0.14121320843696594;0.12227397412061691;0.13391190767288208;0.13966768980026245;0.14038002490997314;0.14061644673347473;0.13585875928401947;0.13525931537151337;0.14334294199943542;0.13614915311336517;0.13599611818790436;0.13317370414733887;0.12275157123804092;0.12700004875659943;0.1427791714668274;0.1347721517086029;0.13449157774448395;0.13668572902679443;0.1320144385099411;0.13849210739135742;0.13084696233272552;0.12943971157073975;0.1395721733570099;0.1341804414987564;0.13650751113891602;0.12124406546354294;0.13415661454200745;0.1276465803384781;0.13805359601974487;0.13989481329917908;0.13479231297969818;0.13894617557525635;0.13795599341392517;0.1387234926223755;0.12409497052431107;0.13507671654224396;0.13576973974704742;0.12525896728038788;0.14025649428367615,256,0,0,"{'solver_error': 0, 'short_solution': 0, 'duplicate': 0, 'goal_error': 0, 'invalid_state': 19}",0.019572173357009892,inf,0.9925083846598852,filtered,52,2,4,3,96,1,1,2,1.0,0.0,0.20459873974323273,0.0,1.0,1.4508808273458462e-05,0,1,0,0,0.1164433456925924,0.0,filtered,osqp optimal,0.2030727271759974,0,1,12,predictive_link_4,predictive_link_4,,,0,0,1,solved,osqp,5.741916935043706e-09,valid,1.4508808273458462e-05,1.1025076603115551,0|0.0019535681|0.00141350967|0.00139990099|0.000226565264|0.000226565264,,,,,,,,,,0.00977542600594461,0.0030651569832116365,0.0013368959771469235,0.0017727960366755724
117,5.9,-2.0681569882119346,0.5148963928222656,0.06565505266189575,0.18514341115951538,0.30549323558807373,1.0,4,0,0,0,0,0,0,,0,0,,-1,-1,nan,not_applicable,,,nan,0,0.024088209494948387,0.00044750040979124606,0.0006500179879367352,0.20459257066249847,0.20459257066249847,0.06565781981221856,0.06565505266189575,2.7671503228104966e-06,0.14789905661028577,0.00022473989487672728,0.14789467307326495,5.477212475722502e-05,0.14783990094850774,0.1478946797968203,0,0,disabled,0.0,1,SERVO,direct_path,0,1.020902824937366,4.095793275977485,46,1,1,1,29,1.5099686265474166,0.1395721733570099,8.770709554708135e-05;0.0012075064632565823;0.001002045595193055;0.0004947495639298622;0.0029191319617776225;0.004687752307886327;0.0021986294280441393;0.007081388076490479;0.006361944035854222;0.0036740317157455495;0.006308050633232968;0.0048628460417016435;0.005157864627197516;0.0035083163354709223;0.00297567958352632;0.009165382230222119;0.003680303890197841;0.0028622156503248543;0.00643246594934489;0.002294977627307809;0.006904895741739889;0.00762442890223786;0.003450596360112283;0.0026666093906092506;0.0014808383770206178;0.004465937403331517;0.002204767434314907;0.006962396759292367;0.010301128510928327;0.003675045806114605;0.0033170432572286013;0.0012754373312521333;0.004069275100035187;0.0034737459467406853;0.015448545043067832;0.0029684132122593312;0.0040871303604292225;0.0057764255865132;0.0039005979840348107;0.0023792967281652776;0.0031816265038875045;0.005302191166000053;0.0021886603739246532;0.0018936746264764518;0.0030944249628086337;0.006389424759657725,0.13641145825386047;0.13556939363479614;0.1371055543422699;0.13672222197055817;0.13421006500720978;0.13433951139450073;0.135472372174263;0.14121320843696594;0.12227397412061691;0.13391190767288208;0.13966768980026245;0.14038002490997314;0.14061644673347473;0.13585875928401947;0.13525931537151337;0.14334294199943542;0.13614915311336517;0.13599611818790436;0.13317370414733887;0.12275157123804092;0.12700004875659943;0.1427791714668274;0.1347721517086029;0.13449157774448395;0.13668572902679443;0.1320144385099411;0.13849210739135742;0.13084696233272552;0.12943971157073975;0.1395721733570099;0.1341804414987564;0.13650751113891602;0.12124406546354294;0.13415661454200745;0.1276465803384781;0.13805359601974487;0.13989481329917908;0.13479231297969818;0.13894617557525635;0.13795599341392517;0.1387234926223755;0.12409497052431107;0.13507671654224396;0.13576973974704742;0.12525896728038788;0.14025649428367615,256,0,0,"{'solver_error': 0, 'short_solution': 0, 'duplicate': 0, 'goal_error': 0, 'invalid_state': 19}",0.019572173357009892,inf,0.9925414371117317,filtered,53,2,4,3,97,1,1,2,1.0,0.0,0.20459257066249847,0.0,1.0,1.3803619951860413e-05,0,1,0,0,0.1164433456925924,0.0,filtered,osqp optimal,0.20307333737444555,0,1,12,predictive_link_4,predictive_link_4,,,0,0,1,solved,osqp,6.102743542094448e-09,valid,1.3803619951860413e-05,1.102471836151748,0|0.00194977119|0.00141216432|0.00139976288|0.000225058618|0.000225058618,,,,,,,,,,0.009716021013446152,0.0026821779320016503,0.0012547769583761692,0.0019680450204759836
118,5.95,-2.068169233229165,0.5148984789848328,0.06565254181623459,0.1851406991481781,0.30549952387809753,1.0,4,0,0,0,0,0,0,,0,0,,-1,-1,nan,not_applicable,,,nan,0,0.024072065949440002,0.00042273150756955147,0.0008085783338174224,0.2045869082212448,0.2045869082212448,0.06565505191883915,0.06565254181623459,2.510102604560971e-06,0.1478928325299416,0.0002238406862319256,0.1478884461613884,4.971811746777665e-05,0.14783872804392062,0.14788844448764846,0,0,disabled,0.0,1,SERVO,direct_path,0,1.020902824937366,4.095793275977485,46,1,1,1,29,1.5099686265474166,0.1395721733570099,8.770709554708135e-05;0.0012075064632565823;0.001002045595193055;0.0004947495639298622;0.0029191319617776225;0.004687752307886327;0.0021986294280441393;0.007081388076490479;0.006361944035854222;0.0036740317157455495;0.006308050633232968;0.0048628460417016435;0.005157864627197516;0.0035083163354709223;0.00297567958352632;0.009165382230222119;0.003680303890197841;0.0028622156503248543;0.00643246594934489;0.002294977627307809;0.006904895741739889;0.00762442890223786;0.003450596360112283;0.0026666093906092506;0.0014808383770206178;0.004465937403331517;0.002204767434314907;0.006962396759292367;0.010301128510928327;0.003675045806114605;0.0033170432572286013;0.0012754373312521333;0.004069275100035187;0.0034737459467406853;0.015448545043067832;0.0029684132122593312;0.0040871303604292225;0.0057764255865132;0.0039005979840348107;0.0023792967281652776;0.0031816265038875045;0.005302191166000053;0.0021886603739246532;0.0018936746264764518;0.0030944249628086337;0.006389424759657725,0.13641145825386047;0.13556939363479614;0.1371055543422699;0.13672222197055817;0.13421006500720978;0.13433951139450073;0.135472372174263;0.14121320843696594;0.12227397412061691;0.13391190767288208;0.13966768980026245;0.14038002490997314;0.14061644673347473;0.13585875928401947;0.13525931537151337;0.14334294199943542;0.13614915311336517;0.13599611818790436;0.13317370414733887;0.12275157123804092;0.12700004875659943;0.1427791714668274;0.1347721517086029;0.13449157774448395;0.13668572902679443;0.1320144385099411;0.13849210739135742;0.13084696233272552;0.12943971157073975;0.1395721733570099;0.1341804414987564;0.13650751113891602;0.12124406546354294;0.13415661454200745;0.1276465803384781;0.13805359601974487;0.13989481329917908;0.13479231297969818;0.13894617557525635;0.13795599341392517;0.1387234926223755;0.12409497052431107;0.13507671654224396;0.13576973974704742;0.12525896728038788;0.14025649428367615,256,0,0,"{'solver_error': 0, 'short_solution': 0, 'duplicate': 0, 'goal_error': 0, 'invalid_state': 19}",0.019572173357009892,inf,0.9925743477237055,filtered,54,2,4,3,98,1,1,2,1.0,0.0,0.2045869082212448,0.0,1.0,1.3291679191604344e-05,0,1,0,0,0.1164433456925924,0.0,filtered,osqp optimal,0.2030731545654163,0,1,12,predictive_link_4,predictive_link_4,,,0,0,1,solved,osqp,0.0,valid,1.3291679191604344e-05,1.1024357515452081,2.54682973e-21|0.00194628735|0.00141097253|0.00139968644|0.000223840835|0.000223840835,,,,,,,,,,0.010023675044067204,0.0032465020194649696,0.0013439800823107362,0.0020554460352286696
119,6.0,-2.068177661461036,0.514899492263794,0.06565030664205551,0.18513813614845276,0.30550506711006165,1.0,4,0,0,0,0,0,0,,0,0,,-1,-1,nan,not_applicable,,,nan,0,0.024055905640125275,0.00040855814586393535,0.0005563726299442351,0.20458178222179413,0.20458178222179413,0.06565253857807989,0.06565030664205551,2.231936024374437e-06,0.14788718640209872,0.0002232019744261267,0.14788279736568619,4.466346765605233e-05,0.14783813389803013,0.14788279007172067,0,0,disabled,0.0,1,SERVO,direct_path,0,1.020902824937366,4.095793275977485,46,1,1,1,29,1.5099686265474166,0.1395721733570099,8.770709554708135e-05;0.0012075064632565823;0.001002045595193055;0.0004947495639298622;0.0029191319617776225;0.004687752307886327;0.0021986294280441393;0.007081388076490479;0.006361944035854222;0.0036740317157455495;0.006308050633232968;0.0048628460417016435;0.005157864627197516;0.0035083163354709223;0.00297567958352632;0.009165382230222119;0.003680303890197841;0.0028622156503248543;0.00643246594934489;0.002294977627307809;0.006904895741739889;0.00762442890223786;0.003450596360112283;0.0026666093906092506;0.0014808383770206178;0.004465937403331517;0.002204767434314907;0.006962396759292367;0.010301128510928327;0.003675045806114605;0.0033170432572286013;0.0012754373312521333;0.004069275100035187;0.0034737459467406853;0.015448545043067832;0.0029684132122593312;0.0040871303604292225;0.0057764255865132;0.0039005979840348107;0.0023792967281652776;0.0031816265038875045;0.005302191166000053;0.0021886603739246532;0.0018936746264764518;0.0030944249628086337;0.006389424759657725,0.13641145825386047;0.13556939363479614;0.1371055543422699;0.13672222197055817;0.13421006500720978;0.13433951139450073;0.135472372174263;0.14121320843696594;0.12227397412061691;0.13391190767288208;0.13966768980026245;0.14038002490997314;0.14061644673347473;0.13585875928401947;0.13525931537151337;0.14334294199943542;0.13614915311336517;0.13599611818790436;0.13317370414733887;0.12275157123804092;0.12700004875659943;0.1427791714668274;0.1347721517086029;0.13449157774448395;0.13668572902679443;0.1320144385099411;0.13849210739135742;0.13084696233272552;0.12943971157073975;0.1395721733570099;0.1341804414987564;0.13650751113891602;0.12124406546354294;0.13415661454200745;0.1276465803384781;0.13805359601974487;0.13989481329917908;0.13479231297969818;0.13894617557525635;0.13795599341392517;0.1387234926223755;0.12409497052431107;0.13507671654224396;0.13576973974704742;0.12525896728038788;0.14025649428367615,256,0,0,"{'solver_error': 0, 'short_solution': 0, 'duplicate': 0, 'goal_error': 0, 'invalid_state': 19}",0.019572173357009892,inf,0.9926009260856932,filtered,55,2,4,3,99,1,1,2,1.0,0.0,0.20458178222179413,0.0,1.0,1.2730490593707011e-05,0,1,0,0,0.1164433456925924,0.0,filtered,osqp optimal,0.20307382588425119,0,1,12,predictive_link_4,predictive_link_4,,,0,0,1,solved,osqp,0.0,valid,1.2730490593707011e-05,1.1023993434523693,0|0.00194304724|0.00140965592|0.00139923503|0.000222941356|0.000222941356,,,,,,,,,,0.011730381986126304,0.00415946904104203,0.0014567689504474401,0.002533546998165548
120,6.050000000000001,-2.068182655665297,0.5148999691009521,0.06564827263355255,0.18513572216033936,0.3055099844932556,1.0,4,0,0,0,0,0,0,,0,0,,-1,-1,nan,not_applicable,,,nan,0,0.024039769545197487,0.0003873400273732841,0.0007592395413666964,0.20457723736763,0.20457723736763,0.06565030491201944,0.06564827263355255,2.0322784668874716e-06,0.14788216252289296,0.00022272304226646399,0.14787777104598734,4.061341841650944e-05,0.14783715762757083,0.1478777671490691,0,0,disabled,0.0,1,SERVO,direct_path,0,1.020902824937366,4.095793275977485,46,1,1,1,29,1.5099686265474166,0.1395721733570099,8.770709554708135e-05;0.0012075064632565823;0.001002045595193055;0.0004947495639298622;0.0029191319617776225;0.004687752307886327;0.0021986294280441393;0.007081388076490479;0.006361944035854222;0.0036740317157455495;0.006308050633232968;0.0048628460417016435;0.005157864627197516;0.0035083163354709223;0.00297567958352632;0.009165382230222119;0.003680303890197841;0.0028622156503248543;0.00643246594934489;0.002294977627307809;0.006904895741739889;0.00762442890223786;0.003450596360112283;0.0026666093906092506;0.0014808383770206178;0.004465937403331517;0.002204767434314907;0.006962396759292367;0.010301128510928327;0.003675045806114605;0.0033170432572286013;0.0012754373312521333;0.004069275100035187;0.0034737459467406853;0.015448545043067832;0.0029684132122593312;0.0040871303604292225;0.0057764255865132;0.0039005979840348107;0.0023792967281652776;0.0031816265038875045;0.005302191166000053;0.0021886603739246532;0.0018936746264764518;0.0030944249628086337;0.006389424759657725,0.13641145825386047;0.13556939363479614;0.1371055543422699;0.13672222197055817;0.13421006500720978;0.13433951139450073;0.135472372174263;0.14121320843696594;0.12227397412061691;0.13391190767288208;0.13966768980026245;0.14038002490997314;0.14061644673347473;0.13585875928401947;0.13525931537151337;0.14334294199943542;0.13614915311336517;0.13599611818790436;0.13317370414733887;0.12275157123804092;0.12700004875659943;0.1427791714668274;0.1347721517086029;0.13449157774448395;0.13668572902679443;0.1320144385099411;0.13849210739135742;0.13084696233272552;0.12943971157073975;0.1395721733570099;0.1341804414987564;0.13650751113891602;0.12124406546354294;0.13415661454200745;0.1276465803384781;0.13805359601974487;0.13989481329917908;0.13479231297969818;0.13894617557525635;0.13795599341392517;0.1387234926223755;0.12409497052431107;0.13507671654224396;0.13576973974704742;0.12525896728038788;0.14025649428367615,256,0,0,"{'solver_error': 0, 'short_solution': 0, 'duplicate': 0, 'goal_error': 0, 'invalid_state': 19}",0.019572173357009892,inf,0.9926290781067294,filtered,56,2,4,3,100,1,1,2,1.0,0.0,0.20457723736763,0.0,1.0,1.231689459181562e-05,0,1,0,0,0.1164433456925924,0.0,filtered,osqp optimal,0.20307403285984318,0,1,12,predictive_link_4,predictive_link_4,,,0,0,1,solved,osqp,0.0,valid,1.231689459181562e-05,1.1023628943728148,0|0.00194011601|0.00140858021|0.00139896459|0.000222298899|0.000222298899,,,,,,,,,,0.009405023069120944,0.003109576995484531,0.0012197800679132342,0.0018176720477640629
121,6.1000000000000005,-2.0681918244625925,0.5149015784263611,0.06564641743898392,0.18513330817222595,0.30551591515541077,1.0,4,0,0,0,0,0,0,,0,0,,-1,-1,nan,not_applicable,,,nan,0,0.024023644626140594,0.00037731920019723475,0.00040707370499148965,0.2045731246471405,0.2045731246471405,0.06564826749309464,0.06564641743898392,1.8500541107274726e-06,0.1478775759733365,0.00022242951496229533,0.14787318216744208,3.71138019077339e-05,0.14783606836553434,0.14787317058852556,0,0,disabled,0.0,1,SERVO,direct_path,0,1.020902824937366,4.095793275977485,46,1,1,1,29,1.5099686265474166,0.1395721733570099,8.770709554708135e-05;0.0012075064632565823;0.001002045595193055;0.0004947495639298622;0.0029191319617776225;0.004687752307886327;0.0021986294280441393;0.007081388076490479;0.006361944035854222;0.0036740317157455495;0.006308050633232968;0.0048628460417016435;0.005157864627197516;0.0035083163354709223;0.00297567958352632;0.009165382230222119;0.003680303890197841;0.0028622156503248543;0.00643246594934489;0.002294977627307809;0.006904895741739889;0.00762442890223786;0.003450596360112283;0.0026666093906092506;0.0014808383770206178;0.004465937403331517;0.002204767434314907;0.006962396759292367;0.010301128510928327;0.003675045806114605;0.0033170432572286013;0.0012754373312521333;0.004069275100035187;0.0034737459467406853;0.015448545043067832;0.0029684132122593312;0.0040871303604292225;0.0057764255865132;0.0039005979840348107;0.0023792967281652776;0.0031816265038875045;0.005302191166000053;0.0021886603739246532;0.0018936746264764518;0.0030944249628086337;0.006389424759657725,0.13641145825386047;0.13556939363479614;0.1371055543422699;0.13672222197055817;0.13421006500720978;0.13433951139450073;0.135472372174263;0.14121320843696594;0.12227397412061691;0.13391190767288208;0.13966768980026245;0.14038002490997314;0.14061644673347473;0.13585875928401947;0.13525931537151337;0.14334294199943542;0.13614915311336517;0.13599611818790436;0.13317370414733887;0.12275157123804092;0.12700004875659943;0.1427791714668274;0.1347721517086029;0.13449157774448395;0.13668572902679443;0.1320144385099411;0.13849210739135742;0.13084696233272552;0.12943971157073975;0.1395721733570099;0.1341804414987564;0.13650751113891602;0.12124406546354294;0.13415661454200745;0.1276465803384781;0.13805359601974487;0.13989481329917908;0.13479231297969818;0.13894617557525635;0.13795599341392517;0.1387234926223755;0.12409497052431107;0.13507671654224396;0.13576973974704742;0.12525896728038788;0.14025649428367615,256,0,0,"{'solver_error': 0, 'short_solution': 0, 'duplicate': 0, 'goal_error': 0, 'invalid_state': 19}",0.019572173357009892,inf,0.9926521419140805,filtered,57,2,4,3,101,1,1,2,1.0,0.0,0.2045731246471405,0.0,1.0,1.1984522262184494e-05,0,1,0,0,0.1164433456925924,0.0,filtered,osqp optimal,0.2030741151481666,0,1,12,predictive_link_4,predictive_link_4,,,0,0,1,solved,osqp,0.0,valid,1.1984522262184494e-05,1.1023262421641573,0|0.00193743957|0.00140742554|0.00139839635|0.000221823118|0.000221823118,,,,,,,,,,0.009609616012312472,0.0025785600300878286,0.0013537360355257988,0.0017946029547601938
122,6.15,-2.068197191814343,0.5149022936820984,0.06564472615718842,0.18513095378875732,0.3055211305618286,1.0,4,0,0,0,0,0,0,,0,0,,-1,-1,nan,not_applicable,,,nan,0,0.024007532745599747,0.0003710016026161611,0.0003039552830159664,0.20456936955451965,0.20456936955451965,0.06564641752730559,0.06564472615718842,1.6913701171711315e-06,0.14787341538128426,0.00022213678077154266,0.147869019334382,3.354271184849831e-05,0.14783547662253352,0.1478690195333272,0,0,disabled,0.0,1,SERVO,direct_path,0,1.020902824937366,4.095793275977485,46,1,1,1,29,1.5099686265474166,0.1395721733570099,8.770709554708135e-05;0.0012075064632565823;0.001002045595193055;0.0004947495639298622;0.0029191319617776225;0.004687752307886327;0.0021986294280441393;0.007081388076490479;0.006361944035854222;0.0036740317157455495;0.006308050633232968;0.0048628460417016435;0.005157864627197516;0.0035083163354709223;0.00297567958352632;0.009165382230222119;0.003680303890197841;0.0028622156503248543;0.00643246594934489;0.002294977627307809;0.006904895741739889;0.00762442890223786;0.003450596360112283;0.0026666093906092506;0.0014808383770206178;0.004465937403331517;0.002204767434314907;0.006962396759292367;0.010301128510928327;0.003675045806114605;0.0033170432572286013;0.0012754373312521333;0.004069275100035187;0.0034737459467406853;0.015448545043067832;0.0029684132122593312;0.0040871303604292225;0.0057764255865132;0.0039005979840348107;0.0023792967281652776;0.0031816265038875045;0.005302191166000053;0.0021886603739246532;0.0018936746264764518;0.0030944249628086337;0.006389424759657725,0.13641145825386047;0.13556939363479614;0.1371055543422699;0.13672222197055817;0.13421006500720978;0.13433951139450073;0.135472372174263;0.14121320843696594;0.12227397412061691;0.13391190767288208;0.13966768980026245;0.14038002490997314;0.14061644673347473;0.13585875928401947;0.13525931537151337;0.14334294199943542;0.13614915311336517;0.13599611818790436;0.13317370414733887;0.12275157123804092;0.12700004875659943;0.1427791714668274;0.1347721517086029;0.13449157774448395;0.13668572902679443;0.1320144385099411;0.13849210739135742;0.13084696233272552;0.12943971157073975;0.1395721733570099;0.1341804414987564;0.13650751113891602;0.12124406546354294;0.13415661454200745;0.1276465803384781;0.13805359601974487;0.13989481329917908;0.13479231297969818;0.13894617557525635;0.13795599341392517;0.1387234926223755;0.12409497052431107;0.13507671654224396;0.13576973974704742;0.12525896728038788;0.14025649428367615,256,0,0,"{'solver_error': 0, 'short_solution': 0, 'duplicate': 0, 'goal_error': 0, 'invalid_state': 19}",0.019572173357009892,inf,0.992672500351356,filtered,58,2,4,3,102,1,1,2,1.0,0.0,0.20456936955451965,0.0,1.0,1.1614735833900824e-05,0,1,0,0,0.1164433456925924,0.0,filtered,osqp optimal,0.20307480813435116,0,1,12,predictive_link_4,predictive_link_4,,,0,0,1,solved,osqp,0.0,valid,1.1614735833900824e-05,1.1022890678352504,2.11458483e-20|0.00193493193|0.00140626352|0.00139768594|0.00022153027|0.00022153027,,,,,,,,,,0.009516532998532057,0.002871137927286327,0.0013802140019834042,0.0020159169798716903
123,6.2,-2.0682019555970856,0.5149029493331909,0.06564317643642426,0.18512868881225586,0.3055262267589569,1.0,4,0,0,0,0,0,0,,0,0,,-1,-1,nan,not_applicable,,,nan,0,0.023991432040929794,0.0003570709959603846,0.0006289253942668438,0.2045658677816391,0.2045658677816391,0.06564472874582253,0.06564317643642426,1.5523093982727776e-06,0.14786960645408756,0.00022195014197234163,0.14786520839324224,3.0654099695869285e-05,0.14783455429354636,0.14786521422415883,0,0,disabled,0.0,1,SERVO,direct_path,0,1.020902824937366,4.095793275977485,46,1,1,1,29,1.5099686265474166,0.1395721733570099,8.770709554708135e-05;0.0012075064632565823;0.001002045595193055;0.0004947495639298622;0.0029191319617776225;0.004687752307886327;0.0021986294280441393;0.007081388076490479;0.006361944035854222;0.0036740317157455495;0.006308050633232968;0.0048628460417016435;0.005157864627197516;0.0035083163354709223;0.00297567958352632;0.009165382230222119;0.003680303890197841;0.0028622156503248543;0.00643246594934489;0.002294977627307809;0.006904895741739889;0.00762442890223786;0.003450596360112283;0.0026666093906092506;0.0014808383770206178;0.004465937403331517;0.002204767434314907;0.006962396759292367;0.010301128510928327;0.003675045806114605;0.0033170432572286013;0.0012754373312521333;0.004069275100035187;0.0034737459467406853;0.015448545043067832;0.0029684132122593312;0.0040871303604292225;0.0057764255865132;0.0039005979840348107;0.0023792967281652776;0.0031816265038875045;0.005302191166000053;0.0021886603739246532;0.0018936746264764518;0.0030944249628086337;0.006389424759657725,0.13641145825386047;0.13556939363479614;0.1371055543422699;0.13672222197055817;0.13421006500720978;0.13433951139450073;0.135472372174263;0.14121320843696594;0.12227397412061691;0.13391190767288208;0.13966768980026245;0.14038002490997314;0.14061644673347473;0.13585875928401947;0.13525931537151337;0.14334294199943542;0.13614915311336517;0.13599611818790436;0.13317370414733887;0.12275157123804092;0.12700004875659943;0.1427791714668274;0.1347721517086029;0.13449157774448395;0.13668572902679443;0.1320144385099411;0.13849210739135742;0.13084696233272552;0.12943971157073975;0.1395721733570099;0.1341804414987564;0.13650751113891602;0.12124406546354294;0.13415661454200745;0.1276465803384781;0.13805359601974487;0.13989481329917908;0.13479231297969818;0.13894617557525635;0.13795599341392517;0.1387234926223755;0.12409497052431107;0.13507671654224396;0.13576973974704742;0.12525896728038788;0.14025649428367615,256,0,0,"{'solver_error': 0, 'short_solution': 0, 'duplicate': 0, 'goal_error': 0, 'invalid_state': 19}",0.019572173357009892,inf,0.9926941094679858,filtered,59,2,4,3,103,1,1,2,1.0,0.0,0.2045658677816391,0.0,1.0,1.1333390122755804e-05,0,1,0,0,0.1164433456925924,0.0,filtered,osqp optimal,0.20307514893982542,0,1,12,predictive_link_4,predictive_link_4,,,0,0,1,solved,osqp,0.0,valid,1.1333390122755804e-05,1.1022522646941229,2.63748659e-21|0.00193254618|0.00140519174|0.00139707059|0.000221251471|0.000221251471,,,,,,,,,,0.009181887027807534,0.002548880991525948,0.0016961139626801014,0.0016722630243748426
124,6.25,-2.0682049852775233,0.5149031281471252,0.06564177572727203,0.18512648344039917,0.30553102493286133,1.0,4,0,0,0,0,0,0,,0,0,,-1,-1,nan,not_applicable,,,nan,0,0.0239753145724535,0.0003536025178618729,0.00020861065422650427,0.20456264913082123,0.20456264913082123,0.06564317690125945,0.06564177572727203,1.4011739874197904e-06,0.14786611531091795,0.00022191789515987924,0.14786171528730527,2.801606120423358e-05,0.14783369922610104,0.14786171633434983,0,0,disabled,0.0,1,SERVO,direct_path,0,1.020902824937366,4.095793275977485,46,1,1,1,29,1.5099686265474166,0.1395721733570099,8.770709554708135e-05;0.0012075064632565823;0.001002045595193055;0.0004947495639298622;0.0029191319617776225;0.004687752307886327;0.0021986294280441393;0.007081388076490479;0.006361944035854222;0.0036740317157455495;0.006308050633232968;0.0048628460417016435;0.005157864627197516;0.0035083163354709223;0.00297567958352632;0.009165382230222119;0.003680303890197841;0.0028622156503248543;0.00643246594934489;0.002294977627307809;0.006904895741739889;0.00762442890223786;0.003450596360112283;0.0026666093906092506;0.0014808383770206178;0.004465937403331517;0.002204767434314907;0.006962396759292367;0.010301128510928327;0.003675045806114605;0.0033170432572286013;0.0012754373312521333;0.004069275100035187;0.0034737459467406853;0.015448545043067832;0.0029684132122593312;0.0040871303604292225;0.0057764255865132;0.0039005979840348107;0.0023792967281652776;0.0031816265038875045;0.005302191166000053;0.0021886603739246532;0.0018936746264764518;0.0030944249628086337;0.006389424759657725,0.13641145825386047;0.13556939363479614;0.1371055543422699;0.13672222197055817;0.13421006500720978;0.13433951139450073;0.135472372174263;0.14121320843696594;0.12227397412061691;0.13391190767288208;0.13966768980026245;0.14038002490997314;0.14061644673347473;0.13585875928401947;0.13525931537151337;0.14334294199943542;0.13614915311336517;0.13599611818790436;0.13317370414733887;0.12275157123804092;0.12700004875659943;0.1427791714668274;0.1347721517086029;0.13449157774448395;0.13668572902679443;0.1320144385099411;0.13849210739135742;0.13084696233272552;0.12943971157073975;0.1395721733570099;0.1341804414987564;0.13650751113891602;0.12124406546354294;0.13415661454200745;0.1276465803384781;0.13805359601974487;0.13989481329917908;0.13479231297969818;0.13894617557525635;0.13795599341392517;0.1387234926223755;0.12409497052431107;0.13507671654224396;0.13576973974704742;0.12525896728038788;0.14025649428367615,256,0,0,"{'solver_error': 0, 'short_solution': 0, 'duplicate': 0, 'goal_error': 0, 'invalid_state': 19}",0.019572173357009892,inf,0.9927127684692496,filtered,60,2,4,3,104,1,1,2,1.0,0.0,0.20456264913082123,0.0,1.0,1.1085603020558055e-05,0,1,0,0,0.1164433456925924,0.0,filtered,osqp optimal,0.203075536320713,0,1,12,predictive_link_4,predictive_link_4,,,0,0,1,solved,osqp,0.0,valid,1.1085603020558055e-05,1.1022150918476012,0|0.00193042124|0.00140412937|0.00139629296|0.000221070094|0.000221070094,,,,,,,,,,0.008926993003115058,0.002676856005564332,0.0012737349607050419,0.0016505499370396137
125,6.300000000000001,-2.0682103034168215,0.5149041414260864,0.06564046442508698,0.18512427806854248,0.30553653836250305,1.0,4,0,0,0,0,0,0,,0,0,,-1,-1,nan,not_applicable,,,nan,0,0.02395923249423504,0.0003453232056926936,0.0004412462003529072,0.20455972850322723,0.20455972850322723,0.0656417784902707,0.06564046442508698,1.314065183721791e-06,0.14786296448178116,0.00022181077151247749,0.147858562634589,2.5914904103786787e-05,0.1478326477304852,0.14785856885826298,0,0,disabled,0.0,1,SERVO,direct_path,0,1.020902824937366,4.095793275977485,46,1,1,1,29,1.5099686265474166,0.1395721733570099,8.770709554708135e-05;0.0012075064632565823;0.001002045595193055;0.0004947495639298622;0.0029191319617776225;0.004687752307886327;0.0021986294280441393;0.007081388076490479;0.006361944035854222;0.0036740317157455495;0.006308050633232968;0.0048628460417016435;0.005157864627197516;0.0035083163354709223;0.00297567958352632;0.009165382230222119;0.003680303890197841;0.0028622156503248543;0.00643246594934489;0.002294977627307809;0.006904895741739889;0.00762442890223786;0.003450596360112283;0.0026666093906092506;0.0014808383770206178;0.004465937403331517;0.002204767434314907;0.006962396759292367;0.010301128510928327;0.003675045806114605;0.0033170432572286013;0.0012754373312521333;0.004069275100035187;0.0034737459467406853;0.015448545043067832;0.0029684132122593312;0.0040871303604292225;0.0057764255865132;0.0039005979840348107;0.0023792967281652776;0.0031816265038875045;0.005302191166000053;0.0021886603739246532;0.0018936746264764518;0.0030944249628086337;0.006389424759657725,0.13641145825386047;0.13556939363479614;0.1371055543422699;0.13672222197055817;0.13421006500720978;0.13433951139450073;0.135472372174263;0.14121320843696594;0.12227397412061691;0.13391190767288208;0.13966768980026245;0.14038002490997314;0.14061644673347473;0.13585875928401947;0.13525931537151337;0.14334294199943542;0.13614915311336517;0.13599611818790436;0.13317370414733887;0.12275157123804092;0.12700004875659943;0.1427791714668274;0.1347721517086029;0.13449157774448395;0.13668572902679443;0.1320144385099411;0.13849210739135742;0.13084696233272552;0.12943971157073975;0.1395721733570099;0.1341804414987564;0.13650751113891602;0.12124406546354294;0.13415661454200745;0.1276465803384781;0.13805359601974487;0.13989481329917908;0.13479231297969818;0.13894617557525635;0.13795599341392517;0.1387234926223755;0.12409497052431107;0.13507671654224396;0.13576973974704742;0.12525896728038788;0.14025649428367615,256,0,0,"{'solver_error': 0, 'short_solution': 0, 'duplicate': 0, 'goal_error': 0, 'invalid_state': 19}",0.019572173357009892,inf,0.9927302818162216,filtered,61,2,4,3,105,1,1,2,1.0,0.0,0.20455972850322723,0.0,1.0,1.0913868177933606e-05,0,1,0,0,0.1164433456925924,0.0,filtered,osqp optimal,0.2030756818232267,0,1,12,predictive_link_4,predictive_link_4,,,0,0,1,solved,osqp,0.0,valid,1.0913868177933606e-05,1.1021779063745354,0|0.00192841094|0.00140310634|0.00139547669|0.000221025833|0.000221025833,,,,,,,,,,0.00951929995790124,0.0025505860103294253,0.0013803920010104775,0.0017932800110429525
126,6.3500000000000005,-2.0682140772518123,0.5149045586585999,0.06563928723335266,0.18512213230133057,0.3055414855480194,1.0,4,0,0,0,0,0,0,,0,0,,-1,-1,nan,not_applicable,,,nan,0,0.023943137377500534,0.0003409629571251571,0.000362729886546731,0.2045568972826004,0.2045568972826004,0.06564046548299653,0.06563928723335266,1.178249643865592e-06,0.14785999299311783,0.00022175024383020364,0.1478555894603627,2.373358592497649e-05,0.14783185587443773,0.14785559184331112,0,0,disabled,0.0,1,SERVO,direct_path,0,1.020902824937366,4.095793275977485,46,1,1,1,29,1.5099686265474166,0.1395721733570099,8.770709554708135e-05;0.0012075064632565823;0.001002045595193055;0.0004947495639298622;0.0029191319617776225;0.004687752307886327;0.0021986294280441393;0.007081388076490479;0.006361944035854222;0.0036740317157455495;0.006308050633232968;0.0048628460417016435;0.005157864627197516;0.0035083163354709223;0.00297567958352632;0.009165382230222119;0.003680303890197841;0.0028622156503248543;0.00643246594934489;0.002294977627307809;0.006904895741739889;0.00762442890223786;0.003450596360112283;0.0026666093906092506;0.0014808383770206178;0.004465937403331517;0.002204767434314907;0.006962396759292367;0.010301128510928327;0.003675045806114605;0.0033170432572286013;0.0012754373312521333;0.004069275100035187;0.0034737459467406853;0.015448545043067832;0.0029684132122593312;0.0040871303604292225;0.0057764255865132;0.0039005979840348107;0.0023792967281652776;0.0031816265038875045;0.005302191166000053;0.0021886603739246532;0.0018936746264764518;0.0030944249628086337;0.006389424759657725,0.13641145825386047;0.13556939363479614;0.1371055543422699;0.13672222197055817;0.13421006500720978;0.13433951139450073;0.135472372174263;0.14121320843696594;0.12227397412061691;0.13391190767288208;0.13966768980026245;0.14038002490997314;0.14061644673347473;0.13585875928401947;0.13525931537151337;0.14334294199943542;0.13614915311336517;0.13599611818790436;0.13317370414733887;0.12275157123804092;0.12700004875659943;0.1427791714668274;0.1347721517086029;0.13449157774448395;0.13668572902679443;0.1320144385099411;0.13849210739135742;0.13084696233272552;0.12943971157073975;0.1395721733570099;0.1341804414987564;0.13650751113891602;0.12124406546354294;0.13415661454200745;0.1276465803384781;0.13805359601974487;0.13989481329917908;0.13479231297969818;0.13894617557525635;0.13795599341392517;0.1387234926223755;0.12409497052431107;0.13507671654224396;0.13576973974704742;0.12525896728038788;0.14025649428367615,256,0,0,"{'solver_error': 0, 'short_solution': 0, 'duplicate': 0, 'goal_error': 0, 'invalid_state': 19}",0.019572173357009892,inf,0.9927451669453251,filtered,62,2,4,3,106,1,1,2,1.0,0.0,0.2045568972826004,0.0,1.0,1.0698650214926997e-05,0,1,0,0,0.1164433456925924,0.0,filtered,osqp optimal,0.20307623151128834,0,1,12,predictive_link_4,predictive_link_4,,,0,0,1,solved,osqp,0.0,valid,1.0698650214926997e-05,1.1021400954076457,4.2996514e-20|0.00192653343|0.0014020163|0.00139448366|0.000220932909|0.000220932909,,,,,,,,,,0.010344112990424037,0.003039579023607075,0.0015273649478331208,0.0020127480383962393
127,6.4,-2.068213732043625,0.5149041414260864,0.06563819944858551,0.18512007594108582,0.3055458068847656,1.0,4,0,0,0,0,0,0,,0,0,,-1,-1,nan,not_applicable,,,nan,0,0.02392704226076603,0.0003373922663740814,0.0002786695840768516,0.20455436408519745,0.20455436408519745,0.06563928943171281,0.06563819944858551,1.089983127297578e-06,0.14785733826581288,0.00022174718053123002,0.14785293311490277,2.1934359250114388e-05,0.14783099875565267,0.14785293806672373,0,0,disabled,0.0,1,SERVO,direct_path,0,1.020902824937366,4.095793275977485,46,1,1,1,29,1.5099686265474166,0.1395721733570099,8.770709554708135e-05;0.0012075064632565823;0.001002045595193055;0.0004947495639298622;0.0029191319617776225;0.004687752307886327;0.0021986294280441393;0.007081388076490479;0.006361944035854222;0.0036740317157455495;0.006308050633232968;0.0048628460417016435;0.005157864627197516;0.0035083163354709223;0.00297567958352632;0.009165382230222119;0.003680303890197841;0.0028622156503248543;0.00643246594934489;0.002294977627307809;0.006904895741739889;0.00762442890223786;0.003450596360112283;0.0026666093906092506;0.0014808383770206178;0.004465937403331517;0.002204767434314907;0.006962396759292367;0.010301128510928327;0.003675045806114605;0.0033170432572286013;0.0012754373312521333;0.004069275100035187;0.0034737459467406853;0.015448545043067832;0.0029684132122593312;0.0040871303604292225;0.0057764255865132;0.0039005979840348107;0.0023792967281652776;0.0031816265038875045;0.005302191166000053;0.0021886603739246532;0.0018936746264764518;0.0030944249628086337;0.006389424759657725,0.13641145825386047;0.13556939363479614;0.1371055543422699;0.13672222197055817;0.13421006500720978;0.13433951139450073;0.135472372174263;0.14121320843696594;0.12227397412061691;0.13391190767288208;0.13966768980026245;0.14038002490997314;0.14061644673347473;0.13585875928401947;0.13525931537151337;0.14334294199943542;0.13614915311336517;0.13599611818790436;0.13317370414733887;0.12275157123804092;0.12700004875659943;0.1427791714668274;0.1347721517086029;0.13449157774448395;0.13668572902679443;0.1320144385099411;0.13849210739135742;0.13084696233272552;0.12943971157073975;0.1395721733570099;0.1341804414987564;0.13650751113891602;0.12124406546354294;0.13415661454200745;0.1276465803384781;0.13805359601974487;0.13989481329917908;0.13479231297969818;0.13894617557525635;0.13795599341392517;0.1387234926223755;0.12409497052431107;0.13507671654224396;0.13576973974704742;0.12525896728038788;0.14025649428367615,256,0,0,"{'solver_error': 0, 'short_solution': 0, 'duplicate': 0, 'goal_error': 0, 'invalid_state': 19}",0.019572173357009892,inf,0.992761594495313,filtered,63,2,4,3,107,1,1,2,1.0,0.0,0.20455436408519745,0.0,1.0,1.0540163247571566e-05,0,1,0,0,0.1164433456925924,0.0,filtered,osqp optimal,0.20307668265342832,0,1,12,predictive_link_4,predictive_link_4,,,0,0,1,solved,osqp,0.0,valid,1.0540163247571566e-05,1.1021025543966705,0|0.00192483184|0.00140107155|0.00139362022|0.000220881943|0.000220881943,,,,,,,,,,0.00949308997951448,0.0028501860797405243,0.0013767810305580497,0.0018348420271649957
128,6.45,-2.068219098645191,0.5149052143096924,0.06563718616962433,0.1851179599761963,0.30555132031440735,1.0,4,0,0,0,0,0,0,,0,0,,-1,-1,nan,not_applicable,,,nan,0,0.023910963907837868,0.0003345298464410007,0.0003185307141393423,0.20455200970172882,0.20455200970172882,0.06563819979734956,0.06563718616962433,1.013627725227062e-06,0.1478548772308339,0.000221810696204161,0.1478504705175176,2.0699315334223583e-05,0.14782977120218338,0.14785047130311085,0,0,disabled,0.0,1,SERVO,direct_path,0,1.020902824937366,4.095793275977485,46,1,1,1,29,1.5099686265474166,0.1395721733570099,8.770709554708135e-05;0.0012075064632565823;0.001002045595193055;0.0004947495639298622;0.0029191319617776225;0.004687752307886327;0.0021986294280441393;0.007081388076490479;0.006361944035854222;0.0036740317157455495;0.006308050633232968;0.0048628460417016435;0.005157864627197516;0.0035083163354709223;0.00297567958352632;0.009165382230222119;0.003680303890197841;0.0028622156503248543;0.00643246594934489;0.002294977627307809;0.006904895741739889;0.00762442890223786;0.003450596360112283;0.0026666093906092506;0.0014808383770206178;0.004465937403331517;0.002204767434314907;0.006962396759292367;0.010301128510928327;0.003675045806114605;0.0033170432572286013;0.0012754373312521333;0.004069275100035187;0.0034737459467406853;0.015448545043067832;0.0029684132122593312;0.0040871303604292225;0.0057764255865132;0.0039005979840348107;0.0023792967281652776;0.0031816265038875045;0.005302191166000053;0.0021886603739246532;0.0018936746264764518;0.0030944249628086337;0.006389424759657725,0.13641145825386047;0.13556939363479614;0.1371055543422699;0.13672222197055817;0.13421006500720978;0.13433951139450073;0.135472372174263;0.14121320843696594;0.12227397412061691;0.13391190767288208;0.13966768980026245;0.14038002490997314;0.14061644673347473;0.13585875928401947;0.13525931537151337;0.14334294199943542;0.13614915311336517;0.13599611818790436;0.13317370414733887;0.12275157123804092;0.12700004875659943;0.1427791714668274;0.1347721517086029;0.13449157774448395;0.13668572902679443;0.1320144385099411;0.13849210739135742;0.13084696233272552;0.12943971157073975;0.1395721733570099;0.1341804414987564;0.13650751113891602;0.12124406546354294;0.13415661454200745;0.1276465803384781;0.13805359601974487;0.13989481329917908;0.13479231297969818;0.13894617557525635;0.13795599341392517;0.1387234926223755;0.12409497052431107;0.13507671654224396;0.13576973974704742;0.12525896728038788;0.14025649428367615,256,0,0,"{'solver_error': 0, 'short_solution': 0, 'duplicate': 0, 'goal_error': 0, 'invalid_state': 19}",0.019572173357009892,inf,0.9927760943239828,filtered,64,2,4,3,108,1,1,2,1.0,0.0,0.20455200970172882,0.0,1.0,1.0479258866699648e-05,0,1,0,0,0.1164433456925924,0.0,filtered,osqp optimal,0.20307663883026517,0,1,12,predictive_link_4,predictive_link_4,,,0,0,1,solved,osqp,0.0,valid,1.0479258866699648e-05,1.1020647097621512,4.32167129e-20|0.00192323815|0.00140010971|0.00139264568|0.000220875041|0.000220875041,,,,,,,,,,0.009512459044344723,0.002659447956830263,0.0012537199072539806,0.0019079840276390314
129,6.5,-2.0682209771708795,0.5149055123329163,0.06563622504472733,0.18511587381362915,0.30555617809295654,1.0,4,0,0,0,0,0,0,,0,0,,-1,-1,nan,not_applicable,,,nan,0,0.0238948967307806,0.00033341339440084994,0.00032065235427580774,0.20454981923103333,0.20454981923103333,0.0656371878207662,0.06563622504472733,9.627760388791762e-07,0.147852588337874,0.00022176540218603623,0.14784818010728,1.9000499503626904e-05,0.14782917960777636,0.14784818382648757,0,0,disabled,0.0,1,SERVO,direct_path,0,1.020902824937366,4.095793275977485,46,1,1,1,29,1.5099686265474166,0.1395721733570099,8.770709554708135e-05;0.0012075064632565823;0.001002045595193055;0.0004947495639298622;0.0029191319617776225;0.004687752307886327;0.0021986294280441393;0.007081388076490479;0.006361944035854222;0.0036740317157455495;0.006308050633232968;0.0048628460417016435;0.005157864627197516;0.0035083163354709223;0.00297567958352632;0.009165382230222119;0.003680303890197841;0.0028622156503248543;0.00643246594934489;0.002294977627307809;0.006904895741739889;0.00762442890223786;0.003450596360112283;0.0026666093906092506;0.0014808383770206178;0.004465937403331517;0.002204767434314907;0.006962396759292367;0.010301128510928327;0.003675045806114605;0.0033170432572286013;0.0012754373312521333;0.004069275100035187;0.0034737459467406853;0.015448545043067832;0.0029684132122593312;0.0040871303604292225;0.0057764255865132;0.0039005979840348107;0.0023792967281652776;0.0031816265038875045;0.005302191166000053;0.0021886603739246532;0.0018936746264764518;0.0030944249628086337;0.006389424759657725,0.13641145825386047;0.13556939363479614;0.1371055543422699;0.13672222197055817;0.13421006500720978;0.13433951139450073;0.135472372174263;0.14121320843696594;0.12227397412061691;0.13391190767288208;0.13966768980026245;0.14038002490997314;0.14061644673347473;0.13585875928401947;0.13525931537151337;0.14334294199943542;0.13614915311336517;0.13599611818790436;0.13317370414733887;0.12275157123804092;0.12700004875659943;0.1427791714668274;0.1347721517086029;0.13449157774448395;0.13668572902679443;0.1320144385099411;0.13849210739135742;0.13084696233272552;0.12943971157073975;0.1395721733570099;0.1341804414987564;0.13650751113891602;0.12124406546354294;0.13415661454200745;0.1276465803384781;0.13805359601974487;0.13989481329917908;0.13479231297969818;0.13894617557525635;0.13795599341392517;0.1387234926223755;0.12409497052431107;0.13507671654224396;0.13576973974704742;0.12525896728038788;0.14025649428367615,256,0,0,"{'solver_error': 0, 'short_solution': 0, 'duplicate': 0, 'goal_error': 0, 'invalid_state': 19}",0.019572173357009892,inf,0.9927873068877935,filtered,65,2,4,3,109,1,1,2,1.0,0.0,0.20454981923103333,0.0,1.0,1.0315929704476923e-05,0,1,0,0,0.1164433456925924,0.0,filtered,osqp optimal,0.20307747082962269,0,1,12,predictive_link_4,predictive_link_4,,,0,0,1,solved,osqp,0.0,valid,1.0315929704476923e-05,1.1020263495212048,4.29367322e-20|0.00192172567|0.00139907695|0.0013914707|0.000220926657|0.000220926657,,,,,,,,,,0.009163755923509598,0.00297147105447948,0.0012103179469704628,0.0017365219537168741
130,6.550000000000001,-2.068222051784906,0.514905571937561,0.0656353235244751,0.1851138174533844,0.30556097626686096,1.0,4,0,0,0,0,0,0,,0,0,,-1,-1,nan,not_applicable,,,nan,0,0.023878825828433037,0.00032980364630930126,0.0003915813867934048,0.20454765856266022,0.20454765856266022,0.06563622722381879,0.0656353235244751,9.036993436906116e-07,0.1478504197653566,0.0002217494335743505,0.14784601017209253,1.7729322328941996e-05,0.1478282808497636,0.14784601508050976,0,0,disabled,0.0,1,SERVO,direct_path,0,1.020902824937366,4.095793275977485,46,1,1,1,29,1.5099686265474166,0.1395721733570099,8.770709554708135e-05;0.0012075064632565823;0.001002045595193055;0.0004947495639298622;0.0029191319617776225;0.004687752307886327;0.0021986294280441393;0.007081388076490479;0.006361944035854222;0.0036740317157455495;0.006308050633232968;0.0048628460417016435;0.005157864627197516;0.0035083163354709223;0.00297567958352632;0.009165382230222119;0.003680303890197841;0.0028622156503248543;0.00643246594934489;0.002294977627307809;0.006904895741739889;0.00762442890223786;0.003450596360112283;0.0026666093906092506;0.0014808383770206178;0.004465937403331517;0.002204767434314907;0.006962396759292367;0.010301128510928327;0.003675045806114605;0.0033170432572286013;0.0012754373312521333;0.004069275100035187;0.0034737459467406853;0.015448545043067832;0.0029684132122593312;0.0040871303604292225;0.0057764255865132;0.0039005979840348107;0.0023792967281652776;0.0031816265038875045;0.005302191166000053;0.0021886603739246532;0.0018936746264764518;0.0030944249628086337;0.006389424759657725,0.13641145825386047;0.13556939363479614;0.1371055543422699;0.13672222197055817;0.13421006500720978;0.13433951139450073;0.135472372174263;0.14121320843696594;0.12227397412061691;0.13391190767288208;0.13966768980026245;0.14038002490997314;0.14061644673347473;0.13585875928401947;0.13525931537151337;0.14334294199943542;0.13614915311336517;0.13599611818790436;0.13317370414733887;0.12275157123804092;0.12700004875659943;0.1427791714668274;0.1347721517086029;0.13449157774448395;0.13668572902679443;0.1320144385099411;0.13849210739135742;0.13084696233272552;0.12943971157073975;0.1395721733570099;0.1341804414987564;0.13650751113891602;0.12124406546354294;0.13415661454200745;0.1276465803384781;0.13805359601974487;0.13989481329917908;0.13479231297969818;0.13894617557525635;0.13795599341392517;0.1387234926223755;0.12409497052431107;0.13507671654224396;0.13576973974704742;0.12525896728038788;0.14025649428367615,256,0,0,"{'solver_error': 0, 'short_solution': 0, 'duplicate': 0, 'goal_error': 0, 'invalid_state': 19}",0.019572173357009892,inf,0.9928020058539008,filtered,66,2,4,3,110,1,1,2,1.0,0.0,0.20454765856266022,0.0,1.0,1.0207685034693825e-05,0,1,0,0,0.1164433456925924,0.0,filtered,osqp optimal,0.20307792032834965,0,1,12,predictive_link_4,predictive_link_4,,,0,0,1,solved,osqp,0.0,valid,1.0207685034693825e-05,1.1019887497709937,2.68881096e-21|0.00192026635|0.00139817153|0.00139051818|0.000220907743|0.000220907743,,,,,,,,,,0.009131166967563331,0.0025369710056111217,0.0012231250293552876,0.0020238860743120313
131,6.6000000000000005,-2.0682235502503685,0.5149056315422058,0.06563450396060944,0.18511179089546204,0.30556562542915344,1.0,4,0,0,0,0,0,0,,0,0,,-1,-1,nan,not_applicable,,,nan,0,0.023862766101956367,0.00032888789428398013,0.00014049756282474846,0.20454555749893188,0.20454555749893188,0.0656353277762961,0.06563450396060944,8.238156866680058e-07,0.1478483774469569,0.000221756339655242,0.1478439665178413,1.670917480291151e-05,0.1478272573430384,0.14784397609509406,0,0,disabled,0.0,1,SERVO,direct_path,0,1.020902824937366,4.095793275977485,46,1,1,1,29,1.5099686265474166,0.1395721733570099,8.770709554708135e-05;0.0012075064632565823;0.001002045595193055;0.0004947495639298622;0.0029191319617776225;0.004687752307886327;0.0021986294280441393;0.007081388076490479;0.006361944035854222;0.0036740317157455495;0.006308050633232968;0.0048628460417016435;0.005157864627197516;0.0035083163354709223;0.00297567958352632;0.009165382230222119;0.003680303890197841;0.0028622156503248543;0.00643246594934489;0.002294977627307809;0.006904895741739889;0.00762442890223786;0.003450596360112283;0.0026666093906092506;0.0014808383770206178;0.004465937403331517;0.002204767434314907;0.006962396759292367;0.010301128510928327;0.003675045806114605;0.0033170432572286013;0.0012754373312521333;0.004069275100035187;0.0034737459467406853;0.015448545043067832;0.0029684132122593312;0.0040871303604292225;0.0057764255865132;0.0039005979840348107;0.0023792967281652776;0.0031816265038875045;0.005302191166000053;0.0021886603739246532;0.0018936746264764518;0.0030944249628086337;0.006389424759657725,0.13641145825386047;0.13556939363479614;0.1371055543422699;0.13672222197055817;0.13421006500720978;0.13433951139450073;0.135472372174263;0.14121320843696594;0.12227397412061691;0.13391190767288208;0.13966768980026245;0.14038002490997314;0.14061644673347473;0.13585875928401947;0.13525931537151337;0.14334294199943542;0.13614915311336517;0.13599611818790436;0.13317370414733887;0.12275157123804092;0.12700004875659943;0.1427791714668274;0.1347721517086029;0.13449157774448395;0.13668572902679443;0.1320144385099411;0.13849210739135742;0.13084696233272552;0.12943971157073975;0.1395721733570099;0.1341804414987564;0.13650751113891602;0.12124406546354294;0.13415661454200745;0.1276465803384781;0.13805359601974487;0.13989481329917908;0.13479231297969818;0.13894617557525635;0.13795599341392517;0.1387234926223755;0.12409497052431107;0.13507671654224396;0.13576973974704742;0.12525896728038788;0.14025649428367615,256,0,0,"{'solver_error': 0, 'short_solution': 0, 'duplicate': 0, 'goal_error': 0, 'invalid_state': 19}",0.019572173357009892,inf,0.9928146904998165,filtered,67,2,4,3,111,1,1,2,1.0,0.0,0.20454555749893188,0.0,1.0,1.014306857767544e-05,0,1,0,0,0.1164433456925924,0.0,filtered,osqp optimal,0.20307813506722844,0,1,12,predictive_link_4,predictive_link_4,,,0,0,1,solved,osqp,0.0,valid,1.014306857767544e-05,1.101950289928013,2.69201871e-21|0.00191896858|0.00139727192|0.00138946076|0.000220896024|0.000220896024,,,,,,,,,,0.008931211079470813,0.0025980749633163214,0.0014781730715185404,0.0016492820577695966
132,6.65,-2.0682268764403386,0.5149063467979431,0.06563372164964676,0.18510973453521729,0.30557090044021606,1.0,4,0,0,0,0,0,0,,0,0,,-1,-1,nan,not_applicable,,,nan,0,0.023846715688705444,0.0003275311610195786,0.00018818931130226701,0.20454363524913788,0.20454363524913788,0.0656345060068707,0.06563372164964676,7.843572239346619e-07,0.1478465163443772,0.00022170717717855186,0.1478421041416181,1.5707733656664246e-05,0.14782639640796144,0.14784210875083356,0,0,disabled,0.0,1,SERVO,direct_path,0,1.020902824937366,4.095793275977485,46,1,1,1,29,1.5099686265474166,0.1395721733570099,8.770709554708135e-05;0.0012075064632565823;0.001002045595193055;0.0004947495639298622;0.0029191319617776225;0.004687752307886327;0.0021986294280441393;0.007081388076490479;0.006361944035854222;0.0036740317157455495;0.006308050633232968;0.0048628460417016435;0.005157864627197516;0.0035083163354709223;0.00297567958352632;0.009165382230222119;0.003680303890197841;0.0028622156503248543;0.00643246594934489;0.002294977627307809;0.006904895741739889;0.00762442890223786;0.003450596360112283;0.0026666093906092506;0.0014808383770206178;0.004465937403331517;0.002204767434314907;0.006962396759292367;0.010301128510928327;0.003675045806114605;0.0033170432572286013;0.0012754373312521333;0.004069275100035187;0.0034737459467406853;0.015448545043067832;0.0029684132122593312;0.0040871303604292225;0.0057764255865132;0.0039005979840348107;0.0023792967281652776;0.0031816265038875045;0.005302191166000053;0.0021886603739246532;0.0018936746264764518;0.0030944249628086337;0.006389424759657725,0.13641145825386047;0.13556939363479614;0.1371055543422699;0.13672222197055817;0.13421006500720978;0.13433951139450073;0.135472372174263;0.14121320843696594;0.12227397412061691;0.13391190767288208;0.13966768980026245;0.14038002490997314;0.14061644673347473;0.13585875928401947;0.13525931537151337;0.14334294199943542;0.13614915311336517;0.13599611818790436;0.13317370414733887;0.12275157123804092;0.12700004875659943;0.1427791714668274;0.1347721517086029;0.13449157774448395;0.13668572902679443;0.1320144385099411;0.13849210739135742;0.13084696233272552;0.12943971157073975;0.1395721733570099;0.1341804414987564;0.13650751113891602;0.12124406546354294;0.13415661454200745;0.1276465803384781;0.13805359601974487;0.13989481329917908;0.13479231297969818;0.13894617557525635;0.13795599341392517;0.1387234926223755;0.12409497052431107;0.13507671654224396;0.13576973974704742;0.12525896728038788;0.14025649428367615,256,0,0,"{'solver_error': 0, 'short_solution': 0, 'duplicate': 0, 'goal_error': 0, 'invalid_state': 19}",0.019572173357009892,inf,0.9928259383892456,filtered,68,2,4,3,112,1,1,2,1.0,0.0,0.20454363524913788,0.0,1.0,1.006733493340295e-05,0,1,0,0,0.1164433456925924,0.0,filtered,osqp optimal,0.20307861250327294,0,1,12,predictive_link_4,predictive_link_4,,,0,0,1,solved,osqp,0.0,valid,1.006733493340295e-05,1.1019123890641462,0|0.00191770036|0.00139633423|0.00138830948|0.00022089772|0.00022089772,,,,,,,,,,0.009533572010695934,0.002832251018844545,0.0013740630820393562,0.0020274330163374543
133,6.7,-2.068224388014841,0.514905571937561,0.06563298404216766,0.18510779738426208,0.3055749833583832,1.0,4,0,0,0,0,0,0,,0,0,,-1,-1,nan,not_applicable,,,nan,0,0.023830663412809372,0.00032652245135977864,0.0002518177789170295,0.20454168319702148,0.20454168319702148,0.06563371909260747,0.06563298404216766,7.350504398068169e-07,0.1478447400152194,0.00022171053220052322,0.14784032663381075,1.4721134576289952e-05,0.14782560549923446,0.14784032087406537,0,0,disabled,0.0,1,SERVO,direct_path,0,1.020902824937366,4.095793275977485,46,1,1,1,29,1.5099686265474166,0.1395721733570099,8.770709554708135e-05;0.0012075064632565823;0.001002045595193055;0.0004947495639298622;0.0029191319617776225;0.004687752307886327;0.0021986294280441393;0.007081388076490479;0.006361944035854222;0.0036740317157455495;0.006308050633232968;0.0048628460417016435;0.005157864627197516;0.0035083163354709223;0.00297567958352632;0.009165382230222119;0.003680303890197841;0.0028622156503248543;0.00643246594934489;0.002294977627307809;0.006904895741739889;0.00762442890223786;0.003450596360112283;0.0026666093906092506;0.0014808383770206178;0.004465937403331517;0.002204767434314907;0.006962396759292367;0.010301128510928327;0.003675045806114605;0.0033170432572286013;0.0012754373312521333;0.004069275100035187;0.0034737459467406853;0.015448545043067832;0.0029684132122593312;0.0040871303604292225;0.0057764255865132;0.0039005979840348107;0.0023792967281652776;0.0031816265038875045;0.005302191166000053;0.0021886603739246532;0.0018936746264764518;0.0030944249628086337;0.006389424759657725,0.13641145825386047;0.13556939363479614;0.1371055543422699;0.13672222197055817;0.13421006500720978;0.13433951139450073;0.135472372174263;0.14121320843696594;0.12227397412061691;0.13391190767288208;0.13966768980026245;0.14038002490997314;0.14061644673347473;0.13585875928401947;0.13525931537151337;0.14334294199943542;0.13614915311336517;0.13599611818790436;0.13317370414733887;0.12275157123804092;0.12700004875659943;0.1427791714668274;0.1347721517086029;0.13449157774448395;0.13668572902679443;0.1320144385099411;0.13849210739135742;0.13084696233272552;0.12943971157073975;0.1395721733570099;0.1341804414987564;0.13650751113891602;0.12124406546354294;0.13415661454200745;0.1276465803384781;0.13805359601974487;0.13989481329917908;0.13479231297969818;0.13894617557525635;0.13795599341392517;0.1387234926223755;0.12409497052431107;0.13507671654224396;0.13576973974704742;0.12525896728038788;0.14025649428367615,256,0,0,"{'solver_error': 0, 'short_solution': 0, 'duplicate': 0, 'goal_error': 0, 'invalid_state': 19}",0.019572173357009892,inf,0.9928376028709937,filtered,69,2,4,3,113,1,1,2,1.0,0.0,0.20454168319702148,0.0,1.0,9.974470275189717e-06,0,1,0,0,0.1164433456925924,0.0,filtered,osqp optimal,0.203079184655931,0,1,12,predictive_link_4,predictive_link_4,,,0,0,1,solved,osqp,0.0,valid,9.974470275189717e-06,1.1018739437468719,0|0.00191650647|0.00139543093|0.00138718294|0.000220860909|0.000220860909,,,,,,,,,,0.009032096946612,0.0029116160003468394,0.001293109031394124,0.0015973139088600874
134,6.75,-2.0682302222634856,0.5149069428443909,0.06563227623701096,0.18510571122169495,0.3055807054042816,1.0,4,0,0,0,0,0,0,,0,0,,-1,-1,nan,not_applicable,,,nan,0,0.023814629763364792,0.0003261926176492125,0.0003893586981575936,0.2045399397611618,0.2045399397611618,0.06563298560094767,0.06563227623701096,7.093639367156124e-07,0.14784307252618395,0.0002216936250958612,0.14783865792624684,1.4389268355264695e-05,0.14782426865789158,0.1478386614374074,0,0,disabled,0.0,1,SERVO,direct_path,0,1.020902824937366,4.095793275977485,46,1,1,1,29,1.5099686265474166,0.1395721733570099,8.770709554708135e-05;0.0012075064632565823;0.001002045595193055;0.0004947495639298622;0.0029191319617776225;0.004687752307886327;0.0021986294280441393;0.007081388076490479;0.006361944035854222;0.0036740317157455495;0.006308050633232968;0.0048628460417016435;0.005157864627197516;0.0035083163354709223;0.00297567958352632;0.009165382230222119;0.003680303890197841;0.0028622156503248543;0.00643246594934489;0.002294977627307809;0.006904895741739889;0.00762442890223786;0.003450596360112283;0.0026666093906092506;0.0014808383770206178;0.004465937403331517;0.002204767434314907;0.006962396759292367;0.010301128510928327;0.003675045806114605;0.0033170432572286013;0.0012754373312521333;0.004069275100035187;0.0034737459467406853;0.015448545043067832;0.0029684132122593312;0.0040871303604292225;0.0057764255865132;0.0039005979840348107;0.0023792967281652776;0.0031816265038875045;0.005302191166000053;0.0021886603739246532;0.0018936746264764518;0.0030944249628086337;0.006389424759657725,0.13641145825386047;0.13556939363479614;0.1371055543422699;0.13672222197055817;0.13421006500720978;0.13433951139450073;0.135472372174263;0.14121320843696594;0.12227397412061691;0.13391190767288208;0.13966768980026245;0.14038002490997314;0.14061644673347473;0.13585875928401947;0.13525931537151337;0.14334294199943542;0.13614915311336517;0.13599611818790436;0.13317370414733887;0.12275157123804092;0.12700004875659943;0.1427791714668274;0.1347721517086029;0.13449157774448395;0.13668572902679443;0.1320144385099411;0.13849210739135742;0.13084696233272552;0.12943971157073975;0.1395721733570099;0.1341804414987564;0.13650751113891602;0.12124406546354294;0.13415661454200745;0.1276465803384781;0.13805359601974487;0.13989481329917908;0.13479231297969818;0.13894617557525635;0.13795599341392517;0.1387234926223755;0.12409497052431107;0.13507671654224396;0.13576973974704742;0.12525896728038788;0.14025649428367615,256,0,0,"{'solver_error': 0, 'short_solution': 0, 'duplicate': 0, 'goal_error': 0, 'invalid_state': 19}",0.019572173357009892,inf,0.9928498753005677,filtered,70,2,4,3,114,1,1,2,1.0,0.0,0.2045399397611618,0.0,1.0,1.001786202924071e-05,0,1,0,0,0.1164433456925924,0.0,filtered,osqp optimal,0.2030790130354817,0,1,12,predictive_link_4,predictive_link_4,,,0,0,1,solved,osqp,0.0,valid,1.001786202924071e-05,1.1018350935813386,2.69762056e-21|0.00191544798|0.00139462661|0.00138612383|0.000220863337|0.000220863337,,,,,,,,,,0.009536886005662382,0.0027974890545010567,0.0013653950300067663,0.0019332240335643291
135,6.800000000000001,-2.068225300578409,0.5149054527282715,0.06563163548707962,0.18510380387306213,0.3055844008922577,1.0,4,0,0,0,0,0,0,,0,0,,-1,-1,nan,not_applicable,,,nan,0,0.023798590525984764,0.00032663464662618935,0.0006777067901566625,0.20453815162181854,0.20453815162181854,0.06563227822854925,0.06563163548707962,6.427414696308364e-07,0.1478414656414939,0.0002216273517316679,0.14783704992402197,1.2981457130545587e-05,0.14782406846689142,0.14783705440997252,0,0,disabled,0.0,1,SERVO,direct_path,0,1.020902824937366,4.095793275977485,46,1,1,1,29,1.5099686265474166,0.1395721733570099,8.770709554708135e-05;0.0012075064632565823;0.001002045595193055;0.0004947495639298622;0.0029191319617776225;0.004687752307886327;0.0021986294280441393;0.007081388076490479;0.006361944035854222;0.0036740317157455495;0.006308050633232968;0.0048628460417016435;0.005157864627197516;0.0035083163354709223;0.00297567958352632;0.009165382230222119;0.003680303890197841;0.0028622156503248543;0.00643246594934489;0.002294977627307809;0.006904895741739889;0.00762442890223786;0.003450596360112283;0.0026666093906092506;0.0014808383770206178;0.004465937403331517;0.002204767434314907;0.006962396759292367;0.010301128510928327;0.003675045806114605;0.0033170432572286013;0.0012754373312521333;0.004069275100035187;0.0034737459467406853;0.015448545043067832;0.0029684132122593312;0.0040871303604292225;0.0057764255865132;0.0039005979840348107;0.0023792967281652776;0.0031816265038875045;0.005302191166000053;0.0021886603739246532;0.0018936746264764518;0.0030944249628086337;0.006389424759657725,0.13641145825386047;0.13556939363479614;0.1371055543422699;0.13672222197055817;0.13421006500720978;0.13433951139450073;0.135472372174263;0.14121320843696594;0.12227397412061691;0.13391190767288208;0.13966768980026245;0.14038002490997314;0.14061644673347473;0.13585875928401947;0.13525931537151337;0.14334294199943542;0.13614915311336517;0.13599611818790436;0.13317370414733887;0.12275157123804092;0.12700004875659943;0.1427791714668274;0.1347721517086029;0.13449157774448395;0.13668572902679443;0.1320144385099411;0.13849210739135742;0.13084696233272552;0.12943971157073975;0.1395721733570099;0.1341804414987564;0.13650751113891602;0.12124406546354294;0.13415661454200745;0.1276465803384781;0.13805359601974487;0.13989481329917908;0.13479231297969818;0.13894617557525635;0.13795599341392517;0.1387234926223755;0.12409497052431107;0.13507671654224396;0.13576973974704742;0.12525896728038788;0.14025649428367615,256,0,0,"{'solver_error': 0, 'short_solution': 0, 'duplicate': 0, 'goal_error': 0, 'invalid_state': 19}",0.019572173357009892,inf,0.9928574989931747,filtered,71,2,4,3,115,1,1,2,1.0,0.0,0.20453815162181854,0.0,1.0,9.830525524931466e-06,0,1,0,0,0.1164433456925924,0.0,filtered,osqp optimal,0.2030803826484487,0,1,12,predictive_link_4,predictive_link_4,,,0,0,1,solved,osqp,0.0,valid,9.830525524931466e-06,1.101796985074735,2.69640867e-21|0.00191431956|0.0013936121|0.00138474034|0.000220837663|0.000220837663,,,,,,,,,,0.01144444989040494,0.004360363003797829,0.001232137088663876,0.001710847020149231
136,6.8500000000000005,-2.0682310254012823,0.5149070620536804,0.0656309649348259,0.18510177731513977,0.30559003353118896,1.0,4,0,0,0,0,0,0,,0,0,,-1,-1,nan,not_applicable,,,nan,0,0.023782579228281975,0.00032519252272322774,0.0009422770817764103,0.20453649759292603,0.20453649759292603,0.06563163200004057,0.0656309649348259,6.670652146767431e-07,0.14783999740529152,0.0002216368036384222,0.14783558059825544,1.3322656703206954e-05,0.14782225794155224,0.1478355727436829,0,0,disabled,0.0,1,SERVO,direct_path,0,1.020902824937366,4.095793275977485,46,1,1,1,29,1.5099686265474166,0.1395721733570099,8.770709554708135e-05;0.0012075064632565823;0.001002045595193055;0.0004947495639298622;0.0029191319617776225;0.004687752307886327;0.0021986294280441393;0.007081388076490479;0.006361944035854222;0.0036740317157455495;0.006308050633232968;0.0048628460417016435;0.005157864627197516;0.0035083163354709223;0.00297567958352632;0.009165382230222119;0.003680303890197841;0.0028622156503248543;0.00643246594934489;0.002294977627307809;0.006904895741739889;0.00762442890223786;0.003450596360112283;0.0026666093906092506;0.0014808383770206178;0.004465937403331517;0.002204767434314907;0.006962396759292367;0.010301128510928327;0.003675045806114605;0.0033170432572286013;0.0012754373312521333;0.004069275100035187;0.0034737459467406853;0.015448545043067832;0.0029684132122593312;0.0040871303604292225;0.0057764255865132;0.0039005979840348107;0.0023792967281652776;0.0031816265038875045;0.005302191166000053;0.0021886603739246532;0.0018936746264764518;0.0030944249628086337;0.006389424759657725,0.13641145825386047;0.13556939363479614;0.1371055543422699;0.13672222197055817;0.13421006500720978;0.13433951139450073;0.135472372174263;0.14121320843696594;0.12227397412061691;0.13391190767288208;0.13966768980026245;0.14038002490997314;0.14061644673347473;0.13585875928401947;0.13525931537151337;0.14334294199943542;0.13614915311336517;0.13599611818790436;0.13317370414733887;0.12275157123804092;0.12700004875659943;0.1427791714668274;0.1347721517086029;0.13449157774448395;0.13668572902679443;0.1320144385099411;0.13849210739135742;0.13084696233272552;0.12943971157073975;0.1395721733570099;0.1341804414987564;0.13650751113891602;0.12124406546354294;0.13415661454200745;0.1276465803384781;0.13805359601974487;0.13989481329917908;0.13479231297969818;0.13894617557525635;0.13795599341392517;0.1387234926223755;0.12409497052431107;0.13507671654224396;0.13576973974704742;0.12525896728038788;0.14025649428367615,256,0,0,"{'solver_error': 0, 'short_solution': 0, 'duplicate': 0, 'goal_error': 0, 'invalid_state': 19}",0.019572173357009892,inf,0.9928728750024827,filtered,72,2,4,3,116,1,1,2,1.0,0.0,0.20453649759292603,0.0,1.0,9.979453986438958e-06,0,1,0,0,0.1164433456925924,0.0,filtered,osqp optimal,0.20307955147410203,0,1,12,predictive_link_4,predictive_link_4,,,0,0,1,solved,osqp,0.0,valid,9.979453986438958e-06,1.1017579986285804,2.69986905e-21|0.00191332268|0.00139293737|0.00138389294|0.000220807027|0.000220807027,,,,,,,,,,0.010954650933854282,0.003374323947355151,0.001528774038888514,0.0017524979775771499
137,6.9,-2.068227918495744,0.5149059891700745,0.06563036888837814,0.18509981036186218,0.3055943250656128,1.0,4,0,0,0,0,0,0,,0,0,,-1,-1,nan,not_applicable,,,nan,0,0.023766538128256798,0.0003264427068643272,0.0010253479704260826,0.20453466475009918,0.20453466475009918,0.06563096132503472,0.06563036888837814,5.92436656579598e-07,0.14783847907243183,0.00022160580496681861,0.14783406129734955,1.1961945719489373e-05,0.14782209935163007,0.14783405316627773,0,0,disabled,0.0,1,SERVO,direct_path,0,1.020902824937366,4.095793275977485,46,1,1,1,29,1.5099686265474166,0.1395721733570099,8.770709554708135e-05;0.0012075064632565823;0.001002045595193055;0.0004947495639298622;0.0029191319617776225;0.004687752307886327;0.0021986294280441393;0.007081388076490479;0.006361944035854222;0.0036740317157455495;0.006308050633232968;0.0048628460417016435;0.005157864627197516;0.0035083163354709223;0.00297567958352632;0.009165382230222119;0.003680303890197841;0.0028622156503248543;0.00643246594934489;0.002294977627307809;0.006904895741739889;0.00762442890223786;0.003450596360112283;0.0026666093906092506;0.0014808383770206178;0.004465937403331517;0.002204767434314907;0.006962396759292367;0.010301128510928327;0.003675045806114605;0.0033170432572286013;0.0012754373312521333;0.004069275100035187;0.0034737459467406853;0.015448545043067832;0.0029684132122593312;0.0040871303604292225;0.0057764255865132;0.0039005979840348107;0.0023792967281652776;0.0031816265038875045;0.005302191166000053;0.0021886603739246532;0.0018936746264764518;0.0030944249628086337;0.006389424759657725,0.13641145825386047;0.13556939363479614;0.1371055543422699;0.13672222197055817;0.13421006500720978;0.13433951139450073;0.135472372174263;0.14121320843696594;0.12227397412061691;0.13391190767288208;0.13966768980026245;0.14038002490997314;0.14061644673347473;0.13585875928401947;0.13525931537151337;0.14334294199943542;0.13614915311336517;0.13599611818790436;0.13317370414733887;0.12275157123804092;0.12700004875659943;0.1427791714668274;0.1347721517086029;0.13449157774448395;0.13668572902679443;0.1320144385099411;0.13849210739135742;0.13084696233272552;0.12943971157073975;0.1395721733570099;0.1341804414987564;0.13650751113891602;0.12124406546354294;0.13415661454200745;0.1276465803384781;0.13805359601974487;0.13989481329917908;0.13479231297969818;0.13894617557525635;0.13795599341392517;0.1387234926223755;0.12409497052431107;0.13507671654224396;0.13576973974704742;0.12525896728038788;0.14025649428367615,256,0,0,"{'solver_error': 0, 'short_solution': 0, 'duplicate': 0, 'goal_error': 0, 'invalid_state': 19}",0.019572173357009892,inf,0.9928768403880482,filtered,73,2,4,3,117,1,1,2,1.0,0.0,0.20453466475009918,0.0,1.0,9.772272542632465e-06,0,1,0,0,0.1164433456925924,0.0,filtered,osqp optimal,0.2030810273355859,0,1,12,predictive_link_4,predictive_link_4,,,0,0,1,solved,osqp,0.0,valid,9.772272542632465e-06,1.1017196979271604,1.34776661e-21|0.00191233795|0.00139186277|0.00138228847|0.000220769566|0.000220769566,,,,,,,,,,0.01072081399615854,0.003371531027369201,0.0012620260240510106,0.0017431570449844003
138,6.95,-2.0682308277487365,0.5149068236351013,0.0656297579407692,0.1850978136062622,0.30559951066970825,1.0,4,0,0,0,0,0,0,,0,0,,-1,-1,nan,not_applicable,,,nan,0,0.02375052496790886,0.0003250298323109746,0.0009783634450286627,0.20453310012817383,0.20453310012817383,0.06563036936961263,0.0656297579407692,6.114288434305726e-07,0.147837126735239,0.0002216279972382643,0.1478327079213452,1.2308959106897245e-05,0.1478203989622383,0.14783270900532808,0,0,disabled,0.0,1,SERVO,direct_path,0,1.020902824937366,4.095793275977485,46,1,1,1,29,1.5099686265474166,0.1395721733570099,8.770709554708135e-05;0.0012075064632565823;0.001002045595193055;0.0004947495639298622;0.0029191319617776225;0.004687752307886327;0.0021986294280441393;0.007081388076490479;0.006361944035854222;0.0036740317157455495;0.006308050633232968;0.0048628460417016435;0.005157864627197516;0.0035083163354709223;0.00297567958352632;0.009165382230222119;0.003680303890197841;0.0028622156503248543;0.00643246594934489;0.002294977627307809;0.006904895741739889;0.00762442890223786;0.003450596360112283;0.0026666093906092506;0.0014808383770206178;0.004465937403331517;0.002204767434314907;0.006962396759292367;0.010301128510928327;0.003675045806114605;0.0033170432572286013;0.0012754373312521333;0.004069275100035187;0.0034737459467406853;0.015448545043067832;0.0029684132122593312;0.0040871303604292225;0.0057764255865132;0.0039005979840348107;0.0023792967281652776;0.0031816265038875045;0.005302191166000053;0.0021886603739246532;0.0018936746264764518;0.0030944249628086337;0.006389424759657725,0.13641145825386047;0.13556939363479614;0.1371055543422699;0.13672222197055817;0.13421006500720978;0.13433951139450073;0.135472372174263;0.14121320843696594;0.12227397412061691;0.13391190767288208;0.13966768980026245;0.14038002490997314;0.14061644673347473;0.13585875928401947;0.13525931537151337;0.14334294199943542;0.13614915311336517;0.13599611818790436;0.13317370414733887;0.12275157123804092;0.12700004875659943;0.1427791714668274;0.1347721517086029;0.13449157774448395;0.13668572902679443;0.1320144385099411;0.13849210739135742;0.13084696233272552;0.12943971157073975;0.1395721733570099;0.1341804414987564;0.13650751113891602;0.12124406546354294;0.13415661454200745;0.1276465803384781;0.13805359601974487;0.13989481329917908;0.13479231297969818;0.13894617557525635;0.13795599341392517;0.1387234926223755;0.12409497052431107;0.13507671654224396;0.13576973974704742;0.12525896728038788;0.14025649428367615,256,0,0,"{'solver_error': 0, 'short_solution': 0, 'duplicate': 0, 'goal_error': 0, 'invalid_state': 19}",0.019572173357009892,inf,0.992892953298213,filtered,74,2,4,3,118,1,1,2,1.0,0.0,0.20453310012817383,0.0,1.0,9.912028883438118e-06,0,1,0,0,0.1164433456925924,0.0,filtered,osqp optimal,0.2030803517867007,0,1,12,predictive_link_4,predictive_link_4,,,0,0,1,solved,osqp,0.0,valid,9.912028883438118e-06,1.1016803545664307,0|0.00191153881|0.00139132314|0.00138152601|0.000220784717|0.000220784717,,,,,,,,,,0.009966584970243275,0.0029991570627316833,0.0012674879981204867,0.0019553269958123565
139,7.0,-2.0682270898755726,0.5149056911468506,0.06562919914722443,0.18509593605995178,0.30560338497161865,1.0,4,0,0,0,0,0,0,,0,0,,-1,-1,nan,not_applicable,,,nan,0,0.02373451367020607,0.0003250239824410528,0.0007810444803908467,0.20453141629695892,0.20453141629695892,0.06562976167943776,0.06562919914722443,5.625322133384625e-07,0.14783575503643506,0.00022158409147236038,0.14783133526050654,1.1352410547574565e-05,0.14781998284995895,0.1478313436818749,0,0,disabled,0.0,1,SERVO,direct_path,0,1.020902824937366,4.095793275977485,46,1,1,1,29,1.5099686265474166,0.1395721733570099,8.770709554708135e-05;0.0012075064632565823;0.001002045595193055;0.0004947495639298622;0.0029191319617776225;0.004687752307886327;0.0021986294280441393;0.007081388076490479;0.006361944035854222;0.0036740317157455495;0.006308050633232968;0.0048628460417016435;0.005157864627197516;0.0035083163354709223;0.00297567958352632;0.009165382230222119;0.003680303890197841;0.0028622156503248543;0.00643246594934489;0.002294977627307809;0.006904895741739889;0.00762442890223786;0.003450596360112283;0.0026666093906092506;0.0014808383770206178;0.004465937403331517;0.002204767434314907;0.006962396759292367;0.010301128510928327;0.003675045806114605;0.0033170432572286013;0.0012754373312521333;0.004069275100035187;0.0034737459467406853;0.015448545043067832;0.0029684132122593312;0.0040871303604292225;0.0057764255865132;0.0039005979840348107;0.0023792967281652776;0.0031816265038875045;0.005302191166000053;0.0021886603739246532;0.0018936746264764518;0.0030944249628086337;0.006389424759657725,0.13641145825386047;0.13556939363479614;0.1371055543422699;0.13672222197055817;0.13421006500720978;0.13433951139450073;0.135472372174263;0.14121320843696594;0.12227397412061691;0.13391190767288208;0.13966768980026245;0.14038002490997314;0.14061644673347473;0.13585875928401947;0.13525931537151337;0.14334294199943542;0.13614915311336517;0.13599611818790436;0.13317370414733887;0.12275157123804092;0.12700004875659943;0.1427791714668274;0.1347721517086029;0.13449157774448395;0.13668572902679443;0.1320144385099411;0.13849210739135742;0.13084696233272552;0.12943971157073975;0.1395721733570099;0.1341804414987564;0.13650751113891602;0.12124406546354294;0.13415661454200745;0.1276465803384781;0.13805359601974487;0.13989481329917908;0.13479231297969818;0.13894617557525635;0.13795599341392517;0.1387234926223755;0.12409497052431107;0.13507671654224396;0.13576973974704742;0.12525896728038788;0.14025649428367615,256,0,0,"{'solver_error': 0, 'short_solution': 0, 'duplicate': 0, 'goal_error': 0, 'invalid_state': 19}",0.019572173357009892,inf,0.9928972457731158,filtered,75,2,4,3,119,1,1,2,1.0,0.0,0.20453141629695892,0.0,1.0,9.780437454628976e-06,0,1,0,0,0.1164433456925924,0.0,filtered,osqp optimal,0.20308144584744267,0,1,12,predictive_link_4,predictive_link_4,,,0,0,1,solved,osqp,0.0,valid,9.780437454628976e-06,1.101641079355637,2.5417765e-20|0.00191062176|0.00139029902|0.00137995639|0.000220766788|0.000220766788,,,,,,,,,,0.009830137947574258,0.0031370960641652346,0.0012967630755156279,0.0019627490546554327
140,7.050000000000001,-2.0682322570303233,0.5149071216583252,0.06562861800193787,0.18509387969970703,0.30560919642448425,1.0,4,0,0,0,0,0,0,,0,0,,-1,-1,nan,not_applicable,,,nan,0,0.023718539625406265,0.00032391559216193855,0.0007234805962070823,0.20452992618083954,0.20452992618083954,0.06562919872086347,0.06562861800193787,5.807189255996326e-07,0.1478344751301858,0.0002214994111418123,0.14783005434741509,1.1653941138334898e-05,0.14781840040627675,0.1478300533870352,0,0,disabled,0.0,1,SERVO,direct_path,0,1.020902824937366,4.095793275977485,46,1,1,1,29,1.5099686265474166,0.1395721733570099,8.770709554708135e-05;0.0012075064632565823;0.001002045595193055;0.0004947495639298622;0.0029191319617776225;0.004687752307886327;0.0021986294280441393;0.007081388076490479;0.006361944035854222;0.0036740317157455495;0.006308050633232968;0.0048628460417016435;0.005157864627197516;0.0035083163354709223;0.00297567958352632;0.009165382230222119;0.003680303890197841;0.0028622156503248543;0.00643246594934489;0.002294977627307809;0.006904895741739889;0.00762442890223786;0.003450596360112283;0.0026666093906092506;0.0014808383770206178;0.004465937403331517;0.002204767434314907;0.006962396759292367;0.010301128510928327;0.003675045806114605;0.0033170432572286013;0.0012754373312521333;0.004069275100035187;0.0034737459467406853;0.015448545043067832;0.0029684132122593312;0.0040871303604292225;0.0057764255865132;0.0039005979840348107;0.0023792967281652776;0.0031816265038875045;0.005302191166000053;0.0021886603739246532;0.0018936746264764518;0.0030944249628086337;0.006389424759657725,0.13641145825386047;0.13556939363479614;0.1371055543422699;0.13672222197055817;0.13421006500720978;0.13433951139450073;0.135472372174263;0.14121320843696594;0.12227397412061691;0.13391190767288208;0.13966768980026245;0.14038002490997314;0.14061644673347473;0.13585875928401947;0.13525931537151337;0.14334294199943542;0.13614915311336517;0.13599611818790436;0.13317370414733887;0.12275157123804092;0.12700004875659943;0.1427791714668274;0.1347721517086029;0.13449157774448395;0.13668572902679443;0.1320144385099411;0.13849210739135742;0.13084696233272552;0.12943971157073975;0.1395721733570099;0.1341804414987564;0.13650751113891602;0.12124406546354294;0.13415661454200745;0.1276465803384781;0.13805359601974487;0.13989481329917908;0.13479231297969818;0.13894617557525635;0.13795599341392517;0.1387234926223755;0.12409497052431107;0.13507671654224396;0.13576973974704742;0.12525896728038788;0.14025649428367615,256,0,0,"{'solver_error': 0, 'short_solution': 0, 'duplicate': 0, 'goal_error': 0, 'invalid_state': 19}",0.019572173357009892,inf,0.9929107690360338,filtered,76,2,4,3,120,1,1,2,1.0,0.0,0.20452992618083954,0.0,1.0,9.904677082853142e-06,0,1,0,0,0.1164433456925924,0.0,filtered,osqp optimal,0.2030809263372588,0,1,12,predictive_link_4,predictive_link_4,,,0,0,1,solved,osqp,0.0,valid,9.904677082853142e-06,1.1016022238779968,4.34648933e-20|0.00190982976|0.00138966527|0.00137902068|0.00022076111|0.00022076111,,,,,,,,,,0.010534232947975397,0.0028848700458183885,0.0015357640804722905,0.0021481700241565704
141,7.1000000000000005,-2.0682276419471806,0.5149058699607849,0.0656280666589737,0.18509194254875183,0.3056131899356842,1.0,4,0,0,0,0,0,0,,0,0,,-1,-1,nan,not_applicable,,,nan,0,0.023702524602413177,0.0003256766649428755,0.0008679073071107268,0.20452813804149628,0.20452813804149628,0.06562861900487116,0.0656280666589737,5.523458974643347e-07,0.1478331566049646,0.00022145543524460743,0.1478287349842514,1.068174264832994e-05,0.14781805324160308,0.14782873724336282,0,0,disabled,0.0,1,SERVO,direct_path,0,1.020902824937366,4.095793275977485,46,1,1,1,29,1.5099686265474166,0.1395721733570099,8.770709554708135e-05;0.0012075064632565823;0.001002045595193055;0.0004947495639298622;0.0029191319617776225;0.004687752307886327;0.0021986294280441393;0.007081388076490479;0.006361944035854222;0.0036740317157455495;0.006308050633232968;0.0048628460417016435;0.005157864627197516;0.0035083163354709223;0.00297567958352632;0.009165382230222119;0.003680303890197841;0.0028622156503248543;0.00643246594934489;0.002294977627307809;0.006904895741739889;0.00762442890223786;0.003450596360112283;0.0026666093906092506;0.0014808383770206178;0.004465937403331517;0.002204767434314907;0.006962396759292367;0.010301128510928327;0.003675045806114605;0.0033170432572286013;0.0012754373312521333;0.004069275100035187;0.0034737459467406853;0.015448545043067832;0.0029684132122593312;0.0040871303604292225;0.0057764255865132;0.0039005979840348107;0.0023792967281652776;0.0031816265038875045;0.005302191166000053;0.0021886603739246532;0.0018936746264764518;0.0030944249628086337;0.006389424759657725,0.13641145825386047;0.13556939363479614;0.1371055543422699;0.13672222197055817;0.13421006500720978;0.13433951139450073;0.135472372174263;0.14121320843696594;0.12227397412061691;0.13391190767288208;0.13966768980026245;0.14038002490997314;0.14061644673347473;0.13585875928401947;0.13525931537151337;0.14334294199943542;0.13614915311336517;0.13599611818790436;0.13317370414733887;0.12275157123804092;0.12700004875659943;0.1427791714668274;0.1347721517086029;0.13449157774448395;0.13668572902679443;0.1320144385099411;0.13849210739135742;0.13084696233272552;0.12943971157073975;0.1395721733570099;0.1341804414987564;0.13650751113891602;0.12124406546354294;0.13415661454200745;0.1276465803384781;0.13805359601974487;0.13989481329917908;0.13479231297969818;0.13894617557525635;0.13795599341392517;0.1387234926223755;0.12409497052431107;0.13507671654224396;0.13576973974704742;0.12525896728038788;0.14025649428367615,256,0,0,"{'solver_error': 0, 'short_solution': 0, 'duplicate': 0, 'goal_error': 0, 'invalid_state': 19}",0.019572173357009892,inf,0.9929154629318178,filtered,77,2,4,3,121,1,1,2,1.0,0.0,0.20452813804149628,0.0,1.0,9.74770706595185e-06,0,1,0,0,0.1164433456925924,0.0,filtered,osqp optimal,0.20308210592679632,0,1,12,predictive_link_4,predictive_link_4,,,0,0,1,solved,osqp,0.0,valid,9.74770706595185e-06,1.1015630642530756,1.34562293e-21|0.00190892271|0.00138863885|0.00137746939|0.000220658464|0.000220658464,,,,,,,,,,0.010293464991264045,0.0030128919752314687,0.0012467850465327501,0.0016723009757697582
142,7.15,-2.0682304256644124,0.5149064660072327,0.06562754511833191,0.18508997559547424,0.3056182265281677,1.0,4,0,0,0,0,0,0,,0,0,,-1,-1,nan,not_applicable,,,nan,0,0.023686543107032776,0.0003242917009629309,0.0008289571851491928,0.20452658832073212,0.20452658832073212,0.06562806744186554,0.06562754511833191,5.223235336332399e-07,0.14783190488218395,0.00022144435740390132,0.14782748234611465,1.1125308075160476e-05,0.1478163570380395,0.14782748410958166,0,0,disabled,0.0,1,SERVO,direct_path,0,1.020902824937366,4.095793275977485,46,1,1,1,29,1.5099686265474166,0.1395721733570099,8.770709554708135e-05;0.0012075064632565823;0.001002045595193055;0.0004947495639298622;0.0029191319617776225;0.004687752307886327;0.0021986294280441393;0.007081388076490479;0.006361944035854222;0.0036740317157455495;0.006308050633232968;0.0048628460417016435;0.005157864627197516;0.0035083163354709223;0.00297567958352632;0.009165382230222119;0.003680303890197841;0.0028622156503248543;0.00643246594934489;0.002294977627307809;0.006904895741739889;0.00762442890223786;0.003450596360112283;0.0026666093906092506;0.0014808383770206178;0.004465937403331517;0.002204767434314907;0.006962396759292367;0.010301128510928327;0.003675045806114605;0.0033170432572286013;0.0012754373312521333;0.004069275100035187;0.0034737459467406853;0.015448545043067832;0.0029684132122593312;0.0040871303604292225;0.0057764255865132;0.0039005979840348107;0.0023792967281652776;0.0031816265038875045;0.005302191166000053;0.0021886603739246532;0.0018936746264764518;0.0030944249628086337;0.006389424759657725,0.13641145825386047;0.13556939363479614;0.1371055543422699;0.13672222197055817;0.13421006500720978;0.13433951139450073;0.135472372174263;0.14121320843696594;0.12227397412061691;0.13391190767288208;0.13966768980026245;0.14038002490997314;0.14061644673347473;0.13585875928401947;0.13525931537151337;0.14334294199943542;0.13614915311336517;0.13599611818790436;0.13317370414733887;0.12275157123804092;0.12700004875659943;0.1427791714668274;0.1347721517086029;0.13449157774448395;0.13668572902679443;0.1320144385099411;0.13849210739135742;0.13084696233272552;0.12943971157073975;0.1395721733570099;0.1341804414987564;0.13650751113891602;0.12124406546354294;0.13415661454200745;0.1276465803384781;0.13805359601974487;0.13989481329917908;0.13479231297969818;0.13894617557525635;0.13795599341392517;0.1387234926223755;0.12409497052431107;0.13507671654224396;0.13576973974704742;0.12525896728038788;0.14025649428367615,256,0,0,"{'solver_error': 0, 'short_solution': 0, 'duplicate': 0, 'goal_error': 0, 'invalid_state': 19}",0.019572173357009892,inf,0.9929299111186033,filtered,78,2,4,3,122,1,1,2,1.0,0.0,0.20452658832073212,0.0,1.0,9.882595649393644e-06,0,1,0,0,0.1164433456925924,0.0,filtered,osqp optimal,0.20308144795750718,0,1,12,predictive_link_4,predictive_link_4,,,0,0,1,solved,osqp,0.0,valid,9.882595649393644e-06,1.1015238901600057,2.69250319e-21|0.00190825871|0.00138809542|0.00137660619|0.000220642131|0.000220642131,,,,,,,,,,0.009831905015744269,0.003070423030294478,0.0013887109234929085,0.0018211749847978354
143,7.2,-2.068231004010959,0.514906644821167,0.06562702357769012,0.18508797883987427,0.30562323331832886,1.0,4,0,0,0,0,0,0,,0,0,,-1,-1,nan,not_applicable,,,nan,0,0.023670556023716927,0.0003241868980694562,0.0005760819767601788,0.20452499389648438,0.20452499389648438,0.06562754302207525,0.06562702357769012,5.194443851302966e-07,0.14783070698211154,0.00022135274407492967,0.14782628355907487,1.0547684511040088e-05,0.14781573587456384,0.14782627883724916,0,0,disabled,0.0,1,SERVO,direct_path,0,1.020902824937366,4.095793275977485,46,1,1,1,29,1.5099686265474166,0.1395721733570099,8.770709554708135e-05;0.0012075064632565823;0.001002045595193055;0.0004947495639298622;0.0029191319617776225;0.004687752307886327;0.0021986294280441393;0.007081388076490479;0.006361944035854222;0.0036740317157455495;0.006308050633232968;0.0048628460417016435;0.005157864627197516;0.0035083163354709223;0.00297567958352632;0.009165382230222119;0.003680303890197841;0.0028622156503248543;0.00643246594934489;0.002294977627307809;0.006904895741739889;0.00762442890223786;0.003450596360112283;0.0026666093906092506;0.0014808383770206178;0.004465937403331517;0.002204767434314907;0.006962396759292367;0.010301128510928327;0.003675045806114605;0.0033170432572286013;0.0012754373312521333;0.004069275100035187;0.0034737459467406853;0.015448545043067832;0.0029684132122593312;0.0040871303604292225;0.0057764255865132;0.0039005979840348107;0.0023792967281652776;0.0031816265038875045;0.005302191166000053;0.0021886603739246532;0.0018936746264764518;0.0030944249628086337;0.006389424759657725,0.13641145825386047;0.13556939363479614;0.1371055543422699;0.13672222197055817;0.13421006500720978;0.13433951139450073;0.135472372174263;0.14121320843696594;0.12227397412061691;0.13391190767288208;0.13966768980026245;0.14038002490997314;0.14061644673347473;0.13585875928401947;0.13525931537151337;0.14334294199943542;0.13614915311336517;0.13599611818790436;0.13317370414733887;0.12275157123804092;0.12700004875659943;0.1427791714668274;0.1347721517086029;0.13449157774448395;0.13668572902679443;0.1320144385099411;0.13849210739135742;0.13084696233272552;0.12943971157073975;0.1395721733570099;0.1341804414987564;0.13650751113891602;0.12124406546354294;0.13415661454200745;0.1276465803384781;0.13805359601974487;0.13989481329917908;0.13479231297969818;0.13894617557525635;0.13795599341392517;0.1387234926223755;0.12409497052431107;0.13507671654224396;0.13576973974704742;0.12525896728038788;0.14025649428367615,256,0,0,"{'solver_error': 0, 'short_solution': 0, 'duplicate': 0, 'goal_error': 0, 'invalid_state': 19}",0.019572173357009892,inf,0.9929342176237805,filtered,79,2,4,3,123,1,1,2,1.0,0.0,0.20452499389648438,0.0,1.0,9.81210765017837e-06,0,1,0,0,0.1164433456925924,0.0,filtered,osqp optimal,0.20308219528553112,0,1,12,predictive_link_4,predictive_link_4,,,0,0,1,solved,osqp,0.0,valid,9.81210765017837e-06,1.1014843574627087,4.33352071e-20|0.00190747593|0.00138713933|0.00137506484|0.000220600197|0.000220600197,,,,,,,,,,0.009362889919430017,0.002750129089690745,0.0014434140175580978,0.0016412748955190182
144,7.25,-2.068228551555345,0.5149061679840088,0.06562647968530655,0.18508604168891907,0.30562758445739746,1.0,4,0,0,0,0,0,0,,0,0,,-1,-1,nan,not_applicable,,,nan,0,0.02365460991859436,0.0003231454757042229,0.00023951198090799153,0.2045234739780426,0.2045234739780426,0.06562702045628917,0.06562647968530655,5.407709826182883e-07,0.14782951717743317,0.00022122218531712553,0.14782509287419035,1.0411930812466683e-05,0.14781468094337788,0.1478250858432241,0,0,disabled,0.0,1,SERVO,direct_path,0,1.020902824937366,4.095793275977485,46,1,1,1,29,1.5099686265474166,0.1395721733570099,8.770709554708135e-05;0.0012075064632565823;0.001002045595193055;0.0004947495639298622;0.0029191319617776225;0.004687752307886327;0.0021986294280441393;0.007081388076490479;0.006361944035854222;0.0036740317157455495;0.006308050633232968;0.0048628460417016435;0.005157864627197516;0.0035083163354709223;0.00297567958352632;0.009165382230222119;0.003680303890197841;0.0028622156503248543;0.00643246594934489;0.002294977627307809;0.006904895741739889;0.00762442890223786;0.003450596360112283;0.0026666093906092506;0.0014808383770206178;0.004465937403331517;0.002204767434314907;0.006962396759292367;0.010301128510928327;0.003675045806114605;0.0033170432572286013;0.0012754373312521333;0.004069275100035187;0.0034737459467406853;0.015448545043067832;0.0029684132122593312;0.0040871303604292225;0.0057764255865132;0.0039005979840348107;0.0023792967281652776;0.0031816265038875045;0.005302191166000053;0.0021886603739246532;0.0018936746264764518;0.0030944249628086337;0.006389424759657725,0.13641145825386047;0.13556939363479614;0.1371055543422699;0.13672222197055817;0.13421006500720978;0.13433951139450073;0.135472372174263;0.14121320843696594;0.12227397412061691;0.13391190767288208;0.13966768980026245;0.14038002490997314;0.14061644673347473;0.13585875928401947;0.13525931537151337;0.14334294199943542;0.13614915311336517;0.13599611818790436;0.13317370414733887;0.12275157123804092;0.12700004875659943;0.1427791714668274;0.1347721517086029;0.13449157774448395;0.13668572902679443;0.1320144385099411;0.13849210739135742;0.13084696233272552;0.12943971157073975;0.1395721733570099;0.1341804414987564;0.13650751113891602;0.12124406546354294;0.13415661454200745;0.1276465803384781;0.13805359601974487;0.13989481329917908;0.13479231297969818;0.13894617557525635;0.13795599341392517;0.1387234926223755;0.12409497052431107;0.13507671654224396;0.13576973974704742;0.12525896728038788;0.14025649428367615,256,0,0,"{'solver_error': 0, 'short_solution': 0, 'duplicate': 0, 'goal_error': 0, 'invalid_state': 19}",0.019572173357009892,inf,0.9929456122527328,filtered,80,2,4,3,124,1,1,2,1.0,0.0,0.2045234739780426,0.0,1.0,9.826728210329816e-06,0,1,0,0,0.1164433456925924,0.0,filtered,osqp optimal,0.2030824234970731,0,1,12,predictive_link_4,predictive_link_4,,,0,0,1,solved,osqp,0.0,valid,9.826728210329816e-06,1.1014449298101128,0|0.00190673515|0.00138644167|0.0013739878|0.00022053488|0.00022053488,,,,,,,,,,0.009111076011322439,0.002930991002358496,0.0012845610035583377,0.0016886169323697686
145,7.300000000000001,-2.0682336527792473,0.5149072408676147,0.06562598794698715,0.1850840151309967,0.30563318729400635,1.0,4,0,0,0,0,0,0,,0,0,,-1,-1,nan,not_applicable,,,nan,0,0.023638641461730003,0.0003240588412154466,0.0001633506763027981,0.20452181994915009,0.20452181994915009,0.06562648211719203,0.06562598794698715,4.941702048816277e-07,0.14782829618078644,0.0002211889767437223,0.14782387106508105,1.0389858044616751e-05,0.14781348120703644,0.14782387654291146,0,0,disabled,0.0,1,SERVO,direct_path,0,1.020902824937366,4.095793275977485,46,1,1,1,29,1.5099686265474166,0.1395721733570099,8.770709554708135e-05;0.0012075064632565823;0.001002045595193055;0.0004947495639298622;0.0029191319617776225;0.004687752307886327;0.0021986294280441393;0.007081388076490479;0.006361944035854222;0.0036740317157455495;0.006308050633232968;0.0048628460417016435;0.005157864627197516;0.0035083163354709223;0.00297567958352632;0.009165382230222119;0.003680303890197841;0.0028622156503248543;0.00643246594934489;0.002294977627307809;0.006904895741739889;0.00762442890223786;0.003450596360112283;0.0026666093906092506;0.0014808383770206178;0.004465937403331517;0.002204767434314907;0.006962396759292367;0.010301128510928327;0.003675045806114605;0.0033170432572286013;0.0012754373312521333;0.004069275100035187;0.0034737459467406853;0.015448545043067832;0.0029684132122593312;0.0040871303604292225;0.0057764255865132;0.0039005979840348107;0.0023792967281652776;0.0031816265038875045;0.005302191166000053;0.0021886603739246532;0.0018936746264764518;0.0030944249628086337;0.006389424759657725,0.13641145825386047;0.13556939363479614;0.1371055543422699;0.13672222197055817;0.13421006500720978;0.13433951139450073;0.135472372174263;0.14121320843696594;0.12227397412061691;0.13391190767288208;0.13966768980026245;0.14038002490997314;0.14061644673347473;0.13585875928401947;0.13525931537151337;0.14334294199943542;0.13614915311336517;0.13599611818790436;0.13317370414733887;0.12275157123804092;0.12700004875659943;0.1427791714668274;0.1347721517086029;0.13449157774448395;0.13668572902679443;0.1320144385099411;0.13849210739135742;0.13084696233272552;0.12943971157073975;0.1395721733570099;0.1341804414987564;0.13650751113891602;0.12124406546354294;0.13415661454200745;0.1276465803384781;0.13805359601974487;0.13989481329917908;0.13479231297969818;0.13894617557525635;0.13795599341392517;0.1387234926223755;0.12409497052431107;0.13507671654224396;0.13576973974704742;0.12525896728038788;0.14025649428367615,256,0,0,"{'solver_error': 0, 'short_solution': 0, 'duplicate': 0, 'goal_error': 0, 'invalid_state': 19}",0.019572173357009892,inf,0.9929541071597277,filtered,81,2,4,3,125,1,1,2,1.0,0.0,0.20452181994915009,0.0,1.0,9.850701602406864e-06,0,1,0,0,0.1164433456925924,0.0,filtered,osqp optimal,0.20308243737107612,0,1,12,predictive_link_4,predictive_link_4,,,0,0,1,solved,osqp,0.0,valid,9.850701602406864e-06,1.1014055805215777,6.46511698e-20|0.00190596969|0.00138561136|0.00137270186|0.000220407035|0.000220407035,,,,,,,,,,0.009851259062997997,0.0031437448924407363,0.0012754839845001698,0.001684140064753592
146,7.3500000000000005,-2.068228652972516,0.5149059891700745,0.06562550365924835,0.1850820779800415,0.3056371212005615,1.0,4,0,0,0,0,0,0,,0,0,,-1,-1,nan,not_applicable,,,nan,0,0.023622699081897736,0.00032336695585399866,0.00032935210037976503,0.2045203149318695,0.2045203149318695,0.06562598854977165,0.06562550365924835,4.848905233029166e-07,0.14782717539859927,0.00022100732317023307,0.14782274941158985,9.769775409315239e-06,0.14781297963618054,0.1478227507693639,0,0,disabled,0.0,1,SERVO,direct_path,0,1.020902824937366,4.095793275977485,46,1,1,1,29,1.5099686265474166,0.1395721733570099,8.770709554708135e-05;0.0012075064632565823;0.001002045595193055;0.0004947495639298622;0.0029191319617776225;0.004687752307886327;0.0021986294280441393;0.007081388076490479;0.006361944035854222;0.0036740317157455495;0.006308050633232968;0.0048628460417016435;0.005157864627197516;0.0035083163354709223;0.00297567958352632;0.009165382230222119;0.003680303890197841;0.0028622156503248543;0.00643246594934489;0.002294977627307809;0.006904895741739889;0.00762442890223786;0.003450596360112283;0.0026666093906092506;0.0014808383770206178;0.004465937403331517;0.002204767434314907;0.006962396759292367;0.010301128510928327;0.003675045806114605;0.0033170432572286013;0.0012754373312521333;0.004069275100035187;0.0034737459467406853;0.015448545043067832;0.0029684132122593312;0.0040871303604292225;0.0057764255865132;0.0039005979840348107;0.0023792967281652776;0.0031816265038875045;0.005302191166000053;0.0021886603739246532;0.0018936746264764518;0.0030944249628086337;0.006389424759657725,0.13641145825386047;0.13556939363479614;0.1371055543422699;0.13672222197055817;0.13421006500720978;0.13433951139450073;0.135472372174263;0.14121320843696594;0.12227397412061691;0.13391190767288208;0.13966768980026245;0.14038002490997314;0.14061644673347473;0.13585875928401947;0.13525931537151337;0.14334294199943542;0.13614915311336517;0.13599611818790436;0.13317370414733887;0.12275157123804092;0.12700004875659943;0.1427791714668274;0.1347721517086029;0.13449157774448395;0.13668572902679443;0.1320144385099411;0.13849210739135742;0.13084696233272552;0.12943971157073975;0.1395721733570099;0.1341804414987564;0.13650751113891602;0.12124406546354294;0.13415661454200745;0.1276465803384781;0.13805359601974487;0.13989481329917908;0.13479231297969818;0.13894617557525635;0.13795599341392517;0.1387234926223755;0.12409497052431107;0.13507671654224396;0.13576973974704742;0.12525896728038788;0.14025649428367615,256,0,0,"{'solver_error': 0, 'short_solution': 0, 'duplicate': 0, 'goal_error': 0, 'invalid_state': 19}",0.019572173357009892,inf,0.9929622053117274,filtered,82,2,4,3,126,1,1,2,1.0,0.0,0.2045203149318695,0.0,1.0,9.766798119606457e-06,0,1,0,0,0.1164433456925924,0.0,filtered,osqp optimal,0.20308336745718497,0,1,12,predictive_link_4,predictive_link_4,,,0,0,1,solved,osqp,0.0,valid,9.766798119606457e-06,1.101365802285166,0|0.00190531224|0.00138485173|0.00137143109|0.000220361038|0.000220361038,,,,,,,,,,0.009820622042752802,0.002790399012155831,0.0014301060000434518,0.001963182003237307
147,7.4,-2.068230740252216,0.514906644821167,0.06562499701976776,0.18508008122444153,0.305642306804657,1.0,4,0,0,0,0,0,0,,0,0,,-1,-1,nan,not_applicable,,,nan,0,0.02360675483942032,0.0003241904778406024,0.0005863839178346097,0.20451873540878296,0.20451873540878296,0.06562550449767388,0.06562499701976776,5.074779061142731e-07,0.14782607608880535,0.00022095421178890863,0.14782164933704867,1.0228407194726575e-05,0.14781142092985394,0.14782165122560473,0,0,disabled,0.0,1,SERVO,direct_path,0,1.020902824937366,4.095793275977485,46,1,1,1,29,1.5099686265474166,0.1395721733570099,8.770709554708135e-05;0.0012075064632565823;0.001002045595193055;0.0004947495639298622;0.0029191319617776225;0.004687752307886327;0.0021986294280441393;0.007081388076490479;0.006361944035854222;0.0036740317157455495;0.006308050633232968;0.0048628460417016435;0.005157864627197516;0.0035083163354709223;0.00297567958352632;0.009165382230222119;0.003680303890197841;0.0028622156503248543;0.00643246594934489;0.002294977627307809;0.006904895741739889;0.00762442890223786;0.003450596360112283;0.0026666093906092506;0.0014808383770206178;0.004465937403331517;0.002204767434314907;0.006962396759292367;0.010301128510928327;0.003675045806114605;0.0033170432572286013;0.0012754373312521333;0.004069275100035187;0.0034737459467406853;0.015448545043067832;0.0029684132122593312;0.0040871303604292225;0.0057764255865132;0.0039005979840348107;0.0023792967281652776;0.0031816265038875045;0.005302191166000053;0.0021886603739246532;0.0018936746264764518;0.0030944249628086337;0.006389424759657725,0.13641145825386047;0.13556939363479614;0.1371055543422699;0.13672222197055817;0.13421006500720978;0.13433951139450073;0.135472372174263;0.14121320843696594;0.12227397412061691;0.13391190767288208;0.13966768980026245;0.14038002490997314;0.14061644673347473;0.13585875928401947;0.13525931537151337;0.14334294199943542;0.13614915311336517;0.13599611818790436;0.13317370414733887;0.12275157123804092;0.12700004875659943;0.1427791714668274;0.1347721517086029;0.13449157774448395;0.13668572902679443;0.1320144385099411;0.13849210739135742;0.13084696233272552;0.12943971157073975;0.1395721733570099;0.1341804414987564;0.13650751113891602;0.12124406546354294;0.13415661454200745;0.1276465803384781;0.13805359601974487;0.13989481329917908;0.13479231297969818;0.13894617557525635;0.13795599341392517;0.1387234926223755;0.12409497052431107;0.13507671654224396;0.13576973974704742;0.12525896728038788;0.14025649428367615,256,0,0,"{'solver_error': 0, 'short_solution': 0, 'duplicate': 0, 'goal_error': 0, 'invalid_state': 19}",0.019572173357009892,inf,0.9929740599354973,filtered,83,2,4,3,127,1,1,2,1.0,0.0,0.20451873540878296,0.0,1.0,9.877158935869823e-06,0,1,0,0,0.1164433456925924,0.0,filtered,osqp optimal,0.20308285658501868,0,1,12,predictive_link_4,predictive_link_4,,,0,0,1,solved,osqp,0.0,valid,9.877158935869823e-06,1.101326116674313,2.16154617e-20|0.00190456428|0.00138414011|0.00137036394|0.000220213683|0.000220213683,,,,,,,,,,0.009778849082067609,0.0028160379733890295,0.0015722770476713777,0.0019740830175578594
148,7.45,-2.068229312814556,0.5149062871932983,0.06562449783086777,0.18507811427116394,0.30564698576927185,1.0,4,0,0,0,0,0,0,,0,0,,-1,-1,nan,not_applicable,,,nan,0,0.02359083481132984,0.0003233507741242647,0.0005142469890415668,0.20451709628105164,0.20451709628105164,0.06562499699474143,0.06562449783086777,4.991638736656645e-07,0.14782491411547846,0.00022082136675223145,0.14782048658586308,9.740793573063692e-06,0.14781074579229,0.14782048652949123,0,0,disabled,0.0,1,SERVO,direct_path,0,1.020902824937366,4.095793275977485,46,1,1,1,29,1.5099686265474166,0.1395721733570099,8.770709554708135e-05;0.0012075064632565823;0.001002045595193055;0.0004947495639298622;0.0029191319617776225;0.004687752307886327;0.0021986294280441393;0.007081388076490479;0.006361944035854222;0.0036740317157455495;0.006308050633232968;0.0048628460417016435;0.005157864627197516;0.0035083163354709223;0.00297567958352632;0.009165382230222119;0.003680303890197841;0.0028622156503248543;0.00643246594934489;0.002294977627307809;0.006904895741739889;0.00762442890223786;0.003450596360112283;0.0026666093906092506;0.0014808383770206178;0.004465937403331517;0.002204767434314907;0.006962396759292367;0.010301128510928327;0.003675045806114605;0.0033170432572286013;0.0012754373312521333;0.004069275100035187;0.0034737459467406853;0.015448545043067832;0.0029684132122593312;0.0040871303604292225;0.0057764255865132;0.0039005979840348107;0.0023792967281652776;0.0031816265038875045;0.005302191166000053;0.0021886603739246532;0.0018936746264764518;0.0030944249628086337;0.006389424759657725,0.13641145825386047;0.13556939363479614;0.1371055543422699;0.13672222197055817;0.13421006500720978;0.13433951139450073;0.135472372174263;0.14121320843696594;0.12227397412061691;0.13391190767288208;0.13966768980026245;0.14038002490997314;0.14061644673347473;0.13585875928401947;0.13525931537151337;0.14334294199943542;0.13614915311336517;0.13599611818790436;0.13317370414733887;0.12275157123804092;0.12700004875659943;0.1427791714668274;0.1347721517086029;0.13449157774448395;0.13668572902679443;0.1320144385099411;0.13849210739135742;0.13084696233272552;0.12943971157073975;0.1395721733570099;0.1341804414987564;0.13650751113891602;0.12124406546354294;0.13415661454200745;0.1276465803384781;0.13805359601974487;0.13989481329917908;0.13479231297969818;0.13894617557525635;0.13795599341392517;0.1387234926223755;0.12409497052431107;0.13507671654224396;0.13576973974704742;0.12525896728038788;0.14025649428367615,256,0,0,"{'solver_error': 0, 'short_solution': 0, 'duplicate': 0, 'goal_error': 0, 'invalid_state': 19}",0.019572173357009892,inf,0.9929792308714686,filtered,84,2,4,3,128,1,1,2,1.0,0.0,0.20451709628105164,0.0,1.0,9.804064357812892e-06,0,1,0,0,0.1164433456925924,0.0,filtered,osqp optimal,0.20308356230941982,0,1,12,predictive_link_4,predictive_link_4,,,0,0,1,solved,osqp,0.0,valid,9.804064357812892e-06,1.10128656050536,0|0.00190393091|0.00138327863|0.0013688942|0.000220122599|0.000220122599,,,,,,,,,,0.009105414035730064,0.002569636097177863,0.0016186459688469768,0.0017435960471630096
149,7.5,-2.068229828396172,0.5149063467979431,0.06562402099370956,0.18507614731788635,0.3056517541408539,1.0,4,0,0,0,0,0,0,,0,0,,-1,-1,nan,not_applicable,,,nan,0,0.023574890568852425,0.0003237581404391676,0.0004010067495983094,0.2045154571533203,0.2045154571533203,0.06562449999779224,0.06562402099370956,4.790040826763153e-07,0.14782379316403008,0.00022082341730098867,0.14781936483033123,9.947531320729418e-06,0.1478094172990105,0.14781936971133466,0,0,disabled,0.0,1,SERVO,direct_path,0,1.020902824937366,4.095793275977485,46,1,1,1,29,1.5099686265474166,0.1395721733570099,8.770709554708135e-05;0.0012075064632565823;0.001002045595193055;0.0004947495639298622;0.0029191319617776225;0.004687752307886327;0.0021986294280441393;0.007081388076490479;0.006361944035854222;0.0036740317157455495;0.006308050633232968;0.0048628460417016435;0.005157864627197516;0.0035083163354709223;0.00297567958352632;0.009165382230222119;0.003680303890197841;0.0028622156503248543;0.00643246594934489;0.002294977627307809;0.006904895741739889;0.00762442890223786;0.003450596360112283;0.0026666093906092506;0.0014808383770206178;0.004465937403331517;0.002204767434314907;0.006962396759292367;0.010301128510928327;0.003675045806114605;0.0033170432572286013;0.0012754373312521333;0.004069275100035187;0.0034737459467406853;0.015448545043067832;0.0029684132122593312;0.0040871303604292225;0.0057764255865132;0.0039005979840348107;0.0023792967281652776;0.0031816265038875045;0.005302191166000053;0.0021886603739246532;0.0018936746264764518;0.0030944249628086337;0.006389424759657725,0.13641145825386047;0.13556939363479614;0.1371055543422699;0.13672222197055817;0.13421006500720978;0.13433951139450073;0.135472372174263;0.14121320843696594;0.12227397412061691;0.13391190767288208;0.13966768980026245;0.14038002490997314;0.14061644673347473;0.13585875928401947;0.13525931537151337;0.14334294199943542;0.13614915311336517;0.13599611818790436;0.13317370414733887;0.12275157123804092;0.12700004875659943;0.1427791714668274;0.1347721517086029;0.13449157774448395;0.13668572902679443;0.1320144385099411;0.13849210739135742;0.13084696233272552;0.12943971157073975;0.1395721733570099;0.1341804414987564;0.13650751113891602;0.12124406546354294;0.13415661454200745;0.1276465803384781;0.13805359601974487;0.13989481329917908;0.13479231297969818;0.13894617557525635;0.13795599341392517;0.1387234926223755;0.12409497052431107;0.13507671654224396;0.13576973974704742;0.12525896728038788;0.14025649428367615,256,0,0,"{'solver_error': 0, 'short_solution': 0, 'duplicate': 0, 'goal_error': 0, 'invalid_state': 19}",0.019572173357009892,inf,0.992990639913732,filtered,85,2,4,3,129,1,1,2,1.0,0.0,0.2045154571533203,0.0,1.0,9.871262996799524e-06,0,1,0,0,0.1164433456925924,0.0,filtered,osqp optimal,0.20308329217002438,0,1,12,predictive_link_4,predictive_link_4,,,0,0,1,solved,osqp,0.0,valid,9.871262996799524e-06,1.1012466046119718,0|0.00190329153|0.00138262558|0.00136783292|0.00022002501|0.00022002501,,,,,,,,,,0.008683938067406416,0.0025469870306551456,0.001220269943587482,0.0016928260447457433
150,7.550000000000001,-2.06822895425918,0.5149062275886536,0.06562352925539017,0.18507415056228638,0.30565667152404785,1.0,4,0,0,0,0,0,0,,0,0,,-1,-1,nan,not_applicable,,,nan,0,0.02355898544192314,0.0003232455055695027,0.00028589769499376416,0.20451392233371735,0.20451392233371735,0.0656240214823093,0.06562352925539017,4.922269191270923e-07,0.14782270271496328,0.00022064870667172092,0.14781827363382177,9.79700864696903e-06,0.1478084766251748,0.1478182747343939,0,0,disabled,0.0,1,SERVO,direct_path,0,1.020902824937366,4.095793275977485,46,1,1,1,29,1.5099686265474166,0.1395721733570099,8.770709554708135e-05;0.0012075064632565823;0.001002045595193055;0.0004947495639298622;0.0029191319617776225;0.004687752307886327;0.0021986294280441393;0.007081388076490479;0.006361944035854222;0.0036740317157455495;0.006308050633232968;0.0048628460417016435;0.005157864627197516;0.0035083163354709223;0.00297567958352632;0.009165382230222119;0.003680303890197841;0.0028622156503248543;0.00643246594934489;0.002294977627307809;0.006904895741739889;0.00762442890223786;0.003450596360112283;0.0026666093906092506;0.0014808383770206178;0.004465937403331517;0.002204767434314907;0.006962396759292367;0.010301128510928327;0.003675045806114605;0.0033170432572286013;0.0012754373312521333;0.004069275100035187;0.0034737459467406853;0.015448545043067832;0.0029684132122593312;0.0040871303604292225;0.0057764255865132;0.0039005979840348107;0.0023792967281652776;0.0031816265038875045;0.005302191166000053;0.0021886603739246532;0.0018936746264764518;0.0030944249628086337;0.006389424759657725,0.13641145825386047;0.13556939363479614;0.1371055543422699;0.13672222197055817;0.13421006500720978;0.13433951139450073;0.135472372174263;0.14121320843696594;0.12227397412061691;0.13391190767288208;0.13966768980026245;0.14038002490997314;0.14061644673347473;0.13585875928401947;0.13525931537151337;0.14334294199943542;0.13614915311336517;0.13599611818790436;0.13317370414733887;0.12275157123804092;0.12700004875659943;0.1427791714668274;0.1347721517086029;0.13449157774448395;0.13668572902679443;0.1320144385099411;0.13849210739135742;0.13084696233272552;0.12943971157073975;0.1395721733570099;0.1341804414987564;0.13650751113891602;0.12124406546354294;0.13415661454200745;0.1276465803384781;0.13805359601974487;0.13989481329917908;0.13479231297969818;0.13894617557525635;0.13795599341392517;0.1387234926223755;0.12409497052431107;0.13507671654224396;0.13576973974704742;0.12525896728038788;0.14025649428367615,256,0,0,"{'solver_error': 0, 'short_solution': 0, 'duplicate': 0, 'goal_error': 0, 'invalid_state': 19}",0.019572173357009892,inf,0.992997277549431,filtered,86,2,4,3,130,1,1,2,1.0,0.0,0.20451392233371735,0.0,1.0,9.85771446916639e-06,0,1,0,0,0.1164433456925924,0.0,filtered,osqp optimal,0.20308368993724601,0,1,12,predictive_link_4,predictive_link_4,,,0,0,1,solved,osqp,0.0,valid,9.85771446916639e-06,1.1012065862582052,4.281678e-20|0.00190263957|0.00138182606|0.00136647255|0.000219988403|0.000219988403,,,,,,,,,,0.01044596207793802,0.0035487290006130934,0.0013204279821366072,0.0021481839939951897
151,7.6000000000000005,-2.0682283820578493,0.5149060487747192,0.06562305241823196,0.18507221341133118,0.30566123127937317,1.0,4,0,0,0,0,0,0,,0,0,,-1,-1,nan,not_applicable,,,nan,0,0.023543057963252068,0.00032323444611392915,0.00020646896155085415,0.204512357711792,0.204512357711792,0.0656235281631325,0.06562305241823196,4.7574490052992857e-07,0.14782157933126555,0.00022063580231134454,0.14781714943753588,9.778435288475507e-06,0.1478073710022474,0.14781714697722295,0,0,disabled,0.0,1,SERVO,direct_path,0,1.020902824937366,4.095793275977485,46,1,1,1,29,1.5099686265474166,0.1395721733570099,8.770709554708135e-05;0.0012075064632565823;0.001002045595193055;0.0004947495639298622;0.0029191319617776225;0.004687752307886327;0.0021986294280441393;0.007081388076490479;0.006361944035854222;0.0036740317157455495;0.006308050633232968;0.0048628460417016435;0.005157864627197516;0.0035083163354709223;0.00297567958352632;0.009165382230222119;0.003680303890197841;0.0028622156503248543;0.00643246594934489;0.002294977627307809;0.006904895741739889;0.00762442890223786;0.003450596360112283;0.0026666093906092506;0.0014808383770206178;0.004465937403331517;0.002204767434314907;0.006962396759292367;0.010301128510928327;0.003675045806114605;0.0033170432572286013;0.0012754373312521333;0.004069275100035187;0.0034737459467406853;0.015448545043067832;0.0029684132122593312;0.0040871303604292225;0.0057764255865132;0.0039005979840348107;0.0023792967281652776;0.0031816265038875045;0.005302191166000053;0.0021886603739246532;0.0018936746264764518;0.0030944249628086337;0.006389424759657725,0.13641145825386047;0.13556939363479614;0.1371055543422699;0.13672222197055817;0.13421006500720978;0.13433951139450073;0.135472372174263;0.14121320843696594;0.12227397412061691;0.13391190767288208;0.13966768980026245;0.14038002490997314;0.14061644673347473;0.13585875928401947;0.13525931537151337;0.14334294199943542;0.13614915311336517;0.13599611818790436;0.13317370414733887;0.12275157123804092;0.12700004875659943;0.1427791714668274;0.1347721517086029;0.13449157774448395;0.13668572902679443;0.1320144385099411;0.13849210739135742;0.13084696233272552;0.12943971157073975;0.1395721733570099;0.1341804414987564;0.13650751113891602;0.12124406546354294;0.13415661454200745;0.1276465803384781;0.13805359601974487;0.13989481329917908;0.13479231297969818;0.13894617557525635;0.13795599341392517;0.1387234926223755;0.12409497052431107;0.13507671654224396;0.13576973974704742;0.12525896728038788;0.14025649428367615,256,0,0,"{'solver_error': 0, 'short_solution': 0, 'duplicate': 0, 'goal_error': 0, 'invalid_state': 19}",0.019572173357009892,inf,0.9930066746549532,filtered,87,2,4,3,131,1,1,2,1.0,0.0,0.204512357711792,0.0,1.0,9.881285747401214e-06,0,1,0,0,0.1164433456925924,0.0,filtered,osqp optimal,0.2030837865573002,0,1,12,predictive_link_4,predictive_link_4,,,0,0,1,solved,osqp,0.0,valid,9.881285747401214e-06,1.1011666028481322,1.33411914e-21|0.00190202751|0.00138110686|0.00136527615|0.000219848053|0.000219848053,,,,,,,,,,0.009948785067535937,0.002679800963960588,0.001276157097890973,0.002120011020451784
152,7.65,-2.068229007072924,0.5149064064025879,0.06562253832817078,0.1850701868534088,0.305666446685791,1.0,4,0,0,0,0,0,0,,0,0,,-1,-1,nan,not_applicable,,,nan,0,0.023527177050709724,0.00032263773027807474,0.00015880593855399638,0.20451080799102783,0.20451080799102783,0.06562305333779586,0.06562253832817078,5.150096250849945e-07,0.14782049250544907,0.00022048403259833244,0.14781606186544427,9.831353637190201e-06,0.14780623051180708,0.1478160639367639,0,0,disabled,0.0,1,SERVO,direct_path,0,1.020902824937366,4.095793275977485,46,1,1,1,29,1.5099686265474166,0.1395721733570099,8.770709554708135e-05;0.0012075064632565823;0.001002045595193055;0.0004947495639298622;0.0029191319617776225;0.004687752307886327;0.0021986294280441393;0.007081388076490479;0.006361944035854222;0.0036740317157455495;0.006308050633232968;0.0048628460417016435;0.005157864627197516;0.0035083163354709223;0.00297567958352632;0.009165382230222119;0.003680303890197841;0.0028622156503248543;0.00643246594934489;0.002294977627307809;0.006904895741739889;0.00762442890223786;0.003450596360112283;0.0026666093906092506;0.0014808383770206178;0.004465937403331517;0.002204767434314907;0.006962396759292367;0.010301128510928327;0.003675045806114605;0.0033170432572286013;0.0012754373312521333;0.004069275100035187;0.0034737459467406853;0.015448545043067832;0.0029684132122593312;0.0040871303604292225;0.0057764255865132;0.0039005979840348107;0.0023792967281652776;0.0031816265038875045;0.005302191166000053;0.0021886603739246532;0.0018936746264764518;0.0030944249628086337;0.006389424759657725,0.13641145825386047;0.13556939363479614;0.1371055543422699;0.13672222197055817;0.13421006500720978;0.13433951139450073;0.135472372174263;0.14121320843696594;0.12227397412061691;0.13391190767288208;0.13966768980026245;0.14038002490997314;0.14061644673347473;0.13585875928401947;0.13525931537151337;0.14334294199943542;0.13614915311336517;0.13599611818790436;0.13317370414733887;0.12275157123804092;0.12700004875659943;0.1427791714668274;0.1347721517086029;0.13449157774448395;0.13668572902679443;0.1320144385099411;0.13849210739135742;0.13084696233272552;0.12943971157073975;0.1395721733570099;0.1341804414987564;0.13650751113891602;0.12124406546354294;0.13415661454200745;0.1276465803384781;0.13805359601974487;0.13989481329917908;0.13479231297969818;0.13894617557525635;0.13795599341392517;0.1387234926223755;0.12409497052431107;0.13507671654224396;0.13576973974704742;0.12525896728038788;0.14025649428367615,256,0,0,"{'solver_error': 0, 'short_solution': 0, 'duplicate': 0, 'goal_error': 0, 'invalid_state': 19}",0.019572173357009892,inf,0.9930147440943153,filtered,88,2,4,3,132,1,1,2,1.0,0.0,0.20451080799102783,0.0,1.0,9.90814632030601e-06,0,1,0,0,0.1164433456925924,0.0,filtered,osqp optimal,0.20308388116521356,0,1,12,predictive_link_4,predictive_link_4,,,0,0,1,solved,osqp,0.0,valid,9.90814632030601e-06,1.101126531946077,1.33262836e-21|0.00190137107|0.0013803592|0.00136401666|0.000219811412|0.000219811412,,,,,,,,,,0.00950012996327132,0.002606324036605656,0.0012494029942899942,0.0018696050392463803
153,7.7,-2.0682281556628492,0.5149059891700745,0.06562207639217377,0.18506819009780884,0.3056710362434387,1.0,4,0,0,0,0,0,0,,0,0,,-1,-1,nan,not_applicable,,,nan,0,0.02351127192378044,0.00032337475568056107,0.0001411361590726301,0.20450900495052338,0.20450900495052338,0.06562253738132014,0.06562207639217377,4.609891463697169e-07,0.14781932901268002,0.00022040872225306165,0.14781489765534744,9.654003808828239e-06,0.1478052436515386,0.14781489552256452,0,0,disabled,0.0,1,SERVO,direct_path,0,1.020902824937366,4.095793275977485,46,1,1,1,29,1.5099686265474166,0.1395721733570099,8.770709554708135e-05;0.0012075064632565823;0.001002045595193055;0.0004947495639298622;0.0029191319617776225;0.004687752307886327;0.0021986294280441393;0.007081388076490479;0.006361944035854222;0.0036740317157455495;0.006308050633232968;0.0048628460417016435;0.005157864627197516;0.0035083163354709223;0.00297567958352632;0.009165382230222119;0.003680303890197841;0.0028622156503248543;0.00643246594934489;0.002294977627307809;0.006904895741739889;0.00762442890223786;0.003450596360112283;0.0026666093906092506;0.0014808383770206178;0.004465937403331517;0.002204767434314907;0.006962396759292367;0.010301128510928327;0.003675045806114605;0.0033170432572286013;0.0012754373312521333;0.004069275100035187;0.0034737459467406853;0.015448545043067832;0.0029684132122593312;0.0040871303604292225;0.0057764255865132;0.0039005979840348107;0.0023792967281652776;0.0031816265038875045;0.005302191166000053;0.0021886603739246532;0.0018936746264764518;0.0030944249628086337;0.006389424759657725,0.13641145825386047;0.13556939363479614;0.1371055543422699;0.13672222197055817;0.13421006500720978;0.13433951139450073;0.135472372174263;0.14121320843696594;0.12227397412061691;0.13391190767288208;0.13966768980026245;0.14038002490997314;0.14061644673347473;0.13585875928401947;0.13525931537151337;0.14334294199943542;0.13614915311336517;0.13599611818790436;0.13317370414733887;0.12275157123804092;0.12700004875659943;0.1427791714668274;0.1347721517086029;0.13449157774448395;0.13668572902679443;0.1320144385099411;0.13849210739135742;0.13084696233272552;0.12943971157073975;0.1395721733570099;0.1341804414987564;0.13650751113891602;0.12124406546354294;0.13415661454200745;0.1276465803384781;0.13805359601974487;0.13989481329917908;0.13479231297969818;0.13894617557525635;0.13795599341392517;0.1387234926223755;0.12409497052431107;0.13507671654224396;0.13576973974704742;0.12525896728038788;0.14025649428367615,256,0,0,"{'solver_error': 0, 'short_solution': 0, 'duplicate': 0, 'goal_error': 0, 'invalid_state': 19}",0.019572173357009892,inf,0.9930227314642615,filtered,89,2,4,3,133,1,1,2,1.0,0.0,0.20450900495052338,0.0,1.0,9.885837765552519e-06,0,1,0,0,0.1164433456925924,0.0,filtered,osqp optimal,0.203084055526185,0,1,12,predictive_link_4,predictive_link_4,,,0,0,1,solved,osqp,0.0,valid,9.885837765552519e-06,1.1010863858234439,0|0.00190074947|0.00137959018|0.00136272869|0.000219684683|0.000219684683,,,,,,,,,,0.009610434994101524,0.0027008960023522377,0.0015549190575256944,0.0018142609624192119
154,7.75,-2.068229192789656,0.5149063467979431,0.06562159955501556,0.18506619334220886,0.30567610263824463,1.0,4,0,0,0,0,0,0,,0,0,,-1,-1,nan,not_applicable,,,nan,0,0.023495396599173546,0.0003227000997867435,0.00020121404668316245,0.20450745522975922,0.20450745522975922,0.06562207488210674,0.06562159955501556,4.75327091173372e-07,0.1478182772237874,0.00022029454631868558,0.1478138451251454,9.83833941196828e-06,0.14780400678573344,0.1478138417237167,0,0,disabled,0.0,1,SERVO,direct_path,0,1.020902824937366,4.095793275977485,46,1,1,1,29,1.5099686265474166,0.1395721733570099,8.770709554708135e-05;0.0012075064632565823;0.001002045595193055;0.0004947495639298622;0.0029191319617776225;0.004687752307886327;0.0021986294280441393;0.007081388076490479;0.006361944035854222;0.0036740317157455495;0.006308050633232968;0.0048628460417016435;0.005157864627197516;0.0035083163354709223;0.00297567958352632;0.009165382230222119;0.003680303890197841;0.0028622156503248543;0.00643246594934489;0.002294977627307809;0.006904895741739889;0.00762442890223786;0.003450596360112283;0.0026666093906092506;0.0014808383770206178;0.004465937403331517;0.002204767434314907;0.006962396759292367;0.010301128510928327;0.003675045806114605;0.0033170432572286013;0.0012754373312521333;0.004069275100035187;0.0034737459467406853;0.015448545043067832;0.0029684132122593312;0.0040871303604292225;0.0057764255865132;0.0039005979840348107;0.0023792967281652776;0.0031816265038875045;0.005302191166000053;0.0021886603739246532;0.0018936746264764518;0.0030944249628086337;0.006389424759657725,0.13641145825386047;0.13556939363479614;0.1371055543422699;0.13672222197055817;0.13421006500720978;0.13433951139450073;0.135472372174263;0.14121320843696594;0.12227397412061691;0.13391190767288208;0.13966768980026245;0.14038002490997314;0.14061644673347473;0.13585875928401947;0.13525931537151337;0.14334294199943542;0.13614915311336517;0.13599611818790436;0.13317370414733887;0.12275157123804092;0.12700004875659943;0.1427791714668274;0.1347721517086029;0.13449157774448395;0.13668572902679443;0.1320144385099411;0.13849210739135742;0.13084696233272552;0.12943971157073975;0.1395721733570099;0.1341804414987564;0.13650751113891602;0.12124406546354294;0.13415661454200745;0.1276465803384781;0.13805359601974487;0.13989481329917908;0.13479231297969818;0.13894617557525635;0.13795599341392517;0.1387234926223755;0.12409497052431107;0.13507671654224396;0.13576973974704742;0.12525896728038788;0.14025649428367615,256,0,0,"{'solver_error': 0, 'short_solution': 0, 'duplicate': 0, 'goal_error': 0, 'invalid_state': 19}",0.019572173357009892,inf,0.993032338968726,filtered,90,2,4,3,134,1,1,2,1.0,0.0,0.20450745522975922,0.0,1.0,9.936871816704218e-06,0,1,0,0,0.1164433456925924,0.0,filtered,osqp optimal,0.20308397937306558,0,1,12,predictive_link_4,predictive_link_4,,,0,0,1,solved,osqp,0.0,valid,9.936871816704218e-06,1.1010461665781317,0|0.00190016585|0.00137891875|0.00136157189|0.000219601567|0.000219601567,,,,,,,,,,0.00907436991110444,0.0027954239631071687,0.001183254993520677,0.0017888760194182396
155,7.800000000000001,-2.0682259344717133,0.5149056315422058,0.06562110781669617,0.18506422638893127,0.3056805729866028,1.0,4,0,0,0,0,0,0,,0,0,,-1,-1,nan,not_applicable,,,nan,0,0.023479510098695755,0.00032339291647076607,0.00024963499163277447,0.2045058012008667,0.2045058012008667,0.06562159653650569,0.06562110781669617,4.887198095243628e-07,0.14781718576335975,0.000220288180323787,0.1478127529654002,9.638786072640615e-06,0.14780311417932757,0.1478127461662021,0,0,disabled,0.0,1,SERVO,direct_path,0,1.020902824937366,4.095793275977485,46,1,1,1,29,1.5099686265474166,0.1395721733570099,8.770709554708135e-05;0.0012075064632565823;0.001002045595193055;0.0004947495639298622;0.0029191319617776225;0.004687752307886327;0.0021986294280441393;0.007081388076490479;0.006361944035854222;0.0036740317157455495;0.006308050633232968;0.0048628460417016435;0.005157864627197516;0.0035083163354709223;0.00297567958352632;0.009165382230222119;0.003680303890197841;0.0028622156503248543;0.00643246594934489;0.002294977627307809;0.006904895741739889;0.00762442890223786;0.003450596360112283;0.0026666093906092506;0.0014808383770206178;0.004465937403331517;0.002204767434314907;0.006962396759292367;0.010301128510928327;0.003675045806114605;0.0033170432572286013;0.0012754373312521333;0.004069275100035187;0.0034737459467406853;0.015448545043067832;0.0029684132122593312;0.0040871303604292225;0.0057764255865132;0.0039005979840348107;0.0023792967281652776;0.0031816265038875045;0.005302191166000053;0.0021886603739246532;0.0018936746264764518;0.0030944249628086337;0.006389424759657725,0.13641145825386047;0.13556939363479614;0.1371055543422699;0.13672222197055817;0.13421006500720978;0.13433951139450073;0.135472372174263;0.14121320843696594;0.12227397412061691;0.13391190767288208;0.13966768980026245;0.14038002490997314;0.14061644673347473;0.13585875928401947;0.13525931537151337;0.14334294199943542;0.13614915311336517;0.13599611818790436;0.13317370414733887;0.12275157123804092;0.12700004875659943;0.1427791714668274;0.1347721517086029;0.13449157774448395;0.13668572902679443;0.1320144385099411;0.13849210739135742;0.13084696233272552;0.12943971157073975;0.1395721733570099;0.1341804414987564;0.13650751113891602;0.12124406546354294;0.13415661454200745;0.1276465803384781;0.13805359601974487;0.13989481329917908;0.13479231297969818;0.13894617557525635;0.13795599341392517;0.1387234926223755;0.12409497052431107;0.13507671654224396;0.13576973974704742;0.12525896728038788;0.14025649428367615,256,0,0,"{'solver_error': 0, 'short_solution': 0, 'duplicate': 0, 'goal_error': 0, 'invalid_state': 19}",0.019572173357009892,inf,0.9930394916161154,filtered,91,2,4,3,135,1,1,2,1.0,0.0,0.2045058012008667,0.0,1.0,9.904509866168199e-06,0,1,0,0,0.1164433456925924,0.0,filtered,osqp optimal,0.20308437967362708,0,1,12,predictive_link_4,predictive_link_4,,,0,0,1,solved,osqp,0.0,valid,9.904509866168199e-06,1.1010059648102088,0|0.0018995565|0.00137813869|0.00136024183|0.000219483351|0.000219483351,,,,,,,,,,0.009210922988131642,0.002697375020943582,0.0012287399731576443,0.002009263029322028
156,7.8500000000000005,-2.068227984879289,0.514906108379364,0.06562063097953796,0.1850622296333313,0.3056856393814087,1.0,4,0,0,0,0,0,0,,0,0,,-1,-1,nan,not_applicable,,,nan,0,0.023463653400540352,0.00032210483914241195,0.00040161435026675463,0.204504132270813,0.204504132270813,0.06562111239922407,0.06562063097953796,4.81419686101936e-07,0.1478160899355209,0.00022016167549293635,0.1478116563653938,1.0003628791729866e-05,0.1478016527366021,0.14781166668754564,0,0,disabled,0.0,1,SERVO,direct_path,0,1.020902824937366,4.095793275977485,46,1,1,1,29,1.5099686265474166,0.1395721733570099,8.770709554708135e-05;0.0012075064632565823;0.001002045595193055;0.0004947495639298622;0.0029191319617776225;0.004687752307886327;0.0021986294280441393;0.007081388076490479;0.006361944035854222;0.0036740317157455495;0.006308050633232968;0.0048628460417016435;0.005157864627197516;0.0035083163354709223;0.00297567958352632;0.009165382230222119;0.003680303890197841;0.0028622156503248543;0.00643246594934489;0.002294977627307809;0.006904895741739889;0.00762442890223786;0.003450596360112283;0.0026666093906092506;0.0014808383770206178;0.004465937403331517;0.002204767434314907;0.006962396759292367;0.010301128510928327;0.003675045806114605;0.0033170432572286013;0.0012754373312521333;0.004069275100035187;0.0034737459467406853;0.015448545043067832;0.0029684132122593312;0.0040871303604292225;0.0057764255865132;0.0039005979840348107;0.0023792967281652776;0.0031816265038875045;0.005302191166000053;0.0021886603739246532;0.0018936746264764518;0.0030944249628086337;0.006389424759657725,0.13641145825386047;0.13556939363479614;0.1371055543422699;0.13672222197055817;0.13421006500720978;0.13433951139450073;0.135472372174263;0.14121320843696594;0.12227397412061691;0.13391190767288208;0.13966768980026245;0.14038002490997314;0.14061644673347473;0.13585875928401947;0.13525931537151337;0.14334294199943542;0.13614915311336517;0.13599611818790436;0.13317370414733887;0.12275157123804092;0.12700004875659943;0.1427791714668274;0.1347721517086029;0.13449157774448395;0.13668572902679443;0.1320144385099411;0.13849210739135742;0.13084696233272552;0.12943971157073975;0.1395721733570099;0.1341804414987564;0.13650751113891602;0.12124406546354294;0.13415661454200745;0.1276465803384781;0.13805359601974487;0.13989481329917908;0.13479231297969818;0.13894617557525635;0.13795599341392517;0.1387234926223755;0.12409497052431107;0.13507671654224396;0.13576973974704742;0.12525896728038788;0.14025649428367615,256,0,0,"{'solver_error': 0, 'short_solution': 0, 'duplicate': 0, 'goal_error': 0, 'invalid_state': 19}",0.019572173357009892,inf,0.9930494806558398,filtered,92,2,4,3,136,1,1,2,1.0,0.0,0.204504132270813,0.0,1.0,9.998352049830905e-06,0,1,0,0,0.1164433456925924,0.0,filtered,osqp optimal,0.20308387602676306,0,1,12,predictive_link_4,predictive_link_4,,,0,0,1,solved,osqp,0.0,valid,9.998352049830905e-06,1.1009652458367354,0|0.00189903653|0.0013775367|0.00135913807|0.00021948099|0.00021948099,,,,,,,,,,0.00969951692968607,0.0026966430013999343,0.0013601090759038925,0.002200493006967008
157,7.9,-2.0682274515201216,0.514906108379364,0.06562013179063797,0.18506020307540894,0.3056906759738922,1.0,4,0,0,0,0,0,0,,0,0,,-1,-1,nan,not_applicable,,,nan,0,0.023447809740900993,0.00032285970519296825,0.0004985505947843194,0.20450244843959808,0.20450244843959808,0.06562062909006547,0.06562013179063797,4.972994274987652e-07,0.14781498552900085,0.00021994583841051935,0.147810551306643,9.717840698697559e-06,0.1478008334659443,0.14781054705060392,0,0,disabled,0.0,1,SERVO,direct_path,0,1.020902824937366,4.095793275977485,46,1,1,1,29,1.5099686265474166,0.1395721733570099,8.770709554708135e-05;0.0012075064632565823;0.001002045595193055;0.0004947495639298622;0.0029191319617776225;0.004687752307886327;0.0021986294280441393;0.007081388076490479;0.006361944035854222;0.0036740317157455495;0.006308050633232968;0.0048628460417016435;0.005157864627197516;0.0035083163354709223;0.00297567958352632;0.009165382230222119;0.003680303890197841;0.0028622156503248543;0.00643246594934489;0.002294977627307809;0.006904895741739889;0.00762442890223786;0.003450596360112283;0.0026666093906092506;0.0014808383770206178;0.004465937403331517;0.002204767434314907;0.006962396759292367;0.010301128510928327;0.003675045806114605;0.0033170432572286013;0.0012754373312521333;0.004069275100035187;0.0034737459467406853;0.015448545043067832;0.0029684132122593312;0.0040871303604292225;0.0057764255865132;0.0039005979840348107;0.0023792967281652776;0.0031816265038875045;0.005302191166000053;0.0021886603739246532;0.0018936746264764518;0.0030944249628086337;0.006389424759657725,0.13641145825386047;0.13556939363479614;0.1371055543422699;0.13672222197055817;0.13421006500720978;0.13433951139450073;0.135472372174263;0.14121320843696594;0.12227397412061691;0.13391190767288208;0.13966768980026245;0.14038002490997314;0.14061644673347473;0.13585875928401947;0.13525931537151337;0.14334294199943542;0.13614915311336517;0.13599611818790436;0.13317370414733887;0.12275157123804092;0.12700004875659943;0.1427791714668274;0.1347721517086029;0.13449157774448395;0.13668572902679443;0.1320144385099411;0.13849210739135742;0.13084696233272552;0.12943971157073975;0.1395721733570099;0.1341804414987564;0.13650751113891602;0.12124406546354294;0.13415661454200745;0.1276465803384781;0.13805359601974487;0.13989481329917908;0.13479231297969818;0.13894617557525635;0.13795599341392517;0.1387234926223755;0.12409497052431107;0.13507671654224396;0.13576973974704742;0.12525896728038788;0.14025649428367615,256,0,0,"{'solver_error': 0, 'short_solution': 0, 'duplicate': 0, 'goal_error': 0, 'invalid_state': 19}",0.019572173357009892,inf,0.9930551220247756,filtered,93,2,4,3,137,1,1,2,1.0,0.0,0.20450244843959808,0.0,1.0,9.943270363313439e-06,0,1,0,0,0.1164433456925924,0.0,filtered,osqp optimal,0.20308438256181177,0,1,12,predictive_link_4,predictive_link_4,,,0,0,1,solved,osqp,0.0,valid,9.943270363313439e-06,1.1009251687904806,3.31032819e-22|0.00189836881|0.00137667312|0.00135769929|0.00021934858|0.00021934858,,,,,,,,,,0.009738511987961829,0.003123117028735578,0.0013756270054727793,0.001592183019965887
158,7.95,-2.068227626338938,0.5149060487747192,0.06561966240406036,0.18505820631980896,0.30569544434547424,1.0,4,0,0,0,0,0,0,,0,0,,-1,-1,nan,not_applicable,,,nan,0,0.023431949317455292,0.00032267888309434056,0.00029039839864708483,0.2045007348060608,0.2045007348060608,0.0656201309230208,0.06561966240406036,4.685189604336504e-07,0.14781386456856704,0.00021987800638676895,0.1478094296431945,9.871505364271373e-06,0.14779955813783022,0.14780942768888572,0,0,disabled,0.0,1,SERVO,direct_path,0,1.020902824937366,4.095793275977485,46,1,1,1,29,1.5099686265474166,0.1395721733570099,8.770709554708135e-05;0.0012075064632565823;0.001002045595193055;0.0004947495639298622;0.0029191319617776225;0.004687752307886327;0.0021986294280441393;0.007081388076490479;0.006361944035854222;0.0036740317157455495;0.006308050633232968;0.0048628460417016435;0.005157864627197516;0.0035083163354709223;0.00297567958352632;0.009165382230222119;0.003680303890197841;0.0028622156503248543;0.00643246594934489;0.002294977627307809;0.006904895741739889;0.00762442890223786;0.003450596360112283;0.0026666093906092506;0.0014808383770206178;0.004465937403331517;0.002204767434314907;0.006962396759292367;0.010301128510928327;0.003675045806114605;0.0033170432572286013;0.0012754373312521333;0.004069275100035187;0.0034737459467406853;0.015448545043067832;0.0029684132122593312;0.0040871303604292225;0.0057764255865132;0.0039005979840348107;0.0023792967281652776;0.0031816265038875045;0.005302191166000053;0.0021886603739246532;0.0018936746264764518;0.0030944249628086337;0.006389424759657725,0.13641145825386047;0.13556939363479614;0.1371055543422699;0.13672222197055817;0.13421006500720978;0.13433951139450073;0.135472372174263;0.14121320843696594;0.12227397412061691;0.13391190767288208;0.13966768980026245;0.14038002490997314;0.14061644673347473;0.13585875928401947;0.13525931537151337;0.14334294199943542;0.13614915311336517;0.13599611818790436;0.13317370414733887;0.12275157123804092;0.12700004875659943;0.1427791714668274;0.1347721517086029;0.13449157774448395;0.13668572902679443;0.1320144385099411;0.13849210739135742;0.13084696233272552;0.12943971157073975;0.1395721733570099;0.1341804414987564;0.13650751113891602;0.12124406546354294;0.13415661454200745;0.1276465803384781;0.13805359601974487;0.13989481329917908;0.13479231297969818;0.13894617557525635;0.13795599341392517;0.1387234926223755;0.12409497052431107;0.13507671654224396;0.13576973974704742;0.12525896728038788;0.14025649428367615,256,0,0,"{'solver_error': 0, 'short_solution': 0, 'duplicate': 0, 'goal_error': 0, 'invalid_state': 19}",0.019572173357009892,inf,0.9930657755513125,filtered,94,2,4,3,138,1,1,2,1.0,0.0,0.2045007348060608,0.0,1.0,9.982033293484682e-06,0,1,0,0,0.1164433456925924,0.0,filtered,osqp optimal,0.20308420698345256,0,1,12,predictive_link_4,predictive_link_4,,,0,0,1,solved,osqp,0.0,valid,9.982033293484682e-06,1.100884597699782,0|0.0018978237|0.00137602967|0.0013566023|0.00021916591|0.00021916591,,,,,,,,,,0.01311401801649481,0.005115599022246897,0.0013495039893314242,0.0021846600575372577
159,8.0,-2.0682270262981715,0.5149059295654297,0.06561919301748276,0.1850561797618866,0.3057003617286682,1.0,4,0,0,0,0,0,0,,0,0,,-1,-1,nan,not_applicable,,,nan,0,0.023416126146912575,0.0003212241572327912,0.00019487492681946605,0.20449918508529663,0.20449918508529663,0.06561966090171378,0.06561919301748276,4.6788423102572807e-07,0.14781279063005232,0.0002197407067817311,0.1478083549367451,9.754055144257569e-06,0.14779860088160085,0.1478083515527079,0,0,disabled,0.0,1,SERVO,direct_path,0,1.020902824937366,4.095793275977485,46,1,1,1,29,1.5099686265474166,0.1395721733570099,8.770709554708135e-05;0.0012075064632565823;0.001002045595193055;0.0004947495639298622;0.0029191319617776225;0.004687752307886327;0.0021986294280441393;0.007081388076490479;0.006361944035854222;0.0036740317157455495;0.006308050633232968;0.0048628460417016435;0.005157864627197516;0.0035083163354709223;0.00297567958352632;0.009165382230222119;0.003680303890197841;0.0028622156503248543;0.00643246594934489;0.002294977627307809;0.006904895741739889;0.00762442890223786;0.003450596360112283;0.0026666093906092506;0.0014808383770206178;0.004465937403331517;0.002204767434314907;0.006962396759292367;0.010301128510928327;0.003675045806114605;0.0033170432572286013;0.0012754373312521333;0.004069275100035187;0.0034737459467406853;0.015448545043067832;0.0029684132122593312;0.0040871303604292225;0.0057764255865132;0.0039005979840348107;0.0023792967281652776;0.0031816265038875045;0.005302191166000053;0.0021886603739246532;0.0018936746264764518;0.0030944249628086337;0.006389424759657725,0.13641145825386047;0.13556939363479614;0.1371055543422699;0.13672222197055817;0.13421006500720978;0.13433951139450073;0.135472372174263;0.14121320843696594;0.12227397412061691;0.13391190767288208;0.13966768980026245;0.14038002490997314;0.14061644673347473;0.13585875928401947;0.13525931537151337;0.14334294199943542;0.13614915311336517;0.13599611818790436;0.13317370414733887;0.12275157123804092;0.12700004875659943;0.1427791714668274;0.1347721517086029;0.13449157774448395;0.13668572902679443;0.1320144385099411;0.13849210739135742;0.13084696233272552;0.12943971157073975;0.1395721733570099;0.1341804414987564;0.13650751113891602;0.12124406546354294;0.13415661454200745;0.1276465803384781;0.13805359601974487;0.13989481329917908;0.13479231297969818;0.13894617557525635;0.13795599341392517;0.1387234926223755;0.12409497052431107;0.13507671654224396;0.13576973974704742;0.12525896728038788;0.14025649428367615,256,0,0,"{'solver_error': 0, 'short_solution': 0, 'duplicate': 0, 'goal_error': 0, 'invalid_state': 19}",0.019572173357009892,inf,0.9930732384705042,filtered,95,2,4,3,139,1,1,2,1.0,0.0,0.20449918508529663,0.0,1.0,9.979912609023311e-06,0,1,0,0,0.1164433456925924,0.0,filtered,osqp optimal,0.20308448429103315,0,1,12,predictive_link_4,predictive_link_4,,,0,0,1,solved,osqp,0.0,valid,9.979912609023311e-06,1.1008439488069526,0|0.00189725321|0.00137529633|0.00135531588|0.000219069725|0.000219069725,,,,,,,,,,0.009759714012034237,0.002893325057812035,0.00161396199837327,0.0017148529877886176
160,8.05,-2.0682242130642305,0.5149053931236267,0.06561869382858276,0.1850542426109314,0.3057047426700592,1.0,4,0,0,0,0,0,0,,0,0,,-1,-1,nan,not_applicable,,,nan,0,0.023400282487273216,0.00032225975883193314,0.00017602824664209038,0.20449750125408173,0.20449750125408173,0.06561919170032067,0.06561869382858276,4.978717379061637e-07,0.1478117215827497,0.00021966730909320047,0.14780728519130543,9.825437382433523e-06,0.147797459753923,0.14780728222439676,0,0,disabled,0.0,1,SERVO,direct_path,0,1.020902824937366,4.095793275977485,46,1,1,1,29,1.5099686265474166,0.1395721733570099,8.770709554708135e-05;0.0012075064632565823;0.001002045595193055;0.0004947495639298622;0.0029191319617776225;0.004687752307886327;0.0021986294280441393;0.007081388076490479;0.006361944035854222;0.0036740317157455495;0.006308050633232968;0.0048628460417016435;0.005157864627197516;0.0035083163354709223;0.00297567958352632;0.009165382230222119;0.003680303890197841;0.0028622156503248543;0.00643246594934489;0.002294977627307809;0.006904895741739889;0.00762442890223786;0.003450596360112283;0.0026666093906092506;0.0014808383770206178;0.004465937403331517;0.002204767434314907;0.006962396759292367;0.010301128510928327;0.003675045806114605;0.0033170432572286013;0.0012754373312521333;0.004069275100035187;0.0034737459467406853;0.015448545043067832;0.0029684132122593312;0.0040871303604292225;0.0057764255865132;0.0039005979840348107;0.0023792967281652776;0.0031816265038875045;0.005302191166000053;0.0021886603739246532;0.0018936746264764518;0.0030944249628086337;0.006389424759657725,0.13641145825386047;0.13556939363479614;0.1371055543422699;0.13672222197055817;0.13421006500720978;0.13433951139450073;0.135472372174263;0.14121320843696594;0.12227397412061691;0.13391190767288208;0.13966768980026245;0.14038002490997314;0.14061644673347473;0.13585875928401947;0.13525931537151337;0.14334294199943542;0.13614915311336517;0.13599611818790436;0.13317370414733887;0.12275157123804092;0.12700004875659943;0.1427791714668274;0.1347721517086029;0.13449157774448395;0.13668572902679443;0.1320144385099411;0.13849210739135742;0.13084696233272552;0.12943971157073975;0.1395721733570099;0.1341804414987564;0.13650751113891602;0.12124406546354294;0.13415661454200745;0.1276465803384781;0.13805359601974487;0.13989481329917908;0.13479231297969818;0.13894617557525635;0.13795599341392517;0.1387234926223755;0.12409497052431107;0.13507671654224396;0.13576973974704742;0.12525896728038788;0.14025649428367615,256,0,0,"{'solver_error': 0, 'short_solution': 0, 'duplicate': 0, 'goal_error': 0, 'invalid_state': 19}",0.019572173357009892,inf,0.9930821201381639,filtered,96,2,4,3,140,1,1,2,1.0,0.0,0.20449750125408173,0.0,1.0,1.0001398830492003e-05,0,1,0,0,0.1164433456925924,0.0,filtered,osqp optimal,0.20308445803271347,0,1,12,predictive_link_4,predictive_link_4,,,0,0,1,solved,osqp,0.0,valid,1.0001398830492003e-05,1.1008033341669872,0|0.00189660009|0.0013745567|0.00135410011|0.000218951098|0.000218951098,,,,,,,,,,0.00985983305145055,0.0029377699829638004,0.00125788408331573,0.002013070974498987
161,8.1,-2.068227147768297,0.5149062275886536,0.06561817973852158,0.18505215644836426,0.30571040511131287,1.0,4,0,0,0,0,0,0,,0,0,,-1,-1,nan,not_applicable,,,nan,0,0.023384450003504753,0.00032233845558948815,0.0001299240393564105,0.20449571311473846,0.20449571311473846,0.06561869900976934,0.06561817973852158,5.19271247764741e-07,0.14781061215705896,0.00021960191026493457,0.1478061750778578,1.0133738554102455e-05,0.14779604133930369,0.14780618674848586,0,0,disabled,0.0,1,SERVO,direct_path,0,1.020902824937366,4.095793275977485,46,1,1,1,29,1.5099686265474166,0.1395721733570099,8.770709554708135e-05;0.0012075064632565823;0.001002045595193055;0.0004947495639298622;0.0029191319617776225;0.004687752307886327;0.0021986294280441393;0.007081388076490479;0.006361944035854222;0.0036740317157455495;0.006308050633232968;0.0048628460417016435;0.005157864627197516;0.0035083163354709223;0.00297567958352632;0.009165382230222119;0.003680303890197841;0.0028622156503248543;0.00643246594934489;0.002294977627307809;0.006904895741739889;0.00762442890223786;0.003450596360112283;0.0026666093906092506;0.0014808383770206178;0.004465937403331517;0.002204767434314907;0.006962396759292367;0.010301128510928327;0.003675045806114605;0.0033170432572286013;0.0012754373312521333;0.004069275100035187;0.0034737459467406853;0.015448545043067832;0.0029684132122593312;0.0040871303604292225;0.0057764255865132;0.0039005979840348107;0.0023792967281652776;0.0031816265038875045;0.005302191166000053;0.0021886603739246532;0.0018936746264764518;0.0030944249628086337;0.006389424759657725,0.13641145825386047;0.13556939363479614;0.1371055543422699;0.13672222197055817;0.13421006500720978;0.13433951139450073;0.135472372174263;0.14121320843696594;0.12227397412061691;0.13391190767288208;0.13966768980026245;0.14038002490997314;0.14061644673347473;0.13585875928401947;0.13525931537151337;0.14334294199943542;0.13614915311336517;0.13599611818790436;0.13317370414733887;0.12275157123804092;0.12700004875659943;0.1427791714668274;0.1347721517086029;0.13449157774448395;0.13668572902679443;0.1320144385099411;0.13849210739135742;0.13084696233272552;0.12943971157073975;0.1395721733570099;0.1341804414987564;0.13650751113891602;0.12124406546354294;0.13415661454200745;0.1276465803384781;0.13805359601974487;0.13989481329917908;0.13479231297969818;0.13894617557525635;0.13795599341392517;0.1387234926223755;0.12409497052431107;0.13507671654224396;0.13576973974704742;0.12525896728038788;0.14025649428367615,256,0,0,"{'solver_error': 0, 'short_solution': 0, 'duplicate': 0, 'goal_error': 0, 'invalid_state': 19}",0.019572173357009892,inf,0.9930901687663528,filtered,97,2,4,3,141,1,1,2,1.0,0.0,0.20449571311473846,0.0,1.0,1.0068991958586682e-05,0,1,0,0,0.1164433456925924,0.0,filtered,osqp optimal,0.2030840211987864,0,1,12,predictive_link_4,predictive_link_4,,,0,0,1,solved,osqp,0.0,valid,1.0068991958586682e-05,1.1007625378730395,0|0.00189603522|0.00137385193|0.0013528575|0.000218868953|0.000218868953,,,,,,,,,,0.009475875063799322,0.002949295099824667,0.0012679329374805093,0.0017072489717975259
162,8.15,-2.0682220734709573,0.5149048566818237,0.06561769545078278,0.18505021929740906,0.30571436882019043,1.0,4,0,0,0,0,0,0,,0,0,,-1,-1,nan,not_applicable,,,nan,0,0.023368649184703827,0.00032275961712002754,0.0004406435473356396,0.20449385046958923,0.20449385046958923,0.06561818182010999,0.06561769545078278,4.863693272155745e-07,0.14780943429116503,0.0002194271926352921,0.14780499662739657,9.83864482817273e-06,0.1477951579825684,0.14780500131617597,0,0,disabled,0.0,1,SERVO,direct_path,0,1.020902824937366,4.095793275977485,46,1,1,1,29,1.5099686265474166,0.1395721733570099,8.770709554708135e-05;0.0012075064632565823;0.001002045595193055;0.0004947495639298622;0.0029191319617776225;0.004687752307886327;0.0021986294280441393;0.007081388076490479;0.006361944035854222;0.0036740317157455495;0.006308050633232968;0.0048628460417016435;0.005157864627197516;0.0035083163354709223;0.00297567958352632;0.009165382230222119;0.003680303890197841;0.0028622156503248543;0.00643246594934489;0.002294977627307809;0.006904895741739889;0.00762442890223786;0.003450596360112283;0.0026666093906092506;0.0014808383770206178;0.004465937403331517;0.002204767434314907;0.006962396759292367;0.010301128510928327;0.003675045806114605;0.0033170432572286013;0.0012754373312521333;0.004069275100035187;0.0034737459467406853;0.015448545043067832;0.0029684132122593312;0.0040871303604292225;0.0057764255865132;0.0039005979840348107;0.0023792967281652776;0.0031816265038875045;0.005302191166000053;0.0021886603739246532;0.0018936746264764518;0.0030944249628086337;0.006389424759657725,0.13641145825386047;0.13556939363479614;0.1371055543422699;0.13672222197055817;0.13421006500720978;0.13433951139450073;0.135472372174263;0.14121320843696594;0.12227397412061691;0.13391190767288208;0.13966768980026245;0.14038002490997314;0.14061644673347473;0.13585875928401947;0.13525931537151337;0.14334294199943542;0.13614915311336517;0.13599611818790436;0.13317370414733887;0.12275157123804092;0.12700004875659943;0.1427791714668274;0.1347721517086029;0.13449157774448395;0.13668572902679443;0.1320144385099411;0.13849210739135742;0.13084696233272552;0.12943971157073975;0.1395721733570099;0.1341804414987564;0.13650751113891602;0.12124406546354294;0.13415661454200745;0.1276465803384781;0.13805359601974487;0.13989481329917908;0.13479231297969818;0.13894617557525635;0.13795599341392517;0.1387234926223755;0.12409497052431107;0.13507671654224396;0.13576973974704742;0.12525896728038788;0.14025649428367615,256,0,0,"{'solver_error': 0, 'short_solution': 0, 'duplicate': 0, 'goal_error': 0, 'invalid_state': 19}",0.019572173357009892,inf,0.9930967163347821,filtered,98,2,4,3,142,1,1,2,1.0,0.0,0.20449385046958923,0.0,1.0,1.0001131888051629e-05,0,1,0,0,0.1164433456925924,0.0,filtered,osqp optimal,0.20308443006081045,0,1,12,predictive_link_4,predictive_link_4,,,0,0,1,solved,osqp,0.0,valid,1.0001131888051629e-05,1.100721820302726,0|0.00189547687|0.00137309802|0.00135151366|0.000218789414|0.000218789414,,,,,,,,,,0.00922087102662772,0.0025028380332514644,0.0012037050910294056,0.0016717339167371392
163,8.200000000000001,-2.068226783370748,0.5149061679840088,0.06561718881130219,0.1850481629371643,0.30572012066841125,1.0,4,0,0,0,0,0,0,,0,0,,-1,-1,nan,not_applicable,,,nan,0,0.023352857679128647,0.00032198024564422667,0.0006308905431069434,0.20449210703372955,0.20449210703372955,0.06561769277825413,0.06561718881130219,5.039669519479872e-07,0.1478083223191158,0.0002193265581752588,0.14780388398197125,1.0554923231551078e-05,0.1477933290587397,0.14780387796209946,0,0,disabled,0.0,1,SERVO,direct_path,0,1.020902824937366,4.095793275977485,46,1,1,1,29,1.5099686265474166,0.1395721733570099,8.770709554708135e-05;0.0012075064632565823;0.001002045595193055;0.0004947495639298622;0.0029191319617776225;0.004687752307886327;0.0021986294280441393;0.007081388076490479;0.006361944035854222;0.0036740317157455495;0.006308050633232968;0.0048628460417016435;0.005157864627197516;0.0035083163354709223;0.00297567958352632;0.009165382230222119;0.003680303890197841;0.0028622156503248543;0.00643246594934489;0.002294977627307809;0.006904895741739889;0.00762442890223786;0.003450596360112283;0.0026666093906092506;0.0014808383770206178;0.004465937403331517;0.002204767434314907;0.006962396759292367;0.010301128510928327;0.003675045806114605;0.0033170432572286013;0.0012754373312521333;0.004069275100035187;0.0034737459467406853;0.015448545043067832;0.0029684132122593312;0.0040871303604292225;0.0057764255865132;0.0039005979840348107;0.0023792967281652776;0.0031816265038875045;0.005302191166000053;0.0021886603739246532;0.0018936746264764518;0.0030944249628086337;0.006389424759657725,0.13641145825386047;0.13556939363479614;0.1371055543422699;0.13672222197055817;0.13421006500720978;0.13433951139450073;0.135472372174263;0.14121320843696594;0.12227397412061691;0.13391190767288208;0.13966768980026245;0.14038002490997314;0.14061644673347473;0.13585875928401947;0.13525931537151337;0.14334294199943542;0.13614915311336517;0.13599611818790436;0.13317370414733887;0.12275157123804092;0.12700004875659943;0.1427791714668274;0.1347721517086029;0.13449157774448395;0.13668572902679443;0.1320144385099411;0.13849210739135742;0.13084696233272552;0.12943971157073975;0.1395721733570099;0.1341804414987564;0.13650751113891602;0.12124406546354294;0.13415661454200745;0.1276465803384781;0.13805359601974487;0.13989481329917908;0.13479231297969818;0.13894617557525635;0.13795599341392517;0.1387234926223755;0.12409497052431107;0.13507671654224396;0.13576973974704742;0.12525896728038788;0.14025649428367615,256,0,0,"{'solver_error': 0, 'short_solution': 0, 'duplicate': 0, 'goal_error': 0, 'invalid_state': 19}",0.019572173357009892,inf,0.9931077614043539,filtered,99,2,4,3,143,1,1,2,1.0,0.0,0.20449210703372955,0.0,1.0,1.014731871414043e-05,0,1,0,0,0.1164433456925924,0.0,filtered,osqp optimal,0.20308346464003774,0,1,12,predictive_link_4,predictive_link_4,,,0,0,1,solved,osqp,0.0,valid,1.014731871414043e-05,1.1006809499745553,2.24668783e-20|0.00189500968|0.00137252794|0.00135047312|0.000218648973|0.000218648973,,,,,,,,,,0.00901363103184849,0.0027076679980382323,0.00127937993966043,0.0017763710347935557
164,8.25,-2.0682237893712663,0.5149054527282715,0.0656166821718216,0.18504613637924194,0.30572474002838135,1.0,4,0,0,0,0,0,0,,0,0,,-1,-1,nan,not_applicable,,,nan,0,0.02333705499768257,0.00032179566915147007,0.0007313444511964917,0.20449039340019226,0.20449039340019226,0.06561718882977681,0.0656166821718216,5.066579552154282e-07,0.14780717953934808,0.0002191961286945003,0.14780274049547096,9.924819513730914e-06,0.14779281567595723,0.14780274053708506,0,0,disabled,0.0,1,SERVO,direct_path,0,1.020902824937366,4.095793275977485,46,1,1,1,29,1.5099686265474166,0.1395721733570099,8.770709554708135e-05;0.0012075064632565823;0.001002045595193055;0.0004947495639298622;0.0029191319617776225;0.004687752307886327;0.0021986294280441393;0.007081388076490479;0.006361944035854222;0.0036740317157455495;0.006308050633232968;0.0048628460417016435;0.005157864627197516;0.0035083163354709223;0.00297567958352632;0.009165382230222119;0.003680303890197841;0.0028622156503248543;0.00643246594934489;0.002294977627307809;0.006904895741739889;0.00762442890223786;0.003450596360112283;0.0026666093906092506;0.0014808383770206178;0.004465937403331517;0.002204767434314907;0.006962396759292367;0.010301128510928327;0.003675045806114605;0.0033170432572286013;0.0012754373312521333;0.004069275100035187;0.0034737459467406853;0.015448545043067832;0.0029684132122593312;0.0040871303604292225;0.0057764255865132;0.0039005979840348107;0.0023792967281652776;0.0031816265038875045;0.005302191166000053;0.0021886603739246532;0.0018936746264764518;0.0030944249628086337;0.006389424759657725,0.13641145825386047;0.13556939363479614;0.1371055543422699;0.13672222197055817;0.13421006500720978;0.13433951139450073;0.135472372174263;0.14121320843696594;0.12227397412061691;0.13391190767288208;0.13966768980026245;0.14038002490997314;0.14061644673347473;0.13585875928401947;0.13525931537151337;0.14334294199943542;0.13614915311336517;0.13599611818790436;0.13317370414733887;0.12275157123804092;0.12700004875659943;0.1427791714668274;0.1347721517086029;0.13449157774448395;0.13668572902679443;0.1320144385099411;0.13849210739135742;0.13084696233272552;0.12943971157073975;0.1395721733570099;0.1341804414987564;0.13650751113891602;0.12124406546354294;0.13415661454200745;0.1276465803384781;0.13805359601974487;0.13989481329917908;0.13479231297969818;0.13894617557525635;0.13795599341392517;0.1387234926223755;0.12409497052431107;0.13507671654224396;0.13576973974704742;0.12525896728038788;0.14025649428367615,256,0,0,"{'solver_error': 0, 'short_solution': 0, 'duplicate': 0, 'goal_error': 0, 'invalid_state': 19}",0.019572173357009892,inf,0.9931115072648771,filtered,100,2,4,3,144,1,1,2,1.0,0.0,0.20449039340019226,0.0,1.0,1.0033342354900943e-05,0,1,0,0,0.1164433456925924,0.0,filtered,osqp optimal,0.2030843582316495,0,1,12,predictive_link_4,predictive_link_4,,,0,0,1,solved,osqp,0.0,valid,1.0033342354900943e-05,1.100640039594607,0|0.00189443103|0.0013716582|0.00134894028|0.000218513021|0.000218513021,,,,,,,,,,0.009951384970918298,0.002649277914315462,0.0013883319916203618,0.001898535992950201
165,8.3,-2.0682234179771366,0.5149053931236267,0.065616175532341,0.18504413962364197,0.3057294487953186,1.0,4,0,0,0,0,0,0,,0,0,,-1,-1,nan,not_applicable,,,nan,0,0.023321272805333138,0.00032091294997371733,0.0005981107824482024,0.2044885754585266,0.2044885754585266,0.06561667810949072,0.065616175532341,5.025771497163545e-07,0.14780602913518281,0.00021909569539052426,0.14780158937117677,1.035199327734719e-05,0.14779123737789943,0.1478015802207757,0,0,disabled,0.0,1,SERVO,direct_path,0,1.020902824937366,4.095793275977485,46,1,1,1,29,1.5099686265474166,0.1395721733570099,8.770709554708135e-05;0.0012075064632565823;0.001002045595193055;0.0004947495639298622;0.0029191319617776225;0.004687752307886327;0.0021986294280441393;0.007081388076490479;0.006361944035854222;0.0036740317157455495;0.006308050633232968;0.0048628460417016435;0.005157864627197516;0.0035083163354709223;0.00297567958352632;0.009165382230222119;0.003680303890197841;0.0028622156503248543;0.00643246594934489;0.002294977627307809;0.006904895741739889;0.00762442890223786;0.003450596360112283;0.0026666093906092506;0.0014808383770206178;0.004465937403331517;0.002204767434314907;0.006962396759292367;0.010301128510928327;0.003675045806114605;0.0033170432572286013;0.0012754373312521333;0.004069275100035187;0.0034737459467406853;0.015448545043067832;0.0029684132122593312;0.0040871303604292225;0.0057764255865132;0.0039005979840348107;0.0023792967281652776;0.0031816265038875045;0.005302191166000053;0.0021886603739246532;0.0018936746264764518;0.0030944249628086337;0.006389424759657725,0.13641145825386047;0.13556939363479614;0.1371055543422699;0.13672222197055817;0.13421006500720978;0.13433951139450073;0.135472372174263;0.14121320843696594;0.12227397412061691;0.13391190767288208;0.13966768980026245;0.14038002490997314;0.14061644673347473;0.13585875928401947;0.13525931537151337;0.14334294199943542;0.13614915311336517;0.13599611818790436;0.13317370414733887;0.12275157123804092;0.12700004875659943;0.1427791714668274;0.1347721517086029;0.13449157774448395;0.13668572902679443;0.1320144385099411;0.13849210739135742;0.13084696233272552;0.12943971157073975;0.1395721733570099;0.1341804414987564;0.13650751113891602;0.12124406546354294;0.13415661454200745;0.1276465803384781;0.13805359601974487;0.13989481329917908;0.13479231297969818;0.13894617557525635;0.13795599341392517;0.1387234926223755;0.12409497052431107;0.13507671654224396;0.13576973974704742;0.12525896728038788;0.14025649428367615,256,0,0,"{'solver_error': 0, 'short_solution': 0, 'duplicate': 0, 'goal_error': 0, 'invalid_state': 19}",0.019572173357009892,inf,0.9931241994053426,filtered,101,2,4,3,145,1,1,2,1.0,0.0,0.2044885754585266,0.0,1.0,1.0130992595738797e-05,0,1,0,0,0.1164433456925924,0.0,filtered,osqp optimal,0.2030836485405889,0,1,12,predictive_link_4,predictive_link_4,,,0,0,1,solved,osqp,0.0,valid,1.0130992595738797e-05,1.1005990449894918,0|0.00189386128|0.00137110822|0.00134800395|0.000218425979|0.000218425979,,,,,,,,,,0.009476458071731031,0.0030799349769949913,0.0014226509956642985,0.001679483917541802
166,8.35,-2.068224681800825,0.5149058103561401,0.06561565399169922,0.18504205346107483,0.30573493242263794,1.0,4,0,0,0,0,0,0,,0,0,,-1,-1,nan,not_applicable,,,nan,0,0.023305479437112808,0.00032093399204313755,0.0003161924541927874,0.20448678731918335,0.20448678731918335,0.06561617779121476,0.06561565399169922,5.237995155393804e-07,0.1478048953182834,0.00021904057532290378,0.14780045482551016,1.0202622948692762e-05,0.14779025220256148,0.14780045991362395,0,0,disabled,0.0,1,SERVO,direct_path,0,1.020902824937366,4.095793275977485,46,1,1,1,29,1.5099686265474166,0.1395721733570099,8.770709554708135e-05;0.0012075064632565823;0.001002045595193055;0.0004947495639298622;0.0029191319617776225;0.004687752307886327;0.0021986294280441393;0.007081388076490479;0.006361944035854222;0.0036740317157455495;0.006308050633232968;0.0048628460417016435;0.005157864627197516;0.0035083163354709223;0.00297567958352632;0.009165382230222119;0.003680303890197841;0.0028622156503248543;0.00643246594934489;0.002294977627307809;0.006904895741739889;0.00762442890223786;0.003450596360112283;0.0026666093906092506;0.0014808383770206178;0.004465937403331517;0.002204767434314907;0.006962396759292367;0.010301128510928327;0.003675045806114605;0.0033170432572286013;0.0012754373312521333;0.004069275100035187;0.0034737459467406853;0.015448545043067832;0.0029684132122593312;0.0040871303604292225;0.0057764255865132;0.0039005979840348107;0.0023792967281652776;0.0031816265038875045;0.005302191166000053;0.0021886603739246532;0.0018936746264764518;0.0030944249628086337;0.006389424759657725,0.13641145825386047;0.13556939363479614;0.1371055543422699;0.13672222197055817;0.13421006500720978;0.13433951139450073;0.135472372174263;0.14121320843696594;0.12227397412061691;0.13391190767288208;0.13966768980026245;0.14038002490997314;0.14061644673347473;0.13585875928401947;0.13525931537151337;0.14334294199943542;0.13614915311336517;0.13599611818790436;0.13317370414733887;0.12275157123804092;0.12700004875659943;0.1427791714668274;0.1347721517086029;0.13449157774448395;0.13668572902679443;0.1320144385099411;0.13849210739135742;0.13084696233272552;0.12943971157073975;0.1395721733570099;0.1341804414987564;0.13650751113891602;0.12124406546354294;0.13415661454200745;0.1276465803384781;0.13805359601974487;0.13989481329917908;0.13479231297969818;0.13894617557525635;0.13795599341392517;0.1387234926223755;0.12409497052431107;0.13507671654224396;0.13576973974704742;0.12525896728038788;0.14025649428367615,256,0,0,"{'solver_error': 0, 'short_solution': 0, 'duplicate': 0, 'goal_error': 0, 'invalid_state': 19}",0.019572173357009892,inf,0.9931295578993231,filtered,102,2,4,3,146,1,1,2,1.0,0.0,0.20448678731918335,0.0,1.0,1.0115636890614677e-05,0,1,0,0,0.1164433456925924,0.0,filtered,osqp optimal,0.20308377232195604,0,1,12,predictive_link_4,predictive_link_4,,,0,0,1,solved,osqp,0.0,valid,1.0115636890614677e-05,1.1005582261645948,0|0.00189322978|0.00137026988|0.00134657368|0.000218300323|0.000218300323,,,,,,,,,,0.008609655080363154,0.002588003990240395,0.0012303360272198915,0.0016153110191226006
167,8.4,-2.068222568928476,0.5149052143096924,0.06561515480279922,0.18504005670547485,0.3057394027709961,1.0,4,0,0,0,0,0,0,,0,0,,-1,-1,nan,not_applicable,,,nan,0,0.023289725184440613,0.00032118038507178426,0.00025141079095192254,0.20448489487171173,0.20448489487171173,0.06561565295706931,0.06561515480279922,4.981542700843722e-07,0.1478037085088997,0.00021889590635637514,0.14779926740210916,1.0249330260697118e-05,0.14778901807184847,0.14779926507160518,0,0,disabled,0.0,1,SERVO,direct_path,0,1.020902824937366,4.095793275977485,46,1,1,1,29,1.5099686265474166,0.1395721733570099,8.770709554708135e-05;0.0012075064632565823;0.001002045595193055;0.0004947495639298622;0.0029191319617776225;0.004687752307886327;0.0021986294280441393;0.007081388076490479;0.006361944035854222;0.0036740317157455495;0.006308050633232968;0.0048628460417016435;0.005157864627197516;0.0035083163354709223;0.00297567958352632;0.009165382230222119;0.003680303890197841;0.0028622156503248543;0.00643246594934489;0.002294977627307809;0.006904895741739889;0.00762442890223786;0.003450596360112283;0.0026666093906092506;0.0014808383770206178;0.004465937403331517;0.002204767434314907;0.006962396759292367;0.010301128510928327;0.003675045806114605;0.0033170432572286013;0.0012754373312521333;0.004069275100035187;0.0034737459467406853;0.015448545043067832;0.0029684132122593312;0.0040871303604292225;0.0057764255865132;0.0039005979840348107;0.0023792967281652776;0.0031816265038875045;0.005302191166000053;0.0021886603739246532;0.0018936746264764518;0.0030944249628086337;0.006389424759657725,0.13641145825386047;0.13556939363479614;0.1371055543422699;0.13672222197055817;0.13421006500720978;0.13433951139450073;0.135472372174263;0.14121320843696594;0.12227397412061691;0.13391190767288208;0.13966768980026245;0.14038002490997314;0.14061644673347473;0.13585875928401947;0.13525931537151337;0.14334294199943542;0.13614915311336517;0.13599611818790436;0.13317370414733887;0.12275157123804092;0.12700004875659943;0.1427791714668274;0.1347721517086029;0.13449157774448395;0.13668572902679443;0.1320144385099411;0.13849210739135742;0.13084696233272552;0.12943971157073975;0.1395721733570099;0.1341804414987564;0.13650751113891602;0.12124406546354294;0.13415661454200745;0.1276465803384781;0.13805359601974487;0.13989481329917908;0.13479231297969818;0.13894617557525635;0.13795599341392517;0.1387234926223755;0.12409497052431107;0.13507671654224396;0.13576973974704742;0.12525896728038788;0.14025649428367615,256,0,0,"{'solver_error': 0, 'short_solution': 0, 'duplicate': 0, 'goal_error': 0, 'invalid_state': 19}",0.019572173357009892,inf,0.993138847670205,filtered,103,2,4,3,147,1,1,2,1.0,0.0,0.20448489487171173,0.0,1.0,1.0120786815157046e-05,0,1,0,0,0.1164433456925924,0.0,filtered,osqp optimal,0.20308363094673793,0,1,12,predictive_link_4,predictive_link_4,,,0,0,1,solved,osqp,0.0,valid,1.0120786815157046e-05,1.1005168451441343,4.19247995e-20|0.00189263182|0.00136960547|0.00134542083|0.000218245457|0.000218245457,,,,,,,,,,0.009491197997704148,0.002618249971419573,0.001356926979497075,0.0018627429381012917
168,8.450000000000001,-2.068223460225202,0.514905571937561,0.06561463326215744,0.1850380003452301,0.3057446777820587,1.0,4,0,0,0,0,0,0,,0,0,,-1,-1,nan,not_applicable,,,nan,0,0.023273969069123268,0.0003202375955879688,0.00024217717873398215,0.20448313653469086,0.20448313653469086,0.06561515626346408,0.06561463326215744,5.230013066376271e-07,0.147802575655255,0.0002187889147586536,0.14779813383888218,1.0435094068537532e-05,0.14778769874481365,0.1477981371290297,0,0,disabled,0.0,1,SERVO,direct_path,0,1.020902824937366,4.095793275977485,46,1,1,1,29,1.5099686265474166,0.1395721733570099,8.770709554708135e-05;0.0012075064632565823;0.001002045595193055;0.0004947495639298622;0.0029191319617776225;0.004687752307886327;0.0021986294280441393;0.007081388076490479;0.006361944035854222;0.0036740317157455495;0.006308050633232968;0.0048628460417016435;0.005157864627197516;0.0035083163354709223;0.00297567958352632;0.009165382230222119;0.003680303890197841;0.0028622156503248543;0.00643246594934489;0.002294977627307809;0.006904895741739889;0.00762442890223786;0.003450596360112283;0.0026666093906092506;0.0014808383770206178;0.004465937403331517;0.002204767434314907;0.006962396759292367;0.010301128510928327;0.003675045806114605;0.0033170432572286013;0.0012754373312521333;0.004069275100035187;0.0034737459467406853;0.015448545043067832;0.0029684132122593312;0.0040871303604292225;0.0057764255865132;0.0039005979840348107;0.0023792967281652776;0.0031816265038875045;0.005302191166000053;0.0021886603739246532;0.0018936746264764518;0.0030944249628086337;0.006389424759657725,0.13641145825386047;0.13556939363479614;0.1371055543422699;0.13672222197055817;0.13421006500720978;0.13433951139450073;0.135472372174263;0.14121320843696594;0.12227397412061691;0.13391190767288208;0.13966768980026245;0.14038002490997314;0.14061644673347473;0.13585875928401947;0.13525931537151337;0.14334294199943542;0.13614915311336517;0.13599611818790436;0.13317370414733887;0.12275157123804092;0.12700004875659943;0.1427791714668274;0.1347721517086029;0.13449157774448395;0.13668572902679443;0.1320144385099411;0.13849210739135742;0.13084696233272552;0.12943971157073975;0.1395721733570099;0.1341804414987564;0.13650751113891602;0.12124406546354294;0.13415661454200745;0.1276465803384781;0.13805359601974487;0.13989481329917908;0.13479231297969818;0.13894617557525635;0.13795599341392517;0.1387234926223755;0.12409497052431107;0.13507671654224396;0.13576973974704742;0.12525896728038788;0.14025649428367615,256,0,0,"{'solver_error': 0, 'short_solution': 0, 'duplicate': 0, 'goal_error': 0, 'invalid_state': 19}",0.019572173357009892,inf,0.9931473475052868,filtered,104,2,4,3,148,1,1,2,1.0,0.0,0.20448313653469086,0.0,1.0,1.0169195586176571e-05,0,1,0,0,0.1164433456925924,0.0,filtered,osqp optimal,0.2030833182755594,0,1,12,predictive_link_4,predictive_link_4,,,0,0,1,solved,osqp,0.0,valid,1.0169195586176571e-05,1.100475644546183,0|0.00189212043|0.00136893719|0.00134421949|0.000218113283|0.000218113283,,,,,,,,,,0.00889294093940407,0.0025536559987813234,0.0012560200411826372,0.0017870150040835142
169,8.5,-2.0682213810681858,0.5149049162864685,0.06561414897441864,0.18503600358963013,0.30574917793273926,1.0,4,0,0,0,0,0,0,,0,0,,-1,-1,nan,not_applicable,,,nan,0,0.02325822040438652,0.000321494007948786,0.0003357830864842981,0.20448121428489685,0.20448121428489685,0.06561463505220218,0.06561414897441864,4.860777835374863e-07,0.14780140075439888,0.000218627152648701,0.14779695835178283,1.0348384100099987e-05,0.14778660996768272,0.14779696238385848,0,0,disabled,0.0,1,SERVO,direct_path,0,1.020902824937366,4.095793275977485,46,1,1,1,29,1.5099686265474166,0.1395721733570099,8.770709554708135e-05;0.0012075064632565823;0.001002045595193055;0.0004947495639298622;0.0029191319617776225;0.004687752307886327;0.0021986294280441393;0.007081388076490479;0.006361944035854222;0.0036740317157455495;0.006308050633232968;0.0048628460417016435;0.005157864627197516;0.0035083163354709223;0.00297567958352632;0.009165382230222119;0.003680303890197841;0.0028622156503248543;0.00643246594934489;0.002294977627307809;0.006904895741739889;0.00762442890223786;0.003450596360112283;0.0026666093906092506;0.0014808383770206178;0.004465937403331517;0.002204767434314907;0.006962396759292367;0.010301128510928327;0.003675045806114605;0.0033170432572286013;0.0012754373312521333;0.004069275100035187;0.0034737459467406853;0.015448545043067832;0.0029684132122593312;0.0040871303604292225;0.0057764255865132;0.0039005979840348107;0.0023792967281652776;0.0031816265038875045;0.005302191166000053;0.0021886603739246532;0.0018936746264764518;0.0030944249628086337;0.006389424759657725,0.13641145825386047;0.13556939363479614;0.1371055543422699;0.13672222197055817;0.13421006500720978;0.13433951139450073;0.135472372174263;0.14121320843696594;0.12227397412061691;0.13391190767288208;0.13966768980026245;0.14038002490997314;0.14061644673347473;0.13585875928401947;0.13525931537151337;0.14334294199943542;0.13614915311336517;0.13599611818790436;0.13317370414733887;0.12275157123804092;0.12700004875659943;0.1427791714668274;0.1347721517086029;0.13449157774448395;0.13668572902679443;0.1320144385099411;0.13849210739135742;0.13084696233272552;0.12943971157073975;0.1395721733570099;0.1341804414987564;0.13650751113891602;0.12124406546354294;0.13415661454200745;0.1276465803384781;0.13805359601974487;0.13989481329917908;0.13479231297969818;0.13894617557525635;0.13795599341392517;0.1387234926223755;0.12409497052431107;0.13507671654224396;0.13576973974704742;0.12525896728038788;0.14025649428367615,256,0,0,"{'solver_error': 0, 'short_solution': 0, 'duplicate': 0, 'goal_error': 0, 'invalid_state': 19}",0.019572173357009892,inf,0.9931543584333958,filtered,105,2,4,3,149,1,1,2,1.0,0.0,0.20448121428489685,0.0,1.0,1.0143378640595224e-05,0,1,0,0,0.1164433456925924,0.0,filtered,osqp optimal,0.20308337311870622,0,1,12,predictive_link_4,predictive_link_4,,,0,0,1,solved,osqp,0.0,valid,1.0143378640595224e-05,1.1004343748930825,0|0.00189150764|0.00136817426|0.00134291077|0.000217994495|0.000217994495,,,,,,,,,,0.009975744993425906,0.002961359918117523,0.0015925110783427954,0.001856435090303421
170,8.55,-2.0682231625257623,0.5149056315422058,0.06561361253261566,0.185033917427063,0.305754691362381,1.0,4,0,0,0,0,0,0,,0,0,,-1,-1,nan,not_applicable,,,nan,0,0.023242490366101265,0.00031987958936952055,0.0003966720832977444,0.20447953045368195,0.20447953045368195,0.06561415054425863,0.06561361253261566,5.380116429726245e-07,0.1478003020940678,0.00021852453427700165,0.14779585898389022,1.0719372725916592e-05,0.1477851396111643,0.14779586251995455,0,0,disabled,0.0,1,SERVO,direct_path,0,1.020902824937366,4.095793275977485,46,1,1,1,29,1.5099686265474166,0.1395721733570099,8.770709554708135e-05;0.0012075064632565823;0.001002045595193055;0.0004947495639298622;0.0029191319617776225;0.004687752307886327;0.0021986294280441393;0.007081388076490479;0.006361944035854222;0.0036740317157455495;0.006308050633232968;0.0048628460417016435;0.005157864627197516;0.0035083163354709223;0.00297567958352632;0.009165382230222119;0.003680303890197841;0.0028622156503248543;0.00643246594934489;0.002294977627307809;0.006904895741739889;0.00762442890223786;0.003450596360112283;0.0026666093906092506;0.0014808383770206178;0.004465937403331517;0.002204767434314907;0.006962396759292367;0.010301128510928327;0.003675045806114605;0.0033170432572286013;0.0012754373312521333;0.004069275100035187;0.0034737459467406853;0.015448545043067832;0.0029684132122593312;0.0040871303604292225;0.0057764255865132;0.0039005979840348107;0.0023792967281652776;0.0031816265038875045;0.005302191166000053;0.0021886603739246532;0.0018936746264764518;0.0030944249628086337;0.006389424759657725,0.13641145825386047;0.13556939363479614;0.1371055543422699;0.13672222197055817;0.13421006500720978;0.13433951139450073;0.135472372174263;0.14121320843696594;0.12227397412061691;0.13391190767288208;0.13966768980026245;0.14038002490997314;0.14061644673347473;0.13585875928401947;0.13525931537151337;0.14334294199943542;0.13614915311336517;0.13599611818790436;0.13317370414733887;0.12275157123804092;0.12700004875659943;0.1427791714668274;0.1347721517086029;0.13449157774448395;0.13668572902679443;0.1320144385099411;0.13849210739135742;0.13084696233272552;0.12943971157073975;0.1395721733570099;0.1341804414987564;0.13650751113891602;0.12124406546354294;0.13415661454200745;0.1276465803384781;0.13805359601974487;0.13989481329917908;0.13479231297969818;0.13894617557525635;0.13795599341392517;0.1387234926223755;0.12409497052431107;0.13507671654224396;0.13576973974704742;0.12525896728038788;0.14025649428367615,256,0,0,"{'solver_error': 0, 'short_solution': 0, 'duplicate': 0, 'goal_error': 0, 'invalid_state': 19}",0.019572173357009892,inf,0.9931639629044697,filtered,106,2,4,3,150,1,1,2,1.0,0.0,0.20447953045368195,0.0,1.0,1.0227385653580057e-05,0,1,0,0,0.1164433456925924,0.0,filtered,osqp optimal,0.20308287610888548,0,1,12,predictive_link_4,predictive_link_4,,,0,0,1,solved,osqp,0.0,valid,1.0227385653580057e-05,1.1003930418671788,0|0.00189102018|0.00136755207|0.00134178093|0.00021784946|0.00021784946,,,,,,,,,,0.009645211976021528,0.003082653973251581,0.0013805079506710172,0.0017938049277290702
171,8.6,-2.068221352804785,0.5149052143096924,0.06561307609081268,0.18503186106681824,0.3057594895362854,1.0,4,0,0,0,0,0,0,,0,0,,-1,-1,nan,not_applicable,,,nan,0,0.02322676032781601,0.00032048759749159217,0.000427220540586859,0.20447751879692078,0.20447751879692078,0.0656136076210315,0.06561307609081268,5.315302188113602e-07,0.14779906997372885,0.0002183632063234451,0.14779462623306447,1.0416534098693603e-05,0.14778420969896577,0.14779461516972384,0,0,disabled,0.0,1,SERVO,direct_path,0,1.020902824937366,4.095793275977485,46,1,1,1,29,1.5099686265474166,0.1395721733570099,8.770709554708135e-05;0.0012075064632565823;0.001002045595193055;0.0004947495639298622;0.0029191319617776225;0.004687752307886327;0.0021986294280441393;0.007081388076490479;0.006361944035854222;0.0036740317157455495;0.006308050633232968;0.0048628460417016435;0.005157864627197516;0.0035083163354709223;0.00297567958352632;0.009165382230222119;0.003680303890197841;0.0028622156503248543;0.00643246594934489;0.002294977627307809;0.006904895741739889;0.00762442890223786;0.003450596360112283;0.0026666093906092506;0.0014808383770206178;0.004465937403331517;0.002204767434314907;0.006962396759292367;0.010301128510928327;0.003675045806114605;0.0033170432572286013;0.0012754373312521333;0.004069275100035187;0.0034737459467406853;0.015448545043067832;0.0029684132122593312;0.0040871303604292225;0.0057764255865132;0.0039005979840348107;0.0023792967281652776;0.0031816265038875045;0.005302191166000053;0.0021886603739246532;0.0018936746264764518;0.0030944249628086337;0.006389424759657725,0.13641145825386047;0.13556939363479614;0.1371055543422699;0.13672222197055817;0.13421006500720978;0.13433951139450073;0.135472372174263;0.14121320843696594;0.12227397412061691;0.13391190767288208;0.13966768980026245;0.14038002490997314;0.14061644673347473;0.13585875928401947;0.13525931537151337;0.14334294199943542;0.13614915311336517;0.13599611818790436;0.13317370414733887;0.12275157123804092;0.12700004875659943;0.1427791714668274;0.1347721517086029;0.13449157774448395;0.13668572902679443;0.1320144385099411;0.13849210739135742;0.13084696233272552;0.12943971157073975;0.1395721733570099;0.1341804414987564;0.13650751113891602;0.12124406546354294;0.13415661454200745;0.1276465803384781;0.13805359601974487;0.13989481329917908;0.13479231297969818;0.13894617557525635;0.13795599341392517;0.1387234926223755;0.12409497052431107;0.13507671654224396;0.13576973974704742;0.12525896728038788;0.14025649428367615,256,0,0,"{'solver_error': 0, 'short_solution': 0, 'duplicate': 0, 'goal_error': 0, 'invalid_state': 19}",0.019572173357009892,inf,0.9931697107201993,filtered,107,2,4,3,151,1,1,2,1.0,0.0,0.20447751879692078,0.0,1.0,1.0166952017318098e-05,0,1,0,0,0.1164433456925924,0.0,filtered,osqp optimal,0.2030830813182771,0,1,12,predictive_link_4,predictive_link_4,,,0,0,1,solved,osqp,0.0,valid,1.0166952017318098e-05,1.1003516409080556,8.33616008e-20|0.00189040856|0.00136675107|0.00134039653|0.000217733518|0.000217733518,,,,,,,,,,0.008803460979834199,0.0025843449402600527,0.0012385130394250154,0.0016503810184076428
172,8.65,-2.068222301755144,0.5149054527282715,0.0656125470995903,0.1850298047065735,0.3057645857334137,1.0,4,0,0,0,0,0,0,,0,0,,-1,-1,nan,not_applicable,,,nan,0,0.023211032152175903,0.0003204499662388116,0.00034158851485699415,0.20447558164596558,0.20447558164596558,0.06561307505758208,0.0656125470995903,5.2795799178329e-07,0.1477978678976498,0.0002183079135358012,0.14779342352488187,1.0719639512750827e-05,0.14778270388536913,0.14779342119753042,0,0,disabled,0.0,1,SERVO,direct_path,0,1.020902824937366,4.095793275977485,46,1,1,1,29,1.5099686265474166,0.1395721733570099,8.770709554708135e-05;0.0012075064632565823;0.001002045595193055;0.0004947495639298622;0.0029191319617776225;0.004687752307886327;0.0021986294280441393;0.007081388076490479;0.006361944035854222;0.0036740317157455495;0.006308050633232968;0.0048628460417016435;0.005157864627197516;0.0035083163354709223;0.00297567958352632;0.009165382230222119;0.003680303890197841;0.0028622156503248543;0.00643246594934489;0.002294977627307809;0.006904895741739889;0.00762442890223786;0.003450596360112283;0.0026666093906092506;0.0014808383770206178;0.004465937403331517;0.002204767434314907;0.006962396759292367;0.010301128510928327;0.003675045806114605;0.0033170432572286013;0.0012754373312521333;0.004069275100035187;0.0034737459467406853;0.015448545043067832;0.0029684132122593312;0.0040871303604292225;0.0057764255865132;0.0039005979840348107;0.0023792967281652776;0.0031816265038875045;0.005302191166000053;0.0021886603739246532;0.0018936746264764518;0.0030944249628086337;0.006389424759657725,0.13641145825386047;0.13556939363479614;0.1371055543422699;0.13672222197055817;0.13421006500720978;0.13433951139450073;0.135472372174263;0.14121320843696594;0.12227397412061691;0.13391190767288208;0.13966768980026245;0.14038002490997314;0.14061644673347473;0.13585875928401947;0.13525931537151337;0.14334294199943542;0.13614915311336517;0.13599611818790436;0.13317370414733887;0.12275157123804092;0.12700004875659943;0.1427791714668274;0.1347721517086029;0.13449157774448395;0.13668572902679443;0.1320144385099411;0.13849210739135742;0.13084696233272552;0.12943971157073975;0.1395721733570099;0.1341804414987564;0.13650751113891602;0.12124406546354294;0.13415661454200745;0.1276465803384781;0.13805359601974487;0.13989481329917908;0.13479231297969818;0.13894617557525635;0.13795599341392517;0.1387234926223755;0.12409497052431107;0.13507671654224396;0.13576973974704742;0.12525896728038788;0.14025649428367615,256,0,0,"{'solver_error': 0, 'short_solution': 0, 'duplicate': 0, 'goal_error': 0, 'invalid_state': 19}",0.019572173357009892,inf,0.9931804851367129,filtered,108,2,4,3,152,1,1,2,1.0,0.0,0.20447558164596558,0.0,1.0,1.0227381665880997e-05,0,1,0,0,0.1164433456925924,0.0,filtered,osqp optimal,0.20308250145130877,0,1,12,predictive_link_4,predictive_link_4,,,0,0,1,solved,osqp,0.0,valid,1.0227381665880997e-05,1.1003101743423764,0|0.00188987127|0.00136614756|0.00133934031|0.00021759373|0.00021759373,,,,,,,,,,0.008984423009678721,0.002539649954997003,0.0012518620351329446,0.0019250119803473353
173,8.700000000000001,-2.0682219919294753,0.5149052739143372,0.06561204791069031,0.18502771854400635,0.30576959252357483,1.0,4,0,0,0,0,0,0,,0,0,,-1,-1,nan,not_applicable,,,nan,0,0.023195315152406693,0.00032026570988819003,0.00026034846086986363,0.20447365939617157,0.20447365939617157,0.06561254429313078,0.06561204791069031,4.963824404707884e-07,0.14779666394382798,0.00021816138197848901,0.147792218943397,1.0578483701758867e-05,0.14778164045969525,0.14779221262184877,0,0,disabled,0.0,1,SERVO,direct_path,0,1.020902824937366,4.095793275977485,46,1,1,1,29,1.5099686265474166,0.1395721733570099,8.770709554708135e-05;0.0012075064632565823;0.001002045595193055;0.0004947495639298622;0.0029191319617776225;0.004687752307886327;0.0021986294280441393;0.007081388076490479;0.006361944035854222;0.0036740317157455495;0.006308050633232968;0.0048628460417016435;0.005157864627197516;0.0035083163354709223;0.00297567958352632;0.009165382230222119;0.003680303890197841;0.0028622156503248543;0.00643246594934489;0.002294977627307809;0.006904895741739889;0.00762442890223786;0.003450596360112283;0.0026666093906092506;0.0014808383770206178;0.004465937403331517;0.002204767434314907;0.006962396759292367;0.010301128510928327;0.003675045806114605;0.0033170432572286013;0.0012754373312521333;0.004069275100035187;0.0034737459467406853;0.015448545043067832;0.0029684132122593312;0.0040871303604292225;0.0057764255865132;0.0039005979840348107;0.0023792967281652776;0.0031816265038875045;0.005302191166000053;0.0021886603739246532;0.0018936746264764518;0.0030944249628086337;0.006389424759657725,0.13641145825386047;0.13556939363479614;0.1371055543422699;0.13672222197055817;0.13421006500720978;0.13433951139450073;0.135472372174263;0.14121320843696594;0.12227397412061691;0.13391190767288208;0.13966768980026245;0.14038002490997314;0.14061644673347473;0.13585875928401947;0.13525931537151337;0.14334294199943542;0.13614915311336517;0.13599611818790436;0.13317370414733887;0.12275157123804092;0.12700004875659943;0.1427791714668274;0.1347721517086029;0.13449157774448395;0.13668572902679443;0.1320144385099411;0.13849210739135742;0.13084696233272552;0.12943971157073975;0.1395721733570099;0.1341804414987564;0.13650751113891602;0.12124406546354294;0.13415661454200745;0.1276465803384781;0.13805359601974487;0.13989481329917908;0.13479231297969818;0.13894617557525635;0.13795599341392517;0.1387234926223755;0.12409497052431107;0.13507671654224396;0.13576973974704742;0.12525896728038788;0.14025649428367615,256,0,0,"{'solver_error': 0, 'short_solution': 0, 'duplicate': 0, 'goal_error': 0, 'invalid_state': 19}",0.019572173357009892,inf,0.9931870584084274,filtered,109,2,4,3,153,1,1,2,1.0,0.0,0.20447365939617157,0.0,1.0,1.0198189692015025e-05,0,1,0,0,0.1164433456925924,0.0,filtered,osqp optimal,0.20308256376536923,0,1,12,predictive_link_4,predictive_link_4,,,0,0,1,solved,osqp,0.0,valid,1.0198189692015025e-05,1.100268643542296,6.24609623e-20|0.00188933451|0.00136542515|0.0013380291|0.000217511433|0.000217511433,,,,,,,,,,0.009076287969946861,0.002524445066228509,0.0012700509978458285,0.002038682927377522
174,8.75,-2.0682206013996085,0.5149050951004028,0.06561151891946793,0.18502569198608398,0.305774450302124,1.0,4,0,0,0,0,0,0,,0,0,,-1,-1,nan,not_applicable,,,nan,0,0.023179616779088974,0.0003187576949130744,0.0003275600611232221,0.2044718712568283,0.2044718712568283,0.06561204166287947,0.06561151891946793,5.227434115434582e-07,0.14779552993325523,0.00021808694213946623,0.14779108419551895,1.0704309200526183e-05,0.14778037988631842,0.14779107012233011,0,0,disabled,0.0,1,SERVO,direct_path,0,1.020902824937366,4.095793275977485,46,1,1,1,29,1.5099686265474166,0.1395721733570099,8.770709554708135e-05;0.0012075064632565823;0.001002045595193055;0.0004947495639298622;0.0029191319617776225;0.004687752307886327;0.0021986294280441393;0.007081388076490479;0.006361944035854222;0.0036740317157455495;0.006308050633232968;0.0048628460417016435;0.005157864627197516;0.0035083163354709223;0.00297567958352632;0.009165382230222119;0.003680303890197841;0.0028622156503248543;0.00643246594934489;0.002294977627307809;0.006904895741739889;0.00762442890223786;0.003450596360112283;0.0026666093906092506;0.0014808383770206178;0.004465937403331517;0.002204767434314907;0.006962396759292367;0.010301128510928327;0.003675045806114605;0.0033170432572286013;0.0012754373312521333;0.004069275100035187;0.0034737459467406853;0.015448545043067832;0.0029684132122593312;0.0040871303604292225;0.0057764255865132;0.0039005979840348107;0.0023792967281652776;0.0031816265038875045;0.005302191166000053;0.0021886603739246532;0.0018936746264764518;0.0030944249628086337;0.006389424759657725,0.13641145825386047;0.13556939363479614;0.1371055543422699;0.13672222197055817;0.13421006500720978;0.13433951139450073;0.135472372174263;0.14121320843696594;0.12227397412061691;0.13391190767288208;0.13966768980026245;0.14038002490997314;0.14061644673347473;0.13585875928401947;0.13525931537151337;0.14334294199943542;0.13614915311336517;0.13599611818790436;0.13317370414733887;0.12275157123804092;0.12700004875659943;0.1427791714668274;0.1347721517086029;0.13449157774448395;0.13668572902679443;0.1320144385099411;0.13849210739135742;0.13084696233272552;0.12943971157073975;0.1395721733570099;0.1341804414987564;0.13650751113891602;0.12124406546354294;0.13415661454200745;0.1276465803384781;0.13805359601974487;0.13989481329917908;0.13479231297969818;0.13894617557525635;0.13795599341392517;0.1387234926223755;0.12409497052431107;0.13507671654224396;0.13576973974704742;0.12525896728038788;0.14025649428367615,256,0,0,"{'solver_error': 0, 'short_solution': 0, 'duplicate': 0, 'goal_error': 0, 'invalid_state': 19}",0.019572173357009892,inf,0.9931967000790696,filtered,110,2,4,3,154,1,1,2,1.0,0.0,0.2044718712568283,0.0,1.0,1.0240112183909633e-05,0,1,0,0,0.1164433456925924,0.0,filtered,osqp optimal,0.2030822554776767,0,1,12,predictive_link_4,predictive_link_4,,,0,0,1,solved,osqp,0.0,valid,1.0240112183909633e-05,1.1002269991192277,2.5909393e-21|0.00188880773|0.00136479844|0.00133691257|0.000217389522|0.000217389522,,,,,,,,,,0.00956219993531704,0.002944773994386196,0.001249876106157899,0.0020541080739349127
175,8.8,-2.0682183854410545,0.5149046778678894,0.06561096757650375,0.18502366542816162,0.30577918887138367,1.0,4,0,0,0,0,0,0,,0,0,,-1,-1,nan,not_applicable,,,nan,0,0.023163940757513046,0.0003194060118403286,0.0002918302488978952,0.2044699341058731,0.2044699341058731,0.0656115144974707,0.06561096757650375,5.46920966945641e-07,0.147794331172709,0.00021792940839347047,0.14778988482541813,1.0762517901626008e-05,0.1477791223075165,0.14778987486487352,0,0,disabled,0.0,1,SERVO,direct_path,0,1.020902824937366,4.095793275977485,46,1,1,1,29,1.5099686265474166,0.1395721733570099,8.770709554708135e-05;0.0012075064632565823;0.001002045595193055;0.0004947495639298622;0.0029191319617776225;0.004687752307886327;0.0021986294280441393;0.007081388076490479;0.006361944035854222;0.0036740317157455495;0.006308050633232968;0.0048628460417016435;0.005157864627197516;0.0035083163354709223;0.00297567958352632;0.009165382230222119;0.003680303890197841;0.0028622156503248543;0.00643246594934489;0.002294977627307809;0.006904895741739889;0.00762442890223786;0.003450596360112283;0.0026666093906092506;0.0014808383770206178;0.004465937403331517;0.002204767434314907;0.006962396759292367;0.010301128510928327;0.003675045806114605;0.0033170432572286013;0.0012754373312521333;0.004069275100035187;0.0034737459467406853;0.015448545043067832;0.0029684132122593312;0.0040871303604292225;0.0057764255865132;0.0039005979840348107;0.0023792967281652776;0.0031816265038875045;0.005302191166000053;0.0021886603739246532;0.0018936746264764518;0.0030944249628086337;0.006389424759657725,0.13641145825386047;0.13556939363479614;0.1371055543422699;0.13672222197055817;0.13421006500720978;0.13433951139450073;0.135472372174263;0.14121320843696594;0.12227397412061691;0.13391190767288208;0.13966768980026245;0.14038002490997314;0.14061644673347473;0.13585875928401947;0.13525931537151337;0.14334294199943542;0.13614915311336517;0.13599611818790436;0.13317370414733887;0.12275157123804092;0.12700004875659943;0.1427791714668274;0.1347721517086029;0.13449157774448395;0.13668572902679443;0.1320144385099411;0.13849210739135742;0.13084696233272552;0.12943971157073975;0.1395721733570099;0.1341804414987564;0.13650751113891602;0.12124406546354294;0.13415661454200745;0.1276465803384781;0.13805359601974487;0.13989481329917908;0.13479231297969818;0.13894617557525635;0.13795599341392517;0.1387234926223755;0.12409497052431107;0.13507671654224396;0.13576973974704742;0.12525896728038788;0.14025649428367615,256,0,0,"{'solver_error': 0, 'short_solution': 0, 'duplicate': 0, 'goal_error': 0, 'invalid_state': 19}",0.019572173357009892,inf,0.99320387801701,filtered,111,2,4,3,155,1,1,2,1.0,0.0,0.2044699341058731,0.0,1.0,1.0247867912024922e-05,0,1,0,0,0.1164433456925924,0.0,filtered,osqp optimal,0.2030820374699052,0,1,12,predictive_link_4,predictive_link_4,,,0,0,1,solved,osqp,0.0,valid,1.0247867912024922e-05,1.1001853706502356,0|0.00188816048|0.00136403951|0.00133562537|0.000217296057|0.000217296057,,,,,,,,,,0.010543794953264296,0.003592952969484031,0.0013675449881702662,0.001968774013221264
176,8.85,-2.068219909675149,0.5149050951004028,0.06561041623353958,0.18502160906791687,0.3057844638824463,1.0,4,0,0,0,0,0,0,,0,0,,-1,-1,nan,not_applicable,,,nan,0,0.02314823493361473,0.00031962638604454696,0.00021069624926894903,0.20446790754795074,0.20446790754795074,0.0656109637941488,0.06561041623353958,5.475606092153473e-07,0.14779308877125003,0.00021788095633698207,0.14778864176096984,1.1062510273223972e-05,0.14777757925069662,0.1477886332412189,0,0,disabled,0.0,1,SERVO,direct_path,0,1.020902824937366,4.095793275977485,46,1,1,1,29,1.5099686265474166,0.1395721733570099,8.770709554708135e-05;0.0012075064632565823;0.001002045595193055;0.0004947495639298622;0.0029191319617776225;0.004687752307886327;0.0021986294280441393;0.007081388076490479;0.006361944035854222;0.0036740317157455495;0.006308050633232968;0.0048628460417016435;0.005157864627197516;0.0035083163354709223;0.00297567958352632;0.009165382230222119;0.003680303890197841;0.0028622156503248543;0.00643246594934489;0.002294977627307809;0.006904895741739889;0.00762442890223786;0.003450596360112283;0.0026666093906092506;0.0014808383770206178;0.004465937403331517;0.002204767434314907;0.006962396759292367;0.010301128510928327;0.003675045806114605;0.0033170432572286013;0.0012754373312521333;0.004069275100035187;0.0034737459467406853;0.015448545043067832;0.0029684132122593312;0.0040871303604292225;0.0057764255865132;0.0039005979840348107;0.0023792967281652776;0.0031816265038875045;0.005302191166000053;0.0021886603739246532;0.0018936746264764518;0.0030944249628086337;0.006389424759657725,0.13641145825386047;0.13556939363479614;0.1371055543422699;0.13672222197055817;0.13421006500720978;0.13433951139450073;0.135472372174263;0.14121320843696594;0.12227397412061691;0.13391190767288208;0.13966768980026245;0.14038002490997314;0.14061644673347473;0.13585875928401947;0.13525931537151337;0.14334294199943542;0.13614915311336517;0.13599611818790436;0.13317370414733887;0.12275157123804092;0.12700004875659943;0.1427791714668274;0.1347721517086029;0.13449157774448395;0.13668572902679443;0.1320144385099411;0.13849210739135742;0.13084696233272552;0.12943971157073975;0.1395721733570099;0.1341804414987564;0.13650751113891602;0.12124406546354294;0.13415661454200745;0.1276465803384781;0.13805359601974487;0.13989481329917908;0.13479231297969818;0.13894617557525635;0.13795599341392517;0.1387234926223755;0.12409497052431107;0.13507671654224396;0.13576973974704742;0.12525896728038788;0.14025649428367615,256,0,0,"{'solver_error': 0, 'short_solution': 0, 'duplicate': 0, 'goal_error': 0, 'invalid_state': 19}",0.019572173357009892,inf,0.9932122214347207,filtered,112,2,4,3,156,1,1,2,1.0,0.0,0.20446790754795074,0.0,1.0,1.0312280945154462e-05,0,1,0,0,0.1164433456925924,0.0,filtered,osqp optimal,0.20308133513240506,0,1,12,predictive_link_4,predictive_link_4,,,0,0,1,solved,osqp,0.0,valid,1.0312280945154462e-05,1.1001436556524598,6.20104832e-20|0.00188763089|0.00136336449|0.00133442226|0.000217159137|0.000217159137,,,,,,,,,,0.010375279933214188,0.003154069068841636,0.0012784679420292377,0.0020732079865410924
177,8.9,-2.068218947371817,0.5149048566818237,0.065609872341156,0.18501955270767212,0.30578938126564026,1.0,4,0,0,0,0,0,0,,0,0,,-1,-1,nan,not_applicable,,,nan,0,0.0231325626373291,0.00031907588709145784,0.0002492928470019251,0.20446594059467316,0.20446594059467316,0.06561041488729609,0.065609872341156,5.42546140083755e-07,0.1477918459199295,0.00021771852207490066,0.14778739827103832,1.0965856688405302e-05,0.1477764324143499,0.1477873952386262,0,0,disabled,0.0,1,SERVO,direct_path,0,1.020902824937366,4.095793275977485,46,1,1,1,29,1.5099686265474166,0.1395721733570099,8.770709554708135e-05;0.0012075064632565823;0.001002045595193055;0.0004947495639298622;0.0029191319617776225;0.004687752307886327;0.0021986294280441393;0.007081388076490479;0.006361944035854222;0.0036740317157455495;0.006308050633232968;0.0048628460417016435;0.005157864627197516;0.0035083163354709223;0.00297567958352632;0.009165382230222119;0.003680303890197841;0.0028622156503248543;0.00643246594934489;0.002294977627307809;0.006904895741739889;0.00762442890223786;0.003450596360112283;0.0026666093906092506;0.0014808383770206178;0.004465937403331517;0.002204767434314907;0.006962396759292367;0.010301128510928327;0.003675045806114605;0.0033170432572286013;0.0012754373312521333;0.004069275100035187;0.0034737459467406853;0.015448545043067832;0.0029684132122593312;0.0040871303604292225;0.0057764255865132;0.0039005979840348107;0.0023792967281652776;0.0031816265038875045;0.005302191166000053;0.0021886603739246532;0.0018936746264764518;0.0030944249628086337;0.006389424759657725,0.13641145825386047;0.13556939363479614;0.1371055543422699;0.13672222197055817;0.13421006500720978;0.13433951139450073;0.135472372174263;0.14121320843696594;0.12227397412061691;0.13391190767288208;0.13966768980026245;0.14038002490997314;0.14061644673347473;0.13585875928401947;0.13525931537151337;0.14334294199943542;0.13614915311336517;0.13599611818790436;0.13317370414733887;0.12275157123804092;0.12700004875659943;0.1427791714668274;0.1347721517086029;0.13449157774448395;0.13668572902679443;0.1320144385099411;0.13849210739135742;0.13084696233272552;0.12943971157073975;0.1395721733570099;0.1341804414987564;0.13650751113891602;0.12124406546354294;0.13415661454200745;0.1276465803384781;0.13805359601974487;0.13989481329917908;0.13479231297969818;0.13894617557525635;0.13795599341392517;0.1387234926223755;0.12409497052431107;0.13507671654224396;0.13576973974704742;0.12525896728038788;0.14025649428367615,256,0,0,"{'solver_error': 0, 'short_solution': 0, 'duplicate': 0, 'goal_error': 0, 'invalid_state': 19}",0.019572173357009892,inf,0.9932186305803491,filtered,113,2,4,3,157,1,1,2,1.0,0.0,0.20446594059467316,0.0,1.0,1.0294352633069548e-05,0,1,0,0,0.1164433456925924,0.0,filtered,osqp optimal,0.2030812592957604,0,1,12,predictive_link_4,predictive_link_4,,,0,0,1,solved,osqp,0.0,valid,1.0294352633069548e-05,1.1001018613028548,0|0.00188706103|0.00136262833|0.00133310384|0.000217087042|0.000217087042,,,,,,,,,,0.009386227000504732,0.0030808589654043317,0.001235372037626803,0.001602671924047172
178,8.950000000000001,-2.0682205422034827,0.5149053931236267,0.06560930609703064,0.1850174367427826,0.3057948648929596,1.0,4,0,0,0,0,0,0,,0,0,,-1,-1,nan,not_applicable,,,nan,0,0.02311689220368862,0.0003188232076354325,0.00019740515563171357,0.20446397364139557,0.20446397364139557,0.06560987630000129,0.06560930609703064,5.702029706455836e-07,0.14779063678683216,0.00021766119829174052,0.14778618847883448,1.1176423658958986e-05,0.14777501205517551,0.14778619739613053,0,0,disabled,0.0,1,SERVO,direct_path,0,1.020902824937366,4.095793275977485,46,1,1,1,29,1.5099686265474166,0.1395721733570099,8.770709554708135e-05;0.0012075064632565823;0.001002045595193055;0.0004947495639298622;0.0029191319617776225;0.004687752307886327;0.0021986294280441393;0.007081388076490479;0.006361944035854222;0.0036740317157455495;0.006308050633232968;0.0048628460417016435;0.005157864627197516;0.0035083163354709223;0.00297567958352632;0.009165382230222119;0.003680303890197841;0.0028622156503248543;0.00643246594934489;0.002294977627307809;0.006904895741739889;0.00762442890223786;0.003450596360112283;0.0026666093906092506;0.0014808383770206178;0.004465937403331517;0.002204767434314907;0.006962396759292367;0.010301128510928327;0.003675045806114605;0.0033170432572286013;0.0012754373312521333;0.004069275100035187;0.0034737459467406853;0.015448545043067832;0.0029684132122593312;0.0040871303604292225;0.0057764255865132;0.0039005979840348107;0.0023792967281652776;0.0031816265038875045;0.005302191166000053;0.0021886603739246532;0.0018936746264764518;0.0030944249628086337;0.006389424759657725,0.13641145825386047;0.13556939363479614;0.1371055543422699;0.13672222197055817;0.13421006500720978;0.13433951139450073;0.135472372174263;0.14121320843696594;0.12227397412061691;0.13391190767288208;0.13966768980026245;0.14038002490997314;0.14061644673347473;0.13585875928401947;0.13525931537151337;0.14334294199943542;0.13614915311336517;0.13599611818790436;0.13317370414733887;0.12275157123804092;0.12700004875659943;0.1427791714668274;0.1347721517086029;0.13449157774448395;0.13668572902679443;0.1320144385099411;0.13849210739135742;0.13084696233272552;0.12943971157073975;0.1395721733570099;0.1341804414987564;0.13650751113891602;0.12124406546354294;0.13415661454200745;0.1276465803384781;0.13805359601974487;0.13989481329917908;0.13479231297969818;0.13894617557525635;0.13795599341392517;0.1387234926223755;0.12409497052431107;0.13507671654224396;0.13576973974704742;0.12525896728038788;0.14025649428367615,256,0,0,"{'solver_error': 0, 'short_solution': 0, 'duplicate': 0, 'goal_error': 0, 'invalid_state': 19}",0.019572173357009892,inf,0.9932278143984005,filtered,114,2,4,3,158,1,1,2,1.0,0.0,0.20446397364139557,0.0,1.0,1.0340581479098554e-05,0,1,0,0,0.1164433456925924,0.0,filtered,osqp optimal,0.2030807447003471,0,1,12,predictive_link_4,predictive_link_4,,,0,0,1,solved,osqp,0.0,valid,1.0340581479098554e-05,1.1000600021657392,1.28825171e-21|0.0018865057|0.0013619731|0.00133195781|0.000216950761|0.000216950761,,,,,,,,,,0.009790266980417073,0.0028285851003602147,0.001650097081437707,0.00179110502358526
179,9.0,-2.068218076840686,0.5149046778678894,0.06560876965522766,0.18501538038253784,0.3057994842529297,1.0,4,0,0,0,0,0,0,,0,0,,-1,-1,nan,not_applicable,,,nan,0,0.02310122922062874,0.00031994745950214565,0.00038312532706186175,0.20446179807186127,0.20446179807186127,0.06560930464173469,0.06560876965522766,5.349865070253257e-07,0.14778933836649755,0.00021749424567883802,0.14778488950917648,1.091083441661429e-05,0.14777397867475986,0.14778488623112396,0,0,disabled,0.0,1,SERVO,direct_path,0,1.020902824937366,4.095793275977485,46,1,1,1,29,1.5099686265474166,0.1395721733570099,8.770709554708135e-05;0.0012075064632565823;0.001002045595193055;0.0004947495639298622;0.0029191319617776225;0.004687752307886327;0.0021986294280441393;0.007081388076490479;0.006361944035854222;0.0036740317157455495;0.006308050633232968;0.0048628460417016435;0.005157864627197516;0.0035083163354709223;0.00297567958352632;0.009165382230222119;0.003680303890197841;0.0028622156503248543;0.00643246594934489;0.002294977627307809;0.006904895741739889;0.00762442890223786;0.003450596360112283;0.0026666093906092506;0.0014808383770206178;0.004465937403331517;0.002204767434314907;0.006962396759292367;0.010301128510928327;0.003675045806114605;0.0033170432572286013;0.0012754373312521333;0.004069275100035187;0.0034737459467406853;0.015448545043067832;0.0029684132122593312;0.0040871303604292225;0.0057764255865132;0.0039005979840348107;0.0023792967281652776;0.0031816265038875045;0.005302191166000053;0.0021886603739246532;0.0018936746264764518;0.0030944249628086337;0.006389424759657725,0.13641145825386047;0.13556939363479614;0.1371055543422699;0.13672222197055817;0.13421006500720978;0.13433951139450073;0.135472372174263;0.14121320843696594;0.12227397412061691;0.13391190767288208;0.13966768980026245;0.14038002490997314;0.14061644673347473;0.13585875928401947;0.13525931537151337;0.14334294199943542;0.13614915311336517;0.13599611818790436;0.13317370414733887;0.12275157123804092;0.12700004875659943;0.1427791714668274;0.1347721517086029;0.13449157774448395;0.13668572902679443;0.1320144385099411;0.13849210739135742;0.13084696233272552;0.12943971157073975;0.1395721733570099;0.1341804414987564;0.13650751113891602;0.12124406546354294;0.13415661454200745;0.1276465803384781;0.13805359601974487;0.13989481329917908;0.13479231297969818;0.13894617557525635;0.13795599341392517;0.1387234926223755;0.12409497052431107;0.13507671654224396;0.13576973974704742;0.12525896728038788;0.14025649428367615,256,0,0,"{'solver_error': 0, 'short_solution': 0, 'duplicate': 0, 'goal_error': 0, 'invalid_state': 19}",0.019572173357009892,inf,0.9932348524954597,filtered,115,2,4,3,159,1,1,2,1.0,0.0,0.20446179807186127,0.0,1.0,1.0276337773409971e-05,0,1,0,0,0.1164433456925924,0.0,filtered,osqp optimal,0.20308078642842492,0,1,12,predictive_link_4,predictive_link_4,,,0,0,1,solved,osqp,0.0,valid,1.0276337773409971e-05,1.1000183478381278,0|0.0018859378|0.00136126044|0.00133068392|0.00021687504|0.00021687504,,,,,,,,,,0.009896490955725312,0.0025065239751711488,0.00148830097168684,0.0019309750059619546
180,9.05,-2.0682163357699532,0.5149043798446655,0.06560821086168289,0.18501335382461548,0.30580416321754456,1.0,4,0,0,0,0,0,0,,0,0,,-1,-1,nan,not_applicable,,,nan,0,0.023085586726665497,0.0003186675894539803,0.000470723636681214,0.20445984601974487,0.20445984601974487,0.06560876963253205,0.06560821086168289,5.587708491600063e-07,0.14778813750312142,0.00021737423388466077,0.14778368800440878,1.1380352499210364e-05,0.14777230765190957,0.14778368795328695,0,0,disabled,0.0,1,SERVO,direct_path,0,1.020902824937366,4.095793275977485,46,1,1,1,29,1.5099686265474166,0.1395721733570099,8.770709554708135e-05;0.0012075064632565823;0.001002045595193055;0.0004947495639298622;0.0029191319617776225;0.004687752307886327;0.0021986294280441393;0.007081388076490479;0.006361944035854222;0.0036740317157455495;0.006308050633232968;0.0048628460417016435;0.005157864627197516;0.0035083163354709223;0.00297567958352632;0.009165382230222119;0.003680303890197841;0.0028622156503248543;0.00643246594934489;0.002294977627307809;0.006904895741739889;0.00762442890223786;0.003450596360112283;0.0026666093906092506;0.0014808383770206178;0.004465937403331517;0.002204767434314907;0.006962396759292367;0.010301128510928327;0.003675045806114605;0.0033170432572286013;0.0012754373312521333;0.004069275100035187;0.0034737459467406853;0.015448545043067832;0.0029684132122593312;0.0040871303604292225;0.0057764255865132;0.0039005979840348107;0.0023792967281652776;0.0031816265038875045;0.005302191166000053;0.0021886603739246532;0.0018936746264764518;0.0030944249628086337;0.006389424759657725,0.13641145825386047;0.13556939363479614;0.1371055543422699;0.13672222197055817;0.13421006500720978;0.13433951139450073;0.135472372174263;0.14121320843696594;0.12227397412061691;0.13391190767288208;0.13966768980026245;0.14038002490997314;0.14061644673347473;0.13585875928401947;0.13525931537151337;0.14334294199943542;0.13614915311336517;0.13599611818790436;0.13317370414733887;0.12275157123804092;0.12700004875659943;0.1427791714668274;0.1347721517086029;0.13449157774448395;0.13668572902679443;0.1320144385099411;0.13849210739135742;0.13084696233272552;0.12943971157073975;0.1395721733570099;0.1341804414987564;0.13650751113891602;0.12124406546354294;0.13415661454200745;0.1276465803384781;0.13805359601974487;0.13989481329917908;0.13479231297969818;0.13894617557525635;0.13795599341392517;0.1387234926223755;0.12409497052431107;0.13507671654224396;0.13576973974704742;0.12525896728038788;0.14025649428367615,256,0,0,"{'solver_error': 0, 'short_solution': 0, 'duplicate': 0, 'goal_error': 0, 'invalid_state': 19}",0.019572173357009892,inf,0.9932456250680581,filtered,116,2,4,3,160,1,1,2,1.0,0.0,0.20445984601974487,0.0,1.0,1.0369798403533914e-05,0,1,0,0,0.1164433456925924,0.0,filtered,osqp optimal,0.2030799350286919,0,1,12,predictive_link_4,predictive_link_4,,,0,0,1,solved,osqp,0.0,valid,1.0369798403533914e-05,1.0999760942919723,3.21292621e-22|0.00188546253|0.00136069901|0.00132965275|0.000216733095|0.000216733095,,,,,,,,,,0.009179535903967917,0.0026666020276024938,0.0016286600148305297,0.0016593970358371735
181,9.1,-2.068219050147731,0.5149050951004028,0.06560765206813812,0.18501120805740356,0.30581000447273254,1.0,4,0,0,0,0,0,0,,0,0,,-1,-1,nan,not_applicable,,,nan,0,0.02306993119418621,0.0003183967201039195,0.00018788505985867232,0.2044578194618225,0.2044578194618225,0.0656082110667705,0.06560765206813812,5.589986323828455e-07,0.14778686911283123,0.0002172823207074696,0.14778241895427205,1.1506359419318233e-05,0.14777091259485273,0.1477824194162317,0,0,disabled,0.0,1,SERVO,direct_path,0,1.020902824937366,4.095793275977485,46,1,1,1,29,1.5099686265474166,0.1395721733570099,8.770709554708135e-05;0.0012075064632565823;0.001002045595193055;0.0004947495639298622;0.0029191319617776225;0.004687752307886327;0.0021986294280441393;0.007081388076490479;0.006361944035854222;0.0036740317157455495;0.006308050633232968;0.0048628460417016435;0.005157864627197516;0.0035083163354709223;0.00297567958352632;0.009165382230222119;0.003680303890197841;0.0028622156503248543;0.00643246594934489;0.002294977627307809;0.006904895741739889;0.00762442890223786;0.003450596360112283;0.0026666093906092506;0.0014808383770206178;0.004465937403331517;0.002204767434314907;0.006962396759292367;0.010301128510928327;0.003675045806114605;0.0033170432572286013;0.0012754373312521333;0.004069275100035187;0.0034737459467406853;0.015448545043067832;0.0029684132122593312;0.0040871303604292225;0.0057764255865132;0.0039005979840348107;0.0023792967281652776;0.0031816265038875045;0.005302191166000053;0.0021886603739246532;0.0018936746264764518;0.0030944249628086337;0.006389424759657725,0.13641145825386047;0.13556939363479614;0.1371055543422699;0.13672222197055817;0.13421006500720978;0.13433951139450073;0.135472372174263;0.14121320843696594;0.12227397412061691;0.13391190767288208;0.13966768980026245;0.14038002490997314;0.14061644673347473;0.13585875928401947;0.13525931537151337;0.14334294199943542;0.13614915311336517;0.13599611818790436;0.13317370414733887;0.12275157123804092;0.12700004875659943;0.1427791714668274;0.1347721517086029;0.13449157774448395;0.13668572902679443;0.1320144385099411;0.13849210739135742;0.13084696233272552;0.12943971157073975;0.1395721733570099;0.1341804414987564;0.13650751113891602;0.12124406546354294;0.13415661454200745;0.1276465803384781;0.13805359601974487;0.13989481329917908;0.13479231297969818;0.13894617557525635;0.13795599341392517;0.1387234926223755;0.12409497052431107;0.13507671654224396;0.13576973974704742;0.12525896728038788;0.14025649428367615,256,0,0,"{'solver_error': 0, 'short_solution': 0, 'duplicate': 0, 'goal_error': 0, 'invalid_state': 19}",0.019572173357009892,inf,0.993250943801847,filtered,117,2,4,3,161,1,1,2,1.0,0.0,0.2044578194618225,0.0,1.0,1.0400937624208129e-05,0,1,0,0,0.1164433456925924,0.0,filtered,osqp optimal,0.20307946232000637,0,1,12,predictive_link_4,predictive_link_4,,,0,0,1,solved,osqp,0.0,valid,1.0400937624208129e-05,1.0999340481749527,1.28252658e-21|0.00188488955|0.00135991129|0.00132825951|0.000216593688|0.000216593688,,,,,,,,,,0.009186081006191671,0.002888286020606756,0.0012480709701776505,0.0016969870775938034
182,9.15,-2.068218256888104,0.5149050354957581,0.06560707092285156,0.18500909209251404,0.30581507086753845,1.0,4,0,0,0,0,0,0,,0,0,,-1,-1,nan,not_applicable,,,nan,0,0.023054318502545357,0.00031745099113322794,0.00020552727801259607,0.20445583760738373,0.20445583760738373,0.06560765428558885,0.06560707092285156,5.833627372830996e-07,0.14778561206700036,0.00021717212368776892,0.1477811612382792,1.1257513233372155e-05,0.14776990372504584,0.1477811662330844,0,0,disabled,0.0,1,SERVO,direct_path,0,1.020902824937366,4.095793275977485,46,1,1,1,29,1.5099686265474166,0.1395721733570099,8.770709554708135e-05;0.0012075064632565823;0.001002045595193055;0.0004947495639298622;0.0029191319617776225;0.004687752307886327;0.0021986294280441393;0.007081388076490479;0.006361944035854222;0.0036740317157455495;0.006308050633232968;0.0048628460417016435;0.005157864627197516;0.0035083163354709223;0.00297567958352632;0.009165382230222119;0.003680303890197841;0.0028622156503248543;0.00643246594934489;0.002294977627307809;0.006904895741739889;0.00762442890223786;0.003450596360112283;0.0026666093906092506;0.0014808383770206178;0.004465937403331517;0.002204767434314907;0.006962396759292367;0.010301128510928327;0.003675045806114605;0.0033170432572286013;0.0012754373312521333;0.004069275100035187;0.0034737459467406853;0.015448545043067832;0.0029684132122593312;0.0040871303604292225;0.0057764255865132;0.0039005979840348107;0.0023792967281652776;0.0031816265038875045;0.005302191166000053;0.0021886603739246532;0.0018936746264764518;0.0030944249628086337;0.006389424759657725,0.13641145825386047;0.13556939363479614;0.1371055543422699;0.13672222197055817;0.13421006500720978;0.13433951139450073;0.135472372174263;0.14121320843696594;0.12227397412061691;0.13391190767288208;0.13966768980026245;0.14038002490997314;0.14061644673347473;0.13585875928401947;0.13525931537151337;0.14334294199943542;0.13614915311336517;0.13599611818790436;0.13317370414733887;0.12275157123804092;0.12700004875659943;0.1427791714668274;0.1347721517086029;0.13449157774448395;0.13668572902679443;0.1320144385099411;0.13849210739135742;0.13084696233272552;0.12943971157073975;0.1395721733570099;0.1341804414987564;0.13650751113891602;0.12124406546354294;0.13415661454200745;0.1276465803384781;0.13805359601974487;0.13989481329917908;0.13479231297969818;0.13894617557525635;0.13795599341392517;0.1387234926223755;0.12409497052431107;0.13507671654224396;0.13576973974704742;0.12525896728038788;0.14025649428367615,256,0,0,"{'solver_error': 0, 'short_solution': 0, 'duplicate': 0, 'goal_error': 0, 'invalid_state': 19}",0.019572173357009892,inf,0.9932584767584616,filtered,118,2,4,3,162,1,1,2,1.0,0.0,0.20445583760738373,0.0,1.0,1.0359036731952265e-05,0,1,0,0,0.1164433456925924,0.0,filtered,osqp optimal,0.20307952201354648,0,1,12,predictive_link_4,predictive_link_4,,,0,0,1,solved,osqp,0.0,valid,1.0359036731952265e-05,1.0998919358836774,3.20169409e-22|0.00188430874|0.0013592074|0.00132701701|0.000216502846|0.000216502846,,,,,,,,,,0.009789161966182292,0.0026095890207216144,0.0016605500131845474,0.002103499020449817
183,9.200000000000001,-2.0682160260382214,0.5149043798446655,0.06560651957988739,0.18500706553459167,0.305819571018219,1.0,4,0,0,0,0,0,0,,0,0,,-1,-1,nan,not_applicable,,,nan,0,0.023038703948259354,0.0003184635133948177,0.00024757851497270167,0.20445363223552704,0.20445363223552704,0.06560707294560879,0.06560651957988739,5.533657213979692e-07,0.14778430360652783,0.0002170041529822448,0.14777985220873263,1.1358455155831797e-05,0.1477684937535768,0.14777985676499097,0,0,disabled,0.0,1,SERVO,direct_path,0,1.020902824937366,4.095793275977485,46,1,1,1,29,1.5099686265474166,0.1395721733570099,8.770709554708135e-05;0.0012075064632565823;0.001002045595193055;0.0004947495639298622;0.0029191319617776225;0.004687752307886327;0.0021986294280441393;0.007081388076490479;0.006361944035854222;0.0036740317157455495;0.006308050633232968;0.0048628460417016435;0.005157864627197516;0.0035083163354709223;0.00297567958352632;0.009165382230222119;0.003680303890197841;0.0028622156503248543;0.00643246594934489;0.002294977627307809;0.006904895741739889;0.00762442890223786;0.003450596360112283;0.0026666093906092506;0.0014808383770206178;0.004465937403331517;0.002204767434314907;0.006962396759292367;0.010301128510928327;0.003675045806114605;0.0033170432572286013;0.0012754373312521333;0.004069275100035187;0.0034737459467406853;0.015448545043067832;0.0029684132122593312;0.0040871303604292225;0.0057764255865132;0.0039005979840348107;0.0023792967281652776;0.0031816265038875045;0.005302191166000053;0.0021886603739246532;0.0018936746264764518;0.0030944249628086337;0.006389424759657725,0.13641145825386047;0.13556939363479614;0.1371055543422699;0.13672222197055817;0.13421006500720978;0.13433951139450073;0.135472372174263;0.14121320843696594;0.12227397412061691;0.13391190767288208;0.13966768980026245;0.14038002490997314;0.14061644673347473;0.13585875928401947;0.13525931537151337;0.14334294199943542;0.13614915311336517;0.13599611818790436;0.13317370414733887;0.12275157123804092;0.12700004875659943;0.1427791714668274;0.1347721517086029;0.13449157774448395;0.13668572902679443;0.1320144385099411;0.13849210739135742;0.13084696233272552;0.12943971157073975;0.1395721733570099;0.1341804414987564;0.13650751113891602;0.12124406546354294;0.13415661454200745;0.1276465803384781;0.13805359601974487;0.13989481329917908;0.13479231297969818;0.13894617557525635;0.13795599341392517;0.1387234926223755;0.12409497052431107;0.13507671654224396;0.13576973974704742;0.12525896728038788;0.14025649428367615,256,0,0,"{'solver_error': 0, 'short_solution': 0, 'duplicate': 0, 'goal_error': 0, 'invalid_state': 19}",0.019572173357009892,inf,0.9932683966868181,filtered,119,2,4,3,163,1,1,2,1.0,0.0,0.20445363223552704,0.0,1.0,1.0370853120680867e-05,0,1,0,0,0.1164433456925924,0.0,filtered,osqp optimal,0.20307898619804296,0,1,12,predictive_link_4,predictive_link_4,,,0,0,1,solved,osqp,0.0,valid,1.0370853120680867e-05,1.0998498167326407,0|0.00188372375|0.00135858356|0.00132593689|0.000216407713|0.000216407713,,,,,,,,,,0.01008374395314604,0.0031187599524855614,0.0012935589766129851,0.002270112046971917
184,9.25,-2.06821608605784,0.5149044990539551,0.06560595333576202,0.18500497937202454,0.30582481622695923,1.0,4,0,0,0,0,0,0,,0,0,,-1,-1,nan,not_applicable,,,nan,0,0.023023094981908798,0.00031761411810293794,0.00019440746109467,0.20445163547992706,0.20445163547992706,0.06560651973279695,0.06560595333576202,5.663970349262248e-07,0.14778304700640665,0.00021684399254429,0.14777859497164014,1.1638094497158631e-05,0.14776695687714297,0.1477785953160687,0,0,disabled,0.0,1,SERVO,direct_path,0,1.020902824937366,4.095793275977485,46,1,1,1,29,1.5099686265474166,0.1395721733570099,8.770709554708135e-05;0.0012075064632565823;0.001002045595193055;0.0004947495639298622;0.0029191319617776225;0.004687752307886327;0.0021986294280441393;0.007081388076490479;0.006361944035854222;0.0036740317157455495;0.006308050633232968;0.0048628460417016435;0.005157864627197516;0.0035083163354709223;0.00297567958352632;0.009165382230222119;0.003680303890197841;0.0028622156503248543;0.00643246594934489;0.002294977627307809;0.006904895741739889;0.00762442890223786;0.003450596360112283;0.0026666093906092506;0.0014808383770206178;0.004465937403331517;0.002204767434314907;0.006962396759292367;0.010301128510928327;0.003675045806114605;0.0033170432572286013;0.0012754373312521333;0.004069275100035187;0.0034737459467406853;0.015448545043067832;0.0029684132122593312;0.0040871303604292225;0.0057764255865132;0.0039005979840348107;0.0023792967281652776;0.0031816265038875045;0.005302191166000053;0.0021886603739246532;0.0018936746264764518;0.0030944249628086337;0.006389424759657725,0.13641145825386047;0.13556939363479614;0.1371055543422699;0.13672222197055817;0.13421006500720978;0.13433951139450073;0.135472372174263;0.14121320843696594;0.12227397412061691;0.13391190767288208;0.13966768980026245;0.14038002490997314;0.14061644673347473;0.13585875928401947;0.13525931537151337;0.14334294199943542;0.13614915311336517;0.13599611818790436;0.13317370414733887;0.12275157123804092;0.12700004875659943;0.1427791714668274;0.1347721517086029;0.13449157774448395;0.13668572902679443;0.1320144385099411;0.13849210739135742;0.13084696233272552;0.12943971157073975;0.1395721733570099;0.1341804414987564;0.13650751113891602;0.12124406546354294;0.13415661454200745;0.1276465803384781;0.13805359601974487;0.13989481329917908;0.13479231297969818;0.13894617557525635;0.13795599341392517;0.1387234926223755;0.12409497052431107;0.13507671654224396;0.13576973974704742;0.12525896728038788;0.14025649428367615,256,0,0,"{'solver_error': 0, 'short_solution': 0, 'duplicate': 0, 'goal_error': 0, 'invalid_state': 19}",0.019572173357009892,inf,0.99327649001657,filtered,120,2,4,3,164,1,1,2,1.0,0.0,0.20445163547992706,0.0,1.0,1.042939759594852e-05,0,1,0,0,0.1164433456925924,0.0,filtered,osqp optimal,0.20307833053794122,0,1,12,predictive_link_4,predictive_link_4,,,0,0,1,solved,osqp,0.0,valid,1.042939759594852e-05,1.0998075945512864,0|0.00188320055|0.00135790773|0.00132472855|0.000216237762|0.000216237762,,,,,,,,,,0.009931745938956738,0.0030502560548484325,0.001359730027616024,0.0020045300479978323
185,9.3,-2.068216108455659,0.5149046778678894,0.06560535728931427,0.185002863407135,0.30583012104034424,1.0,4,0,0,0,0,0,0,,0,0,,-1,-1,nan,not_applicable,,,nan,0,0.02300748974084854,0.0003169210394844413,0.000202099749003537,0.2044495940208435,0.2044495940208435,0.06560595144566882,0.06560535728931427,5.941563545469597e-07,0.14778177121704913,0.00021677721824229403,0.14777731847490433,1.1598808875150453e-05,0.14776571966602917,0.147777314217472,0,0,disabled,0.0,1,SERVO,direct_path,0,1.020902824937366,4.095793275977485,46,1,1,1,29,1.5099686265474166,0.1395721733570099,8.770709554708135e-05;0.0012075064632565823;0.001002045595193055;0.0004947495639298622;0.0029191319617776225;0.004687752307886327;0.0021986294280441393;0.007081388076490479;0.006361944035854222;0.0036740317157455495;0.006308050633232968;0.0048628460417016435;0.005157864627197516;0.0035083163354709223;0.00297567958352632;0.009165382230222119;0.003680303890197841;0.0028622156503248543;0.00643246594934489;0.002294977627307809;0.006904895741739889;0.00762442890223786;0.003450596360112283;0.0026666093906092506;0.0014808383770206178;0.004465937403331517;0.002204767434314907;0.006962396759292367;0.010301128510928327;0.003675045806114605;0.0033170432572286013;0.0012754373312521333;0.004069275100035187;0.0034737459467406853;0.015448545043067832;0.0029684132122593312;0.0040871303604292225;0.0057764255865132;0.0039005979840348107;0.0023792967281652776;0.0031816265038875045;0.005302191166000053;0.0021886603739246532;0.0018936746264764518;0.0030944249628086337;0.006389424759657725,0.13641145825386047;0.13556939363479614;0.1371055543422699;0.13672222197055817;0.13421006500720978;0.13433951139450073;0.135472372174263;0.14121320843696594;0.12227397412061691;0.13391190767288208;0.13966768980026245;0.14038002490997314;0.14061644673347473;0.13585875928401947;0.13525931537151337;0.14334294199943542;0.13614915311336517;0.13599611818790436;0.13317370414733887;0.12275157123804092;0.12700004875659943;0.1427791714668274;0.1347721517086029;0.13449157774448395;0.13668572902679443;0.1320144385099411;0.13849210739135742;0.13084696233272552;0.12943971157073975;0.1395721733570099;0.1341804414987564;0.13650751113891602;0.12124406546354294;0.13415661454200745;0.1276465803384781;0.13805359601974487;0.13989481329917908;0.13479231297969818;0.13894617557525635;0.13795599341392517;0.1387234926223755;0.12409497052431107;0.13507671654224396;0.13576973974704742;0.12525896728038788;0.14025649428367615,256,0,0,"{'solver_error': 0, 'short_solution': 0, 'duplicate': 0, 'goal_error': 0, 'invalid_state': 19}",0.019572173357009892,inf,0.9932829838276316,filtered,121,2,4,3,165,1,1,2,1.0,0.0,0.2044495940208435,0.0,1.0,1.04347930991594e-05,0,1,0,0,0.1164433456925924,0.0,filtered,osqp optimal,0.20307800971077278,0,1,12,predictive_link_4,predictive_link_4,,,0,0,1,solved,osqp,0.0,valid,1.04347930991594e-05,1.0997652656663104,4.08188752e-20|0.00188260415|0.00135714378|0.00132340797|0.000216079441|0.000216079441,,,,,,,,,,0.009522211039438844,0.002605287008918822,0.0012607630342245102,0.0018321239622309804
186,9.35,-2.0682178581747643,0.5149049162864685,0.0656048133969307,0.18500074744224548,0.30583542585372925,1.0,4,0,0,0,0,0,0,,0,0,,-1,-1,nan,not_applicable,,,nan,0,0.022991884499788284,0.00031784226302988827,0.00020139571279287338,0.20444738864898682,0.20444738864898682,0.06560535858506718,0.0656048133969307,5.451881364831879e-07,0.14778043424653448,0.00021669618030150813,0.14777598091631705,1.1699640618046818e-05,0.14776428127569902,0.14777598383499876,0,0,disabled,0.0,1,SERVO,direct_path,0,1.020902824937366,4.095793275977485,46,1,1,1,29,1.5099686265474166,0.1395721733570099,8.770709554708135e-05;0.0012075064632565823;0.001002045595193055;0.0004947495639298622;0.0029191319617776225;0.004687752307886327;0.0021986294280441393;0.007081388076490479;0.006361944035854222;0.0036740317157455495;0.006308050633232968;0.0048628460417016435;0.005157864627197516;0.0035083163354709223;0.00297567958352632;0.009165382230222119;0.003680303890197841;0.0028622156503248543;0.00643246594934489;0.002294977627307809;0.006904895741739889;0.00762442890223786;0.003450596360112283;0.0026666093906092506;0.0014808383770206178;0.004465937403331517;0.002204767434314907;0.006962396759292367;0.010301128510928327;0.003675045806114605;0.0033170432572286013;0.0012754373312521333;0.004069275100035187;0.0034737459467406853;0.015448545043067832;0.0029684132122593312;0.0040871303604292225;0.0057764255865132;0.0039005979840348107;0.0023792967281652776;0.0031816265038875045;0.005302191166000053;0.0021886603739246532;0.0018936746264764518;0.0030944249628086337;0.006389424759657725,0.13641145825386047;0.13556939363479614;0.1371055543422699;0.13672222197055817;0.13421006500720978;0.13433951139450073;0.135472372174263;0.14121320843696594;0.12227397412061691;0.13391190767288208;0.13966768980026245;0.14038002490997314;0.14061644673347473;0.13585875928401947;0.13525931537151337;0.14334294199943542;0.13614915311336517;0.13599611818790436;0.13317370414733887;0.12275157123804092;0.12700004875659943;0.1427791714668274;0.1347721517086029;0.13449157774448395;0.13668572902679443;0.1320144385099411;0.13849210739135742;0.13084696233272552;0.12943971157073975;0.1395721733570099;0.1341804414987564;0.13650751113891602;0.12124406546354294;0.13415661454200745;0.1276465803384781;0.13805359601974487;0.13989481329917908;0.13479231297969818;0.13894617557525635;0.13795599341392517;0.1387234926223755;0.12409497052431107;0.13507671654224396;0.13576973974704742;0.12525896728038788;0.14025649428367615,256,0,0,"{'solver_error': 0, 'short_solution': 0, 'duplicate': 0, 'goal_error': 0, 'invalid_state': 19}",0.019572173357009892,inf,0.9932913326796291,filtered,122,2,4,3,166,1,1,2,1.0,0.0,0.20444738864898682,0.0,1.0,1.0445122171756638e-05,0,1,0,0,0.1164433456925924,0.0,filtered,osqp optimal,0.20307743014618398,0,1,12,predictive_link_4,predictive_link_4,,,0,0,1,solved,osqp,1.3447983814623607e-08,valid,1.0445122171756638e-05,1.099722855582864,2.2252083e-20|0.00188198038|0.00135645661|0.00132222417|0.000216005541|0.000216005541,,,,,,,,,,0.009858065051957965,0.0027634459547698498,0.0012451160000637174,0.0018862090073525906
187,9.4,-2.0682136635466284,0.5149041414260864,0.06560421735048294,0.18499869108200073,0.3058399260044098,1.0,4,0,0,0,0,0,0,,0,0,,-1,-1,nan,not_applicable,,,nan,0,0.022976325824856758,0.00031628209399059415,0.00016945009701885283,0.20444534718990326,0.20444534718990326,0.06560481071352851,0.06560421735048294,5.933630455728922e-07,0.1477791909631545,0.00021650188110988226,0.1477747369752101,1.1531352797909122e-05,0.14776320562241219,0.14777473093085097,0,0,disabled,0.0,1,SERVO,direct_path,0,1.020902824937366,4.095793275977485,46,1,1,1,29,1.5099686265474166,0.1395721733570099,8.770709554708135e-05;0.0012075064632565823;0.001002045595193055;0.0004947495639298622;0.0029191319617776225;0.004687752307886327;0.0021986294280441393;0.007081388076490479;0.006361944035854222;0.0036740317157455495;0.006308050633232968;0.0048628460417016435;0.005157864627197516;0.0035083163354709223;0.00297567958352632;0.009165382230222119;0.003680303890197841;0.0028622156503248543;0.00643246594934489;0.002294977627307809;0.006904895741739889;0.00762442890223786;0.003450596360112283;0.0026666093906092506;0.0014808383770206178;0.004465937403331517;0.002204767434314907;0.006962396759292367;0.010301128510928327;0.003675045806114605;0.0033170432572286013;0.0012754373312521333;0.004069275100035187;0.0034737459467406853;0.015448545043067832;0.0029684132122593312;0.0040871303604292225;0.0057764255865132;0.0039005979840348107;0.0023792967281652776;0.0031816265038875045;0.005302191166000053;0.0021886603739246532;0.0018936746264764518;0.0030944249628086337;0.006389424759657725,0.13641145825386047;0.13556939363479614;0.1371055543422699;0.13672222197055817;0.13421006500720978;0.13433951139450073;0.135472372174263;0.14121320843696594;0.12227397412061691;0.13391190767288208;0.13966768980026245;0.14038002490997314;0.14061644673347473;0.13585875928401947;0.13525931537151337;0.14334294199943542;0.13614915311336517;0.13599611818790436;0.13317370414733887;0.12275157123804092;0.12700004875659943;0.1427791714668274;0.1347721517086029;0.13449157774448395;0.13668572902679443;0.1320144385099411;0.13849210739135742;0.13084696233272552;0.12943971157073975;0.1395721733570099;0.1341804414987564;0.13650751113891602;0.12124406546354294;0.13415661454200745;0.1276465803384781;0.13805359601974487;0.13989481329917908;0.13479231297969818;0.13894617557525635;0.13795599341392517;0.1387234926223755;0.12409497052431107;0.13507671654224396;0.13576973974704742;0.12525896728038788;0.14025649428367615,256,0,0,"{'solver_error': 0, 'short_solution': 0, 'duplicate': 0, 'goal_error': 0, 'invalid_state': 19}",0.019572173357009892,inf,0.993299212516943,filtered,123,2,4,3,167,1,1,2,1.0,0.0,0.20444534718990326,0.0,1.0,1.0417658651992734e-05,0,1,0,0,0.1164433456925924,0.0,filtered,osqp optimal,0.2030773320669662,0,1,12,predictive_link_4,predictive_link_4,,,0,0,1,solved,osqp,1.3718652062021314e-08,valid,1.0417658651992734e-05,1.0996804273381096,0|0.00188145101|0.00135580437|0.00132103067|0.00021592363|0.00021592363,,,,,,,,,,0.011788287898525596,0.004373912932351232,0.001301625045016408,0.0016869930550456047
188,9.450000000000001,-2.0682158576079908,0.514904797077179,0.06560360640287399,0.18499654531478882,0.30584555864334106,1.0,4,0,0,0,0,0,0,,0,0,,-1,-1,nan,not_applicable,,,nan,0,0.022960742935538292,0.0003179560007993132,0.0003532065311446786,0.20444318652153015,0.20444318652153015,0.06560422140173716,0.06560360640287399,6.149988631687364e-07,0.1477778589148954,0.00021639317655219309,0.14777340435270342,1.200112072094454e-05,0.14776140323198247,0.14777341347814768,0,0,disabled,0.0,1,SERVO,direct_path,0,1.020902824937366,4.095793275977485,46,1,1,1,29,1.5099686265474166,0.1395721733570099,8.770709554708135e-05;0.0012075064632565823;0.001002045595193055;0.0004947495639298622;0.0029191319617776225;0.004687752307886327;0.0021986294280441393;0.007081388076490479;0.006361944035854222;0.0036740317157455495;0.006308050633232968;0.0048628460417016435;0.005157864627197516;0.0035083163354709223;0.00297567958352632;0.009165382230222119;0.003680303890197841;0.0028622156503248543;0.00643246594934489;0.002294977627307809;0.006904895741739889;0.00762442890223786;0.003450596360112283;0.0026666093906092506;0.0014808383770206178;0.004465937403331517;0.002204767434314907;0.006962396759292367;0.010301128510928327;0.003675045806114605;0.0033170432572286013;0.0012754373312521333;0.004069275100035187;0.0034737459467406853;0.015448545043067832;0.0029684132122593312;0.0040871303604292225;0.0057764255865132;0.0039005979840348107;0.0023792967281652776;0.0031816265038875045;0.005302191166000053;0.0021886603739246532;0.0018936746264764518;0.0030944249628086337;0.006389424759657725,0.13641145825386047;0.13556939363479614;0.1371055543422699;0.13672222197055817;0.13421006500720978;0.13433951139450073;0.135472372174263;0.14121320843696594;0.12227397412061691;0.13391190767288208;0.13966768980026245;0.14038002490997314;0.14061644673347473;0.13585875928401947;0.13525931537151337;0.14334294199943542;0.13614915311336517;0.13599611818790436;0.13317370414733887;0.12275157123804092;0.12700004875659943;0.1427791714668274;0.1347721517086029;0.13449157774448395;0.13668572902679443;0.1320144385099411;0.13849210739135742;0.13084696233272552;0.12943971157073975;0.1395721733570099;0.1341804414987564;0.13650751113891602;0.12124406546354294;0.13415661454200745;0.1276465803384781;0.13805359601974487;0.13989481329917908;0.13479231297969818;0.13894617557525635;0.13795599341392517;0.1387234926223755;0.12409497052431107;0.13507671654224396;0.13576973974704742;0.12525896728038788;0.14025649428367615,256,0,0,"{'solver_error': 0, 'short_solution': 0, 'duplicate': 0, 'goal_error': 0, 'invalid_state': 19}",0.019572173357009892,inf,0.9933086512276245,filtered,124,2,4,3,168,1,1,2,1.0,0.0,0.20444318652153015,0.0,1.0,1.0503019481231113e-05,0,1,0,0,0.1164433456925924,0.0,filtered,osqp optimal,0.20307632284219945,0,1,12,predictive_link_4,predictive_link_4,,,0,0,1,solved,osqp,1.3994572629712665e-08,valid,1.0503019481231113e-05,1.0996379361543425,0|0.0018808397|0.00135512805|0.00131989819|0.000215746328|0.000215746328,,,,,,,,,,0.012394523015245795,0.0027218639152124524,0.0023067959118634462,0.002562456065788865
189,9.5,-2.0682148784631793,0.5149043202400208,0.06560305505990982,0.1849944293498993,0.3058505654335022,1.0,4,0,0,0,0,0,0,,0,0,,-1,-1,nan,not_applicable,,,nan,0,0.02294515073299408,0.00031724252039566636,0.0004265972238499671,0.2044408619403839,0.2044408619403839,0.06560360850648836,0.06560305505990982,5.534465785383968e-07,0.14777648772241653,0.00021636283576407578,0.14777203252616491,1.168422721504287e-05,0.14776034829894988,0.14777203726455335,0,0,disabled,0.0,1,SERVO,direct_path,0,1.020902824937366,4.095793275977485,46,1,1,1,29,1.5099686265474166,0.1395721733570099,8.770709554708135e-05;0.0012075064632565823;0.001002045595193055;0.0004947495639298622;0.0029191319617776225;0.004687752307886327;0.0021986294280441393;0.007081388076490479;0.006361944035854222;0.0036740317157455495;0.006308050633232968;0.0048628460417016435;0.005157864627197516;0.0035083163354709223;0.00297567958352632;0.009165382230222119;0.003680303890197841;0.0028622156503248543;0.00643246594934489;0.002294977627307809;0.006904895741739889;0.00762442890223786;0.003450596360112283;0.0026666093906092506;0.0014808383770206178;0.004465937403331517;0.002204767434314907;0.006962396759292367;0.010301128510928327;0.003675045806114605;0.0033170432572286013;0.0012754373312521333;0.004069275100035187;0.0034737459467406853;0.015448545043067832;0.0029684132122593312;0.0040871303604292225;0.0057764255865132;0.0039005979840348107;0.0023792967281652776;0.0031816265038875045;0.005302191166000053;0.0021886603739246532;0.0018936746264764518;0.0030944249628086337;0.006389424759657725,0.13641145825386047;0.13556939363479614;0.1371055543422699;0.13672222197055817;0.13421006500720978;0.13433951139450073;0.135472372174263;0.14121320843696594;0.12227397412061691;0.13391190767288208;0.13966768980026245;0.14038002490997314;0.14061644673347473;0.13585875928401947;0.13525931537151337;0.14334294199943542;0.13614915311336517;0.13599611818790436;0.13317370414733887;0.12275157123804092;0.12700004875659943;0.1427791714668274;0.1347721517086029;0.13449157774448395;0.13668572902679443;0.1320144385099411;0.13849210739135742;0.13084696233272552;0.12943971157073975;0.1395721733570099;0.1341804414987564;0.13650751113891602;0.12124406546354294;0.13415661454200745;0.1276465803384781;0.13805359601974487;0.13989481329917908;0.13479231297969818;0.13894617557525635;0.13795599341392517;0.1387234926223755;0.12409497052431107;0.13507671654224396;0.13576973974704742;0.12525896728038788;0.14025649428367615,256,0,0,"{'solver_error': 0, 'short_solution': 0, 'duplicate': 0, 'goal_error': 0, 'invalid_state': 19}",0.019572173357009892,inf,0.9933142126055311,filtered,125,2,4,3,169,1,1,2,1.0,0.0,0.2044408619403839,0.0,1.0,1.044405258197878e-05,0,1,0,0,0.1164433456925924,0.0,filtered,osqp optimal,0.2030761527930622,0,1,12,predictive_link_4,predictive_link_4,,,0,0,1,solved,osqp,1.4291440143845134e-08,valid,1.044405258197878e-05,1.0995955974143197,1.26849157e-21|0.00188031438|0.0013543896|0.00131854639|0.000215627754|0.000215627754,,,,,,,,,,0.009112455998547375,0.0029520930256694555,0.001247445004992187,0.0016950659919530153
190,9.55,-2.068213066069932,0.5149041414260864,0.06560245156288147,0.18499237298965454,0.3058553636074066,1.0,4,0,0,0,0,0,0,,0,0,,-1,-1,nan,not_applicable,,,nan,0,0.022929616272449493,0.0003158458275720477,0.00036700299824588,0.20443889498710632,0.20443889498710632,0.06560305755185473,0.06560245156288147,6.059889732651369e-07,0.14777523971313344,0.00021620448251068674,0.14777078385126083,1.2012393243878456e-05,0.14775877145801694,0.14777078946436306,0,0,disabled,0.0,1,SERVO,direct_path,0,1.020902824937366,4.095793275977485,46,1,1,1,29,1.5099686265474166,0.1395721733570099,8.770709554708135e-05;0.0012075064632565823;0.001002045595193055;0.0004947495639298622;0.0029191319617776225;0.004687752307886327;0.0021986294280441393;0.007081388076490479;0.006361944035854222;0.0036740317157455495;0.006308050633232968;0.0048628460417016435;0.005157864627197516;0.0035083163354709223;0.00297567958352632;0.009165382230222119;0.003680303890197841;0.0028622156503248543;0.00643246594934489;0.002294977627307809;0.006904895741739889;0.00762442890223786;0.003450596360112283;0.0026666093906092506;0.0014808383770206178;0.004465937403331517;0.002204767434314907;0.006962396759292367;0.010301128510928327;0.003675045806114605;0.0033170432572286013;0.0012754373312521333;0.004069275100035187;0.0034737459467406853;0.015448545043067832;0.0029684132122593312;0.0040871303604292225;0.0057764255865132;0.0039005979840348107;0.0023792967281652776;0.0031816265038875045;0.005302191166000053;0.0021886603739246532;0.0018936746264764518;0.0030944249628086337;0.006389424759657725,0.13641145825386047;0.13556939363479614;0.1371055543422699;0.13672222197055817;0.13421006500720978;0.13433951139450073;0.135472372174263;0.14121320843696594;0.12227397412061691;0.13391190767288208;0.13966768980026245;0.14038002490997314;0.14061644673347473;0.13585875928401947;0.13525931537151337;0.14334294199943542;0.13614915311336517;0.13599611818790436;0.13317370414733887;0.12275157123804092;0.12700004875659943;0.1427791714668274;0.1347721517086029;0.13449157774448395;0.13668572902679443;0.1320144385099411;0.13849210739135742;0.13084696233272552;0.12943971157073975;0.1395721733570099;0.1341804414987564;0.13650751113891602;0.12124406546354294;0.13415661454200745;0.1276465803384781;0.13805359601974487;0.13989481329917908;0.13479231297969818;0.13894617557525635;0.13795599341392517;0.1387234926223755;0.12409497052431107;0.13507671654224396;0.13576973974704742;0.12525896728038788;0.14025649428367615,256,0,0,"{'solver_error': 0, 'short_solution': 0, 'duplicate': 0, 'goal_error': 0, 'invalid_state': 19}",0.019572173357009892,inf,0.993324675241686,filtered,126,2,4,3,170,1,1,2,1.0,0.0,0.20443889498710632,0.0,1.0,1.0516943691876723e-05,0,1,0,0,0.1164433456925924,0.0,filtered,osqp optimal,0.20307540467001287,0,1,12,predictive_link_4,predictive_link_4,,,0,0,1,solved,osqp,1.4584287930569139e-08,valid,1.0516943691876723e-05,1.0995526787562695,0|0.00187976388|0.00135382717|0.00131752812|0.000215592428|0.000215592428,,,,,,,,,,0.009629840031266212,0.0027001190464943647,0.0014145970344543457,0.001863818964920938
191,9.600000000000001,-2.068213861381479,0.5149043798446655,0.06560184806585312,0.18499025702476501,0.3058607876300812,1.0,4,0,0,0,0,0,0,,0,0,,-1,-1,nan,not_applicable,,,nan,0,0.02291407249867916,0.00031649082666262984,0.0002106915198964998,0.20443667471408844,0.20443667471408844,0.06560244819098929,0.06560184806585312,6.001251361686943e-07,0.14777385985757815,0.00021607140651358107,0.14776940339533848,1.2077146960660378e-05,0.1477573262483778,0.14776939580015744,0,0,disabled,0.0,1,SERVO,direct_path,0,1.020902824937366,4.095793275977485,46,1,1,1,29,1.5099686265474166,0.1395721733570099,8.770709554708135e-05;0.0012075064632565823;0.001002045595193055;0.0004947495639298622;0.0029191319617776225;0.004687752307886327;0.0021986294280441393;0.007081388076490479;0.006361944035854222;0.0036740317157455495;0.006308050633232968;0.0048628460417016435;0.005157864627197516;0.0035083163354709223;0.00297567958352632;0.009165382230222119;0.003680303890197841;0.0028622156503248543;0.00643246594934489;0.002294977627307809;0.006904895741739889;0.00762442890223786;0.003450596360112283;0.0026666093906092506;0.0014808383770206178;0.004465937403331517;0.002204767434314907;0.006962396759292367;0.010301128510928327;0.003675045806114605;0.0033170432572286013;0.0012754373312521333;0.004069275100035187;0.0034737459467406853;0.015448545043067832;0.0029684132122593312;0.0040871303604292225;0.0057764255865132;0.0039005979840348107;0.0023792967281652776;0.0031816265038875045;0.005302191166000053;0.0021886603739246532;0.0018936746264764518;0.0030944249628086337;0.006389424759657725,0.13641145825386047;0.13556939363479614;0.1371055543422699;0.13672222197055817;0.13421006500720978;0.13433951139450073;0.135472372174263;0.14121320843696594;0.12227397412061691;0.13391190767288208;0.13966768980026245;0.14038002490997314;0.14061644673347473;0.13585875928401947;0.13525931537151337;0.14334294199943542;0.13614915311336517;0.13599611818790436;0.13317370414733887;0.12275157123804092;0.12700004875659943;0.1427791714668274;0.1347721517086029;0.13449157774448395;0.13668572902679443;0.1320144385099411;0.13849210739135742;0.13084696233272552;0.12943971157073975;0.1395721733570099;0.1341804414987564;0.13650751113891602;0.12124406546354294;0.13415661454200745;0.1276465803384781;0.13805359601974487;0.13989481329917908;0.13479231297969818;0.13894617557525635;0.13795599341392517;0.1387234926223755;0.12409497052431107;0.13507671654224396;0.13576973974704742;0.12525896728038788;0.14025649428367615,256,0,0,"{'solver_error': 0, 'short_solution': 0, 'duplicate': 0, 'goal_error': 0, 'invalid_state': 19}",0.019572173357009892,inf,0.9933305728482857,filtered,127,2,4,3,171,1,1,2,1.0,0.0,0.20443667471408844,0.0,1.0,1.0527677255109391e-05,0,1,0,0,0.1164433456925924,0.0,filtered,osqp optimal,0.20307485072064121,0,1,12,predictive_link_4,predictive_link_4,,,0,0,1,solved,osqp,1.4876748881872677e-08,valid,1.0527677255109391e-05,1.0995100958175346,1.26536288e-21|0.00187913703|0.00135304223|0.00131618354|0.000215437838|0.000215437838,,,,,,,,,,0.012841110001318157,0.004349395050667226,0.0014019720256328583,0.0020654579857364297
192,9.65,-2.068213226182975,0.514904260635376,0.06560124456882477,0.1849881410598755,0.3058658540248871,1.0,4,0,0,0,0,0,0,,0,0,,-1,-1,nan,not_applicable,,,nan,0,0.022898511961102486,0.0003166064852848649,6.336926890071481e-05,0.20443445444107056,0.20443445444107056,0.06560184905590341,0.06560124456882477,6.044870786425793e-07,0.1477725124997132,0.0002160224517033262,0.14776805541695645,1.2096850113512323e-05,0.14775595856684293,0.1477680576470431,0,0,disabled,0.0,1,SERVO,direct_path,0,1.020902824937366,4.095793275977485,46,1,1,1,29,1.5099686265474166,0.1395721733570099,8.770709554708135e-05;0.0012075064632565823;0.001002045595193055;0.0004947495639298622;0.0029191319617776225;0.004687752307886327;0.0021986294280441393;0.007081388076490479;0.006361944035854222;0.0036740317157455495;0.006308050633232968;0.0048628460417016435;0.005157864627197516;0.0035083163354709223;0.00297567958352632;0.009165382230222119;0.003680303890197841;0.0028622156503248543;0.00643246594934489;0.002294977627307809;0.006904895741739889;0.00762442890223786;0.003450596360112283;0.0026666093906092506;0.0014808383770206178;0.004465937403331517;0.002204767434314907;0.006962396759292367;0.010301128510928327;0.003675045806114605;0.0033170432572286013;0.0012754373312521333;0.004069275100035187;0.0034737459467406853;0.015448545043067832;0.0029684132122593312;0.0040871303604292225;0.0057764255865132;0.0039005979840348107;0.0023792967281652776;0.0031816265038875045;0.005302191166000053;0.0021886603739246532;0.0018936746264764518;0.0030944249628086337;0.006389424759657725,0.13641145825386047;0.13556939363479614;0.1371055543422699;0.13672222197055817;0.13421006500720978;0.13433951139450073;0.135472372174263;0.14121320843696594;0.12227397412061691;0.13391190767288208;0.13966768980026245;0.14038002490997314;0.14061644673347473;0.13585875928401947;0.13525931537151337;0.14334294199943542;0.13614915311336517;0.13599611818790436;0.13317370414733887;0.12275157123804092;0.12700004875659943;0.1427791714668274;0.1347721517086029;0.13449157774448395;0.13668572902679443;0.1320144385099411;0.13849210739135742;0.13084696233272552;0.12943971157073975;0.1395721733570099;0.1341804414987564;0.13650751113891602;0.12124406546354294;0.13415661454200745;0.1276465803384781;0.13805359601974487;0.13989481329917908;0.13479231297969818;0.13894617557525635;0.13795599341392517;0.1387234926223755;0.12409497052431107;0.13507671654224396;0.13576973974704742;0.12525896728038788;0.14025649428367615,256,0,0,"{'solver_error': 0, 'short_solution': 0, 'duplicate': 0, 'goal_error': 0, 'invalid_state': 19}",0.019572173357009892,inf,0.9933386512212069,filtered,128,2,4,3,172,1,1,2,1.0,0.0,0.20443445444107056,0.0,1.0,1.0532504966534462e-05,0,1,0,0,0.1164433456925924,0.0,filtered,osqp optimal,0.20307432366363554,0,1,12,predictive_link_4,predictive_link_4,,,0,0,1,solved,osqp,1.5189859614167533e-08,valid,1.0532504966534462e-05,1.0994673580780978,4.07511642e-20|0.00187858373|0.00135237531|0.00131499457|0.000215314353|0.000215314353,,,,,,,,,,0.009570707916282117,0.0029349870746955276,0.0013413149863481522,0.001634220010600984
193,9.700000000000001,-2.0682127270513853,0.5149041414260864,0.06560064852237701,0.18498602509498596,0.30587098002433777,1.0,4,0,0,0,0,0,0,,0,0,,-1,-1,nan,not_applicable,,,nan,0,0.02288299798965454,0.00031601180671714246,9.689752187114209e-05,0.2044321447610855,0.2044321447610855,0.0656012432273877,0.06560064852237701,5.947050106813734e-07,0.14777115084280523,0.00021585273110881064,0.14776669317387053,1.2214931489777132e-05,0.14775447824238075,0.14776669015228577,0,0,disabled,0.0,1,SERVO,direct_path,0,1.020902824937366,4.095793275977485,46,1,1,1,29,1.5099686265474166,0.1395721733570099,8.770709554708135e-05;0.0012075064632565823;0.001002045595193055;0.0004947495639298622;0.0029191319617776225;0.004687752307886327;0.0021986294280441393;0.007081388076490479;0.006361944035854222;0.0036740317157455495;0.006308050633232968;0.0048628460417016435;0.005157864627197516;0.0035083163354709223;0.00297567958352632;0.009165382230222119;0.003680303890197841;0.0028622156503248543;0.00643246594934489;0.002294977627307809;0.006904895741739889;0.00762442890223786;0.003450596360112283;0.0026666093906092506;0.0014808383770206178;0.004465937403331517;0.002204767434314907;0.006962396759292367;0.010301128510928327;0.003675045806114605;0.0033170432572286013;0.0012754373312521333;0.004069275100035187;0.0034737459467406853;0.015448545043067832;0.0029684132122593312;0.0040871303604292225;0.0057764255865132;0.0039005979840348107;0.0023792967281652776;0.0031816265038875045;0.005302191166000053;0.0021886603739246532;0.0018936746264764518;0.0030944249628086337;0.006389424759657725,0.13641145825386047;0.13556939363479614;0.1371055543422699;0.13672222197055817;0.13421006500720978;0.13433951139450073;0.135472372174263;0.14121320843696594;0.12227397412061691;0.13391190767288208;0.13966768980026245;0.14038002490997314;0.14061644673347473;0.13585875928401947;0.13525931537151337;0.14334294199943542;0.13614915311336517;0.13599611818790436;0.13317370414733887;0.12275157123804092;0.12700004875659943;0.1427791714668274;0.1347721517086029;0.13449157774448395;0.13668572902679443;0.1320144385099411;0.13849210739135742;0.13084696233272552;0.12943971157073975;0.1395721733570099;0.1341804414987564;0.13650751113891602;0.12124406546354294;0.13415661454200745;0.1276465803384781;0.13805359601974487;0.13989481329917908;0.13479231297969818;0.13894617557525635;0.13795599341392517;0.1387234926223755;0.12409497052431107;0.13507671654224396;0.13576973974704742;0.12525896728038788;0.14025649428367615,256,0,0,"{'solver_error': 0, 'short_solution': 0, 'duplicate': 0, 'goal_error': 0, 'invalid_state': 19}",0.019572173357009892,inf,0.9933468613147737,filtered,129,2,4,3,173,1,1,2,1.0,0.0,0.2044321447610855,0.0,1.0,1.0552217904927219e-05,0,1,0,0,0.1164433456925924,0.0,filtered,osqp optimal,0.20307363470862813,0,1,12,predictive_link_4,predictive_link_4,,,0,0,1,solved,osqp,1.5510039250572457e-08,valid,1.0552217904927219e-05,1.099424588688621,0|0.00187803268|0.00135173889|0.00131383642|0.00021525588|0.00021525588,,,,,,,,,,0.009449859033338726,0.0029379099141806364,0.0016286890022456646,0.001742023043334484
194,9.75,-2.0682126392886646,0.514904260635376,0.06560003012418747,0.18498387932777405,0.30587631464004517,1.0,4,0,0,0,0,0,0,,0,0,,-1,-1,nan,not_applicable,,,nan,0,0.022867467254400253,0.0003159714106004685,6.447135092457756e-05,0.20442987978458405,0.20442987978458405,0.06560064761538623,0.06560003012418747,6.174911987566478e-07,0.14776980847796822,0.00021574768707820747,0.1477653501983478,1.2284730041441407e-05,0.14775306546830635,0.14776534815535255,0,0,disabled,0.0,1,SERVO,direct_path,0,1.020902824937366,4.095793275977485,46,1,1,1,29,1.5099686265474166,0.1395721733570099,8.770709554708135e-05;0.0012075064632565823;0.001002045595193055;0.0004947495639298622;0.0029191319617776225;0.004687752307886327;0.0021986294280441393;0.007081388076490479;0.006361944035854222;0.0036740317157455495;0.006308050633232968;0.0048628460417016435;0.005157864627197516;0.0035083163354709223;0.00297567958352632;0.009165382230222119;0.003680303890197841;0.0028622156503248543;0.00643246594934489;0.002294977627307809;0.006904895741739889;0.00762442890223786;0.003450596360112283;0.0026666093906092506;0.0014808383770206178;0.004465937403331517;0.002204767434314907;0.006962396759292367;0.010301128510928327;0.003675045806114605;0.0033170432572286013;0.0012754373312521333;0.004069275100035187;0.0034737459467406853;0.015448545043067832;0.0029684132122593312;0.0040871303604292225;0.0057764255865132;0.0039005979840348107;0.0023792967281652776;0.0031816265038875045;0.005302191166000053;0.0021886603739246532;0.0018936746264764518;0.0030944249628086337;0.006389424759657725,0.13641145825386047;0.13556939363479614;0.1371055543422699;0.13672222197055817;0.13421006500720978;0.13433951139450073;0.135472372174263;0.14121320843696594;0.12227397412061691;0.13391190767288208;0.13966768980026245;0.14038002490997314;0.14061644673347473;0.13585875928401947;0.13525931537151337;0.14334294199943542;0.13614915311336517;0.13599611818790436;0.13317370414733887;0.12275157123804092;0.12700004875659943;0.1427791714668274;0.1347721517086029;0.13449157774448395;0.13668572902679443;0.1320144385099411;0.13849210739135742;0.13084696233272552;0.12943971157073975;0.1395721733570099;0.1341804414987564;0.13650751113891602;0.12124406546354294;0.13415661454200745;0.1276465803384781;0.13805359601974487;0.13989481329917908;0.13479231297969818;0.13894617557525635;0.13795599341392517;0.1387234926223755;0.12409497052431107;0.13507671654224396;0.13576973974704742;0.12525896728038788;0.14025649428367615,256,0,0,"{'solver_error': 0, 'short_solution': 0, 'duplicate': 0, 'goal_error': 0, 'invalid_state': 19}",0.019572173357009892,inf,0.9933547140835164,filtered,130,2,4,3,174,1,1,2,1.0,0.0,0.20442987978458405,0.0,1.0,1.0566263666092479e-05,0,1,0,0,0.1164433456925924,0.0,filtered,osqp optimal,0.203072994932134,0,1,12,predictive_link_4,predictive_link_4,,,0,0,1,solved,osqp,1.5842259398313012e-08,valid,1.0566263666092479e-05,1.0993817670543593,3.1504815e-22|0.00187747443|0.00135104958|0.00131261939|0.000215102988|0.000215102988,,,,,,,,,,0.010496173985302448,0.0029732310213148594,0.001305092009715736,0.0017154059605672956
195,9.8,-2.0682110465101866,0.5149039030075073,0.06559941172599792,0.1849817931652069,0.30588117241859436,1.0,4,0,0,0,0,0,0,,0,0,,-1,-1,nan,not_applicable,,,nan,0,0.022851938381791115,0.00031583436066284776,6.70060544507578e-05,0.20442762970924377,0.20442762970924377,0.06560002840022132,0.06559941172599792,6.166742233942868e-07,0.1477684081264806,0.00021564527437291906,0.1477639492107286,1.225236562131526e-05,0.1477516968451073,0.14776394532749795,0,0,disabled,0.0,1,SERVO,direct_path,0,1.020902824937366,4.095793275977485,46,1,1,1,29,1.5099686265474166,0.1395721733570099,8.770709554708135e-05;0.0012075064632565823;0.001002045595193055;0.0004947495639298622;0.0029191319617776225;0.004687752307886327;0.0021986294280441393;0.007081388076490479;0.006361944035854222;0.0036740317157455495;0.006308050633232968;0.0048628460417016435;0.005157864627197516;0.0035083163354709223;0.00297567958352632;0.009165382230222119;0.003680303890197841;0.0028622156503248543;0.00643246594934489;0.002294977627307809;0.006904895741739889;0.00762442890223786;0.003450596360112283;0.0026666093906092506;0.0014808383770206178;0.004465937403331517;0.002204767434314907;0.006962396759292367;0.010301128510928327;0.003675045806114605;0.0033170432572286013;0.0012754373312521333;0.004069275100035187;0.0034737459467406853;0.015448545043067832;0.0029684132122593312;0.0040871303604292225;0.0057764255865132;0.0039005979840348107;0.0023792967281652776;0.0031816265038875045;0.005302191166000053;0.0021886603739246532;0.0018936746264764518;0.0030944249628086337;0.006389424759657725,0.13641145825386047;0.13556939363479614;0.1371055543422699;0.13672222197055817;0.13421006500720978;0.13433951139450073;0.135472372174263;0.14121320843696594;0.12227397412061691;0.13391190767288208;0.13966768980026245;0.14038002490997314;0.14061644673347473;0.13585875928401947;0.13525931537151337;0.14334294199943542;0.13614915311336517;0.13599611818790436;0.13317370414733887;0.12275157123804092;0.12700004875659943;0.1427791714668274;0.1347721517086029;0.13449157774448395;0.13668572902679443;0.1320144385099411;0.13849210739135742;0.13084696233272552;0.12943971157073975;0.1395721733570099;0.1341804414987564;0.13650751113891602;0.12124406546354294;0.13415661454200745;0.1276465803384781;0.13805359601974487;0.13989481329917908;0.13479231297969818;0.13894617557525635;0.13795599341392517;0.1387234926223755;0.12409497052431107;0.13507671654224396;0.13576973974704742;0.12525896728038788;0.14025649428367615,256,0,0,"{'solver_error': 0, 'short_solution': 0, 'duplicate': 0, 'goal_error': 0, 'invalid_state': 19}",0.019572173357009892,inf,0.9933625903714278,filtered,131,2,4,3,175,1,1,2,1.0,0.0,0.20442762970924377,0.0,1.0,1.057061052690822e-05,0,1,0,0,0.1164433456925924,0.0,filtered,osqp optimal,0.20307248621846005,0,1,12,predictive_link_4,predictive_link_4,,,0,0,1,solved,osqp,0.0,valid,1.057061052690822e-05,1.0993387829811239,2.51694521e-21|0.00187690376|0.00135037358|0.0013114236|0.000214988763|0.000214988763,,,,,,,,,,0.01432661502622068,0.005552403978072107,0.001511204056441784,0.0029797509778290987
196,9.850000000000001,-2.0682118379189958,0.5149041414260864,0.06559879332780838,0.184979647397995,0.30588656663894653,1.0,4,0,0,0,0,0,0,,0,0,,-1,-1,nan,not_applicable,,,nan,0,0.022836454212665558,0.0003151640994474292,0.0001441552012693137,0.2044253796339035,0.2044253796339035,0.06559941094173341,0.06559879332780838,6.176139250302359e-07,0.14776701994191657,0.00021550831782915652,0.14776256042904315,1.2476655676463457e-05,0.14775008377336668,0.14776255866248872,0,0,disabled,0.0,1,SERVO,direct_path,0,1.020902824937366,4.095793275977485,46,1,1,1,29,1.5099686265474166,0.1395721733570099,8.770709554708135e-05;0.0012075064632565823;0.001002045595193055;0.0004947495639298622;0.0029191319617776225;0.004687752307886327;0.0021986294280441393;0.007081388076490479;0.006361944035854222;0.0036740317157455495;0.006308050633232968;0.0048628460417016435;0.005157864627197516;0.0035083163354709223;0.00297567958352632;0.009165382230222119;0.003680303890197841;0.0028622156503248543;0.00643246594934489;0.002294977627307809;0.006904895741739889;0.00762442890223786;0.003450596360112283;0.0026666093906092506;0.0014808383770206178;0.004465937403331517;0.002204767434314907;0.006962396759292367;0.010301128510928327;0.003675045806114605;0.0033170432572286013;0.0012754373312521333;0.004069275100035187;0.0034737459467406853;0.015448545043067832;0.0029684132122593312;0.0040871303604292225;0.0057764255865132;0.0039005979840348107;0.0023792967281652776;0.0031816265038875045;0.005302191166000053;0.0021886603739246532;0.0018936746264764518;0.0030944249628086337;0.006389424759657725,0.13641145825386047;0.13556939363479614;0.1371055543422699;0.13672222197055817;0.13421006500720978;0.13433951139450073;0.135472372174263;0.14121320843696594;0.12227397412061691;0.13391190767288208;0.13966768980026245;0.14038002490997314;0.14061644673347473;0.13585875928401947;0.13525931537151337;0.14334294199943542;0.13614915311336517;0.13599611818790436;0.13317370414733887;0.12275157123804092;0.12700004875659943;0.1427791714668274;0.1347721517086029;0.13449157774448395;0.13668572902679443;0.1320144385099411;0.13849210739135742;0.13084696233272552;0.12943971157073975;0.1395721733570099;0.1341804414987564;0.13650751113891602;0.12124406546354294;0.13415661454200745;0.1276465803384781;0.13805359601974487;0.13989481329917908;0.13479231297969818;0.13894617557525635;0.13795599341392517;0.1387234926223755;0.12409497052431107;0.13507671654224396;0.13576973974704742;0.12525896728038788;0.14025649428367615,256,0,0,"{'solver_error': 0, 'short_solution': 0, 'duplicate': 0, 'goal_error': 0, 'invalid_state': 19}",0.019572173357009892,inf,0.9933710355458745,filtered,132,2,4,3,176,1,1,2,1.0,0.0,0.2044253796339035,0.0,1.0,1.0614077812123868e-05,0,1,0,0,0.1164433456925924,0.0,filtered,osqp optimal,0.2030716532172879,0,1,12,predictive_link_4,predictive_link_4,,,0,0,1,solved,osqp,0.0,valid,1.0614077812123868e-05,1.0992958499906966,0|0.00187631624|0.0013497159|0.00131026944|0.00021488515|0.00021488515,,,,,,,,,,0.009010829962790012,0.002575838938355446,0.0012519449228420854,0.0018686680123209953
197,9.9,-2.0682107556930087,0.5149038434028625,0.06559818983078003,0.18497753143310547,0.30589157342910767,1.0,4,0,0,0,0,0,0,,0,0,,-1,-1,nan,not_applicable,,,nan,0,0.02282097004354,0.00031494293943978846,0.0001382649497827515,0.20442309975624084,0.20442309975624084,0.0655987952399721,0.06559818983078003,6.054091920698612e-07,0.147765630114808,0.00021536948336312915,0.14776116998187772,1.2442691891626251e-05,0.1477487272899861,0.14776117428902324,0,0,disabled,0.0,1,SERVO,direct_path,0,1.020902824937366,4.095793275977485,46,1,1,1,29,1.5099686265474166,0.1395721733570099,8.770709554708135e-05;0.0012075064632565823;0.001002045595193055;0.0004947495639298622;0.0029191319617776225;0.004687752307886327;0.0021986294280441393;0.007081388076490479;0.006361944035854222;0.0036740317157455495;0.006308050633232968;0.0048628460417016435;0.005157864627197516;0.0035083163354709223;0.00297567958352632;0.009165382230222119;0.003680303890197841;0.0028622156503248543;0.00643246594934489;0.002294977627307809;0.006904895741739889;0.00762442890223786;0.003450596360112283;0.0026666093906092506;0.0014808383770206178;0.004465937403331517;0.002204767434314907;0.006962396759292367;0.010301128510928327;0.003675045806114605;0.0033170432572286013;0.0012754373312521333;0.004069275100035187;0.0034737459467406853;0.015448545043067832;0.0029684132122593312;0.0040871303604292225;0.0057764255865132;0.0039005979840348107;0.0023792967281652776;0.0031816265038875045;0.005302191166000053;0.0021886603739246532;0.0018936746264764518;0.0030944249628086337;0.006389424759657725,0.13641145825386047;0.13556939363479614;0.1371055543422699;0.13672222197055817;0.13421006500720978;0.13433951139450073;0.135472372174263;0.14121320843696594;0.12227397412061691;0.13391190767288208;0.13966768980026245;0.14038002490997314;0.14061644673347473;0.13585875928401947;0.13525931537151337;0.14334294199943542;0.13614915311336517;0.13599611818790436;0.13317370414733887;0.12275157123804092;0.12700004875659943;0.1427791714668274;0.1347721517086029;0.13449157774448395;0.13668572902679443;0.1320144385099411;0.13849210739135742;0.13084696233272552;0.12943971157073975;0.1395721733570099;0.1341804414987564;0.13650751113891602;0.12124406546354294;0.13415661454200745;0.1276465803384781;0.13805359601974487;0.13989481329917908;0.13479231297969818;0.13894617557525635;0.13795599341392517;0.1387234926223755;0.12409497052431107;0.13507671654224396;0.13576973974704742;0.12525896728038788;0.14025649428367615,256,0,0,"{'solver_error': 0, 'short_solution': 0, 'duplicate': 0, 'goal_error': 0, 'invalid_state': 19}",0.019572173357009892,inf,0.9933778945694516,filtered,133,2,4,3,177,1,1,2,1.0,0.0,0.20442309975624084,0.0,1.0,1.060908895798851e-05,0,1,0,0,0.1164433456925924,0.0,filtered,osqp optimal,0.20307113080885864,0,1,12,predictive_link_4,predictive_link_4,,,0,0,1,solved,osqp,0.0,valid,1.060908895798851e-05,1.0992527163783832,1.2549274e-21|0.00187574372|0.00134900458|0.00130900932|0.000214751841|0.000214751841,,,,,,,,,,0.01182047207839787,0.003271743073128164,0.0018781350227072835,0.0027678130427375436
198,9.950000000000001,-2.0682098483725118,0.514903724193573,0.06559757143259048,0.18497541546821594,0.30589669942855835,1.0,4,0,0,0,0,0,0,,0,0,,-1,-1,nan,not_applicable,,,nan,0,0.022805485874414444,0.00031502029742114246,0.00013080312055535614,0.204420804977417,0.204420804977417,0.06559818972422952,0.06559757143259048,6.182916390401472e-07,0.14776426688318778,0.00021527051156786193,0.14775980613745032,1.2644322097909e-05,0.1477471618153524,0.1477598058974455,0,0,disabled,0.0,1,SERVO,direct_path,0,1.020902824937366,4.095793275977485,46,1,1,1,29,1.5099686265474166,0.1395721733570099,8.770709554708135e-05;0.0012075064632565823;0.001002045595193055;0.0004947495639298622;0.0029191319617776225;0.004687752307886327;0.0021986294280441393;0.007081388076490479;0.006361944035854222;0.0036740317157455495;0.006308050633232968;0.0048628460417016435;0.005157864627197516;0.0035083163354709223;0.00297567958352632;0.009165382230222119;0.003680303890197841;0.0028622156503248543;0.00643246594934489;0.002294977627307809;0.006904895741739889;0.00762442890223786;0.003450596360112283;0.0026666093906092506;0.0014808383770206178;0.004465937403331517;0.002204767434314907;0.006962396759292367;0.010301128510928327;0.003675045806114605;0.0033170432572286013;0.0012754373312521333;0.004069275100035187;0.0034737459467406853;0.015448545043067832;0.0029684132122593312;0.0040871303604292225;0.0057764255865132;0.0039005979840348107;0.0023792967281652776;0.0031816265038875045;0.005302191166000053;0.0021886603739246532;0.0018936746264764518;0.0030944249628086337;0.006389424759657725,0.13641145825386047;0.13556939363479614;0.1371055543422699;0.13672222197055817;0.13421006500720978;0.13433951139450073;0.135472372174263;0.14121320843696594;0.12227397412061691;0.13391190767288208;0.13966768980026245;0.14038002490997314;0.14061644673347473;0.13585875928401947;0.13525931537151337;0.14334294199943542;0.13614915311336517;0.13599611818790436;0.13317370414733887;0.12275157123804092;0.12700004875659943;0.1427791714668274;0.1347721517086029;0.13449157774448395;0.13668572902679443;0.1320144385099411;0.13849210739135742;0.13084696233272552;0.12943971157073975;0.1395721733570099;0.1341804414987564;0.13650751113891602;0.12124406546354294;0.13415661454200745;0.1276465803384781;0.13805359601974487;0.13989481329917908;0.13479231297969818;0.13894617557525635;0.13795599341392517;0.1387234926223755;0.12409497052431107;0.13507671654224396;0.13576973974704742;0.12525896728038788;0.14025649428367615,256,0,0,"{'solver_error': 0, 'short_solution': 0, 'duplicate': 0, 'goal_error': 0, 'invalid_state': 19}",0.019572173357009892,inf,0.9933864179293126,filtered,134,2,4,3,178,1,1,2,1.0,0.0,0.204420804977417,0.0,1.0,1.0650359213118521e-05,0,1,0,0,0.1164433456925924,0.0,filtered,osqp optimal,0.20307028080861486,0,1,12,predictive_link_4,predictive_link_4,,,0,0,1,solved,osqp,0.0,valid,1.0650359213118521e-05,1.0992096644037088,0|0.00187515974|0.0013483428|0.00130785573|0.000214621663|0.000214621663,,,,,,,,,,0.014370618970133364,0.004313603974878788,0.0020342939533293247,0.002674554940313101
199,10.0,-2.0682112876172023,0.514904260635376,0.06559692323207855,0.18497323989868164,0.3059023916721344,1.0,4,0,0,0,0,0,0,,0,0,,-1,-1,nan,not_applicable,,,nan,0,0.022790024057030678,0.00031436936114914715,7.686747994739562e-05,0.20441856980323792,0.20441856980323792,0.06559757753139588,0.06559692323207855,6.542993173236367e-07,0.14776288532874693,0.0002151099016475919,0.14775842395943703,1.2714480685125007e-05,0.1477457094787519,0.14775843769698635,0,0,disabled,0.0,1,SERVO,direct_path,0,1.020902824937366,4.095793275977485,46,1,1,1,29,1.5099686265474166,0.1395721733570099,8.770709554708135e-05;0.0012075064632565823;0.001002045595193055;0.0004947495639298622;0.0029191319617776225;0.004687752307886327;0.0021986294280441393;0.007081388076490479;0.006361944035854222;0.0036740317157455495;0.006308050633232968;0.0048628460417016435;0.005157864627197516;0.0035083163354709223;0.00297567958352632;0.009165382230222119;0.003680303890197841;0.0028622156503248543;0.00643246594934489;0.002294977627307809;0.006904895741739889;0.00762442890223786;0.003450596360112283;0.0026666093906092506;0.0014808383770206178;0.004465937403331517;0.002204767434314907;0.006962396759292367;0.010301128510928327;0.003675045806114605;0.0033170432572286013;0.0012754373312521333;0.004069275100035187;0.0034737459467406853;0.015448545043067832;0.0029684132122593312;0.0040871303604292225;0.0057764255865132;0.0039005979840348107;0.0023792967281652776;0.0031816265038875045;0.005302191166000053;0.0021886603739246532;0.0018936746264764518;0.0030944249628086337;0.006389424759657725,0.13641145825386047;0.13556939363479614;0.1371055543422699;0.13672222197055817;0.13421006500720978;0.13433951139450073;0.135472372174263;0.14121320843696594;0.12227397412061691;0.13391190767288208;0.13966768980026245;0.14038002490997314;0.14061644673347473;0.13585875928401947;0.13525931537151337;0.14334294199943542;0.13614915311336517;0.13599611818790436;0.13317370414733887;0.12275157123804092;0.12700004875659943;0.1427791714668274;0.1347721517086029;0.13449157774448395;0.13668572902679443;0.1320144385099411;0.13849210739135742;0.13084696233272552;0.12943971157073975;0.1395721733570099;0.1341804414987564;0.13650751113891602;0.12124406546354294;0.13415661454200745;0.1276465803384781;0.13805359601974487;0.13989481329917908;0.13479231297969818;0.13894617557525635;0.13795599341392517;0.1387234926223755;0.12409497052431107;0.13507671654224396;0.13576973974704742;0.12525896728038788;0.14025649428367615,256,0,0,"{'solver_error': 0, 'short_solution': 0, 'duplicate': 0, 'goal_error': 0, 'invalid_state': 19}",0.019572173357009892,inf,0.9933934113557995,filtered,135,2,4,3,179,1,1,2,1.0,0.0,0.20441856980323792,0.0,1.0,1.0667383729803803e-05,0,1,0,0,0.1164433456925924,0.0,filtered,osqp optimal,0.2030696425369823,0,1,12,predictive_link_4,predictive_link_4,,,0,0,1,solved,osqp,0.0,valid,1.0667383729803803e-05,1.0991665504112968,0|0.00187457768|0.00134763858|0.00130660668|0.000214511268|0.000214511268,,,,,,,,,,0.014255082001909614,0.0042323441011831164,0.0020664300536736846,0.0026988090248778462
200,10.05,-2.0682089031300364,0.5149036049842834,0.06559629738330841,0.18497112393379211,0.30590710043907166,1.0,4,0,0,0,0,0,0,,0,0,,-1,-1,nan,not_applicable,,,nan,0,0.02277453988790512,0.00031569201382808387,0.00019326752226334065,0.20441608130931854,0.20441608130931854,0.06559692378760029,0.06559629738330841,6.264042918813217e-07,0.1477614160466162,0.00021504546012159133,0.1477569541258833,1.2584740874524607e-05,0.14774436938500876,0.14775695537719505,0,0,disabled,0.0,1,SERVO,direct_path,0,1.020902824937366,4.095793275977485,46,1,1,1,29,1.5099686265474166,0.1395721733570099,8.770709554708135e-05;0.0012075064632565823;0.001002045595193055;0.0004947495639298622;0.0029191319617776225;0.004687752307886327;0.0021986294280441393;0.007081388076490479;0.006361944035854222;0.0036740317157455495;0.006308050633232968;0.0048628460417016435;0.005157864627197516;0.0035083163354709223;0.00297567958352632;0.009165382230222119;0.003680303890197841;0.0028622156503248543;0.00643246594934489;0.002294977627307809;0.006904895741739889;0.00762442890223786;0.003450596360112283;0.0026666093906092506;0.0014808383770206178;0.004465937403331517;0.002204767434314907;0.006962396759292367;0.010301128510928327;0.003675045806114605;0.0033170432572286013;0.0012754373312521333;0.004069275100035187;0.0034737459467406853;0.015448545043067832;0.0029684132122593312;0.0040871303604292225;0.0057764255865132;0.0039005979840348107;0.0023792967281652776;0.0031816265038875045;0.005302191166000053;0.0021886603739246532;0.0018936746264764518;0.0030944249628086337;0.006389424759657725,0.13641145825386047;0.13556939363479614;0.1371055543422699;0.13672222197055817;0.13421006500720978;0.13433951139450073;0.135472372174263;0.14121320843696594;0.12227397412061691;0.13391190767288208;0.13966768980026245;0.14038002490997314;0.14061644673347473;0.13585875928401947;0.13525931537151337;0.14334294199943542;0.13614915311336517;0.13599611818790436;0.13317370414733887;0.12275157123804092;0.12700004875659943;0.1427791714668274;0.1347721517086029;0.13449157774448395;0.13668572902679443;0.1320144385099411;0.13849210739135742;0.13084696233272552;0.12943971157073975;0.1395721733570099;0.1341804414987564;0.13650751113891602;0.12124406546354294;0.13415661454200745;0.1276465803384781;0.13805359601974487;0.13989481329917908;0.13479231297969818;0.13894617557525635;0.13795599341392517;0.1387234926223755;0.12409497052431107;0.13507671654224396;0.13576973974704742;0.12525896728038788;0.14025649428367615,256,0,0,"{'solver_error': 0, 'short_solution': 0, 'duplicate': 0, 'goal_error': 0, 'invalid_state': 19}",0.019572173357009892,inf,0.9934011510424222,filtered,136,2,4,3,180,1,1,2,1.0,0.0,0.20441608130931854,0.0,1.0,1.0634400324852078e-05,0,1,0,0,0.1164433456925924,0.0,filtered,osqp optimal,0.20306910302029543,0,1,12,predictive_link_4,predictive_link_4,,,0,0,1,solved,osqp,0.0,valid,1.0634400324852078e-05,1.099123284519602,0|0.0018739731|0.00134693897|0.0013053996|0.000214363631|0.000214363631,,,,,,,,,,0.01472102606203407,0.004376765922643244,0.002097327960655093,0.0028444749768823385
201,10.100000000000001,-2.068211225456282,0.514904260635376,0.06559566408395767,0.1849689483642578,0.3059127926826477,1.0,4,0,0,0,0,0,0,,0,0,,-1,-1,nan,not_applicable,,,nan,0,0.022759096696972847,0.0003140141488984227,0.00032049830770120025,0.20441381633281708,0.20441381633281708,0.06559629814657397,0.06559566408395767,6.340626163003904e-07,0.1477600097420341,0.00021493564731316878,0.14775554718739664,1.2901482250103338e-05,0.14774264570514653,0.14775554890665102,0,0,disabled,0.0,1,SERVO,direct_path,0,1.020902824937366,4.095793275977485,46,1,1,1,29,1.5099686265474166,0.1395721733570099,8.770709554708135e-05;0.0012075064632565823;0.001002045595193055;0.0004947495639298622;0.0029191319617776225;0.004687752307886327;0.0021986294280441393;0.007081388076490479;0.006361944035854222;0.0036740317157455495;0.006308050633232968;0.0048628460417016435;0.005157864627197516;0.0035083163354709223;0.00297567958352632;0.009165382230222119;0.003680303890197841;0.0028622156503248543;0.00643246594934489;0.002294977627307809;0.006904895741739889;0.00762442890223786;0.003450596360112283;0.0026666093906092506;0.0014808383770206178;0.004465937403331517;0.002204767434314907;0.006962396759292367;0.010301128510928327;0.003675045806114605;0.0033170432572286013;0.0012754373312521333;0.004069275100035187;0.0034737459467406853;0.015448545043067832;0.0029684132122593312;0.0040871303604292225;0.0057764255865132;0.0039005979840348107;0.0023792967281652776;0.0031816265038875045;0.005302191166000053;0.0021886603739246532;0.0018936746264764518;0.0030944249628086337;0.006389424759657725,0.13641145825386047;0.13556939363479614;0.1371055543422699;0.13672222197055817;0.13421006500720978;0.13433951139450073;0.135472372174263;0.14121320843696594;0.12227397412061691;0.13391190767288208;0.13966768980026245;0.14038002490997314;0.14061644673347473;0.13585875928401947;0.13525931537151337;0.14334294199943542;0.13614915311336517;0.13599611818790436;0.13317370414733887;0.12275157123804092;0.12700004875659943;0.1427791714668274;0.1347721517086029;0.13449157774448395;0.13668572902679443;0.1320144385099411;0.13849210739135742;0.13084696233272552;0.12943971157073975;0.1395721733570099;0.1341804414987564;0.13650751113891602;0.12124406546354294;0.13415661454200745;0.1276465803384781;0.13805359601974487;0.13989481329917908;0.13479231297969818;0.13894617557525635;0.13795599341392517;0.1387234926223755;0.12409497052431107;0.13507671654224396;0.13576973974704742;0.12525896728038788;0.14025649428367615,256,0,0,"{'solver_error': 0, 'short_solution': 0, 'duplicate': 0, 'goal_error': 0, 'invalid_state': 19}",0.019572173357009892,inf,0.993410605073752,filtered,137,2,4,3,181,1,1,2,1.0,0.0,0.20441381633281708,0.0,1.0,1.0702057925235375e-05,0,1,0,0,0.1164433456925924,0.0,filtered,osqp optimal,0.20306806819473655,0,1,12,predictive_link_4,predictive_link_4,,,0,0,1,solved,osqp,0.0,valid,1.0702057925235375e-05,1.0990800532032459,0|0.00187346641|0.00134637133|0.00130433858|0.000214291555|0.000214291555,,,,,,,,,,0.014536206028424203,0.004500475944951177,0.002023702021688223,0.002457168069668114
202,10.15,-2.068208062202042,0.5149035453796387,0.06559502333402634,0.1849668025970459,0.3059176206588745,1.0,4,0,0,0,0,0,0,,0,0,,-1,-1,nan,not_applicable,,,nan,0,0.022743649780750275,0.00031413824763149023,0.00035249421489425004,0.20441149175167084,0.20441149175167084,0.06559566583996208,0.06559502333402634,6.425059357467733e-07,0.14775858268467776,0.0002146854660493338,0.14775411951353126,1.2595737847584801e-05,0.14774152377568367,0.14775412346892816,0,0,disabled,0.0,1,SERVO,direct_path,0,1.020902824937366,4.095793275977485,46,1,1,1,29,1.5099686265474166,0.1395721733570099,8.770709554708135e-05;0.0012075064632565823;0.001002045595193055;0.0004947495639298622;0.0029191319617776225;0.004687752307886327;0.0021986294280441393;0.007081388076490479;0.006361944035854222;0.0036740317157455495;0.006308050633232968;0.0048628460417016435;0.005157864627197516;0.0035083163354709223;0.00297567958352632;0.009165382230222119;0.003680303890197841;0.0028622156503248543;0.00643246594934489;0.002294977627307809;0.006904895741739889;0.00762442890223786;0.003450596360112283;0.0026666093906092506;0.0014808383770206178;0.004465937403331517;0.002204767434314907;0.006962396759292367;0.010301128510928327;0.003675045806114605;0.0033170432572286013;0.0012754373312521333;0.004069275100035187;0.0034737459467406853;0.015448545043067832;0.0029684132122593312;0.0040871303604292225;0.0057764255865132;0.0039005979840348107;0.0023792967281652776;0.0031816265038875045;0.005302191166000053;0.0021886603739246532;0.0018936746264764518;0.0030944249628086337;0.006389424759657725,0.13641145825386047;0.13556939363479614;0.1371055543422699;0.13672222197055817;0.13421006500720978;0.13433951139450073;0.135472372174263;0.14121320843696594;0.12227397412061691;0.13391190767288208;0.13966768980026245;0.14038002490997314;0.14061644673347473;0.13585875928401947;0.13525931537151337;0.14334294199943542;0.13614915311336517;0.13599611818790436;0.13317370414733887;0.12275157123804092;0.12700004875659943;0.1427791714668274;0.1347721517086029;0.13449157774448395;0.13668572902679443;0.1320144385099411;0.13849210739135742;0.13084696233272552;0.12943971157073975;0.1395721733570099;0.1341804414987564;0.13650751113891602;0.12124406546354294;0.13415661454200745;0.1276465803384781;0.13805359601974487;0.13989481329917908;0.13479231297969818;0.13894617557525635;0.13795599341392517;0.1387234926223755;0.12409497052431107;0.13507671654224396;0.13576973974704742;0.12525896728038788;0.14025649428367615,256,0,0,"{'solver_error': 0, 'short_solution': 0, 'duplicate': 0, 'goal_error': 0, 'invalid_state': 19}",0.019572173357009892,inf,0.9934165500051648,filtered,138,2,4,3,182,1,1,2,1.0,0.0,0.20441149175167084,0.0,1.0,1.0645409187617916e-05,0,1,0,0,0.1164433456925924,0.0,filtered,osqp optimal,0.20306785582814768,0,1,12,predictive_link_4,predictive_link_4,,,0,0,1,solved,osqp,0.0,valid,1.0645409187617916e-05,1.0990366544476549,0|0.00187285685|0.00134562481|0.00130303071|0.000214176153|0.000214176153,,,,,,,,,,0.012405892950482666,0.004568701959215105,0.0013904559891670942,0.001956677995622158
203,10.200000000000001,-2.0682090175345746,0.514903724193573,0.06559440493583679,0.18496465682983398,0.30592289566993713,1.0,4,0,0,0,0,0,0,,0,0,,-1,-1,nan,not_applicable,,,nan,0,0.022728197276592255,0.00031498263706453145,0.0004125517443753779,0.20440897345542908,0.20440897345542908,0.06559502573823375,0.06559440493583679,6.20802396961162e-07,0.14775714299007417,0.00021469738932673306,0.14775267925852043,1.3033004981911641e-05,0.14773964625353853,0.14775268467399358,0,0,disabled,0.0,1,SERVO,direct_path,0,1.020902824937366,4.095793275977485,46,1,1,1,29,1.5099686265474166,0.1395721733570099,8.770709554708135e-05;0.0012075064632565823;0.001002045595193055;0.0004947495639298622;0.0029191319617776225;0.004687752307886327;0.0021986294280441393;0.007081388076490479;0.006361944035854222;0.0036740317157455495;0.006308050633232968;0.0048628460417016435;0.005157864627197516;0.0035083163354709223;0.00297567958352632;0.009165382230222119;0.003680303890197841;0.0028622156503248543;0.00643246594934489;0.002294977627307809;0.006904895741739889;0.00762442890223786;0.003450596360112283;0.0026666093906092506;0.0014808383770206178;0.004465937403331517;0.002204767434314907;0.006962396759292367;0.010301128510928327;0.003675045806114605;0.0033170432572286013;0.0012754373312521333;0.004069275100035187;0.0034737459467406853;0.015448545043067832;0.0029684132122593312;0.0040871303604292225;0.0057764255865132;0.0039005979840348107;0.0023792967281652776;0.0031816265038875045;0.005302191166000053;0.0021886603739246532;0.0018936746264764518;0.0030944249628086337;0.006389424759657725,0.13641145825386047;0.13556939363479614;0.1371055543422699;0.13672222197055817;0.13421006500720978;0.13433951139450073;0.135472372174263;0.14121320843696594;0.12227397412061691;0.13391190767288208;0.13966768980026245;0.14038002490997314;0.14061644673347473;0.13585875928401947;0.13525931537151337;0.14334294199943542;0.13614915311336517;0.13599611818790436;0.13317370414733887;0.12275157123804092;0.12700004875659943;0.1427791714668274;0.1347721517086029;0.13449157774448395;0.13668572902679443;0.1320144385099411;0.13849210739135742;0.13084696233272552;0.12943971157073975;0.1395721733570099;0.1341804414987564;0.13650751113891602;0.12124406546354294;0.13415661454200745;0.1276465803384781;0.13805359601974487;0.13989481329917908;0.13479231297969818;0.13894617557525635;0.13795599341392517;0.1387234926223755;0.12409497052431107;0.13507671654224396;0.13576973974704742;0.12525896728038788;0.14025649428367615,256,0,0,"{'solver_error': 0, 'short_solution': 0, 'duplicate': 0, 'goal_error': 0, 'invalid_state': 19}",0.019572173357009892,inf,0.9934268082874936,filtered,139,2,4,3,183,1,1,2,1.0,0.0,0.20440897345542908,0.0,1.0,1.0725390673857471e-05,0,1,0,0,0.1164433456925924,0.0,filtered,osqp optimal,0.2030664863256817,0,1,12,predictive_link_4,predictive_link_4,,,0,0,1,solved,osqp,0.0,valid,1.0725390673857471e-05,1.0989932742591584,1.24529648e-21|0.00187223143|0.00134497323|0.00130196582|0.000213967207|0.000213967207,,,,,,,,,,0.011254415032453835,0.0034863579785451293,0.001253188936971128,0.0020349849946796894
204,10.25,-2.068208277308177,0.5149037837982178,0.06559374183416367,0.18496251106262207,0.3059282600879669,1.0,4,0,0,0,0,0,0,,0,0,,-1,-1,nan,not_applicable,,,nan,0,0.022712789475917816,0.0003131871344521642,0.0002890111645683646,0.20440673828125,0.20440673828125,0.06559440533148904,0.06559374183416367,6.634973253732968e-07,0.14775574678484155,0.0002144877388751535,0.14775128242703853,1.2972176968645012e-05,0.1477383102500699,0.14775128331824453,0,0,disabled,0.0,1,SERVO,direct_path,0,1.020902824937366,4.095793275977485,46,1,1,1,29,1.5099686265474166,0.1395721733570099,8.770709554708135e-05;0.0012075064632565823;0.001002045595193055;0.0004947495639298622;0.0029191319617776225;0.004687752307886327;0.0021986294280441393;0.007081388076490479;0.006361944035854222;0.0036740317157455495;0.006308050633232968;0.0048628460417016435;0.005157864627197516;0.0035083163354709223;0.00297567958352632;0.009165382230222119;0.003680303890197841;0.0028622156503248543;0.00643246594934489;0.002294977627307809;0.006904895741739889;0.00762442890223786;0.003450596360112283;0.0026666093906092506;0.0014808383770206178;0.004465937403331517;0.002204767434314907;0.006962396759292367;0.010301128510928327;0.003675045806114605;0.0033170432572286013;0.0012754373312521333;0.004069275100035187;0.0034737459467406853;0.015448545043067832;0.0029684132122593312;0.0040871303604292225;0.0057764255865132;0.0039005979840348107;0.0023792967281652776;0.0031816265038875045;0.005302191166000053;0.0021886603739246532;0.0018936746264764518;0.0030944249628086337;0.006389424759657725,0.13641145825386047;0.13556939363479614;0.1371055543422699;0.13672222197055817;0.13421006500720978;0.13433951139450073;0.135472372174263;0.14121320843696594;0.12227397412061691;0.13391190767288208;0.13966768980026245;0.14038002490997314;0.14061644673347473;0.13585875928401947;0.13525931537151337;0.14334294199943542;0.13614915311336517;0.13599611818790436;0.13317370414733887;0.12275157123804092;0.12700004875659943;0.1427791714668274;0.1347721517086029;0.13449157774448395;0.13668572902679443;0.1320144385099411;0.13849210739135742;0.13084696233272552;0.12943971157073975;0.1395721733570099;0.1341804414987564;0.13650751113891602;0.12124406546354294;0.13415661454200745;0.1276465803384781;0.13805359601974487;0.13989481329917908;0.13479231297969818;0.13894617557525635;0.13795599341392517;0.1387234926223755;0.12409497052431107;0.13507671654224396;0.13576973974704742;0.12525896728038788;0.14025649428367615,256,0,0,"{'solver_error': 0, 'short_solution': 0, 'duplicate': 0, 'goal_error': 0, 'invalid_state': 19}",0.019572173357009892,inf,0.993432347381559,filtered,140,2,4,3,184,1,1,2,1.0,0.0,0.20440673828125,0.0,1.0,1.0710875066335945e-05,0,1,0,0,0.1164433456925924,0.0,filtered,osqp optimal,0.20306601989257048,0,1,12,predictive_link_4,predictive_link_4,,,0,0,1,solved,osqp,1.713564253273854e-08,valid,1.0710875066335945e-05,1.0989499125673188,0|0.00187170625|0.00134428599|0.00130066505|0.000213924098|0.000213924098,,,,,,,,,,0.009414294036105275,0.003045532968826592,0.0013134860200807452,0.0018087399657815695
205,10.3,-2.068206604175025,0.5149033069610596,0.06559310108423233,0.18496036529541016,0.30593323707580566,1.0,4,0,0,0,0,0,0,,0,0,,-1,-1,nan,not_applicable,,,nan,0,0.022697364911437035,0.0003139750915579498,0.00012262958625797182,0.20440426468849182,0.20440426468849182,0.06559374332780955,0.06559310108423233,6.422435772229784e-07,0.14775425889756144,0.00021442373713826418,0.14774979395917834,1.3091143863156894e-05,0.14773670281531517,0.1477497973236132,0,0,disabled,0.0,1,SERVO,direct_path,0,1.020902824937366,4.095793275977485,46,1,1,1,29,1.5099686265474166,0.1395721733570099,8.770709554708135e-05;0.0012075064632565823;0.001002045595193055;0.0004947495639298622;0.0029191319617776225;0.004687752307886327;0.0021986294280441393;0.007081388076490479;0.006361944035854222;0.0036740317157455495;0.006308050633232968;0.0048628460417016435;0.005157864627197516;0.0035083163354709223;0.00297567958352632;0.009165382230222119;0.003680303890197841;0.0028622156503248543;0.00643246594934489;0.002294977627307809;0.006904895741739889;0.00762442890223786;0.003450596360112283;0.0026666093906092506;0.0014808383770206178;0.004465937403331517;0.002204767434314907;0.006962396759292367;0.010301128510928327;0.003675045806114605;0.0033170432572286013;0.0012754373312521333;0.004069275100035187;0.0034737459467406853;0.015448545043067832;0.0029684132122593312;0.0040871303604292225;0.0057764255865132;0.0039005979840348107;0.0023792967281652776;0.0031816265038875045;0.005302191166000053;0.0021886603739246532;0.0018936746264764518;0.0030944249628086337;0.006389424759657725,0.13641145825386047;0.13556939363479614;0.1371055543422699;0.13672222197055817;0.13421006500720978;0.13433951139450073;0.135472372174263;0.14121320843696594;0.12227397412061691;0.13391190767288208;0.13966768980026245;0.14038002490997314;0.14061644673347473;0.13585875928401947;0.13525931537151337;0.14334294199943542;0.13614915311336517;0.13599611818790436;0.13317370414733887;0.12275157123804092;0.12700004875659943;0.1427791714668274;0.1347721517086029;0.13449157774448395;0.13668572902679443;0.1320144385099411;0.13849210739135742;0.13084696233272552;0.12943971157073975;0.1395721733570099;0.1341804414987564;0.13650751113891602;0.12124406546354294;0.13415661454200745;0.1276465803384781;0.13805359601974487;0.13989481329917908;0.13479231297969818;0.13894617557525635;0.13795599341392517;0.1387234926223755;0.12409497052431107;0.13507671654224396;0.13576973974704742;0.12525896728038788;0.14025649428367615,256,0,0,"{'solver_error': 0, 'short_solution': 0, 'duplicate': 0, 'goal_error': 0, 'invalid_state': 19}",0.019572173357009892,inf,0.9934409286114884,filtered,141,2,4,3,185,1,1,2,1.0,0.0,0.20440426468849182,0.0,1.0,1.073226193014365e-05,0,1,0,0,0.1164433456925924,0.0,filtered,osqp optimal,0.20306509500433562,0,1,12,predictive_link_4,predictive_link_4,,,0,0,1,solved,osqp,1.6196865076440392e-08,valid,1.073226193014365e-05,1.098906308348308,1.24137363e-21|0.00187109161|0.00134360469|0.0012995124|0.000213752978|0.000213752978,,,,,,,,,,0.00912414607591927,0.002603003056719899,0.0012684280518442392,0.002061550971120596
206,10.350000000000001,-2.0682083096973654,0.5149038434028625,0.0655924454331398,0.18495818972587585,0.30593886971473694,1.0,4,0,0,0,0,0,0,,0,0,,-1,-1,nan,not_applicable,,,nan,0,0.022681964561343193,0.0003127589588984847,0.0001440876949345693,0.2044018656015396,0.2044018656015396,0.06559310102765535,0.0655924454331398,6.555945155500842e-07,0.1477528122758316,0.00021431313953195453,0.14774834669271447,1.323357005777607e-05,0.1477351131226567,0.1477483465652749,0,0,disabled,0.0,1,SERVO,direct_path,0,1.020902824937366,4.095793275977485,46,1,1,1,29,1.5099686265474166,0.1395721733570099,8.770709554708135e-05;0.0012075064632565823;0.001002045595193055;0.0004947495639298622;0.0029191319617776225;0.004687752307886327;0.0021986294280441393;0.007081388076490479;0.006361944035854222;0.0036740317157455495;0.006308050633232968;0.0048628460417016435;0.005157864627197516;0.0035083163354709223;0.00297567958352632;0.009165382230222119;0.003680303890197841;0.0028622156503248543;0.00643246594934489;0.002294977627307809;0.006904895741739889;0.00762442890223786;0.003450596360112283;0.0026666093906092506;0.0014808383770206178;0.004465937403331517;0.002204767434314907;0.006962396759292367;0.010301128510928327;0.003675045806114605;0.0033170432572286013;0.0012754373312521333;0.004069275100035187;0.0034737459467406853;0.015448545043067832;0.0029684132122593312;0.0040871303604292225;0.0057764255865132;0.0039005979840348107;0.0023792967281652776;0.0031816265038875045;0.005302191166000053;0.0021886603739246532;0.0018936746264764518;0.0030944249628086337;0.006389424759657725,0.13641145825386047;0.13556939363479614;0.1371055543422699;0.13672222197055817;0.13421006500720978;0.13433951139450073;0.135472372174263;0.14121320843696594;0.12227397412061691;0.13391190767288208;0.13966768980026245;0.14038002490997314;0.14061644673347473;0.13585875928401947;0.13525931537151337;0.14334294199943542;0.13614915311336517;0.13599611818790436;0.13317370414733887;0.12275157123804092;0.12700004875659943;0.1427791714668274;0.1347721517086029;0.13449157774448395;0.13668572902679443;0.1320144385099411;0.13849210739135742;0.13084696233272552;0.12943971157073975;0.1395721733570099;0.1341804414987564;0.13650751113891602;0.12124406546354294;0.13415661454200745;0.1276465803384781;0.13805359601974487;0.13989481329917908;0.13479231297969818;0.13894617557525635;0.13795599341392517;0.1387234926223755;0.12409497052431107;0.13507671654224396;0.13576973974704742;0.12525896728038788;0.14025649428367615,256,0,0,"{'solver_error': 0, 'short_solution': 0, 'duplicate': 0, 'goal_error': 0, 'invalid_state': 19}",0.019572173357009892,inf,0.9934484259112838,filtered,142,2,4,3,186,1,1,2,1.0,0.0,0.2044018656015396,0.0,1.0,1.0776239300694379e-05,0,1,0,0,0.1164433456925924,0.0,filtered,osqp optimal,0.20306415070418274,0,1,12,predictive_link_4,predictive_link_4,,,0,0,1,solved,osqp,0.0,valid,1.0776239300694379e-05,1.0988627381767437,2.47916834e-21|0.00187053656|0.001342954|0.0012983283|0.000213674108|0.000213674108,,,,,,,,,,0.013549639959819615,0.002510657999664545,0.0032965410500764847,0.002428981941193342
207,10.4,-2.068207286354304,0.5149036645889282,0.06559178233146667,0.18495601415634155,0.3059440851211548,1.0,4,0,0,0,0,0,0,,0,0,,-1,-1,nan,not_applicable,,,nan,0,0.02266654744744301,0.00031416903948411345,0.00026324321515858173,0.20439942181110382,0.20439942181110382,0.06559244249258823,0.06559178233146667,6.601611215600878e-07,0.14775133188056844,0.0002141892794124512,0.14774686573368967,1.312306288591407e-05,0.14773374267080375,0.14774685911010255,0,0,disabled,0.0,1,SERVO,direct_path,0,1.020902824937366,4.095793275977485,46,1,1,1,29,1.5099686265474166,0.1395721733570099,8.770709554708135e-05;0.0012075064632565823;0.001002045595193055;0.0004947495639298622;0.0029191319617776225;0.004687752307886327;0.0021986294280441393;0.007081388076490479;0.006361944035854222;0.0036740317157455495;0.006308050633232968;0.0048628460417016435;0.005157864627197516;0.0035083163354709223;0.00297567958352632;0.009165382230222119;0.003680303890197841;0.0028622156503248543;0.00643246594934489;0.002294977627307809;0.006904895741739889;0.00762442890223786;0.003450596360112283;0.0026666093906092506;0.0014808383770206178;0.004465937403331517;0.002204767434314907;0.006962396759292367;0.010301128510928327;0.003675045806114605;0.0033170432572286013;0.0012754373312521333;0.004069275100035187;0.0034737459467406853;0.015448545043067832;0.0029684132122593312;0.0040871303604292225;0.0057764255865132;0.0039005979840348107;0.0023792967281652776;0.0031816265038875045;0.005302191166000053;0.0021886603739246532;0.0018936746264764518;0.0030944249628086337;0.006389424759657725,0.13641145825386047;0.13556939363479614;0.1371055543422699;0.13672222197055817;0.13421006500720978;0.13433951139450073;0.135472372174263;0.14121320843696594;0.12227397412061691;0.13391190767288208;0.13966768980026245;0.14038002490997314;0.14061644673347473;0.13585875928401947;0.13525931537151337;0.14334294199943542;0.13614915311336517;0.13599611818790436;0.13317370414733887;0.12275157123804092;0.12700004875659943;0.1427791714668274;0.1347721517086029;0.13449157774448395;0.13668572902679443;0.1320144385099411;0.13849210739135742;0.13084696233272552;0.12943971157073975;0.1395721733570099;0.1341804414987564;0.13650751113891602;0.12124406546354294;0.13415661454200745;0.1276465803384781;0.13805359601974487;0.13989481329917908;0.13479231297969818;0.13894617557525635;0.13795599341392517;0.1387234926223755;0.12409497052431107;0.13507671654224396;0.13576973974704742;0.12525896728038788;0.14025649428367615,256,0,0,"{'solver_error': 0, 'short_solution': 0, 'duplicate': 0, 'goal_error': 0, 'invalid_state': 19}",0.019572173357009892,inf,0.9934554663020316,filtered,143,2,4,3,187,1,1,2,1.0,0.0,0.20439942181110382,0.0,1.0,1.0749070901136526e-05,0,1,0,0,0.1164433456925924,0.0,filtered,osqp optimal,0.20306360093178627,0,1,12,predictive_link_4,predictive_link_4,,,0,0,1,solved,osqp,0.0,valid,1.0749070901136526e-05,1.0988191365162052,0|0.00186990324|0.00134223562|0.00129709031|0.000213561518|0.000213561518,,,,,,,,,,0.012890733079984784,0.004494886961765587,0.0016505690291523933,0.001973303034901619
208,10.450000000000001,-2.068205715579445,0.5149032473564148,0.06559113413095474,0.18495389819145203,0.30594897270202637,1.0,4,0,0,0,0,0,0,,0,0,,-1,-1,nan,not_applicable,,,nan,0,0.022651152685284615,0.0003135419392492622,0.000147728031151928,0.20439690351486206,0.20439690351486206,0.06559178568915425,0.06559113413095474,6.515581995047981e-07,0.14774985361412696,0.00021407191535769584,0.14774538691678019,1.3274205730642319e-05,0.14773211271104955,0.14774539447996618,0,0,disabled,0.0,1,SERVO,direct_path,0,1.020902824937366,4.095793275977485,46,1,1,1,29,1.5099686265474166,0.1395721733570099,8.770709554708135e-05;0.0012075064632565823;0.001002045595193055;0.0004947495639298622;0.0029191319617776225;0.004687752307886327;0.0021986294280441393;0.007081388076490479;0.006361944035854222;0.0036740317157455495;0.006308050633232968;0.0048628460417016435;0.005157864627197516;0.0035083163354709223;0.00297567958352632;0.009165382230222119;0.003680303890197841;0.0028622156503248543;0.00643246594934489;0.002294977627307809;0.006904895741739889;0.00762442890223786;0.003450596360112283;0.0026666093906092506;0.0014808383770206178;0.004465937403331517;0.002204767434314907;0.006962396759292367;0.010301128510928327;0.003675045806114605;0.0033170432572286013;0.0012754373312521333;0.004069275100035187;0.0034737459467406853;0.015448545043067832;0.0029684132122593312;0.0040871303604292225;0.0057764255865132;0.0039005979840348107;0.0023792967281652776;0.0031816265038875045;0.005302191166000053;0.0021886603739246532;0.0018936746264764518;0.0030944249628086337;0.006389424759657725,0.13641145825386047;0.13556939363479614;0.1371055543422699;0.13672222197055817;0.13421006500720978;0.13433951139450073;0.135472372174263;0.14121320843696594;0.12227397412061691;0.13391190767288208;0.13966768980026245;0.14038002490997314;0.14061644673347473;0.13585875928401947;0.13525931537151337;0.14334294199943542;0.13614915311336517;0.13599611818790436;0.13317370414733887;0.12275157123804092;0.12700004875659943;0.1427791714668274;0.1347721517086029;0.13449157774448395;0.13668572902679443;0.1320144385099411;0.13849210739135742;0.13084696233272552;0.12943971157073975;0.1395721733570099;0.1341804414987564;0.13650751113891602;0.12124406546354294;0.13415661454200745;0.1276465803384781;0.13805359601974487;0.13989481329917908;0.13479231297969818;0.13894617557525635;0.13795599341392517;0.1387234926223755;0.12409497052431107;0.13507671654224396;0.13576973974704742;0.12525896728038788;0.14025649428367615,256,0,0,"{'solver_error': 0, 'short_solution': 0, 'duplicate': 0, 'goal_error': 0, 'invalid_state': 19}",0.019572173357009892,inf,0.9934646543151573,filtered,144,2,4,3,188,1,1,2,1.0,0.0,0.20439690351486206,0.0,1.0,1.0773476432981988e-05,0,1,0,0,0.1164433456925924,0.0,filtered,osqp optimal,0.20306261510132956,0,1,12,predictive_link_4,predictive_link_4,,,0,0,1,solved,osqp,0.0,valid,1.0773476432981988e-05,1.0987755115693718,0|0.00186936785|0.00134164104|0.00129601246|0.000213450839|0.000213450839,,,,,,,,,,0.010451670968905091,0.0029630380449816585,0.0014120100531727076,0.002476769033819437
209,10.5,-2.06820629570084,0.5149036049842834,0.06559044867753983,0.18495172262191772,0.30595454573631287,1.0,4,0,0,0,0,0,0,,0,0,,-1,-1,nan,not_applicable,,,nan,0,0.022635772824287415,0.0003119726025033742,0.00030156091088429093,0.20439453423023224,0.20439453423023224,0.06559113160319331,0.06559044867753983,6.82925653486266e-07,0.1477483812592743,0.00021399450235710685,0.14774391386382496,1.3414189133331684e-05,0.14773049967469162,0.1477439081700468,0,0,disabled,0.0,1,SERVO,direct_path,0,1.020902824937366,4.095793275977485,46,1,1,1,29,1.5099686265474166,0.1395721733570099,8.770709554708135e-05;0.0012075064632565823;0.001002045595193055;0.0004947495639298622;0.0029191319617776225;0.004687752307886327;0.0021986294280441393;0.007081388076490479;0.006361944035854222;0.0036740317157455495;0.006308050633232968;0.0048628460417016435;0.005157864627197516;0.0035083163354709223;0.00297567958352632;0.009165382230222119;0.003680303890197841;0.0028622156503248543;0.00643246594934489;0.002294977627307809;0.006904895741739889;0.00762442890223786;0.003450596360112283;0.0026666093906092506;0.0014808383770206178;0.004465937403331517;0.002204767434314907;0.006962396759292367;0.010301128510928327;0.003675045806114605;0.0033170432572286013;0.0012754373312521333;0.004069275100035187;0.0034737459467406853;0.015448545043067832;0.0029684132122593312;0.0040871303604292225;0.0057764255865132;0.0039005979840348107;0.0023792967281652776;0.0031816265038875045;0.005302191166000053;0.0021886603739246532;0.0018936746264764518;0.0030944249628086337;0.006389424759657725,0.13641145825386047;0.13556939363479614;0.1371055543422699;0.13672222197055817;0.13421006500720978;0.13433951139450073;0.135472372174263;0.14121320843696594;0.12227397412061691;0.13391190767288208;0.13966768980026245;0.14038002490997314;0.14061644673347473;0.13585875928401947;0.13525931537151337;0.14334294199943542;0.13614915311336517;0.13599611818790436;0.13317370414733887;0.12275157123804092;0.12700004875659943;0.1427791714668274;0.1347721517086029;0.13449157774448395;0.13668572902679443;0.1320144385099411;0.13849210739135742;0.13084696233272552;0.12943971157073975;0.1395721733570099;0.1341804414987564;0.13650751113891602;0.12124406546354294;0.13415661454200745;0.1276465803384781;0.13805359601974487;0.13989481329917908;0.13479231297969818;0.13894617557525635;0.13795599341392517;0.1387234926223755;0.12409497052431107;0.13507671654224396;0.13576973974704742;0.12525896728038788;0.14025649428367615,256,0,0,"{'solver_error': 0, 'short_solution': 0, 'duplicate': 0, 'goal_error': 0, 'invalid_state': 19}",0.019572173357009892,inf,0.9934720712956618,filtered,145,2,4,3,189,1,1,2,1.0,0.0,0.20439453423023224,0.0,1.0,1.0818590061703603e-05,0,1,0,0,0.1164433456925924,0.0,filtered,osqp optimal,0.20306162680160197,0,1,12,predictive_link_4,predictive_link_4,,,0,0,1,solved,osqp,0.0,valid,1.0818590061703603e-05,1.09873167832253,3.08635708e-22|0.00186881666|0.0013409794|0.00129481619|0.000213331632|0.000213331632,,,,,,,,,,0.013688711915165186,0.0034683210542425513,0.0021645770175382495,0.0026286490028724074
210,10.55,-2.0682060809352083,0.5149034261703491,0.0655898004770279,0.18494954705238342,0.3059597611427307,1.0,4,0,0,0,0,0,0,,0,0,,-1,-1,nan,not_applicable,,,nan,0,0.02262040041387081,0.00031295360531657934,0.0003227016713935882,0.20439200103282928,0.20439200103282928,0.06559045288059585,0.0655898004770279,6.524035679605911e-07,0.1477468525244985,0.00021387420159162007,0.14774238456308955,1.3324547732154449e-05,0.1477290600153574,0.14774239403046677,0,0,disabled,0.0,1,SERVO,direct_path,0,1.020902824937366,4.095793275977485,46,1,1,1,29,1.5099686265474166,0.1395721733570099,8.770709554708135e-05;0.0012075064632565823;0.001002045595193055;0.0004947495639298622;0.0029191319617776225;0.004687752307886327;0.0021986294280441393;0.007081388076490479;0.006361944035854222;0.0036740317157455495;0.006308050633232968;0.0048628460417016435;0.005157864627197516;0.0035083163354709223;0.00297567958352632;0.009165382230222119;0.003680303890197841;0.0028622156503248543;0.00643246594934489;0.002294977627307809;0.006904895741739889;0.00762442890223786;0.003450596360112283;0.0026666093906092506;0.0014808383770206178;0.004465937403331517;0.002204767434314907;0.006962396759292367;0.010301128510928327;0.003675045806114605;0.0033170432572286013;0.0012754373312521333;0.004069275100035187;0.0034737459467406853;0.015448545043067832;0.0029684132122593312;0.0040871303604292225;0.0057764255865132;0.0039005979840348107;0.0023792967281652776;0.0031816265038875045;0.005302191166000053;0.0021886603739246532;0.0018936746264764518;0.0030944249628086337;0.006389424759657725,0.13641145825386047;0.13556939363479614;0.1371055543422699;0.13672222197055817;0.13421006500720978;0.13433951139450073;0.135472372174263;0.14121320843696594;0.12227397412061691;0.13391190767288208;0.13966768980026245;0.14038002490997314;0.14061644673347473;0.13585875928401947;0.13525931537151337;0.14334294199943542;0.13614915311336517;0.13599611818790436;0.13317370414733887;0.12275157123804092;0.12700004875659943;0.1427791714668274;0.1347721517086029;0.13449157774448395;0.13668572902679443;0.1320144385099411;0.13849210739135742;0.13084696233272552;0.12943971157073975;0.1395721733570099;0.1341804414987564;0.13650751113891602;0.12124406546354294;0.13415661454200745;0.1276465803384781;0.13805359601974487;0.13989481329917908;0.13479231297969818;0.13894617557525635;0.13795599341392517;0.1387234926223755;0.12409497052431107;0.13507671654224396;0.13576973974704742;0.12525896728038788;0.14025649428367615,256,0,0,"{'solver_error': 0, 'short_solution': 0, 'duplicate': 0, 'goal_error': 0, 'invalid_state': 19}",0.019572173357009892,inf,0.9934787520926129,filtered,146,2,4,3,190,1,1,2,1.0,0.0,0.20439200103282928,0.0,1.0,1.0797892502509288e-05,0,1,0,0,0.1164433456925924,0.0,filtered,osqp optimal,0.20306094771135144,0,1,12,predictive_link_4,predictive_link_4,,,0,0,1,solved,osqp,0.0,valid,1.0797892502509288e-05,1.0986878737545376,1.23274923e-21|0.00186813276|0.0013402352|0.00129356136|0.000213242641|0.000213242641,,,,,,,,,,0.012296240078285336,0.004151800996623933,0.0017639389261603355,0.0018506079213693738
211,10.600000000000001,-2.068206354000105,0.5149036049842834,0.06558913737535477,0.18494734168052673,0.30596521496772766,1.0,4,0,0,0,0,0,0,,0,0,,-1,-1,nan,not_applicable,,,nan,0,0.022605037316679955,0.0003130747063551098,0.00016133014287333935,0.2043895274400711,0.2043895274400711,0.0655898012706138,0.06558913737535477,6.638952590315439e-07,0.14774539577728277,0.00021370814855406004,0.1477409272728696,1.3523682340257358e-05,0.14772740359052935,0.1477409290604207,0,0,disabled,0.0,1,SERVO,direct_path,0,1.020902824937366,4.095793275977485,46,1,1,1,29,1.5099686265474166,0.1395721733570099,8.770709554708135e-05;0.0012075064632565823;0.001002045595193055;0.0004947495639298622;0.0029191319617776225;0.004687752307886327;0.0021986294280441393;0.007081388076490479;0.006361944035854222;0.0036740317157455495;0.006308050633232968;0.0048628460417016435;0.005157864627197516;0.0035083163354709223;0.00297567958352632;0.009165382230222119;0.003680303890197841;0.0028622156503248543;0.00643246594934489;0.002294977627307809;0.006904895741739889;0.00762442890223786;0.003450596360112283;0.0026666093906092506;0.0014808383770206178;0.004465937403331517;0.002204767434314907;0.006962396759292367;0.010301128510928327;0.003675045806114605;0.0033170432572286013;0.0012754373312521333;0.004069275100035187;0.0034737459467406853;0.015448545043067832;0.0029684132122593312;0.0040871303604292225;0.0057764255865132;0.0039005979840348107;0.0023792967281652776;0.0031816265038875045;0.005302191166000053;0.0021886603739246532;0.0018936746264764518;0.0030944249628086337;0.006389424759657725,0.13641145825386047;0.13556939363479614;0.1371055543422699;0.13672222197055817;0.13421006500720978;0.13433951139450073;0.135472372174263;0.14121320843696594;0.12227397412061691;0.13391190767288208;0.13966768980026245;0.14038002490997314;0.14061644673347473;0.13585875928401947;0.13525931537151337;0.14334294199943542;0.13614915311336517;0.13599611818790436;0.13317370414733887;0.12275157123804092;0.12700004875659943;0.1427791714668274;0.1347721517086029;0.13449157774448395;0.13668572902679443;0.1320144385099411;0.13849210739135742;0.13084696233272552;0.12943971157073975;0.1395721733570099;0.1341804414987564;0.13650751113891602;0.12124406546354294;0.13415661454200745;0.1276465803384781;0.13805359601974487;0.13989481329917908;0.13479231297969818;0.13894617557525635;0.13795599341392517;0.1387234926223755;0.12409497052431107;0.13507671654224396;0.13576973974704742;0.12525896728038788;0.14025649428367615,256,0,0,"{'solver_error': 0, 'short_solution': 0, 'duplicate': 0, 'goal_error': 0, 'invalid_state': 19}",0.019572173357009892,inf,0.993487742598772,filtered,147,2,4,3,191,1,1,2,1.0,0.0,0.2043895274400711,0.0,1.0,1.0829096279460493e-05,0,1,0,0,0.1164433456925924,0.0,filtered,osqp optimal,0.20305994486084325,0,1,12,predictive_link_4,predictive_link_4,,,0,0,1,solved,osqp,0.0,valid,1.0829096279460493e-05,1.09864403876573,0|0.00186757823|0.00133962601|0.00129246835|0.000213134978|0.000213134978,,,,,,,,,,0.00923524599056691,0.0025594750186428428,0.001311127096414566,0.0017699599266052246
212,10.65,-2.068202400264653,0.5149028301239014,0.06558843702077866,0.1849452257156372,0.3059699535369873,1.0,4,0,0,0,0,0,0,,0,0,,-1,-1,nan,not_applicable,,,nan,0,0.02258966863155365,0.00031241183751262724,0.00020347285317257047,0.20438700914382935,0.20438700914382935,0.06558913437187289,0.06558843702077866,6.973510942309691e-07,0.14774388904984598,0.00021365226249156778,0.1477394199402027,1.3434069594912705e-05,0.14772598587060778,0.1477394131748649,0,0,disabled,0.0,1,SERVO,direct_path,0,1.020902824937366,4.095793275977485,46,1,1,1,29,1.5099686265474166,0.1395721733570099,8.770709554708135e-05;0.0012075064632565823;0.001002045595193055;0.0004947495639298622;0.0029191319617776225;0.004687752307886327;0.0021986294280441393;0.007081388076490479;0.006361944035854222;0.0036740317157455495;0.006308050633232968;0.0048628460417016435;0.005157864627197516;0.0035083163354709223;0.00297567958352632;0.009165382230222119;0.003680303890197841;0.0028622156503248543;0.00643246594934489;0.002294977627307809;0.006904895741739889;0.00762442890223786;0.003450596360112283;0.0026666093906092506;0.0014808383770206178;0.004465937403331517;0.002204767434314907;0.006962396759292367;0.010301128510928327;0.003675045806114605;0.0033170432572286013;0.0012754373312521333;0.004069275100035187;0.0034737459467406853;0.015448545043067832;0.0029684132122593312;0.0040871303604292225;0.0057764255865132;0.0039005979840348107;0.0023792967281652776;0.0031816265038875045;0.005302191166000053;0.0021886603739246532;0.0018936746264764518;0.0030944249628086337;0.006389424759657725,0.13641145825386047;0.13556939363479614;0.1371055543422699;0.13672222197055817;0.13421006500720978;0.13433951139450073;0.135472372174263;0.14121320843696594;0.12227397412061691;0.13391190767288208;0.13966768980026245;0.14038002490997314;0.14061644673347473;0.13585875928401947;0.13525931537151337;0.14334294199943542;0.13614915311336517;0.13599611818790436;0.13317370414733887;0.12275157123804092;0.12700004875659943;0.1427791714668274;0.1347721517086029;0.13449157774448395;0.13668572902679443;0.1320144385099411;0.13849210739135742;0.13084696233272552;0.12943971157073975;0.1395721733570099;0.1341804414987564;0.13650751113891602;0.12124406546354294;0.13415661454200745;0.1276465803384781;0.13805359601974487;0.13989481329917908;0.13479231297969818;0.13894617557525635;0.13795599341392517;0.1387234926223755;0.12409497052431107;0.13507671654224396;0.13576973974704742;0.12525896728038788;0.14025649428367615,256,0,0,"{'solver_error': 0, 'short_solution': 0, 'duplicate': 0, 'goal_error': 0, 'invalid_state': 19}",0.019572173357009892,inf,0.9934948595660426,filtered,148,2,4,3,192,1,1,2,1.0,0.0,0.20438700914382935,0.0,1.0,1.081448606725377e-05,0,1,0,0,0.1164433456925924,0.0,filtered,osqp optimal,0.2030592234513237,0,1,12,predictive_link_4,predictive_link_4,,,0,0,1,solved,osqp,0.0,valid,1.081448606725377e-05,1.0986000968859218,3.96465944e-20|0.00186702619|0.00133894538|0.00129125015|0.000212975756|0.000212975756,,,,,,,,,,0.00904313800856471,0.0027149809757247567,0.001257196068763733,0.0017879679799079895
213,10.700000000000001,-2.0682043273620434,0.51490318775177,0.06558777391910553,0.1849430501461029,0.3059754967689514,1.0,4,0,0,0,0,0,0,,0,0,,-1,-1,nan,not_applicable,,,nan,0,0.02257434092462063,0.0003122870111837983,0.0002983437734656036,0.20438441634178162,0.20438441634178162,0.06558843544758229,0.06558777391910553,6.615284767613749e-07,0.14774231891818174,0.0002135109294134121,0.14773784926106956,1.3890750251953143e-05,0.1477239585108176,0.14773784571744727,0,0,disabled,0.0,1,SERVO,direct_path,0,1.020902824937366,4.095793275977485,46,1,1,1,29,1.5099686265474166,0.1395721733570099,8.770709554708135e-05;0.0012075064632565823;0.001002045595193055;0.0004947495639298622;0.0029191319617776225;0.004687752307886327;0.0021986294280441393;0.007081388076490479;0.006361944035854222;0.0036740317157455495;0.006308050633232968;0.0048628460417016435;0.005157864627197516;0.0035083163354709223;0.00297567958352632;0.009165382230222119;0.003680303890197841;0.0028622156503248543;0.00643246594934489;0.002294977627307809;0.006904895741739889;0.00762442890223786;0.003450596360112283;0.0026666093906092506;0.0014808383770206178;0.004465937403331517;0.002204767434314907;0.006962396759292367;0.010301128510928327;0.003675045806114605;0.0033170432572286013;0.0012754373312521333;0.004069275100035187;0.0034737459467406853;0.015448545043067832;0.0029684132122593312;0.0040871303604292225;0.0057764255865132;0.0039005979840348107;0.0023792967281652776;0.0031816265038875045;0.005302191166000053;0.0021886603739246532;0.0018936746264764518;0.0030944249628086337;0.006389424759657725,0.13641145825386047;0.13556939363479614;0.1371055543422699;0.13672222197055817;0.13421006500720978;0.13433951139450073;0.135472372174263;0.14121320843696594;0.12227397412061691;0.13391190767288208;0.13966768980026245;0.14038002490997314;0.14061644673347473;0.13585875928401947;0.13525931537151337;0.14334294199943542;0.13614915311336517;0.13599611818790436;0.13317370414733887;0.12275157123804092;0.12700004875659943;0.1427791714668274;0.1347721517086029;0.13449157774448395;0.13668572902679443;0.1320144385099411;0.13849210739135742;0.13084696233272552;0.12943971157073975;0.1395721733570099;0.1341804414987564;0.13650751113891602;0.12124406546354294;0.13415661454200745;0.1276465803384781;0.13805359601974487;0.13989481329917908;0.13479231297969818;0.13894617557525635;0.13795599341392517;0.1387234926223755;0.12409497052431107;0.13507671654224396;0.13576973974704742;0.12525896728038788;0.14025649428367615,256,0,0,"{'solver_error': 0, 'short_solution': 0, 'duplicate': 0, 'goal_error': 0, 'invalid_state': 19}",0.019572173357009892,inf,0.9935035710044994,filtered,149,2,4,3,193,1,1,2,1.0,0.0,0.20438441634178162,0.0,1.0,1.0900526240767427e-05,0,1,0,0,0.1164433456925924,0.0,filtered,osqp optimal,0.20305770801838527,0,1,12,predictive_link_4,predictive_link_4,,,0,0,1,solved,osqp,0.0,valid,1.0900526240767427e-05,1.098556124400687,3.960492e-20|0.00186644243|0.00133833241|0.0012901543|0.000212907269|0.000212907269,,,,,,,,,,0.009437569067813456,0.002978397998958826,0.0012551640393212438,0.001665526069700718
214,10.75,-2.06820589096938,0.514903724193573,0.06558708846569061,0.18494078516960144,0.30598142743110657,1.0,4,0,0,0,0,0,0,,0,0,,-1,-1,nan,not_applicable,,,nan,0,0.022558994591236115,0.00031215164926834404,0.00030359040829353034,0.20438189804553986,0.20438189804553986,0.06558777199225051,0.06558708846569061,6.835265598942319e-07,0.14774082752532292,0.00021337687147032192,0.14773635728240184,1.3782778914539553e-05,0.1477225745034873,0.14773635294216392,0,0,disabled,0.0,1,SERVO,direct_path,0,1.020902824937366,4.095793275977485,46,1,1,1,29,1.5099686265474166,0.1395721733570099,8.770709554708135e-05;0.0012075064632565823;0.001002045595193055;0.0004947495639298622;0.0029191319617776225;0.004687752307886327;0.0021986294280441393;0.007081388076490479;0.006361944035854222;0.0036740317157455495;0.006308050633232968;0.0048628460417016435;0.005157864627197516;0.0035083163354709223;0.00297567958352632;0.009165382230222119;0.003680303890197841;0.0028622156503248543;0.00643246594934489;0.002294977627307809;0.006904895741739889;0.00762442890223786;0.003450596360112283;0.0026666093906092506;0.0014808383770206178;0.004465937403331517;0.002204767434314907;0.006962396759292367;0.010301128510928327;0.003675045806114605;0.0033170432572286013;0.0012754373312521333;0.004069275100035187;0.0034737459467406853;0.015448545043067832;0.0029684132122593312;0.0040871303604292225;0.0057764255865132;0.0039005979840348107;0.0023792967281652776;0.0031816265038875045;0.005302191166000053;0.0021886603739246532;0.0018936746264764518;0.0030944249628086337;0.006389424759657725,0.13641145825386047;0.13556939363479614;0.1371055543422699;0.13672222197055817;0.13421006500720978;0.13433951139450073;0.135472372174263;0.14121320843696594;0.12227397412061691;0.13391190767288208;0.13966768980026245;0.14038002490997314;0.14061644673347473;0.13585875928401947;0.13525931537151337;0.14334294199943542;0.13614915311336517;0.13599611818790436;0.13317370414733887;0.12275157123804092;0.12700004875659943;0.1427791714668274;0.1347721517086029;0.13449157774448395;0.13668572902679443;0.1320144385099411;0.13849210739135742;0.13084696233272552;0.12943971157073975;0.1395721733570099;0.1341804414987564;0.13650751113891602;0.12124406546354294;0.13415661454200745;0.1276465803384781;0.13805359601974487;0.13989481329917908;0.13479231297969818;0.13894617557525635;0.13795599341392517;0.1387234926223755;0.12409497052431107;0.13507671654224396;0.13576973974704742;0.12525896728038788;0.14025649428367615,256,0,0,"{'solver_error': 0, 'short_solution': 0, 'duplicate': 0, 'goal_error': 0, 'invalid_state': 19}",0.019572173357009892,inf,0.9935087598793356,filtered,150,2,4,3,194,1,1,2,1.0,0.0,0.20438189804553986,0.0,1.0,1.0878939990091596e-05,0,1,0,0,0.1164433456925924,0.0,filtered,osqp optimal,0.20305704128725596,0,1,12,predictive_link_4,predictive_link_4,,,0,0,1,solved,osqp,0.0,valid,1.0878939990091596e-05,1.098512096431511,1.22552099e-21|0.00186586807|0.00133758717|0.001288819|0.000212768469|0.000212768469,,,,,,,,,,0.00918331602588296,0.0025868690572679043,0.0013469619443640113,0.002012111945077777
215,10.8,-2.068203326956919,0.5149031281471252,0.0655864030122757,0.18493863940238953,0.3059861958026886,1.0,4,0,0,0,0,0,0,,0,0,,-1,-1,nan,not_applicable,,,nan,0,0.022543665021657944,0.0003115911968052387,4.5424581912811846e-05,0.2043793648481369,0.2043793648481369,0.06558708486839977,0.0655864030122757,6.818561240767851e-07,0.14773929053680362,0.00021323192598970484,0.1477348196909568,1.3652356500099668e-05,0.1477211673344567,0.14773481158806454,0,0,disabled,0.0,1,SERVO,direct_path,0,1.020902824937366,4.095793275977485,46,1,1,1,29,1.5099686265474166,0.1395721733570099,8.770709554708135e-05;0.0012075064632565823;0.001002045595193055;0.0004947495639298622;0.0029191319617776225;0.004687752307886327;0.0021986294280441393;0.007081388076490479;0.006361944035854222;0.0036740317157455495;0.006308050633232968;0.0048628460417016435;0.005157864627197516;0.0035083163354709223;0.00297567958352632;0.009165382230222119;0.003680303890197841;0.0028622156503248543;0.00643246594934489;0.002294977627307809;0.006904895741739889;0.00762442890223786;0.003450596360112283;0.0026666093906092506;0.0014808383770206178;0.004465937403331517;0.002204767434314907;0.006962396759292367;0.010301128510928327;0.003675045806114605;0.0033170432572286013;0.0012754373312521333;0.004069275100035187;0.0034737459467406853;0.015448545043067832;0.0029684132122593312;0.0040871303604292225;0.0057764255865132;0.0039005979840348107;0.0023792967281652776;0.0031816265038875045;0.005302191166000053;0.0021886603739246532;0.0018936746264764518;0.0030944249628086337;0.006389424759657725,0.13641145825386047;0.13556939363479614;0.1371055543422699;0.13672222197055817;0.13421006500720978;0.13433951139450073;0.135472372174263;0.14121320843696594;0.12227397412061691;0.13391190767288208;0.13966768980026245;0.14038002490997314;0.14061644673347473;0.13585875928401947;0.13525931537151337;0.14334294199943542;0.13614915311336517;0.13599611818790436;0.13317370414733887;0.12275157123804092;0.12700004875659943;0.1427791714668274;0.1347721517086029;0.13449157774448395;0.13668572902679443;0.1320144385099411;0.13849210739135742;0.13084696233272552;0.12943971157073975;0.1395721733570099;0.1341804414987564;0.13650751113891602;0.12124406546354294;0.13415661454200745;0.1276465803384781;0.13805359601974487;0.13989481329917908;0.13479231297969818;0.13894617557525635;0.13795599341392517;0.1387234926223755;0.12409497052431107;0.13507671654224396;0.13576973974704742;0.12525896728038788;0.14025649428367615,256,0,0,"{'solver_error': 0, 'short_solution': 0, 'duplicate': 0, 'goal_error': 0, 'invalid_state': 19}",0.019572173357009892,inf,0.9935177392374118,filtered,151,2,4,3,195,1,1,2,1.0,0.0,0.2043793648481369,0.0,1.0,1.0856334545963908e-05,0,1,0,0,0.1164433456925924,0.0,filtered,osqp optimal,0.20305635464446692,0,1,12,predictive_link_4,predictive_link_4,,,0,0,1,solved,osqp,0.0,valid,1.0856334545963908e-05,1.0984679058224658,1.22422771e-21|0.00186528562|0.00133696405|0.00128772503|0.000212645761|0.000212645761,,,,,,,,,,0.008647734997794032,0.002483592019416392,0.001320009003393352,0.0016521840589120984
216,10.850000000000001,-2.0682031471321607,0.5149031281471252,0.06558571755886078,0.18493646383285522,0.305991530418396,1.0,4,0,0,0,0,0,0,,0,0,,-1,-1,nan,not_applicable,,,nan,0,0.022528348490595818,0.00031155714532360435,0.00018936983542516828,0.20437677204608917,0.20437677204608917,0.06558639946212798,0.06558571755886078,6.81903267199524e-07,0.14773774389829367,0.00021312460738533905,0.14773327248133353,1.3873784384309238e-05,0.14771939869694922,0.14773326448463125,0,0,disabled,0.0,1,SERVO,direct_path,0,1.020902824937366,4.095793275977485,46,1,1,1,29,1.5099686265474166,0.1395721733570099,8.770709554708135e-05;0.0012075064632565823;0.001002045595193055;0.0004947495639298622;0.0029191319617776225;0.004687752307886327;0.0021986294280441393;0.007081388076490479;0.006361944035854222;0.0036740317157455495;0.006308050633232968;0.0048628460417016435;0.005157864627197516;0.0035083163354709223;0.00297567958352632;0.009165382230222119;0.003680303890197841;0.0028622156503248543;0.00643246594934489;0.002294977627307809;0.006904895741739889;0.00762442890223786;0.003450596360112283;0.0026666093906092506;0.0014808383770206178;0.004465937403331517;0.002204767434314907;0.006962396759292367;0.010301128510928327;0.003675045806114605;0.0033170432572286013;0.0012754373312521333;0.004069275100035187;0.0034737459467406853;0.015448545043067832;0.0029684132122593312;0.0040871303604292225;0.0057764255865132;0.0039005979840348107;0.0023792967281652776;0.0031816265038875045;0.005302191166000053;0.0021886603739246532;0.0018936746264764518;0.0030944249628086337;0.006389424759657725,0.13641145825386047;0.13556939363479614;0.1371055543422699;0.13672222197055817;0.13421006500720978;0.13433951139450073;0.135472372174263;0.14121320843696594;0.12227397412061691;0.13391190767288208;0.13966768980026245;0.14038002490997314;0.14061644673347473;0.13585875928401947;0.13525931537151337;0.14334294199943542;0.13614915311336517;0.13599611818790436;0.13317370414733887;0.12275157123804092;0.12700004875659943;0.1427791714668274;0.1347721517086029;0.13449157774448395;0.13668572902679443;0.1320144385099411;0.13849210739135742;0.13084696233272552;0.12943971157073975;0.1395721733570099;0.1341804414987564;0.13650751113891602;0.12124406546354294;0.13415661454200745;0.1276465803384781;0.13805359601974487;0.13989481329917908;0.13479231297969818;0.13894617557525635;0.13795599341392517;0.1387234926223755;0.12409497052431107;0.13507671654224396;0.13576973974704742;0.12525896728038788;0.14025649428367615,256,0,0,"{'solver_error': 0, 'short_solution': 0, 'duplicate': 0, 'goal_error': 0, 'invalid_state': 19}",0.019572173357009892,inf,0.9935266938291297,filtered,152,2,4,3,196,1,1,2,1.0,0.0,0.20437677204608917,0.0,1.0,1.0900496928714642e-05,0,1,0,0,0.1164433456925924,0.0,filtered,osqp optimal,0.20305513229716168,0,1,12,predictive_link_4,predictive_link_4,,,0,0,1,solved,osqp,0.0,valid,1.0900496928714642e-05,1.0984238714148118,1.22299249e-21|0.00186467353|0.00133632224|0.0012866258|0.000212505263|0.000212505263,,,,,,,,,,0.010250966995954514,0.003496109042316675,0.0012538809096440673,0.0016584310214966536
217,10.9,-2.068202933597764,0.51490318775177,0.06558501720428467,0.18493425846099854,0.30599695444107056,1.0,4,0,0,0,0,0,0,,0,0,,-1,-1,nan,not_applicable,,,nan,0,0.02251303941011429,0.0003111419209744781,0.00012105230416636914,0.20437422394752502,0.20437422394752502,0.06558571577348897,0.06558501720428467,6.98569204302113e-07,0.14773621171803433,0.00021298493783025653,0.14773173969497624,1.387191982001173e-05,0.14771786777515622,0.14773173567342868,0,0,disabled,0.0,1,SERVO,direct_path,0,1.020902824937366,4.095793275977485,46,1,1,1,29,1.5099686265474166,0.1395721733570099,8.770709554708135e-05;0.0012075064632565823;0.001002045595193055;0.0004947495639298622;0.0029191319617776225;0.004687752307886327;0.0021986294280441393;0.007081388076490479;0.006361944035854222;0.0036740317157455495;0.006308050633232968;0.0048628460417016435;0.005157864627197516;0.0035083163354709223;0.00297567958352632;0.009165382230222119;0.003680303890197841;0.0028622156503248543;0.00643246594934489;0.002294977627307809;0.006904895741739889;0.00762442890223786;0.003450596360112283;0.0026666093906092506;0.0014808383770206178;0.004465937403331517;0.002204767434314907;0.006962396759292367;0.010301128510928327;0.003675045806114605;0.0033170432572286013;0.0012754373312521333;0.004069275100035187;0.0034737459467406853;0.015448545043067832;0.0029684132122593312;0.0040871303604292225;0.0057764255865132;0.0039005979840348107;0.0023792967281652776;0.0031816265038875045;0.005302191166000053;0.0021886603739246532;0.0018936746264764518;0.0030944249628086337;0.006389424759657725,0.13641145825386047;0.13556939363479614;0.1371055543422699;0.13672222197055817;0.13421006500720978;0.13433951139450073;0.135472372174263;0.14121320843696594;0.12227397412061691;0.13391190767288208;0.13966768980026245;0.14038002490997314;0.14061644673347473;0.13585875928401947;0.13525931537151337;0.14334294199943542;0.13614915311336517;0.13599611818790436;0.13317370414733887;0.12275157123804092;0.12700004875659943;0.1427791714668274;0.1347721517086029;0.13449157774448395;0.13668572902679443;0.1320144385099411;0.13849210739135742;0.13084696233272552;0.12943971157073975;0.1395721733570099;0.1341804414987564;0.13650751113891602;0.12124406546354294;0.13415661454200745;0.1276465803384781;0.13805359601974487;0.13989481329917908;0.13479231297969818;0.13894617557525635;0.13795599341392517;0.1387234926223755;0.12409497052431107;0.13507671654224396;0.13576973974704742;0.12525896728038788;0.14025649428367615,256,0,0,"{'solver_error': 0, 'short_solution': 0, 'duplicate': 0, 'goal_error': 0, 'invalid_state': 19}",0.019572173357009892,inf,0.9935333172371005,filtered,153,2,4,3,197,1,1,2,1.0,0.0,0.20437422394752502,0.0,1.0,1.0903396742048543e-05,0,1,0,0,0.1164433456925924,0.0,filtered,osqp optimal,0.20305424528950905,0,1,12,predictive_link_4,predictive_link_4,,,0,0,1,solved,osqp,0.0,valid,1.0903396742048543e-05,1.0983796570737048,0|0.00186407734|0.00133562291|0.0012853888|0.000212387821|0.000212387821,,,,,,,,,,0.009607519023120403,0.002916974015533924,0.0013203310081735253,0.001777667086571455
218,10.950000000000001,-2.068201965969805,0.5149028897285461,0.06558433920145035,0.18493208289146423,0.30600211024284363,1.0,4,0,0,0,0,0,0,,0,0,,-1,-1,nan,not_applicable,,,nan,0,0.022497739642858505,0.0003107510565314442,7.065010868245736e-05,0.20437166094779968,0.20437166094779968,0.06558501674641619,0.06558433920145035,6.775449658408261e-07,0.14773463507482582,0.0002129319581530932,0.1477301624353546,1.388691818097739e-05,0.14771627551717365,0.1477301614040065,0,0,disabled,0.0,1,SERVO,direct_path,0,1.020902824937366,4.095793275977485,46,1,1,1,29,1.5099686265474166,0.1395721733570099,8.770709554708135e-05;0.0012075064632565823;0.001002045595193055;0.0004947495639298622;0.0029191319617776225;0.004687752307886327;0.0021986294280441393;0.007081388076490479;0.006361944035854222;0.0036740317157455495;0.006308050633232968;0.0048628460417016435;0.005157864627197516;0.0035083163354709223;0.00297567958352632;0.009165382230222119;0.003680303890197841;0.0028622156503248543;0.00643246594934489;0.002294977627307809;0.006904895741739889;0.00762442890223786;0.003450596360112283;0.0026666093906092506;0.0014808383770206178;0.004465937403331517;0.002204767434314907;0.006962396759292367;0.010301128510928327;0.003675045806114605;0.0033170432572286013;0.0012754373312521333;0.004069275100035187;0.0034737459467406853;0.015448545043067832;0.0029684132122593312;0.0040871303604292225;0.0057764255865132;0.0039005979840348107;0.0023792967281652776;0.0031816265038875045;0.005302191166000053;0.0021886603739246532;0.0018936746264764518;0.0030944249628086337;0.006389424759657725,0.13641145825386047;0.13556939363479614;0.1371055543422699;0.13672222197055817;0.13421006500720978;0.13433951139450073;0.135472372174263;0.14121320843696594;0.12227397412061691;0.13391190767288208;0.13966768980026245;0.14038002490997314;0.14061644673347473;0.13585875928401947;0.13525931537151337;0.14334294199943542;0.13614915311336517;0.13599611818790436;0.13317370414733887;0.12275157123804092;0.12700004875659943;0.1427791714668274;0.1347721517086029;0.13449157774448395;0.13668572902679443;0.1320144385099411;0.13849210739135742;0.13084696233272552;0.12943971157073975;0.1395721733570099;0.1341804414987564;0.13650751113891602;0.12124406546354294;0.13415661454200745;0.1276465803384781;0.13805359601974487;0.13989481329917908;0.13479231297969818;0.13894617557525635;0.13795599341392517;0.1387234926223755;0.12409497052431107;0.13507671654224396;0.13576973974704742;0.12525896728038788;0.14025649428367615,256,0,0,"{'solver_error': 0, 'short_solution': 0, 'duplicate': 0, 'goal_error': 0, 'invalid_state': 19}",0.019572173357009892,inf,0.9935413643045569,filtered,154,2,4,3,198,1,1,2,1.0,0.0,0.20437166094779968,0.0,1.0,1.0913423791683585e-05,0,1,0,0,0.1164433456925924,0.0,filtered,osqp optimal,0.2030532917723294,0,1,12,predictive_link_4,predictive_link_4,,,0,0,1,solved,osqp,0.0,valid,1.0913423791683585e-05,1.0983355781464677,5.85338334e-20|0.00186346416|0.0013349554|0.00128423692|0.000212254979|0.000212254979,,,,,,,,,,0.009205854032188654,0.0027549079386517406,0.0012245960533618927,0.001973171019926667
219,11.0,-2.0682009030731097,0.5149027705192566,0.06558363884687424,0.18492990732192993,0.30600738525390625,1.0,4,0,0,0,0,0,0,,0,0,,-1,-1,nan,not_applicable,,,nan,0,0.022482456639409065,0.0003107885713689029,0.0001416286831954494,0.20436909794807434,0.20436909794807434,0.06558433648728483,0.06558363884687424,6.97640410593503e-07,0.14773311433307584,0.00021276187005950367,0.14772864110368655,1.411693124667943e-05,0.14771452417243988,0.14772863499003216,0,0,disabled,0.0,1,SERVO,direct_path,0,1.020902824937366,4.095793275977485,46,1,1,1,29,1.5099686265474166,0.1395721733570099,8.770709554708135e-05;0.0012075064632565823;0.001002045595193055;0.0004947495639298622;0.0029191319617776225;0.004687752307886327;0.0021986294280441393;0.007081388076490479;0.006361944035854222;0.0036740317157455495;0.006308050633232968;0.0048628460417016435;0.005157864627197516;0.0035083163354709223;0.00297567958352632;0.009165382230222119;0.003680303890197841;0.0028622156503248543;0.00643246594934489;0.002294977627307809;0.006904895741739889;0.00762442890223786;0.003450596360112283;0.0026666093906092506;0.0014808383770206178;0.004465937403331517;0.002204767434314907;0.006962396759292367;0.010301128510928327;0.003675045806114605;0.0033170432572286013;0.0012754373312521333;0.004069275100035187;0.0034737459467406853;0.015448545043067832;0.0029684132122593312;0.0040871303604292225;0.0057764255865132;0.0039005979840348107;0.0023792967281652776;0.0031816265038875045;0.005302191166000053;0.0021886603739246532;0.0018936746264764518;0.0030944249628086337;0.006389424759657725,0.13641145825386047;0.13556939363479614;0.1371055543422699;0.13672222197055817;0.13421006500720978;0.13433951139450073;0.135472372174263;0.14121320843696594;0.12227397412061691;0.13391190767288208;0.13966768980026245;0.14038002490997314;0.14061644673347473;0.13585875928401947;0.13525931537151337;0.14334294199943542;0.13614915311336517;0.13599611818790436;0.13317370414733887;0.12275157123804092;0.12700004875659943;0.1427791714668274;0.1347721517086029;0.13449157774448395;0.13668572902679443;0.1320144385099411;0.13849210739135742;0.13084696233272552;0.12943971157073975;0.1395721733570099;0.1341804414987564;0.13650751113891602;0.12124406546354294;0.13415661454200745;0.1276465803384781;0.13805359601974487;0.13989481329917908;0.13479231297969818;0.13894617557525635;0.13795599341392517;0.1387234926223755;0.12409497052431107;0.13507671654224396;0.13576973974704742;0.12525896728038788;0.14025649428367615,256,0,0,"{'solver_error': 0, 'short_solution': 0, 'duplicate': 0, 'goal_error': 0, 'invalid_state': 19}",0.019572173357009892,inf,0.993549158580225,filtered,155,2,4,3,199,1,1,2,1.0,0.0,0.20436909794807434,0.0,1.0,1.0960264386253304e-05,0,1,0,0,0.1164433456925924,0.0,filtered,osqp optimal,0.20305207208852366,0,1,12,predictive_link_4,predictive_link_4,,,0,0,1,solved,osqp,0.0,valid,1.0960264386253304e-05,1.098291112365937,3.04488672e-22|0.00186285115|0.00133431033|0.00128309502|0.000212194036|0.000212194036,,,,,,,,,,0.009501825086772442,0.0027863720897585154,0.0012509130174294114,0.0016866589430719614
220,11.05,-2.0682006856354884,0.5149028301239014,0.06558292359113693,0.18492770195007324,0.3060128390789032,1.0,4,0,0,0,0,0,0,,0,0,,-1,-1,nan,not_applicable,,,nan,0,0.022467175498604774,0.00031036135624162853,0.00010457491589477286,0.20436649024486542,0.20436649024486542,0.06558364087801212,0.06558292359113693,7.172868751875727e-07,0.1477315522948236,0.00021265257465409845,0.14772707845771274,1.4185361819379435e-05,0.14771289309589336,0.1477270830328487,0,0,disabled,0.0,1,SERVO,direct_path,0,1.020902824937366,4.095793275977485,46,1,1,1,29,1.5099686265474166,0.1395721733570099,8.770709554708135e-05;0.0012075064632565823;0.001002045595193055;0.0004947495639298622;0.0029191319617776225;0.004687752307886327;0.0021986294280441393;0.007081388076490479;0.006361944035854222;0.0036740317157455495;0.006308050633232968;0.0048628460417016435;0.005157864627197516;0.0035083163354709223;0.00297567958352632;0.009165382230222119;0.003680303890197841;0.0028622156503248543;0.00643246594934489;0.002294977627307809;0.006904895741739889;0.00762442890223786;0.003450596360112283;0.0026666093906092506;0.0014808383770206178;0.004465937403331517;0.002204767434314907;0.006962396759292367;0.010301128510928327;0.003675045806114605;0.0033170432572286013;0.0012754373312521333;0.004069275100035187;0.0034737459467406853;0.015448545043067832;0.0029684132122593312;0.0040871303604292225;0.0057764255865132;0.0039005979840348107;0.0023792967281652776;0.0031816265038875045;0.005302191166000053;0.0021886603739246532;0.0018936746264764518;0.0030944249628086337;0.006389424759657725,0.13641145825386047;0.13556939363479614;0.1371055543422699;0.13672222197055817;0.13421006500720978;0.13433951139450073;0.135472372174263;0.14121320843696594;0.12227397412061691;0.13391190767288208;0.13966768980026245;0.14038002490997314;0.14061644673347473;0.13585875928401947;0.13525931537151337;0.14334294199943542;0.13614915311336517;0.13599611818790436;0.13317370414733887;0.12275157123804092;0.12700004875659943;0.1427791714668274;0.1347721517086029;0.13449157774448395;0.13668572902679443;0.1320144385099411;0.13849210739135742;0.13084696233272552;0.12943971157073975;0.1395721733570099;0.1341804414987564;0.13650751113891602;0.12124406546354294;0.13415661454200745;0.1276465803384781;0.13805359601974487;0.13989481329917908;0.13479231297969818;0.13894617557525635;0.13795599341392517;0.1387234926223755;0.12409497052431107;0.13507671654224396;0.13576973974704742;0.12525896728038788;0.14025649428367615,256,0,0,"{'solver_error': 0, 'short_solution': 0, 'duplicate': 0, 'goal_error': 0, 'invalid_state': 19}",0.019572173357009892,inf,0.993555650669431,filtered,156,2,4,3,200,1,1,2,1.0,0.0,0.20436649024486542,0.0,1.0,1.0980118215084267e-05,0,1,0,0,0.1164433456925924,0.0,filtered,osqp optimal,0.20305101595789307,0,1,12,predictive_link_4,predictive_link_4,,,0,0,1,solved,osqp,0.0,valid,1.0980118215084267e-05,1.0982467461426555,0|0.00186223221|0.00133358111|0.00128183678|0.000212033881|0.000212033881,,,,,,,,,,0.011120970011688769,0.0026842079823836684,0.0014700799947604537,0.001975774997845292
221,11.100000000000001,-2.0682018261601742,0.5149031281471252,0.06558221578598022,0.18492549657821655,0.3060184419155121,1.0,4,0,0,0,0,0,0,,0,0,,-1,-1,nan,not_applicable,,,nan,0,0.02245189994573593,0.00031138581107370555,0.0002038969105342403,0.20436373353004456,0.20436373353004456,0.06558292059770367,0.06558221578598022,7.04811723442611e-07,0.14772992673435226,0.00021256133038483781,0.14772545238575432,1.4325807332504539e-05,0.1477111265784218,0.14772544564304965,0,0,disabled,0.0,1,SERVO,direct_path,0,1.020902824937366,4.095793275977485,46,1,1,1,29,1.5099686265474166,0.1395721733570099,8.770709554708135e-05;0.0012075064632565823;0.001002045595193055;0.0004947495639298622;0.0029191319617776225;0.004687752307886327;0.0021986294280441393;0.007081388076490479;0.006361944035854222;0.0036740317157455495;0.006308050633232968;0.0048628460417016435;0.005157864627197516;0.0035083163354709223;0.00297567958352632;0.009165382230222119;0.003680303890197841;0.0028622156503248543;0.00643246594934489;0.002294977627307809;0.006904895741739889;0.00762442890223786;0.003450596360112283;0.0026666093906092506;0.0014808383770206178;0.004465937403331517;0.002204767434314907;0.006962396759292367;0.010301128510928327;0.003675045806114605;0.0033170432572286013;0.0012754373312521333;0.004069275100035187;0.0034737459467406853;0.015448545043067832;0.0029684132122593312;0.0040871303604292225;0.0057764255865132;0.0039005979840348107;0.0023792967281652776;0.0031816265038875045;0.005302191166000053;0.0021886603739246532;0.0018936746264764518;0.0030944249628086337;0.006389424759657725,0.13641145825386047;0.13556939363479614;0.1371055543422699;0.13672222197055817;0.13421006500720978;0.13433951139450073;0.135472372174263;0.14121320843696594;0.12227397412061691;0.13391190767288208;0.13966768980026245;0.14038002490997314;0.14061644673347473;0.13585875928401947;0.13525931537151337;0.14334294199943542;0.13614915311336517;0.13599611818790436;0.13317370414733887;0.12275157123804092;0.12700004875659943;0.1427791714668274;0.1347721517086029;0.13449157774448395;0.13668572902679443;0.1320144385099411;0.13849210739135742;0.13084696233272552;0.12943971157073975;0.1395721733570099;0.1341804414987564;0.13650751113891602;0.12124406546354294;0.13415661454200745;0.1276465803384781;0.13805359601974487;0.13989481329917908;0.13479231297969818;0.13894617557525635;0.13795599341392517;0.1387234926223755;0.12409497052431107;0.13507671654224396;0.13576973974704742;0.12525896728038788;0.14025649428367615,256,0,0,"{'solver_error': 0, 'short_solution': 0, 'duplicate': 0, 'goal_error': 0, 'invalid_state': 19}",0.019572173357009892,inf,0.9935631605485019,filtered,157,2,4,3,201,1,1,2,1.0,0.0,0.20436373353004456,0.0,1.0,1.0997864368519905e-05,0,1,0,0,0.1164433456925924,0.0,filtered,osqp optimal,0.20304980514117757,0,1,12,predictive_link_4,predictive_link_4,,,0,0,1,solved,osqp,0.0,valid,1.0997864368519905e-05,1.0982023226020736,0|0.00186160272|0.001332897|0.00128065508|0.000211921086|0.000211921086,,,,,,,,,,0.009168081101961434,0.002703441074118018,0.0012327829608693719,0.0016884709475561976
222,11.15,-2.068202184743097,0.5149031281471252,0.0655815377831459,0.18492326140403748,0.30602383613586426,1.0,4,0,0,0,0,0,0,,0,0,,-1,-1,nan,not_applicable,,,nan,0,0.02243664301931858,0.00030999156297184527,0.00020385865354910493,0.2043611705303192,0.2043611705303192,0.06558222008173781,0.0655815377831459,6.822985919030522e-07,0.14772835829441847,0.00021231548709918589,0.1477238833511373,1.4209889289217927e-05,0.14770967346184807,0.14772389302732747,0,0,disabled,0.0,1,SERVO,direct_path,0,1.020902824937366,4.095793275977485,46,1,1,1,29,1.5099686265474166,0.1395721733570099,8.770709554708135e-05;0.0012075064632565823;0.001002045595193055;0.0004947495639298622;0.0029191319617776225;0.004687752307886327;0.0021986294280441393;0.007081388076490479;0.006361944035854222;0.0036740317157455495;0.006308050633232968;0.0048628460417016435;0.005157864627197516;0.0035083163354709223;0.00297567958352632;0.009165382230222119;0.003680303890197841;0.0028622156503248543;0.00643246594934489;0.002294977627307809;0.006904895741739889;0.00762442890223786;0.003450596360112283;0.0026666093906092506;0.0014808383770206178;0.004465937403331517;0.002204767434314907;0.006962396759292367;0.010301128510928327;0.003675045806114605;0.0033170432572286013;0.0012754373312521333;0.004069275100035187;0.0034737459467406853;0.015448545043067832;0.0029684132122593312;0.0040871303604292225;0.0057764255865132;0.0039005979840348107;0.0023792967281652776;0.0031816265038875045;0.005302191166000053;0.0021886603739246532;0.0018936746264764518;0.0030944249628086337;0.006389424759657725,0.13641145825386047;0.13556939363479614;0.1371055543422699;0.13672222197055817;0.13421006500720978;0.13433951139450073;0.135472372174263;0.14121320843696594;0.12227397412061691;0.13391190767288208;0.13966768980026245;0.14038002490997314;0.14061644673347473;0.13585875928401947;0.13525931537151337;0.14334294199943542;0.13614915311336517;0.13599611818790436;0.13317370414733887;0.12275157123804092;0.12700004875659943;0.1427791714668274;0.1347721517086029;0.13449157774448395;0.13668572902679443;0.1320144385099411;0.13849210739135742;0.13084696233272552;0.12943971157073975;0.1395721733570099;0.1341804414987564;0.13650751113891602;0.12124406546354294;0.13415661454200745;0.1276465803384781;0.13805359601974487;0.13989481329917908;0.13479231297969818;0.13894617557525635;0.13795599341392517;0.1387234926223755;0.12409497052431107;0.13507671654224396;0.13576973974704742;0.12525896728038788;0.14025649428367615,256,0,0,"{'solver_error': 0, 'short_solution': 0, 'duplicate': 0, 'goal_error': 0, 'invalid_state': 19}",0.019572173357009892,inf,0.9935706381647513,filtered,158,2,4,3,202,1,1,2,1.0,0.0,0.2043611705303192,0.0,1.0,1.0978696318539316e-05,0,1,0,0,0.1164433456925924,0.0,filtered,osqp optimal,0.20304905284643618,0,1,12,predictive_link_4,predictive_link_4,,,0,0,1,solved,osqp,0.0,valid,1.0978696318539316e-05,1.0981578468137017,1.21240313e-21|0.00186107954|0.00133227863|0.00127950089|0.000211824412|0.000211824412,,,,,,,,,,0.014278245042078197,0.0038976219948381186,0.0022170409793034196,0.0026248879730701447
223,11.200000000000001,-2.0681992494367836,0.5149027109146118,0.06558080017566681,0.1849210560321808,0.30602896213531494,1.0,4,0,0,0,0,0,0,,0,0,,-1,-1,nan,not_applicable,,,nan,0,0.022421376779675484,0.00030981466989032924,0.0001455342280678451,0.20435860753059387,0.20435860753059387,0.06558153790779295,0.06558080017566681,7.377321261381464e-07,0.14772682871397774,0.00021224646501328658,0.14772235313064347,1.4168451119507627e-05,0.14770818467952396,0.1477223534114108,0,0,disabled,0.0,1,SERVO,direct_path,0,1.020902824937366,4.095793275977485,46,1,1,1,29,1.5099686265474166,0.1395721733570099,8.770709554708135e-05;0.0012075064632565823;0.001002045595193055;0.0004947495639298622;0.0029191319617776225;0.004687752307886327;0.0021986294280441393;0.007081388076490479;0.006361944035854222;0.0036740317157455495;0.006308050633232968;0.0048628460417016435;0.005157864627197516;0.0035083163354709223;0.00297567958352632;0.009165382230222119;0.003680303890197841;0.0028622156503248543;0.00643246594934489;0.002294977627307809;0.006904895741739889;0.00762442890223786;0.003450596360112283;0.0026666093906092506;0.0014808383770206178;0.004465937403331517;0.002204767434314907;0.006962396759292367;0.010301128510928327;0.003675045806114605;0.0033170432572286013;0.0012754373312521333;0.004069275100035187;0.0034737459467406853;0.015448545043067832;0.0029684132122593312;0.0040871303604292225;0.0057764255865132;0.0039005979840348107;0.0023792967281652776;0.0031816265038875045;0.005302191166000053;0.0021886603739246532;0.0018936746264764518;0.0030944249628086337;0.006389424759657725,0.13641145825386047;0.13556939363479614;0.1371055543422699;0.13672222197055817;0.13421006500720978;0.13433951139450073;0.135472372174263;0.14121320843696594;0.12227397412061691;0.13391190767288208;0.13966768980026245;0.14038002490997314;0.14061644673347473;0.13585875928401947;0.13525931537151337;0.14334294199943542;0.13614915311336517;0.13599611818790436;0.13317370414733887;0.12275157123804092;0.12700004875659943;0.1427791714668274;0.1347721517086029;0.13449157774448395;0.13668572902679443;0.1320144385099411;0.13849210739135742;0.13084696233272552;0.12943971157073975;0.1395721733570099;0.1341804414987564;0.13650751113891602;0.12124406546354294;0.13415661454200745;0.1276465803384781;0.13805359601974487;0.13989481329917908;0.13479231297969818;0.13894617557525635;0.13795599341392517;0.1387234926223755;0.12409497052431107;0.13507671654224396;0.13576973974704742;0.12525896728038788;0.14025649428367615,256,0,0,"{'solver_error': 0, 'short_solution': 0, 'duplicate': 0, 'goal_error': 0, 'invalid_state': 19}",0.019572173357009892,inf,0.993579417848909,filtered,159,2,4,3,203,1,1,2,1.0,0.0,0.20435860753059387,0.0,1.0,1.098110566531696e-05,0,1,0,0,0.1164433456925924,0.0,filtered,osqp optimal,0.20304812986495885,0,1,12,predictive_link_4,predictive_link_4,,,0,0,1,solved,osqp,0.0,valid,1.098110566531696e-05,1.0981134078986026,7.75105069e-20|0.00186043199|0.00133159336|0.00127837501|0.00021161138|0.00021161138,,,,,,,,,,0.013432756997644901,0.0032096439972519875,0.002148123923689127,0.0027446430176496506
224,11.25,-2.068199361787329,0.514902651309967,0.0655800923705101,0.18491888046264648,0.30603423714637756,1.0,4,0,0,0,0,0,0,,0,0,,-1,-1,nan,not_applicable,,,nan,0,0.022406138479709625,0.00031035428401082754,0.00024295353796333075,0.20435582101345062,0.20435582101345062,0.06558079734221679,0.0655800923705101,7.049717066914818e-07,0.14772516651684298,0.00021214341628644336,0.14772069040699032,1.441172000929931e-05,0.14770627868698102,0.14772068402464683,0,0,disabled,0.0,1,SERVO,direct_path,0,1.020902824937366,4.095793275977485,46,1,1,1,29,1.5099686265474166,0.1395721733570099,8.770709554708135e-05;0.0012075064632565823;0.001002045595193055;0.0004947495639298622;0.0029191319617776225;0.004687752307886327;0.0021986294280441393;0.007081388076490479;0.006361944035854222;0.0036740317157455495;0.006308050633232968;0.0048628460417016435;0.005157864627197516;0.0035083163354709223;0.00297567958352632;0.009165382230222119;0.003680303890197841;0.0028622156503248543;0.00643246594934489;0.002294977627307809;0.006904895741739889;0.00762442890223786;0.003450596360112283;0.0026666093906092506;0.0014808383770206178;0.004465937403331517;0.002204767434314907;0.006962396759292367;0.010301128510928327;0.003675045806114605;0.0033170432572286013;0.0012754373312521333;0.004069275100035187;0.0034737459467406853;0.015448545043067832;0.0029684132122593312;0.0040871303604292225;0.0057764255865132;0.0039005979840348107;0.0023792967281652776;0.0031816265038875045;0.005302191166000053;0.0021886603739246532;0.0018936746264764518;0.0030944249628086337;0.006389424759657725,0.13641145825386047;0.13556939363479614;0.1371055543422699;0.13672222197055817;0.13421006500720978;0.13433951139450073;0.135472372174263;0.14121320843696594;0.12227397412061691;0.13391190767288208;0.13966768980026245;0.14038002490997314;0.14061644673347473;0.13585875928401947;0.13525931537151337;0.14334294199943542;0.13614915311336517;0.13599611818790436;0.13317370414733887;0.12275157123804092;0.12700004875659943;0.1427791714668274;0.1347721517086029;0.13449157774448395;0.13668572902679443;0.1320144385099411;0.13849210739135742;0.13084696233272552;0.12943971157073975;0.1395721733570099;0.1341804414987564;0.13650751113891602;0.12124406546354294;0.13415661454200745;0.1276465803384781;0.13805359601974487;0.13989481329917908;0.13479231297969818;0.13894617557525635;0.13795599341392517;0.1387234926223755;0.12409497052431107;0.13507671654224396;0.13576973974704742;0.12525896728038788;0.14025649428367615,256,0,0,"{'solver_error': 0, 'short_solution': 0, 'duplicate': 0, 'goal_error': 0, 'invalid_state': 19}",0.019572173357009892,inf,0.9935873625218412,filtered,160,2,4,3,204,1,1,2,1.0,0.0,0.20435582101345062,0.0,1.0,1.1022881252334416e-05,0,1,0,0,0.1164433456925924,0.0,filtered,osqp optimal,0.20304672634582832,0,1,12,predictive_link_4,predictive_link_4,,,0,0,1,solved,osqp,0.0,valid,1.1022881252334416e-05,1.0980687292394609,0|0.00185977763|0.00133092558|0.00127723639|0.000211516215|0.000211516215,,,,,,,,,,0.010143768973648548,0.002809948055073619,0.0017307030502706766,0.0019543550442904234
225,11.3,-2.068199652953727,0.5149027705192566,0.0655793845653534,0.1849166452884674,0.30603983998298645,1.0,4,0,0,0,0,0,0,,0,0,,-1,-1,nan,not_applicable,,,nan,0,0.02239089459180832,0.00030952072120271623,0.00020971562480553985,0.2043531835079193,0.2043531835079193,0.06558009316322946,0.0655793845653534,7.085978760701384e-07,0.1477235844139003,0.00021208701655864643,0.14771910768205956,1.4454583265530616e-05,0.14770465309879402,0.14771910946765932,0,0,disabled,0.0,1,SERVO,direct_path,0,1.020902824937366,4.095793275977485,46,1,1,1,29,1.5099686265474166,0.1395721733570099,8.770709554708135e-05;0.0012075064632565823;0.001002045595193055;0.0004947495639298622;0.0029191319617776225;0.004687752307886327;0.0021986294280441393;0.007081388076490479;0.006361944035854222;0.0036740317157455495;0.006308050633232968;0.0048628460417016435;0.005157864627197516;0.0035083163354709223;0.00297567958352632;0.009165382230222119;0.003680303890197841;0.0028622156503248543;0.00643246594934489;0.002294977627307809;0.006904895741739889;0.00762442890223786;0.003450596360112283;0.0026666093906092506;0.0014808383770206178;0.004465937403331517;0.002204767434314907;0.006962396759292367;0.010301128510928327;0.003675045806114605;0.0033170432572286013;0.0012754373312521333;0.004069275100035187;0.0034737459467406853;0.015448545043067832;0.0029684132122593312;0.0040871303604292225;0.0057764255865132;0.0039005979840348107;0.0023792967281652776;0.0031816265038875045;0.005302191166000053;0.0021886603739246532;0.0018936746264764518;0.0030944249628086337;0.006389424759657725,0.13641145825386047;0.13556939363479614;0.1371055543422699;0.13672222197055817;0.13421006500720978;0.13433951139450073;0.135472372174263;0.14121320843696594;0.12227397412061691;0.13391190767288208;0.13966768980026245;0.14038002490997314;0.14061644673347473;0.13585875928401947;0.13525931537151337;0.14334294199943542;0.13614915311336517;0.13599611818790436;0.13317370414733887;0.12275157123804092;0.12700004875659943;0.1427791714668274;0.1347721517086029;0.13449157774448395;0.13668572902679443;0.1320144385099411;0.13849210739135742;0.13084696233272552;0.12943971157073975;0.1395721733570099;0.1341804414987564;0.13650751113891602;0.12124406546354294;0.13415661454200745;0.1276465803384781;0.13805359601974487;0.13989481329917908;0.13479231297969818;0.13894617557525635;0.13795599341392517;0.1387234926223755;0.12409497052431107;0.13507671654224396;0.13576973974704742;0.12525896728038788;0.14025649428367615,256,0,0,"{'solver_error': 0, 'short_solution': 0, 'duplicate': 0, 'goal_error': 0, 'invalid_state': 19}",0.019572173357009892,inf,0.9935940426794295,filtered,161,2,4,3,205,1,1,2,1.0,0.0,0.2043531835079193,0.0,1.0,1.1040369039219677e-05,0,1,0,0,0.1164433456925924,0.0,filtered,osqp optimal,0.20304563741536832,0,1,12,predictive_link_4,predictive_link_4,,,0,0,1,solved,osqp,0.0,valid,1.1040369039219677e-05,1.0980240892362736,1.20766976e-21|0.00185922318|0.00133026364|0.00127602581|0.00021141359|0.00021141359,,,,,,,,,,0.009098578942939639,0.002693032962270081,0.0013301169965416193,0.0018087360076606274
226,11.350000000000001,-2.068199297509116,0.5149028301239014,0.0655786544084549,0.18491443991661072,0.3060452342033386,1.0,4,0,0,0,0,0,0,,0,0,,-1,-1,nan,not_applicable,,,nan,0,0.022375667467713356,0.0003104266070295125,0.00027856414089910686,0.20435041189193726,0.20435041189193726,0.0655793814006835,0.0655786544084549,7.269922286112784e-07,0.14772197905398513,0.00021191804465967427,0.14771750183158489,1.4536696856525906e-05,0.14770296513472836,0.14771749470316894,0,0,disabled,0.0,1,SERVO,direct_path,0,1.020902824937366,4.095793275977485,46,1,1,1,29,1.5099686265474166,0.1395721733570099,8.770709554708135e-05;0.0012075064632565823;0.001002045595193055;0.0004947495639298622;0.0029191319617776225;0.004687752307886327;0.0021986294280441393;0.007081388076490479;0.006361944035854222;0.0036740317157455495;0.006308050633232968;0.0048628460417016435;0.005157864627197516;0.0035083163354709223;0.00297567958352632;0.009165382230222119;0.003680303890197841;0.0028622156503248543;0.00643246594934489;0.002294977627307809;0.006904895741739889;0.00762442890223786;0.003450596360112283;0.0026666093906092506;0.0014808383770206178;0.004465937403331517;0.002204767434314907;0.006962396759292367;0.010301128510928327;0.003675045806114605;0.0033170432572286013;0.0012754373312521333;0.004069275100035187;0.0034737459467406853;0.015448545043067832;0.0029684132122593312;0.0040871303604292225;0.0057764255865132;0.0039005979840348107;0.0023792967281652776;0.0031816265038875045;0.005302191166000053;0.0021886603739246532;0.0018936746264764518;0.0030944249628086337;0.006389424759657725,0.13641145825386047;0.13556939363479614;0.1371055543422699;0.13672222197055817;0.13421006500720978;0.13433951139450073;0.135472372174263;0.14121320843696594;0.12227397412061691;0.13391190767288208;0.13966768980026245;0.14038002490997314;0.14061644673347473;0.13585875928401947;0.13525931537151337;0.14334294199943542;0.13614915311336517;0.13599611818790436;0.13317370414733887;0.12275157123804092;0.12700004875659943;0.1427791714668274;0.1347721517086029;0.13449157774448395;0.13668572902679443;0.1320144385099411;0.13849210739135742;0.13084696233272552;0.12943971157073975;0.1395721733570099;0.1341804414987564;0.13650751113891602;0.12124406546354294;0.13415661454200745;0.1276465803384781;0.13805359601974487;0.13989481329917908;0.13479231297969818;0.13894617557525635;0.13795599341392517;0.1387234926223755;0.12409497052431107;0.13507671654224396;0.13576973974704742;0.12525896728038788;0.14025649428367615,256,0,0,"{'solver_error': 0, 'short_solution': 0, 'duplicate': 0, 'goal_error': 0, 'invalid_state': 19}",0.019572173357009892,inf,0.9936015379349336,filtered,162,2,4,3,206,1,1,2,1.0,0.0,0.20435041189193726,0.0,1.0,1.1044426180148448e-05,0,1,0,0,0.1164433456925924,0.0,filtered,osqp optimal,0.20304450055974052,0,1,12,predictive_link_4,predictive_link_4,,,0,0,1,solved,osqp,0.0,valid,1.1044426180148448e-05,1.0979793923147179,1.9448021e-20|0.00185859302|0.00132960462|0.00127486995|0.00021135241|0.00021135241,,,,,,,,,,0.009489737916737795,0.002825434086844325,0.0013410559622570872,0.00197952997405082
227,11.4,-2.0681975731140008,0.5149024128913879,0.065577931702137,0.18491223454475403,0.3060503602027893,1.0,4,0,0,0,0,0,0,,0,0,,-1,-1,nan,not_applicable,,,nan,0,0.022360458970069885,0.00030839539249427617,0.00034977321047335863,0.20434775948524475,0.20434775948524475,0.06557865521174432,0.065577931702137,7.235096073227032e-07,0.1477203580592174,0.0002117865184819217,0.14771588017973178,1.4489515811642083e-05,0.14770139066392013,0.14771588198914073,0,0,disabled,0.0,1,SERVO,direct_path,0,1.020902824937366,4.095793275977485,46,1,1,1,29,1.5099686265474166,0.1395721733570099,8.770709554708135e-05;0.0012075064632565823;0.001002045595193055;0.0004947495639298622;0.0029191319617776225;0.004687752307886327;0.0021986294280441393;0.007081388076490479;0.006361944035854222;0.0036740317157455495;0.006308050633232968;0.0048628460417016435;0.005157864627197516;0.0035083163354709223;0.00297567958352632;0.009165382230222119;0.003680303890197841;0.0028622156503248543;0.00643246594934489;0.002294977627307809;0.006904895741739889;0.00762442890223786;0.003450596360112283;0.0026666093906092506;0.0014808383770206178;0.004465937403331517;0.002204767434314907;0.006962396759292367;0.010301128510928327;0.003675045806114605;0.0033170432572286013;0.0012754373312521333;0.004069275100035187;0.0034737459467406853;0.015448545043067832;0.0029684132122593312;0.0040871303604292225;0.0057764255865132;0.0039005979840348107;0.0023792967281652776;0.0031816265038875045;0.005302191166000053;0.0021886603739246532;0.0018936746264764518;0.0030944249628086337;0.006389424759657725,0.13641145825386047;0.13556939363479614;0.1371055543422699;0.13672222197055817;0.13421006500720978;0.13433951139450073;0.135472372174263;0.14121320843696594;0.12227397412061691;0.13391190767288208;0.13966768980026245;0.14038002490997314;0.14061644673347473;0.13585875928401947;0.13525931537151337;0.14334294199943542;0.13614915311336517;0.13599611818790436;0.13317370414733887;0.12275157123804092;0.12700004875659943;0.1427791714668274;0.1347721517086029;0.13449157774448395;0.13668572902679443;0.1320144385099411;0.13849210739135742;0.13084696233272552;0.12943971157073975;0.1395721733570099;0.1341804414987564;0.13650751113891602;0.12124406546354294;0.13415661454200745;0.1276465803384781;0.13805359601974487;0.13989481329917908;0.13479231297969818;0.13894617557525635;0.13795599341392517;0.1387234926223755;0.12409497052431107;0.13507671654224396;0.13576973974704742;0.12525896728038788;0.14025649428367615,256,0,0,"{'solver_error': 0, 'short_solution': 0, 'duplicate': 0, 'goal_error': 0, 'invalid_state': 19}",0.019572173357009892,inf,0.9936094509421037,filtered,163,2,4,3,207,1,1,2,1.0,0.0,0.20434775948524475,0.0,1.0,1.1050633108231067e-05,0,1,0,0,0.1164433456925924,0.0,filtered,osqp optimal,0.20304346142455437,0,1,12,predictive_link_4,predictive_link_4,,,0,0,1,solved,osqp,0.0,valid,1.1050633108231067e-05,1.0979345993966099,0|0.00185805826|0.00132897986|0.00127373344|0.000211201829|0.000211201829,,,,,,,,,,0.010583161027170718,0.0024886579485610127,0.0019396080169826746,0.002451142994686961
228,11.450000000000001,-2.0681983372150925,0.514902651309967,0.06557720899581909,0.18490999937057495,0.30605602264404297,1.0,4,0,0,0,0,0,0,,0,0,,-1,-1,nan,not_applicable,,,nan,0,0.022345252335071564,0.0003095821011811495,0.00027964217588305473,0.2043449878692627,0.2043449878692627,0.0655779297371728,0.06557720899581909,7.207413537102525e-07,0.1477187271470667,0.00021166472340234557,0.1477142487328985,1.4718722396936894e-05,0.14769953001050157,0.14771424430681795,0,0,disabled,0.0,1,SERVO,direct_path,0,1.020902824937366,4.095793275977485,46,1,1,1,29,1.5099686265474166,0.1395721733570099,8.770709554708135e-05;0.0012075064632565823;0.001002045595193055;0.0004947495639298622;0.0029191319617776225;0.004687752307886327;0.0021986294280441393;0.007081388076490479;0.006361944035854222;0.0036740317157455495;0.006308050633232968;0.0048628460417016435;0.005157864627197516;0.0035083163354709223;0.00297567958352632;0.009165382230222119;0.003680303890197841;0.0028622156503248543;0.00643246594934489;0.002294977627307809;0.006904895741739889;0.00762442890223786;0.003450596360112283;0.0026666093906092506;0.0014808383770206178;0.004465937403331517;0.002204767434314907;0.006962396759292367;0.010301128510928327;0.003675045806114605;0.0033170432572286013;0.0012754373312521333;0.004069275100035187;0.0034737459467406853;0.015448545043067832;0.0029684132122593312;0.0040871303604292225;0.0057764255865132;0.0039005979840348107;0.0023792967281652776;0.0031816265038875045;0.005302191166000053;0.0021886603739246532;0.0018936746264764518;0.0030944249628086337;0.006389424759657725,0.13641145825386047;0.13556939363479614;0.1371055543422699;0.13672222197055817;0.13421006500720978;0.13433951139450073;0.135472372174263;0.14121320843696594;0.12227397412061691;0.13391190767288208;0.13966768980026245;0.14038002490997314;0.14061644673347473;0.13585875928401947;0.13525931537151337;0.14334294199943542;0.13614915311336517;0.13599611818790436;0.13317370414733887;0.12275157123804092;0.12700004875659943;0.1427791714668274;0.1347721517086029;0.13449157774448395;0.13668572902679443;0.1320144385099411;0.13849210739135742;0.13084696233272552;0.12943971157073975;0.1395721733570099;0.1341804414987564;0.13650751113891602;0.12124406546354294;0.13415661454200745;0.1276465803384781;0.13805359601974487;0.13989481329917908;0.13479231297969818;0.13894617557525635;0.13795599341392517;0.1387234926223755;0.12409497052431107;0.13507671654224396;0.13576973974704742;0.12525896728038788;0.14025649428367615,256,0,0,"{'solver_error': 0, 'short_solution': 0, 'duplicate': 0, 'goal_error': 0, 'invalid_state': 19}",0.019572173357009892,inf,0.9936172627291049,filtered,164,2,4,3,208,1,1,2,1.0,0.0,0.2043449878692627,0.0,1.0,1.1090425845697305e-05,0,1,0,0,0.1164433456925924,0.0,filtered,osqp optimal,0.20304207865360988,0,1,12,predictive_link_4,predictive_link_4,,,0,0,1,solved,osqp,0.0,valid,1.1090425845697305e-05,1.0978899313128831,3.85712536e-20|0.00185735998|0.00132827165|0.0012725715|0.000211068484|0.000211068484,,,,,,,,,,0.008550208993256092,0.0024841090198606253,0.0012400929117575288,0.0016426719957962632
229,11.5,-2.068197364966175,0.5149025917053223,0.0655764564871788,0.18490776419639587,0.30606144666671753,1.0,4,0,0,0,0,0,0,,0,0,,-1,-1,nan,not_applicable,,,nan,0,0.022330043837428093,0.00030953995883464813,0.0001260176213691011,0.20434221625328064,0.20434221625328064,0.06557720595559494,0.0655764564871788,7.494684161335474e-07,0.14771710695195006,0.0002115561286650695,0.1477126280013508,1.4715605409722915e-05,0.14769791239594107,0.14771262115324751,0,0,disabled,0.0,1,SERVO,direct_path,0,1.020902824937366,4.095793275977485,46,1,1,1,29,1.5099686265474166,0.1395721733570099,8.770709554708135e-05;0.0012075064632565823;0.001002045595193055;0.0004947495639298622;0.0029191319617776225;0.004687752307886327;0.0021986294280441393;0.007081388076490479;0.006361944035854222;0.0036740317157455495;0.006308050633232968;0.0048628460417016435;0.005157864627197516;0.0035083163354709223;0.00297567958352632;0.009165382230222119;0.003680303890197841;0.0028622156503248543;0.00643246594934489;0.002294977627307809;0.006904895741739889;0.00762442890223786;0.003450596360112283;0.0026666093906092506;0.0014808383770206178;0.004465937403331517;0.002204767434314907;0.006962396759292367;0.010301128510928327;0.003675045806114605;0.0033170432572286013;0.0012754373312521333;0.004069275100035187;0.0034737459467406853;0.015448545043067832;0.0029684132122593312;0.0040871303604292225;0.0057764255865132;0.0039005979840348107;0.0023792967281652776;0.0031816265038875045;0.005302191166000053;0.0021886603739246532;0.0018936746264764518;0.0030944249628086337;0.006389424759657725,0.13641145825386047;0.13556939363479614;0.1371055543422699;0.13672222197055817;0.13421006500720978;0.13433951139450073;0.135472372174263;0.14121320843696594;0.12227397412061691;0.13391190767288208;0.13966768980026245;0.14038002490997314;0.14061644673347473;0.13585875928401947;0.13525931537151337;0.14334294199943542;0.13614915311336517;0.13599611818790436;0.13317370414733887;0.12275157123804092;0.12700004875659943;0.1427791714668274;0.1347721517086029;0.13449157774448395;0.13668572902679443;0.1320144385099411;0.13849210739135742;0.13084696233272552;0.12943971157073975;0.1395721733570099;0.1341804414987564;0.13650751113891602;0.12124406546354294;0.13415661454200745;0.1276465803384781;0.13805359601974487;0.13989481329917908;0.13479231297969818;0.13894617557525635;0.13795599341392517;0.1387234926223755;0.12409497052431107;0.13507671654224396;0.13576973974704742;0.12525896728038788;0.14025649428367615,256,0,0,"{'solver_error': 0, 'short_solution': 0, 'duplicate': 0, 'goal_error': 0, 'invalid_state': 19}",0.019572173357009892,inf,0.9936239727275014,filtered,165,2,4,3,209,1,1,2,1.0,0.0,0.20434221625328064,0.0,1.0,1.1084801630603658e-05,0,1,0,0,0.1164433456925924,0.0,filtered,osqp optimal,0.20304100181196738,0,1,12,predictive_link_4,predictive_link_4,,,0,0,1,solved,osqp,0.0,valid,1.1084801630603658e-05,1.097844983182351,2.40194974e-21|0.00185678702|0.00132759762|0.00127136009|0.000210941588|0.000210941588,,,,,,,,,,0.009202298009768128,0.0025174139300361276,0.0012512770481407642,0.0016653499333187938
230,11.55,-2.0681984608055926,0.5149027109146118,0.0655757486820221,0.18490555882453918,0.3060668408870697,1.0,4,0,0,0,0,0,0,,0,0,,-1,-1,nan,not_applicable,,,nan,0,0.02231486886739731,0.0003090420796070248,8.253454871010035e-05,0.20433937013149261,0.20433937013149261,0.0655764584591446,0.0655757486820221,7.097771225067495e-07,0.14771542053366843,0.0002113867827288617,0.14771094107964056,1.4850493992859448e-05,0.1476960905856477,0.1477109455214927,0,0,disabled,0.0,1,SERVO,direct_path,0,1.020902824937366,4.095793275977485,46,1,1,1,29,1.5099686265474166,0.1395721733570099,8.770709554708135e-05;0.0012075064632565823;0.001002045595193055;0.0004947495639298622;0.0029191319617776225;0.004687752307886327;0.0021986294280441393;0.007081388076490479;0.006361944035854222;0.0036740317157455495;0.006308050633232968;0.0048628460417016435;0.005157864627197516;0.0035083163354709223;0.00297567958352632;0.009165382230222119;0.003680303890197841;0.0028622156503248543;0.00643246594934489;0.002294977627307809;0.006904895741739889;0.00762442890223786;0.003450596360112283;0.0026666093906092506;0.0014808383770206178;0.004465937403331517;0.002204767434314907;0.006962396759292367;0.010301128510928327;0.003675045806114605;0.0033170432572286013;0.0012754373312521333;0.004069275100035187;0.0034737459467406853;0.015448545043067832;0.0029684132122593312;0.0040871303604292225;0.0057764255865132;0.0039005979840348107;0.0023792967281652776;0.0031816265038875045;0.005302191166000053;0.0021886603739246532;0.0018936746264764518;0.0030944249628086337;0.006389424759657725,0.13641145825386047;0.13556939363479614;0.1371055543422699;0.13672222197055817;0.13421006500720978;0.13433951139450073;0.135472372174263;0.14121320843696594;0.12227397412061691;0.13391190767288208;0.13966768980026245;0.14038002490997314;0.14061644673347473;0.13585875928401947;0.13525931537151337;0.14334294199943542;0.13614915311336517;0.13599611818790436;0.13317370414733887;0.12275157123804092;0.12700004875659943;0.1427791714668274;0.1347721517086029;0.13449157774448395;0.13668572902679443;0.1320144385099411;0.13849210739135742;0.13084696233272552;0.12943971157073975;0.1395721733570099;0.1341804414987564;0.13650751113891602;0.12124406546354294;0.13415661454200745;0.1276465803384781;0.13805359601974487;0.13989481329917908;0.13479231297969818;0.13894617557525635;0.13795599341392517;0.1387234926223755;0.12409497052431107;0.13507671654224396;0.13576973974704742;0.12525896728038788;0.14025649428367615,256,0,0,"{'solver_error': 0, 'short_solution': 0, 'duplicate': 0, 'goal_error': 0, 'invalid_state': 19}",0.019572173357009892,inf,0.993632180049861,filtered,166,2,4,3,210,1,1,2,1.0,0.0,0.20433937013149261,0.0,1.0,1.110411619255347e-05,0,1,0,0,0.1164433456925924,0.0,filtered,osqp optimal,0.20303968706849265,0,1,12,predictive_link_4,predictive_link_4,,,0,0,1,solved,osqp,0.0,valid,1.110411619255347e-05,1.0978000458816228,2.04966274e-20|0.0018562234|0.00132698709|0.001270257|0.000210832083|0.000210832083,,,,,,,,,,0.008580042980611324,0.002573586069047451,0.0012390289921313524,0.0016312251100316644
231,11.600000000000001,-2.0681953467023693,0.5149021148681641,0.065575011074543,0.1849033534526825,0.3060719072818756,1.0,4,0,0,0,0,0,0,,0,0,,-1,-1,nan,not_applicable,,,nan,0,0.02229967527091503,0.000307958252960816,0.0003422390727791935,0.20433670282363892,0.20433670282363892,0.06557574731540097,0.065575011074543,7.362408579736357e-07,0.1477138280156406,0.00021131513891685654,0.14770934789089404,1.4735523896419709e-05,0.14769461236699763,0.14770934481258052,0,0,disabled,0.0,1,SERVO,direct_path,0,1.020902824937366,4.095793275977485,46,1,1,1,29,1.5099686265474166,0.1395721733570099,8.770709554708135e-05;0.0012075064632565823;0.001002045595193055;0.0004947495639298622;0.0029191319617776225;0.004687752307886327;0.0021986294280441393;0.007081388076490479;0.006361944035854222;0.0036740317157455495;0.006308050633232968;0.0048628460417016435;0.005157864627197516;0.0035083163354709223;0.00297567958352632;0.009165382230222119;0.003680303890197841;0.0028622156503248543;0.00643246594934489;0.002294977627307809;0.006904895741739889;0.00762442890223786;0.003450596360112283;0.0026666093906092506;0.0014808383770206178;0.004465937403331517;0.002204767434314907;0.006962396759292367;0.010301128510928327;0.003675045806114605;0.0033170432572286013;0.0012754373312521333;0.004069275100035187;0.0034737459467406853;0.015448545043067832;0.0029684132122593312;0.0040871303604292225;0.0057764255865132;0.0039005979840348107;0.0023792967281652776;0.0031816265038875045;0.005302191166000053;0.0021886603739246532;0.0018936746264764518;0.0030944249628086337;0.006389424759657725,0.13641145825386047;0.13556939363479614;0.1371055543422699;0.13672222197055817;0.13421006500720978;0.13433951139450073;0.135472372174263;0.14121320843696594;0.12227397412061691;0.13391190767288208;0.13966768980026245;0.14038002490997314;0.14061644673347473;0.13585875928401947;0.13525931537151337;0.14334294199943542;0.13614915311336517;0.13599611818790436;0.13317370414733887;0.12275157123804092;0.12700004875659943;0.1427791714668274;0.1347721517086029;0.13449157774448395;0.13668572902679443;0.1320144385099411;0.13849210739135742;0.13084696233272552;0.12943971157073975;0.1395721733570099;0.1341804414987564;0.13650751113891602;0.12124406546354294;0.13415661454200745;0.1276465803384781;0.13805359601974487;0.13989481329917908;0.13479231297969818;0.13894617557525635;0.13795599341392517;0.1387234926223755;0.12409497052431107;0.13507671654224396;0.13576973974704742;0.12525896728038788;0.14025649428367615,256,0,0,"{'solver_error': 0, 'short_solution': 0, 'duplicate': 0, 'goal_error': 0, 'invalid_state': 19}",0.019572173357009892,inf,0.9936395856453721,filtered,167,2,4,3,211,1,1,2,1.0,0.0,0.20433670282363892,0.0,1.0,1.1099834147973442e-05,0,1,0,0,0.1164433456925924,0.0,filtered,osqp optimal,0.20303869766058244,0,1,12,predictive_link_4,predictive_link_4,,,0,0,1,solved,osqp,0.0,valid,1.1099834147973442e-05,1.0977551155637082,7.67983503e-20|0.00185565258|0.00132632747|0.00126908473|0.000210677542|0.000210677542,,,,,,,,,,0.008798603084869683,0.0026545290602371097,0.0012474700342863798,0.001656217034906149
232,11.65,-2.0681962779002183,0.5149025321006775,0.06557424366474152,0.18490111827850342,0.30607759952545166,1.0,4,0,0,0,0,0,0,,0,0,,-1,-1,nan,not_applicable,,,nan,0,0.022284502163529396,0.00030869260081090033,0.0003282823308836669,0.20433396100997925,0.20433396100997925,0.06557501146832757,0.06557424366474152,7.678035860575472e-07,0.14771217677162812,0.00021126972162513135,0.14770769608181655,1.5123260405548118e-05,0.14769257282141102,0.14770769696881622,0,0,disabled,0.0,1,SERVO,direct_path,0,1.020902824937366,4.095793275977485,46,1,1,1,29,1.5099686265474166,0.1395721733570099,8.770709554708135e-05;0.0012075064632565823;0.001002045595193055;0.0004947495639298622;0.0029191319617776225;0.004687752307886327;0.0021986294280441393;0.007081388076490479;0.006361944035854222;0.0036740317157455495;0.006308050633232968;0.0048628460417016435;0.005157864627197516;0.0035083163354709223;0.00297567958352632;0.009165382230222119;0.003680303890197841;0.0028622156503248543;0.00643246594934489;0.002294977627307809;0.006904895741739889;0.00762442890223786;0.003450596360112283;0.0026666093906092506;0.0014808383770206178;0.004465937403331517;0.002204767434314907;0.006962396759292367;0.010301128510928327;0.003675045806114605;0.0033170432572286013;0.0012754373312521333;0.004069275100035187;0.0034737459467406853;0.015448545043067832;0.0029684132122593312;0.0040871303604292225;0.0057764255865132;0.0039005979840348107;0.0023792967281652776;0.0031816265038875045;0.005302191166000053;0.0021886603739246532;0.0018936746264764518;0.0030944249628086337;0.006389424759657725,0.13641145825386047;0.13556939363479614;0.1371055543422699;0.13672222197055817;0.13421006500720978;0.13433951139450073;0.135472372174263;0.14121320843696594;0.12227397412061691;0.13391190767288208;0.13966768980026245;0.14038002490997314;0.14061644673347473;0.13585875928401947;0.13525931537151337;0.14334294199943542;0.13614915311336517;0.13599611818790436;0.13317370414733887;0.12275157123804092;0.12700004875659943;0.1427791714668274;0.1347721517086029;0.13449157774448395;0.13668572902679443;0.1320144385099411;0.13849210739135742;0.13084696233272552;0.12943971157073975;0.1395721733570099;0.1341804414987564;0.13650751113891602;0.12124406546354294;0.13415661454200745;0.1276465803384781;0.13805359601974487;0.13989481329917908;0.13479231297969818;0.13894617557525635;0.13795599341392517;0.1387234926223755;0.12409497052431107;0.13507671654224396;0.13576973974704742;0.12525896728038788;0.14025649428367615,256,0,0,"{'solver_error': 0, 'short_solution': 0, 'duplicate': 0, 'goal_error': 0, 'invalid_state': 19}",0.019572173357009892,inf,0.9936477140664408,filtered,168,2,4,3,212,1,1,2,1.0,0.0,0.20433396100997925,0.0,1.0,1.1175406990318604e-05,0,1,0,0,0.1164433456925924,0.0,filtered,osqp optimal,0.20303708083094302,0,1,12,predictive_link_4,predictive_link_4,,,0,0,1,solved,osqp,0.0,valid,1.1175406990318604e-05,1.0977098826640974,0|0.00185495265|0.00132565256|0.00126796598|0.000210592187|0.000210592187,,,,,,,,,,0.009034703020006418,0.002551871002651751,0.0012940950691699982,0.0018978220177814364
233,11.700000000000001,-2.068195564842676,0.5149022340774536,0.06557351350784302,0.18489888310432434,0.30608296394348145,1.0,4,0,0,0,0,0,0,,0,0,,-1,-1,nan,not_applicable,,,nan,0,0.022269338369369507,0.00030835033976472914,0.00033194859861396253,0.20433108508586884,0.20433108508586884,0.06557424362361157,0.06557351350784302,7.301157685518644e-07,0.1477104602575285,0.00021109274214382918,0.1477059790175151,1.4911220954196358e-05,0.14769106779656088,0.14770597892486992,0,0,disabled,0.0,1,SERVO,direct_path,0,1.020902824937366,4.095793275977485,46,1,1,1,29,1.5099686265474166,0.1395721733570099,8.770709554708135e-05;0.0012075064632565823;0.001002045595193055;0.0004947495639298622;0.0029191319617776225;0.004687752307886327;0.0021986294280441393;0.007081388076490479;0.006361944035854222;0.0036740317157455495;0.006308050633232968;0.0048628460417016435;0.005157864627197516;0.0035083163354709223;0.00297567958352632;0.009165382230222119;0.003680303890197841;0.0028622156503248543;0.00643246594934489;0.002294977627307809;0.006904895741739889;0.00762442890223786;0.003450596360112283;0.0026666093906092506;0.0014808383770206178;0.004465937403331517;0.002204767434314907;0.006962396759292367;0.010301128510928327;0.003675045806114605;0.0033170432572286013;0.0012754373312521333;0.004069275100035187;0.0034737459467406853;0.015448545043067832;0.0029684132122593312;0.0040871303604292225;0.0057764255865132;0.0039005979840348107;0.0023792967281652776;0.0031816265038875045;0.005302191166000053;0.0021886603739246532;0.0018936746264764518;0.0030944249628086337;0.006389424759657725,0.13641145825386047;0.13556939363479614;0.1371055543422699;0.13672222197055817;0.13421006500720978;0.13433951139450073;0.135472372174263;0.14121320843696594;0.12227397412061691;0.13391190767288208;0.13966768980026245;0.14038002490997314;0.14061644673347473;0.13585875928401947;0.13525931537151337;0.14334294199943542;0.13614915311336517;0.13599611818790436;0.13317370414733887;0.12275157123804092;0.12700004875659943;0.1427791714668274;0.1347721517086029;0.13449157774448395;0.13668572902679443;0.1320144385099411;0.13849210739135742;0.13084696233272552;0.12943971157073975;0.1395721733570099;0.1341804414987564;0.13650751113891602;0.12124406546354294;0.13415661454200745;0.1276465803384781;0.13805359601974487;0.13989481329917908;0.13479231297969818;0.13894617557525635;0.13795599341392517;0.1387234926223755;0.12409497052431107;0.13507671654224396;0.13576973974704742;0.12525896728038788;0.14025649428367615,256,0,0,"{'solver_error': 0, 'short_solution': 0, 'duplicate': 0, 'goal_error': 0, 'invalid_state': 19}",0.019572173357009892,inf,0.9936531344440932,filtered,169,2,4,3,213,1,1,2,1.0,0.0,0.20433108508586884,0.0,1.0,1.1133383176084588e-05,0,1,0,0,0.1164433456925924,0.0,filtered,osqp optimal,0.20303614408501428,0,1,12,predictive_link_4,predictive_link_4,,,0,0,1,solved,osqp,0.0,valid,1.1133383176084588e-05,1.0976650289756167,1.19412932e-21|0.0018543687|0.00132496292|0.00126669991|0.000210535266|0.000210535266,,,,,,,,,,0.00892528600525111,0.0026499369414523244,0.0012426460161805153,0.0017179340356960893
234,11.75,-2.0681953059063938,0.5149023532867432,0.06557275354862213,0.18489664793014526,0.3060884475708008,1.0,4,0,0,0,0,0,0,,0,0,,-1,-1,nan,not_applicable,,,nan,0,0.022254185751080513,0.0003082262119278312,0.00026375779998488724,0.2043282836675644,0.2043282836675644,0.06557351114287803,0.06557275354862213,7.575942558984972e-07,0.14770881813810624,0.00021098317078529396,0.14770433635347877,1.5184149267496291e-05,0.14768915220421128,0.1477043310263952,0,0,disabled,0.0,1,SERVO,direct_path,0,1.020902824937366,4.095793275977485,46,1,1,1,29,1.5099686265474166,0.1395721733570099,8.770709554708135e-05;0.0012075064632565823;0.001002045595193055;0.0004947495639298622;0.0029191319617776225;0.004687752307886327;0.0021986294280441393;0.007081388076490479;0.006361944035854222;0.0036740317157455495;0.006308050633232968;0.0048628460417016435;0.005157864627197516;0.0035083163354709223;0.00297567958352632;0.009165382230222119;0.003680303890197841;0.0028622156503248543;0.00643246594934489;0.002294977627307809;0.006904895741739889;0.00762442890223786;0.003450596360112283;0.0026666093906092506;0.0014808383770206178;0.004465937403331517;0.002204767434314907;0.006962396759292367;0.010301128510928327;0.003675045806114605;0.0033170432572286013;0.0012754373312521333;0.004069275100035187;0.0034737459467406853;0.015448545043067832;0.0029684132122593312;0.0040871303604292225;0.0057764255865132;0.0039005979840348107;0.0023792967281652776;0.0031816265038875045;0.005302191166000053;0.0021886603739246532;0.0018936746264764518;0.0030944249628086337;0.006389424759657725,0.13641145825386047;0.13556939363479614;0.1371055543422699;0.13672222197055817;0.13421006500720978;0.13433951139450073;0.135472372174263;0.14121320843696594;0.12227397412061691;0.13391190767288208;0.13966768980026245;0.14038002490997314;0.14061644673347473;0.13585875928401947;0.13525931537151337;0.14334294199943542;0.13614915311336517;0.13599611818790436;0.13317370414733887;0.12275157123804092;0.12700004875659943;0.1427791714668274;0.1347721517086029;0.13449157774448395;0.13668572902679443;0.1320144385099411;0.13849210739135742;0.13084696233272552;0.12943971157073975;0.1395721733570099;0.1341804414987564;0.13650751113891602;0.12124406546354294;0.13415661454200745;0.1276465803384781;0.13805359601974487;0.13989481329917908;0.13479231297969818;0.13894617557525635;0.13795599341392517;0.1387234926223755;0.12409497052431107;0.13507671654224396;0.13576973974704742;0.12525896728038788;0.14025649428367615,256,0,0,"{'solver_error': 0, 'short_solution': 0, 'duplicate': 0, 'goal_error': 0, 'invalid_state': 19}",0.019572173357009892,inf,0.9936625354859229,filtered,170,2,4,3,214,1,1,2,1.0,0.0,0.2043282836675644,0.0,1.0,1.1185235637020674e-05,0,1,0,0,0.1164433456925924,0.0,filtered,osqp optimal,0.20303462956689375,0,1,12,predictive_link_4,predictive_link_4,,,0,0,1,solved,osqp,0.0,valid,1.1185235637020674e-05,1.0976199062030616,0|0.00185376501|0.00132435804|0.00126566142|0.000210387878|0.000210387878,,,,,,,,,,0.008973064017482102,0.0028248290764167905,0.0012590520782396197,0.001660955953411758
235,11.8,-2.068194765804541,0.5149022340774536,0.06557200103998184,0.1848944127559662,0.30609387159347534,1.0,4,0,0,0,0,0,0,,0,0,,-1,-1,nan,not_applicable,,,nan,0,0.022239038720726967,0.000307851645629853,0.0001880727504612878,0.20432542264461517,0.20432542264461517,0.06557275492947195,0.06557200103998184,7.538894901126802e-07,0.1477071214009728,0.00021085479699071587,0.14770263905036224,1.510758971911809e-05,0.14768753146064312,0.14770264216072673,0,0,disabled,0.0,1,SERVO,direct_path,0,1.020902824937366,4.095793275977485,46,1,1,1,29,1.5099686265474166,0.1395721733570099,8.770709554708135e-05;0.0012075064632565823;0.001002045595193055;0.0004947495639298622;0.0029191319617776225;0.004687752307886327;0.0021986294280441393;0.007081388076490479;0.006361944035854222;0.0036740317157455495;0.006308050633232968;0.0048628460417016435;0.005157864627197516;0.0035083163354709223;0.00297567958352632;0.009165382230222119;0.003680303890197841;0.0028622156503248543;0.00643246594934489;0.002294977627307809;0.006904895741739889;0.00762442890223786;0.003450596360112283;0.0026666093906092506;0.0014808383770206178;0.004465937403331517;0.002204767434314907;0.006962396759292367;0.010301128510928327;0.003675045806114605;0.0033170432572286013;0.0012754373312521333;0.004069275100035187;0.0034737459467406853;0.015448545043067832;0.0029684132122593312;0.0040871303604292225;0.0057764255865132;0.0039005979840348107;0.0023792967281652776;0.0031816265038875045;0.005302191166000053;0.0021886603739246532;0.0018936746264764518;0.0030944249628086337;0.006389424759657725,0.13641145825386047;0.13556939363479614;0.1371055543422699;0.13672222197055817;0.13421006500720978;0.13433951139450073;0.135472372174263;0.14121320843696594;0.12227397412061691;0.13391190767288208;0.13966768980026245;0.14038002490997314;0.14061644673347473;0.13585875928401947;0.13525931537151337;0.14334294199943542;0.13614915311336517;0.13599611818790436;0.13317370414733887;0.12275157123804092;0.12700004875659943;0.1427791714668274;0.1347721517086029;0.13449157774448395;0.13668572902679443;0.1320144385099411;0.13849210739135742;0.13084696233272552;0.12943971157073975;0.1395721733570099;0.1341804414987564;0.13650751113891602;0.12124406546354294;0.13415661454200745;0.1276465803384781;0.13805359601974487;0.13989481329917908;0.13479231297969818;0.13894617557525635;0.13795599341392517;0.1387234926223755;0.12409497052431107;0.13507671654224396;0.13576973974704742;0.12525896728038788;0.14025649428367615,256,0,0,"{'solver_error': 0, 'short_solution': 0, 'duplicate': 0, 'goal_error': 0, 'invalid_state': 19}",0.019572173357009892,inf,0.9936687467958407,filtered,171,2,4,3,215,1,1,2,1.0,0.0,0.20432542264461517,0.0,1.0,1.1171729044481826e-05,0,1,0,0,0.1164433456925924,0.0,filtered,osqp optimal,0.20303351949523923,0,1,12,predictive_link_4,predictive_link_4,,,0,0,1,solved,osqp,0.0,valid,1.1171729044481826e-05,1.0975747780747414,0|0.00185316351|0.00132366215|0.001264427|0.000210264204|0.000210264204,,,,,,,,,,0.009031826979480684,0.0026161900022998452,0.0012352810008451343,0.0018049810314550996
236,11.850000000000001,-2.0681942276591325,0.5149021148681641,0.06557125598192215,0.1848921775817871,0.3060992360115051,1.0,4,0,0,0,0,0,0,,0,0,,-1,-1,nan,not_applicable,,,nan,0,0.022223904728889465,0.0003075234417337924,9.828559996094555e-05,0.20432257652282715,0.20432257652282715,0.06557200039518452,0.06557125598192215,7.444132623657396e-07,0.14770542032159667,0.00021073444814439957,0.1477009374160292,1.5208511731791511e-05,0.1476857289042974,0.14770093596362313,0,0,disabled,0.0,1,SERVO,direct_path,0,1.020902824937366,4.095793275977485,46,1,1,1,29,1.5099686265474166,0.1395721733570099,8.770709554708135e-05;0.0012075064632565823;0.001002045595193055;0.0004947495639298622;0.0029191319617776225;0.004687752307886327;0.0021986294280441393;0.007081388076490479;0.006361944035854222;0.0036740317157455495;0.006308050633232968;0.0048628460417016435;0.005157864627197516;0.0035083163354709223;0.00297567958352632;0.009165382230222119;0.003680303890197841;0.0028622156503248543;0.00643246594934489;0.002294977627307809;0.006904895741739889;0.00762442890223786;0.003450596360112283;0.0026666093906092506;0.0014808383770206178;0.004465937403331517;0.002204767434314907;0.006962396759292367;0.010301128510928327;0.003675045806114605;0.0033170432572286013;0.0012754373312521333;0.004069275100035187;0.0034737459467406853;0.015448545043067832;0.0029684132122593312;0.0040871303604292225;0.0057764255865132;0.0039005979840348107;0.0023792967281652776;0.0031816265038875045;0.005302191166000053;0.0021886603739246532;0.0018936746264764518;0.0030944249628086337;0.006389424759657725,0.13641145825386047;0.13556939363479614;0.1371055543422699;0.13672222197055817;0.13421006500720978;0.13433951139450073;0.135472372174263;0.14121320843696594;0.12227397412061691;0.13391190767288208;0.13966768980026245;0.14038002490997314;0.14061644673347473;0.13585875928401947;0.13525931537151337;0.14334294199943542;0.13614915311336517;0.13599611818790436;0.13317370414733887;0.12275157123804092;0.12700004875659943;0.1427791714668274;0.1347721517086029;0.13449157774448395;0.13668572902679443;0.1320144385099411;0.13849210739135742;0.13084696233272552;0.12943971157073975;0.1395721733570099;0.1341804414987564;0.13650751113891602;0.12124406546354294;0.13415661454200745;0.1276465803384781;0.13805359601974487;0.13989481329917908;0.13479231297969818;0.13894617557525635;0.13795599341392517;0.1387234926223755;0.12409497052431107;0.13507671654224396;0.13576973974704742;0.12525896728038788;0.14025649428367615,256,0,0,"{'solver_error': 0, 'short_solution': 0, 'duplicate': 0, 'goal_error': 0, 'invalid_state': 19}",0.019572173357009892,inf,0.9936772275683826,filtered,172,2,4,3,216,1,1,2,1.0,0.0,0.20432257652282715,0.0,1.0,1.1193245365040405e-05,0,1,0,0,0.1164433456925924,0.0,filtered,osqp optimal,0.20303215120452536,0,1,12,predictive_link_4,predictive_link_4,,,0,0,1,solved,osqp,0.0,valid,1.1193245365040405e-05,1.097529729309975,3.81435438e-20|0.00185255243|0.0013230362|0.00126333828|0.00021014447|0.00021014447,,,,,,,,,,0.010374829056672752,0.003527565044350922,0.0012539559975266457,0.0023999810218811035
237,11.9,-2.0681939648214076,0.5149022340774536,0.06557048112154007,0.18488991260528564,0.306104838848114,1.0,4,0,0,0,0,0,0,,0,0,,-1,-1,nan,not_applicable,,,nan,0,0.02220878005027771,0.0003074097039643675,3.813485091086477e-05,0.20431974530220032,0.20431974530220032,0.06557125578915941,0.06557048112154007,7.746676193437496e-07,0.1477037525035436,0.00021062357729750142,0.14769926903635835,1.5381327845103703e-05,0.14768388770851326,0.14769926860216026,0,0,disabled,0.0,1,SERVO,direct_path,0,1.020902824937366,4.095793275977485,46,1,1,1,29,1.5099686265474166,0.1395721733570099,8.770709554708135e-05;0.0012075064632565823;0.001002045595193055;0.0004947495639298622;0.0029191319617776225;0.004687752307886327;0.0021986294280441393;0.007081388076490479;0.006361944035854222;0.0036740317157455495;0.006308050633232968;0.0048628460417016435;0.005157864627197516;0.0035083163354709223;0.00297567958352632;0.009165382230222119;0.003680303890197841;0.0028622156503248543;0.00643246594934489;0.002294977627307809;0.006904895741739889;0.00762442890223786;0.003450596360112283;0.0026666093906092506;0.0014808383770206178;0.004465937403331517;0.002204767434314907;0.006962396759292367;0.010301128510928327;0.003675045806114605;0.0033170432572286013;0.0012754373312521333;0.004069275100035187;0.0034737459467406853;0.015448545043067832;0.0029684132122593312;0.0040871303604292225;0.0057764255865132;0.0039005979840348107;0.0023792967281652776;0.0031816265038875045;0.005302191166000053;0.0021886603739246532;0.0018936746264764518;0.0030944249628086337;0.006389424759657725,0.13641145825386047;0.13556939363479614;0.1371055543422699;0.13672222197055817;0.13421006500720978;0.13433951139450073;0.135472372174263;0.14121320843696594;0.12227397412061691;0.13391190767288208;0.13966768980026245;0.14038002490997314;0.14061644673347473;0.13585875928401947;0.13525931537151337;0.14334294199943542;0.13614915311336517;0.13599611818790436;0.13317370414733887;0.12275157123804092;0.12700004875659943;0.1427791714668274;0.1347721517086029;0.13449157774448395;0.13668572902679443;0.1320144385099411;0.13849210739135742;0.13084696233272552;0.12943971157073975;0.1395721733570099;0.1341804414987564;0.13650751113891602;0.12124406546354294;0.13415661454200745;0.1276465803384781;0.13805359601974487;0.13989481329917908;0.13479231297969818;0.13894617557525635;0.13795599341392517;0.1387234926223755;0.12409497052431107;0.13507671654224396;0.13576973974704742;0.12525896728038788;0.14025649428367615,256,0,0,"{'solver_error': 0, 'short_solution': 0, 'duplicate': 0, 'goal_error': 0, 'invalid_state': 19}",0.019572173357009892,inf,0.9936843723280006,filtered,173,2,4,3,217,1,1,2,1.0,0.0,0.20431974530220032,0.0,1.0,1.1228524810655283e-05,0,1,0,0,0.1164433456925924,0.0,filtered,osqp optimal,0.20303072835378078,0,1,12,predictive_link_4,predictive_link_4,,,0,0,1,solved,osqp,0.0,valid,1.1228524810655283e-05,1.0974841993940836,0|0.00185193317|0.00132236623|0.00126217034|0.000210021071|0.000210021071,,,,,,,,,,0.011535345111042261,0.003949059988372028,0.001236157026141882,0.0017885169945657253
238,11.950000000000001,-2.0681950211047604,0.5149024128913879,0.06556973606348038,0.18488764762878418,0.30611053109169006,1.0,4,0,0,0,0,0,0,,0,0,,-1,-1,nan,not_applicable,,,nan,0,0.0221936646848917,0.00030682605574838817,0.0001352255785604939,0.2043168842792511,0.2043168842792511,0.06557047919063602,0.06556973606348038,7.431271556446184e-07,0.14770201620912982,0.00021049762994104066,0.14769753214787892,1.5321202175776017e-05,0.14768221094570314,0.14769752779851686,0,0,disabled,0.0,1,SERVO,direct_path,0,1.020902824937366,4.095793275977485,46,1,1,1,29,1.5099686265474166,0.1395721733570099,8.770709554708135e-05;0.0012075064632565823;0.001002045595193055;0.0004947495639298622;0.0029191319617776225;0.004687752307886327;0.0021986294280441393;0.007081388076490479;0.006361944035854222;0.0036740317157455495;0.006308050633232968;0.0048628460417016435;0.005157864627197516;0.0035083163354709223;0.00297567958352632;0.009165382230222119;0.003680303890197841;0.0028622156503248543;0.00643246594934489;0.002294977627307809;0.006904895741739889;0.00762442890223786;0.003450596360112283;0.0026666093906092506;0.0014808383770206178;0.004465937403331517;0.002204767434314907;0.006962396759292367;0.010301128510928327;0.003675045806114605;0.0033170432572286013;0.0012754373312521333;0.004069275100035187;0.0034737459467406853;0.015448545043067832;0.0029684132122593312;0.0040871303604292225;0.0057764255865132;0.0039005979840348107;0.0023792967281652776;0.0031816265038875045;0.005302191166000053;0.0021886603739246532;0.0018936746264764518;0.0030944249628086337;0.006389424759657725,0.13641145825386047;0.13556939363479614;0.1371055543422699;0.13672222197055817;0.13421006500720978;0.13433951139450073;0.135472372174263;0.14121320843696594;0.12227397412061691;0.13391190767288208;0.13966768980026245;0.14038002490997314;0.14061644673347473;0.13585875928401947;0.13525931537151337;0.14334294199943542;0.13614915311336517;0.13599611818790436;0.13317370414733887;0.12275157123804092;0.12700004875659943;0.1427791714668274;0.1347721517086029;0.13449157774448395;0.13668572902679443;0.1320144385099411;0.13849210739135742;0.13084696233272552;0.12943971157073975;0.1395721733570099;0.1341804414987564;0.13650751113891602;0.12124406546354294;0.13415661454200745;0.1276465803384781;0.13805359601974487;0.13989481329917908;0.13479231297969818;0.13894617557525635;0.13795599341392517;0.1387234926223755;0.12409497052431107;0.13507671654224396;0.13576973974704742;0.12525896728038788;0.14025649428367615,256,0,0,"{'solver_error': 0, 'short_solution': 0, 'duplicate': 0, 'goal_error': 0, 'invalid_state': 19}",0.019572173357009892,inf,0.9936911777835616,filtered,174,2,4,3,218,1,1,2,1.0,0.0,0.2043168842792511,0.0,1.0,1.1223840109139682e-05,0,1,0,0,0.1164433456925924,0.0,filtered,osqp optimal,0.2030295197513721,0,0,12,,predictive_link_4,,,0,0,1,solved,osqp,0.0,valid,1.1223840109139682e-05,1.0974388978878062,1.98824518e-20|0.00185131873|0.00132168969|0.00126097831|0.000209909159|0.000209909159,,,,,,,,,,0.00873227696865797,0.002528645913116634,0.0012580029433593154,0.001723592053167522
239,12.0,-2.0681919658922934,0.5149019360542297,0.0655689388513565,0.1848854124546051,0.30611565709114075,1.0,4,0,0,0,0,0,0,,0,0,,-1,-1,nan,not_applicable,,,nan,0,0.02217855677008629,0.0003068921505473554,4.434213042259216e-05,0.20431402325630188,0.20431402325630188,0.06556973792815077,0.0655689388513565,7.990767942611665e-07,0.14770035500439682,0.00021040668756881517,0.14769587037442927,1.5271173459520947e-05,0.14768059920096976,0.14769587457460046,0,0,disabled,0.0,1,SERVO,direct_path,0,1.020902824937366,4.095793275977485,46,1,1,1,29,1.5099686265474166,0.1395721733570099,8.770709554708135e-05;0.0012075064632565823;0.001002045595193055;0.0004947495639298622;0.0029191319617776225;0.004687752307886327;0.0021986294280441393;0.007081388076490479;0.006361944035854222;0.0036740317157455495;0.006308050633232968;0.0048628460417016435;0.005157864627197516;0.0035083163354709223;0.00297567958352632;0.009165382230222119;0.003680303890197841;0.0028622156503248543;0.00643246594934489;0.002294977627307809;0.006904895741739889;0.00762442890223786;0.003450596360112283;0.0026666093906092506;0.0014808383770206178;0.004465937403331517;0.002204767434314907;0.006962396759292367;0.010301128510928327;0.003675045806114605;0.0033170432572286013;0.0012754373312521333;0.004069275100035187;0.0034737459467406853;0.015448545043067832;0.0029684132122593312;0.0040871303604292225;0.0057764255865132;0.0039005979840348107;0.0023792967281652776;0.0031816265038875045;0.005302191166000053;0.0021886603739246532;0.0018936746264764518;0.0030944249628086337;0.006389424759657725,0.13641145825386047;0.13556939363479614;0.1371055543422699;0.13672222197055817;0.13421006500720978;0.13433951139450073;0.135472372174263;0.14121320843696594;0.12227397412061691;0.13391190767288208;0.13966768980026245;0.14038002490997314;0.14061644673347473;0.13585875928401947;0.13525931537151337;0.14334294199943542;0.13614915311336517;0.13599611818790436;0.13317370414733887;0.12275157123804092;0.12700004875659943;0.1427791714668274;0.1347721517086029;0.13449157774448395;0.13668572902679443;0.1320144385099411;0.13849210739135742;0.13084696233272552;0.12943971157073975;0.1395721733570099;0.1341804414987564;0.13650751113891602;0.12124406546354294;0.13415661454200745;0.1276465803384781;0.13805359601974487;0.13989481329917908;0.13479231297969818;0.13894617557525635;0.13795599341392517;0.1387234926223755;0.12409497052431107;0.13507671654224396;0.13576973974704742;0.12525896728038788;0.14025649428367615,256,0,0,"{'solver_error': 0, 'short_solution': 0, 'duplicate': 0, 'goal_error': 0, 'invalid_state': 19}",0.019572173357009892,inf,0.9936991769798159,filtered,175,2,4,3,219,1,1,2,1.0,0.0,0.20431402325630188,0.0,1.0,1.1217144255212808e-05,0,1,0,0,0.1164433456925924,0.0,filtered,osqp optimal,0.2030283544779548,0,0,12,,predictive_link_4,,,0,0,1,solved,osqp,0.0,valid,1.1217144255212808e-05,1.0973935139362474,1.18475346e-21|0.00185066894|0.00132103475|0.00125986599|0.000209791386|0.000209791386,,,,,,,,,,0.009857030003331602,0.003156877006404102,0.0012854220112785697,0.0016540100332349539
