step,time,reward,cost,goal_error_norm,d_min,risk_global,beta,closest_link,safety_violation,collision,collision_capsule_overlap,collision_pybullet_contact,collision_contact_link_indices,collision_contact_link_names,collision_min_contact_distance,success,qdot_norm,acc_norm,jerk_norm,qdot_requested_norm,risk_speed_scale,risk_speed_h_min_m,recovery_active,recovery_triggered,recovery_success,recovery_initially_unsafe,recovery_initial_h_min_m,recovery_command_norm,safety_filter_status,safety_filter_intervention_norm,safety_filter_safe_stop,safety_filter_active_constraints,safety_filter_constraint_count,safety_filter_active_constraint_categories,safety_filter_max_constraint_category,safety_filter_projection_iterations,safety_filter_fallback_used,safety_filter_qp_solver_used,safety_filter_qp_solver_status,safety_filter_fallback_stage,safety_filter_max_constraint_violation,predictive_risk_status,predictive_h_min_m,predictive_h_by_link_m,predictive_distance_by_link_m,predictive_robust_distance_by_link_m,predictive_time_by_link_s,safety_jacobian_command_by_link_mps,safety_drift_by_link_mps,safety_constraint_residual_by_link_mps,filter_obstacle_position_m,filter_obstacle_velocity_mps,safety_filter_solve_time_s,safety_filter_predictive_risk_time_s,safety_filter_jacobian_workspace_time_s,safety_filter_projection_time_s
0,0.05,-0.5130595630614152,0.31790217757225037,0.416628360748291,0.25088873505592346,0.28452855348587036,0.35,2,0,0,0,0,,,nan,0,0.4119930863380432,8.239861488342285,164.79722595214844,0.4660041034221649,1.0,nan,0,0,0,0,0.08397851725609543,0.0,filtered,0.06357663867738733,0,0,12,,predictive_link_2,0,0,1,solved,osqp,0.0,valid,0.08397851725609543,0.341704979|0.168583644|0.0839785173|0.31168812|0.337014808|0.362591584,0.491704979|0.318583644|0.233978517|0.46168812|0.487014808|0.512591584,0.461704979|0.288583644|0.203978517|0.43168812|0.457014808|0.482591584,0.15|0.15|0.15|0.15|0.15|0.15,0|0|0.0205224672|-0.0950239237|-0.108733436|-0.138819045,-0.141763659|-0.0697988807|-0.145395639|-0.19515186|-0.177021108|-0.18995976,1.22505626|0.604535697|0.211040898|0.956576697|1.06230469|1.12158753,0.451916635|-0.443472445|0.369455487,-0.0220312644|0.197880462|0.01308103,0.007542251609265804,0.0019626179710030556,0.0021247174590826035,0.0034006433561444283
1,0.1,-0.30955300101717625,0.27514174580574036,0.4005361795425415,0.2471294105052948,0.2641541659832001,0.35,2,0,0,0,0,,,nan,0,0.6725479364395142,5.66749906539917,87.41498565673828,0.6725475788116455,1.0,nan,0,0,0,0,0.08397851725609543,0.0,filtered,6.902321986185844e-07,0,0,12,,predictive_link_2,0,0,1,solved,osqp,0.0,valid,0.07914307169175036,0.334582121|0.167324821|0.0791430717|0.297588357|0.322857537|0.346353445,0.484582121|0.317324821|0.229143072|0.447588357|0.472857537|0.496353445,0.454582121|0.287324821|0.199143072|0.417588357|0.442857537|0.466353445,0.15|0.15|0.15|0.15|0.15|0.15,0|0|0.0223065283|-0.175258742|-0.187621723|-0.241086053,-0.14023358|-0.0658538783|-0.141252679|-0.194612249|-0.176136095|-0.189863765,1.1980949|0.603445406|0.197626136|0.820482437|0.92767233|0.95446396,0.450815141|-0.433578312|0.370109588,-0.0220312644|0.197880462|0.01308103,0.0068107666447758675,0.002085956744849682,0.0021264618262648582,0.002556031569838524
2,0.15000000000000002,-0.24024223641892717,0.31893932819366455,0.3800102472305298,0.24623271822929382,0.3121740520000458,0.35,2,0,0,0,0,,,nan,0,0.8809494972229004,4.420536041259766,48.16630554199219,0.8809490203857422,1.0,nan,0,0,0,0,0.08397851725609543,0.0,filtered,1.0712980841348138e-06,0,0,12,,predictive_link_2,0,0,1,solved,osqp,0.0,valid,0.0761630830119597,0.327467276|0.168221678|0.076163083|0.279560369|0.304304852|0.324946562,0.477467276|0.318221678|0.226163083|0.429560369|0.454304852|0.474946562,0.447467276|0.288221678|0.196163083|0.399560369|0.424304852|0.444946562,0.15|0.15|0.15|0.15|0.15|0.15,0|0|0.058605671|-0.221683392|-0.244342156|-0.313333195,-0.138667442|-0.0615895877|-0.135732737|-0.193650085|-0.17582602|-0.189719778,1.17120166|0.611297123|0.227525267|0.702907998|0.797051233|0.796733276,0.449713647|-0.42368418|0.370763689,-0.0220312644|0.197880462|0.01308103,0.006582525558769703,0.0019259816035628319,0.0022046081721782684,0.0024086805060505867
3,0.2,-0.20299283434231255,0.34712308645248413,0.3577132225036621,0.24826648831367493,0.3386886715888977,0.35,2,0,0,0,0,,,nan,0,1.0274577140808105,3.6037395000457764,39.25774383544922,1.0274569988250732,1.0,nan,0,0,0,0,0.08397851725609543,0.0,filtered,1.2739354747208237e-06,0,0,12,,predictive_link_2,0,0,1,solved,osqp,0.0,valid,0.07623874520074234,0.320384529|0.170707805|0.0762387452|0.259197337|0.282762224|0.299948165,0.470384529|0.320707805|0.226238745|0.409197337|0.432762224|0.449948165,0.440384529|0.290707805|0.196238745|0.379197337|0.402762224|0.419948165,0.15|0.15|0.15|0.15|0.15|0.15,0|0|0.102157494|-0.233757452|-0.268739852|-0.345611369,-0.137057107|-0.0571957604|-0.128898364|-0.192243308|-0.176530239|-0.189678848,1.14448101|0.625635461|0.278214111|0.610788587|0.685778804|0.664502444,0.448612154|-0.413790047|0.371417791,-0.0220312644|0.197880462|0.01308103,0.006716013886034489,0.0020807282999157906,0.002189045771956444,0.0024056239053606987
4,0.25,-0.2151793755564043,0.3642731010913849,0.3367932438850403,0.2527993619441986,0.35375165939331055,0.35,2,0,0,0,0,,,nan,0,1.1124069690704346,2.462744951248169,68.08822631835938,1.1124062538146973,1.0,nan,0,0,0,0,0.08397851725609543,0.0,filtered,1.3014804880607434e-06,0,0,12,,predictive_link_2,0,0,1,solved,osqp,0.0,valid,0.07936569802859753,0.313358812|0.174146177|0.079365698|0.23827259|0.260214953|0.273517042,0.463358812|0.324146177|0.229365698|0.38827259|0.410214953|0.423517042,0.433358812|0.294146177|0.199365698|0.35827259|0.380214953|0.393517042,0.15|0.15|0.15|0.15|0.15|0.15,0|0|0.14277464|-0.222181601|-0.272726881|-0.349329722,-0.135394869|-0.0528278213|-0.121273067|-0.190354385|-0.177814198|-0.189713902,1.11804038|0.643756888|0.338964365|0.540554372|0.590318734|0.555024543,0.44751066|-0.403895915|0.372071892,-0.0220312644|0.197880462|0.01308103,0.006002546288073063,0.0019933776929974556,0.0018867934122681618,0.0020823460072278976
5,0.30000000000000004,-0.28011441663990133,0.34757769107818604,0.32152262330055237,0.2587619125843048,0.33482226729393005,0.35,2,0,0,0,0,,,nan,0,1.1247375011444092,2.557931900024414,49.722537994384766,1.1247375011444092,1.0,nan,0,0,0,0,0.08397851725609543,0.0,passthrough,5.494443108987063e-12,0,0,12,,predictive_link_2,0,0,1,solved,osqp,0.0,valid,0.08503652535199266,0.306408337|0.17808052|0.0850365254|0.218047989|0.237735129|0.24703616,0.456408337|0.32808052|0.235036525|0.368047989|0.387735129|0.39703616,0.426408337|0.29808052|0.205036525|0.338047989|0.357735129|0.36703616,0.15|0.15|0.15|0.15|0.15|0.15,0|0|0.182846067|-0.151521154|-0.211095726|-0.280550549,-0.133675293|-0.0485673517|-0.113395318|-0.187854079|-0.179682525|-0.189783589,1.09195805|0.663754727|0.40959685|0.532816724|0.560162267|0.517810502,0.446409166|-0.394001782|0.372725993,-0.0220312644|0.197880462|0.01308103,0.005946513265371323,0.0018907049670815468,0.0017664283514022827,0.002249934710562229
6,0.35000000000000003,-0.37754426610394837,0.2944352626800537,0.3150080740451813,0.26397284865379333,0.2797473967075348,0.35,2,0,0,0,0,,,nan,0,1.069226861000061,4.371174335479736,54.338714599609375,1.0643547773361206,1.0,nan,0,0,0,0,0.08397851725609543,0.0,filtered,0.02598427184899187,0,0,12,,predictive_link_2,0,0,1,solved,osqp,0.0,valid,0.09207502375438273,0.299585889|0.181187524|0.0920750238|0.201595035|0.218283272|0.223980761,0.449585889|0.331187524|0.242075024|0.351595035|0.368283272|0.373980761,0.419585889|0.301187524|0.212075024|0.321595035|0.338283272|0.343980761,0.15|0.15|0.15|0.15|0.15|0.15,0|0|0.196404254|-0.0363905768|-0.0938334777|-0.151509986,-0.131887529|-0.0445009458|-0.105997354|-0.184973764|-0.182232312|-0.189852392,1.06645603|0.68024915|0.458706995|0.585015799|0.597067298|0.554560668,0.445307672|-0.384107649|0.373380095,-0.0220312644|0.197880462|0.01308103,0.004237704910337925,0.0013638129457831383,0.001207658089697361,0.0016401680186390877
7,0.4,-0.4506217433219616,0.2280752956867218,0.31606659293174744,0.2657220959663391,0.2119729220867157,0.35,2,0,0,0,0,,,nan,0,1.0022369623184204,6.080235004425049,64.07658386230469,1.002235770225525,1.0,nan,0,0,0,0,0.08397851725609543,0.0,filtered,1.4985731932225107e-06,0,0,12,,predictive_link_2,0,0,1,solved,osqp,0.0,valid,0.09821254810522032,0.292939386|0.182272641|0.0982125481|0.191293566|0.204183755|0.207050848,0.442939386|0.332272641|0.248212548|0.341293566|0.354183755|0.357050848,0.412939386|0.302272641|0.218212548|0.311293566|0.324183755|0.327050848,0.15|0.15|0.15|0.15|0.15|0.15,0|0|0.153359653|0.0703353626|0.029990655|-0.0277598778,-0.130023222|-0.0406121304|-0.0996494943|-0.18286198|-0.182976564|-0.189829361,1.04173432|0.688478435|0.446560351|0.652647647|0.663749111|0.610614153,0.444206178|-0.374213517|0.374034196,-0.0220312644|0.197880462|0.01308103,0.004447003826498985,0.0011031962931156158,0.001176103949546814,0.002141210250556469
8,0.45,-0.48276736842952345,0.19672513008117676,0.3204845190048218,0.26527512073516846,0.1794617623090744,0.35,2,0,0,0,0,,,nan,0,0.9611716270446777,3.3149890899658203,65.40855407714844,0.9611708521842957,1.0,nan,0,0,0,0,0.08397851725609543,0.0,filtered,1.1203883629210905e-06,0,0,12,,predictive_link_2,0,0,1,solved,osqp,0.0,valid,0.10070360102377349,0.286477541|0.181088116|0.100703601|0.186551127|0.196013622|0.195903106,0.436477541|0.331088116|0.250703601|0.336551127|0.346013622|0.345903106,0.406477541|0.301088116|0.220703601|0.306551127|0.316013622|0.315903106,0.15|0.15|0.15|0.15|0.15|0.15,0|0|0.119402243|0.114259073|0.0859703508|0.0256976693,-0.128080951|-0.036811347|-0.0945477344|-0.181333683|-0.182301935|-0.189598855,1.01782921|0.687541119|0.427668912|0.679129897|0.687722903|0.619711236,0.443104684|-0.364319384|0.374688298,-0.0220312644|0.197880462|0.01308103,0.006480810232460499,0.001958693377673626,0.002074332907795906,0.0024023186415433884
9,0.5,-0.49683412291154155,0.25070124864578247,0.3224775195121765,0.2654334008693695,0.2318686991930008,0.35,2,0,0,0,0,,,nan,0,0.8389382362365723,4.770077705383301,133.0853271484375,0.8389375805854797,1.0,nan,0,0,0,0,0.08397851725609543,0.0,filtered,9.158973216956845e-07,0,0,12,,predictive_link_2,0,0,1,solved,osqp,0.0,valid,0.10091406377833281,0.28015561|0.178931043|0.100914064|0.183944152|0.190381764|0.187332606,0.43015561|0.328931043|0.250914064|0.333944152|0.340381764|0.337332606,0.40015561|0.298931043|0.220914064|0.303944152|0.310381764|0.307332606,0.15|0.15|0.15|0.15|0.15|0.15,0|0|0.106673831|0.0607905921|0.0318943574|-0.0262464126,-0.12606758|-0.0330039404|-0.0900071135|-0.179787242|-0.181525824|-0.189177844,0.994554859|0.68272023|0.420322973|0.616779959|0.61189559|0.533906169,0.442003191|-0.354425251|0.375342399,-0.0220312644|0.197880462|0.01308103,0.0059042321518063545,0.001917341724038124,0.0016563907265663147,0.0022924719378352165
10,0.55,-0.47301551028163913,0.3217141926288605,0.31938058137893677,0.26502731442451477,0.3006235361099243,0.35,2,0,0,0,0,,,nan,0,0.7476273775100708,5.512070655822754,45.09202194213867,0.7476273775100708,1.0,nan,0,0,0,0,0.08397851725609543,0.0,passthrough,5.69024768149345e-12,0,0,12,,predictive_link_2,0,0,1,solved,osqp,0.0,valid,0.10177977326342083,0.273883752|0.178247187|0.101779773|0.178617354|0.182202475|0.176451969,0.423883752|0.328247187|0.251779773|0.328617354|0.332202475|0.326451969,0.393883752|0.298247187|0.221779773|0.298617354|0.302202475|0.296451969,0.15|0.15|0.15|0.15|0.15|0.15,0|0|0.057722694|-0.0181447185|-0.0470353214|-0.101833204,-0.12399727|-0.0291280884|-0.0851391008|-0.177865741|-0.180239674|-0.18832734,0.971537737|0.68386066|0.379702686|0.518458957|0.501534903|0.415647331,0.440901697|-0.344531119|0.3759965,-0.0220312644|0.197880462|0.01308103,0.00588047131896019,0.0020106472074985504,0.0016822312027215958,0.0021450193598866463
11,0.6000000000000001,-0.46836291471947455,0.3672453463077545,0.31396040320396423,0.2652873396873474,0.3433263599872589,0.35,2,0,0,0,0,,,nan,0,0.7037747502326965,3.9223792552948,70.0336685180664,0.7037742733955383,1.0,nan,0,0,0,0,0.08397851725609543,0.0,filtered,6.196608162518898e-07,0,0,12,,predictive_link_5,0,0,1,solved,osqp,0.0,valid,0.10210844587938447,0.267642919|0.179443658|0.102108446|0.169227399|0.170354158|0.162112497,0.417642919|0.329443658|0.252108446|0.319227399|0.320354158|0.312112497,0.387642919|0.299443658|0.222108446|0.289227399|0.290354158|0.282112497,0.15|0.15|0.15|0.15|0.15|0.15,0|0|0.0475714301|-0.062466153|-0.0966888806|-0.145813948,-0.121871581|-0.0252188081|-0.0800832401|-0.175418701|-0.1782018|-0.186889604,0.948700096|0.692555824|0.375921974|0.439024743|0.40652595|0.315746437,0.439800203|-0.334636986|0.376650602,-0.0220312644|0.197880462|0.01308103,0.006246360018849373,0.0020418111234903336,0.002037258818745613,0.0021259943023324013
12,0.65,-0.47572031755248995,0.39765557646751404,0.3077419698238373,0.26526138186454773,0.3704933822154999,0.35,2,0,0,0,0,,,nan,0,0.6828962564468384,2.4213671684265137,50.25325393676758,0.6828961968421936,1.0,nan,0,0,0,0,0.08397851725609543,0.0,filtered,4.5287403971744176e-08,0,0,12,,predictive_link_5,0,0,1,solved,osqp,0.0,valid,0.10314095341254251,0.261454674|0.182118718|0.103140953|0.1576223|0.15638018|0.145991929,0.411454674|0.332118718|0.253140953|0.3076223|0.30638018|0.295991929,0.381454674|0.302118718|0.223140953|0.2776223|0.27638018|0.265991929,0.15|0.15|0.15|0.15|0.15|0.15,0|0|0.0291479388|-0.0776139111|-0.112294721|-0.159805407,-0.119684673|-0.0213438606|-0.0747888104|-0.172383208|-0.175505415|-0.184950161,0.926134021|0.707131011|0.366922942|0.380492082|0.337720585|0.239212147,0.438698709|-0.324742854|0.377304703,-0.0220312644|0.197880462|0.01308103,0.0037536025047302246,0.0010563870891928673,0.0011385828256607056,0.0015327474102377892
13,0.7000000000000001,-0.48740913474545616,0.4222400188446045,0.3012559115886688,0.26440635323524475,0.39150819182395935,0.35,2,0,0,0,0,,,nan,0,0.6294808983802795,2.0196919441223145,38.935508728027344,0.6294808983802795,1.0,nan,0,0,0,0,0.08397851725609543,0.0,passthrough,1.0324156343829404e-09,0,0,12,,predictive_link_5,0,0,1,solved,osqp,0.0,valid,0.10388465823371282,0.255357673|0.1851799|0.103884658|0.145304662|0.141829688|0.129509074,0.405357673|0.3351799|0.253884658|0.295304662|0.291829688|0.279509074,0.375357673|0.3051799|0.223884658|0.265304662|0.261829688|0.249509074,0.15|0.15|0.15|0.15|0.15|0.15,0|0|0.00912606195|-0.0820494191|-0.110745374|-0.155877649,-0.117428321|-0.0224642945|-0.069519706|-0.168966152|-0.172352466|-0.182640857,0.904002369|0.718255307|0.355144989|0.330203076|0.284220911|0.179517791,0.437597215|-0.314848721|0.377958804,-0.0220312644|0.197880462|0.01308103,0.004053989425301552,0.0011550309136509895,0.0012046443298459053,0.001667337492108345
14,0.75,-0.49137331207176543,0.45016661286354065,0.2939108610153198,0.2624545395374298,0.41549795866012573,0.35,2,0,0,0,0,,,nan,0,0.5866109728813171,2.550335168838501,28.279211044311523,0.5866109728813171,1.0,nan,0,0,0,0,0.08397851725609543,0.0,passthrough,1.0426928506126895e-09,0,0,12,,predictive_link_5,0,0,1,solved,osqp,0.0,valid,0.1037798376295603,0.249382988|0.187556058|0.103779838|0.132820508|0.127471393|0.11337308,0.399382988|0.337556058|0.253779838|0.282820508|0.277471393|0.26337308,0.369382988|0.307556058|0.223779838|0.252820508|0.247471393|0.23337308,0.15|0.15|0.15|0.15|0.15|0.15,0|0|-0.0144132329|-0.0903123485|-0.109048089|-0.151649683,-0.115096488|-0.0252459824|-0.0643803902|-0.165507039|-0.169030539|-0.180175228,0.882435463|0.724978249|0.336325728|0.275462645|0.231806943|0.121667408,0.436495721|-0.304954588|0.378612906,-0.0220312644|0.197880462|0.01308103,0.0046652499586343765,0.0013832971453666687,0.0018112827092409134,0.0014475779607892036
15,0.8,-0.4931043840717439,0.4954049587249756,0.284740686416626,0.2572980225086212,0.4560953676700592,0.35,5,0,0,0,0,,,nan,0,0.5861119627952576,2.465869188308716,28.37556266784668,0.5861119627952576,1.0,nan,0,0,0,0,0.08397851725609543,0.0,passthrough,1.020644692529545e-09,0,0,12,,predictive_link_5,0,0,1,solved,osqp,0.0,valid,0.09751502704916062,0.243540836|0.189149378|0.102562083|0.120022771|0.113314976|0.097515027,0.393540836|0.339149378|0.252562083|0.270022771|0.263314976|0.247515027,0.363540836|0.309149378|0.222562083|0.240022771|0.233314976|0.217515027,0.15|0.15|0.15|0.15|0.15|0.15,0|0|-0.0325201605|-0.117409435|-0.131212906|-0.170760459,-0.11268685|-0.0277156703|-0.0593424758|-0.162118709|-0.16559175|-0.177594114,0.861476492|0.728881843|0.318385694|0.200562941|0.156455248|0.0417055348,0.435394228|-0.295060456|0.379267007,-0.0220312644|0.197880462|0.01308103,0.004575204104185104,0.001179216429591179,0.001824880950152874,0.001543065533041954
16,0.8500000000000001,-0.5078127485169115,0.5212154388427734,0.27552905678749084,0.2412853240966797,0.477136492729187,0.35,5,0,0,0,0,,,nan,0,0.5344336628913879,2.3960816860198975,40.37976837158203,0.5698222517967224,1.0,nan,0,0,0,0,0.08397851725609543,0.0,filtered,0.06309137881408373,0,0,12,,predictive_link_5,0,0,1,solved,osqp,9.231616799054709e-07,valid,0.08082394532057088,0.237806274|0.190572818|0.100891635|0.105980734|0.0983094931|0.0808239453,0.387806274|0.340572818|0.250891635|0.255980734|0.248309493|0.230823945,0.357806274|0.310572818|0.220891635|0.225980734|0.218309493|0.200823945,0.15|0.15|0.15|0.15|0.15|0.15,0|0|-0.0485192603|-0.110964396|-0.115773442|-0.148663477,-0.110201628|-0.0303767943|-0.0588250426|-0.158446757|-0.161683005|-0.174633221,0.841023469|0.731914479|0.296222236|0.154511782|0.115781525|-9.16644775e-07,0.434292734|-0.285166323|0.379921108,-0.0220312644|0.197880462|0.01308103,0.004810754209756851,0.001520470716059208,0.0015961742028594017,0.0016694655641913414
17,0.9,-0.516536321805968,0.5208424925804138,0.26724061369895935,0.22829878330230713,0.4726715683937073,0.35,5,0,0,0,0,,,nan,0,0.5059685111045837,4.528480529785156,58.94927978515625,0.5603916049003601,1.0,nan,0,0,0,0,0.08397851725609543,0.0,filtered,0.12578507419637638,0,1,12,predictive_link_5,predictive_link_5,0,0,1,solved,osqp,6.169892624585671e-09,valid,0.06525746801844476,0.232215526|0.191261134|0.0978020537|0.0925084313|0.0843703526|0.065257468,0.382215526|0.341261134|0.247802054|0.242508431|0.234370353|0.215257468,0.352215526|0.311261134|0.217802054|0.212508431|0.204370353|0.185257468,0.15|0.15|0.15|0.15|0.15|0.15,0|0|-0.0681539523|-0.0818757972|-0.0693277745|-0.0896923335,-0.107635287|-0.0326806413|-0.0613729197|-0.154594193|-0.157439664|-0.171337547,0.821226818|0.732363895|0.261681343|0.133563735|0.110713972|-8.19651985e-09,0.43319124|-0.275272191|0.38057521,-0.0220312644|0.197880462|0.01308103,0.004410373046994209,0.0010457653552293777,0.0011985749006271362,0.002141205593943596
18,0.9500000000000001,-0.5074828660808646,0.5164230465888977,0.259090781211853,0.21791747212409973,0.46481046080589294,0.35,5,0,0,0,0,,,nan,0,0.6138288378715515,5.916703701019287,44.04143524169922,0.6551986932754517,1.0,nan,0,0,0,0,0.08397851725609543,0.0,filtered,0.16235638587051626,0,1,12,predictive_link_5,predictive_link_5,0,0,1,solved,osqp,7.362927288701027e-09,valid,0.05272242629628984,0.22680904|0.190763385|0.0926741437|0.0808545231|0.0730704923|0.0527224263,0.37680904|0.340763385|0.242674144|0.230854523|0.223070492|0.202722426,0.34680904|0.310763385|0.212674144|0.200854523|0.193070492|0.172722426,0.15|0.15|0.15|0.15|0.15|0.15,0|0|-0.0902443628|-0.0731005342|-0.040505529|-0.0428892467,-0.104983035|-0.03404584|-0.0629723634|-0.150969347|-0.153253351|-0.168000468,0.802253125|0.729007698|0.217479849|0.0993482106|0.0985230897|-9.67807645e-09,0.432089746|-0.265378058|0.381229311,-0.0220312644|0.197880462|0.01308103,0.0059813521802425385,0.0018252916634082794,0.0018551312386989594,0.0022624796256422997
19,1.0,-0.49152635428847596,0.5075158476829529,0.251033216714859,0.20967718958854675,0.45311444997787476,0.35,5,0,0,0,0,,,nan,0,0.7899766564369202,5.487545490264893,20.92611312866211,0.8453759551048279,1.0,nan,0,0,0,0,0.08397851725609543,0.0,filtered,0.2581470182656461,0,1,12,predictive_link_5|joint_4_acceleration_upper,predictive_link_5,0,0,1,solved,osqp,0.0,valid,0.042741390540004726,0.221593998|0.189242102|0.0856383571|0.0699391039|0.0636000224|0.0427413905,0.371593998|0.339242102|0.235638357|0.219939104|0.213600022|0.192741391,0.341593998|0.309242102|0.205638357|0.189939104|0.183600022|0.162741391,0.15|0.15|0.15|0.15|0.15|0.15,0|0|-0.110116115|-0.0721342926|-0.0232364254|-0.0059316348,-0.102244393|-0.0344579177|-0.0636481816|-0.148016708|-0.149541195|-0.165033903,0.7841316|0.72251049|0.168789131|0.0596054148|0.0816224693|2.45588434e-08,0.430988252|-0.255483925|0.381883413,-0.0220312644|0.197880462|0.01308103,0.006106242537498474,0.0018900688737630844,0.0019270768389105797,0.0022489894181489944
20,1.05,-0.48467700559660504,0.5116468071937561,0.2428775280714035,0.20309922099113464,0.4669807255268097,0.35,5,0,0,0,0,,,nan,0,0.9541373252868652,4.305353164672852,45.8128547668457,0.9785532355308533,1.0,nan,0,0,0,0,0.08397851725609543,0.0,filtered,0.26539735843037654,0,0,12,,predictive_link_5,0,0,1,solved,osqp,7.002105262485236e-07,valid,0.03486311676562967,0.216558876|0.187084193|0.0771502871|0.0592843819|0.0554565213|0.0348631168,0.366558876|0.337084193|0.227150287|0.209284382|0.205456521|0.184863117,0.336558876|0.307084193|0.197150287|0.179284382|0.175456521|0.154863117,0.15|0.15|0.15|0.15|0.15|0.15,0|0|-0.132339155|-0.0733417993|-0.0108770725|0.0228954518,-0.0994206921|-0.0341976629|-0.0636829756|-0.146666194|-0.14619899|-0.16234862,0.766814812|0.714139109|0.112579018|0.0171295347|0.064750023|-7.00839226e-07,0.429886758|-0.245589882|0.382537514,-0.0220312644|0.197880462|0.01308103,0.003706599585711956,0.0010982053354382515,0.0010814880952239037,0.0014934055507183075
21,1.1,-0.510818645996659,0.5275696516036987,0.23568163812160492,0.19781500101089478,0.4791027307510376,0.35,5,0,0,0,0,,,nan,0,0.9324144124984741,4.102858066558838,120.46346282958984,0.9912943840026855,1.0,nan,0,0,0,0,0.08397851725609543,0.0,filtered,0.23638956712134707,0,1,12,predictive_link_3|joint_2_acceleration_lower,predictive_link_3,0,0,1,solved,osqp,0.0,valid,0.028699981199467345,0.21167814|0.184748636|0.0674542483|0.0483321578|0.0484139824|0.0286999812,0.36167814|0.334748636|0.217454248|0.198332158|0.198413982|0.178699981,0.33167814|0.304748636|0.187454248|0.168332158|0.168413982|0.148699981,0.15|0.15|0.15|0.15|0.15|0.15,0|0|-0.129142627|-0.0457627672|0.0191830768|0.0520912205,-0.0965143233|-0.0337531935|-0.0635500657|-0.147565863|-0.142535267|-0.159290071,0.750198239|0.705241349|0.0771243005|1.04719092e-09|0.0703037395|0.00760107426,0.428785264|-0.235695928|0.383191615,-0.0220312644|0.197880462|0.01308103,0.005185469053685665,0.001643899828195572,0.0011756792664527893,0.0023415368050336838
22,1.1500000000000001,-0.555822354253225,0.5274246335029602,0.23120686411857605,0.19371002912521362,0.4758034646511078,0.35,5,0,0,0,0,,,nan,0,0.7652750611305237,4.506023406982422,85.0030746459961,0.8284879326820374,1.0,nan,0,0,0,0,0.08397851725609543,0.0,filtered,0.30348175349854706,0,1,12,predictive_link_3,predictive_link_3,0,0,1,solved,osqp,4.136976164414996e-09,valid,0.02400751357618877,0.206926337|0.182675615|0.0579776275|0.038604947|0.0430941974|0.0240075136,0.356926337|0.332675615|0.207977628|0.188604947|0.193094197|0.174007514,0.326926337|0.302675615|0.177977628|0.158604947|0.163094197|0.144007514,0.15|0.15|0.15|0.15|0.15|0.15,0|0|-0.103746213|-0.00684060234|0.047943543|0.0750465559,-0.0935273685|-0.0336023721|-0.0636431611|-0.147579189|-0.137648276|-0.154965986,0.734177978|0.697100088|0.064521136|-3.97683253e-09|0.082672056|0.0161106244,0.427683771|-0.225801975|0.383845717,-0.0220312644|0.197880462|0.01308103,0.005121280439198017,0.001874835230410099,0.0016991198062896729,0.00150993000715971
23,1.2000000000000002,-0.6246247907767744,0.5251861810684204,0.23071874678134918,0.19079312682151794,0.4706791043281555,0.35,5,0,0,0,0,,,nan,0,0.6906965374946594,4.198144435882568,118.2572021484375,0.741927981376648,1.0,nan,0,0,0,0,0.08397851725609543,0.0,filtered,0.32471392594206194,0,0,12,,predictive_link_3,0,0,1,solved,osqp,3.969698536762656e-07,valid,0.02051386902599192,0.202338082|0.180566018|0.0495203925|0.0306859832|0.0392900079|0.020513869,0.352338082|0.330566018|0.199520392|0.180685983|0.189290008|0.170513869,0.322338082|0.300566018|0.169520392|0.150685983|0.159290008|0.140513869,0.15|0.15|0.15|0.15|0.15|0.15,0|0|-0.0455841417|0.0242238998|0.0684322173|0.0959509128,-0.0904565809|-0.033265587|-0.0634696983|-0.146968229|-0.132724471|-0.150513374,0.718895749|0.688998486|0.0890277298|-3.95887568e-07|0.0928677781|0.0274930144,0.426582277|-0.215908021|0.384499818,-0.0220312644|0.197880462|0.01308103,0.007022364996373653,0.0034180814400315285,0.0013954481109976768,0.0021812403574585915
24,1.25,-0.6740627901654037,0.5247106552124023,0.232951819896698,0.18920820951461792,0.4675085246562958,0.35,5,0,0,0,0,,,nan,0,0.7285866141319275,2.4974348545074463,67.67660522460938,0.7673896551132202,1.0,nan,0,0,0,0,0.08397851725609543,0.0,filtered,0.36169353052566183,0,1,12,predictive_link_3,predictive_link_3,0,0,1,solved,osqp,7.238646627938383e-08,valid,0.018056179351933627,0.197945624|0.178269126|0.0436328973|0.0241448376|0.0365135848|0.0180561794,0.347945624|0.328269126|0.193632897|0.174144838|0.186513585|0.168056179,0.317945624|0.298269126|0.163632897|0.144144838|0.156513585|0.138056179,0.15|0.15|0.15|0.15|0.15|0.15,0|0|-0.0131196759|0.0502684353|0.0867602499|0.12251781,-0.0872996496|-0.0323186939|-0.0626156253|-0.146847859|-0.129074635|-0.147171132,0.704482845|0.680757809|0.098796288|-7.37053187e-08|0.103739954|0.047571395,0.425480783|-0.206014067|0.385153919,-0.0220312644|0.197880462|0.01308103,0.005253982730209827,0.0015713730826973915,0.0016015022993087769,0.0020480239763855934
25,1.3,-0.7051848225642176,0.523157000541687,0.23674878478050232,0.18653534352779388,0.46353498101234436,0.35,3,0,0,0,0,,,nan,0,0.6090203523635864,3.978039503097534,87.40827178955078,0.6301416754722595,1.0,nan,0,0,0,0,0.08397851725609543,0.0,filtered,0.3589374854867022,0,1,12,predictive_link_3,predictive_link_3,0,0,1,solved,osqp,2.578951605047841e-08,valid,0.016840290820841458,0.193739786|0.175904797|0.039226856|0.0186022277|0.0348549055|0.0168402908,0.343739786|0.325904797|0.189226856|0.168602228|0.184854906|0.166840291,0.313739786|0.295904797|0.159226856|0.138602228|0.154854906|0.136840291,0.15|0.15|0.15|0.15|0.15|0.15,0|0|-0.00121573065|0.0726987421|0.100572569|0.133918465,-0.0840580847|-0.0309722903|-0.0613023407|-0.147107679|-0.126201594|-0.144497564,0.69090106|0.672646898|0.0943893526|-2.62955236e-08|0.113790597|0.0567820639,0.424379289|-0.196120113|0.385808021,-0.0220312644|0.197880462|0.01308103,0.005245772190392017,0.0015749111771583557,0.0016046063974499702,0.002032482996582985
26,1.35,-0.7339876589078242,0.5122230648994446,0.24231983721256256,0.1828164905309677,0.45021381974220276,0.35,3,0,0,0,0,,,nan,0,0.48769986629486084,6.3622660636901855,73.71114349365234,0.4576970934867859,1.0,nan,0,0,0,0,0.08397851725609543,0.0,filtered,0.23746261238892993,0,1,12,predictive_link_3|joint_4_acceleration_lower|joint_5_acceleration_lower,predictive_link_3,0,0,1,solved,osqp,1.7300836457900814e-09,valid,0.01389874873340069,0.189715765|0.173531833|0.0353666677|0.0138987487|0.0339335841|0.0159632341,0.339715765|0.323531833|0.185366668|0.163898749|0.183933584|0.165963234,0.309715765|0.293531833|0.155366668|0.133898749|0.153933584|0.135963234,0.15|0.15|0.15|0.15|0.15|0.15,0|0|-0.00584951231|0.0918006959|0.120955545|0.144580521,-0.0807331354|-0.0293640873|-0.0596763212|-0.147395688|-0.12373377|-0.142072643,0.678129924|0.664763246|0.0759408372|2.45577725e-09|0.132956112|0.0663608141,0.423277795|-0.186226159|0.386462122,-0.0220312644|0.197880462|0.01308103,0.003848625347018242,0.0010589845478534698,0.001182609237730503,0.0015820320695638657
27,1.4000000000000001,-0.7607385460758089,0.5136404037475586,0.2491104006767273,0.17953120172023773,0.4541173577308655,0.35,3,0,0,0,0,,,nan,0,0.5765747427940369,2.74957537651062,101.02415466308594,0.5521636605262756,1.0,nan,0,0,0,0,0.08397851725609543,0.0,filtered,0.3317320384758471,0,1,12,predictive_link_3,predictive_link_3,0,0,1,solved,osqp,5.46170733639606e-09,valid,0.010008716839100706,0.185912271|0.170838757|0.0310659022|0.0100087168|0.0337486673|0.0154106998,0.335912271|0.320838757|0.181065902|0.160008717|0.183748667|0.1654107,0.305912271|0.290838757|0.151065902|0.130008717|0.153748667|0.1354107,0.15|0.15|0.15|0.15|0.15|0.15,0|0|0.00168148601|0.108462879|0.135288642|0.157959443,-0.07732296|-0.026957109|-0.0572025613|-0.148497752|-0.122536899|-0.140614001,0.666326123|0.656397919|0.0687425337|-5.02821626e-09|0.147746412|0.0789882413,0.422176301|-0.176332206|0.387116224,-0.0220312644|0.197880462|0.01308103,0.004018277861177921,0.001079099252820015,0.001140139065682888,0.0017615417018532753
28,1.4500000000000002,-0.784696516443538,0.5248640179634094,0.25622546672821045,0.17638148367404938,0.458146870136261,0.35,3,0,0,0,0,,,nan,0,0.6243838667869568,2.140864133834839,60.26136779785156,0.5980728268623352,1.0,nan,0,0,0,0,0.08397851725609543,0.0,filtered,0.3850417303026334,0,1,12,predictive_link_3,predictive_link_3,0,0,1,solved,osqp,4.8358854282115615e-09,valid,0.006487174217227776,0.182303916|0.168152243|0.0271505925|0.00648717422|0.0342372577|0.0153825928,0.332303916|0.318152243|0.177150592|0.156487174|0.184237258|0.165382593,0.302303916|0.288152243|0.147150592|0.126487174|0.154237258|0.135382593,0.15|0.15|0.15|0.15|0.15|0.15,0|0|0.0125305578|0.124115849|0.13906108|0.161413783,-0.0738308814|-0.0242136639|-0.0543400942|-0.150064547|-0.12186676|-0.139492498,0.655384781|0.64839531|0.0667928334|-8.1427827e-10|0.154143352|0.0834516557,0.421074808|-0.166438252|0.387770325,-0.0220312644|0.197880462|0.01308103,0.004055527970194817,0.0010390570387244225,0.0013804677873849869,0.0016109095886349678
29,1.5,-0.8170500650366742,0.5335859656333923,0.2641952633857727,0.1734076589345932,0.4647045433521271,0.35,3,0,0,0,0,,,nan,0,0.6798868179321289,2.023573875427246,33.13013458251953,0.6451341509819031,1.0,nan,0,0,0,0,0.08397851725609543,0.0,filtered,0.39971097750292983,0,1,12,predictive_link_3,predictive_link_3,0,0,1,solved,osqp,2.655757419534055e-09,valid,0.0031642723055828603,0.178859637|0.165775931|0.0239991118|0.00316427231|0.0350511504|0.0155477971,0.328859637|0.315775931|0.173999112|0.153164272|0.18505115|0.165547797,0.298859637|0.285775931|0.143999112|0.123164272|0.15505115|0.135547797,0.15|0.15|0.15|0.15|0.15|0.15,0|0|0.0229895868|0.138529727|0.143527531|0.166198364,-0.0702609377|-0.0216772164|-0.0516392914|-0.151186815|-0.120798901|-0.137956667,0.645177611|0.641426508|0.0673467427|1.80677287e-09|0.162933232|0.0904328854,0.419973314|-0.156544298|0.388424426,-0.0220312644|0.197880462|0.01308103,0.003816237673163414,0.0011655054986476898,0.0011314721778035164,0.0014838390052318573
30,1.55,-0.8465815004700451,0.5336294174194336,0.27326780557632446,0.17067702114582062,0.46312206983566284,0.35,3,0,0,0,0,,,nan,0,0.7329274415969849,1.7196991443634033,24.20311164855957,0.6837741732597351,1.0,nan,0,0,0,0,0.08397851725609543,0.0,filtered,0.3707978396853359,0,1,12,predictive_link_3,predictive_link_3,0,0,1,solved,osqp,1.3330389847521218e-09,valid,3.922595096739201e-05,0.175600403|0.163568569|0.0215018701|3.9225951e-05|0.0361722658|0.016073862,0.325600403|0.313568569|0.17150187|0.150039226|0.186172266|0.166073862,0.295600403|0.283568569|0.14150187|0.120039226|0.156172266|0.136073862,0.15|0.15|0.15|0.15|0.15|0.15,0|0|0.0331002335|0.151641604|0.147581426|0.169828737,-0.0666135084|-0.0190839811|-0.0488351748|-0.151798506|-0.119856337|-0.136525038,0.635788105|0.635190296|0.0702725391|1.34972483e-09|0.172414153|0.097599147,0.41887182|-0.146650344|0.389078528,-0.0220312644|0.197880462|0.01308103,0.0047390041872859,0.0013522300869226456,0.0017251195386052132,0.0016363319009542465
31,1.6,-0.8644066659292755,0.523377537727356,0.28328555822372437,0.16837631165981293,0.45151910185813904,0.35,3,0,0,0,0,,,nan,0,0.7657005786895752,1.4427943229675293,27.88507080078125,0.7043482661247253,1.0,nan,0,0,0,0,0.08397851725609543,0.0,filtered,0.32422312325167413,0,1,12,predictive_link_3,predictive_link_3,0,0,1,solved,osqp,9.007270207472828e-10,valid,-0.002703628207097075,0.17253917|0.161466373|0.0196073427|-0.00270362821|0.0375121921|0.0168434792,0.32253917|0.311466373|0.169607343|0.147296372|0.187512192|0.166843479,0.29253917|0.281466373|0.139607343|0.117296372|0.157512192|0.136843479,0.15|0.15|0.15|0.15|0.15|0.15,0|0|0.0371375764|0.162422354|0.152837103|0.174555418,-0.0628899345|-0.0162934828|-0.0457839911|-0.151607841|-0.119325304|-0.135457097,0.627266744|0.629572008|0.0697829562|6.99563268e-10|0.183560567|0.106472237,0.417770326|-0.13675639|0.389732629,-0.0220312644|0.197880462|0.01308103,0.004553601145744324,0.0012790421023964882,0.0015044258907437325,0.0017466666176915169
32,1.6500000000000001,-0.8763939856541413,0.5127483606338501,0.29388582706451416,0.16643615067005157,0.4399040639400482,0.35,3,0,0,0,0,,,nan,0,0.7609420418739319,1.015023112297058,25.28973388671875,0.6906852722167969,1.0,nan,0,0,0,0,0.08397851725609543,0.0,filtered,0.34428938620343846,0,1,12,predictive_link_3,predictive_link_3,0,0,1,solved,osqp,7.627496967366199e-10,valid,-0.005000261494088443,0.169679217|0.159465427|0.0180245076|-0.00500026149|0.0391221386|0.0178206483,0.319679217|0.309465427|0.168024508|0.144999739|0.189122139|0.167820648,0.289679217|0.279465427|0.138024508|0.114999739|0.159122139|0.137820648,0.15|0.15|0.15|0.15|0.15|0.15,0|0|0.0474835611|0.171543078|0.150527705|0.171226874,-0.0590926433|-0.0133115684|-0.0424899102|-0.151542038|-0.11913002|-0.134652623,0.619624226|0.624550139|0.0770916813|-5.19957233e-09|0.18788624|0.107856845,0.416668832|-0.126862437|0.39038673,-0.0220312644|0.197880462|0.01308103,0.006107179448008537,0.0018743257969617844,0.0018525570631027222,0.002344908192753792
33,1.7000000000000002,-0.8821246508179663,0.5031264424324036,0.30461591482162476,0.16475127637386322,0.42983850836753845,0.35,3,0,0,0,0,,,nan,0,0.7404851317405701,1.6580640077590942,17.730493545532227,0.6631525754928589,1.0,nan,0,0,0,0,0.08397851725609543,0.0,filtered,0.39678742244256326,0,1,12,predictive_link_3,predictive_link_3,0,0,1,solved,osqp,5.526535340472094e-10,valid,-0.006886502011610063,0.167005515|0.157720358|0.0171667027|-0.00688650201|0.0407055258|0.0186574384,0.317005515|0.307720358|0.167166703|0.143113498|0.190705526|0.168657438,0.287005515|0.277720358|0.137166703|0.113113498|0.160705526|0.138657438,0.15|0.15|0.15|0.15|0.15|0.15,0|0|0.0617480054|0.178667017|0.143599796|0.161457995,-0.0552258263|-0.0104261655|-0.0392509737|-0.15112101|-0.118820136|-0.133755045,0.612796235|0.620455267|0.0911638425|-6.70256683e-10|0.187601763|0.102332704,0.415567338|-0.116968408|0.391040832,-0.0220312644|0.197880462|0.01308103,0.005653900094330311,0.0018720421940088272,0.0016750786453485489,0.0020690718665719032
34,1.75,-0.884084606292254,0.48726433515548706,0.31558114290237427,0.16334860026836395,0.4140128791332245,0.35,3,0,0,0,0,,,nan,0,0.7213702201843262,1.6224985122680664,18.803016662597656,0.6406084299087524,1.0,nan,0,0,0,0,0.08397851725609543,0.0,filtered,0.4386721453224505,0,1,12,predictive_link_3,predictive_link_3,0,0,1,solved,osqp,1.941956040418802e-10,valid,-0.00840301715752817,0.164504405|0.15635113|0.0173039604|-0.00840301716|0.0421104892|0.0191004362,0.314504405|0.30635113|0.16730396|0.141596983|0.192110489|0.169100436,0.284504405|0.27635113|0.13730396|0.111596983|0.162110489|0.139100436,0.15|0.15|0.15|0.15|0.15|0.15,0|0|0.0712838109|0.183488563|0.138999346|0.15377214,-0.0512940086|-0.00789971523|-0.0363451462|-0.149876494|-0.117898164|-0.132302038,0.60672361|0.617504804|0.104154506|1.353051e-11|0.189543139|0.0978718463,0.414465845|-0.107074365|0.391694933,-0.0220312644|0.197880462|0.01308103,0.0058232760056853294,0.0017371457070112228,0.0018531810492277145,0.0021947240456938744
35,1.8,-0.8736331944163547,0.4582423269748688,0.3267626166343689,0.16232554614543915,0.3855428993701935,0.35,3,0,0,0,0,,,nan,0,0.6916841864585876,2.401510000228882,26.60436248779297,0.6076794266700745,1.0,nan,0,0,0,0,0.08397851725609543,0.0,filtered,0.4630340651278543,0,1,12,predictive_link_3,predictive_link_3,0,0,1,solved,osqp,3.468011988694286e-11,valid,-0.009550356891967149,0.162188048|0.155269089|0.0181542946|-0.00955035689|0.0434170066|0.0192465111,0.312188048|0.305269089|0.168154295|0.140449643|0.193417007|0.169246511,0.282188048|0.275269089|0.138154295|0.110449643|0.163417007|0.139246511,0.15|0.15|0.15|0.15|0.15|0.15,0|0|0.0833933633|0.186209065|0.130800907|0.138985283,-0.0472999805|-0.00559243559|-0.0336354484|-0.148007639|-0.116562989|-0.130433218,0.60145221|0.615483919|0.122375093|-1.242e-09|0.187905945|0.0855381083,0.413364351|-0.0971803218|0.392349035,-0.0220312644|0.197880462|0.01308103,0.005683578550815582,0.0018820315599441528,0.00170106440782547,0.002063268795609474
36,1.85,-0.8774925433655546,0.4420202672481537,0.33818939328193665,0.1617908924818039,0.3702336251735687,0.35,3,0,0,0,0,,,nan,0,0.6680244207382202,3.234447479248047,29.140363693237305,0.576984703540802,1.0,nan,0,0,0,0,0.08397851725609543,0.0,filtered,0.46781263710036747,0,1,12,predictive_link_3,predictive_link_3,2,0,0,inaccurate_solution,,0.0,valid,-0.010240212823957484,0.160063842|0.154442804|0.0198265372|-0.0102402128|0.0443636533|0.0188121396,0.310063842|0.304442804|0.169826537|0.139759787|0.194363653|0.16881214,0.280063842|0.274442804|0.139826537|0.109759787|0.164363653|0.13881214,0.15|0.15|0.15|0.15|0.15|0.15,0|0|0.0864466551|0.186544828|0.124399683|0.124981235,-0.0432472272|-0.0034365484|-0.0310588466|-0.145583974|-0.114987439|-0.128320495,0.597008142|0.614334669|0.134693957|3.48267704e-09|0.186866858|0.0719092984,0.412262857|-0.0872862786|0.393003136,-0.0220312644|0.197880462|0.01308103,0.00617274921387434,0.0018304819241166115,0.0019359374418854713,0.0023676371201872826
37,1.9000000000000001,-0.8738212240948098,0.44108057022094727,0.3486875295639038,0.16133271157741547,0.370830237865448,0.35,3,0,0,0,0,,,nan,0,0.6808435320854187,2.4661998748779297,57.2321891784668,0.5956782102584839,1.0,nan,0,0,0,0,0.08397851725609543,0.0,filtered,0.43895284571686566,0,0,12,,predictive_link_3,0,0,1,solved,osqp,5.548219939588428e-07,valid,-0.01042576337911233,0.15815309|0.153735778|0.0218086641|-0.0104257634|0.0449030278|0.0178663696,0.30815309|0.303735778|0.171808664|0.139574237|0.194903028|0.16786637,0.27815309|0.273735778|0.141808664|0.109574237|0.164903028|0.13786637,0.15|0.15|0.15|0.15|0.15|0.15,0|0|0.0911120653|0.184759366|0.117810392|0.110927436,-0.0391385753|-0.00114851526|-0.0283225543|-0.143056867|-0.113684602|-0.126472599,0.593473783|0.613794598|0.150024167|-5.54133818e-07|0.183737902|0.0559203154,0.411161363|-0.0773922354|0.393657237,-0.0220312644|0.197880462|0.01308103,0.006155999377369881,0.001828921027481556,0.0020221564918756485,0.002265715040266514
38,1.9500000000000002,-0.8817957886268414,0.4425872564315796,0.35875797271728516,0.160661980509758,0.37399086356163025,0.35,3,0,0,0,0,,,nan,0,0.7222625613212585,2.2934460639953613,61.09295654296875,0.6519046425819397,1.0,nan,0,0,0,0,0.08397851725609543,0.0,filtered,0.4086367176041529,0,1,12,predictive_link_3,predictive_link_3,2,0,0,inaccurate_solution,,2.7755575615628914e-17,valid,-0.010373192628466366,0.156414761|0.153299498|0.0243149606|-0.0103731926|0.0452488596|0.0164934883,0.306414761|0.303299498|0.174314961|0.139626807|0.19524886|0.166493488,0.276414761|0.273299498|0.144314961|0.109626807|0.16524886|0.136493488,0.15|0|0.15|0.15|0.15|0.15,0|0|0.0862319496|0.180863596|0.120793128|0.116558661,-0.034981701|0.000531181775|-0.0261371335|-0.139370827|-0.111230309|-0.123398248,0.590677344|0.613729174|0.157354658|-2.07350095e-09|0.190558257|0.0591343654,0.410059869|-0.0674981922|0.394311339,-0.0220312644|0.197880462|0.01308103,0.005934830754995346,0.001734006218612194,0.001703459769487381,0.0024618450552225113
39,2.0,-0.8877357777734916,0.4436894953250885,0.36831989884376526,0.15982700884342194,0.37714025378227234,0.35,3,0,0,0,0,,,nan,0,0.7694392800331116,2.4749066829681396,19.64369010925293,0.7098919153213501,1.0,nan,0,0,0,0,0.08397851725609543,0.0,filtered,0.44901784315489346,0,1,12,predictive_link_3,predictive_link_3,0,0,1,solved,osqp,8.390677042058314e-12,valid,-0.010466990474832238,0.154870092|0.152917564|0.0267863467|-0.0104669905|0.0459815593|0.0156514683,0.304870092|0.302917564|0.176786347|0.13953301|0.195981559|0.165651468,0.274870092|0.272917564|0.146786347|0.10953301|0.165981559|0.135651468,0.15|0|0.15|0.15|0.15|0.15,0|0|0.0940466483|0.177080082|0.117716466|0.114201647,-0.0307798884|0.00205802285|-0.0242028581|-0.135212117|-0.108051403|-0.119478024,0.588700478|0.613728277|0.176989177|2.79309628e-09|0.193591299|0.0573294962,0.408958375|-0.057604149|0.39496544,-0.0220312644|0.197880462|0.01308103,0.005472613498568535,0.0016797911375761032,0.0016250237822532654,0.002128664404153824
40,2.0500000000000003,-0.89569543905456,0.44400233030319214,0.3775675594806671,0.15893928706645966,0.3798873722553253,0.35,3,0,0,0,0,,,nan,0,0.7837727069854736,1.0986051559448242,35.68682861328125,0.7347155809402466,1.0,nan,0,0,0,0,0.08397851725609543,0.0,filtered,0.4570170313618097,0,1,12,predictive_link_3,predictive_link_3,0,0,1,solved,osqp,7.16846859649678e-11,valid,-0.010591371172678055,0.15350391|0.152892022|0.029868922|-0.0105913712|0.046895312|0.0150525481,0.30350391|0.302892022|0.179868922|0.139408629|0.196895312|0.165052548,0.27350391|0.272892022|0.149868922|0.109408629|0.166895312|0.135052548,0.15|0|0.15|0.15|0.15|0.15,0|0|0.10060368|0.172466589|0.114205488|0.112188341,-0.0265391137|0.00308128922|-0.0228070369|-0.130101102|-0.103737879|-0.114305925,0.587476525|0.614649379|0.197272331|3.19419682e-09|0.198048858|0.0580926091,0.407856882|-0.0477101058|0.395619541,-0.0220312644|0.197880462|0.01308103,0.006075140088796616,0.0018706265836954117,0.0018836241215467453,0.0022825421765446663
41,2.1,-0.9007888176069767,0.4432695806026459,0.3863798975944519,0.15809033811092377,0.38203689455986023,0.35,3,0,0,0,0,,,nan,0,0.7576333284378052,1.7840975522994995,37.713783264160156,0.7133873701095581,1.0,nan,0,0,0,0,0.08397851725609543,0.0,filtered,0.4436494583369641,0,1,12,predictive_link_3,predictive_link_3,0,0,1,solved,osqp,4.838372480442388e-10,valid,-0.010656173823004267,0.152324743|0.153125351|0.0334393265|-0.0106561738|0.0479787865|0.0146844331,0.302324743|0.303125351|0.183439326|0.139343826|0.197978786|0.164684433,0.272324743|0.273125351|0.153439326|0.109343826|0.167978786|0.134684433,0.15|0|0.15|0.15|0.15|0.15,0|0|0.102360584|0.166823921|0.110998829|0.110165704,-0.0222638493|0.00370691082|-0.0218466176|-0.124199229|-0.0985430844|-0.108076921,0.587035122|0.616208313|0.214271272|-3.74908628e-09|0.204370891|0.060826516,0.406755388|-0.0378160626|0.396273643,-0.0220312644|0.197880462|0.01308103,0.005838165059685707,0.001641109585762024,0.0016967691481113434,0.002464999444782734
42,2.15,-0.9017311089513217,0.44179704785346985,0.3946177363395691,0.15730534493923187,0.3838929831981659,0.35,3,0,0,0,0,,,nan,0,0.7242417335510254,1.4375256299972534,17.35187530517578,0.686631441116333,1.0,nan,0,0,0,0,0.08397851725609543,0.0,filtered,0.43310210866281945,0,1,12,predictive_link_3,predictive_link_3,0,0,1,solved,osqp,2.130165543956508e-09,valid,-0.010566992699277189,0.151334059|0.153553259|0.0372074305|-0.0105669927|0.0492533759|0.0145480165,0.301334059|0.303553259|0.187207431|0.139433007|0.199253376|0.164548016,0.271334059|0.273553259|0.157207431|0.109433007|0.169253376|0.134548016,0.15|0|0.15|0.15|0.15|0.15,0|0|0.101098866|0.159764039|0.107536379|0.107906505,-0.0179591654|0.00393732211|-0.021327507|-0.11749607|-0.0925075194|-0.100750623,0.587377069|0.618150359|0.228601081|-1.66917778e-09|0.212042363|0.065347947,0.405653894|-0.0279220287|0.396927744,-0.0220312644|0.197880462|0.01308103,0.00603384617716074,0.0018612854182720184,0.0018920432776212692,0.0022420594468712807
43,2.2,-0.8982626276267554,0.44005104899406433,0.40209653973579407,0.15654359757900238,0.3859228491783142,0.35,3,0,0,0,0,,,nan,0,0.6852710247039795,1.5161232948303223,19.552949905395508,0.6538846492767334,1.0,nan,0,0,0,0,0.08397851725609543,0.0,filtered,0.41515145425238814,0,1,12,predictive_link_3,predictive_link_3,0,0,1,solved,osqp,5.974891414961547e-09,valid,-0.01030154718621007,0.150532959|0.15411121|0.0409659761|-0.0103015472|0.0507197825|0.0147353859,0.300532959|0.30411121|0.190965976|0.139698453|0.200719782|0.164735386,0.270532959|0.27411121|0.160965976|0.109698453|0.170719782|0.134735386,0.15|0|0.15|0.15|0.15|0.15,0|0|0.0966999938|0.151227713|0.104791002|0.107243202,-0.0136302258|0.00377281816|-0.0212580496|-0.110021529|-0.0856787501|-0.0924026883,0.58850161|0.620217657|0.239305849|-4.4716372e-09|0.221991382|0.0737820578,0.4045524|-0.0180280078|0.397581846,-0.0220312644|0.197880462|0.01308103,0.005671706050634384,0.001637461595237255,0.001639949157834053,0.0023585259914398193
44,2.25,-0.8915559008276353,0.43832340836524963,0.4087001085281372,0.1557484120130539,0.38839587569236755,0.35,3,0,0,0,0,,,nan,0,0.6413397192955017,1.7224887609481812,13.004303932189941,0.6160420775413513,1.0,nan,0,0,0,0,0.08397851725609543,0.0,filtered,0.3926745909927593,0,1,12,predictive_link_3,predictive_link_3,0,0,1,solved,osqp,1.2721299097462335e-08,valid,-0.009892868752695572,0.14991824|0.154740855|0.0444873454|-0.00989286875|0.0524528892|0.0154054599,0.29991824|0.304740855|0.194487345|0.140107131|0.202452889|0.16540546,0.26991824|0.274740855|0.164487345|0.110107131|0.172452889|0.13540546,0.15|0|0.15|0.15|0.15|0.15,0|0|0.0900739429|0.141301765|0.102714826|0.108392649,-0.00928232736|0.00315306607|-0.0217122748|-0.101730299|-0.0779872818|-0.0830040206,0.590390633|0.622116485|0.24631105|-8.63908887e-09|0.234539101|0.0870104676,0.403450906|-0.00813398696|0.398235947,-0.0220312644|0.197880462|0.01308103,0.0042394064366817474,0.001240384764969349,0.0013274317607283592,0.0016445023939013481
45,2.3000000000000003,-0.88538858206591,0.4366869628429413,0.41450950503349304,0.1548905223608017,0.3912995159626007,0.35,3,0,0,0,0,,,nan,0,0.5763877630233765,2.2276055812835693,18.506580352783203,0.5599336624145508,1.0,nan,0,0,0,0,0.08397851725609543,0.0,filtered,0.37954116655857506,0,1,12,predictive_link_3,predictive_link_3,0,0,1,solved,osqp,2.4588726527108307e-08,valid,-0.009395474640756019,0.14948771|0.155362341|0.0475685259|-0.00939547464|0.0545295023|0.0166730986,0.29948771|0.305362341|0.197568526|0.140604525|0.204529502|0.166673099,0.26948771|0.275362341|0.167568526|0.110604525|0.174529502|0.136673099,0.15|0|0.15|0.15|0.15|0.15,0|0|0.0835560719|0.13019888|0.0997746419|0.109786906,-0.00492057432|0.00203694911|-0.0227437006|-0.0926170078|-0.0694189861|-0.0725335588,0.593030267|0.623486314|0.251086475|-2.6608558e-08|0.248473665|0.103945742,0.402349412|0.00176003552|0.398890048,-0.0220312644|0.197880462|0.01308103,0.00400153361260891,0.0010704919695854187,0.001360483467578888,0.0015451349318027496
46,2.35,-0.8794559812290219,0.43447738885879517,0.41960465908050537,0.15403304994106293,0.393907368183136,0.35,3,0,0,0,0,,,nan,0,0.48346078395843506,3.3610706329345703,27.695878982543945,0.4784344732761383,1.0,nan,0,0,0,0,0.08397851725609543,0.0,filtered,0.37030426615472817,0,1,12,predictive_link_3,predictive_link_3,0,0,1,solved,osqp,4.277453140300036e-08,valid,-0.008859440792283513,0.149246042|0.155874937|0.0501255924|-0.00885944079|0.0569309492|0.0185641897,0.299246042|0.305874937|0.200125592|0.141140559|0.206930949|0.16856419,0.269246042|0.275874937|0.170125592|0.111140559|0.176930949|0.13856419,0.15|0|0.15|0.15|0.15|0.15,0|0|0.0795675156|0.118275353|0.0934473064|0.106582777,-0.000549902746|0.000489051945|-0.0242890861|-0.0828376294|-0.0602000819|-0.0612997735,0.596434264|0.623988798|0.255780799|-3.92806237e-08|0.260971021|0.119539762,0.401247919|0.0116540575|0.39954415,-0.0220312644|0.197880462|0.01308103,0.003673904575407505,0.0010460345074534416,0.0010925065726041794,0.0015123169869184494
47,2.4000000000000004,-0.8734550843369715,0.4324248433113098,0.42406365275382996,0.1531650871038437,0.39677226543426514,0.35,3,0,0,0,0,,,nan,0,0.4078586995601654,3.329251766204834,19.45756721496582,0.4113641381263733,1.0,nan,0,0,0,0,0.08397851725609543,0.0,filtered,0.3458080500296771,0,1,12,predictive_link_3,predictive_link_3,0,0,1,solved,osqp,6.38801172930803e-08,valid,-0.008246337937944492,0.149116847|0.155994302|0.0522163405|-0.00824633794|0.0594690641|0.0208741956,0.299116847|0.305994302|0.202216341|0.141753662|0.209469064|0.170874196,0.269116847|0.275994302|0.172216341|0.111753662|0.179469064|0.140874196,0.10627369|0.15|0.15|0.15|0.15|0.15,0|0|0.072240035|0.105562324|0.0865783789|0.101903504,-3.96040429e-19|-0.00129449225|-0.0262390762|-0.0725770395|-0.0506520719|-0.0497561094,0.59646739|0.622682717|0.254866321|-6.68267172e-08|0.273802563|0.135644177,0.400146425|0.0215480793|0.400198251,-0.0220312644|0.197880462|0.01308103,0.006140450015664101,0.0017360113561153412,0.0018913531675934792,0.0024754591286182404
48,2.45,-0.8822022283518794,0.4348151683807373,0.4284310042858124,0.15222255885601044,0.4038586914539337,0.35,3,0,0,0,0,,,nan,0,0.3672449588775635,4.084704875946045,40.87894058227539,0.38748809695243835,1.0,nan,0,0,0,0,0.08397851725609543,0.0,filtered,0.33830046835570254,0,1,12,predictive_link_3,predictive_link_3,0,0,1,solved,osqp,8.956959507422368e-08,valid,-0.007616316241180698,0.148980613|0.155754393|0.0536684203|-0.00761631624|0.0620778408|0.0235167962,0.298980613|0.305754393|0.20366842|0.142383684|0.212077841|0.173516796,0.268980613|0.275754393|0.17366842|0.112383684|0.182077841|0.143516796,0.0562494113|0.15|0.15|0.15|0.15|0.15,0|0|0.0660064351|0.0926480331|0.0781174858|0.0954557908,-2.35654477e-18|-0.00327139635|-0.0283629685|-0.0621828586|-0.0411783553|-0.0384707123,0.595922453|0.619746176|0.252317148|-9.04674866e-08|0.285250493|0.151052263,0.399044931|0.031442102|0.400852352,-0.0220312644|0.197880462|0.01308103,0.006026131100952625,0.001646198332309723,0.001972101628780365,0.0023712562397122383
49,2.5,-0.8843431576737668,0.4450768530368805,0.4320629835128784,0.1511821299791336,0.41894054412841797,0.35,3,0,0,0,0,,,nan,0,0.41649508476257324,2.3104872703552246,42.16604232788086,0.4532304108142853,1.0,nan,0,0,0,0,0.08397851725609543,0.0,filtered,0.34604804751177926,0,0,12,,predictive_link_3,0,0,1,solved,osqp,1.1657416232324636e-07,valid,-0.007122050718405826,0.148861452|0.155320366|0.054679369|-0.00712205072|0.0646307585|0.026303447,0.298861452|0.305320366|0.204679369|0.142877949|0.214630759|0.176303447,0.268861452|0.275320366|0.174679369|0.112877949|0.184630759|0.146303447,0.00622023655|0.15|0.15|0.15|0.15|0.15,0|0|0.0621277793|0.0807510415|0.071755463|0.0896271708,1.57395007e-18|-0.00498444248|-0.0302289434|-0.0522629575|-0.0324799881|-0.0284176044,0.595445809|0.616297021|0.250616312|-1.18813614e-07|0.297798509|0.166423354,0.397943437|0.0413361453|0.401506454,-0.0220312644|0.197880462|0.01308103,0.003809569403529167,0.0010891687124967575,0.0011566421017050743,0.0015380783006548882
50,2.5500000000000003,-0.8571742617335898,0.4411826431751251,0.4342119097709656,0.1501532942056656,0.42020541429519653,0.35,3,0,0,0,0,,,nan,0,0.4295033812522888,1.5198050737380981,53.56485366821289,0.46404364705085754,1.0,nan,0,0,0,0,0.08397851725609543,0.0,filtered,0.31391977014181005,0,0,12,,predictive_link_3,0,0,1,solved,osqp,1.2546696513682232e-07,valid,-0.006688126566257557,0.148815312|0.154606165|0.0551923793|-0.00668812657|0.0672569622|0.0292941698,0.298815312|0.304606165|0.205192379|0.143311873|0.217256962|0.17929417,0.268815312|0.274606165|0.175192379|0.113311873|0.187256962|0.14929417,0|0.15|0.15|0.15|0.15|0.15,0|0|0.0492901032|0.0688880658|0.0677760892|0.0847728391,0.00383597413|-0.00684317595|-0.0323033943|-0.0421356829|-0.0237326196|-0.0184866883,0.599097224|0.611581484|0.237756226|-1.23273825e-07|0.313071318|0.18346283,0.396841943|0.0512301885|0.402160555,-0.0220312644|0.197880462|0.01308103,0.005695754662156105,0.001343713141977787,0.0020487550646066666,0.0022772029042243958
51,2.6,-0.8093498457441974,0.4245196580886841,0.4345826804637909,0.14930172264575958,0.4090364873409271,0.35,3,0,0,0,0,,,nan,0,0.44051095843315125,2.0787084102630615,25.616424560546875,0.4748276174068451,1.0,nan,0,0,0,0,0.08397851725609543,0.0,filtered,0.2854712301385845,0,0,12,,predictive_link_3,0,0,1,solved,osqp,1.262339602223217e-07,valid,-0.006150926254935407,0.14896184|0.153458112|0.0545812958|-0.00615092625|0.0700917735|0.0326298686,0.29896184|0.303458112|0.204581296|0.143849074|0.220091774|0.182629869,0.26896184|0.273458112|0.174581296|0.113849074|0.190091774|0.152629869,0|0.15|0.15|0.15|0.15|0.15,0|0|0.0331821373|0.0560452478|0.0607715315|0.0737491644,0.00821549399|-0.00904278201|-0.0348119747|-0.0314416686|-0.0144690031|-0.00794412428,0.604062853|0.604789666|0.216695346|-1.25846866e-07|0.326669623|0.196324515,0.395740449|0.0611242317|0.402814656,-0.0220312644|0.197880462|0.01308103,0.0055914586409926414,0.0017022937536239624,0.001698930747807026,0.002154223620891571
52,2.6500000000000004,-0.7643700785382365,0.4191896319389343,0.43288928270339966,0.14867006242275238,0.40957334637641907,0.35,3,0,0,0,0,,,nan,0,0.5117112994194031,2.9586215019226074,31.272985458374023,0.5546100735664368,1.0,nan,0,0,0,0,0.08397851725609543,0.0,filtered,0.2891646037229278,0,0,12,,predictive_link_3,0,0,1,solved,osqp,1.3250587134472358e-07,valid,-0.005350629939036844,0.149305857|0.151805433|0.0526153171|-0.00535062994|0.0729557836|0.0360554519,0.299305857|0.301805433|0.202615317|0.14464937|0.222955784|0.186055452,0.269305857|0.271805433|0.172615317|0.11464937|0.192955784|0.156055452,0|0.15|0.15|0.15|0.15|0.126938735,0|0|0.024562245|0.0416396773|0.0486989343|0.0523999906,0.012588798|-0.0115294185|-0.0377013269|-0.0202372901|-0.00477893004|5.5123954e-18,0.609812225|0.595692314|0.197322186|-1.32534347e-07|0.335743139|0.196621798,0.394638956|0.0710182711|0.403468758,-0.0220312644|0.197880462|0.01308103,0.0038745831698179245,0.001089361496269703,0.0012231441214680672,0.001537972129881382
53,2.7,-0.7115230760611627,0.4134933352470398,0.4289362132549286,0.1483248621225357,0.40981048345565796,0.35,3,0,0,0,0,,,nan,0,0.5961359739303589,3.4820120334625244,26.64982795715332,0.6387584805488586,1.0,nan,0,0,0,0,0.08397851725609543,0.0,filtered,0.2731007755884009,0,0,12,,predictive_link_3,0,0,1,solved,osqp,1.2229859128187748e-07,valid,-0.004225482078245801,0.14984084|0.149539816|0.049497003|-0.00422548208|0.075451357|0.03854136,0.29984084|0.299539816|0.199497003|0.145774518|0.225451357|0.18854136,0.26984084|0.269539816|0.169497003|0.115774518|0.195451357|0.15854136,0|0.15|0.15|0.15|0.101831489|0.0385438129,0|0|0.0166831846|0.0253089695|0.0271353705|0.0160791505,0.0169513547|-0.0143856465|-0.0410875189|-0.00840716281|4.41908804e-18|-2.36499581e-18,0.616314714|0.583773618|0.173583678|-1.21670587e-07|0.328940799|0.170244591,0.393537462|0.0809123144|0.404122859,-0.0220312644|0.197880462|0.01308103,0.008293908089399338,0.0018333857879042625,0.003377842716872692,0.0030389390885829926
54,2.75,-0.6962562091556521,0.44231951236724854,0.42310306429862976,0.14856694638729095,0.42582565546035767,0.35,3,0,0,0,0,,,nan,0,0.6735751628875732,3.001619577407837,23.23249053955078,0.7123860120773315,1.0,nan,0,0,0,0,0.08397851725609543,0.0,filtered,0.250521785220452,0,0,12,,predictive_link_3,0,0,1,solved,osqp,1.0539864576074309e-07,valid,-0.002789168317987145,0.150575011|0.146647469|0.0452494418|-0.00278916832|0.0765796467|0.0395987101,0.300575011|0.296647469|0.195249442|0.147210832|0.226579647|0.18959871,0.270575011|0.266647469|0.165249442|0.117210832|0.196579647|0.15959871,0|0.15|0.15|0.123706679|0.0068927411|0,0|0|0.0117270295|0.0111565681|0.00184419578|-0.0132430916,0.0212976078|-0.0174756206|-0.0448300162|1.78262189e-18|7.19854342e-19|0.00687577023,0.623597652|0.569114257|0.14789478|-1.05137389e-07|0.308162782|0.152027519,0.392435968|0.0908063576|0.404776961,-0.0220312644|0.197880462|0.01308103,0.005941723473370075,0.0018612667918205261,0.0018338235095143318,0.002210487611591816
55,2.8000000000000003,-0.7129754007255045,0.4729645550251007,0.41709452867507935,0.14989350736141205,0.4543977379798889,0.35,3,0,0,0,0,,,nan,0,0.6944162249565125,1.512597680091858,35.30491256713867,0.7219816446304321,1.0,nan,0,0,0,0,0.08397851725609543,0.0,filtered,0.20775512690039455,0,1,12,predictive_link_3,predictive_link_3,0,0,1,solved,osqp,8.650201095347643e-08,valid,-0.0015389453934114283,0.151517975|0.143183809|0.040075087|-0.00153894539|0.0767429011|0.0401161714,0.301517975|0.293183809|0.190075087|0.148461055|0.226742901|0.190116171,0.271517975|0.263183809|0.160075087|0.118461055|0.196742901|0.160116171,0|0.15|0.15|0.0381881606|0|0,0|0|0.0125670144|0.00615569615|0.00129134389|-0.0177313334,0.0256212939|-0.0206418548|-0.0487467123|1.97724921e-18|0.010324868|0.0189845403,0.631693192|0.55209338|0.12412065|-8.54235928e-08|0.318587816|0.161717893,0.391334474|0.100700401|0.405431062,-0.0220312644|0.197880462|0.01308103,0.0038138823583722115,0.0010472675785422325,0.0012308042496442795,0.0015119118615984917
56,2.85,-0.7311918539133706,0.517045259475708,0.4102824926376343,0.15147750079631805,0.4961743652820587,0.35,3,0,0,0,0,,,nan,0,0.6641210317611694,0.9989773631095886,32.69219970703125,0.679894208908081,1.0,nan,0,0,0,0,0.08397851725609543,0.0,filtered,0.1358384358124128,0,1,12,predictive_link_3,predictive_link_3,0,0,1,solved,osqp,5.264760536555224e-08,valid,-0.00010649740013174425,0.15268645|0.139367563|0.0345192903|-0.0001064974|0.0773613391|0.0410498545,0.30268645|0.289367563|0.18451929|0.149893503|0.227361339|0.191049854,0.27268645|0.259367563|0.15451929|0.119893503|0.197361339|0.161049854,0|0.15|0.15|0|0|0,0|0|0.00260161371|-0.00621340686|-0.00205582587|-0.02132406,0.0299143423|-0.0236259392|-0.0525063045|0.00663934287|0.0212497534|0.0307770676,0.640660143|0.533844315|0.0881724706|-5.35918058e-08|0.328639284|0.173652426,0.39023298|0.110594444|0.406085163,-0.0220312644|0.197880462|0.01308103,0.005582274869084358,0.0019047874957323074,0.0019537899643182755,0.0016828542575240135
57,2.9000000000000004,-0.7363538991409235,0.5697847604751587,0.4016081392765045,0.15294261276721954,0.5461967587471008,0.35,3,0,0,0,0,,,nan,0,0.653813898563385,1.1371196508407593,13.974541664123535,0.6685448288917542,1.0,nan,0,0,0,0,0.08397851725609543,0.0,filtered,0.10465607924657752,0,1,12,predictive_link_3,predictive_link_3,0,0,1,solved,osqp,3.3028995174294584e-08,valid,0.0014775082413271967,0.154081434|0.135239778|0.0281250367|0.00147750824|0.0783205802|0.0423950775,0.304081434|0.285239778|0.178125037|0.151477508|0.22832058|0.192395078,0.274081434|0.255239778|0.148125037|0.121477508|0.19832058|0.162395078,0|0.15|0.15|0|0|0,0|0|-0.0120825533|-0.0245103179|-0.0121370356|-0.0326291445,0.0341701105|-0.0263859705|-0.056076239|0.0186002534|0.0320316105|0.0423385689,0.650495846|0.514573141|0.0443413542|-3.14870238e-08|0.333176896|0.179289735,0.389131486|0.120488487|0.406739265,-0.0220312644|0.197880462|0.01308103,0.003628188744187355,0.0010590283200144768,0.0010789930820465088,0.001465165987610817
58,2.95,-0.7327046771956737,0.6221601963043213,0.3907691538333893,0.1544163078069687,0.5953261256217957,0.35,3,0,0,0,0,,,nan,0,0.6645624041557312,1.5657448768615723,14.497063636779785,0.6835647821426392,1.0,nan,0,0,0,0,0.08397851725609543,0.0,filtered,0.10367531783669834,0,1,12,predictive_link_2,predictive_link_2,0,0,1,solved,osqp,0.0,valid,0.0029426037240714575,0.155692858|0.130704326|0.0205277904|0.00294260372|0.0792828592|0.043849215,0.305692858|0.280704326|0.17052779|0.152942604|0.229282859|0.193849215,0.275692858|0.250704326|0.14052779|0.122942604|0.199282859|0.163849215,0|0.15|0.15|0|0|0,0|0|-0.0225014691|-0.0424392093|-0.0237320943|-0.0465431489,0.0383840865|-0.0290303226|-0.0596096165|0.0306688998|0.0430202581|0.0540715948,0.661155519|0.493786981|7.58650066e-08|1.05325547e-07|0.336419601|0.182925306,0.388029993|0.130382478|0.407393366,-0.0220312644|0.197880462|0.01308103,0.005732455290853977,0.0019663628190755844,0.002003828063607216,0.0017223358154296875
59,3.0,-0.7439483757538917,0.6298019886016846,0.38092857599258423,0.1570368856191635,0.5998367667198181,0.35,3,0,0,0,0,,,nan,0,0.6907975077629089,3.261331081390381,56.89609146118164,0.7044917345046997,1.0,nan,0,0,0,0,0.08397851725609543,0.0,filtered,0.18173825110997316,0,0,12,,predictive_link_2,0,0,1,solved,osqp,4.1104217121321063e-07,valid,0.004416311714027121,0.157513562|0.125703177|0.0118240941|0.00441631171|0.080182807|0.0453382245,0.307513562|0.275703177|0.161824094|0.154416312|0.230182807|0.195338224,0.277513562|0.245703177|0.131824094|0.124416312|0.200182807|0.165338224,0|0.15|0.15|0|0|0,0|0|0.0159004544|-0.0320376272|-0.0314023523|-0.0581669729,0.0425520701|-0.0316218098|-0.0631972421|0.0429880635|0.0544155382|0.066180311,0.672606317|0.471190896|-4.11376314e-07|0.0286156832|0.343744414|0.189366236,0.386928499|0.140276432|0.408047467,-0.0220312644|0.197880462|0.01308103,0.005608677864074707,0.0016994597390294075,0.0017056884244084358,0.0021669864654541016
60,3.0500000000000003,-0.7589441225501199,0.6272569894790649,0.3727605938911438,0.15970182418823242,0.5944951176643372,0.35,2,0,0,0,0,,,nan,0,0.6866312623023987,2.8458571434020996,27.119876861572266,0.681232213973999,1.0,nan,0,0,0,0,0.08397851725609543,0.0,filtered,0.1923782544703111,0,0,12,,predictive_link_2,0,0,1,solved,osqp,3.056053232280975e-07,valid,0.00471357410215531,0.159552395|0.12059629|0.0047135741|0.00703688176|0.0811571192|0.0468269702,0.309552395|0.27059629|0.154713574|0.157036882|0.231157119|0.19682697,0.279552395|0.24059629|0.124713574|0.127036882|0.201157119|0.16682697,0|0.15|0.15|0|0|0,0|0|0.0477865865|-0.0229275384|-0.0370928103|-0.0641046806,0.0466667508|-0.0340167556|-0.0666411871|0.0545114413|0.0654174499|0.0778182665,0.684876329|0.448368406|-3.04197711e-07|0.0597314299|0.352953116|0.201021467,0.385827005|0.150170386|0.408701569,-0.0220312644|0.197880462|0.01308103,0.006252649240195751,0.0018459726125001907,0.0020034685730934143,0.0023770369589328766
61,3.1,-0.7612387030092368,0.5795068740844727,0.36773207783699036,0.15689468383789062,0.5449002981185913,0.35,2,0,0,0,0,,,nan,0,0.5878890156745911,4.232440948486328,70.73664855957031,0.56098872423172,1.0,nan,0,0,0,0,0.08397851725609543,0.0,filtered,0.19078833632904588,0,0,12,,predictive_link_2,0,0,1,solved,osqp,3.0364066161414627e-07,valid,-0.0007735946559081774,0.161818334|0.115642776|-0.000773594656|0.0105201486|0.0823364279|0.0485103016,0.311818334|0.265642776|0.149226405|0.160520149|0.232336428|0.198510302,0.281818334|0.235642776|0.119226405|0.130520149|0.202336428|0.168510302,0|0.15|0.15|0|0|0,0|0|0.0728194823|-0.0218984418|-0.045674152|-0.066927213,0.0507201079|-0.0360559086|-0.0697254043|0.0648629832|0.0756102068|0.0885750002,0.697993446|0.426515194|-3.00628936e-07|0.0850451357|0.359281766|0.215688994,0.384725511|0.16006434|0.40935567,-0.0220312644|0.197880462|0.01308103,0.005618099123239517,0.001736283302307129,0.0018542390316724777,0.0019909096881747246
62,3.1500000000000004,-0.6891582008646722,0.43514424562454224,0.36679619550704956,0.15621572732925415,0.3998315632343292,0.35,2,0,0,0,0,,,nan,0,0.4601735472679138,4.220117568969727,43.77312088012695,0.4100727140903473,1.0,nan,0,0,0,0,0.08397851725609543,0.0,filtered,0.2522621307514547,0,0,12,,predictive_link_2,0,0,1,solved,osqp,3.923341798384161e-07,valid,-0.003900131365349696,0.16434154|0.111643878|-0.00390013137|0.0140105381|0.0836151222|0.0502435386,0.31434154|0.261643878|0.146099869|0.164010538|0.233615122|0.200243539,0.28434154|0.231643878|0.116099869|0.134010538|0.203615122|0.170243539,0|0.15|0.15|0|0|0,0|0|0.0874432727|-0.0107098925|-0.0448009583|-0.0590923457,0.054697682|-0.0373056541|-0.0718431421|0.0733749831|0.0839361652|0.0972707316,0.712063841|0.409269857|-3.948206e-07|0.118707243|0.373595696|0.239152541,0.383624017|0.169958293|0.410009772,-0.0220312644|0.197880462|0.01308103,0.005440637469291687,0.0017991624772548676,0.001883343793451786,0.001719387248158455
63,3.2,-0.7840263531201119,0.42458418011665344,0.3711830973625183,0.1557571291923523,0.38898995518684387,0.35,2,0,0,0,0,,,nan,0,0.3181909918785095,7.017233371734619,105.52570343017578,0.23567448556423187,1.0,nan,0,0,0,0,0.08397851725609543,0.0,filtered,0.30716242468953514,0,1,12,predictive_link_2|joint_2_acceleration_lower|joint_3_acceleration_lower,predictive_link_2,0,0,1,solved,osqp,2.5452102203615823e-08,valid,-0.0047302229472871715,0.167122997|0.109002739|-0.00473022295|0.0178998952|0.0854578438|0.0524763636,0.317122997|0.259002739|0.145269777|0.167899895|0.235457844|0.202476364,0.287122997|0.229002739|0.115269777|0.137899895|0.205457844|0.172476364,0|0.15|0.15|0|0|0,0|0|0.0917665212|0.0544881056|0.0193865063|0.0290833233,0.0585918478|-0.0333950052|-0.0728456544|0.0797622982|0.0900253454|0.103597223,0.727083835|0.402615951|-2.48963073e-08|0.205849985|0.451243227|0.342586,0.382522523|0.179852247|0.410663873,-0.0220312644|0.197880462|0.01308103,0.005970774218440056,0.0018026363104581833,0.001957312226295471,0.002170850522816181
64,3.25,-0.8650563601526675,0.4190386235713959,0.3798156976699829,0.15617382526397705,0.38480907678604126,0.35,2,0,0,0,0,,,nan,0,0.3563549518585205,4.594564914703369,68.46508026123047,0.29087674617767334,1.0,nan,0,0,0,0,0.08397851725609543,0.0,filtered,0.30027225579847383,0,0,12,,predictive_link_2,0,0,1,solved,osqp,4.6711938490873184e-07,valid,-0.005232003049865347,0.170101358|0.106677|-0.00523200305|0.02404079|0.0912322443|0.0589976462,0.320101358|0.256677|0.144767997|0.17404079|0.241232244|0.208997646,0.290101358|0.226677|0.114767997|0.14404079|0.211232244|0.178997646,0|0.15|0.15|0|0|0,0|0|0.0903066783|0.0846592372|0.0486965218|0.0684720195,0.0624143144|-0.0287944096|-0.0693791309|0.0848432323|0.0944752242|0.108314702,0.742819748|0.39791359|-4.64764173e-07|0.26566563|0.508100723|0.412777306,0.38142103|0.189746201|0.411317974,-0.0220312644|0.197880462|0.01308103,0.005556395277380943,0.0018664970993995667,0.0018826983869075775,0.0017652548849582672
65,3.3000000000000003,-0.8262785241374015,0.414873331785202,0.38603657484054565,0.1567310392856598,0.38309556245803833,0.35,2,0,0,0,0,,,nan,0,0.35144081711769104,3.716085195541382,136.21359252929688,0.30152827501296997,1.0,nan,0,0,0,0,0.08397851725609543,0.0,filtered,0.28148743732224696,0,0,12,,predictive_link_2,0,0,1,solved,osqp,4.462146513117826e-07,valid,-0.004447266704009162,0.173299802|0.105271796|-0.0044472667|0.0312541398|0.0989336064|0.0675243282,0.323299802|0.255271796|0.145552733|0.18125414|0.248933606|0.217524328,0.293299802|0.225271796|0.115552733|0.15125414|0.218933606|0.187524328,0|0.15|0.15|0|0|0,0|0|0.0811070412|0.0369402713|0.0096388263|0.0192716203,0.0661538574|-0.0242315694|-0.0633184214|0.0884000201|0.0970404248|0.111066641,0.759353065|0.396855616|-4.4700927e-07|0.250356851|0.502413677|0.400435574,0.380319536|0.199640155|0.411972076,-0.0220312644|0.197880462|0.01308103,0.004425570368766785,0.0010977135971188545,0.0011784955859184265,0.002125553786754608
66,3.35,-0.7560078627678039,0.4270709455013275,0.3875107169151306,0.15588560700416565,0.39804908633232117,0.35,2,0,0,0,0,,,nan,0,0.42785850167274475,4.553293704986572,54.193931579589844,0.4033128619194031,1.0,nan,0,0,0,0,0.08397851725609543,0.0,filtered,0.2684148854493264,0,0,12,,predictive_link_2,0,0,1,solved,osqp,4.24298206166962e-07,valid,-0.0032039470378615043,0.176704367|0.104547302|-0.00320394704|0.0366741473|0.104604669|0.0739118638,0.326704367|0.254547302|0.146796053|0.186674147|0.254604669|0.223911864,0.296704367|0.224547302|0.116796053|0.156674147|0.224604669|0.193911864,0|0.15|0.15|0|0|0,0|0|0.0701279718|-0.00349743691|-0.0177537991|-0.0171431102,0.0698104323|-0.0197003043|-0.0573126059|0.0921796501|0.0996763073|0.113788015,0.7766279|0.398488902|-4.22230095e-07|0.235378803|0.500341182|0.39229236,0.379218042|0.209534109|0.412626177,-0.0220312644|0.197880462|0.01308103,0.005870267748832703,0.001706717535853386,0.0018167532980442047,0.0023064427077770233
67,3.4000000000000004,-0.8701632605266831,0.5979525446891785,0.38599658012390137,0.15273398160934448,0.5713890790939331,0.35,2,0,0,0,0,,,nan,0,0.5588135719299316,3.8450725078582764,79.85163879394531,0.545172929763794,1.0,nan,0,0,0,0,0.08397851725609543,0.0,filtered,0.2555999269257104,0,0,12,,predictive_link_2,0,0,1,solved,osqp,3.934636560315452e-07,valid,-0.0031580454413488723,0.180262021|0.103377401|-0.00315804544|0.0407998511|0.10878922|0.078821042,0.330262021|0.253377401|0.146841955|0.190799851|0.25878922|0.228821042,0.300262021|0.223377401|0.116841955|0.160799851|0.22878922|0.198821042,0|0.15|0.15|0|0|0,0|0|0.0637818724|0.00695066472|0.00705122272|0.0142787519,0.073397487|-0.0150281693|-0.0511500843|0.0973394744|0.103798031|0.117915012,0.794445571|0.398481436|-3.93687742e-07|0.267489543|0.546006133|0.447477932,0.378116548|0.219428062|0.413280278,-0.0220312644|0.197880462|0.01308103,0.0043345289304852486,0.0016197655349969864,0.0011465996503829956,0.0015300633385777473
68,3.45,-0.922818008579875,0.6335533857345581,0.3855215013027191,0.14909139275550842,0.609620988368988,0.35,2,0,0,0,0,,,nan,0,0.5506675839424133,2.371467113494873,84.9378662109375,0.5315943956375122,1.0,nan,0,0,0,0,0.08397851725609543,0.0,filtered,0.24284340181051017,0,0,12,,predictive_link_2,0,0,1,solved,osqp,3.677910222488201e-07,valid,-0.005361333360919568,0.183932707|0.100911159|-0.00536133336|0.0455611714|0.114437617|0.0855602931,0.333932707|0.250911159|0.144638667|0.195561171|0.264437617|0.235560293,0.303932707|0.220911159|0.114638667|0.165561171|0.234437617|0.205560293,0|0.15|0.15|0|0|0,0|0|0.0660205456|0.0420106046|0.041376566|0.0514432254,0.0769264574|-0.0100275223|-0.0445755828|0.103952245|0.109443113|0.123533246,0.812657286|0.393617112|-3.70640628e-07|0.328207535|0.608570147|0.517217643,0.377015054|0.229322016|0.41393438,-0.0220312644|0.197880462|0.01308103,0.005598383955657482,0.0016489597037434578,0.0016395226120948792,0.0022735828533768654
69,3.5,-0.9747095435566056,0.6402800679206848,0.3873608708381653,0.14580434560775757,0.6192960739135742,0.35,2,0,0,0,0,,,nan,0,0.51204913854599,3.498478889465332,41.025821685791016,0.4831901788711548,1.0,nan,0,0,0,0,0.08397851725609543,0.0,filtered,0.218799884782671,0,0,12,,predictive_link_2,0,0,1,solved,osqp,3.253417747012266e-07,valid,-0.008013565755363244,0.187752754|0.0980879269|-0.00801356576|0.0521123258|0.122096972|0.0942347913,0.337752754|0.248087927|0.141986434|0.202112326|0.272096972|0.244234791,0.307752754|0.218087927|0.111986434|0.172112326|0.242096972|0.214234791,0|0.15|0.15|0|0|0,0|0|0.0697698151|0.0770273559|0.0688940328|0.075215118,0.0803844814|-0.00481345863|-0.0377158754|0.110239921|0.11490533|0.128797344,0.831395498|0.387538249|-3.23325135e-07|0.395716581|0.67218725|0.580951628,0.37591356|0.23921597|0.414588481,-0.0220312644|0.197880462|0.01308103,0.004119955003261566,0.0014740973711013794,0.0011344822123646736,0.0014718063175678253
70,3.5500000000000003,-0.962520474017045,0.599769115447998,0.39052799344062805,0.14373117685317993,0.5820464491844177,0.35,2,0,0,0,0,,,nan,0,0.4576026201248169,2.681276559829712,48.641815185546875,0.41981932520866394,1.0,nan,0,0,0,0,0.08397851725609543,0.0,filtered,0.19741364260112493,0,0,12,,predictive_link_2,0,0,1,solved,osqp,2.902291384304645e-07,valid,-0.010282999653449892,0.191740476|0.0954308987|-0.0102829997|0.0605420048|0.131334809|0.104141089,0.341740476|0.245430899|0.139717|0.210542005|0.281334809|0.254141089,0.311740476|0.215430899|0.109717|0.180542005|0.251334809|0.224141089,0|0.144465884|0.15|0|0|0,0|0|0.071833743|0.076296787|0.0617077575|0.0641029073,0.0837634833|-3.99431373e-18|-0.0307020319|0.115443233|0.119522926|0.133046077,0.850725387|0.381723595|-2.87532137e-07|0.433908039|0.70656992|0.61371334,0.374812067|0.249109924|0.415242583,-0.0220312644|0.197880462|0.01308103,0.005462881177663803,0.0017566634342074394,0.0015380065888166428,0.002130519598722458
71,3.6,-0.9440364105284242,0.5689610838890076,0.39408206939697266,0.1422167718410492,0.5546627640724182,0.35,2,0,0,0,0,,,nan,0,0.38162556290626526,2.237419366836548,59.321929931640625,0.3377228379249573,1.0,nan,0,0,0,0,0.08397851725609543,0.0,filtered,0.16094898329157528,0,0,12,,predictive_link_2,0,0,1,solved,osqp,2.3298352699874236e-07,valid,-0.011343543448214782,0.195918275|0.0934032423|-0.0113435434|0.0692835711|0.14041082|0.113605899,0.345918275|0.243403242|0.138656457|0.219283571|0.29041082|0.263605899,0.315918275|0.213403242|0.108656457|0.189283571|0.26041082|0.233605899,0|0.0890776891|0.15|0|0|0,0|0|0.0691583849|0.0728775583|0.0583028817|0.0651860515,0.0870525478|-5.72761559e-18|-0.0237844426|0.11961784|0.123275748|0.136389997,0.870725648|0.373612969|-2.31484852e-07|0.469629683|0.743221908|0.655999644,0.373710573|0.259004027|0.415896684,-0.0220312644|0.197880462|0.01308103,0.005133969709277153,0.0018910262733697891,0.0015560397878289223,0.001648767851293087
72,3.6500000000000004,-0.9570150315287544,0.5768410563468933,0.3976028263568878,0.14071431756019592,0.5660885572433472,0.35,2,0,0,0,0,,,nan,0,0.3380400240421295,2.498669385910034,30.480382919311523,0.2930079698562622,1.0,nan,0,0,0,0,0.08397851725609543,0.0,filtered,0.159254262971469,0,0,12,,predictive_link_2,0,0,1,solved,osqp,2.2959023095181497e-07,valid,-0.011843315273238092,0.200269691|0.0915945038|-0.0118433153|0.078074469|0.149604976|0.123279666,0.350269691|0.241594504|0.138156685|0.228074469|0.299604976|0.273279666,0.320269691|0.211594504|0.108156685|0.198074469|0.269604976|0.243279666,0|0.0341085302|0.15|0|0|0,0|0|0.0642685496|0.0745797224|0.0630572287|0.0768389369,0.0902551014|-8.88657038e-18|-0.0168955207|0.123318913|0.126612967|0.13938063,0.891333867|0.366378015|-2.32273136e-07|0.510196511|0.788090099|0.709338229,0.372609079|0.268898159|0.416550785,-0.0220312644|0.197880462|0.01308103,0.00518618430942297,0.0011873571202158928,0.0017554042860865593,0.002217576839029789
73,3.7,-0.9065235197954644,0.5321342945098877,0.40056848526000977,0.13968247175216675,0.525007426738739,0.35,2,0,0,0,0,,,nan,0,0.31503790616989136,0.9856077432632446,57.530242919921875,0.27223023772239685,1.0,nan,0,0,0,0,0.08397851725609543,0.0,filtered,0.15471614684087032,0,0,12,,predictive_link_2,0,0,1,solved,osqp,2.2584538775932694e-07,valid,-0.012313984630142799,0.204778638|0.0897270826|-0.0123139846|0.0870798779|0.159324255|0.133724196,0.354778638|0.239727083|0.137686015|0.237079878|0.309324255|0.283724196,0.324778638|0.209727083|0.107686015|0.207079878|0.279324255|0.253724196,0|0|0.15|0|0|0,0|0|0.0591712818|0.061639869|0.0506901267|0.0623022075,0.0933756133|0.00204898405|-0.00991557145|0.126846294|0.129797516|0.142289433,0.912490163|0.360957315|-2.28164453e-07|0.536805674|0.817784664|0.739488423,0.371507585|0.278792292|0.417204887,-0.0220312644|0.197880462|0.01308103,0.005515723489224911,0.0016737636178731918,0.0016422327607870102,0.0021630264818668365
74,3.75,-0.8768708546116071,0.5314351320266724,0.4018123745918274,0.1386934518814087,0.5278074145317078,0.35,2,0,0,0,0,,,nan,0,0.32505708932876587,1.1804485321044922,20.396270751953125,0.2934252917766571,1.0,nan,0,0,0,0,0.08397851725609543,0.0,filtered,0.17354546218587322,0,0,12,,predictive_link_2,0,0,1,solved,osqp,2.5651773768314845e-07,valid,-0.012316085354357492,0.209453103|0.0883310196|-0.0123160854|0.0957782811|0.168553322|0.143614471,0.359453103|0.23833102|0.137683915|0.245778281|0.318553322|0.293614471,0.329453103|0.20833102|0.107683915|0.215778281|0.288553322|0.263614471,0|0|0.15|0|0|0,0|0|0.0522543948|0.0458209193|0.0378205999|0.046981809,0.0964088522|0.00736079091|-0.00299030994|0.130145001|0.132806066|0.145016279,0.934221265|0.360684869|-2.56556513e-07|0.559079045|0.844839955|0.766455972,0.370406091|0.288686424|0.417858988,-0.0220312644|0.197880462|0.01308103,0.004493831656873226,0.0013915635645389557,0.0014103911817073822,0.0016602687537670135
75,3.8000000000000003,-0.8329609031015854,0.5032373666763306,0.4021567106246948,0.13791432976722717,0.502003014087677,0.35,2,0,0,0,0,,,nan,0,0.34012043476104736,0.8089995384216309,17.647573471069336,0.3167242705821991,1.0,nan,0,0,0,0,0.08397851725609543,0.0,filtered,0.1951256270193823,0,0,12,,predictive_link_2,0,0,1,solved,osqp,2.911554316947784e-07,valid,-0.012319683640141937,0.214280361|0.0872434937|-0.0123196836|0.104056691|0.177224762|0.15294589,0.364280361|0.237243494|0.137680316|0.254056691|0.327224762|0.30294589,0.334280361|0.207243494|0.107680316|0.224056691|0.297224762|0.27294589,0|0|0.121107639|0|0|0,0|0|0.0492784432|0.0374114457|0.0313916092|0.0399681565,0.0993586405|0.0127087465|1.23489016e-17|0.133582759|0.136028881|0.147942563,0.956480085|0.361682721|-2.91368396e-07|0.587220971|0.876319539|0.799694278,0.369304597|0.298580557|0.418513089,-0.0220312644|0.197880462|0.01308103,0.003944271244108677,0.0012539327144622803,0.0011254185810685158,0.0015293993055820465
76,3.85,-0.7751899039739784,0.4452868700027466,0.40247687697410583,0.1380324363708496,0.44517379999160767,0.35,2,0,0,0,0,,,nan,0,0.33439087867736816,1.2836147546768188,24.680707931518555,0.31564822793006897,1.0,nan,0,0,0,0,0.08397851725609543,0.0,filtered,0.22407546027142744,0,0,12,,predictive_link_2,0,0,1,solved,osqp,3.3772790399705377e-07,valid,-0.012429120771133367,0.219255457|0.0864590677|-0.0124291208|0.112158032|0.185707588|0.16212413,0.369255457|0.236459068|0.137570879|0.262158032|0.335707588|0.31212413,0.339255457|0.206459068|0.107570879|0.232158032|0.305707588|0.28212413,0|0|0.0704570949|0|0|0,0|0|0.0497161444|0.0232609034|0.0166141396|0.025797618,0.102225875|0.0180842326|9.85270058e-18|0.137023692|0.139281222|0.150893006,0.979247701|0.363920504|-3.38732126e-07|0.608916722|0.898725713|0.825187145,0.368203104|0.30847469|0.419167191,-0.0220312644|0.197880462|0.01308103,0.003974778577685356,0.0012615211308002472,0.0010794531553983688,0.0015971949324011803
77,3.9000000000000004,-0.7563894113782271,0.4384256601333618,0.40206313133239746,0.13992950320243835,0.4384256899356842,0.35,2,0,0,0,0,,,nan,0,0.3990798890590668,4.584374904632568,68.13664245605469,0.39465227723121643,1.0,nan,0,0,0,0,0.08397851725609543,0.0,filtered,0.25689951697433966,0,0,12,,predictive_link_2,0,0,1,solved,osqp,3.937229092337846e-07,valid,-0.0119990981968571,0.224386797|0.0863265243|-0.0119990982|0.119787649|0.193637881|0.170780832,0.374386797|0.236326524|0.138000902|0.269787649|0.343637881|0.320780832,0.344386797|0.206326524|0.108000902|0.239787649|0.313637881|0.290780832,0|0|0.0213662882|0|0|0,0|0|0.0479960014|-0.0229513756|-0.0306692641|-0.0159537501,0.105004993|0.0233382148|1.30039958e-17|0.140207727|0.142237678|0.153574315,1.00255218|0.368644312|-3.91411679e-07|0.596406949|0.886119939|0.820743895,0.36710161|0.318368822|0.419821292,-0.0220312644|0.197880462|0.01308103,0.004103946499526501,0.0010685203596949577,0.0011182771995663643,0.0018919995054602623
78,3.95,-0.7244684017795795,0.4317937195301056,0.40047749876976013,0.14182358980178833,0.43179380893707275,0.35,2,0,0,0,0,,,nan,0,0.4331885874271393,2.1251220703125,83.43133544921875,0.4380212724208832,1.0,nan,0,0,0,0,0.08397851725609543,0.0,filtered,0.22928752728238042,0,0,12,,predictive_link_2,0,0,1,solved,osqp,3.532625902497033e-07,valid,-0.010070498112500686,0.229693763|0.0874822861|-0.0100704981|0.125539183|0.199507496|0.177583431,0.379693763|0.237482286|0.139929502|0.275539183|0.349507496|0.327583431,0.349693763|0.207482286|0.109929502|0.245539183|0.319507496|0.297583431,0|0|0|0|0|0,0|0|0.0370082282|-0.0357190102|-0.0386268184|-0.0218060536,0.107684167|0.028164745|0.00327341216|0.14321732|0.144852318|0.156010063,1.02645922|0.378093889|-3.52056217e-07|0.60965504|0.904255482|0.844537731,0.366000116|0.328262955|0.420475394,-0.0220312644|0.197880462|0.01308103,0.0049649616703391075,0.0018578693270683289,0.0014951825141906738,0.0015730177983641624
79,4.0,-0.6792961516488703,0.42849501967430115,0.39684680104255676,0.1427769958972931,0.42849496006965637,0.35,2,0,0,0,0,,,nan,0,0.4324626326560974,3.433546304702759,71.95233917236328,0.45267927646636963,1.0,nan,0,0,0,0,0.08397851725609543,0.0,filtered,0.2170897792862156,0,0,12,,predictive_link_2,0,0,1,solved,osqp,3.324517380311198e-07,valid,-0.008176401266464711,0.235139042|0.0890126458|-0.00817640127|0.130859904|0.205133776|0.184345643,0.385139042|0.239012646|0.141823599|0.280859904|0.355133776|0.334345643,0.355139042|0.209012646|0.111823599|0.250859904|0.325133776|0.304345643,0|0|0|0|0|0,0|0|0.02319253|-0.0313041349|-0.027446997|-0.0168551016,0.110280671|0.032888059|0.00951274201|0.146390393|0.147500097|0.158482666,1.05083684|0.388938642|-3.33048744e-07|0.638525872|0.940588206|0.879010135,0.364898622|0.338157088|0.421129495,-0.0220312644|0.197880462|0.01308103,0.004397289827466011,0.0012076981365680695,0.0012677377089858055,0.001896299421787262
80,4.05,-0.6225965589706177,0.4283691942691803,0.3906204104423523,0.14281350374221802,0.4283691644668579,0.35,2,0,0,0,0,,,nan,0,0.42919787764549255,3.367172956466675,62.45878601074219,0.4598340392112732,1.0,nan,0,0,0,0,0.08397851725609543,0.0,filtered,0.2071450271990699,0,0,12,,predictive_link_2,0,0,1,solved,osqp,3.145347614776778e-07,valid,-0.007223015044531461,0.240699368|0.0903835464|-0.00722301504|0.136582023|0.211271698|0.191601323,0.390699368|0.240383546|0.142776985|0.286582023|0.361271698|0.341601323,0.360699368|0.210383546|0.112776985|0.256582023|0.331271698|0.311601323,0|0|0|0|0|0,0|0|0.0127403242|-0.0224129293|-0.0156040875|-0.0122557657,0.112805909|0.0377330543|0.0161514216|0.149928187|0.150513177|0.161230284,1.07560338|0.39926724|-3.14375859e-07|0.673843348|0.97999588|0.915379812,0.363797128|0.34805122|0.421783596,-0.0220312644|0.197880462|0.01308103,0.004963931627571583,0.0011065388098359108,0.0018376288935542107,0.0019936608150601387
81,4.1000000000000005,-0.5933118603093761,0.4279649555683136,0.38342270255088806,0.14293089509010315,0.4279649257659912,0.35,2,0,0,0,0,,,nan,0,0.3855673670768738,2.965988874435425,53.276607513427734,0.42221349477767944,1.0,nan,0,0,0,0,0.08397851725609543,0.0,filtered,0.1896104818614763,0,0,12,,predictive_link_2,0,0,1,solved,osqp,2.824237994563522e-07,valid,-0.007186505468539134,0.246367675|0.0915113106|-0.00718650547|0.143094275|0.217957954|0.199339171,0.396367675|0.241511311|0.142813495|0.293094275|0.367957954|0.349339171,0.366367675|0.211511311|0.112813495|0.263094275|0.337957954|0.319339171,0|0|0|0|0|0,0|0|0.005481599|-0.0208661007|-0.0150725818|-0.0176605469,0.115263523|0.0427572839|0.0232641405|0.15368737|0.154069293|0.164429713,1.10073422|0.408802526|-2.82349472e-07|0.70519837|1.01082853|0.944125849,0.362695634|0.357945353|0.422437698,-0.0220312644|0.197880462|0.01308103,0.0049695586785674095,0.001110117882490158,0.001647823490202427,0.0021861251443624496
82,4.15,-0.5810404845589531,0.4251473844051361,0.3763177990913391,0.14375227689743042,0.4251474440097809,0.35,2,0,0,0,0,,,nan,0,0.3378683924674988,2.3477447032928467,68.77794647216797,0.38380199670791626,1.0,nan,0,0,0,0,0.08397851725609543,0.0,filtered,0.17524041646524446,0,0,12,,predictive_link_2,0,0,1,solved,osqp,2.5274149501215704e-07,valid,-0.007069117556673249,0.25215911|0.0929202928|-0.00706911756|0.150054754|0.224720954|0.206968123,0.40215911|0.242920293|0.142930882|0.300054754|0.374720954|0.356968123,0.37215911|0.212920293|0.112930882|0.270054754|0.344720954|0.326968123,0|0|0|0|0|0,0|0|-0.00220878342|-0.0330648302|-0.0266110396|-0.0328213982,0.117645107|0.0477252396|0.0304850009|0.157175065|0.157617943|0.167579916,1.12628155|0.419406411|-2.52798961e-07|0.724329251|1.02989072|0.962631011,0.361594141|0.367839485|0.423091799,-0.0220312644|0.197880462|0.01308103,0.004965934902429581,0.0011263815686106682,0.0017520226538181305,0.002063642255961895
83,4.2,-0.5579771991056561,0.42207109928131104,0.3687293231487274,0.14465558528900146,0.4220711588859558,0.35,2,0,0,0,0,,,nan,0,0.3338039815425873,2.4000818729400635,46.73207473754883,0.38621827960014343,1.0,nan,0,0,0,0,0.08397851725609543,0.0,filtered,0.15783547226318928,0,0,12,,predictive_link_2,0,0,1,solved,osqp,2.2113854512839648e-07,valid,-0.006247701153948432,0.258084301|0.0950044466|-0.00624770115|0.156659182|0.231024894|0.213902247,0.408084301|0.245004447|0.143752299|0.306659182|0.381024894|0.363902247,0.378084301|0.215004447|0.113752299|0.276659182|0.351024894|0.333902247,0|0|0|0|0|0,0|0|-0.0125112801|-0.0368869423|-0.0254846227|-0.0257035914,0.119943827|0.0524148816|0.0375018636|0.160360648|0.160748787|0.170301382,1.15228103|0.432432668|-2.21092317e-07|0.750110433|1.05936374|1.00020678,0.360492647|0.377733618|0.4237459,-0.0220312644|0.197880462|0.01308103,0.005086409859359264,0.0011659413576126099,0.0016002794727683067,0.0022807465866208076
84,4.25,-0.530550983409895,0.4204665422439575,0.36039626598358154,0.1451294720172882,0.42046651244163513,0.35,2,0,0,0,0,,,nan,0,0.32925787568092346,1.756510853767395,42.43242263793945,0.3842766284942627,1.0,nan,0,0,0,0,0.08397851725609543,0.0,filtered,0.1350336775547292,0,0,12,,predictive_link_2,0,0,1,solved,osqp,1.8448010478608334e-07,valid,-0.005344421421860951,0.26412804|0.0974376996|-0.00534442142|0.163186256|0.237652577|0.221232675,0.41412804|0.2474377|0.144655579|0.313186256|0.387652577|0.371232675,0.38412804|0.2174377|0.114655579|0.283186256|0.357652577|0.341232675,0|0|0|0|0|0,0|0|-0.0232190757|-0.0240078203|-0.00699673567|-0.000261409183,0.122167531|0.0569680073|0.0445965763|0.163552889|0.163685583|0.172819867,1.17867969|0.446718806|-1.85123046e-07|0.792290091|1.10729915|1.05748916,0.359391153|0.387627751|0.424400002,-0.0220312644|0.197880462|0.01308103,0.006654910743236542,0.0015059607103466988,0.0016549192368984222,0.0034557245671749115
85,4.3,-0.48911737861443505,0.41967251896858215,0.3505839407444,0.1453646421432495,0.41967254877090454,0.35,2,0,0,0,0,,,nan,0,0.34087783098220825,1.5764356851577759,36.71329116821289,0.3974216878414154,1.0,nan,0,0,0,0,0.08397851725609543,0.0,filtered,0.12022372217813526,0,0,12,,predictive_link_2,0,0,1,solved,osqp,1.602110452289529e-07,valid,-0.004870536831780098,0.270275003|0.0998908855|-0.00487053683|0.170425103|0.245463302|0.229938943,0.420275003|0.249890886|0.145129463|0.320425103|0.395463302|0.379938943,0.390275003|0.219890886|0.115129463|0.290425103|0.365463302|0.349938943,0|0|0|0|0|0,0|0|-0.0326000406|-0.0162207631|0.0045057318|0.0123838848,0.124324853|0.0615597747|0.0520820269|0.166750062|0.166579473|0.175278907,1.20542486|0.461123317|-1.60989224e-07|0.83222971|1.15293841|1.10741856,0.358289659|0.397521883|0.425054103,-0.0220312644|0.197880462|0.01308103,0.006347584538161755,0.0018253838643431664,0.001996506005525589,0.0024799546226859093
86,4.3500000000000005,-0.4445585165552396,0.419003427028656,0.3392006754875183,0.14556318521499634,0.4190034568309784,0.35,2,0,0,0,0,,,nan,0,0.3696090877056122,1.8430074453353882,25.16581153869629,0.414175420999527,1.0,nan,0,0,0,0,0.08397851725609543,0.0,filtered,0.08942204293245977,0,0,12,,predictive_link_2,0,0,1,solved,osqp,1.176511700146099e-07,valid,-0.0046353537477349105,0.276524363|0.102438946|-0.00463535375|0.17825556|0.253984978|0.239401523,0.426524363|0.252438946|0.145364646|0.32825556|0.403984978|0.389401523,0.396524363|0.222438946|0.115364646|0.29825556|0.373984978|0.359401523,0|0|0|0|0|0,0|0|-0.0413765887|-0.0119200118|0.012097205|0.0169332261,0.126416206|0.0661545792|0.0599178877|0.169928549|0.169551985|0.177782779,1.23251366|0.475910361|-1.1596818e-07|0.871030776|1.1975891|1.1523221,0.357188165|0.407416016|0.425708205,-0.0220312644|0.197880462|0.01308103,0.00578596256673336,0.0017853761091828346,0.0017236284911632538,0.00224296934902668
87,4.4,-0.40567040731201615,0.418742835521698,0.3266124129295349,0.14564061164855957,0.418742835521698,0.35,2,0,0,0,0,,,nan,0,0.40763628482818604,1.2843724489212036,29.650253295898438,0.43858304619789124,1.0,nan,0,0,0,0,0.08397851725609543,0.0,filtered,0.05895855316220083,0,1,12,predictive_link_2,predictive_link_2,0,0,1,solved,osqp,7.771510449755548e-08,valid,-0.0044368188777569595,0.282876267|0.105178887|-0.00443681888|0.186538496|0.262943261|0.249178094,0.432876267|0.255178887|0.145563181|0.336538496|0.412943261|0.399178094,0.402876267|0.225178887|0.115563181|0.306538496|0.382943261|0.369178094,0|0|0|0|0|0,0|0|-0.0502883657|0.000246080433|0.0297193644|0.0359126758,0.128441342|0.0706960978|0.0680355644|0.17304887|0.172555947|0.180276248,1.25994641|0.491411647|-7.6829667e-08|0.919448932|1.25404836|1.2129013,0.356086671|0.417310148|0.426362306,-0.0220312644|0.197880462|0.01308103,0.005768763832747936,0.001739002764225006,0.0017809774726629257,0.002211485058069229
88,4.45,-0.36225145788952157,0.4190322160720825,0.31258103251457214,0.14555466175079346,0.41903215646743774,0.35,2,0,0,0,0,,,nan,0,0.47605064511299133,1.9242804050445557,22.11455535888672,0.47651106119155884,1.0,nan,0,0,0,0,0.08397851725609543,0.0,filtered,0.0009093743008169835,0,1,12,predictive_link_2,predictive_link_2,0,0,1,solved,osqp,2.294926111645612e-08,valid,-0.004359392310025162,0.289324745|0.108034287|-0.00435939231|0.195546249|0.272929145|0.259949766,0.439324745|0.258034287|0.145640608|0.345546249|0.422929145|0.409949766,0.409324745|0.228034287|0.115640608|0.315546249|0.392929145|0.379949766,0|0|0|0|0|0,0|0|-0.0591298619|0.018879495|0.0549623727|0.0660423522,0.1304039|0.0752349517|0.0765674097|0.176134881|0.17549476|0.18267004,1.28770288|0.507372098|-2.14717018e-08|0.977199371|1.32217371|1.28851146,0.354985178|0.427204281|0.427016407,-0.0220312644|0.197880462|0.01308103,0.005625840276479721,0.001592264510691166,0.0019770609214901924,0.0020195581018924713
89,4.5,-0.37439042049898064,0.4159615635871887,0.3002379536628723,0.14646998047828674,0.4159615933895111,0.35,2,0,0,0,0,,,nan,0,0.4963555335998535,1.7849891185760498,33.58184814453125,0.4963555335998535,1.0,nan,0,0,0,0,0.08397851725609543,0.0,passthrough,7.385373306154418e-10,0,0,12,,predictive_link_2,0,0,1,solved,osqp,0.0,valid,-0.004445361012474586,0.295864336|0.110942696|-0.00444536101|0.20557556|0.284383409|0.272255111,0.445864336|0.260942696|0.145554639|0.35557556|0.434383409|0.422255111,0.415864336|0.230942696|0.115554639|0.32557556|0.404383409|0.392255111,0|0|0|0|0|0,0|0|-0.0488717725|0.033286094|0.0662264635|0.0811407893,0.132307514|0.0798264075|0.0856748845|0.179208269|0.178407575|0.185002397,1.31576486|0.523597193|0.0190216679|1.0347966|1.38216768|1.35516363,0.353883684|0.437098414|0.427670509,-0.0220312644|0.197880462|0.01308103,0.006198076531291008,0.0018841484561562538,0.0020045647397637367,0.0022678887471556664
90,4.55,-0.3850225789601291,0.40944746136665344,0.28955578804016113,0.14843523502349854,0.40944743156433105,0.35,2,0,0,0,0,,,nan,0,0.4756009876728058,1.2999615669250488,37.988216400146484,0.4756009876728058,1.0,nan,0,0,0,0,0.08397851725609543,0.0,passthrough,7.415591576885166e-10,0,0,12,,predictive_link_2,0,0,1,solved,osqp,0.0,valid,-0.0035300228440467707,0.30249712|0.114102342|-0.00353002284|0.216326526|0.296607355|0.28528766,0.45249712|0.264102342|0.146469977|0.366326526|0.446607355|0.43528766,0.42249712|0.234102342|0.116469977|0.336326526|0.416607355|0.40528766,0|0|0|0|0|0,0|0|-0.0403739689|0.0376435317|0.0675417572|0.0852761405,0.134150827|0.0843384651|0.0944157456|0.181805239|0.180923995|0.186982656,1.34413931|0.540747835|0.0399216853|1.08475488|1.43489517|1.41340944,0.35278219|0.446992546|0.42832461,-0.0220312644|0.197880462|0.01308103,0.0052289776504039764,0.001528858207166195,0.0016612689942121506,0.002002876251935959
91,4.6000000000000005,-0.3632660394933499,0.4008975028991699,0.27882274985313416,0.15106448531150818,0.4008975327014923,0.35,2,0,0,0,0,,,nan,0,0.48241642117500305,0.8886635303497314,21.438549041748047,0.48241642117500305,1.0,nan,0,0,0,0,0.08397851725609543,0.0,passthrough,7.391956428913007e-10,0,0,12,,predictive_link_2,0,0,1,solved,osqp,0.0,valid,-0.0015647872714076583,0.30922437|0.117619217|-0.00156478727|0.227323899|0.309084608|0.298606941,0.45922437|0.267619217|0.148435213|0.377323899|0.459084608|0.448606941,0.42922437|0.237619217|0.118435213|0.347323899|0.429084608|0.418606941,0|0|0|0|0|0,0|0|-0.0390435622|0.0383438549|0.0687828269|0.0869554421,0.135932592|0.0886785109|0.102593778|0.18401233|0.183032239|0.188612494,1.37283007|0.559155379|0.0572910671|1.13165178|1.4881535|1.4699957,0.351680696|0.456886679|0.428978711,-0.0220312644|0.197880462|0.01308103,0.0061520542949438095,0.0018728068098425865,0.001964307390153408,0.0022759363055229187
92,4.65,-0.3416161185939157,0.390463650226593,0.2681195139884949,0.15435317158699036,0.39046362042427063,0.35,2,0,0,0,0,,,nan,0,0.4934954047203064,0.5879316926002502,22.005945205688477,0.4934954047203064,1.0,nan,0,0,0,0,0.08397851725609543,0.0,passthrough,7.74297732479546e-10,0,0,12,,predictive_link_2,0,0,1,solved,osqp,0.0,valid,0.001064488510335998,0.316043058|0.121462706|0.00106448851|0.238462699|0.321726389|0.312120858,0.466043058|0.271462706|0.151064489|0.388462699|0.471726389|0.462120858,0.436043058|0.241462706|0.121064489|0.358462699|0.441726389|0.432120858,0|0|0|0|0|0,0|0|-0.0373538735|0.0385509259|0.0690378817|0.0855442896,0.137654437|0.0928525241|0.110482976|0.18606765|0.184954909|0.190073347,1.40182667|0.578703348|0.0773870568|1.17846937|1.54089835|1.52410107,0.350579202|0.466780812|0.429632813,-0.0220312644|0.197880462|0.01308103,0.005732608027756214,0.001787101849913597,0.0017200233414769173,0.002187819220125675
93,4.7,-0.3351390194981107,0.3781002163887024,0.25831717252731323,0.15837037563323975,0.37810027599334717,0.35,2,0,0,0,0,,,nan,0,0.4860312044620514,0.5042436122894287,18.643877029418945,0.4860312044620514,1.0,nan,0,0,0,0,0.08397851725609543,0.0,passthrough,7.370416030651218e-10,0,0,12,,predictive_link_2,0,0,1,solved,osqp,0.0,valid,0.004353161717526893,0.322950307|0.125626011|0.00435316172|0.249731163|0.334431522|0.325619957,0.472950307|0.275626011|0.154353162|0.399731163|0.484431522|0.475619957,0.442950307|0.245626011|0.124353162|0.369731163|0.454431522|0.445619957,0|0|0|0|0|0,0|0|-0.0309719914|0.0468719556|0.0761174262|0.0909331532,0.139317897|0.0968475792|0.118024211|0.187940019|0.186698785|0.19137093,1.43111912|0.599351622|0.104464866|1.23373663|1.6005423|1.58478391,0.349477708|0.476674944|0.430286914,-0.0220312644|0.197880462|0.01308103,0.0059549156576395035,0.0018140645697712898,0.0018651215359568596,0.002234427258372307
94,4.75,-0.33104203457355996,0.36412692070007324,0.24955491721630096,0.16307875514030457,0.36412692070007324,0.35,2,0,0,0,0,,,nan,0,0.47110486030578613,0.8966384530067444,9.553777694702148,0.47110486030578613,1.0,nan,0,0,0,0,0.08397851725609543,0.0,passthrough,6.480800624827942e-10,0,0,12,,predictive_link_2,0,0,1,solved,osqp,0.0,valid,0.008370394012899157,0.329939015|0.130001754|0.00837039401|0.261431162|0.347527343|0.339433501,0.479939015|0.280001754|0.158370394|0.411431162|0.497527343|0.489433501,0.449939015|0.250001754|0.128370394|0.381431162|0.467527343|0.459433501,0|0|0|0|0|0,0|0|-0.0244515265|0.0589835274|0.0875011755|0.0998206956,0.140928154|0.100751954|0.125132933|0.189584065|0.188264389|0.192513104,1.46068421|0.62075897|0.134162982|1.29429224|1.66587494|1.6500678,0.348376215|0.486569077|0.430941015,-0.0220312644|0.197880462|0.01308103,0.005941922776401043,0.0018843309953808784,0.001936011016368866,0.002092788927257061
95,4.800000000000001,-0.3260117963481582,0.3487703800201416,0.24179017543792725,0.16847562789916992,0.3487703502178192,0.35,2,0,0,0,0,,,nan,0,0.46355539560317993,0.9043807983398438,14.521059036254883,0.46355539560317993,1.0,nan,0,0,0,0,0.08397851725609543,0.0,passthrough,5.967349928597153e-10,0,0,12,,predictive_link_2,0,0,1,solved,osqp,0.0,valid,0.013078748902488307,0.337005312|0.134554559|0.0130787489|0.273711357|0.361199647|0.3537395,0.487005312|0.284554559|0.163078749|0.423711357|0.511199647|0.5037395,0.457005312|0.254554559|0.133078749|0.393711357|0.481199647|0.4737395,0|0|0|0|0|0,0|0|-0.0185253054|0.0678891646|0.0958119976|0.105525091,0.142488228|0.104604322|0.131853559|0.191026722|0.189678293|0.19352372,1.49050947|0.642822557|0.165643249|1.35376132|1.73028888|1.71400681,0.347274721|0.496463209|0.431595117,-0.0220312644|0.197880462|0.01308103,0.006040516309440136,0.0017674854025244713,0.0018175886943936348,0.002416626550257206
96,4.8500000000000005,-0.3232681617282199,0.33229362964630127,0.23514193296432495,0.17454949021339417,0.33229365944862366,0.35,2,0,0,0,0,,,nan,0,0.45924121141433716,0.7709690928459167,3.822861671447754,0.45924121141433716,1.0,nan,0,0,0,0,0.08397851725609543,0.0,passthrough,5.739797872807696e-10,0,0,12,,predictive_link_2,0,0,1,solved,osqp,0.0,valid,0.01847561817798163,0.344148038|0.13931677|0.0184756182|0.28642147|0.37523403|0.368359254,0.494148038|0.28931677|0.168475618|0.43642147|0.52523403|0.518359254,0.464148038|0.25931677|0.138475618|0.40642147|0.49523403|0.488359254,0|0|0|0|0|0,0|0|-0.0129534278|0.074575298|0.0981009481|0.109000646,0.143998885|0.108377075|0.138144458|0.192308954|0.190321744|0.194409787,1.52059104|0.665644156|0.199093503|1.41257013|1.78935881|1.77684745,0.346173227|0.506357312|0.432249218,-0.0220312644|0.197880462|0.01308103,0.00558538269251585,0.0017072316259145737,0.001753111369907856,0.002087312750518322
97,4.9,-0.32393594764257716,0.3149941861629486,0.22977040708065033,0.1812758445739746,0.314994215965271,0.35,2,0,0,0,0,,,nan,0,0.45304378867149353,0.6351963877677917,8.47623348236084,0.45304378867149353,1.0,nan,0,0,0,0,0.08397851725609543,0.0,passthrough,5.373799254470223e-10,0,0,12,,predictive_link_2,0,0,1,solved,osqp,0.0,valid,0.024549500605991786,0.351365719|0.14430825|0.0245495006|0.299458821|0.389412708|0.383173522,0.501365719|0.29430825|0.174549501|0.449458821|0.539412708|0.533173522,0.471365719|0.26430825|0.144549501|0.419458821|0.509412708|0.503173522,0|0|0|0|0|0,0|0|-0.0076024873|0.0804278008|0.0988944047|0.110994089,0.145461131|0.112049055|0.143966406|0.193438111|0.190787139|0.195175801,1.55092401|0.689282055|0.234561921|1.4717012|1.84733238|1.83886398,0.345071733|0.516251445|0.43290332,-0.0220312644|0.197880462|0.01308103,0.0055656954646110535,0.0013751033693552017,0.001992412842810154,0.002158929593861103
98,4.95,-0.3280513086569164,0.2971620261669159,0.2258172482252121,0.18862804770469666,0.2971619963645935,0.35,2,0,0,0,0,,,nan,0,0.4474475085735321,0.7699525952339172,4.460070610046387,0.4474475085735321,1.0,nan,0,0,0,0,0.08397851725609543,0.0,passthrough,4.936735508509459e-10,0,0,12,,predictive_link_2,0,0,1,solved,osqp,0.0,valid,0.03127585138209446,0.358656273|0.149532635|0.0312758514|0.312781174|0.403730379|0.398105899,0.508656273|0.299532635|0.181275851|0.462781174|0.553730379|0.548105899,0.478656273|0.269532635|0.151275851|0.432781174|0.523730379|0.518105899,0|0|0|0|0|0,0|0|-0.00241573057|0.0876167901|0.102009096|0.11403633,0.146876437|0.115614442|0.149306928|0.194415067|0.191308471|0.195834758,1.58150153|0.713744983|0.271994603|1.53315655|1.90823908|1.90229468,0.343970239|0.526145577|0.433557421,-0.0220312644|0.197880462|0.01308103,0.00626437459141016,0.0019508255645632744,0.00202858354896307,0.002244931645691395
99,5.0,-0.32979962916348926,0.279125839471817,0.2230982929468155,0.19655290246009827,0.27912577986717224,0.35,2,0,0,0,0,,,nan,0,0.443993479013443,0.8323945999145508,5.567789077758789,0.443993479013443,1.0,nan,0,0,0,0,0.08397851725609543,0.0,passthrough,4.442098805128396e-10,0,0,12,,predictive_link_2,0,0,1,solved,osqp,0.0,valid,0.03862803201514345,0.366017183|0.15498107|0.038628032|0.326437976|0.418316899|0.41319895,0.516017183|0.30498107|0.188628032|0.476437976|0.568316899|0.56319895,0.486017183|0.27498107|0.158628032|0.446437976|0.538316899|0.53319895,0|0|0|0|0|0,0|0|0.00184386216|0.0924079499|0.103785671|0.114546218,0.148246859|0.119087593|0.154197696|0.195250826|0.191897975|0.196399669,1.61231559|0.739011874|0.310553686|1.59341068|1.96895124|1.96374169,0.342868745|0.53603971|0.434211522,-0.0220312644|0.197880462|0.01308103,0.004390927031636238,0.0013002017512917519,0.001261063851416111,0.0018045352771878242
100,5.050000000000001,-0.33114133135535495,0.2611529529094696,0.22152762115001678,0.20500746369361877,0.2611529529094696,0.35,2,0,0,0,0,,,nan,0,0.4508354365825653,1.055920958518982,6.177574157714844,0.4508354365825653,1.0,nan,0,0,0,0,0.08397851725609543,0.0,passthrough,4.1018961778697693e-10,0,0,12,,predictive_link_2,0,0,1,solved,osqp,0.0,valid,0.04655287849345416,0.373447074|0.160667776|0.0465528785|0.340329979|0.433119041|0.428342444,0.523447074|0.310667776|0.196552878|0.490329979|0.583119041|0.578342444,0.493447074|0.280667776|0.166552878|0.460329979|0.553119041|0.548342444,0|0|0|0|0|0,0|0|0.00562933964|0.095409254|0.104558214|0.11249458,0.149573174|0.122447649|0.158674087|0.195975823|0.192560426|0.196881048,1.64336147|0.765118752|0.350514941|1.65270499|2.0295948|2.0227454,0.341767251|0.545933843|0.434865624,-0.0220312644|0.197880462|0.01308103,0.005825834348797798,0.0019202511757612228,0.00173209048807621,0.0021367715671658516
101,5.1000000000000005,-0.3422141322996888,0.24335302412509918,0.2215537279844284,0.2140122652053833,0.24335303902626038,0.35,2,0,0,0,0,,,nan,0,0.4731188416481018,1.4801229238510132,13.717889785766602,0.4731188416481018,1.0,nan,0,0,0,0,0.08397851725609543,0.0,passthrough,3.9694983482771187e-10,0,0,12,,predictive_link_2,0,0,1,solved,osqp,0.0,valid,0.05500746331144116,0.380944211|0.166595903|0.0550074633|0.354382482|0.448100794|0.443408913,0.530944211|0.316595903|0.205007463|0.504382482|0.598100794|0.593408913,0.500944211|0.286595903|0.175007463|0.474382482|0.568100794|0.563408913,0|0|0|0|0|0,0|0|0.010001636|0.101695024|0.109498883|0.1124565,0.150856401|0.125682216|0.162770325|0.196612629|0.193317368|0.197289864,1.67463325|0.792065828|0.392801814|1.71583758|2.09521943|2.08338202,0.340665758|0.555827975|0.435519725,-0.0220312644|0.197880462|0.01308103,0.006385874003171921,0.001962660811841488,0.0021515805274248123,0.0022312430664896965
102,5.15,-0.35829091887976583,0.22590148448944092,0.2233509123325348,0.22354966402053833,0.2259015440940857,0.35,2,0,0,0,0,,,nan,0,0.508861243724823,1.6396830081939697,4.097254753112793,0.508861243724823,1.0,nan,0,0,0,0,0.08397851725609543,0.0,passthrough,4.598914029092729e-10,0,0,12,,predictive_link_2,0,0,1,solved,osqp,0.0,valid,0.0640122691040785,0.388505855|0.17275001|0.0640122691|0.368720596|0.46346062|0.458472508,0.538505855|0.32275001|0.214012269|0.518720596|0.61346062|0.608472508,0.508505855|0.29275001|0.184012269|0.488720596|0.58346062|0.578472508,0|0|0|0|0|0,0|0|0.0141658066|0.10714798|0.114779011|0.110780156,0.152099238|0.128826933|0.166507155|0.197156258|0.194187273|0.197638862,1.70612266|0.819826973|0.436722038|1.77918662|2.16280877|2.14230905,0.339564264|0.565722108|0.436173826,-0.0220312644|0.197880462|0.01308103,0.006325081922113895,0.0019273962825536728,0.0019984524697065353,0.0023582475259900093
103,5.2,-0.37071421281168027,0.20923957228660583,0.2265966683626175,0.23342245817184448,0.20923954248428345,0.35,2,0,0,0,0,,,nan,0,0.543681800365448,1.8945494890213013,16.277095794677734,0.543681800365448,1.0,nan,0,0,0,0,0.08397851725609543,0.0,passthrough,5.981240544726283e-10,0,0,12,,predictive_link_2,0,0,1,solved,osqp,0.0,valid,0.07354968864641762,0.396130335|0.179135412|0.0735496886|0.383301459|0.479153394|0.473442456,0.546130335|0.329135412|0.223549689|0.533301459|0.629153394|0.623442456,0.516130335|0.299135412|0.193549689|0.503301459|0.599153394|0.593442456,0|0|0|0|0|0,0|0|0.0161484373|0.0986850028|0.106271698|0.0923986094,0.153303109|0.131881202|0.169886553|0.197613123|0.195137789|0.197929286,1.73782445|0.848422849|0.480233745|1.82950396|2.21802306|2.18409772,0.33846277|0.575616241|0.436827928,-0.0220312644|0.197880462|0.01308103,0.0060408031567931175,0.0018538674339652061,0.001920098438858986,0.0022267838940024376
104,5.25,-0.3847269335852338,0.19368800520896912,0.231233149766922,0.24343308806419373,0.1936880648136139,0.35,2,0,0,0,0,,,nan,0,0.5951774716377258,2.5391416549682617,20.1924991607666,0.595177412033081,1.0,nan,0,0,0,0,0.08397851725609543,0.0,filtered,2.0710953498238443e-07,0,0,12,,predictive_link_2,0,0,1,solved,osqp,0.0,valid,0.08342243498991173,0.403816972|0.185758453|0.083422435|0.397515487|0.494367344|0.487525348,0.553816972|0.335758453|0.233422435|0.547515487|0.644367344|0.637525348,0.523816972|0.305758453|0.203422435|0.517515487|0.614367344|0.607525348,0|0|0|0|0|0,0|0|0.0156371864|0.0837233891|0.0915269667|0.0646228582,0.154466634|0.134757822|0.172788502|0.19798737|0.196101994|0.198150603,1.76973452|0.877791636|0.522115429|1.87177271|2.26509834|2.21287485,0.337361276|0.585510373|0.437482029,-0.0220312644|0.197880462|0.01308103,0.005146918818354607,0.0018852045759558678,0.0017015179619193077,0.001520843245089054
105,5.300000000000001,-0.3963197269233072,0.17936919629573822,0.23700648546218872,0.25345250964164734,0.1793692260980606,0.35,2,0,0,0,0,,,nan,0,0.6576741933822632,2.6198086738586426,12.661886215209961,0.6576738357543945,1.0,nan,0,0,0,0,0.08397851725609543,0.0,filtered,5.551328614645284e-07,0,0,12,,predictive_link_2,0,0,1,solved,osqp,0.0,valid,0.09343309920001272,0.41156347|0.192589181|0.0934330992|0.411050874|0.508568435|0.500227713,0.56156347|0.342589181|0.243433099|0.561050874|0.658568435|0.650227713,0.53156347|0.312589181|0.213433099|0.531050874|0.628568435|0.620227713,0|0|0|0|0|0,0|0|0.0129315511|0.069873526|0.0783639273|0.0387347677,0.155590918|0.137443198|0.175130892|0.198259913|0.197006265|0.198312552,1.8018448|0.907799922|0.56179484|1.91233693|2.30964393|2.23795817,0.336259782|0.595404506|0.438136131,-0.0220312644|0.197880462|0.01308103,0.0037566479295492172,0.0011157849803566933,0.001127638854086399,0.0014890329912304878
106,5.3500000000000005,-0.3981359864424367,0.16636629402637482,0.24326787889003754,0.26333799958229065,0.1663663238286972,0.35,2,0,0,0,0,,,nan,0,0.7181971669197083,2.657233476638794,14.493016242980957,0.7181966304779053,1.0,nan,0,0,0,0,0.08397851725609543,0.0,filtered,9.106050007997157e-07,0,0,12,,predictive_link_2,0,0,1,solved,osqp,0.0,valid,0.1034525287241145,0.419367292|0.199598516|0.103452529|0.423935228|0.521557724|0.5116224,0.569367292|0.349598516|0.253452529|0.573935228|0.671557724|0.6616224,0.539367292|0.319598516|0.223452529|0.543935228|0.641557724|0.6316224,0|0|0|0|0|0,0|0|0.00779924922|0.0560268657|0.064083515|0.0144679349,0.156678447|0.139972161|0.176948037|0.198433347|0.197751365|0.198437967,1.83414762|0.938366227|0.598557401|1.95020113|2.34806578|2.2593955,0.335158288|0.605298638|0.438790232,-0.0220312644|0.197880462|0.01308103,0.0051480429247021675,0.001100623980164528,0.0017972476780414581,0.002225002273917198
107,5.4,-0.38022003572871776,0.15506771206855774,0.24885687232017517,0.27264314889907837,0.15506769716739655,0.35,2,0,0,0,0,,,nan,0,0.7561653256416321,2.6286044120788574,22.702760696411133,0.7561646103858948,1.0,nan,0,0,0,0,0.08397851725609543,0.0,filtered,1.0646872401353066e-06,0,0,12,,predictive_link_2,0,0,1,solved,osqp,0.0,valid,0.11333801832059912,0.427226448|0.206767036|0.113338018|0.436154892|0.533297936|0.521784363,0.577226448|0.356767036|0.263338018|0.586154892|0.683297936|0.671784363,0.547226448|0.326767036|0.233338018|0.556154892|0.653297936|0.641784363,0|0|0|0|0|0,0|0|-0.00245976162|0.0228194367|0.0230863433|-0.0282270258,0.157730973|0.142360768|0.178281811|0.198514366|0.198050598|0.198546871,1.86663677|0.969428912|0.629174123|1.96595337|2.35432869|2.2574573,0.334056795|0.615192771|0.439444333,-0.0220312644|0.197880462|0.01308103,0.005745003931224346,0.0017758803442120552,0.0017753317952156067,0.0021651163697242737
108,5.45,-0.34560155290638594,0.14550110697746277,0.2528201639652252,0.2811284363269806,0.14550110697746277,0.35,2,0,0,0,0,,,nan,0,0.765599250793457,3.0415878295898438,26.265356063842773,0.7655985355377197,1.0,nan,0,0,0,0,0.08397851725609543,0.0,filtered,9.59568708263573e-07,0,0,12,,predictive_link_2,0,0,1,solved,osqp,0.0,valid,0.1226431521159094,0.435138887|0.214031865|0.122643152|0.446863075|0.543063265|0.529863709,0.585138887|0.364031865|0.272643152|0.596863075|0.693063265|0.679863709,0.555138887|0.334031865|0.242643152|0.566863075|0.663063265|0.649863709,0|0|0|0|0|0,0|0|-0.0153369255|-0.0176531786|-0.0274700649|-0.075874428,0.158745966|0.144500601|0.179051639|0.198512377|0.198247725|0.198646437,1.89930151|1.00062806|0.654287322|1.9683115|2.34303072|2.24222685,0.332955301|0.625086904|0.440098435,-0.0220312644|0.197880462|0.01308103,0.004461841657757759,0.0016405703499913216,0.001119060441851616,0.0016631800681352615
109,5.5,-0.31354888183883756,0.13734443485736847,0.25530409812927246,0.2888695001602173,0.13734443485736847,0.35,2,0,0,0,0,,,nan,0,0.7460671663284302,3.366403102874756,35.003135681152344,0.7460669279098511,1.0,nan,0,0,0,0,0.08397851725609543,0.0,filtered,4.0770072683704846e-07,0,0,12,,predictive_link_2,0,0,1,solved,osqp,0.0,valid,0.13112842653004153,0.443101589|0.221324808|0.131128427|0.455757524|0.550556843|0.535687714,0.593101589|0.371324808|0.281128427|0.605757524|0.700556843|0.685687714,0.563101589|0.341324808|0.251128427|0.575757524|0.670556843|0.655687714,0|0|0|0|0|0,0|0|-0.0274428081|-0.050149062|-0.0698714449|-0.108129392,0.159723038|0.146353767|0.17926347|0.198418823|0.198384999|0.198745544,1.9321294|1.031653|0.676334368|1.97129986|2.33074093|2.23336701,0.331853807|0.634981036|0.440752536,-0.0220312644|0.197880462|0.01308103,0.005006026476621628,0.0017973827198147774,0.0011906241998076439,0.001974654383957386
110,5.550000000000001,-0.2974713383289054,0.12995359301567078,0.25720977783203125,0.2963428795337677,0.12995359301567078,0.35,2,0,0,0,0,,,nan,0,0.6821306347846985,3.002950429916382,40.975860595703125,0.6821306347846985,1.0,nan,0,0,0,0,0.08397851725609543,0.0,passthrough,1.4220303980673988e-09,0,0,12,,predictive_link_2,0,0,1,solved,osqp,0.0,valid,0.13886949082838007,0.451112042|0.228627997|0.138869491|0.463120815|0.55630954|0.539948866,0.601112042|0.378627997|0.288869491|0.613120815|0.70630954|0.689948866,0.571112042|0.348627997|0.258869491|0.583120815|0.67630954|0.659948866,0|0|0|0|0|0,0|0|-0.0316089589|-0.0588366464|-0.0825489319|-0.108702483,0.160665312|0.147984547|0.178981186|0.198224546|0.198467524|0.198850294,1.96511348|1.06249653|0.702850191|1.99187116|2.34115675|2.24994327,0.330752313|0.644875169|0.441406637,-0.0220312644|0.197880462|0.01308103,0.005148472264409065,0.0016949884593486786,0.0018511954694986343,0.0015761367976665497
111,5.6000000000000005,-0.27854639771291323,0.12294501066207886,0.2583869397640228,0.30388733744621277,0.12294501811265945,0.35,2,0,0,0,0,,,nan,0,0.6088923215866089,2.974644660949707,38.38212966918945,0.6088923215866089,1.0,nan,0,0,0,0,0.08397851725609543,0.0,passthrough,1.2375948669301647e-09,0,0,12,,predictive_link_2,0,0,1,solved,osqp,0.0,valid,0.14634288439886534,0.459168765|0.235985518|0.146342884|0.469986615|0.56172063|0.544153883,0.609168765|0.385985518|0.296342884|0.619986615|0.71172063|0.694153883,0.579168765|0.355985518|0.266342884|0.589986615|0.68172063|0.664153883,0|0|0|0|0|0,0|0|-0.0294656148|-0.0516354314|-0.0754933121|-0.0922439079,0.161577052|0.149508584|0.178521849|0.197973038|0.198502239|0.198940343,1.99825211|1.09345066|0.734427772|2.02628407|2.36989145|2.28331197,0.329650819|0.654769301|0.442060739,-0.0220312644|0.197880462|0.01308103,0.005810117349028587,0.001583707518875599,0.0018782354891300201,0.0023124823346734047
112,5.65,-0.2723780756134074,0.11628484725952148,0.2595424950122833,0.3115249276161194,0.1162848174571991,0.35,2,0,0,0,0,,,nan,0,0.5957664251327515,2.3845765590667725,27.5377140045166,0.5957664251327515,1.0,nan,0,0,0,0,0.08397851725609543,0.0,passthrough,1.1767117792825298e-09,0,0,12,,predictive_link_2,0,0,1,solved,osqp,0.0,valid,0.1538873385135171,0.467270316|0.243419683|0.153887339|0.477162461|0.567726219|0.549196011,0.617270316|0.393419683|0.303887339|0.627162461|0.717726219|0.699196011,0.587270316|0.363419683|0.273887339|0.597162461|0.687726219|0.669196011,0|0|0|0|0|0,0|0|-0.0274490948|-0.0432925453|-0.0670414822|-0.0769554189,0.162459923|0.150967762|0.178151682|0.197683221|0.198468984|0.198989427,2.03154119|1.12464649|0.766251941|2.06304052|2.40233238|2.31881805,0.328549325|0.664663434|0.44271484,-0.0220312644|0.197880462|0.01308103,0.005722799338400364,0.0016158847138285637,0.001834510825574398,0.0022334111854434013
113,5.7,-0.27947573945876936,0.11009547114372253,0.2613435387611389,0.31908661127090454,0.11009548604488373,0.35,2,0,0,0,0,,,nan,0,0.6232540607452393,1.8989216089248657,16.223896026611328,0.6232540607452393,1.0,nan,0,0,0,0,0.08397851725609543,0.0,passthrough,1.1700144985823071e-09,0,0,12,,predictive_link_2,0,0,1,solved,osqp,0.0,valid,0.16152490767250605,0.475415461|0.250936614|0.161524908|0.484697337|0.574322968|0.554955841,0.625415461|0.400936614|0.311524908|0.634697337|0.724322968|0.704955841,0.595415461|0.370936614|0.281524908|0.604697337|0.694322968|0.674955841,0|0|0|0|0|0,0|0|-0.0283181974|-0.0446376956|-0.0703703972|-0.074969568,0.163315567|0.152380937|0.177871861|0.197348813|0.198367814|0.198989803,2.06497741|1.15612739|0.795653294|2.09150046|2.42528929|2.3438436,0.327447832|0.674557567|0.443368942,-0.0220312644|0.197880462|0.01308103,0.005805687978863716,0.0018066596239805222,0.0016551902517676353,0.002302945591509342
114,5.75,-0.29369837632326834,0.10453935712575912,0.26407647132873535,0.32630598545074463,0.10453936457633972,0.35,2,0,0,0,0,,,nan,0,0.6655994057655334,2.2214128971099854,25.992338180541992,0.6655994057655334,1.0,nan,0,0,0,0,0.08397851725609543,0.0,passthrough,1.1538300538706303e-09,0,0,12,,predictive_link_2,0,0,1,solved,osqp,0.0,valid,0.16908661358454957,0.483602558|0.258510814|0.169086614|0.492137611|0.580896626|0.560777081,0.633602558|0.408510814|0.319086614|0.642137611|0.730896626|0.710777081,0.603602558|0.378510814|0.289086614|0.612137611|0.700896626|0.680777081,0|0|0|0|0|0,0|0|-0.0317857975|-0.0670175476|-0.0979083518|-0.0953801246,0.16414425|0.153721066|0.177552878|0.196941827|0.198186298|0.198930626,2.09855448|1.18776432|0.822113535|2.09847472|2.42386445|2.34665883,0.326346338|0.684451699|0.444023043,-0.0220312644|0.197880462|0.01308103,0.005720616318285465,0.0018424047157168388,0.00169476680457592,0.002143707126379013
115,5.800000000000001,-0.5342520893527853,0.3013625741004944,0.2689586579799652,0.3255520462989807,0.27668121457099915,0.35,2,0,0,0,0,,,nan,0,0.6824899911880493,1.8238314390182495,23.002952575683594,0.6824899911880493,1.0,nan,0,0,0,0,0.08397851725609543,0.0,passthrough,1.0777209694463656e-09,0,0,12,,predictive_link_2,0,0,1,solved,osqp,0.0,valid,0.17630598038042578,0.491828556|0.26605769|0.17630598|0.498557451|0.586307539|0.565573607,0.641828556|0.41605769|0.32630598|0.648557451|0.736307539|0.715573607,0.611828556|0.38605769|0.29630598|0.618557451|0.706307539|0.685573607,0|0|0|0|0|0,0|0|-0.033639395|-0.0777228815|-0.112200727|-0.102286341,0.164943662|0.154892616|0.177011227|0.196440736|0.19789065|0.198783741,2.13225789|1.21912337|0.848595754|2.11294766|2.43092008|2.35879183,0.325244844|0.694345832|0.444677144,-0.0220312644|0.197880462|0.01308103,0.005854799412190914,0.0018621301278471947,0.0017569391056895256,0.0021949168294668198
116,5.8500000000000005,-0.5794796143354972,0.2991960048675537,0.2757466733455658,0.31526705622673035,0.2724137604236603,0.35,2,0,0,0,0,,,nan,0,0.49748674035072327,7.763296127319336,171.69715881347656,0.5029914379119873,1.0,nan,0,0,0,0,0.08397851725609543,0.0,filtered,0.013451108513630615,0,0,12,,predictive_link_2,0,0,1,solved,osqp,0.0,valid,0.14651840915066638,0.466930039|0.244182308|0.146518409|0.466447012|0.55428002|0.533116089,0.616930039|0.394182308|0.296518409|0.616447012|0.70428002|0.683116089,0.586930039|0.364182308|0.266518409|0.586447012|0.67428002|0.653116089,0.15|0.15|0.15|0.15|0.15|0.15,0|0|-0.0187334186|0.00698178568|-0.0099112304|-0.00595248127,-0.172266189|-0.150364091|-0.193163126|-0.197784137|-0.190938651|-0.19071595,1.69545397|0.826365142|0.374177092|1.6749857|2.0162702|1.93579592,0.32414335|0.695877433|0.445331246,-0.0220312644|-0.197880462|0.01308103,0.005811840295791626,0.001842276193201542,0.0018945606425404549,0.0020379377529025078
117,5.9,-0.6054476818900255,0.3014930486679077,0.28347212076187134,0.3058089315891266,0.27256348729133606,0.35,2,0,0,0,0,,,nan,0,0.5870190858840942,6.468147277832031,38.21455764770508,0.5870189070701599,1.0,nan,0,0,0,0,0.08397851725609543,0.0,filtered,3.433527288635346e-07,0,0,12,,predictive_link_2,0,0,1,solved,osqp,0.0,valid,0.13633685685011265,0.458337226|0.236825179|0.136336857|0.456313191|0.544321648|0.52272077,0.608337226|0.386825179|0.286336857|0.606313191|0.694321648|0.67272077,0.578337226|0.356825179|0.256336857|0.576313191|0.664321648|0.64272077,0.15|0.15|0.15|0.15|0.15|0.15,0|0|-0.0133875785|0.0781640882|0.0757291184|0.0779375243,-0.171606195|-0.148957176|-0.192418526|-0.197833317|-0.191137574|-0.190970406,1.66174271|0.798343541|0.339541322|1.70558353|2.06187814|1.9778502,0.323041856|0.6859833|0.445985347,-0.0220312644|-0.197880462|0.01308103,0.005847323685884476,0.0018104594200849533,0.0019106660038232803,0.002086651511490345
118,5.95,-0.5808027429426557,0.30485987663269043,0.28938841819763184,0.2970410883426666,0.2737191617488861,0.35,2,0,0,0,0,,,nan,0,0.6743532419204712,4.425154685974121,97.42401123046875,0.6743524074554443,1.0,nan,0,0,0,0,0.08397851725609543,0.0,filtered,1.234573040011632e-06,0,0,12,,predictive_link_2,0,0,1,solved,osqp,0.0,valid,0.12692225303020424,0.449784119|0.229820345|0.126922253|0.44933361|0.538404667|0.516425331,0.599784119|0.379820345|0.276922253|0.59933361|0.688404667|0.666425331,0.569784119|0.349820345|0.246922253|0.56933361|0.658404667|0.636425331,0.15|0.15|0.15|0.15|0.15|0.15,0|0|-0.00543377977|0.117106428|0.128108281|0.117123645,-0.170933019|-0.147779565|-0.192098953|-0.197871981|-0.19140744|-0.19127433,1.62820346|0.771501814|0.31015628|1.71656889|2.09031951|1.99155064,0.321940362|0.676089168|0.446639448,-0.0220312644|-0.197880462|0.01308103,0.006039812229573727,0.0018059741705656052,0.0019500749185681343,0.0022431034594774246
119,6.0,-0.5406378539759176,0.30732905864715576,0.29274317622184753,0.2889445424079895,0.2739344835281372,0.35,2,0,0,0,0,,,nan,0,0.6960916519165039,3.906425952911377,60.438289642333984,0.6960909366607666,1.0,nan,0,0,0,0,0.08397851725609543,0.0,filtered,9.429270424017024e-07,0,0,12,,predictive_link_2,0,0,1,solved,osqp,0.0,valid,0.11813932688966575,0.441269238|0.223043692|0.118139327|0.444254285|0.534630413|0.512032399,0.591269238|0.373043692|0.268139327|0.594254285|0.684630413|0.662032399,0.561269238|0.343043692|0.238139327|0.564254285|0.654630413|0.632032399,0.15|0.15|0.15|0.15|0.15|0.15,0|0|0.00533676164|0.134478174|0.155203377|0.127986309,-0.170239937|-0.146677861|-0.192196393|-0.197885545|-0.191605251|-0.19145115,1.59483702|0.745496909|0.285697676|1.71360977|2.10211978|1.98466476,0.320838869|0.666195035|0.44729355,-0.0220312644|-0.197880462|0.01308103,0.006189423613250256,0.00187635887414217,0.0019245119765400887,0.0023521678522229195
120,6.050000000000001,-0.5597226699728779,0.3306497037410736,0.2956656813621521,0.28052818775177,0.29478123784065247,0.35,2,0,0,0,0,,,nan,0,0.6143321394920349,4.039162635803223,94.89568328857422,0.6143316030502319,1.0,nan,0,0,0,0,0.08397851725609543,0.0,filtered,6.181255519940028e-07,0,0,12,,predictive_link_2,0,0,1,solved,osqp,0.0,valid,0.10998090892577614,0.43279116|0.216398578|0.109980909|0.440290682|0.531832554|0.508373744,0.58279116|0.366398578|0.259980909|0.590290682|0.681832554|0.658373744,0.55279116|0.336398578|0.229980909|0.560290682|0.651832554|0.628373744,0.15|0.15|0.15|0.15|0.15|0.15,0|0|0.00481057703|0.0959220773|0.110453461|0.0766979611,-0.169522159|-0.145546534|-0.192628124|-0.197863563|-0.191654939|-0.19143302,1.56164248|0.720047779|0.252106089|1.65922124|2.04612874|1.91875992,0.319737375|0.656300902|0.447947651,-0.0220312644|-0.197880462|0.01308103,0.005148811265826225,0.001506272703409195,0.0016343053430318832,0.0019738739356398582
121,6.1000000000000005,-0.5977616256546588,0.35461297631263733,0.29919055104255676,0.27183300256729126,0.3160286247730255,0.35,2,0,0,0,0,,,nan,0,0.6286742687225342,2.590411901473999,41.60460662841797,0.6286734938621521,1.0,nan,0,0,0,0,0.08397851725609543,0.0,filtered,9.019795692577456e-07,0,0,12,,predictive_link_2,0,0,1,solved,osqp,0.0,valid,0.10153034151509807,0.424346562|0.209676144|0.101530342|0.434783889|0.52678517|0.502483081,0.574346562|0.359676144|0.251530342|0.584783889|0.67678517|0.652483081,0.544346562|0.329676144|0.221530342|0.554783889|0.64678517|0.622483081,0.15|0.15|0.15|0.15|0.15|0.15,0|0|0.00127514307|0.0755905362|0.0857367454|0.0461572243,-0.168774115|-0.144217783|-0.19286308|-0.197838099|-0.191644257|-0.191372284,1.52861213|0.694486795|0.214533429|1.61688799|2.00123317|1.86471727,0.318635881|0.64640677|0.448601753,-0.0220312644|-0.197880462|0.01308103,0.005472094751894474,0.001528073102235794,0.0016042627394199371,0.0023062024265527725
122,6.15,-0.6373944776565328,0.3756466507911682,0.3034800589084625,0.2630850672721863,0.3341316282749176,0.35,2,0,0,0,0,,,nan,0,0.683300793170929,1.834101915359497,40.2132682800293,0.6832998394966125,1.0,nan,0,0,0,0,0.08397851725609543,0.0,filtered,1.264541926504261e-06,0,0,12,,predictive_link_2,0,0,1,solved,osqp,0.0,valid,0.09282154037965437,0.415939339|0.20297642|0.0928215404|0.428409276|0.520399668|0.495207719,0.565939339|0.35297642|0.24282154|0.578409276|0.670399668|0.645207719,0.535939339|0.32297642|0.21282154|0.548409276|0.640399668|0.615207719,0.15|0.15|0.15|0.15|0.15|0.15,0|0|-0.00126355607|0.0728144534|0.0813078904|0.0350493457,-0.167998262|-0.142783731|-0.192950348|-0.197830829|-0.191647618|-0.191333244,1.49575909|0.669121948|0.177072257|1.58862073|1.97125895|1.82454698,0.317534387|0.636512637|0.449255854,-0.0220312644|-0.197880462|0.01308103,0.0054285284131765366,0.001538940705358982,0.001614573411643505,0.0022388622164726257
123,6.2,-0.6897528175055848,0.3989388942718506,0.309013307094574,0.2542450428009033,0.3542499244213104,0.35,2,0,0,0,0,,,nan,0,0.72792649269104,1.5395063161849976,17.847047805786133,0.7279255390167236,1.0,nan,0,0,0,0,0.08397851725609543,0.0,filtered,1.3444021153082066e-06,0,0,12,,predictive_link_2,0,0,1,solved,osqp,0.0,valid,0.08406562987917707,0.407572957|0.196388749|0.0840656299|0.42194453|0.513644694|0.487430678,0.557572957|0.346388749|0.23406563|0.57194453|0.663644694|0.637430678,0.527572957|0.316388749|0.20406563|0.54194453|0.633644694|0.607430678,0.15|0.15|0.15|0.15|0.15|0.15,0|0|-0.00610346688|0.0722428667|0.0785172907|0.0291402182,-0.167195855|-0.141313646|-0.192997074|-0.197841433|-0.191676084|-0.19130955,1.46309597|0.644241348|0.137161978|1.56217955|1.94141998|1.78755338,0.316432893|0.626618505|0.449909955,-0.0220312644|-0.197880462|0.01308103,0.006181900389492512,0.0018549030646681786,0.0019930358976125717,0.002295367419719696
124,6.25,-0.7391766753301034,0.4227693974971771,0.3155239522457123,0.24536877870559692,0.3746564984321594,0.35,2,0,0,0,0,,,nan,0,0.7487528324127197,1.024383783340454,13.991673469543457,0.7487520575523376,1.0,nan,0,0,0,0,0.08397851725609543,0.0,filtered,1.1421238841537778e-06,0,0,12,,predictive_link_2,0,0,1,solved,osqp,0.0,valid,0.07522554092777381,0.399250001|0.189951992|0.0752255409|0.415432974|0.506671443|0.479382456,0.549250001|0.339951992|0.225225541|0.565432974|0.656671443|0.629382456,0.519250001|0.309951992|0.195225541|0.535432974|0.626671443|0.599382456,0.15|0.15|0.15|0.15|0.15|0.15,0|0|-0.0100528969|0.0737733707|0.0786046293|0.0283927541,-0.166366909|-0.139834302|-0.192986549|-0.197880363|-0.191762382|-0.191337539,1.43063309|0.619973666|0.0978627176|1.5376249|1.91352802|1.75458504,0.315331399|0.616724372|0.450564057,-0.0220312644|-0.197880462|0.01308103,0.006144094280898571,0.0018885591998696327,0.001955571584403515,0.0022580139338970184
125,6.300000000000001,-0.7842973615119728,0.446519136428833,0.3227146863937378,0.23654377460479736,0.39473915100097656,0.35,2,0,0,0,0,,,nan,0,0.7484529614448547,0.7448006272315979,15.44247055053711,0.748452365398407,1.0,nan,0,0,0,0,0.08397851725609543,0.0,filtered,8.421334222852708e-07,0,0,12,,predictive_link_2,0,0,1,solved,osqp,0.0,valid,0.06635301673186852,0.390972095|0.183676168|0.0663530167|0.408977121|0.499672483|0.471315618,0.540972095|0.333676168|0.216353017|0.558977121|0.649672483|0.621315618,0.510972095|0.303676168|0.186353017|0.528977121|0.619672483|0.591315618,0.15|0.15|0.15|0.15|0.15|0.15,0|0|-0.0128621614|0.0795062966|0.0834004111|0.0339426832,-0.165510247|-0.138347815|-0.192948082|-0.197940799|-0.191889719|-0.19140117,1.39837813|0.596356858|0.0596018233|1.51747398|1.89020062|1.72780399,0.314229906|0.606830239|0.451218158,-0.0220312644|-0.197880462|0.01308103,0.006118126213550568,0.0018928004428744316,0.001900400035083294,0.0022848807275295258
126,6.3500000000000005,-0.82471526576039,0.47131067514419556,0.3302292227745056,0.22779589891433716,0.4156128466129303,0.35,2,0,0,0,0,,,nan,0,0.7340690493583679,0.6344810128211975,10.931109428405762,0.7340686917304993,1.0,nan,0,0,0,0,0.08397851725609543,0.0,filtered,5.222048833313467e-07,0,0,12,,predictive_link_2,0,0,1,solved,osqp,0.0,valid,0.05753024711887181,0.382741169|0.177580392|0.0575302471|0.402766837|0.492922965|0.463541498,0.532741169|0.327580392|0.207530247|0.552766837|0.642922965|0.613541498,0.502741169|0.297580392|0.177530247|0.522766837|0.612922965|0.583541498,0.15|0.15|0.15|0.15|0.15|0.15,0|0|-0.0145653297|0.0842401065|0.0873517493|0.0394694645,-0.164624855|-0.13686309|-0.192919855|-0.19801221|-0.192046469|-0.191493367,1.36633982|0.573458479|0.0226358033|1.49729525|1.86699714|1.70214209,0.313128412|0.596936107|0.451872259,-0.0220312644|-0.197880462|0.01308103,0.006134225055575371,0.001835365779697895,0.001973327249288559,0.002284470945596695
127,6.4,-0.8309590677269364,0.48334789276123047,0.3369046449661255,0.21980935335159302,0.423726886510849,0.35,2,0,0,0,0,,,nan,0,0.7058249711990356,2.10735821723938,42.45158386230469,0.715093195438385,1.0,nan,0,0,0,0,0.08397851725609543,0.0,filtered,0.09970904198718847,0,1,12,predictive_link_2,predictive_link_2,0,0,1,solved,osqp,4.840020510852444e-08,valid,0.04878141251465504,0.374558359|0.171652576|0.0487814125|0.39677764|0.486406927|0.456053471,0.524558359|0.321652576|0.198781413|0.54677764|0.636406927|0.606053471,0.494558359|0.291652576|0.168781413|0.51677764|0.606406927|0.576053471,0.15|0.15|0.15|0.15|0.15|0.15,0|0|-0.00221145133|0.105136767|0.114036466|0.0642785791,-0.163708856|-0.135365536|-0.192914247|-0.19808611|-0.192214206|-0.191595999,1.33452458|0.551244768|-4.84387372e-08|1.49416122|1.86744997|1.69689647,0.312026918|0.587041974|0.452526361,-0.0220312644|-0.197880462|0.01308103,0.00612257793545723,0.0018775006756186485,0.0018996279686689377,0.002306221053004265
128,6.45,-0.7918538161498493,0.5439913272857666,0.33695247769355774,0.21012863516807556,0.4794854521751404,0.35,2,0,0,0,0,,,nan,0,0.0,14.116499900817871,277.04876708984375,0.7010980248451233,1.0,nan,0,0,0,0,0.08397851725609543,0.0,safe_stop_infeasible,0.7010980492190858,1,0,12,,qp_solver,0,0,0,primal infeasible,osqp,0.0,valid,0.040755880157430396,0.366423941|0.165889873|0.0407558802|0.391995579|0.481184848|0.449879445,0.516423941|0.315889873|0.19075588|0.541995579|0.631184848|0.599879445,0.486423941|0.285889873|0.16075588|0.511995579|0.601184848|0.569879445,0.15|0.15|0.15|0.15|0.15|0.15,0|0|0|0|0|0,-0.162759633|-0.133850384|-0.193184017|-0.198122608|-0.192252996|-0.191551335,1.30293613|0.529709108|-0.0301604968|1.36985971|1.7324864|1.60796644,0.310925424|0.577147841|0.453180462,-0.0220312644|-0.197880462|0.01308103,0.006063232198357582,0.0018386635929346085,0.0018976163119077682,0.0022859368473291397
129,6.5,-0.8058882125598377,0.5788142681121826,0.33695247769355774,0.200443297624588,0.5090354084968567,0.35,2,0,0,0,0,,,nan,0,0.0,0.0,282.3299865722656,0.3221225440502167,1.0,nan,0,0,0,0,0.08397851725609543,0.0,safe_stop_infeasible,0.3221225392724997,1,0,12,,qp_solver,0,0,0,primal infeasible,osqp,0.0,valid,0.03112475307216042,0.358311204|0.159261782|0.0311247531|0.38213389|0.471627115|0.4403559,0.508311204|0.309261782|0.181124753|0.53213389|0.621627115|0.5903559,0.478311204|0.279261782|0.151124753|0.50213389|0.591627115|0.5603559,0.15|0.15|0.15|0.15|0.15|0.15,0|0|0|0|0|0,-0.161750915|-0.131571362|-0.192809923|-0.19808066|-0.192060735|-0.191328392,1.2714939|0.505475765|-0.0683109112|1.3304549|1.69444773|1.57009521,0.30982393|0.567253709|0.453834563,-0.0220312644|-0.197880462|0.01308103,0.0060389041900634766,0.0018208613619208336,0.0019401432946324348,0.0022355569526553154
130,6.550000000000001,-0.842929817078728,0.615855872631073,0.33695247769355774,0.19077473878860474,0.5403985977172852,0.35,2,0,0,0,0,,,nan,0,0.0,0.0,0.0,0.37131884694099426,1.0,nan,0,0,0,0,0.08397851725609543,0.0,safe_stop_infeasible,0.3713188609743814,1,0,12,,qp_solver,0,0,0,primal infeasible,osqp,0.0,valid,0.021494425687749813,0.350249625|0.152742286|0.0214944257|0.372230848|0.462028949|0.43079511,0.500249625|0.302742286|0.171494426|0.522230848|0.612028949|0.58079511,0.470249625|0.272742286|0.141494426|0.492230848|0.582028949|0.55079511,0.15|0.15|0.15|0.15|0.15|0.15,0|0|0|0|0|0,-0.160704478|-0.129191295|-0.19239356|-0.198035779|-0.191861047|-0.191097511,1.24029402|0.481777849|-0.106415857|1.29088761|1.65625475|1.53208293,0.308722436|0.557359576|0.454488665,-0.0220312644|-0.197880462|0.01308103,0.006086503155529499,0.001848124898970127,0.0019388245418667793,0.00225919671356678
131,6.6000000000000005,-0.8826616772395557,0.6555877327919006,0.33695247769355774,0.1811244785785675,0.5740203261375427,0.35,2,0,0,0,0,,,nan,0,0.0,0.0,0.0,0.3741184175014496,1.0,nan,0,0,0,0,0.08397851725609543,0.0,safe_stop_infeasible,0.3741184224991117,1,0,12,,qp_solver,0,0,0,primal infeasible,osqp,0.0,valid,0.011885875942129948,0.34224134|0.146344257|0.0118858759|0.36233011|0.452440935|0.421246091,0.49224134|0.296344257|0.161885876|0.51233011|0.602440935|0.571246091,0.46224134|0.266344257|0.131885876|0.48233011|0.572440935|0.541246091,0.15|0.15|0.15|0.15|0.15|0.15,0|0|0|0|0|0,-0.159618887|-0.126712342|-0.191938078|-0.197988792|-0.19165341|-0.190856966,1.20934647|0.458664687|-0.144394574|1.25133165|1.61811033|1.4941274,0.307620943|0.547465444|0.455142766,-0.0220312644|-0.197880462|0.01308103,0.006019222550094128,0.0018938761204481125,0.0019026165828108788,0.002182910218834877
132,6.65,-0.9252732166034168,0.6981992721557617,0.33695247769355774,0.17149418592453003,0.6100636124610901,0.35,2,0,0,0,0,,,nan,0,0.0,0.0,0.0,0.3767358362674713,1.0,nan,0,0,0,0,0.08397851725609543,0.0,safe_stop_infeasible,0.3767358245642165,1,0,12,,qp_solver,0,0,0,primal infeasible,osqp,0.0,valid,0.0023011804633688293,0.334288351|0.140072723|0.00230118046|0.352431777|0.44286351|0.411709351,0.484288351|0.290072723|0.15230118|0.502431777|0.59286351|0.561709351,0.454288351|0.260072723|0.12230118|0.472431777|0.56286351|0.531709351,0.15|0.15|0.15|0.15|0.15|0.15,0|0|0|0|0|0,-0.158492449|-0.124131009|-0.191438531|-0.197939566|-0.191437406|-0.190606225,1.17866095|0.436159885|-0.182233809|1.21178754|1.58001663|1.45623118,0.306519449|0.537571311|0.455796868,-0.0220312644|-0.197880462|0.01308103,0.00598624162375927,0.0018200604245066643,0.0018897568807005882,0.0022350726649165154
133,6.7,-0.9709653028232044,0.7438913583755493,0.33695247769355774,0.16188561916351318,0.6487029194831848,0.35,2,0,0,0,0,,,nan,0,0.0,0.0,0.0,0.38251569867134094,1.0,nan,0,0,0,0,0.08397851725609543,0.0,safe_stop_infeasible,0.38251568824432036,1,0,12,,qp_solver,0,0,0,primal infeasible,osqp,0.0,valid,-0.007257317659694756,0.326392742|0.13393289|-0.00725731766|0.342535964|0.433297103|0.402185415,0.476392742|0.28393289|0.142742682|0.492535964|0.583297103|0.552185415,0.446392742|0.25393289|0.112742682|0.462535964|0.553297103|0.522185415,0.15|0.15|0.15|0.15|0.15|0.15,0|0|0|0|0|0,-0.157323399|-0.12144384|-0.190889185|-0.197887957|-0.19121259|-0.190344716,1.14824757|0.414287718|-0.219918456|1.1722559|1.54197582|1.41839695,0.305417955|0.527677178|0.456450969,-0.0220312644|-0.197880462|0.01308103,0.00538029707968235,0.0016657188534736633,0.0016779936850070953,0.0020000506192445755
134,6.75,-1.0199493535739368,0.7928754091262817,0.33695247769355774,0.15230092406272888,0.690123438835144,0.35,2,0,0,0,0,,,nan,0,0.0,0.0,0.0,0.38902461528778076,1.0,nan,0,0,0,0,0.08397851725609543,0.0,safe_stop_infeasible,0.3890246051807605,1,0,12,,qp_solver,0,0,0,primal infeasible,osqp,0.0,valid,-0.016786965869388465,0.31855669|0.127930133|-0.0167869659|0.332642794|0.423742168|0.392674837,0.46855669|0.277930133|0.133213034|0.482642794|0.573742168|0.542674837,0.43855669|0.247930133|0.103213034|0.452642794|0.543742168|0.512674837,0.15|0.15|0.15|0.15|0.15|0.15,0|0|0|0|0|0,-0.156109899|-0.118647456|-0.190283368|-0.197833809|-0.190978487|-0.190071832,1.11811686|0.393073075|-0.257431231|1.13273736|1.50399018|1.38062752,0.304316461|0.517783046|0.45710507,-0.0220312644|-0.197880462|0.01308103,0.003626667894423008,0.0010400833562016487,0.0011188704520463943,0.001444714143872261
135,6.800000000000001,-1.0479189523440784,0.8208450078964233,0.33695247769355774,0.14274242520332336,0.7345229387283325,0.35,2,0,0,0,0,,,nan,0,0.0,0.0,0.0,0.39436075091362,1.0,nan,0,0,0,0,0.08397851725609543,0.0,safe_stop_infeasible,0.39436074492270656,1,0,12,,qp_solver,0,0,0,primal infeasible,osqp,0.0,valid,-0.026284750785254468,0.310782466|0.122069996|-0.0262847508|0.322752397|0.414199179|0.3831782,0.460782466|0.272069996|0.123715249|0.472752397|0.564199179|0.5331782,0.430782466|0.242069996|0.0937152492|0.442752397|0.534199179|0.5031782,0.15|0.15|0.15|0.15|0.15|0.15,0|0|0|0|0|0,-0.154850037|-0.115738582|-0.189613284|-0.197776954|-0.19073459|-0.18978692,1.08827983|0.372541404|-0.294752288|1.09323264|1.46606213|1.34292588,0.303214967|0.507888913|0.457759172,-0.0220312644|-0.197880462|0.01308103,0.003493928350508213,0.0010061506181955338,0.001034044660627842,0.001429995521903038
136,6.8500000000000005,-1.0613161691409534,0.8342422246932983,0.33695247769355774,0.13321277499198914,0.782111644744873,0.35,2,0,0,0,0,,,nan,0,0.0,0.0,0.0,0.39777982234954834,1.0,nan,0,0,0,0,0.08397851725609543,0.0,safe_stop_infeasible,0.39777981770648974,1,0,12,,qp_solver,0,0,0,primal infeasible,osqp,0.0,valid,-0.03574723662405202,0.303072436|0.116358184|-0.0357472366|0.312864915|0.404668642|0.373696124,0.453072436|0.266358184|0.114252763|0.462864915|0.554668642|0.523696124,0.423072436|0.236358184|0.0842527634|0.432864915|0.524668642|0.493696124,0.15|0.15|0.15|0.15|0.15|0.15,0|0|0|0|0|0,-0.153541823|-0.112714086|-0.188869792|-0.19771721|-0.190480361|-0.189489282,1.05874792|0.352718649|-0.331858739|1.05374245|1.42819421|1.30529521,0.302113473|0.497994781|0.458413273,-0.0220312644|-0.197880462|0.01308103,0.004221693612635136,0.0015824083238840103,0.0010782089084386826,0.0015368424355983734
137,6.9,-1.075428641675133,0.848354697227478,0.33695247769355774,0.12371498346328735,0.8331127166748047,0.35,2,0,0,0,0,,,nan,0,0.0,0.0,0.0,0.40269091725349426,1.0,nan,0,0,0,0,0.08397851725609543,0.0,safe_stop_infeasible,0.4026909096044257,1,0,12,,qp_solver,0,0,0,primal infeasible,osqp,0.0,valid,-0.045170491037254706,0.29542907|0.11080055|-0.045170491|0.302980497|0.395151086|0.364229263,0.44542907|0.26080055|0.104829509|0.452980497|0.545151086|0.514229263,0.41542907|0.23080055|0.074829509|0.422980497|0.515151086|0.484229263,0.15|0.15|0.15|0.15|0.15|0.15,0|0|0|0|0|0,-0.152183194|-0.109571028|-0.188042121|-0.197654377|-0.190215221|-0.189178171,1.02953309|0.333631173|-0.368724085|1.01426761|1.39038912|1.26773888,0.30101198|0.488100648|0.459067374,-0.0220312644|-0.197880462|0.01308103,0.0049001844599843025,0.001015455462038517,0.0017180191352963448,0.002141130156815052
138,6.95,-4.08103672349276,3.853962779045105,0.33695247769355774,0.11425250768661499,0.853962779045105,0.35,2,1,0,0,0,,,nan,0,0.0,0.0,0.0,0.4088672697544098,1.0,nan,0,0,0,0,0.08397851725609543,0.0,safe_stop_infeasible,0.4088672759025045,1,0,12,,qp_solver,0,0,0,primal infeasible,osqp,0.0,valid,-0.05454999540235525,0.287854942|0.105403093|-0.0545499954|0.293099301|0.385647073|0.354778311,0.437854942|0.255403093|0.0954500046|0.443099301|0.535647073|0.504778311,0.407854942|0.225403093|0.0654500046|0.413099301|0.505647073|0.474778311,0.15|0.15|0.15|0.15|0.15|0.15,0|0|0|0|0|0,-0.150772006|-0.106306699|-0.187117525|-0.197588241|-0.189938553|-0.188852786,1.00064776|0.315305673|-0.405317507|0.974808964|1.35264974|1.23026046,0.299910486|0.478206515|0.459721476,-0.0220312644|-0.197880462|0.01308103,0.005267469212412834,0.001603851094841957,0.0016114423051476479,0.0019980641081929207
139,7.0,-4.080800271866936,3.853726327419281,0.33695247769355774,0.10482928156852722,0.853726327419281,0.35,2,1,0,0,0,,,nan,0,0.0,0.0,0.0,0.41374918818473816,1.0,nan,0,0,0,0,0.08397851725609543,0.0,safe_stop_infeasible,0.41374919875251814,1,0,12,,qp_solver,0,0,0,primal infeasible,osqp,0.0,valid,-0.06388053582914108,0.280352735|0.100171938|-0.0638805358|0.2832215|0.376157194|0.345344003,0.430352735|0.250171938|0.0861194642|0.4332215|0.526157194|0.495344003,0.400352735|0.220171938|0.0561194642|0.4032215|0.496157194|0.465344003,0.15|0.15|0.15|0.15|0.15|0.15,0|0|0|0|0|0,-0.149306039|-0.102918679|-0.186080861|-0.197518567|-0.189649699|-0.188512267,0.972104901|0.297769072|-0.441603004|0.935367433|1.31497908|1.19286375,0.298808992|0.468312383|0.460375577,-0.0220312644|-0.197880462|0.01308103,0.0057931821793317795,0.0017378637567162514,0.001786883920431137,0.002233966253697872
140,7.050000000000001,-4.0805361040812915,3.8534621596336365,0.33695247769355774,0.09544976055622101,0.8534621000289917,0.35,2,1,0,0,0,,,nan,0,0.0,0.0,0.0,0.41754668951034546,1.0,nan,0,0,0,0,0.08397851725609543,0.0,safe_stop_infeasible,0.4175466865687054,1,0,12,,qp_solver,0,0,0,primal infeasible,osqp,0.0,valid,-0.07315607015248424,0.272925245|0.0951133222|-0.0731560702|0.273347276|0.366682078|0.335927119,0.422925245|0.245113322|0.0768439298|0.423347276|0.516682078|0.485927119,0.392925245|0.215113322|0.0468439298|0.393347276|0.486682078|0.455927119,0.15|0.15|0.15|0.15|0.15|0.15,0|0|0|0|0|0,-0.147782995|-0.099404885|-0.184914043|-0.1974451|-0.189347951|-0.18815569,0.943917984|0.281048404|-0.477538323|0.895944003|1.27738036|1.15555278,0.297707498|0.45841825|0.461029679,-0.0220312644|-0.197880462|0.01308103,0.005474145524203777,0.0016786511987447739,0.0017426805570721626,0.0020169131457805634
141,7.1000000000000005,-4.080239868996758,3.853165924549103,0.33695247769355774,0.08611921966075897,0.8531659245491028,0.35,2,1,0,0,0,,,nan,0,0.0,0.0,0.0,0.4213082194328308,1.0,nan,0,0,0,0,0.08397851725609543,0.0,safe_stop_infeasible,0.4213082159746454,1,0,12,,qp_solver,0,0,0,primal infeasible,osqp,0.0,valid,-0.08236956492183437,0.265575384|0.0902335793|-0.0823695649|0.263476825|0.357222387|0.326528485,0.415575384|0.240233579|0.0676304351|0.413476825|0.507222387|0.476528485,0.385575384|0.210233579|0.0376304351|0.383476825|0.477222387|0.446528485,0.15|0.15|0.15|0.15|0.15|0.15,0|0|0|0|0|0,-0.146200503|-0.0957636329|-0.18359538|-0.19736756|-0.189032553|-0.187782064,0.916101035|0.265170684|-0.51307364|0.856539741|1.23985699|1.11833187,0.296606004|0.448524117|0.46168378,-0.0220312644|-0.197880462|0.01308103,0.006043066270649433,0.0018044458702206612,0.002036294899880886,0.002164614386856556
142,7.15,-4.079906500218529,3.852832555770874,0.33695247769355774,0.07684369385242462,0.852832555770874,0.35,2,1,0,0,0,,,nan,0,0.0,0.0,0.0,0.4245319664478302,1.0,nan,0,0,0,0,0.08397851725609543,0.0,safe_stop_infeasible,0.4245319697743573,1,0,12,,qp_solver,0,0,0,primal infeasible,osqp,0.0,valid,-0.09151279479659194,0.258306187|0.0855391146|-0.0915127948|0.25361036|0.347778823|0.31714898,0.408306187|0.235539115|0.0584872052|0.40361036|0.497778823|0.46714898,0.378306187|0.205539115|0.0284872052|0.37361036|0.467778823|0.43714898,0.15|0.15|0.15|0.15|0.15|0.15,0|0|0|0|0|0,-0.144556114|-0.0919936968|-0.182098732|-0.197285643|-0.188702694|-0.187390319,0.888668635|0.250162761|-0.548149911|0.817155796|1.2024126|1.0812056,0.29550451|0.438629985|0.462337881,-0.0220312644|-0.197880462|0.01308103,0.005562743172049522,0.0015765493735671043,0.001902780495584011,0.0020493008196353912
143,7.2,-4.079529739258904,3.852455794811249,0.33695247769355774,0.06763021647930145,0.8524557948112488,0.35,2,1,0,0,0,,,nan,0,0.0,0.0,0.0,0.4280025362968445,1.0,nan,0,0,0,0,0.08397851725609543,0.0,safe_stop_infeasible,0.4280025344964422,1,0,12,,qp_solver,0,0,0,primal infeasible,osqp,0.0,valid,-0.10057609474046504,0.251120811|0.0810363823|-0.100576095|0.243748106|0.338352132|0.307789539,0.401120811|0.231036382|0.0494239053|0.393748106|0.488352132|0.457789539,0.371120811|0.201036382|0.0194239053|0.363748106|0.458352132|0.427789539,0.15|0.15|0.15|0.15|0.15|0.15,0|0|0|0|0|0,-0.142847312|-0.0880943707|-0.180392456|-0.197199015|-0.188357504|-0.186979309,0.861635933|0.236051158|-0.582696835|0.77779341|1.16505102|1.04417885,0.294403017|0.428735852|0.462991983,-0.0220312644|-0.197880462|0.01308103,0.005668102763593197,0.001706533133983612,0.0017998786643147469,0.002124202437698841
144,7.25,-4.079102135537285,3.85202819108963,0.33695247769355774,0.05848698318004608,0.8520281910896301,0.35,2,1,0,0,0,,,nan,0,0.0,0.0,0.0,0.43252062797546387,1.0,nan,0,0,0,0,0.08397851725609543,0.0,safe_stop_infeasible,0.432520626248099,1,0,12,,qp_solver,0,0,0,primal infeasible,osqp,0.0,valid,-0.10954805290378854,0.244022541|0.0767318575|-0.109548053|0.233890309|0.328943103|0.298451156,0.394022541|0.226731858|0.0404519471|0.383890309|0.478943103|0.448451156,0.364022541|0.196731858|0.0104519471|0.353890309|0.448943103|0.418451156,0.15|0.15|0.15|0.15|0.15|0.15,0|0|0|0|0|0,-0.141071509|-0.0840655312|-0.178438077|-0.197107309|-0.187996049|-0.186547794,0.835018654|0.222861899|-0.616630288|0.738453927|1.12777636|1.00725683,0.293301523|0.41884172|0.463646084,-0.0220312644|-0.197880462|0.01308103,0.005676129832863808,0.0016207797452807426,0.001787911169230938,0.002232964150607586
145,7.300000000000001,-4.078614629147667,3.851540684700012,0.33695247769355774,0.0494236946105957,0.8515406847000122,0.35,2,1,0,0,0,,,nan,0,0.0,0.0,0.0,0.4354827105998993,1.0,nan,0,0,0,0,0.08397851725609543,0.0,safe_stop_infeasible,0.4354827014845817,1,0,12,,qp_solver,0,0,0,primal infeasible,osqp,0.0,valid,-0.11841512904359876,0.237014792|0.0726320059|-0.118415129|0.224037232|0.319552573|0.289134889,0.387014792|0.222632006|0.031584871|0.374037232|0.469552573|0.439134889,0.357014792|0.192632006|0.00158487096|0.344037232|0.439552573|0.409134889,0.15|0.15|0.15|0.15|0.15|0.15,0|0|0|0|0|0,-0.139226057|-0.0799077002|-0.176188625|-0.197010125|-0.187617325|-0.18609444,0.808833112|0.210620324|-0.649849141|0.699138803|1.09059297|0.970445117,0.292200029|0.408947587|0.464300185,-0.0220312644|-0.197880462|0.01308103,0.005711191333830357,0.001821538433432579,0.0018413979560136795,0.0020135045051574707
146,7.3500000000000005,-4.078056193230767,3.8509822487831116,0.33695247769355774,0.04045173525810242,0.8509822487831116,0.35,2,1,0,0,0,,,nan,0,0.0,0.0,0.0,0.4380449652671814,1.0,nan,0,0,0,0,0.08397851725609543,0.0,safe_stop_infeasible,0.4380449589567909,1,0,12,,qp_solver,0,0,0,primal infeasible,osqp,0.0,valid,-0.12716117978607355,0.230101115|0.0687432495|-0.12716118|0.21418916|0.310181434|0.279841865,0.380101115|0.218743249|0.0228388202|0.36418916|0.460181434|0.429841865,0.350101115|0.188743249|-0.00716117979|0.33418916|0.430181434|0.399841865,0.15|0.15|0.15|0.15|0.15|0.15,0|0|0|0|0|0,-0.13730825|-0.0756221042|-0.173586562|-0.19690702|-0.187220252|-0.185617807,0.783096211|0.199350894|-0.682231281|0.659849622|1.05350548|0.933749655,0.291098535|0.399053454|0.464954287,-0.0220312644|-0.197880462|0.01308103,0.0036610197275877,0.0009908908978104591,0.0011357814073562622,0.001509559340775013
147,7.4,-4.077413535950798,3.8503395915031433,0.33695247769355774,0.03158468008041382,0.8503395318984985,0.35,2,1,0,0,0,,,nan,0,0.0,0.0,0.0,0.4402828514575958,1.0,nan,0,0,0,0,0.08397851725609543,0.0,safe_stop_infeasible,0.4402828708364517,1,0,12,,qp_solver,0,0,0,primal infeasible,osqp,0.0,valid,-0.13576686818983552,0.223285197|0.06507193|-0.135766868|0.204346402|0.300830631|0.270573287,0.373285197|0.21507193|0.0142331318|0.354346402|0.450830631|0.420573287,0.343285197|0.18507193|-0.0157668682|0.324346402|0.420830631|0.390573287,0.15|0.15|0.15|0.15|0.15|0.15,0|0|0|0|0|0,-0.135315334|-0.0712107309|-0.170561214|-0.196797506|-0.186803669|-0.18511634,0.757825454|0.189076989|-0.713628687|0.620588101|1.01651886|0.897176809,0.289997041|0.389159322|0.465608388,-0.0220312644|-0.197880462|0.01308103,0.004022209905087948,0.0014417627826333046,0.001121549867093563,0.0014225142076611519
148,7.45,-4.076670087216515,3.84959614276886,0.33695247769355774,0.022838637232780457,0.8495960831642151,0.35,2,1,0,0,0,,,nan,0,0.0,0.0,0.0,0.441927433013916,1.0,nan,0,0,0,0,0.08397851725609543,0.0,safe_stop_infeasible,0.4419274205061824,1,0,12,,qp_solver,0,0,0,primal infeasible,osqp,0.0,valid,-0.14420893149291558,0.216570862|0.0616242699|-0.144208931|0.19450929|0.291501171|0.261330438,0.366570862|0.21162427|0.00579106851|0.34450929|0.441501171|0.411330438,0.336570862|0.18162427|-0.0242089315|0.31450929|0.411501171|0.381330438,0.15|0.15|0.15|0.15|0.15|0.15,0|0|0|0|0|0,-0.133244511|-0.0666763795|-0.167025656|-0.196681045|-0.186366323|-0.184588356,0.733038938|0.1798207|-0.743861382|0.581356114|0.97963836|0.860733396,0.288895547|0.379265189|0.46626249,-0.0220312644|-0.197880462|0.01308103,0.0035406406968832016,0.0010184058919548988,0.0011388063430786133,0.0013505453243851662
149,7.5,-4.075805700657982,3.848731756210327,0.33695247769355774,0.014232947491109371,0.8487316966056824,0.35,2,1,0,0,0,,,nan,0,0.0,0.0,0.0,0.4451286494731903,1.0,nan,0,0,0,0,0.08397851725609543,0.0,safe_stop_infeasible,0.44512864747570796,1,0,12,,qp_solver,0,0,0,primal infeasible,osqp,0.0,valid,-0.15245927890557615,0.209962077|0.0584063305|-0.152459279|0.184678187|0.282194125|0.252114688,0.359962077|0.20840633|-0.00245927891|0.334678187|0.432194125|0.402114688,0.329962077|0.17840633|-0.0324592789|0.304678187|0.402194125|0.372114688,0.15|0.15|0.15|0.15|0.15|0.15,0|0|0|0|0|0,-0.131092957|-0.0620227042|-0.162873039|-0.196557042|-0.185906865|-0.184032038,0.708755352|0.171602618|-0.772710154|0.542155705|0.942869633|0.824426716,0.287794054|0.369371057|0.466916591,-0.0220312644|-0.197880462|0.01308103,0.003760448656976223,0.0012316321954131126,0.0010907333344221115,0.0014050742611289024
150,7.550000000000001,-4.074795521138329,3.847721576690674,0.33695247769355774,0.005790903232991695,0.8477215766906738,0.35,2,1,0,0,0,,,nan,0,0.0,0.0,0.0,0.4495464861392975,1.0,nan,0,0,0,0,0.08397851725609543,0.0,safe_stop_infeasible,0.4495464765678576,1,0,12,,qp_solver,0,0,0,primal infeasible,osqp,0.0,valid,-0.1604838934466879,0.203462949|0.0554239681|-0.160483893|0.174853486|0.272910634|0.242927504,0.353462949|0.205423968|-0.0104838934|0.324853486|0.422910634|0.392927504,0.323462949|0.175423968|-0.0404838934|0.294853486|0.392910634|0.362927504,0.15|0.15|0.15|0.15|0.15|0.15,0|0|0|0|0|0,-0.128857826|-0.0572542469|-0.157972455|-0.196424836|-0.18542384|-0.183445415,0.68499397|0.164441625|-0.799908029|0.502989107|0.906218696|0.788264599,0.28669256|0.359476924|0.467570692,-0.0220312644|-0.197880462|0.01308103,0.0036903945729136467,0.0011953599750995636,0.0011149374768137932,0.0013565197587013245
151,7.6000000000000005,-14.07360903107943,11.846535086631775,0.33695247769355774,-0.0024594375863671303,0.8465350866317749,0.35,2,1,1,1,0,,,nan,0,0.0,0.0,0.0,0.45326918363571167,1.0,nan,0,0,0,0,0.08397851725609543,0.0,safe_stop_infeasible,0.45326920583882724,1,0,12,,qp_solver,0,0,0,primal infeasible,osqp,0.0,valid,-0.16824152300782358,0.197077728|0.0526827895|-0.168241523|0.165035615|0.263651916|0.233770452,0.347077728|0.202682789|-0.018241523|0.315035615|0.413651916|0.383770452,0.317077728|0.172682789|-0.048241523|0.285035615|0.383651916|0.353770452,0.15|0.15|0.15|0.15|0.15|0.15,0|0|0|0|0|0,-0.126536274|-0.052376459|-0.152164735|-0.196283693|-0.184915675|-0.182826354,0.661774639|0.158354699|-0.825130827|0.463858766|0.86969199|0.752255452,0.285591066|0.349582791|0.468224794,-0.0220312644|-0.197880462|0.01308103,0.00516603235155344,0.001181531697511673,0.0018265368416905403,0.0021331869065761566
