step,time,reward,cost,goal_error_norm,d_min,risk_global,beta,closest_link,safety_violation,collision,collision_capsule_overlap,collision_pybullet_contact,unavoidable_collision,avoidable_collision,collision_avoidability_reason,collision_contact_link_indices,collision_contact_link_names,collision_min_contact_distance,success,qdot_norm,acc_norm,jerk_norm,qdot_requested_norm,risk_speed_scale,risk_speed_h_min_m,recovery_active,recovery_triggered,recovery_success,recovery_initially_unsafe,recovery_initial_h_min_m,recovery_command_norm,safety_filter_status,safety_filter_intervention_norm,safety_filter_safe_stop,safety_filter_active_constraints,safety_filter_constraint_count,safety_filter_active_constraint_categories,safety_filter_max_constraint_category,safety_filter_projection_iterations,safety_filter_fallback_used,safety_filter_qp_solver_used,safety_filter_qp_solver_status,safety_filter_fallback_stage,safety_filter_max_constraint_violation,predictive_risk_status,predictive_h_min_m,predictive_h_by_link_m,predictive_distance_by_link_m,predictive_robust_distance_by_link_m,predictive_time_by_link_s,safety_jacobian_command_by_link_mps,safety_drift_by_link_mps,safety_constraint_residual_by_link_mps,filter_obstacle_position_m,filter_obstacle_velocity_mps,safety_filter_solve_time_s,safety_filter_predictive_risk_time_s,safety_filter_jacobian_workspace_time_s,safety_filter_projection_time_s
0,0.05,-0.8181004942148082,0.5179568529129028,0.2836674153804779,0.20441733300685883,0.4738888740539551,0.35,5,0,0,0,0,0,0,,,,nan,0,0.3353545367717743,6.707090854644775,134.14181518554688,0.699999988079071,1.0,0.022987277278139984,1,1,0,0,0.022987277278139984,0.699999988079071,filtered,0.48356316242675873,0,0,12,,predictive_link_5,0,0,1,solved,osqp,3.849090834395774e-07,valid,0.022987277278139984,0.261091104|0.054291965|0.108504263|0.0560878443|0.0486308506|0.0229872773,0.411091104|0.204291965|0.258504263|0.206087844|0.198630851|0.172987277,0.381091104|0.174291965|0.228504263|0.176087844|0.168630851|0.142987277,0.15|0.15|0.15|0.15|0.15|0.15,0|0|0.00839776763|0.0999101458|0.149851332|0.15040456,-0.129627006|-0.137760277|-0.248570027|-0.252508646|-0.239438194|-0.242354057,0.914737409|0.0794075824|0.193844792|0.071752877|0.104936541|-3.87720441e-07,0.363551438|0.424479961|0.371585071,0.0368205495|-0.253666043|0.0333999135,0.005616933107376099,0.0009931083768606186,0.0010121650993824005,0.0016163019463419914
1,0.1,-0.9223817175051836,0.5459209680557251,0.2948198616504669,0.2039455622434616,0.4990832805633545,0.35,5,0,0,0,0,0,0,,,,nan,0,0.4423893392086029,4.334990978240967,140.38674926757812,0.699999988079071,1.0,0.01809758431681624,1,1,0,0,0.022987277278139984,0.699999988079071,filtered,0.2740113168954849,0,0,12,joint_0_acceleration_lower,predictive_link_1,1,0,0,inaccurate_solution,,0.0,valid,0.01809758431681624,0.254631794|0.0443462384|0.0985594817|0.0479231184|0.0440141245|0.0180975843,0.404631794|0.194346238|0.248559482|0.197923118|0.194014124|0.168097584,0.374631794|0.164346238|0.218559482|0.167923118|0.164014124|0.138097584,0.15|0.15|0.15|0.15|0.15|0.15,0|0|0.0295786135|0.192772296|0.243837482|0.242172662,-0.125172973|-0.134019332|-0.247980681|-0.252406311|-0.237210916|-0.23998755,0.893354201|0.0433656222|0.175835859|0.132058459|0.182683064|0.0745754492,0.365392506|0.411796689|0.373255193,0.0368205495|-0.253666043|0.0333999135,0.005532774142920971,0.0010259253904223442,0.000978901982307434,0.0015998361632227898
2,0.15000000000000002,-1.0630723677300007,0.5860081911087036,0.31052061915397644,0.1952262967824936,0.5357890725135803,0.35,1,0,0,0,0,0,0,,,,nan,0,0.6318129301071167,4.00553560256958,36.41891860961914,0.699999988079071,1.0,0.017855450932279526,1,1,0,0,0.022987277278139984,0.699999988079071,filtered,0.07142558569846139,0,0,12,,predictive_link_1,0,0,1,solved,osqp,0.0,valid,0.017855450932279526,0.24830433|0.0346604984|0.0919512447|0.044082694|0.0440604349|0.0178554509,0.39830433|0.184660498|0.241951245|0.194082694|0.194060435|0.167855451,0.36830433|0.154660498|0.211951245|0.164082694|0.164060435|0.137855451,0.15|0.15|0.15|0.15|0.15|0.15,0|0|0.0488993929|0.288835701|0.349986925|0.348162512,-0.12060085|-0.130560587|-0.246649845|-0.252503452|-0.235788462|-0.238261106,0.872616469|0.00808140633|0.170054527|0.212663025|0.290440203|0.18132321,0.367233574|0.399113417|0.374925315,0.0368205495|-0.253666043|0.0333999135,0.005717429332435131,0.0010006027296185493,0.001008789986371994,0.0016120988875627518
3,0.2,-1.1537693912234683,0.6242496967315674,0.32797545194625854,0.1848287433385849,0.5702542662620544,0.35,1,0,0,0,0,0,0,,,,nan,0,0.7010932564735413,1.4032464027404785,52.49559020996094,0.699999988079071,1.0,0.0227526990989787,1,1,0,0,0.022987277278139984,0.699999988079071,recovery_relaxed,0.0013119258693462547,0,0,12,,predictive_link_1,0,1,1,zero_sensitivity; recovery=solved,recovery_maximin,0.029779056498004858,valid,0.0227526990989787,0.242120099|0.0245539929|0.0882779604|0.0445956743|0.0492427914|0.0227526991,0.392120099|0.174553993|0.23827796|0.194595674|0.199242791|0.172752699,0.362120099|0.144553993|0.20827796|0.164595674|0.169242791|0.142752699,0.15|0.15|0.15|0.15|0.15|0.15,0|0|0.0567553262|0.324988056|0.386719095|0.385565848,-0.115910975|-0.127995028|-0.244481643|-0.25285921|-0.23501767|-0.237039309,0.85256942|-0.0297790565|0.165385525|0.250511543|0.34867259|0.239537335,0.369074643|0.386430144|0.376595438,0.0368205495|-0.253666043|0.0333999135,0.006329061463475227,0.001024605706334114,0.0010142652317881584,0.0022603394463658333
4,0.25,-1.215852495309239,0.6622107028961182,0.3454717993736267,0.17466886341571808,0.6042367815971375,0.35,1,0,0,0,0,0,0,,,,nan,0,0.7001728415489197,0.24516107141971588,29.262144088745117,0.7000000476837158,1.0,0.014423399278143956,1,1,0,0,0.022987277278139984,0.7000000476837158,recovery_relaxed,0.00023626254526330485,0,0,12,,predictive_link_1,0,1,1,zero_sensitivity; recovery=solved,recovery_maximin,0.06817233558472818,valid,0.014423399278143956,0.236146276|0.0144233993|0.0854734434|0.0468197348|0.0563096923|0.0295808961,0.386146276|0.164423399|0.235473443|0.196819735|0.206309692|0.179580896,0.356146276|0.134423399|0.205473443|0.166819735|0.176309692|0.149580896,0.15|0.15|0.15|0.15|0.15|0.15,0|0|0.0580235308|0.327140932|0.384808116|0.384459695,-0.111083364|-0.125865933|-0.241816739|-0.253314718|-0.234585227|-0.236119082,0.833501739|-0.0681723356|0.158100565|0.261105154|0.375461658|0.266664197,0.370915711|0.373746872|0.37826556,0.0368205495|-0.253666043|0.0333999135,0.00640147365629673,0.0010283179581165314,0.0012791082262992859,0.002163388766348362
5,0.30000000000000004,-1.2816026420424036,0.7021147608757019,0.36302250623703003,0.16477663815021515,0.6399710178375244,0.35,1,0,0,0,0,0,0,,,,nan,0,0.700306236743927,0.2116023600101471,0.9626320004463196,0.699999988079071,1.0,0.004516738003160936,1,1,0,0,0.022987277278139984,0.699999988079071,recovery_relaxed,0.00044344834448736944,0,0,12,,predictive_link_1,0,1,1,zero_sensitivity; recovery=solved,recovery_maximin,0.10576045203011583,valid,0.004516738003160936,0.230424569|0.004516738|0.0824191382|0.0491552816|0.063334107|0.0364251556,0.380424569|0.154516738|0.232419138|0.199155282|0.213334107|0.186425156,0.350424569|0.124516738|0.202419138|0.169155282|0.183334107|0.156425156,0.15|0.15|0.15|0.15|0.15|0.15,0|0|0.059606341|0.329899279|0.383233484|0.383605202,-0.106105299|-0.123827404|-0.238924879|-0.253770467|-0.234255534|-0.235318541,0.815592975|-0.105760452|0.150358015|0.272749939|0.402314377|0.293987283,0.372756779|0.3610636|0.379935682,0.0368205495|-0.253666043|0.0333999135,0.00713756401091814,0.0010088924318552017,0.0011815046891570091,0.0029798494651913643
6,0.35000000000000003,-1.2772258860637806,0.7065361142158508,0.3786736726760864,0.1573072224855423,0.6423470973968506,0.35,1,0,0,0,0,0,0,,,,nan,0,0.7002761960029602,4.670412540435791,97.49429321289062,0.0,1.0,-0.005136035120512639,1,1,0,0,0.022987277278139984,0.0,recovery_relaxed,0.7002762004771272,0,0,12,,predictive_link_1,0,1,1,zero_sensitivity; recovery=solved,recovery_maximin,0.1424254786012358,valid,-0.005136035120512639,0.224961686|-0.00513603512|0.0791766238|0.0516271922|0.0703265211|0.0432887848,0.374961686|0.144863965|0.229176624|0.201627192|0.220326521|0.193288785,0.344961686|0.114863965|0.199176624|0.171627192|0.190326521|0.163288785,0.15|0.15|0.15|0.15|0.15|0.15,0|0|0.0757023912|0.334063391|0.345079529|0.347131205,-0.100977651|-0.121881338|-0.235803873|-0.254221623|-0.234033413|-0.234646643,0.798869093|-0.142425479|0.156605013|0.286350537|0.392352201|0.285639701,0.374597847|0.348380327|0.381605804,0.0368205495|-0.253666043|0.0333999135,0.009596256539225578,0.0015293052420020103,0.001642787829041481,0.003385082818567753
7,0.4,-1.253324843144467,0.6944679021835327,0.39251381158828735,0.15212096273899078,0.6308373212814331,0.35,1,0,0,0,0,0,0,,,,nan,0,0.7310537099838257,4.000319480895996,49.08085250854492,0.0,1.0,-0.012064385596626481,1,1,0,0,0.022987277278139984,0.0,recovery_relaxed,0.7310537272866046,0,0,12,joint_1_acceleration_lower,predictive_link_1,0,1,1,zero_sensitivity; recovery=solved,recovery_maximin,0.16612050964211797,valid,-0.012064385596626481,0.219747236|-0.0120643856|0.077010717|0.0540099883|0.075401802|0.0482572032,0.369747236|0.137935614|0.227010717|0.204009988|0.225401802|0.198257203,0.339747236|0.107935614|0.197010717|0.174009988|0.195401802|0.168257203,0.15|0.15|0.15|0.15|0.15|0.15,0|0|0.0850973017|0.325481325|0.289677157|0.299658146,-0.0957103903|-0.117862967|-0.232099635|-0.254683622|-0.235234784|-0.235536483,0.783278553|-0.16612051|0.161040535|0.286837656|0.356049581|0.257150476,0.376438916|0.335697055|0.383275926,0.0368205495|-0.253666043|0.0333999135,0.010227030143141747,0.0018303431570529938,0.0015233661979436874,0.003427034243941307
8,0.45,-1.1938978275995034,0.6482954621315002,0.40455150604248047,0.14913241565227509,0.588030993938446,0.35,1,0,0,0,0,0,0,,,,nan,0,0.8114365935325623,4.000028610229492,0.7127842307090759,0.0,1.0,-0.016341517249019222,1,1,0,0,0.022987277278139984,0.0,recovery_relaxed,0.8114366156742838,0,0,12,joint_0_velocity_lower|joint_1_acceleration_lower,predictive_link_1,0,1,1,zero_sensitivity; recovery=solved,recovery_maximin,0.17667041784186122,valid,-0.016341517249019222,0.214805145|-0.0163415172|0.0755695242|0.0556026391|0.0779257839|0.0506725868,0.364805145|0.133658483|0.225569524|0.205602639|0.227925784|0.200672587,0.334805145|0.103658483|0.195569524|0.175602639|0.197925784|0.170672587,0.15|0.15|0.15|0.15|0.15|0.15,0|0|0.0917914365|0.313204708|0.234464605|0.252667098,-0.0902984931|-0.111304349|-0.227840892|-0.254884373|-0.23772891|-0.23788426,0.768922086|-0.176670418|0.166228641|0.280730891|0.308438831|0.217473185,0.378279984|0.323013783|0.384946048,0.0368205495|-0.253666043|0.0333999135,0.010095504112541676,0.0015504946932196617,0.001781640574336052,0.0033820876851677895
9,0.5,-1.0129678986817443,0.48111140727996826,0.4148847162723541,0.14828650653362274,0.426927775144577,0.35,1,0,0,0,0,0,0,,,,nan,0,0.9286262392997742,4.000064849853516,0.7402949333190918,0.0,1.0,-0.018019012394050626,1,1,0,0,0.022987277278139984,0.0,recovery_relaxed,0.9286262032041113,0,0,12,joint_0_velocity_lower|joint_1_acceleration_lower,predictive_link_1,0,1,1,zero_sensitivity; recovery=solved,recovery_maximin,0.17406300262162677,valid,-0.018019012394050626,0.210142377|-0.0180190124|0.0749063663|0.0562828318|0.0778465863|0.0504756582,0.360142377|0.131980988|0.224906366|0.206282832|0.227846586|0.200475658,0.330142377|0.101980988|0.194906366|0.176282832|0.197846586|0.170475658,0.15|0.15|0.15|0.15|0.15|0.15,0|0|0.0958587109|0.301833833|0.182559231|0.209200295,-0.0847451112|-0.101986953|-0.222943088|-0.254548387|-0.241297774|-0.241455479,0.755824398|-0.174063003|0.172541088|0.272416773|0.252647802|0.169647449,0.380121052|0.31033051|0.38661617,0.0368205495|-0.253666043|0.0333999135,0.00991743803024292,0.001675950363278389,0.0017374977469444275,0.0033729830756783485
10,0.55,-0.9888731379592457,0.4558500647544861,0.4244605302810669,0.148560032248497,0.40903738141059875,0.35,1,0,0,0,0,0,0,,,,nan,0,0.9900928139686584,1.8026022911071777,43.96316146850586,0.0,1.0,-0.017139001803882004,1,1,0,0,0.022987277278139984,0.0,recovery_relaxed,0.9900928032016484,0,0,12,joint_0_velocity_lower,predictive_link_1,0,1,1,zero_sensitivity; recovery=solved,recovery_maximin,0.1584147739591754,valid,-0.017139001803882004,0.205765707|-0.0171390018|0.0751143979|0.0561749637|0.0753085286|0.04781162,0.355765707|0.132860998|0.225114398|0.206174964|0.225308529|0.19781162,0.325765707|0.102860998|0.195114398|0.176174964|0.195308529|0.16781162,0.15|0.15|0.15|0.15|0.15|0.15,0|0|0.0920142041|0.297830574|0.163078025|0.19425389,-0.0790542922|-0.0898587667|-0.217261825|-0.253154761|-0.245567885|-0.245848769,0.744008535|-0.158414774|0.17520997|0.269375668|0.218744254|0.139651601,0.381962121|0.297647238|0.388286293,0.0368205495|-0.253666043|0.0333999135,0.009832413867115974,0.0015488741919398308,0.001750183291733265,0.0033146943897008896
11,0.6000000000000001,-0.9963576236672463,0.446906715631485,0.43405210971832275,0.14901255071163177,0.407554030418396,0.35,1,0,0,0,0,0,0,,,,nan,0,0.9900887608528137,0.010130795650184155,36.04945755004883,0.0,1.0,-0.014909000678175743,1,1,0,0,0.022987277278139984,0.0,recovery_relaxed,0.9900888141355262,0,0,12,joint_0_velocity_lower,predictive_link_1,0,1,1,zero_sensitivity; recovery=solved,recovery_maximin,0.13586018945773962,valid,-0.014909000678175743,0.201681675|-0.0149090007|0.0758509567|0.0558127813|0.0716568149|0.0440432416,0.351681675|0.135090999|0.225850957|0.205812781|0.221656815|0.194043242,0.321681675|0.105090999|0.195850957|0.175812781|0.191656815|0.164043242,0.15|0.15|0.15|0.15|0.15|0.15,0|0|0.0824690157|0.297889587|0.167599784|0.200072376,-0.0732310278|-0.0762241867|-0.210839124|-0.250447571|-0.249608785|-0.250038659,0.733495673|-0.135860189|0.175033718|0.270693142|0.204618258|0.126206683,0.383803189|0.284963965|0.389956415,0.0368205495|-0.253666043|0.0333999135,0.009904826059937477,0.0017207982018589973,0.001585078425705433,0.00314326211810112
12,0.65,-1.0018971406742276,0.43722572922706604,0.44356194138526917,0.14968548715114594,0.4053584635257721,0.35,1,0,0,0,0,0,0,,,,nan,0,0.9900714159011841,0.022304974496364594,0.33023586869239807,0.0,1.0,-0.01244992922019511,1,1,0,0,0.022987277278139984,0.0,recovery_relaxed,0.9900714255846647,0,0,12,,predictive_link_1,0,1,1,zero_sensitivity; recovery=solved,recovery_maximin,0.11213185499143434,valid,-0.01244992922019511,0.197896546|-0.0124499292|0.076731687|0.0555566311|0.0680286958|0.040319999,0.347896546|0.137550071|0.226731687|0.205556631|0.218028696|0.190319999,0.317896546|0.107550071|0.196731687|0.175556631|0.188028696|0.160319999,0.15|0.15|0.15|0.15|0.15|0.15,0|0|0.0729503498|0.297375037|0.171700285|0.20534109,-0.0672812521|-0.0623321381|-0.203831574|-0.246585865|-0.252794634|-0.253327241,0.724304931|-0.112131855|0.176045524|0.273015696|0.191020434|0.113293846,0.385644257|0.272280693|0.391626537,0.0368205495|-0.253666043|0.0333999135,0.006223039701581001,0.0010093487799167633,0.0010149236768484116,0.002206418663263321
13,0.7000000000000001,-1.005867830244676,0.4267730116844177,0.4529390037059784,0.15061675012111664,0.4023403227329254,0.35,1,0,0,0,0,0,0,,,,nan,0,0.990110456943512,0.04632829874753952,1.3257322311401367,0.0,1.0,-0.009729992180754155,1,1,0,0,0.022987277278139984,0.0,recovery_relaxed,0.990110475739285,0,0,12,joint_0_velocity_lower,predictive_link_1,0,1,1,zero_sensitivity; recovery=solved,recovery_maximin,0.08717997235309854,valid,-0.009729992180754155,0.194416268|-0.00972999218|0.0777878566|0.0554442604|0.064445493|0.036664482,0.344416268|0.140270008|0.227787857|0.20544426|0.214445493|0.186664482,0.314416268|0.110270008|0.197787857|0.17544426|0.184445493|0.156664482,0.15|0.15|0.15|0.15|0.15|0.15,0|0|0.0634788204|0.296992102|0.17582097|0.210656794,-0.0612118692|-0.0482600036|-0.196239882|-0.241522626|-0.255038347|-0.255615822,0.716453201|-0.0871799724|0.178390365|0.277246518|0.178564594|0.1016989,0.387485325|0.259597421|0.393296659,0.0368205495|-0.253666043|0.0333999135,0.006341050378978252,0.0010281074792146683,0.001008995808660984,0.002347552217543125
14,0.75,-1.007053231060449,0.4155449867248535,0.46207669377326965,0.15184004604816437,0.3984111249446869,0.35,1,0,0,0,0,0,0,,,,nan,0,0.9900856018066406,0.028507452458143234,1.468666434288025,0.0,1.0,-0.006722305473554013,1,1,0,0,0.022987277278139984,0.0,recovery_relaxed,0.9900856457456791,0,0,12,,predictive_link_1,0,1,1,zero_sensitivity; recovery=solved,recovery_maximin,0.06098103423265528,valid,-0.006722305473554013,0.191246413|-0.00672230547|0.0790631954|0.0555439689|0.0609611157|0.033131581,0.341246413|0.143277695|0.229063195|0.205543969|0.210961116|0.183131581,0.311246413|0.113277695|0.199063195|0.175543969|0.180961116|0.153131581,0.15|0.15|0.15|0.15|0.15|0.15,0|0|0.0540934998|0.295677574|0.179408306|0.215187384,-0.055030741|-0.0340918123|-0.188053707|-0.235202491|-0.256245451|-0.256797265,0.709954911|-0.0609810342|0.182292574|0.282650958|0.167007318|0.0909164427,0.389326394|0.246914148|0.394966781,0.0368205495|-0.253666043|0.0333999135,0.006198996677994728,0.000981840305030346,0.0009698597714304924,0.002288961783051491
15,0.8,-1.0422853301488568,0.4888002574443817,0.46828213334083557,0.15241144597530365,0.40120092034339905,0.35,1,0,0,0,0,0,0,,,,nan,0,0.70710688829422,5.666433811187744,113.29772186279297,0.0,1.0,-0.003405297162107246,1,1,0,0,0.022987277278139984,0.0,recovery_relaxed,0.7071068994436008,0,0,12,,predictive_link_1,0,1,1,zero_sensitivity,recovery_hard_constraints,0.03353774656351941,valid,-0.003405297162107246,0.188392138|-0.00340529716|0.0805834923|0.0558841692|0.0575957342|0.0297443321,0.338392138|0.146594703|0.230583492|0.205884169|0.207595734|0.179744332,0.308392138|0.116594703|0.200583492|0.175884169|0.177595734|0.149744332,0.15|0.15|0.15|0.15|0.15|0.15,0|0|0.0320001634|0.20803538|0.129296261|0.155030017,-0.0487466734|-0.0199165579|-0.179287662|-0.227607397|-0.256322701|-0.256763608,0.704821877|-0.0335377466|0.175046471|0.20396466|0.103356497|0.0172437375,0.391167462|0.234230876|0.396636903,0.0368205495|-0.253666043|0.0333999135,0.010667083784937859,0.0011781509965658188,0.0018037892878055573,0.004843313246965408
16,0.8500000000000001,-1.00841532728914,0.3947221338748932,0.47692471742630005,0.15434344112873077,0.39049407839775085,0.35,1,0,0,0,0,0,0,,,,nan,0,0.9901039004325867,5.667721748352051,226.68264770507812,0.0,1.0,-0.0008965754008011251,1,1,0,0,0.022987277278139984,0.0,recovery_relaxed,0.9901039071801625,0,0,12,,predictive_link_1,0,1,1,zero_sensitivity; recovery=solved,recovery_maximin,0.010466605529792951,valid,-0.0008965754008011251,0.185931252|-0.000896575401|0.0793672599|0.0530751918|0.0515255487|0.0236743266,0.335931252|0.149103425|0.22936726|0.203075192|0.201525549|0.173674327,0.305931252|0.119103425|0.19936726|0.173075192|0.171525549|0.143674327,0.15|0.15|0.15|0.15|0.15|0.15,0|0|0.0381439846|0.295171508|0.185942905|0.223227484,-0.0423154606|-0.00688030393|-0.172596912|-0.220608627|-0.255583491|-0.255883413,0.701409547|-0.0104666055|0.183016113|0.286863649|0.13646161|0.0620413766,0.39300853|0.221547604|0.398307025,0.0368205495|-0.253666043|0.0333999135,0.009719913825392723,0.0015476644039154053,0.0017631938681006432,0.003263581544160843
17,0.9,-1.057967588034101,0.3892587125301361,0.487467497587204,0.15503861010074615,0.3883247375488281,0.35,1,0,0,0,0,0,0,,,,nan,0,0.8393613696098328,6.074298858642578,208.7877960205078,0.699999988079071,1.0,0.0030000095972702034,1,1,0,0,0.022987277278139984,0.699999988079071,filtered,0.6048213765340786,0,0,12,joint_2_acceleration_lower|joint_1_acceleration_upper,predictive_link_1,0,0,1,solved,osqp,0.0,valid,0.0030000095972702034,0.183720763|0.0030000096|0.0815039939|0.0541036218|0.0485617528|0.0207441141,0.333720763|0.15300001|0.231503994|0.204103622|0.198561753|0.170744114,0.303720763|0.12300001|0.201503994|0.174103622|0.168561753|0.140744114,0.15|0.115306925|0.15|0.15|0.15|0.15,0|0|0.0191493829|0.293818176|0.219421081|0.259063883,-0.0358542402|2.9476911e-17|-0.162841195|-0.210666086|-0.253468819|-0.253465489,0.699028812|0.0120000384|0.182324164|0.299566577|0.160199273|0.0885748503,0.394849598|0.208864331|0.399977148,0.0368205495|-0.253666043|0.0333999135,0.008944740518927574,0.001751442439854145,0.0015504388138651848,0.0021343640983104706
18,0.9500000000000001,-1.115285998169909,0.39591550827026367,0.4995984435081482,0.15418584644794464,0.39591386914253235,0.35,1,0,0,0,0,0,0,,,,nan,0,0.7571336030960083,4.261753082275391,65.35261535644531,0.699999988079071,1.0,0.004738818765194941,1,1,0,0,0.022987277278139984,0.699999988079071,filtered,0.38214133232831954,0,0,12,joint_1_acceleration_upper,predictive_link_1,1,0,0,inaccurate_solution,,0.0,valid,0.004738818765194941,0.181862959|0.00473881877|0.0829349461|0.0555611418|0.047440429|0.0196343277,0.331862959|0.154738819|0.232934946|0.205561142|0.197440429|0.169634328,0.301862959|0.124738819|0.202934946|0.175561142|0.167440429|0.139634328,0.15|0.0544765535|0.15|0.15|0.15|0.15,0|0|0.0031079037|0.284017725|0.253803221|0.288612726,-0.029302687|1.64189592e-18|-0.153120783|-0.200849585|-0.250189362|-0.249875118,0.698149149|0.0189552751|0.181726906|0.305412707|0.193375575|0.11727492,0.396690667|0.196181059|0.40164727,0.0368205495|-0.253666043|0.0333999135,0.00959517527371645,0.0019001634791493416,0.001864931546151638,0.0023571280762553215
19,1.0,-1.3126259258582813,0.5449095964431763,0.5129269957542419,0.15174110233783722,0.5449095964431763,0.35,1,0,0,0,0,0,0,,,,nan,0,0.7039292454719543,4.0176897048950195,22.4046688079834,0.699999988079071,1.0,0.004185317306321712,1,1,0,0,0.022987277278139984,0.699999988079071,filtered,0.1669536096957463,0,0,12,,predictive_link_1,0,0,1,solved,osqp,0.0,valid,0.004185317306321712,0.18033855|0.00418531731|0.0836359496|0.0571799156|0.0480128319|0.0201894529,0.33033855|0.154185317|0.23363595|0.207179916|0.198012832|0.170189453,0.30033855|0.124185317|0.20363595|0.177179916|0.168012832|0.140189453,0.15|0.00229687324|0.15|0.15|0.15|0.15,0|0|-0.0113128535|0.258834323|0.274694391|0.302700107,-0.0226891494|-3.3672491e-19|-0.143740056|-0.192561675|-0.24678647|-0.246214505,0.698665053|0.0167412692|0.179490889|0.294992311|0.219959248|0.137243414,0.398531735|0.183497787|0.403317392,0.0368205495|-0.253666043|0.0333999135,0.00905096996575594,0.0016860924661159515,0.0017346516251564026,0.002262304536998272
20,1.05,-1.434768504352858,0.6189435124397278,0.5272999405860901,0.1480349451303482,0.618943452835083,0.35,1,0,0,0,0,0,0,,,,nan,0,0.699999988079071,3.196138620376587,16.506135940551758,0.699999988079071,1.0,0.0017411012586622254,1,1,0,0,0.022987277278139984,0.699999988079071,passthrough,2.785146280406578e-11,0,0,12,,predictive_link_1,0,0,1,solved,osqp,0.0,valid,0.0017411012586622254,0.179149911|0.00174110126|0.0832429346|0.0582528383|0.0496265378|0.0217531139,0.329149911|0.151741101|0.233242935|0.208252838|0.199626538|0.171753114,0.299149911|0.121741101|0.203242935|0.178252838|0.169626538|0.141753114,0.15|0|0.15|0.15|0.15|0.15,0|0|-0.0220621704|0.237192678|0.288376611|0.310997237,-0.0160263322|0.00838132395|-0.135253201|-0.186660941|-0.24412822|-0.243424789,0.700573311|0.015345729|0.175656367|0.28354309|0.242754541|0.154584903,0.400372803|0.170814514|0.404987514,0.0368205495|-0.253666043|0.0333999135,0.008649508468806744,0.0015673981979489326,0.0018745847046375275,0.002362656407058239
21,1.1,-1.2431926408876055,0.5187984704971313,0.5354763865470886,0.14652298390865326,0.5187984108924866,0.35,1,0,0,0,0,0,0,,,,nan,0,0.4292099177837372,6.122272968292236,150.11570739746094,0.0,1.0,-0.0019650614992571813,1,1,0,0,0.022987277278139984,0.0,filtered,0.42920990822985805,0,0,12,joint_2_acceleration_upper,predictive_link_1,0,0,1,solved,osqp,0.0,valid,-0.0019650614992571813,0.178298117|-0.0019650615|0.0819247816|0.0588078601|0.0519893479|0.0240425566,0.328298117|0.148034939|0.231924782|0.20880786|0.201989348|0.174042557,0.298298117|0.118034939|0.201924782|0.17880786|0.171989348|0.144042557,0.15|0|0.15|0.15|0.15|0.15,0|0|-0.0118884353|0.142839621|0.170430984|0.181629643,-0.00932799769|0.0158282085|-0.127627758|-0.182971047|-0.242417815|-0.241713838,0.703864469|0.00796796248|0.188182933|0.195100015|0.13597056|0.0360860317,0.402213871|0.158131242|0.406657636,0.0368205495|-0.253666043|0.0333999135,0.009151880629360676,0.0017332620918750763,0.001948293298482895,0.0023563792929053307
22,1.1500000000000001,-1.2188968114443606,0.4960942268371582,0.5428454875946045,0.14556537568569183,0.4660709500312805,0.35,1,0,0,0,0,0,0,,,,nan,0,0.35687774419784546,2.8219122886657715,131.48439025878906,0.0,1.0,-0.003477026834134811,1,1,0,0,0.022987277278139984,0.0,filtered,0.3568777137938061,0,1,12,predictive_link_5,predictive_link_5,0,0,1,solved,osqp,1.2839174778900286e-08,valid,-0.003477026834134811,0.177853914|-0.00347702683|0.0790613842|0.0557399192|0.0484407536|0.0204825593,0.327853914|0.146522973|0.229061384|0.205739919|0.198440754|0.170482559,0.297853914|0.116522973|0.199061384|0.175739919|0.168440754|0.140482559,0.15|0|0.15|0.15|0.15|0.15,0|0|-0.011966375|0.115809957|0.146086731|0.158181068,-0.00255039482|0.0245840186|-0.122504732|-0.17865293|-0.240930813|-0.240111315,0.708865259|0.0106759113|0.18177443|0.160116703|0.0989189333|-9.70182024e-09,0.40405494|0.145447969|0.408327758,0.0368205495|-0.253666043|0.0333999135,0.00928277987986803,0.001634344458580017,0.0017798636108636856,0.002459839917719364
23,1.2000000000000002,-1.2394215754332734,0.4865894019603729,0.5509400963783264,0.14480070769786835,0.4463091492652893,0.35,1,0,0,0,0,0,0,,,,nan,0,0.39503249526023865,0.7696478366851807,63.489322662353516,0.0,1.0,-0.004434660679070723,1,1,0,0,0.022987277278139984,0.0,filtered,0.3950325132952409,0,1,12,predictive_link_5,predictive_link_5,0,0,1,solved,osqp,6.898743104555294e-09,valid,-0.004434660679070723,0.177719384|-0.00443466068|0.0755618441|0.0516571802|0.0438389694|0.0158689868,0.327719384|0.145565339|0.225561844|0.20165718|0.193838969|0.165868987,0.297719384|0.115565339|0.195561844|0.17165718|0.163838969|0.135868987,0.119120444|0|0.15|0.15|0.15|0.15,0|0|-0.0126915452|0.12851077|0.161215739|0.174975978,5.58701609e-18|0.0332992835|-0.118299726|-0.174230448|-0.239365604|-0.238451934,0.710877537|0.0155606408|0.171256106|0.160909043|0.0972060125|-7.86848842e-09,0.405896008|0.132764697|0.40999788,0.0368205495|-0.253666043|0.0333999135,0.005799083970487118,0.0010637305676937103,0.0010270345956087112,0.0015476271510124207
24,1.25,-1.2577600777087947,0.47612783312797546,0.5595709681510925,0.14428852498531342,0.42525607347488403,0.35,1,0,0,0,0,0,0,,,,nan,0,0.4250122308731079,0.6100481748580933,3.3265740871429443,0.0,1.0,-0.005199314372622499,1,1,0,0,0.022987277278139984,0.0,filtered,0.4250122368054676,0,1,12,predictive_link_5,predictive_link_5,0,0,1,solved,osqp,6.833114601922929e-09,valid,-0.005199314372622499,0.177599713|-0.00519931437|0.0726494137|0.0483120385|0.0400960863|0.0121145126,0.327599713|0.144800686|0.222649414|0.198312039|0.190096086|0.162114513,0.297599713|0.114800686|0.192649414|0.168312039|0.160096086|0.132114513,0.0698502628|0|0.15|0.15|0.15|0.15,0|0|-0.0130357771|0.138667576|0.172878201|0.188108615,-3.55464738e-19|0.0418567003|-0.113643229|-0.169578286|-0.237576317|-0.236566671,0.710398854|0.0210594428|0.163918649|0.162337445|0.0956862293|-5.73616388e-09,0.407737076|0.120081425|0.411668003,0.0368205495|-0.253666043|0.0333999135,0.009666457772254944,0.0018801996484398842,0.0018690750002861023,0.0023962147533893585
25,1.3,-1.274085170247004,0.4654110372066498,0.5685761570930481,0.14408166706562042,0.4242343008518219,0.35,1,0,0,0,0,0,0,,,,nan,0,0.4481576383113861,0.47999224066734314,2.8028502464294434,0.0,1.0,-0.00571148985129899,1,1,0,0,0.022987277278139984,0.0,filtered,0.4481576620201041,0,1,12,predictive_link_5,predictive_link_5,0,0,1,solved,osqp,6.534940394375965e-09,valid,-0.00571148985129899,0.177474676|-0.00571148985|0.0702942171|0.045611039|0.0370505215|0.00905924959,0.327474676|0.14428851|0.220294217|0.195611039|0.187050521|0.15905925,0.297474676|0.11428851|0.190294217|0.165611039|0.157050521|0.12905925,0.0206440993|0|0.15|0.15|0.15|0.15,0|0|-0.0130625699|0.146732492|0.18164978|0.1981817,1.37018291e-18|0.050274459|-0.108599254|-0.164655408|-0.235530012|-0.234418711,0.709898705|0.0274284996|0.159515045|0.16452124|0.0943218541|-1.20373572e-08,0.409578145|0.107398152|0.413338125,0.0368205495|-0.253666043|0.0333999135,0.00974471028894186,0.0019228672608733177,0.001964491792023182,0.0024360688403248787
26,1.35,-1.2892284659081454,0.45517730712890625,0.5778148770332336,0.14422790706157684,0.42352476716041565,0.35,1,0,0,0,0,0,0,,,,nan,0,0.4655190706253052,0.3759736120700836,2.402270793914795,0.0,1.0,-0.0059183055951406716,1,1,0,0,0.022987277278139984,0.0,filtered,0.46551905553423134,0,1,12,predictive_link_5,predictive_link_5,0,0,1,solved,osqp,5.970009708811119e-09,valid,-0.0059183055951406716,0.177403186|-0.0059183056|0.0684713828|0.0434817796|0.0345710622|0.00657337071,0.327403186|0.144081694|0.218471383|0.19348178|0.184571062|0.156573371,0.297403186|0.114081694|0.188471383|0.16348178|0.154571062|0.126573371,0|0|0.15|0.15|0.15|0.15,0|0|-0.012818764|0.153069569|0.187989054|0.2056734,0.00394079174|0.0585634426|-0.103220823|-0.159419987|-0.233189923|-0.231966884,0.713553534|0.0348902202|0.157845945|0.167576701|0.09308338|-8.56474835e-10,0.411419213|0.09471488|0.415008247,0.0368205495|-0.253666043|0.0333999135,0.00968625396490097,0.0018685748800635338,0.0019163526594638824,0.0024019889533519745
27,1.4000000000000001,-1.303871375694199,0.4460833966732025,0.5871626138687134,0.14477093517780304,0.4216800034046173,0.35,1,0,0,0,0,0,0,,,,nan,0,0.477906733751297,0.2974177598953247,2.1048970222473145,0.0,1.0,-0.005772098536770076,1,1,0,0,0.022987277278139984,0.0,filtered,0.47790673723635274,0,1,12,predictive_link_5,predictive_link_5,0,0,1,solved,osqp,5.228856764238898e-09,valid,-0.005772098536770076,0.177635345|-0.00577209854|0.0671613755|0.0418690084|0.0325511954|0.00455144199,0.327635345|0.144227901|0.217161375|0.191869008|0.182551195|0.154551442,0.297635345|0.114227901|0.187161375|0.161869008|0.152551195|0.124551442,0|0|0.15|0.15|0.15|0.15,0|0|-0.012337717|0.157969653|0.192258166|0.210959422,0.0107241627|0.0667295559|-0.0975520963|-0.153829624|-0.230515241|-0.229165196,0.721265544|0.0436411617|0.158755689|0.171616063|0.0919477067|-5.55365243e-09,0.413260281|0.0820316076|0.416678369,0.0368205495|-0.253666043|0.0333999135,0.009488904848694801,0.0018281834200024605,0.0018135970458388329,0.0023384131491184235
28,1.4500000000000002,-1.3184225342867015,0.4385905861854553,0.5965062975883484,0.14575199782848358,0.41836822032928467,0.35,1,0,0,0,0,0,0,,,,nan,0,0.4859304130077362,0.24728570878505707,1.894392728805542,0.0,1.0,-0.005229049301030242,1,1,0,0,0.022987277278139984,0.0,filtered,0.48593039764195933,0,1,12,predictive_link_5,predictive_link_5,0,0,1,solved,osqp,4.338685799520903e-09,valid,-0.005229049301030242,0.17820127|-0.0052290493|0.0663493973|0.0407321504|0.0309042537|0.0029079574,0.32820127|0.144770951|0.216349397|0.19073215|0.180904254|0.152907957,0.29820127|0.114770951|0.186349397|0.16073215|0.150904254|0.122907957,0|0|0.15|0.15|0.15|0.15,0|0|-0.0116419025|0.16166199|0.19473972|0.214330387,0.0174844092|0.074775302|-0.0916301972|-0.147841091|-0.227460689|-0.225962217,0.730289489|0.0538591048|0.16212549|0.176749501|0.0908960454|-1.07400117e-09,0.415101349|0.0693483353|0.418348491,0.0368205495|-0.253666043|0.0333999135,0.009575576521456242,0.0017874613404273987,0.0018702149391174316,0.00244794599711895
29,1.5,-1.3330047735498831,0.43292394280433655,0.6057413220405579,0.14721067249774933,0.41349393129348755,0.35,1,0,0,0,0,0,0,,,,nan,0,0.49002888798713684,0.23004674911499023,1.7572187185287476,0.0,1.0,-0.004248017140880467,1,1,0,0,0.022987277278139984,0.0,filtered,0.4900288964711574,0,1,12,predictive_link_5,predictive_link_5,0,0,1,solved,osqp,3.3744948502167915e-09,valid,-0.004248017140880467,0.179100851|-0.00424801714|0.0660247901|0.0400422929|0.029559866|0.00157384205,0.329100851|0.145751983|0.21602479|0.190042293|0.179559866|0.151573842,0.299100851|0.115751983|0.18602479|0.160042293|0.149559866|0.121573842,0|0|0.15|0.15|0.15|0.15,0|0|-0.0107449403|0.164322771|0.195650386|0.216005417,0.0242088946|0.0827010682|-0.0854869223|-0.141410836|-0.223976169|-0.222300788,0.7406123|0.0657089996|0.167867298|0.183081106|0.0899136811|-2.38443809e-09,0.416942418|0.0566650406|0.420018613,0.0368205495|-0.253666043|0.0333999135,0.0095263896510005,0.0018262136727571487,0.00195985846221447,0.002141399309039116
30,1.55,-1.3474471765450846,0.429073691368103,0.614768385887146,0.14918552339076996,0.4069885015487671,0.35,1,0,0,0,0,0,0,,,,nan,0,0.49049580097198486,0.2449360340833664,1.6803468465805054,0.0,1.0,-0.002789340150362307,1,1,0,0,0.022987277278139984,0.0,filtered,0.49049581062336295,0,1,12,predictive_link_5,predictive_link_5,0,0,1,solved,osqp,2.4168622658748973e-09,valid,-0.002789340150362307,0.180333271|-0.00278934015|0.0661799507|0.039781177|0.0284611647|0.00049344716,0.330333271|0.14721066|0.216179951|0.189781177|0.178461165|0.150493447,0.300333271|0.11721066|0.186179951|0.159781177|0.148461165|0.120493447,0|0|0.15|0.15|0.15|0.15,0|0|-0.00965348136|0.16608177|0.195153091|0.216144112,0.0308852133|0.0905054535|-0.0791501459|-0.134495594|-0.220006853|-0.218117909,0.752218299|0.0793480929|0.175916175|0.190710884|0.0889908968|-8.31923419e-09,0.418783486|0.0439817235|0.421688735,0.0368205495|-0.253666043|0.0333999135,0.009762092493474483,0.0018349690362811089,0.0019564228132367134,0.0024180943146348
31,1.6,-1.415898120451276,0.40241432189941406,0.6272579431533813,0.1505938321352005,0.4024142920970917,0.35,1,0,0,0,0,0,0,,,,nan,0,0.699999988079071,4.20322847366333,83.49688720703125,0.699999988079071,1.0,-0.0008144779777435329,1,1,0,0,0.022987277278139984,0.699999988079071,passthrough,8.719554725915202e-11,0,0,12,,predictive_link_5,0,0,1,solved,osqp,0.0,valid,-0.0008144779777435329,0.181897056|-0.000814477978|0.0668094278|0.0399382651|0.0275616126|-0.000377693269,0.331897056|0.149185522|0.216809428|0.189938265|0.177561613|0.149622307,0.301897056|0.119185522|0.186809428|0.159938265|0.147561613|0.119622307,0|0|0.15|0.15|0.15|0.15,0|0|-0.0120172821|0.239833296|0.277656088|0.3085122,0.0375013578|0.0981858458|-0.0726453798|-0.127054007|-0.2154937|-0.213345056,0.765089583|0.0949279339|0.182575049|0.272532349|0.172408839|0.0936563713,0.420624554|0.0312984064|0.423358858,0.0368205495|-0.253666043|0.0333999135,0.009827371686697006,0.001883266493678093,0.001995747908949852,0.0024321582168340683
32,1.6500000000000001,-1.4085055467008878,0.39319857954978943,0.6383638978004456,0.1534823626279831,0.3931986391544342,0.35,1,0,0,0,0,0,0,,,,nan,0,0.699999988079071,1.956658959388733,93.13753509521484,0.699999988079071,1.0,0.0005938174934378981,1,1,0,0,0.022987277278139984,0.699999988079071,passthrough,2.2110156326980197e-11,0,0,12,,predictive_link_1,0,0,1,solved,osqp,0.0,valid,0.0005938174934378981,0.183726487|0.000593817493|0.0698867973|0.0434255703|0.0311366512|0.00320506098,0.333726487|0.150593817|0.219886797|0.19342557|0.181136651|0.153205061,0.303726487|0.120593817|0.189886797|0.16342557|0.151136651|0.123205061,0|0|0.15|0.15|0.15|0.15,0|0|-0.00409108449|0.25803307|0.272249689|0.305701257,0.0439936756|0.105262671|-0.0635657761|-0.119124477|-0.209679727|-0.20736467,0.778899624|0.107637941|0.211890329|0.312610874|0.187116567|0.111156832,0.422465622|0.0186151117|0.42502898,0.0368205495|-0.253666043|0.0333999135,0.007562621496617794,0.0018165186047554016,0.0010343510657548904,0.0014780247583985329
33,1.7000000000000002,-1.4139922962126774,0.3822629153728485,0.6488959789276123,0.15700273215770721,0.3822629749774933,0.35,1,0,0,0,0,0,0,,,,nan,0,0.7000000476837158,0.4465155601501465,32.662017822265625,0.7000000476837158,1.0,0.0034823589390173826,1,1,0,0,0.022987277278139984,0.7000000476837158,passthrough,2.2586063623243574e-11,0,0,12,,predictive_link_1,0,0,1,solved,osqp,0.0,valid,0.0034823589390173826,0.185883344|0.00348235894|0.0742186695|0.0481602471|0.0348367941|0.00695175663,0.335883344|0.153482359|0.224218669|0.198160247|0.184836794|0.156951757,0.305883344|0.123482359|0.194218669|0.168160247|0.154836794|0.126951757,0|0|0.15|0.15|0.15|0.15,0|0|-0.00258348301|0.259465417|0.270785745|0.305173422,0.0504056422|0.11278697|-0.0535728839|-0.108935208|-0.201811374|-0.1991288,0.793939016|0.126716406|0.240718311|0.343171198|0.208321547|0.133851648,0.424306691|0.00593180768|0.426699102,0.0368205495|-0.253666043|0.0333999135,0.00556266400963068,0.001023915596306324,0.0010710060596466064,0.0014568176120519638
34,1.75,-1.416750678111498,0.36980581283569336,0.658829927444458,0.16114287078380585,0.3698059022426605,0.35,1,0,0,0,0,0,0,,,,nan,0,0.699999988079071,0.4477206766605377,0.5607424378395081,0.699999988079071,1.0,0.007002739514354983,1,1,0,0,0.022987277278139984,0.699999988079071,passthrough,2.306884922171179e-11,0,0,12,,predictive_link_1,0,0,1,solved,osqp,0.0,valid,0.007002739514354983,0.188361768|0.00700273951|0.0791516596|0.0534568477|0.0388993816|0.011075766,0.338361768|0.15700274|0.22915166|0.203456848|0.188899382|0.161075766,0.308361768|0.12700274|0.19915166|0.173456848|0.158899382|0.131075766,0|0|0.15|0.15|0.15|0.15,0|0|-0.00104762103|0.260900599|0.269862336|0.305061905,0.0567252969|0.120191846|-0.043330311|-0.0980651464|-0.19296272|-0.189862732,0.810172368|0.148202804|0.272228706|0.376662843|0.232497143|0.159502237,0.426147759|-0.00675149634|0.428369224,0.0368205495|-0.253666043|0.0333999135,0.0055515458807349205,0.0009956946596503258,0.001055421307682991,0.0015261676162481308
35,1.8,-1.4146486142097923,0.3558212220668793,0.6680623292922974,0.16596750915050507,0.35582125186920166,0.35,1,0,0,0,0,0,0,,,,nan,0,0.699999988079071,0.5441253781318665,2.0878562927246094,0.699999988079071,1.0,0.011142868361358749,1,1,0,0,0.022987277278139984,0.699999988079071,passthrough,2.5673849947912e-11,0,0,12,,predictive_link_1,0,0,1,solved,osqp,0.0,valid,0.011142868361358749,0.191157158|0.0111428684|0.0846985243|0.0593507258|0.0433959983|0.0156493392,0.341157158|0.161142868|0.234698524|0.209350726|0.193395998|0.165649339,0.311157158|0.131142868|0.204698524|0.179350726|0.163395998|0.135649339,0|0|0.15|0.15|0.15|0.15,0|0|0.00116093149|0.263383184|0.269194936|0.305292828,0.0629429648|0.127446036|-0.0328555737|-0.086572733|-0.183120232|-0.179558149,0.827571597|0.17201751|0.307099455|0.414213354|0.259658697|0.188332036,0.427988827|-0.0194347985|0.430039346,0.0368205495|-0.253666043|0.0333999135,0.009029571898281574,0.0019079018384218216,0.0015199510380625725,0.0022373050451278687
36,1.85,-1.4087296490789425,0.34050819277763367,0.6765486001968384,0.1714829057455063,0.34050822257995605,0.35,1,0,0,0,0,0,0,,,,nan,0,0.7000000476837158,0.5706414580345154,0.8875542879104614,0.7000000476837158,1.0,0.015967501750731417,1,1,0,0,0.022987277278139984,0.7000000476837158,passthrough,3.015032071184841e-11,0,0,12,,workspace_x_lower,0,0,1,solved,osqp,0.0,valid,0.015967501750731417,0.194264962|0.0159675018|0.0909233503|0.0659223057|0.0483930286|0.0207422428,0.344264962|0.165967502|0.24092335|0.215922306|0.198393029|0.170742243,0.314264962|0.135967502|0.21092335|0.185922306|0.168393029|0.140742243,0|0|0.15|0.15|0.15|0.15,0|0|0.00363722885|0.266186489|0.269223984|0.30612927,0.0690502625|0.134559386|-0.0221260307|-0.0744054889|-0.172180916|-0.168109206,0.846110112|0.198429393|0.345204599|0.455470223|0.290615183|0.220989035,0.429829895|-0.0321180932|0.431709468,0.0368205495|-0.253666043|0.0333999135,0.009471186436712742,0.0018549049273133278,0.0019301781430840492,0.002344953827559948
37,1.9000000000000001,-1.4005258189946337,0.3242260813713074,0.684310257434845,0.17763946950435638,0.3242260813713074,0.35,1,0,0,0,0,0,0,,,,nan,0,0.699999988079071,0.537126362323761,1.6627254486083984,0.699999988079071,1.0,0.021482904927800528,1,1,0,0,0.022987277278139984,0.699999988079071,passthrough,3.6861717967470456e-11,0,0,12,,workspace_x_lower,0,0,1,solved,osqp,0.0,valid,0.021482904927800528,0.197679983|0.0214829049|0.0978535906|0.0732211095|0.0539770909|0.0264424188,0.347679983|0.171482905|0.247853591|0.22322111|0.203977091|0.176442419,0.317679983|0.141482905|0.217853591|0.19322111|0.173977091|0.146442419,0|0|0.15|0.15|0.15|0.15,0|0|0.005975446|0.268591291|0.270211439|0.307710957,0.0750395233|0.141507234|-0.0111558093|-0.0616213064|-0.160135938|-0.155516459,0.865759457|0.227438854|0.386233999|0.499854423|0.325983865|0.257964173,0.431670964|-0.0448014103|0.433379591,0.0368205495|-0.253666043|0.0333999135,0.009211844764649868,0.0018167374655604362,0.0018199244514107704,0.0020447764545679092
38,1.9500000000000002,-1.3906828384179177,0.30733004212379456,0.6913828253746033,0.18438072502613068,0.30733010172843933,0.35,1,0,0,0,0,0,0,,,,nan,0,0.699999988079071,0.5113798379898071,1.834425449371338,0.699999988079071,1.0,0.027639449946143257,1,1,0,0,0.022987277278139984,0.699999988079071,passthrough,4.862875419741575e-11,0,0,12,,workspace_x_lower,0,0,1,solved,osqp,0.0,valid,0.027639449946143257,0.201396234|0.0276394499|0.105479975|0.0812581813|0.0602413241|0.0328415156,0.351396234|0.17763945|0.255479975|0.231258181|0.210241324|0.182841516,0.321396234|0.14763945|0.225479975|0.201258181|0.180241324|0.152841516,0|0|0.149770593|0.15|0.15|0.15,0|0|0.0081431612|0.27051131|0.272063214|0.309952646,0.080903653|0.148240485|5.65924136e-18|-0.0483772094|-0.147084176|-0.141901371,0.886488589|0.258798285|0.43006306|0.547166826|0.365944334|0.299417337,0.433512032|-0.0574847274|0.435049713,0.0368205495|-0.253666043|0.0333999135,0.008998973295092583,0.001884150318801403,0.0015623318031430244,0.0022783027961850166
39,2.0,-1.3653885030328092,0.28918564319610596,0.6971616744995117,0.19206835329532623,0.28918570280075073,0.35,1,0,0,0,0,0,0,,,,nan,0,0.6834424734115601,1.0713300704956055,13.32248306274414,0.699999988079071,1.0,0.03438073754867785,1,1,0,0,0.022987277278139984,0.699999988079071,filtered,0.020743422639806657,0,1,12,workspace_x_lower,workspace_x_lower,0,0,1,solved,osqp,6.131646024254422e-10,valid,0.03438073754867785,0.205407309|0.0343807375|0.112444521|0.0900301772|0.0672687385|0.0400187071,0.355407309|0.184380738|0.262444521|0.240030177|0.217268738|0.190018707,0.325407309|0.154380738|0.232444521|0.210030177|0.187268738|0.160018707,0|0|0|0.15|0.15|0.15,0|0|0.011675048|0.271771267|0.267870052|0.305763293,0.0866364266|0.154714992|0.00655959466|-0.0348424867|-0.133166363|-0.12743138,0.908265664|0.292237942|0.468012728|0.597049489|0.403778643|0.338406742,0.4353531|-0.0701680183|0.436719835,0.0368205495|-0.253666043|0.0333999135,0.009777771309018135,0.0018840376287698746,0.0018974225968122482,0.002355591394007206
40,2.0500000000000003,-1.3304132205363306,0.27047663927078247,0.7013577222824097,0.2005472630262375,0.27047663927078247,0.35,1,0,0,0,0,0,0,,,,nan,0,0.5977815389633179,2.4544081687927246,37.384483337402344,0.699999988079071,1.0,0.04206836653886101,1,1,0,0,0.022987277278139984,0.699999988079071,filtered,0.13148223427830083,0,1,12,workspace_x_lower,workspace_x_lower,0,0,1,solved,osqp,2.4772291717933825e-09,valid,0.04206836653886101,0.209717351|0.0420683665|0.119787455|0.0995937871|0.0748273578|0.0477636076,0.359717351|0.192068367|0.269787455|0.249593787|0.224827358|0.197763608,0.329717351|0.162068367|0.239787455|0.219593787|0.194827358|0.167763608,0|0|0|0.15|0.15|0.15,0|0|0.0133833301|0.240934258|0.236084715|0.269460032,0.0922406354|0.161023615|0.0176803236|-0.0207032362|-0.118074336|-0.111742798,0.931110041|0.329297081|0.510213473|0.61860617|0.41731981|0.348771664,0.437194169|-0.0828512907|0.438389957,0.0368205495|-0.253666043|0.0333999135,0.008804483339190483,0.001759801059961319,0.0017676418647170067,0.0022238213568925858
41,2.1,-1.2924114277532206,0.25129368901252747,0.7040900588035583,0.20991148054599762,0.25129368901252747,0.35,1,0,0,0,0,0,0,,,,nan,0,0.5358687043190002,2.1214606761932373,8.318873405456543,0.699999988079071,1.0,0.05054724702619692,1,1,0,0,0.022987277278139984,0.699999988079071,filtered,0.21842883237977662,0,1,12,workspace_x_lower,workspace_x_lower,0,0,1,solved,osqp,3.1924176635556023e-09,valid,0.05054724702619692,0.214347139|0.050547247|0.126907389|0.10865409|0.0815310795|0.0546989233,0.364347139|0.200547247|0.276907389|0.25865409|0.23153108|0.204698923,0.334347139|0.170547247|0.246907389|0.22865409|0.20153108|0.174698923,0|0|0|0.15|0.15|0.15,0|0|0.0171444653|0.220131318|0.212655708|0.242452487,0.0977312425|0.166964251|0.0276258306|-0.00688727882|-0.102941596|-0.0959559462,0.955119798|0.369153239|0.552399853|0.6478604|0.435838431|0.365292234,0.439035237|-0.0955345631|0.440060079,0.0368205495|-0.253666043|0.0333999135,0.00977434404194355,0.00195425096899271,0.0018803700804710388,0.0023912470787763596
42,2.15,-1.2589726537937713,0.23613883554935455,0.7055802345275879,0.220105841755867,0.23204365372657776,0.35,1,0,0,0,0,0,0,,,,nan,0,0.4933321475982666,1.7992233037948608,7.175853729248047,0.699999988079071,1.0,0.059911485322710484,1,1,0,0,0.022987277278139984,0.699999988079071,filtered,0.2865236178754107,0,1,12,workspace_x_lower,workspace_x_lower,0,0,1,solved,osqp,4.754744431512137e-09,valid,0.059911485322710484,0.219285835|0.0599114853|0.134078468|0.117499363|0.0878102202|0.061269535,0.369285835|0.209911485|0.284078468|0.267499363|0.23781022|0.211269535,0.339285835|0.179911485|0.254078468|0.237499363|0.20781022|0.181269535,0|0|0|0.110194678|0.15|0.15,0|0|0.0213645647|0.201984914|0.196684365|0.223350714,0.103099122|0.172567021|0.0367012924|-3.84474128e-18|-0.087542136|-0.0798397185,0.98024246|0.412212962|0.594379731|0.671982367|0.46038311|0.388589136,0.440876305|-0.108217835|0.441730201,0.0368205495|-0.253666043|0.0333999135,0.005725016817450523,0.0010756505653262138,0.0010074945166707039,0.001537807285785675
43,2.2,-1.2349914765830274,0.22485792636871338,0.7062624096870422,0.23072881996631622,0.2136503905057907,0.35,1,0,0,0,0,0,0,,,,nan,0,0.4279039204120636,1.553108811378479,21.509408950805664,0.699999988079071,1.0,0.06786341930854897,1,1,0,0,0.022987277278139984,0.699999988079071,filtered,0.34355829689380774,0,2,12,workspace_x_lower|workspace_z_upper,workspace_z_upper,0,0,1,solved,osqp,4.747483467459901e-08,valid,0.06786341930854897,0.224521934|0.0701058441|0.141455798|0.125595844|0.0940436295|0.0678634193,0.374521934|0.220105844|0.291455798|0.275595844|0.24404363|0.217863419,0.344521934|0.190105844|0.261455798|0.245595844|0.21404363|0.187863419,0|0|0|0.028359393|0.15|0.15,0|0|0.0225343959|0.171279859|0.175412677|0.197759758,0.108335547|0.177813624|0.0451236757|-6.74319621e-18|-0.0718825678|-0.0634193076,1.00642328|0.458237001|0.633481263|0.673663235|0.479704627|0.405794128,0.442717373|-0.120901108|0.443400323,0.0368205495|-0.253666043|0.0333999135,0.0058937836438417435,0.001083233393728733,0.0010958556085824966,0.0015370920300483704
44,2.25,-1.2177895796016427,0.21528322994709015,0.7064833045005798,0.23676224052906036,0.2039063423871994,0.35,5,0,0,0,0,0,0,,,,nan,0,0.34405872225761414,1.7115020751953125,15.22925853729248,0.699999988079071,1.0,0.07414476226002062,1,1,0,0,0.022987277278139984,0.699999988079071,filtered,0.40223428983490134,0,2,12,workspace_x_lower|workspace_z_upper,workspace_z_upper,0,0,1,solved,osqp,2.794107051284911e-08,valid,0.07414476226002062,0.230036772|0.0807287937|0.148765887|0.132689071|0.0999062877|0.0741447623,0.380036772|0.230728794|0.298765887|0.282689071|0.249906288|0.224144762,0.350036772|0.200728794|0.268765887|0.252689071|0.219906288|0.194144762,0|0|0|0|0.15|0.15,0|0|0.0210820784|0.141211804|0.14831999|0.16579508,0.113428699|0.18263076|0.0526776734|0.00851267256|-0.0567850735|-0.0475646442,1.03357579|0.505545935|0.668823301|0.680480759|0.491160067|0.414809485,0.444558442|-0.13358438|0.445070446,0.0368205495|-0.253666043|0.0333999135,0.009076652117073536,0.0018784375861287117,0.001561889424920082,0.0021636122837662697
45,2.3000000000000003,-1.2019282629736892,0.20695996284484863,0.7063165903091431,0.23978926241397858,0.1991991549730301,0.35,5,0,0,0,0,0,0,,,,nan,0,0.27544793486595154,1.4244439601898193,5.910808086395264,0.699999988079071,1.0,0.07974680257521558,1,1,0,0,0.022987277278139984,0.699999988079071,filtered,0.45534590403974656,0,2,12,workspace_x_lower|workspace_z_upper,workspace_z_upper,0,0,1,solved,osqp,2.5188390817554307e-09,valid,0.07974680257521558,0.235813003|0.091472814|0.15575711|0.139281772|0.105043878|0.0797468026,0.385813003|0.241472814|0.30575711|0.289281772|0.255043878|0.229746803,0.355813003|0.211472814|0.27575711|0.259281772|0.225043878|0.199746803,0|0|0|0|0.15|0.15,0|0|0.0201296224|0.118924752|0.124994557|0.138632683,0.118370058|0.187009767|0.0592180788|0.0206489126|-0.0427960946|-0.0328456744,1.06162207|0.552901023|0.702376143|0.696700754|0.502373973|0.424774219,0.44639951|-0.146267653|0.446740568,0.0368205495|-0.253666043|0.0333999135,0.008557859808206558,0.001878354698419571,0.0015306556597352028,0.002228241413831711
46,2.35,-1.076951126114682,0.2006363421678543,0.7001459002494812,0.24117596447467804,0.19708208739757538,0.35,5,0,0,0,0,0,0,,,,nan,0,0.3939346373081207,8.353826522827148,150.97576904296875,0.45504409074783325,1.0,0.08483862298464814,0,1,1,0,0.022987277278139984,0.0,filtered,0.1529606777317577,0,0,12,,workspace_x_lower,0,0,1,solved,osqp,0.0,valid,0.08483862298464814,0.241841318|0.102367188|0.162504757|0.145583129|0.10962277|0.084838623,0.391841318|0.252367188|0.312504757|0.295583129|0.25962277|0.234838623,0.361841318|0.222367188|0.282504757|0.265583129|0.22962277|0.204838623,0|0|0|0|0.15|0.15,0|0|0.0625641543|0.115193516|0.0753453654|0.0875428983,0.123157715|0.191011305|0.0649226381|0.0318888801|-0.0297031653|-0.0190477198,1.09052299|0.600480059|0.777505822|0.729414912|0.484133278|0.40784967,0.448240578|-0.158950925|0.44841069,0.0368205495|-0.253666043|0.0333999135,0.008408775553107262,0.001841006800532341,0.001927962526679039,0.0024762097746133804
47,2.4000000000000004,-0.9540276168535012,0.19748370349407196,0.6890801191329956,0.2411520630121231,0.1971183717250824,0.35,5,0,0,0,0,0,0,,,,nan,0,0.7162420153617859,7.787908554077148,37.172733306884766,0.7301315665245056,1.0,0.08885692154518618,0,1,1,0,0.022987277278139984,0.0,filtered,0.05068433212215601,0,0,12,,workspace_x_lower,0,0,1,solved,osqp,0.0,valid,0.08885692154518618,0.248193178|0.11726144|0.17051734|0.153137136|0.112667998|0.0888569215,0.398193178|0.26726144|0.32051734|0.303137136|0.262667998|0.238856922,0.368193178|0.23726144|0.29051734|0.273137136|0.232667998|0.208856922,0|0|0|0|0.15|0.15,0|0|0.0953256023|0.0929614258|0.0197811788|0.0308509979,0.127831112|0.195101827|0.0697487266|0.0390419006|-0.0134102282|-0.00148229894,1.12060382|0.664147589|0.847143688|0.744551871|0.457042944|0.384796385,0.450081646|-0.171634197|0.450080812,0.0368205495|-0.253666043|0.0333999135,0.007676769979298115,0.0017322376370429993,0.0018123025074601173,0.002317126840353012
48,2.45,-0.8445532646183165,0.19600339233875275,0.6744112968444824,0.24188874661922455,0.19600337743759155,0.35,5,0,0,0,0,0,0,,,,nan,0,0.9118810296058655,5.410617828369141,116.49581146240234,0.9118804335594177,1.0,0.09091166585710417,0,1,1,0,0.022987277278139984,0.0,filtered,1.1137180440445724e-06,0,0,12,,workspace_x_lower,0,0,1,solved,osqp,0.0,valid,0.09091166585710417,0.254861863|0.13523905|0.178892886|0.160142623|0.114065774|0.0909116659,0.404861863|0.28523905|0.328892886|0.310142623|0.264065774|0.240911666,0.374861863|0.25523905|0.298892886|0.280142623|0.234065774|0.210911666,0|0|0|0|0.121955552|0.0508521157,0|0|0.123620484|0.0826496767|-0.00198565489|-0.00692269429,0.132381956|0.198858923|0.0731982415|0.0378669073|7.42290085e-18|2.78147835e-18,1.15182941|0.739815122|0.912390268|0.761087075|0.454277443|0.356723969,0.451922715|-0.18431747|0.451750934,0.0368205495|-0.253666043|0.0333999135,0.00817868672311306,0.0018023652955889702,0.0020020809024572372,0.002309032715857029
49,2.5,-0.7698926998291248,0.19017158448696136,0.6583202481269836,0.24581728875637054,0.19017159938812256,0.35,5,0,0,0,0,0,0,,,,nan,0,0.9593315124511719,5.088117599487305,105.43549346923828,0.9599503874778748,1.0,0.09188872743415674,0,1,1,0,0.022987277278139984,0.0,filtered,0.011931712928003274,0,0,12,joint_4_acceleration_upper,workspace_x_lower,0,0,1,solved,osqp,0.0,valid,0.09188872743415674,0.261817517|0.15547601|0.187861269|0.166021675|0.114240237|0.0918887274,0.411817517|0.30547601|0.337861269|0.316021675|0.264240237|0.241888727,0.381817517|0.27547601|0.307861269|0.286021675|0.234240237|0.211888727,0|0|0|0|0.00506012729|0,0|0|0.143763298|0.0851787923|0.00282253525|0.0177802663,0.136792996|0.20202583|0.0759497666|0.0344829188|-3.41618851e-18|0.0127302645,1.18406306|0.823929868|0.971158142|0.783748412|0.459783482|0.398065441,0.453763783|-0.197000742|0.453421056,0.0368205495|-0.253666043|0.0333999135,0.008215855807065964,0.001893925480544567,0.001903369091451168,0.0022629350423812866
50,2.5500000000000003,-0.720185271058688,0.17961108684539795,0.6423997282981873,0.25327610969543457,0.17961110174655914,0.35,5,0,0,0,0,0,0,,,,nan,0,0.9731767773628235,4.229325294494629,78.44359588623047,0.9731763601303101,1.0,0.09581729240130307,0,1,1,0,0.022987277278139984,0.0,filtered,4.3200633782758165e-07,0,0,12,,workspace_x_lower,0,0,1,solved,osqp,0.0,valid,0.09581729240130307,0.269036568|0.177018739|0.197653925|0.171183247|0.115849537|0.0958172924,0.419036568|0.327018739|0.347653925|0.321183247|0.265849537|0.245817292,0.389036568|0.297018739|0.317653925|0.291183247|0.235849537|0.215817292,0|0|0|0|0|0,0|0|0.155525287|0.0905787883|0.0500175646|0.0742462439,0.14105439|0.204452513|0.0786534138|0.0347426997|0.0205141469|0.0360663046,1.21720066|0.912527469|1.0247944|0.810054476|0.53392986|0.493581718,0.455604851|-0.209684014|0.455091178,0.0368205495|-0.253666043|0.0333999135,0.008062092587351799,0.0018516918644309044,0.002003563567996025,0.0021556029096245766
51,2.6,-0.6938273937293755,0.17165350914001465,0.6275469660758972,0.2592196762561798,0.17165349423885345,0.35,5,0,0,0,0,0,0,,,,nan,0,0.962775707244873,4.351109504699707,87.30577087402344,0.9651412963867188,1.0,0.1032761427163,0,1,1,0,0.022987277278139984,0.0,filtered,0.03484927448227757,0,1,12,workspace_x_lower,workspace_x_lower,0,0,1,solved,osqp,3.471552332753869e-08,valid,0.1032761427163,0.276497034|0.198994794|0.208056505|0.177936979|0.120969944|0.103276143,0.426497034|0.348994794|0.358056505|0.327936979|0.270969944|0.253276143,0.396497034|0.318994794|0.328056505|0.297936979|0.240969944|0.223276143,0|0|0|0|0|0,0|0|0.149280415|0.0801058021|0.049736052|0.0654130081,0.145160651|0.206125923|0.0813974617|0.0523546541|0.0419083442|0.0514051351,1.25114879|1.0021051|1.0629039|0.844208371|0.575524172|0.529922714,0.45744592|-0.222367287|0.456761301,0.0368205495|-0.253666043|0.0333999135,0.006061076186597347,0.0018834872171282768,0.0011185547336935997,0.0015315515920519829
52,2.6500000000000004,-0.6589280032183342,0.16761983931064606,0.6129660606384277,0.2623487114906311,0.16761985421180725,0.35,5,0,0,0,0,0,0,,,,nan,0,0.9763134717941284,4.805912017822266,97.42306518554688,0.9831539988517761,1.0,0.10921966248778367,0,1,1,0,0.022987277278139984,0.0,filtered,0.08742071815978912,0,0,12,,workspace_x_lower,0,0,1,solved,osqp,1.845090657447146e-07,valid,0.10921966248778367,0.284187539|0.220214894|0.216897375|0.18494423|0.126985827|0.109219662,0.434187539|0.370214894|0.366897375|0.33494423|0.276985827|0.259219662,0.404187539|0.340214894|0.336897375|0.30494423|0.246985827|0.229219662,0|0|0|0|0|0,0|0|0.138748706|0.0700276649|0.0325767084|0.0219508234,0.149112337|0.207213415|0.0830875331|0.0682701713|0.0612562585|0.049839173,1.28586249|1.08807299|1.08942574|0.878074756|0.601776276|0.508668646,0.459286988|-0.235050559|0.458431423,0.0368205495|-0.253666043|0.0333999135,0.005002033896744251,0.001130436547100544,0.001071106642484665,0.0015816641971468925
53,2.7,-0.6260906301835305,0.1641518771648407,0.5987589955329895,0.2651057839393616,0.1641518473625183,0.35,5,0,0,0,0,0,0,,,,nan,0,0.9931448101997375,2.5323023796081543,72.51412200927734,1.0022356510162354,1.0,0.11234872661075654,0,1,1,0,0.022987277278139984,0.0,filtered,0.11480856365426038,0,0,12,,workspace_x_lower,0,0,1,solved,osqp,4.1564861215023785e-07,valid,0.11234872661075654,0.292106738|0.240590097|0.223976357|0.191747224|0.133158806|0.112348727,0.442106738|0.390590097|0.373976357|0.341747224|0.283158806|0.262348727,0.412106738|0.360590097|0.343976357|0.311747224|0.253158806|0.232348727,0|0|0|0|0|0,0|0|0.131108983|0.0683839558|0.0339095602|0.000994952735,0.152913559|0.207917191|0.083980802|0.0825837633|0.0788357941|0.0471895234,1.32134051|1.17027758|1.11099521|0.917956615|0.645380578|0.497579383,0.461128056|-0.247733831|0.460101545,0.0368205495|-0.253666043|0.0333999135,0.005846329033374786,0.0010168422013521194,0.0012498004361987114,0.0021579433232545853
54,2.75,-0.6084060370634486,0.15786810219287872,0.5856066346168518,0.27026867866516113,0.15786811709403992,0.35,5,0,0,0,0,0,0,,,,nan,0,0.9731016755104065,3.755223512649536,82.29956817626953,0.9874622225761414,1.0,0.11510579807618812,0,1,1,0,0.022987277278139984,0.0,filtered,0.11791093685126222,0,1,12,workspace_x_lower|joint_0_velocity_upper,workspace_x_lower,7,0,0,inaccurate_solution,,1.529252436488493e-10,valid,0.11510579807618812,0.30023951|0.26033006|0.229779991|0.199031744|0.140283042|0.115105798,0.45023951|0.41033006|0.379779991|0.349031744|0.290283042|0.265105798,0.42023951|0.38033006|0.349779991|0.319031744|0.260283042|0.235105798,0|0|0|0|0|0,0|0|0.122929794|0.069432928|0.0518173093|0.0255032928,0.156565045|0.208346453|0.0845077111|0.0957220077|0.0950176435|0.0654301939,1.35752309|1.24966669|1.12655747|0.961281913|0.707967122|0.551356679,0.462969124|-0.260417104|0.461771667,0.0368205495|-0.253666043|0.0333999135,0.00806492567062378,0.0019233180209994316,0.0016891658306121826,0.0025617945939302444
55,2.8000000000000003,-0.5732680533965052,0.15155406296253204,0.5725916028022766,0.27569034695625305,0.15155407786369324,0.35,5,0,0,0,0,0,0,,,,nan,0,0.9917761087417603,1.6194934844970703,89.47591400146484,1.0097097158432007,1.0,0.12026869918996849,0,1,1,0,0.022987277278139984,0.0,filtered,0.12977480940307176,0,1,12,workspace_x_lower|joint_0_velocity_upper,workspace_x_lower,7,0,0,inaccurate_solution,,2.6782981214779067e-11,valid,0.12026869918996849,0.308563007|0.279385168|0.234589751|0.207266082|0.148916328|0.120268699,0.458563007|0.429385168|0.384589751|0.357266082|0.298916328|0.270268699,0.428563007|0.399385168|0.354589751|0.327266082|0.268916328|0.240268699,0|0|0|0|0|0,0|0|0.112770529|0.0531754558|0.0338724977|0.0160306907,0.160067363|0.208590057|0.0849298245|0.107767685|0.109688508|0.0834411688,1.39431939|1.32613073|1.13605936|0.990007468|0.739226319|0.580546656,0.464810193|-0.273100376|0.463441789,0.0368205495|-0.253666043|0.0333999135,0.00794381182640791,0.0017997901886701584,0.001592119224369526,0.0025511933490633965
56,2.85,-0.5358152367167531,0.1454525738954544,0.5594630241394043,0.2811730206012726,0.1454526036977768,0.35,5,0,0,0,0,0,0,,,,nan,0,1.0071555376052856,2.6063921451568604,33.86823272705078,1.024288296699524,1.0,0.12569037851857043,0,1,1,0,0.022987277278139984,0.0,filtered,0.14617473513149723,0,0,12,,workspace_x_lower,0,0,1,solved,osqp,1.436008352892655e-07,valid,0.12569037851857043,0.317067454|0.297733281|0.237814761|0.215081043|0.157437057|0.125690379,0.467067454|0.447733281|0.387814761|0.365081043|0.307437057|0.275690379,0.437067454|0.417733281|0.357814761|0.335081043|0.277437057|0.245690379,0|0|0|0|0|0,0|0|0.104766837|0.0400806615|0.0137167194|0.00513922085,0.163425047|0.208742228|0.0907393625|0.118733135|0.123002814|0.100128724,1.43169486|1.39967535|1.14676524|1.01913797|0.76646776|0.608029459,0.466651261|-0.285783648|0.465111911,0.0368205495|-0.253666043|0.0333999135,0.007797989062964916,0.001824445091187954,0.001797855831682682,0.0021640071645379066
57,2.9000000000000004,-0.5081670310996662,0.13823267817497253,0.5467826128005981,0.2880018651485443,0.13823267817497253,0.35,5,0,0,0,0,0,0,,,,nan,0,0.9922483563423157,1.5469509363174438,70.28507995605469,1.0031402111053467,1.0,0.13117305768177512,0,1,1,0,0.022987277278139984,0.0,filtered,0.14784812252742005,0,1,12,workspace_x_lower,workspace_x_lower,0,0,1,solved,osqp,7.3751782520199184e-09,valid,0.13117305768177512,0.32574452|0.315401324|0.240561751|0.222475221|0.165805003|0.131173058,0.47574452|0.465401324|0.390561751|0.372475221|0.315805003|0.281173058,0.44574452|0.435401324|0.360561751|0.342475221|0.285805003|0.251173058,0|0|0|0|0|0,0|0|0.0996165278|0.0359050053|0.0163925099|0.015433642,0.166643038|0.208885441|0.0995028569|0.128771377|0.13519025|0.115734274,1.46962112|1.47049074|1.16136639|1.05457727|0.814802773|0.655860146,0.468492329|-0.298466921|0.466782033,0.0368205495|-0.253666043|0.0333999135,0.007998066022992134,0.00183168426156044,0.0018551796674728394,0.002271503210067749
58,2.95,-0.4849174263358876,0.13015680015087128,0.5347015261650085,0.29613107442855835,0.1301567703485489,0.35,5,0,0,0,0,0,0,,,,nan,0,0.9730910658836365,2.021735429763794,21.17291831970215,0.9839898943901062,1.0,0.1380018770284197,0,1,1,0,0.022987277278139984,0.0,filtered,0.14855527560400505,0,1,12,workspace_x_lower,workspace_x_lower,0,0,1,solved,osqp,9.258774863983577e-09,valid,0.1380018770284197,0.334579199|0.332482234|0.243448943|0.230233085|0.174899694|0.138001877,0.484579199|0.482482234|0.393448943|0.380233085|0.324899694|0.288001877,0.454579199|0.452482234|0.363448943|0.350233085|0.294899694|0.258001877,0|0|0|0|0|0,0|0|0.0937523982|0.0299537218|0.0200222326|0.0246091822,0.169725537|0.209029608|0.107823138|0.138031098|0.146279856|0.130116054,1.50804233|1.53895854|1.17537131|1.08891716|0.865900864|0.706732744,0.470333397|-0.311150193|0.468452156,0.0368205495|-0.253666043|0.0333999135,0.00799085758626461,0.0016839858144521713,0.0016933679580688477,0.00287503469735384
59,3.0,-0.4486795167041794,0.12266287207603455,0.5224651098251343,0.3042012155056,0.12266286462545395,0.35,5,0,0,0,0,0,0,,,,nan,0,0.97544264793396,1.8236138820648193,72.3203353881836,0.9874498248100281,1.0,0.14613108285834175,0,1,1,0,0.022987277278139984,0.0,filtered,0.15739370171248568,0,1,12,workspace_x_lower,workspace_x_lower,0,0,1,solved,osqp,1.134425852669825e-08,valid,0.14613108285834175,0.343557205|0.348993056|0.246446665|0.238321352|0.18462689|0.146131083,0.493557205|0.498993056|0.396446665|0.388321352|0.33462689|0.296131083,0.463557205|0.468993056|0.366446665|0.358321352|0.30462689|0.266131083,0|0|0|0|0|0,0|0|0.0858281549|0.0148848421|0.00103176972|0.0119596688,0.172677361|0.209194369|0.115750887|0.146567181|0.156294521|0.143144268,1.54690618|1.60516659|1.1873657|1.11473743|0.89583385|0.739628268,0.472174466|-0.323833466|0.470122278,0.0368205495|-0.253666043|0.0333999135,0.007432510145008564,0.0018906481564044952,0.0017826138064265251,0.0017850175499916077
60,3.0500000000000003,-0.4188606132126236,0.11534865200519562,0.5103791356086731,0.312638521194458,0.11534864455461502,0.35,5,0,0,0,0,0,0,,,,nan,0,0.962799608707428,0.9261369705200195,27.294132232666016,0.9750895500183105,1.0,0.1542012297393731,0,1,1,0,0.022987277278139984,0.0,filtered,0.1590469272069686,0,1,12,workspace_x_lower,workspace_x_lower,0,0,1,solved,osqp,1.3064811283172717e-08,valid,0.1542012297393731,0.352674057|0.364992167|0.24904663|0.245924162|0.194048759|0.15420123,0.502674057|0.514992167|0.39904663|0.395924162|0.344048759|0.30420123,0.472674057|0.484992167|0.36904663|0.365924162|0.314048759|0.27420123,0|0|0|0|0|0,0|0|0.0776213929|0.00381443155|-0.00920961518|0.00699245732,0.175504465|0.209422947|0.123294002|0.154505876|0.165505043|0.155205523,1.58620069|1.66939161|1.19710192|1.14201695|0.932490463|0.779002899,0.474015534|-0.336516738|0.4717924,0.0368205495|-0.253666043|0.0333999135,0.005017714574933052,0.0010677669197320938,0.0010440126061439514,0.0015670135617256165
61,3.1,-0.4039751348412949,0.10768198221921921,0.49911558628082275,0.32216939330101013,0.10768197476863861,0.35,5,0,0,0,0,0,0,,,,nan,0,0.9258649349212646,2.836024522781372,61.18809127807617,0.9370229840278625,1.0,0.16263853061321332,0,1,1,0,0.022987277278139984,0.0,filtered,0.14937598418821868,0,1,12,workspace_x_lower,workspace_x_lower,0,0,1,solved,osqp,1.3910233451208676e-08,valid,0.16263853061321332,0.361911761|0.380453948|0.251555742|0.25335056|0.203471725|0.162638531,0.511911761|0.530453948|0.401555742|0.40335056|0.353471725|0.312638531,0.481911761|0.500453948|0.371555742|0.37335056|0.323471725|0.282638531,0|0|0|0|0|0,0|0|0.0713882328|-0.00111721166|-0.00322759691|0.0144235783,0.178211581|0.209719547|0.130508134|0.161883702|0.173917857|0.16622864,1.62585863|1.73153534|1.20811934|1.17416873|0.984577159|0.831206341,0.475856602|-0.34920001|0.473462522,0.0368205495|-0.253666043|0.0333999135,0.005016190931200981,0.0010801088064908981,0.0011051492765545845,0.0015709465369582176
62,3.1500000000000004,-0.37523896155454284,0.10018233209848404,0.4879390001296997,0.3322877287864685,0.10018232464790344,0.35,5,0,0,0,0,0,0,,,,nan,0,0.9298230409622192,0.8139070868492126,46.3238525390625,0.9403178691864014,1.0,0.17216938492267342,0,1,1,0,0.022987277278139984,0.0,filtered,0.1454327298508065,0,1,12,workspace_x_lower,workspace_x_lower,0,0,1,solved,osqp,1.4843249079941195e-08,valid,0.17216938492267342,0.371249362|0.395329285|0.254429364|0.261155123|0.213403445|0.172169385,0.521249362|0.545329285|0.404429364|0.411155123|0.363403445|0.322169385,0.491249362|0.515329285|0.374429364|0.381155123|0.333403445|0.292169385,0|0|0|0|0|0,0|0|0.0662370457|-0.00712043067|-0.00538989725|0.0144785264,0.180803764|0.21005407|0.137430645|0.168678648|0.181434151|0.175931601,1.66580121|1.79137121|1.22138515|1.20617871|1.02965803|0.879087667,0.47769767|-0.361883283|0.475132644,0.0368205495|-0.253666043|0.0333999135,0.004781631752848625,0.0010277936235070229,0.001076510176062584,0.0014712736010551453
63,3.2,-0.33712272160081974,0.09315109997987747,0.47627362608909607,0.34261760115623474,0.09315110743045807,0.35,5,0,0,0,0,0,0,,,,nan,0,0.9391513466835022,1.6589771509170532,42.422401428222656,0.9500501751899719,1.0,0.18228773562504175,0,1,1,0,0.022987277278139984,0.0,filtered,0.14884973271771526,0,1,12,workspace_x_lower,workspace_x_lower,0,0,1,solved,osqp,1.635932149295083e-08,valid,0.18228773562504175,0.38070198|0.409866771|0.257408011|0.269075052|0.223569693|0.182287736,0.53070198|0.559866771|0.407408011|0.419075052|0.373569693|0.332287736,0.50070198|0.529866771|0.377408011|0.389075052|0.343569693|0.302287736,0|0|0|0|0|0,0|0|0.0597524103|-0.014085782|-0.0154170799|0.0102285877,0.183287872|0.210421535|0.144138901|0.175064778|0.188339181|0.184756663,1.70609579|1.84988862|1.23352335|1.2372792|1.06720087|0.924136193,0.479538739|-0.374566555|0.476802766,0.0368205495|-0.253666043|0.0333999135,0.00761399045586586,0.0017013531178236008,0.0016803815960884094,0.0022908849641680717
64,3.25,-0.307689616606431,0.08629417419433594,0.4645845293998718,0.3536277413368225,0.08629416674375534,0.35,5,0,0,0,0,0,0,,,,nan,0,0.9226240515708923,1.1027823686599731,45.92782211303711,0.9332369565963745,1.0,0.19261762022773332,0,1,1,0,0.022987277278139984,0.0,filtered,0.1457506817640269,0,1,12,workspace_x_lower,workspace_x_lower,0,0,1,solved,osqp,1.7447983971258935e-08,valid,0.19261762022773332,0.39027391|0.424185453|0.260343698|0.276860758|0.233772642|0.19261762,0.54027391|0.574185453|0.410343698|0.426860758|0.383772642|0.34261762,0.51027391|0.544185453|0.380343698|0.396860758|0.353772642|0.31261762,0|0|0|0|0|0,0|0|0.0541641046|-0.0163555484|-0.014922872|0.0153042062,0.185669145|0.210844657|0.150659019|0.181142662|0.194822174|0.193029087,1.74676479|1.90758647|1.24619792|1.27223014|1.11498987|0.978803774,0.481379807|-0.387249827|0.478472888,0.0368205495|-0.253666043|0.0333999135,0.008362827822566032,0.001818687655031681,0.0021601933985948563,0.002392045222222805
65,3.3000000000000003,-0.2772803050853989,0.07953983545303345,0.45277732610702515,0.3655603528022766,0.07953982055187225,0.35,5,0,0,0,0,0,0,,,,nan,0,0.9231129288673401,1.5984830856323242,15.113255500793457,0.9321936964988708,1.0,0.20362774067212475,0,1,1,0,0.022987277278139984,0.0,filtered,0.13524784929460432,0,1,12,workspace_x_lower,workspace_x_lower,0,0,1,solved,osqp,1.7649022402387027e-08,valid,0.20362774067212475,0.39994976|0.438229222|0.263580141|0.284888074|0.244380435|0.203627741,0.54994976|0.588229222|0.413580141|0.434888074|0.394380435|0.353627741,0.51994976|0.558229222|0.383580141|0.404888074|0.364380435|0.323627741,0|0|0|0|0|0,0|0|0.0497459036|-0.0156044098|-0.00946447587|0.0255956184,0.187951911|0.211309651|0.156973358|0.186857851|0.200787754|0.200539564,1.78775095|1.96422654|1.26103983|1.31080574|1.16884502|1.04064615,0.483220875|-0.3999331|0.480143011,0.0368205495|-0.253666043|0.0333999135,0.007522068917751312,0.0016155289486050606,0.001747066155076027,0.002226967364549637
66,3.35,-0.23968723363739636,0.07316657155752182,0.4404655396938324,0.3780239522457123,0.07316657155752182,0.35,5,0,0,0,0,0,0,,,,nan,0,0.9339209794998169,1.0631754398345947,32.97771072387695,0.9424157738685608,1.0,0.21556035751392577,0,1,1,0,0.022987277278139984,0.0,filtered,0.1317719619017991,0,1,12,workspace_x_lower,workspace_x_lower,0,0,1,solved,osqp,1.841565140485446e-08,valid,0.21556035751392577,0.409732961|0.452108935|0.267195534|0.293335627|0.255607625|0.215560358,0.559732961|0.602108935|0.417195534|0.443335627|0.405607625|0.365560358,0.529732961|0.572108935|0.387195534|0.413335627|0.375607625|0.335560358,0|0|0|0|0|0,0|0|0.0436840528|-0.0187342179|-0.0122784372|0.0296983838,0.190140828|0.211801696|0.16311986|0.192253754|0.20628937|0.207341388,1.82907267|2.02023744|1.27558605|1.34686205|1.21644144|1.0992812,0.485061944|-0.412616372|0.481813133,0.0368205495|-0.253666043|0.0333999135,0.008108099922537804,0.001889113336801529,0.0018401490524411201,0.0024144183844327927
67,3.4000000000000004,-0.20163111555911228,0.06713735312223434,0.42761439085006714,0.3911402225494385,0.06713735312223434,0.35,5,0,0,0,0,0,0,,,,nan,0,0.9498987197875977,1.0310534238815308,9.86989688873291,0.9585328698158264,1.0,0.2280239618519434,0,1,1,0,0.022987277278139984,0.0,filtered,0.13404941415522598,0,1,12,workspace_x_lower,workspace_x_lower,0,0,1,solved,osqp,2.0028253079444613e-08,valid,0.2280239618519434,0.419621756|0.465873732|0.27095037|0.301882552|0.267162377|0.228023962,0.569621756|0.615873732|0.42095037|0.451882552|0.417162377|0.378023962,0.539621756|0.585873732|0.39095037|0.421882552|0.387162377|0.348023962,0|0|0|0|0|0,0|0|0.0357240409|-0.0206774952|-0.0130736825|0.0359032123,0.19224007|0.212341249|0.169113211|0.197399927|0.211438155|0.21363497,1.87072709|2.07583618|1.28863873|1.38425264|1.26701398|1.16163403,0.486903012|-0.425299644|0.483483255,0.0368205495|-0.253666043|0.0333999135,0.008220860734581947,0.0019865352660417557,0.001865563914179802,0.0023165540769696236
68,3.45,-0.16887678162346398,0.061398789286613464,0.4144945442676544,0.405115008354187,0.06139880791306496,0.35,5,0,0,0,0,0,0,,,,nan,0,0.9626843929290771,0.4876101315021515,22.8165283203125,0.9714062809944153,1.0,0.24114021583008016,0,1,1,0,0.022987277278139984,0.0,filtered,0.1358468578491345,0,1,12,workspace_x_lower,workspace_x_lower,0,0,1,solved,osqp,2.1786585529572078e-08,valid,0.24114021583008016,0.429618363|0.479620251|0.274846889|0.310591365|0.279125506|0.241140216,0.579618363|0.629620251|0.424846889|0.460591365|0.429125506|0.391140216,0.549618363|0.599620251|0.394846889|0.430591365|0.399125506|0.361140216,0|0|0|0|0|0,0|0|0.0273557948|-0.0200873525|-0.0075640536|0.0452954898,0.194253482|0.212947401|0.17496272|0.202314442|0.216250661|0.219444712,1.91272693|2.1314284|1.30170607|1.42459255|1.32518863|1.22930106,0.48874408|-0.437982917|0.485153377,0.0368205495|-0.253666043|0.0333999135,0.007659667171537876,0.0019337283447384834,0.0015536602586507797,0.002272135578095913
69,3.5,-0.137448363077391,0.05602583289146423,0.40113815665245056,0.4198620319366455,0.056025829166173935,0.35,5,0,0,0,0,0,0,,,,nan,0,0.971210777759552,0.37236830592155457,5.144071578979492,0.9800267815589905,1.0,0.25511505429149706,0,1,1,0,0.022987277278139984,0.0,filtered,0.13746411173084444,0,1,12,workspace_x_lower,workspace_x_lower,0,0,1,solved,osqp,2.3531324344801263e-08,valid,0.25511505429149706,0.439718851|0.493384467|0.27902029|0.319674615|0.291645062|0.255115054,0.589718851|0.643384467|0.42902029|0.469674615|0.441645062|0.405115054,0.559718851|0.613384467|0.39902029|0.439674615|0.411645062|0.375115054,0|0|0|0|0|0,0|0|0.0177465136|-0.0197636186|-0.00262918931|0.0535025676,0.196184668|0.213618051|0.180664203|0.206971692|0.220682441|0.224680706,1.95506007|2.18715592|1.31449188|1.46590653|1.3846335|1.29864349,0.490585148|-0.450666189|0.486823499,0.0368205495|-0.253666043|0.0333999135,0.007398645393550396,0.0018409434705972672,0.0014939866960048676,0.0020186668261885643
70,3.5500000000000003,-0.10671616870115436,0.05106532573699951,0.38753941655158997,0.4353007674217224,0.05106532573699951,0.35,5,0,0,0,0,0,0,,,,nan,0,0.9722267389297485,0.7386881113052368,14.283439636230469,0.9825778603553772,1.0,0.2698620435291109,0,1,1,0,0.022987277278139984,0.0,filtered,0.148939173281589,0,1,12,workspace_x_lower,workspace_x_lower,0,0,1,solved,osqp,2.7094755702082585e-08,valid,0.2698620435291109,0.449916623|0.507178003|0.283483724|0.329103774|0.304662254|0.269862044,0.599916623|0.657178003|0.433483724|0.479103774|0.454662254|0.419862044,0.569916623|0.627178003|0.403483724|0.449103774|0.424662254|0.389862044,0|0|0|0|0|0,0|0|0.00587894454|-0.019751701|0.000831564399|0.0609396456,0.198037176|0.214359216|0.186203918|0.211372097|0.224746734|0.229373319,1.99770367|2.24307123|1.32601776|1.50803549|1.44422731|1.36976114,0.492426217|-0.463349462|0.488493621,0.0368205495|-0.253666043|0.0333999135,0.00872136652469635,0.002031993120908737,0.002048156224191189,0.002472684718668461
71,3.6,-0.0805198079370632,0.04873237758874893,0.37377822399139404,0.4433109164237976,0.048732396215200424,0.35,2,0,0,0,0,0,0,,,,nan,0,0.9624993205070496,0.8281000256538391,6.692744255065918,0.9748766422271729,1.0,0.2853007662538838,0,1,1,0,0.022987277278139984,0.0,filtered,0.1620029979994451,0,1,12,workspace_x_lower,workspace_x_lower,0,0,1,solved,osqp,3.304018861456648e-08,valid,0.2853007662538838,0.460206409|0.521032872|0.28823927|0.338824356|0.31802402|0.285300766,0.610206409|0.671032872|0.43823927|0.488824356|0.46802402|0.435300766,0.580206409|0.641032872|0.40823927|0.458824356|0.43802402|0.405300766,0|0|0|0|0|0,0|0|-0.00674570562|-0.0199565795|-0.000872402006|0.0673826399,0.199814446|0.215183875|0.19155964|0.215518324|0.226335346|0.233572618,2.04064008|2.29931536|1.33777101|1.55085917|1.49755902|1.44215832,0.494267285|-0.476032734|0.490163743,0.0368205495|-0.253666043|0.0333999135,0.007659555412828922,0.0019514206796884537,0.0015591764822602272,0.002238537184894085
72,3.6500000000000004,-0.05712077894153936,0.04723680019378662,0.35993075370788574,0.4487423896789551,0.04723680019378662,0.35,2,0,0,0,0,0,0,,,,nan,0,0.9491174817085266,0.6176481246948242,9.703452110290527,0.9631938338279724,1.0,0.2933109519977677,0,1,1,0,0.022987277278139984,0.0,filtered,0.17174381055533014,0,1,12,workspace_x_lower,workspace_x_lower,0,0,1,solved,osqp,3.8601527227281884e-08,valid,0.2933109519977677,0.470580661|0.534949359|0.293310952|0.348819577|0.329745438|0.301333843,0.620580661|0.684949359|0.443310952|0.498819577|0.479745438|0.451333843,0.590580661|0.654949359|0.413310952|0.468819577|0.449745438|0.421333843,0|0|0|0|0|0,0|0|-0.0184376302|-0.0199356899|-0.0156400347|0.0730923415,0.201519941|0.216086168|0.196715937|0.219410547|0.221887734|0.23730091,2.08384259|2.3558836|1.35152211|1.59475317|1.52522945|1.51572863,0.496108353|-0.488716006|0.491833866,0.0368205495|-0.253666043|0.0333999135,0.0074748871847987175,0.0019644033163785934,0.0015076342970132828,0.002151339314877987
73,3.7,-0.03632199172763883,0.045693036168813705,0.34609898924827576,0.4546191692352295,0.0456930436193943,0.35,2,0,0,0,0,0,0,,,,nan,0,0.9352170825004578,0.5629841685295105,8.812630653381348,0.9506102800369263,1.0,0.29874240019485376,0,1,1,0,0.022987277278139984,0.0,filtered,0.1786326956849519,0,1,12,workspace_x_lower,workspace_x_lower,0,0,1,solved,osqp,4.3702737342193876e-08,valid,0.29874240019485376,0.481031953|0.548907231|0.2987424|0.359113305|0.338993798|0.317895083,0.631031953|0.698907231|0.4487424|0.509113305|0.488993798|0.467895083,0.601031953|0.668907231|0.4187424|0.479113305|0.458993798|0.437895083,0|0|0|0|0|0,0|0|-0.028981444|-0.0188090284|-0.0294923903|0.0790829134,0.203157106|0.217044111|0.201671113|0.223054476|0.217222527|0.24057925,2.12728492|2.41267303|1.36765927|1.64069867|1.54370533|1.59124249,0.497949421|-0.501399338|0.493503988,0.0368205495|-0.253666043|0.0333999135,0.007960159331560135,0.0017908476293087006,0.0018277578055858612,0.002270348370075226
74,3.75,-0.017269374560629557,0.044105663895606995,0.33233439922332764,0.4609779715538025,0.044105663895606995,0.35,2,0,0,0,0,0,0,,,,nan,0,0.9187538623809814,0.5833120942115784,5.142079830169678,0.9362565875053406,1.0,0.30461917419724116,0,1,1,0,0.022987277278139984,0.0,filtered,0.18904143899515877,0,1,12,workspace_x_lower,workspace_x_lower,0,0,1,solved,osqp,4.971923547782836e-08,valid,0.30461917419724116,0.491553919|0.562882975|0.304619174|0.369764067|0.346378112|0.334974273,0.641553919|0.712882975|0.454619174|0.519764067|0.496378112|0.484974273,0.611553919|0.682882975|0.424619174|0.489764067|0.466378112|0.454974273,0|0|0|0|0|0,0|0|-0.0396379566|-0.0172438479|-0.0312121841|0.0850350576,0.204729328|0.218036593|0.206410479|0.226445921|0.218276892|0.243426288,2.170945|2.46956849|1.38524922|1.68825834|1.57257716|1.66835844,0.49979049|-0.514082968|0.49517411,0.0368205495|-0.253666043|0.0333999135,0.008116369135677814,0.0018045222386717796,0.0018093464896082878,0.0024023279547691345
75,3.8000000000000003,-0.0005044622703713475,0.042480867356061935,0.3187123239040375,0.4678555727005005,0.04248086363077164,0.35,2,0,0,0,0,0,0,,,,nan,0,0.8991124629974365,0.8115407824516296,7.569836139678955,0.9198992252349854,1.0,0.3109779385165349,0,1,1,0,0.022987277278139984,0.0,filtered,0.20393336512701557,0,1,12,workspace_x_lower,workspace_x_lower,0,0,1,solved,osqp,5.659852540286503e-08,valid,0.3109779385165349,0.502141588|0.576872552|0.310977939|0.380770301|0.354076008|0.352533365,0.652141588|0.726872552|0.460977939|0.530770301|0.504076008|0.502533365,0.622141588|0.696872552|0.430977939|0.500770301|0.474076008|0.472533365,0|0|0|0|0|0,0|0|-0.0493428601|-0.0154257253|-0.0253949757|0.0909863681,0.206239742|0.219054206|0.210914786|0.229586991|0.222629507|0.245881414,2.21480609|2.52654441|1.40548368|1.73724247|1.61353856|1.74700124,0.501631558|-0.526766598|0.496844232,0.0368205495|-0.253666043|0.0333999135,0.008548545651137829,0.0020128311589360237,0.0020525120198726654,0.002333476208150387
76,3.85,0.014252547456267167,0.04082518070936203,0.30529093742370605,0.4752945303916931,0.04082518070936203,0.35,2,0,0,0,0,0,0,,,,nan,0,0.8795718550682068,1.0105223655700684,7.7976226806640625,0.9037614464759827,1.0,0.3178555393322722,0,1,1,0,0.022987277278139984,0.0,filtered,0.21783525925029823,0,1,12,workspace_x_lower,workspace_x_lower,0,0,1,solved,osqp,6.221282129997147e-08,valid,0.3178555393322722,0.512788545|0.590841487|0.317855539|0.392119719|0.362266377|0.37051552,0.662788545|0.740841487|0.467855539|0.542119719|0.512266377|0.52051552,0.632788545|0.710841487|0.437855539|0.512119719|0.482266377|0.49051552,0|0|0|0|0|0,0|0|-0.0575724181|-0.012810413|-0.0185297846|0.0970340534,0.207691558|0.220081839|0.215162071|0.232478107|0.226690147|0.247977934,2.25884574|2.58344779|1.42901181|1.78814657|1.65722587|1.82707407,0.503472626|-0.539450228|0.498514354,0.0368205495|-0.253666043|0.0333999135,0.0073263440281152725,0.0015993602573871613,0.0016876719892024994,0.002280786633491516
77,3.9000000000000004,0.02802096828257497,0.03915790468454361,0.2920745313167572,0.4832826852798462,0.03915790840983391,0.35,2,0,0,0,0,0,0,,,,nan,0,0.8639270663261414,1.0068429708480835,1.6215143203735352,0.8918224573135376,1.0,0.32529451251841635,0,1,1,0,0.022987277278139984,0.0,filtered,0.23211321454479011,0,1,12,workspace_x_lower,workspace_x_lower,0,0,1,solved,osqp,6.605368123562688e-08,valid,0.32529451251841635,0.523490832|0.604765751|0.325294513|0.403837886|0.37099543|0.388876586,0.673490832|0.754765751|0.475294513|0.553837886|0.52099543|0.538876586,0.643490832|0.724765751|0.445294513|0.523837886|0.49099543|0.508876586,0|0|0|0|0|0,0|0|-0.0646426133|-0.0103537496|-0.0122146887|0.102201911,0.209087734|0.22110262|0.219144318|0.235124843|0.230446894|0.249748381,2.30305106|2.64016562|1.45567976|1.84012264|1.70221392|1.90745664,0.505313694|-0.552133858|0.500184476,0.0368205495|-0.253666043|0.0333999135,0.008230690844357014,0.0017589526250958443,0.0018460890278220177,0.0023973239585757256
78,3.95,0.039825804975044926,0.03749973326921463,0.2791155278682709,0.49179238080978394,0.03749972954392433,0.35,2,0,0,0,0,0,0,,,,nan,0,0.8502071499824524,1.1205713748931885,4.965223789215088,0.8821194171905518,1.0,0.3332826778000445,0,1,1,0,0.022987277278139984,0.0,filtered,0.24662213630457863,0,1,12,workspace_x_lower,workspace_x_lower,0,0,1,solved,osqp,7.006321427627943e-08,valid,0.3332826778000445,0.53424477|0.618621904|0.333282678|0.415896824|0.380229622|0.407547466,0.68424477|0.768621904|0.483282678|0.565896824|0.530229622|0.557547466,0.65424477|0.738621904|0.453282678|0.535896824|0.500229622|0.527547466,0|0|0|0|0|0,0|0|-0.0700428405|-0.00858965323|-0.00727720397|0.106041274,0.210431096|0.222105018|0.222862974|0.237543209|0.23390952|0.251234877,2.34741018|2.69659263|1.48595084|1.89254085|1.7475508|1.98746601,0.507154763|-0.564817488|0.501854599,0.0368205495|-0.253666043|0.0333999135,0.0082060182467103,0.0019348273053765297,0.0017385650426149368,0.002454751171171665
79,4.0,0.048456925794723424,0.03586309775710106,0.26652950048446655,0.5008283257484436,0.03586309030652046,0.35,2,0,0,0,0,0,0,,,,nan,0,0.8354489207267761,1.2349902391433716,3.6851441860198975,0.8715733885765076,1.0,0.3417923154488296,0,1,1,0,0.022987277278139984,0.0,filtered,0.26055385826044686,0,1,12,workspace_x_lower,workspace_x_lower,0,0,1,solved,osqp,7.100006215333271e-08,valid,0.3417923154488296,0.545044701|0.632362392|0.341792315|0.428233569|0.389877068|0.426425817,0.695044701|0.782362392|0.491792315|0.578233569|0.539877068|0.576425817,0.665044701|0.752362392|0.461792315|0.548233569|0.509877068|0.546425817,0|0|0|0|0|0,0|0|-0.0738424593|-0.00660683036|-0.00225778115|0.108872532,0.211724555|0.223079891|0.226310882|0.23974416|0.237084515|0.252471539,2.39190336|2.75252946|1.51963768|1.94607161|1.794335|2.06704734,0.508995831|-0.577501118|0.503524721,0.0368205495|-0.253666043|0.0333999135,0.007766649127006531,0.0017312979325652122,0.0017772512510418892,0.0023464784026145935
80,4.05,0.05328962981412466,0.03425275534391403,0.2544619143009186,0.51043701171875,0.034252751618623734,0.35,2,0,0,0,0,0,0,,,,nan,0,0.8207712173461914,1.3131431341171265,8.205432891845703,0.8601433038711548,1.0,0.3508282936259638,0,1,1,0,0.022987277278139984,0.0,filtered,0.2702268138321258,0,1,12,workspace_x_lower,workspace_x_lower,0,0,1,solved,osqp,6.669384717238047e-08,valid,0.3508282936259638,0.555886911|0.645955456|0.350828294|0.440835712|0.39994446|0.445425487,0.705886911|0.795955456|0.500828294|0.590835712|0.54994446|0.595425487,0.675886911|0.765955456|0.470828294|0.560835712|0.51994446|0.565425487,0|0|0|0|0|0,0|0|-0.0760171872|-0.00335755002|0.00415370638|0.11106814,0.212970768|0.224020796|0.229479434|0.241731161|0.239965062|0.253481871,2.43651841|2.80784262|1.55677542|2.00171646|1.84389661|2.14625196,0.510836899|-0.590184748|0.505194843,0.0368205495|-0.253666043|0.0333999135,0.007915517315268517,0.0017506079748272896,0.001800847239792347,0.0023880740627646446
81,4.1000000000000005,0.053907238423186926,0.03267781063914299,0.24307769536972046,0.520642876625061,0.03267781808972359,0.35,2,0,0,0,0,0,0,,,,nan,0,0.8045684695243835,1.2544310092926025,7.478013515472412,0.8469663858413696,1.0,0.3604369790329146,0,1,1,0,0.022987277278139984,0.0,filtered,0.2782776356020673,0,1,12,workspace_x_lower,workspace_x_lower,0,0,1,solved,osqp,5.823781670712819e-08,valid,0.3604369790329146,0.566769752|0.659386234|0.360436979|0.453743214|0.410525289|0.464491456,0.716769752|0.809386234|0.510436979|0.603743214|0.560525289|0.614491456,0.686769752|0.779386234|0.480436979|0.573743214|0.530525289|0.584491456,0|0|0|0|0|0,0|0|-0.076353064|0.000695794642|0.0110156028|0.111680073,0.214172077|0.224922445|0.232360059|0.243503068|0.242534786|0.254285306,2.48125109|2.86246738|1.59775491|2.05917172|1.89565155|2.2239312,0.512677968|-0.602868378|0.506864965,0.0368205495|-0.253666043|0.0333999135,0.004796785302460194,0.0009907577186822891,0.001059437170624733,0.001563606783747673
82,4.15,0.05170825117279404,0.031149588525295258,0.2324623316526413,0.5314518809318542,0.031149592250585556,0.35,2,0,0,0,0,0,0,,,,nan,0,0.7934757471084595,1.188427209854126,6.768562316894531,0.839785635471344,1.0,0.3706428511253651,0,1,1,0,0.022987277278139984,0.0,filtered,0.28925297842620445,0,1,12,workspace_x_lower,workspace_x_lower,0,0,1,solved,osqp,4.752319029618923e-08,valid,0.3706428511253651,0.577690964|0.672635147|0.370642851|0.4669618|0.421667095|0.483541941,0.727690964|0.822635147|0.520642851|0.6169618|0.571667095|0.633541941,0.697690964|0.792635147|0.490642851|0.5869618|0.541667095|0.603541941,0|0|0|0|0|0,0|0|-0.0766980636|0.00561765291|0.0186430923|0.112758649,0.215330758|0.225782127|0.234944033|0.245060798|0.244784027|0.254904061,2.52609461|2.91632271|1.64081737|2.11852565|1.9500955|2.30183047,0.514519036|-0.615552008|0.508535087,0.0368205495|-0.253666043|0.0333999135,0.008534565567970276,0.0019597671926021576,0.0019289655610918999,0.0025047650560736656
83,4.2,0.047620739940765516,0.02967684715986252,0.2226511538028717,0.5428793430328369,0.02967683970928192,0.35,2,0,0,0,0,0,0,,,,nan,0,0.789771556854248,1.2511659860610962,6.702998161315918,0.8389379382133484,1.0,0.3814518698817665,0,1,1,0,0.022987277278139984,0.0,filtered,0.2976156859008385,0,1,12,workspace_x_lower,workspace_x_lower,0,0,1,solved,osqp,3.699323934680532e-08,valid,0.3814518698817665,0.588651456|0.68572113|0.38145187|0.480507375|0.433374814|0.502598606,0.738651456|0.83572113|0.53145187|0.630507375|0.583374814|0.652598606,0.708651456|0.80572113|0.50145187|0.600507375|0.553374814|0.622598606,0|0|0|0|0|0,0|0|-0.0770142876|0.0116726992|0.0272447143|0.114294174,0.216448618|0.226602104|0.237234869|0.24641234|0.246718643|0.255363803,2.57105444|2.96948663|1.68602806|2.18011454|2.00746261|2.3800524,0.516360104|-0.628235638|0.510205209,0.0368205495|-0.253666043|0.0333999135,0.008027526549994946,0.0018047234043478966,0.0018716473132371902,0.0021632928401231766
84,4.25,0.041980344641562486,0.02827567234635353,0.21366830170154572,0.5548649430274963,0.02827567607164383,0.35,2,0,0,0,0,0,0,,,,nan,0,0.7868312001228333,1.1270959377288818,6.589096546173096,0.8391478657722473,1.0,0.39287930845858565,0,1,1,0,0.022987277278139984,0.0,filtered,0.3064844643586551,0,1,12,workspace_x_lower,workspace_x_lower,0,0,1,solved,osqp,2.661017577815228e-08,valid,0.39287930845858565,0.599652958|0.698669056|0.392879308|0.494411139|0.445676669|0.521684668,0.749652958|0.848669056|0.542879308|0.644411139|0.595676669|0.671684668,0.719652958|0.818669056|0.512879308|0.614411139|0.565676669|0.641684668,0|0|0|0|0|0,0|0|-0.0766345967|0.0171353226|0.0345872618|0.114558408,0.217527213|0.227382637|0.239244647|0.247569739|0.248351195|0.255692032,2.61613905|3.02205886|1.73412728|2.24234962|2.06564513|2.45698911,0.518201172|-0.640919268|0.511875331,0.0368205495|-0.253666043|0.0333999135,0.007894677110016346,0.0018540900200605392,0.001922260969877243,0.0021114014089107513
85,4.3,0.036039558170476896,0.026956627145409584,0.20547129213809967,0.5673593282699585,0.026956623420119286,0.35,2,0,0,0,0,0,0,,,,nan,0,0.7865930795669556,1.063405156135559,3.499882221221924,0.8419671654701233,1.0,0.4048649211807228,0,1,1,0,0.022987277278139984,0.0,filtered,0.3150908029211827,0,1,12,workspace_x_lower,workspace_x_lower,0,0,1,solved,osqp,1.7248699968330783e-08,valid,0.4048649211807228,0.61069431|0.711476337|0.404864921|0.50861708|0.458492965|0.540741754,0.76069431|0.861476337|0.554864921|0.65861708|0.608492965|0.690741754,0.73069431|0.831476337|0.524864921|0.62861708|0.578492965|0.660741754,0|0|0|0|0|0,0|0|-0.0762828718|0.0223563908|0.0413010901|0.114443026,0.218568309|0.228125167|0.240991862|0.248552347|0.249710487|0.255916522,2.66134555|3.07403052|1.78416867|2.30537706|2.12498344|2.53332656,0.520042241|-0.653602898|0.513545454,0.0368205495|-0.253666043|0.0333999135,0.007829136215150356,0.0018097087740898132,0.001875641755759716,0.0022085998207330704
86,4.3500000000000005,0.02919668496028846,0.02572365663945675,0.1980537325143814,0.5803460478782654,0.02572365291416645,0.35,2,0,0,0,0,0,0,,,,nan,0,0.7911213040351868,1.2048639059066772,5.390995025634766,0.8476050496101379,1.0,0.4173592604617292,0,1,1,0,0.022987277278139984,0.0,filtered,0.3188092776187193,0,1,12,workspace_x_lower,workspace_x_lower,0,0,1,solved,osqp,9.882355482548899e-09,valid,0.4173592604617292,0.621775993|0.724157649|0.41735926|0.523098646|0.471778328|0.559738138,0.771775993|0.874157649|0.56735926|0.673098646|0.621778328|0.709738138,0.741775993|0.844157649|0.53735926|0.643098646|0.591778328|0.679738138,0|0|0|0|0|0,0|0|-0.0748829925|0.0278584679|0.0476402906|0.113534501,0.219573375|0.228831139|0.242503936|0.249382321|0.250830062|0.256061604,2.70667734|3.12546174|1.83705799|2.36963537|2.18558366|2.60854866,0.521883309|-0.666286528|0.515215576,0.0368205495|-0.253666043|0.0333999135,0.007773853838443756,0.0017755227163434029,0.001751260831952095,0.0023023318499326706
87,4.4,0.02889247657555529,0.024575941264629364,0.19102180004119873,0.5938446521759033,0.024575943127274513,0.35,2,0,0,0,0,0,0,,,,nan,0,0.8088976144790649,1.1300907135009766,19.748464584350586,0.8537852168083191,1.0,0.43034599837271925,0,1,1,0,0.022987277278139984,0.0,filtered,0.31942899153724486,0,1,12,workspace_x_lower,workspace_x_lower,2,0,0,inaccurate_solution,,0.0,valid,0.43034599837271925,0.632897793|0.736722343|0.430345998|0.537843319|0.485509366|0.578614722,0.782897793|0.886722343|0.580345998|0.687843319|0.635509366|0.728614722,0.752897793|0.856722343|0.550345998|0.657843319|0.605509366|0.698614722,0|0|0|0|0|0,0|0|-0.0812021187|0.0351894588|0.05770862|0.118232367,0.220543864|0.229500069|0.24379812|0.250074025|0.251731211|0.256148345,2.75213504|3.17638944|1.88397999|2.43663676|2.2514773|2.6888396,0.523724377|-0.678970158|0.516885698,0.0368205495|-0.253666043|0.0333999135,0.007294202223420143,0.0015775114297866821,0.0015530390664935112,0.0024926355108618736
88,4.45,-0.039889814283305895,0.07930690795183182,0.18500041961669922,0.6001087427139282,0.07665667682886124,0.35,2,0,0,0,0,0,0,,,,nan,0,0.8157063126564026,2.274738311767578,32.5748176574707,0.8682762980461121,1.0,0.4438446532424275,0,1,1,0,0.022987277278139984,0.0,filtered,0.3112773919698174,0,0,12,,workspace_x_lower,0,0,1,solved,osqp,9.449929254841394e-07,valid,0.4438446532424275,0.644070923|0.749278662|0.443844653|0.553001926|0.499851676|0.597765267,0.794070923|0.899278662|0.593844653|0.703001926|0.649851676|0.747765267,0.764070923|0.869278662|0.563844653|0.673001926|0.619851676|0.717765267,0|0|0|0|0|0,0|0|-0.0714086868|0.0392975667|0.0592295513|0.109827277,0.221479668|0.230131149|0.244945064|0.250668309|0.25247608|0.256197133,2.79776336|3.2272458|1.94891499|2.50197358|2.31111234|2.75708548,0.525565445|-0.691653788|0.51855582,0.0368205495|-0.253666043|0.0333999135,0.007978927344083786,0.0017749294638633728,0.0018203668296337128,0.0022969981655478477
89,4.5,-0.05759164147505333,0.08513271808624268,0.1797395795583725,0.5910885334014893,0.08230230212211609,0.35,2,0,0,0,0,0,0,,,,nan,0,0.7252471446990967,5.04124116897583,114.78878784179688,0.8161895871162415,1.0,0.4195834992722961,0,1,1,0,0.022987277278139984,0.0,filtered,0.39300581898680503,0,1,12,workspace_x_lower|joint_3_acceleration_upper,workspace_x_lower,0,0,1,solved,osqp,0.0,valid,0.4195834992722961,0.626039524|0.729981962|0.419583499|0.528219314|0.473286938|0.574769724,0.776039524|0.879981962|0.569583499|0.678219314|0.623286938|0.724769724,0.746039524|0.849981962|0.539583499|0.648219314|0.593286938|0.694769724,0.15|0.15|0.15|0.15|0.15|0.15,0|0|-0.078851995|0.0317091645|0.0559237603|0.103474952,-0.148807399|-0.163486328|-0.200853439|-0.212239549|-0.218871327|-0.22205613,2.3553507|2.75644152|1.39862856|1.93234687|1.73020018|2.18049772,0.527406514|-0.695772111|0.520225942,0.0368205495|0.253666043|0.0333999135,0.007466678507626057,0.001757667399942875,0.001727142371237278,0.002019830048084259
90,4.55,-0.0671862232975606,0.0901574045419693,0.17498721182346344,0.5818365216255188,0.08712927252054214,0.35,2,0,0,0,0,0,0,,,,nan,0,0.7462303042411804,3.6474504470825195,42.1512451171875,0.8410351872444153,1.0,0.4108155241962025,0,1,1,0,0.022987277278139984,0.0,filtered,0.3996238301243382,0,0,12,,workspace_x_lower,0,0,1,solved,osqp,4.008664954441993e-07,valid,0.4108155241962025,0.618761945|0.722527866|0.410815524|0.520020588|0.464156573|0.569383704,0.768761945|0.872527866|0.560815524|0.670020588|0.614156573|0.719383704,0.738761945|0.842527866|0.530815524|0.640020588|0.584156573|0.689383704,0.15|0.15|0.15|0.15|0.15|0.15,0|0|-0.0820441656|0.0243139455|0.0521747203|0.10015956,-0.146362759|-0.161624969|-0.199067259|-0.210625601|-0.217214308|-0.22052454,2.32868502|2.7284865|1.36215067|1.8937707|1.6915867|2.15716984,0.529247582|-0.683088481|0.521896064,0.0368205495|0.253666043|0.0333999135,0.004788615740835667,0.000979522243142128,0.0010443814098834991,0.0016164975240826607
91,4.6000000000000005,-0.07529248799700809,0.09295541048049927,0.17073220014572144,0.572553277015686,0.08971597999334335,0.35,2,0,0,0,0,0,0,,,,nan,0,0.7614496350288391,2.5066299438476562,54.42818832397461,0.8542407155036926,1.0,0.40181876841927544,0,1,1,0,0.022987277278139984,0.0,filtered,0.3978420417577745,0,0,12,,workspace_x_lower,0,0,1,solved,osqp,1.928055107340565e-07,valid,0.40181876841927544,0.611596098|0.714917704|0.401818768|0.511622878|0.454894378|0.563946211,0.761596098|0.864917704|0.551818768|0.661622878|0.604894378|0.713946211,0.731596098|0.834917704|0.521818768|0.631622878|0.574894378|0.683946211,0.15|0.15|0.15|0.15|0.15|0.15,0|0|-0.0814718753|0.0212237582|0.0516067186|0.096529824,-0.143861728|-0.15975773|-0.197257719|-0.208966894|-0.215442386|-0.218877487,2.30252266|2.69991309|1.32854548|1.85874838|1.65574184|2.13343718,0.53108865|-0.670404851|0.523566186,0.0368205495|0.253666043|0.0333999135,0.004648901522159576,0.0009804880246520042,0.001009967178106308,0.0014830492436885834
92,4.65,-0.08085268580426401,0.09381784498691559,0.16690248250961304,0.5633977651596069,0.09035813063383102,0.35,2,0,0,0,0,0,0,,,,nan,0,0.7735698223114014,1.602750539779663,27.27731704711914,0.8632938265800476,1.0,0.3927977026378179,0,1,1,0,0.022987277278139984,0.0,filtered,0.3927350638763934,0,1,12,workspace_x_lower,workspace_x_lower,0,0,1,solved,osqp,8.801474148806276e-08,valid,0.3927977026378179,0.604548408|0.707203207|0.392797703|0.503188492|0.445727477|0.558312269,0.754548408|0.857203207|0.542797703|0.653188492|0.595727477|0.708312269,0.724548408|0.827203207|0.512797703|0.623188492|0.565727477|0.678312269,0.15|0.15|0.15|0.15|0.15|0.15,0|0|-0.0781178198|0.0213691064|0.0528348754|0.0926957276,-0.141302919|-0.15786399|-0.195397131|-0.207256613|-0.213526791|-0.217172496,2.27689071|2.67094884|1.29767586|1.82686646|1.62221799|2.10877231,0.532929718|-0.657721221|0.525236309,0.0368205495|0.253666043|0.0333999135,0.0046002063900232315,0.0009766221046447754,0.0010468000546097755,0.0014705127105116844
93,4.7,-0.085920837197028,0.09426318109035492,0.16346590220928192,0.554405927658081,0.09057581424713135,0.35,2,0,0,0,0,0,0,,,,nan,0,0.7776290774345398,0.8596460819244385,18.049644470214844,0.867172122001648,1.0,0.38391795858042277,0,1,1,0,0.022987277278139984,0.0,filtered,0.3920891364100317,0,1,12,workspace_x_lower,workspace_x_lower,0,0,1,solved,osqp,3.840237268459834e-08,valid,0.38391795858042277,0.597624128|0.699440597|0.383917959|0.49484161|0.436816696|0.552474806,0.747624128|0.849440597|0.533917959|0.64484161|0.586816696|0.702474806,0.717624128|0.819440597|0.503917959|0.61484161|0.556816696|0.672474806,0.15|0.15|0.15|0.15|0.15|0.15,0|0|-0.073333213|0.0222623302|0.0538783469|0.0877263744,-0.138685183|-0.155926779|-0.193439924|-0.205471209|-0.211442852|-0.215437768,2.25181133|2.64183561|1.2688987|1.79615756|1.58970228|2.08218783,0.534770787|-0.645037591|0.526906431,0.0368205495|0.253666043|0.0333999135,0.00716003030538559,0.0021270783618092537,0.0012012394145131111,0.00150385033339262
94,4.75,-0.0915379095233132,0.09509032964706421,0.16040784120559692,0.5455511808395386,0.09116776287555695,0.35,2,0,0,0,0,0,0,,,,nan,0,0.7767298817634583,0.5597044229507446,15.485898971557617,0.8681108951568604,1.0,0.37521774862712653,0,1,1,0,0.022987277278139984,0.0,filtered,0.394819881411315,0,1,12,workspace_x_lower,workspace_x_lower,0,0,1,solved,osqp,1.630912712519139e-08,valid,0.37521774862712653,0.590827003|0.691671619|0.375217749|0.486600462|0.428196441|0.54641183,0.740827003|0.841671619|0.525217749|0.636600462|0.578196441|0.69641183,0.710827003|0.811671619|0.495217749|0.606600462|0.548196441|0.66641183,0.15|0.15|0.15|0.15|0.15|0.15,0|0|-0.0684127939|0.0225525049|0.0541293629|0.0821397318,-0.136007699|-0.153937588|-0.19137186|-0.203606854|-0.209196656|-0.213694138,2.22730031|2.61274889|1.24108634|1.7653475|1.55771847|2.05409291,0.536611855|-0.632353961|0.528576553,0.0368205495|0.253666043|0.0333999135,0.004700344987213612,0.0009955186396837234,0.0010479381307959557,0.0014972826465964317
95,4.800000000000001,-0.0977561654464273,0.09632296860218048,0.15771353244781494,0.5368069410324097,0.09215745329856873,0.35,2,0,0,0,0,0,0,,,,nan,0,0.7848736643791199,1.3551304340362549,21.091951370239258,0.8766483068466187,1.0,0.366671320402275,0,1,1,0,0.022987277278139984,0.0,filtered,0.3964955203229616,0,1,12,workspace_x_lower,workspace_x_lower,0,0,1,solved,osqp,6.677174251012996e-09,valid,0.366671320402275,0.584159662|0.683914306|0.36667132|0.478441753|0.419847175|0.540129004,0.734159662|0.833914306|0.51667132|0.628441753|0.569847175|0.690129004,0.704159662|0.803914306|0.48667132|0.598441753|0.539847175|0.660129004,0.15|0.15|0.15|0.15|0.15|0.15,0|0|-0.0632593491|0.0222273154|0.0536849054|0.0762160096,-0.133269931|-0.151897627|-0.189185523|-0.201657742|-0.206790676|-0.211933248,2.20336872|2.5837596|1.21424041|1.73433659|1.52628293|2.02479878,0.538452923|-0.619670331|0.530246675,0.0368205495|0.253666043|0.0333999135,0.004682506434619427,0.0009886818006634712,0.0010073697194457054,0.0015062717720866203
96,4.8500000000000005,-0.10318546127493407,0.0971539318561554,0.15534819662570953,0.5282060503959656,0.09274011850357056,0.35,2,0,0,0,0,0,0,,,,nan,0,0.811042070388794,1.8478360176086426,12.04338264465332,0.900452733039856,1.0,0.3582533312606656,0,1,1,0,0.022987277278139984,0.0,filtered,0.39615031667411404,0,1,12,workspace_x_lower,workspace_x_lower,0,0,1,solved,osqp,2.6251242568609e-09,valid,0.3582533312606656,0.577624537|0.676184465|0.358253331|0.470342836|0.41174229|0.533627809,0.727624537|0.826184465|0.508253331|0.620342836|0.56174229|0.683627809,0.697624537|0.796184465|0.478253331|0.590342836|0.53174229|0.653627809,0.15|0.15|0.15|0.15|0.15|0.15,0|0|-0.0575778351|0.0223913744|0.0534107206|0.070785104,-0.13047145|-0.149808296|-0.186872962|-0.199617396|-0.204220503|-0.21015897,2.1800267|2.55492956|1.18856253|1.70414532|1.49615938|1.99513737,0.540293992|-0.606986701|0.531916797,0.0368205495|0.253666043|0.0333999135,0.00702445674687624,0.0026422543451189995,0.0010414570569992065,0.0015310710296034813
97,4.9,-0.10861692710652095,0.09776043146848679,0.15332700312137604,0.5197663903236389,0.09309551119804382,0.35,2,0,0,0,0,0,0,,,,nan,0,0.8353248834609985,1.4820220470428467,9.036365509033203,0.9214911460876465,1.0,0.350000545461819,0,1,1,0,0.022987277278139984,0.0,filtered,0.39310838409225907,0,1,12,workspace_x_lower,workspace_x_lower,0,0,1,solved,osqp,9.801003932052854e-10,valid,0.350000545461819,0.571224556|0.668507556|0.350000545|0.462330341|0.403901077|0.526913409,0.721224556|0.818507556|0.500000545|0.612330341|0.553901077|0.676913409,0.691224556|0.788507556|0.470000545|0.582330341|0.523901077|0.646913409,0.15|0.15|0.15|0.15|0.15|0.15,0|0|-0.0509887496|0.0226484361|0.0528023599|0.0651242557,-0.127611804|-0.147667121|-0.184406582|-0.197466008|-0.201462353|-0.208370359,2.15728642|2.5263631|1.16460685|1.67450379|1.46694432|1.96440753,0.54213506|-0.594303071|0.533586919,0.0368205495|0.253666043|0.0333999135,0.004723201505839825,0.000992022454738617,0.0010351473465561867,0.0015094801783561707
98,4.95,-0.11691793615272916,0.0990612655878067,0.15175114572048187,0.511439859867096,0.09414291381835938,0.35,2,0,0,0,0,0,0,,,,nan,0,0.8510617017745972,1.2856255769729614,8.183876037597656,0.9326009750366211,1.0,0.3419356257655195,0,1,1,0,0.022987277278139984,0.0,filtered,0.38458395746698926,0,1,12,workspace_x_lower,workspace_x_lower,0,0,1,solved,osqp,3.411718893508997e-10,valid,0.3419356257655195,0.56496161|0.660903115|0.341935626|0.454408407|0.39632281|0.519943072,0.71496161|0.810903115|0.491935626|0.604408407|0.54632281|0.669943072,0.68496161|0.780903115|0.461935626|0.574408407|0.51632281|0.639943072,0.15|0.15|0.15|0.15|0.15|0.15,0|0|-0.0421675861|0.0214958773|0.0502333074|0.0574683636,-0.124690825|-0.145473671|-0.181753828|-0.195182223|-0.198493979|-0.206545409,2.13515562|2.49813879|1.14382109|1.64394728|1.43703057|1.93069524,0.543976128|-0.581619442|0.535257041,0.0368205495|0.253666043|0.0333999135,0.006158620119094849,0.0018224650993943214,0.00109053123742342,0.001569819636642933
99,5.0,-0.12824221387699603,0.10120145231485367,0.15072140097618103,0.5031713843345642,0.09602761268615723,0.35,2,0,0,0,0,0,0,,,,nan,0,0.8568477630615234,1.1928349733352661,8.743738174438477,0.9330499768257141,1.0,0.33401595631704173,0,1,1,0,0.022987277278139984,0.0,filtered,0.3718247166516316,0,1,12,workspace_x_lower,workspace_x_lower,0,0,1,solved,osqp,1.0949733481036006e-10,valid,0.33401595631704173,0.55883456|0.653377177|0.334015956|0.446504766|0.388926212|0.512594887,0.70883456|0.803377177|0.484015956|0.596504766|0.538926212|0.662594887,0.67883456|0.773377177|0.454015956|0.566504766|0.508926212|0.632594887,0.15|0.15|0.15|0.15|0.15|0.15,0|0|-0.0311054081|0.0187346518|0.0456387456|0.0477578367,-0.121709032|-0.143233534|-0.17887592|-0.192743054|-0.19529144|-0.204654301,2.11362921|2.47027518|1.1260825|1.61201066|1.40605216|1.89348308,0.545817196|-0.568935812|0.536927164,0.0368205495|0.253666043|0.0333999135,0.005086155608296394,0.0010601337999105453,0.0010810252279043198,0.001751001924276352
100,5.050000000000001,-0.1406719451969862,0.10356726497411728,0.15026678144931793,0.49495232105255127,0.09813769161701202,0.35,2,0,0,0,0,0,0,,,,nan,0,0.8532843589782715,1.1296923160552979,6.594139575958252,0.9244390726089478,1.0,0.3261919200607666,0,1,1,0,0.022987277278139984,0.0,filtered,0.35755003882427905,0,1,12,workspace_x_lower,workspace_x_lower,0,0,1,solved,osqp,3.215104224518761e-11,valid,0.3261919200607666,0.552842061|0.645935895|0.32619192|0.43854181|0.381624947|0.504754224,0.702842061|0.795935895|0.47619192|0.58854181|0.531624947|0.654754224,0.672842061|0.765935895|0.44619192|0.55854181|0.501624947|0.624754224,0.15|0.15|0.15|0.15|0.15|0.15,0|0|-0.019520441|0.0153890834|0.040447121|0.0375749314,-0.118667049|-0.140953146|-0.175734896|-0.190126286|-0.191830969|-0.202665856,2.09270119|2.44279044|1.10951234|1.57943004|1.37511594|1.85392597,0.547658265|-0.556252182|0.538597286,0.0368205495|0.253666043|0.0333999135,0.006057002581655979,0.001833922229707241,0.001095769926905632,0.001526721753180027
101,5.1000000000000005,-0.15043866237956138,0.10569135844707489,0.15024037659168243,0.4868103861808777,0.10000689327716827,0.35,2,0,0,0,0,0,0,,,,nan,0,0.8431013822555542,0.8845894932746887,10.924001693725586,0.9152137637138367,1.0,0.3184581390456207,0,1,1,0,0.022987277278139984,0.0,filtered,0.35745399572110215,0,1,12,workspace_x_lower,workspace_x_lower,0,0,1,solved,osqp,8.75931271959729e-12,valid,0.3184581390456207,0.546985555|0.638588956|0.318458139|0.43050211|0.374398906|0.496402901,0.696985555|0.788588956|0.468458139|0.58050211|0.524398906|0.646402901,0.666985555|0.758588956|0.438458139|0.55050211|0.494398906|0.616402901,0.15|0.15|0.15|0.15|0.15|0.15,0|0|-0.0133109763|0.0127972241|0.0379477275|0.0308525382,-0.115564975|-0.138635396|-0.172308323|-0.187318039|-0.188101314|-0.200555912,2.07237724|2.41572043|1.08821326|1.54748763|1.34744204|1.81590823,0.549499333|-0.543568552|0.540267408,0.0368205495|0.253666043|0.0333999135,0.00758809968829155,0.0016122180968523026,0.0017552459612488747,0.0023795943707227707
102,5.15,-0.15703650663305105,0.10735954344272614,0.15048131346702576,0.4787861704826355,0.10142280906438828,0.35,2,0,0,0,0,0,0,,,,nan,0,0.8292397260665894,0.7130780816078186,8.098969459533691,0.9035519361495972,1.0,0.3108339863461098,0,1,1,0,0.022987277278139984,0.0,filtered,0.3597954316570072,0,0,12,,workspace_x_lower,0,0,1,solved,osqp,7.14759716243657e-07,valid,0.3108339863461098,0.541274361|0.631329282|0.310833986|0.422476826|0.367367821|0.487768791,0.691274361|0.781329282|0.460833986|0.572476826|0.517367821|0.637768791,0.661274361|0.751329282|0.430833986|0.542476826|0.487367821|0.607768791,0.15|0.15|0.15|0.15|0.15|0.15,0|0|-0.0111960427|0.0113107252|0.0377246316|0.0270511026,-0.112401419|-0.136281312|-0.168654068|-0.18434685|-0.184141533|-0.198315626,2.05269602|2.38903581|1.06348583|1.51687118|1.32305438|1.77981064,0.551340401|-0.530884922|0.54193753,0.0368205495|0.253666043|0.0333999135,0.005283803679049015,0.0013319076970219612,0.0010482175275683403,0.0015254747122526169
103,5.2,-0.16038215805265568,0.10826842486858368,0.15084700286388397,0.47093647718429565,0.10208556801080704,0.35,2,0,0,0,0,0,0,,,,nan,0,0.815918505191803,0.46569833159446716,6.806128025054932,0.892566978931427,1.0,0.3033522667526489,0,1,1,0,0.022987277278139984,0.0,filtered,0.362502808015997,0,0,12,,workspace_x_lower,0,0,1,solved,osqp,3.058578781772736e-07,valid,0.3033522667526489,0.535717738|0.624163629|0.303352267|0.414553666|0.36063167|0.47903622,0.685717738|0.774163629|0.453352267|0.564553666|0.51063167|0.62903622,0.655717738|0.744163629|0.423352267|0.534553666|0.48063167|0.59903622,0.15|0.15|0.15|0.15|0.15|0.15,0|0|-0.0109749384|0.0112094009|0.0389248604|0.0250804217,-0.109175166|-0.133885455|-0.164826973|-0.181243448|-0.179994439|-0.195956014,2.03369579|2.36276906|1.03760716|1.48818062|1.3014571|1.74526929,0.553181469|-0.518201292|0.543607652,0.0368205495|0.253666043|0.0333999135,0.007061664015054703,0.001130961813032627,0.0017278771847486496,0.0022194255143404007
104,5.25,-0.16295476535468326,0.10888643562793732,0.15130625665187836,0.46328186988830566,0.10246723890304565,0.35,2,0,0,0,0,0,0,,,,nan,0,0.8014315962791443,0.38203322887420654,4.829134464263916,0.8790054321289062,1.0,0.29606519489899075,0,1,1,0,0.022987277278139984,0.0,filtered,0.3614222653905473,0,1,12,workspace_x_lower,workspace_x_lower,0,0,1,solved,osqp,9.99103923898792e-08,valid,0.29606519489899075,0.530323584|0.617118294|0.296065195|0.406806596|0.354256592|0.470307963,0.680323584|0.767118294|0.446065195|0.556806596|0.504256592|0.620307963,0.650323584|0.737118294|0.416065195|0.526806596|0.474256592|0.590307963,0.15|0.15|0.15|0.15|0.15|0.15,0|0|-0.00949763302|0.0114006919|0.0394592409|0.0226445408,-0.10588546|-0.131436504|-0.16086021|-0.178029704|-0.175694989|-0.193502179,2.01540888|2.33703667|1.01390294|1.46059737|1.28079062|1.71037421,0.555022538|-0.505517662|0.545277774,0.0368205495|0.253666043|0.0333999135,0.006742748431861401,0.001871025189757347,0.0013092784211039543,0.0015870705246925354
105,5.300000000000001,-0.16556601156102974,0.10952479392290115,0.15185673534870148,0.45582062005996704,0.10288184136152267,0.35,2,0,0,0,0,0,0,,,,nan,0,0.790865957736969,0.3415399491786957,1.9564255475997925,0.8689802885055542,1.0,0.2889944910183261,0,1,1,0,0.022987277278139984,0.0,filtered,0.36024362151299144,0,1,12,workspace_x_lower,workspace_x_lower,0,0,1,solved,osqp,1.9248152825085407e-08,valid,0.2889944910183261,0.525095109|0.610219092|0.288994491|0.399233983|0.348211444|0.461551701,0.675095109|0.760219092|0.438994491|0.549233983|0.498211444|0.611551701,0.645095109|0.730219092|0.408994491|0.519233983|0.468211444|0.581551701,0.15|0.15|0.15|0.15|0.15|0.15,0|0|-0.00710236407|0.011353333|0.0394217348|0.0197810445,-0.102532666|-0.128926641|-0.156745735|-0.174705854|-0.171255496|-0.1909669,1.99784777|2.31194973|0.992129865|1.43358341|1.26101202|1.67502095,0.556863606|-0.49283424|0.546947896,0.0368205495|0.253666043|0.0333999135,0.007915548048913479,0.0017436398193240166,0.0018451642245054245,0.002281731925904751
106,5.3500000000000005,-0.1691326159306598,0.11033958196640015,0.15253692865371704,0.4485399127006531,0.10348854959011078,0.35,2,0,0,0,0,0,0,,,,nan,0,0.7850266695022583,0.3811202645301819,3.034472703933716,0.8625404238700867,1.0,0.282140055924455,0,1,1,0,0.022987277278139984,0.0,filtered,0.3573565883713569,0,1,12,workspace_x_lower,workspace_x_lower,0,0,1,solved,osqp,4.251767004442852e-09,valid,0.282140055924455,0.520034436|0.603475271|0.282140056|0.391823784|0.34247207|0.452744231,0.670034436|0.753475271|0.432140056|0.541823784|0.49247207|0.602744231,0.640034436|0.723475271|0.402140056|0.511823784|0.46247207|0.572744231,0.15|0.15|0.15|0.15|0.15|0.15,0|0|-0.00342767439|0.0106770862|0.0385834982|0.0161512224,-0.0991173854|-0.126354067|-0.152472643|-0.171265581|-0.166672689|-0.188346455,1.98102036|2.28754702|0.972659906|1.40670664|1.24179909|1.63878169,0.558704674|-0.480150968|0.548618019,0.0368205495|0.253666043|0.0333999135,0.007389969192445278,0.0017164535820484161,0.00161654781550169,0.0020897211506962776
107,5.4,-0.17271426032064482,0.11094629019498825,0.15335464477539062,0.4414517879486084,0.10390713810920715,0.35,2,0,0,0,0,0,0,,,,nan,0,0.7810764312744141,0.3712921738624573,1.2020306587219238,0.8574705719947815,1.0,0.27549261209307474,0,1,1,0,0.022987277278139984,0.0,filtered,0.35365594355704805,0,1,12,workspace_x_lower,workspace_x_lower,0,0,1,solved,osqp,4.861737779721098e-09,valid,0.27549261209307474,0.515142165|0.596886248|0.275492612|0.384549566|0.337005753|0.443846725,0.665142165|0.746886248|0.425492612|0.534549566|0.487005753|0.593846725,0.635142165|0.716886248|0.395492612|0.504549566|0.457005753|0.563846725,0.15|0.15|0.15|0.15|0.15|0.15,0|0|0.000737144649|0.00994109452|0.0376209342|0.0124398617,-0.0956405671|-0.123721091|-0.14801747|-0.167693113|-0.161930148|-0.185624372,1.96492809|2.2638239|0.954690123|1.38044625|1.2237138|1.60220239,0.560545743|-0.467467695|0.550288141,0.0368205495|0.253666043|0.0333999135,0.0047734444960951805,0.001011834479868412,0.0010317005217075348,0.0015338519588112831
108,5.45,-0.17554534284001905,0.11086653172969818,0.1543019413948059,0.4345959424972534,0.10366540402173996,0.35,2,0,0,0,0,0,0,,,,nan,0,0.777397632598877,0.3048561215400696,2.3320703506469727,0.8515287041664124,1.0,0.2690663162023691,0,1,1,0,0.022987277278139984,0.0,filtered,0.3472418360572049,0,1,12,workspace_x_lower,workspace_x_lower,0,0,1,solved,osqp,2.4868122804055925e-09,valid,0.2690663162023691,0.510420437|0.590454488|0.269066316|0.377415102|0.331813886|0.434860241,0.660420437|0.740454488|0.419066316|0.527415102|0.481813886|0.584860241,0.630420437|0.710454488|0.389066316|0.497415102|0.451813886|0.554860241,0.15|0.15|0.15|0.15|0.15|0.15,0|0|0.00461912666|0.00975278071|0.0372350943|0.00936247104,-0.0921030501|-0.12102803|-0.143365415|-0.163977421|-0.157018921|-0.182787126,1.9495787|2.24078992|0.937518977|1.35543577|1.20747172|1.56601631,0.562386811|-0.454784423|0.551958263,0.0368205495|0.253666043|0.0333999135,0.007945029996335506,0.0018083201721310616,0.0018283231183886528,0.00226700771600008
109,5.5,-0.17925721872236028,0.11124586313962936,0.15539611876010895,0.4279404282569885,0.10391027480363846,0.35,2,0,0,0,0,0,0,,,,nan,0,0.765658438205719,0.45006173849105835,5.230826377868652,0.8401194214820862,1.0,0.26290262507496254,0,1,1,0,0.022987277278139984,0.0,filtered,0.34544844933244384,0,1,12,workspace_x_lower,workspace_x_lower,0,0,1,solved,osqp,4.7078906086073236e-09,valid,0.26290262507496254,0.505872572|0.584181884|0.262902625|0.370455696|0.326933179|0.425825515,0.655872572|0.734181884|0.412902625|0.520455696|0.476933179|0.575825515,0.625872572|0.704181884|0.382902625|0.490455696|0.446933179|0.545825515,0.15|0.15|0.15|0.15|0.15|0.15,0|0|0.00833140278|0.00865796733|0.0361181475|0.00604298403,-0.0885056029|-0.118274549|-0.138505846|-0.160108655|-0.151933482|-0.179820998,1.93498469|2.21845299|0.921436057|1.3303721|1.19191738|1.52952405,0.564227879|-0.442101151|0.553628385,0.0368205495|0.253666043|0.0333999135,0.005620443262159824,0.0010593198239803314,0.0011901222169399261,0.0015358412638306618
110,5.550000000000001,-0.18270173765604142,0.11202923208475113,0.1565958708524704,0.4214596748352051,0.10458698123693466,0.35,2,0,0,0,0,0,0,,,,nan,0,0.7481839060783386,0.5695118308067322,4.106234073638916,0.8253929615020752,1.0,0.2569693875602381,0,1,1,0,0.022987277278139984,0.0,filtered,0.34817036558246683,0,1,12,workspace_x_lower,workspace_x_lower,0,0,1,solved,osqp,7.950293721969981e-09,valid,0.2569693875602381,0.501500518|0.578056442|0.256969388|0.363639597|0.322314859|0.41675726,0.651500518|0.728056442|0.406969388|0.513639597|0.472314859|0.56675726,0.621500518|0.698056442|0.376969388|0.483639597|0.442314859|0.53675726,0.15|0.15|0.15|0.15|0.15|0.15,0|0|0.0112104071|0.00703069199|0.034624253|0.0029565446,-0.0848493637|-0.115465292|-0.133441456|-0.156088198|-0.146686308|-0.176709586,1.92115271|2.19676047|0.905646501|1.30550088|1.17719738|1.493276,0.566068947|-0.429417878|0.555298507,0.0368205495|0.253666043|0.0333999135,0.004689989611506462,0.000978308729827404,0.0010383110493421555,0.001463218592107296
111,5.6000000000000005,-0.18505371920567038,0.11273188143968582,0.15784218907356262,0.41515791416168213,0.10521247237920761,0.35,2,0,0,0,0,0,0,,,,nan,0,0.7165403962135315,0.7732818722724915,7.132654666900635,0.79844069480896,1.0,0.2512374752895875,0,1,1,0,0.022987277278139984,0.0,filtered,0.3518285347385949,0,1,12,workspace_x_lower,workspace_x_lower,0,0,1,solved,osqp,7.0329946831593215e-09,valid,0.2512374752895875,0.497308246|0.572077496|0.251237475|0.356952442|0.317925529|0.40769435,0.647308246|0.722077496|0.401237475|0.506952442|0.467925529|0.55769435,0.617308246|0.692077496|0.371237475|0.476952442|0.437925529|0.52769435,0.15|0.15|0.15|0.15|0.15|0.15,0|0|0.0123956531|0.0056117261|0.0333721471|0.000955864304,-0.0811352894|-0.112600079|-0.128196401|-0.15193177|-0.141306533|-0.173454357,1.9080977|2.17570991|0.889149153|1.28148973|1.16376773|1.45827891,0.567910016|-0.416734606|0.556968629,0.0368205495|0.253666043|0.0333999135,0.004942137748003006,0.0009785909205675125,0.0010310197249054909,0.0017425157129764557
112,5.65,-0.18531313112840153,0.11302672326564789,0.15904070436954498,0.40905821323394775,0.10546180605888367,0.35,2,0,0,0,0,0,0,,,,nan,0,0.6680021286010742,1.1191123723983765,10.177085876464844,0.7571247816085815,1.0,0.24570724734612714,0,1,1,0,0.022987277278139984,0.0,filtered,0.35596435175444463,0,1,12,workspace_x_lower,workspace_x_lower,0,0,1,solved,osqp,3.0498743391893512e-09,valid,0.24570724734612714,0.493301178|0.56624547|0.245707247|0.350411213|0.31375529|0.398728304,0.643301178|0.71624547|0.395707247|0.500411213|0.46375529|0.548728304,0.613301178|0.68624547|0.365707247|0.470411213|0.43375529|0.518728304,0.15|0.15|0.15|0.15|0.15|0.15,0|0|0.012253422|0.00496218456|0.0324017241|9.76059642e-07,-0.0773643078|-0.109677808|-0.122798755|-0.14765716|-0.135828927|-0.170057051,1.89584041|2.15530407|0.872283656|1.25894988|1.15159396|1.42485714,0.569751084|-0.404051334|0.558638752,0.0368205495|0.253666043|0.0333999135,0.005163245834410191,0.0011902041733264923,0.0011252108961343765,0.0016164015978574753
113,5.7,-0.18383329596365103,0.11313945800065994,0.1601102203130722,0.4031684994697571,0.10556148737668991,0.35,2,0,0,0,0,0,0,,,,nan,0,0.6112024784088135,1.3114330768585205,5.313769340515137,0.7112064361572266,1.0,0.24039677514176128,0,1,1,0,0.022987277278139984,0.0,filtered,0.3632443027522458,0,1,12,workspace_x_lower,workspace_x_lower,0,0,1,solved,osqp,1.5366820593776254e-09,valid,0.24039677514176128,0.489485901|0.560581261|0.240396775|0.34404696|0.30980178|0.389946844,0.639485901|0.710581261|0.390396775|0.49404696|0.45980178|0.539946844,0.609485901|0.680581261|0.360396775|0.46404696|0.42980178|0.509946844,0.15|0.15|0.15|0.15|0.15|0.15,0|0|0.011157821|0.00480548017|0.0312926982|-0.000266142448,-0.0735374118|-0.106691127|-0.117284063|-0.143288945|-0.130296211|-0.166534144,1.88440619|2.13563392|0.855460859|1.23770437|1.1402036|1.39298709,0.571592152|-0.391368061|0.560308874,0.0368205495|0.253666043|0.0333999135,0.00756611954420805,0.001756812445819378,0.0016100602224469185,0.0023379698395729065
114,5.75,-0.18136656872025925,0.11331436038017273,0.16100502014160156,0.3974810242652893,0.10575620830059052,0.35,2,0,0,0,0,0,0,,,,nan,0,0.5681450963020325,1.0028878450393677,7.038507461547852,0.6775066256523132,1.0,0.2353091134879597,0,1,1,0,0.022987277278139984,0.0,filtered,0.3686926232576753,0,1,12,workspace_x_lower,workspace_x_lower,0,0,1,solved,osqp,1.7438238041067589e-09,valid,0.2353091134879597,0.485868389|0.555106522|0.235309113|0.337873005|0.306038033|0.381403475,0.635868389|0.705106522|0.385309113|0.487873005|0.456038033|0.531403475,0.605868389|0.675106522|0.355309113|0.457873005|0.426038033|0.501403475,0.15|0.15|0.15|0.15|0.15|0.15,0|0|0.0103118673|0.00466296441|0.0298001246|-0.000706176455,-0.0696559238|-0.103633508|-0.111686771|-0.138851901|-0.124749917|-0.162909928,1.87381763|2.11679258|0.83986155|1.21730308|1.12920234|1.3619978,0.57343322|-0.378684789|0.561978996,0.0368205495|0.253666043|0.0333999135,0.007093159481883049,0.001146482303738594,0.0017343387007713318,0.0023105088621377945
115,5.800000000000001,-0.18128314183181096,0.11447660624980927,0.1618042290210724,0.39193373918533325,0.1069704070687294,0.35,2,0,0,0,0,0,0,,,,nan,0,0.5365164875984192,0.7717428207397461,10.407805442810059,0.6549668312072754,1.0,0.23043389478019383,0,1,1,0,0.022987277278139984,0.0,filtered,0.3752974924369328,0,1,12,workspace_x_lower,workspace_x_lower,0,0,1,solved,osqp,1.8808579312079576e-09,valid,0.23043389478019383,0.482452591|0.549842569|0.230433895|0.331885393|0.30244434|0.373073812,0.632452591|0.699842569|0.380433895|0.481885393|0.45244434|0.523073812,0.602452591|0.669842569|0.350433895|0.451885393|0.42244434|0.493073812,0.15|0.15|0.15|0.15|0.15|0.15,0|0|0.00954606681|0.00285045202|0.0273684677|-0.00171254044,-0.0657216636|-0.100499857|-0.106025832|-0.134358625|-0.119206778|-0.159208863,1.8640887|2.09887042|0.825255814|1.1960334|1.11793905|1.33137384,0.575274289|-0.366001517|0.563649118,0.0368205495|0.253666043|0.0333999135,0.007013820111751556,0.0018485672771930695,0.001218590885400772,0.0019035562872886658
116,5.8500000000000005,-0.18219555100515672,0.11568767577409744,0.16255894303321838,0.38652104139328003,0.10826866328716278,0.35,2,0,0,0,0,0,0,,,,nan,0,0.5058984160423279,0.8497239947319031,3.7649998664855957,0.632996141910553,1.0,0.22571166326310033,0,1,1,0,0.022987277278139984,0.0,filtered,0.38011006979397316,0,1,12,workspace_x_lower,workspace_x_lower,0,0,1,solved,osqp,4.590325401038209e-09,valid,0.22571166326310033,0.479237647|0.544755976|0.225711663|0.32602378|0.298954452|0.364926649,0.629237647|0.694755976|0.375711663|0.47602378|0.448954452|0.514926649,0.599237647|0.664755976|0.345711663|0.44602378|0.418954452|0.484926649,0.15|0.15|0.15|0.15|0.15|0.15,0|0|0.00846793127|0.00057486386|0.025129617|-0.00252952793,-0.0617372066|-0.0973034907|-0.100283132|-0.129794363|-0.113645899|-0.155409265,1.85521338|2.08172041|0.811031452|1.17487562|1.10730153|1.3017678,0.577115357|-0.353318244|0.56531924,0.0368205495|0.253666043|0.0333999135,0.007459255866706371,0.0016517983749508858,0.0017383191734552383,0.0022820979356765747
117,5.9,-0.18325044496417953,0.11696667969226837,0.16327223181724548,0.38123756647109985,0.10967123508453369,0.35,2,0,0,0,0,0,0,,,,nan,0,0.467798113822937,1.1354461908340454,6.659318447113037,0.6070412993431091,1.0,0.2211395359996713,0,1,1,0,0.022987277278139984,0.0,filtered,0.38654823492902013,0,1,12,workspace_x_lower,workspace_x_lower,0,0,1,solved,osqp,5.626063951519322e-09,valid,0.2211395359996713,0.476224226|0.539824639|0.221139536|0.320285057|0.295576102|0.356995311,0.626224226|0.689824639|0.371139536|0.470285057|0.445576102|0.506995311,0.596224226|0.659824639|0.341139536|0.440285057|0.415576102|0.476995311,0.15|0.15|0.15|0.15|0.15|0.15,0|0|0.00559142498|-0.00185158386|0.0232899857|-0.00229748754,-0.0577050377|-0.0940532623|-0.0944403229|-0.125141684|-0.108042931|-0.151481888,1.84719187|2.06524529|0.795709246|1.15414696|1.09755146|1.27420187,0.578956425|-0.340634972|0.566989362,0.0368205495|0.253666043|0.0333999135,0.007409021258354187,0.0014326432719826698,0.0017038239166140556,0.002302013337612152
118,5.95,-0.1838025571746414,0.11858467012643814,0.1639007329940796,0.3760639429092407,0.11144836246967316,0.35,2,0,0,0,0,0,0,,,,nan,0,0.43149334192276,1.3340363502502441,5.484136581420898,0.5844027996063232,1.0,0.21671105778301336,0,1,1,0,0.022987277278139984,0.0,filtered,0.39385993603663516,0,1,12,workspace_x_lower,workspace_x_lower,0,0,1,solved,osqp,9.1263735284286e-09,valid,0.21671105778301336,0.473415468|0.535028486|0.216711058|0.314677838|0.292308021|0.34937327,0.623415468|0.685028486|0.366711058|0.464677838|0.442308021|0.49937327,0.593415468|0.655028486|0.336711058|0.434677838|0.412308021|0.46937327,0.15|0.15|0.15|0.15|0.15|0.15,0|0|0.00222205656|-0.00448233368|0.0212208075|-0.00198076668,-0.0536274866|-0.0907562845|-0.0885057263|-0.120402593|-0.102402392|-0.147412774,1.84003439|2.04935766|0.780560561|1.13382642|1.0880505|1.24809954,0.580797493|-0.327951699|0.568659484,0.0368205495|0.253666043|0.0333999135,0.005951325409114361,0.0018540164455771446,0.0010124687105417252,0.0016370704397559166
119,6.0,-0.18420465934878438,0.12076631188392639,0.16440390050411224,0.3709702491760254,0.1138230562210083,0.35,2,0,0,0,0,0,0,,,,nan,0,0.38999539613723755,1.8001313209533691,9.946451187133789,0.5604370832443237,1.0,0.21240371239178524,0,1,1,0,0.022987277278139984,0.0,filtered,0.4022601461926048,0,1,12,workspace_x_lower,workspace_x_lower,0,0,1,solved,osqp,1.0315492742982157e-08,valid,0.21240371239178524,0.470815087|0.530377348|0.212403712|0.309196468|0.289134033|0.342093599,0.620815087|0.680377348|0.362403712|0.459196468|0.439134033|0.492093599,0.590815087|0.650377348|0.332403712|0.429196468|0.409134033|0.462093599,0.15|0.15|0.15|0.15|0.15|0.15,0|0|-0.00150354613|-0.00754261565|0.0180808631|-0.00176817381,-0.0495070028|-0.0874105227|-0.0825017236|-0.115591887|-0.0967416382|-0.143213472,1.83375335|2.03409887|0.76560958|1.11365137|1.07787536|1.22339275,0.582638562|-0.315268427|0.570329607,0.0368205495|0.253666043|0.0333999135,0.007875455543398857,0.0017013149335980415,0.0018757879734039307,0.002352478913962841
120,6.050000000000001,-0.18288929181544694,0.1224714070558548,0.1647186577320099,0.36598366498947144,0.11575674265623093,0.35,2,0,0,0,0,0,0,,,,nan,0,0.36745837330818176,2.2085790634155273,11.848203659057617,0.5479736328125,1.0,0.20818454400071063,0,1,1,0,0.022987277278139984,0.0,filtered,0.40633593492664283,0,1,12,workspace_x_lower,workspace_x_lower,0,0,1,solved,osqp,1.1185980784006455e-08,valid,0.20818454400071063,0.468426315|0.525879293|0.208184544|0.303807747|0.285971321|0.335188704,0.618426315|0.675879293|0.358184544|0.453807747|0.435971321|0.485188704,0.588426315|0.645879293|0.328184544|0.423807747|0.405971321|0.455188704,0.15|0.15|0.15|0.15|0.15|0.15,0|0|-0.00447953524|-0.00975267981|0.0149499874|-0.00179528312,-0.0453462575|-0.0840147394|-0.0764491059|-0.110728486|-0.0910882027|-0.138901543,1.828359|2.01950243|0.751809535|1.09474982|1.06774707|1.20005799,0.58447963|-0.302585155|0.571999729,0.0368205495|0.253666043|0.0333999135,0.007572047412395477,0.0017307167872786522,0.0016980217769742012,0.0021847551688551903
121,6.1000000000000005,-0.1805506784390602,0.12367583811283112,0.16483314335346222,0.36112916469573975,0.11722805351018906,0.35,2,0,0,0,0,0,0,,,,nan,0,0.37672144174575806,2.177541732788086,3.3208866119384766,0.5594032406806946,1.0,0.20407787340667038,0,1,1,0,0.022987277278139984,0.0,filtered,0.41341160477162353,0,1,12,workspace_x_lower,workspace_x_lower,0,0,1,solved,osqp,1.3342416624664843e-08,valid,0.20407787340667038,0.466253363|0.52157327|0.204077873|0.298536554|0.28283792|0.328681457,0.616253363|0.67157327|0.354077873|0.448536554|0.43283792|0.478681457,0.586253363|0.64157327|0.324077873|0.418536554|0.40283792|0.448681457,0.15|0.15|0.15|0.15|0.15|0.15,0|0|-0.00666026191|-0.0114338739|0.0118772349|-0.00208947048,-0.0411480078|-0.0805585176|-0.070367636|-0.105826422|-0.0854574939|-0.134497138,1.82386545|2.00573456|0.739283596|1.07688592|1.05777142|1.17813922,0.586320698|-0.289901882|0.573669851,0.0368205495|0.253666043|0.0333999135,0.007537271827459335,0.0018703015521168709,0.0017999093979597092,0.001859898678958416
122,6.15,-0.17481793320226707,0.12164376676082611,0.16475602984428406,0.35656970739364624,0.11551417410373688,0.35,2,0,0,0,0,0,0,,,,nan,0,0.3995138704776764,1.6526066064834595,18.742164611816406,0.5735653042793274,1.0,0.20010863473018403,0,1,1,0,0.022987277278139984,0.0,filtered,0.41145606447898325,0,1,12,workspace_x_lower,workspace_x_lower,0,0,1,solved,osqp,1.4184416724516424e-08,valid,0.20010863473018403,0.464298419|0.517479289|0.200108635|0.293347941|0.279750531|0.322560971,0.614298419|0.667479289|0.350108635|0.443347941|0.429750531|0.472560971,0.584298419|0.637479289|0.320108635|0.413347941|0.399750531|0.442560971,0.15|0.15|0.15|0.15|0.15|0.15,0|0|-0.00437901966|-0.0100346306|0.0101451928|-0.00352835969,-0.0369153538|-0.077037876|-0.0642588251|-0.101443679|-0.0798475191|-0.130010722,1.82027832|1.99287928|0.731796694|1.06191345|1.0492998|1.1567048,0.588161767|-0.27721861|0.575339973,0.0368205495|0.253666043|0.0333999135,0.007369412109255791,0.0015968875959515572,0.0017126547172665596,0.0023073796182870865
123,6.2,-0.165851395299485,0.11668524146080017,0.16447439789772034,0.352450430393219,0.11093270778656006,0.35,2,0,0,0,0,0,0,,,,nan,0,0.3921779990196228,1.1483629941940308,29.628795623779297,0.5602587461471558,1.0,0.19644535954515452,0,1,1,0,0.022987277278139984,0.0,filtered,0.4000500876504891,0,1,12,workspace_x_lower,workspace_x_lower,0,0,1,solved,osqp,1.5305807468668498e-08,valid,0.19644535954515452,0.462562327|0.513671397|0.19644536|0.288293974|0.276867967|0.316698814,0.612562327|0.663671397|0.34644536|0.438293974|0.426867967|0.466698814,0.582562327|0.633671397|0.31644536|0.408293974|0.396867967|0.436698814,0.15|0.15|0.15|0.15|0.15|0.15,0|0|0.000705060282|-0.00563352322|0.00957324675|-0.00524857271,-0.0326516347|-0.0734348972|-0.0580893558|-0.0970414535|-0.0742234653|-0.125450308,1.81759767|1.98125069|0.728397143|1.05050092|1.04282165|1.13609637,0.590002835|-0.264535338|0.577010095,0.0368205495|0.253666043|0.0333999135,0.005433251149952412,0.0015365881845355034,0.0009924555197358131,0.0014774883165955544
124,6.25,-0.16273692253371055,0.11515171825885773,0.16412262618541718,0.3487086296081543,0.1098332330584526,0.35,2,0,0,0,0,0,0,,,,nan,0,0.3844694197177887,0.6679988503456116,15.115079879760742,0.5567865967750549,1.0,0.1932342236522787,0,1,1,0,0.022987277278139984,0.0,filtered,0.4026908610519284,0,1,12,workspace_x_lower,workspace_x_lower,0,0,1,solved,osqp,1.2629732065727595e-08,valid,0.1932342236522787,0.461047614|0.51021612|0.193234224|0.283535649|0.274306113|0.31094075,0.611047614|0.66021612|0.343234224|0.433535649|0.424306113|0.46094075,0.581047614|0.63021612|0.313234224|0.403535649|0.394306113|0.43094075,0.15|0.15|0.15|0.15|0.15|0.15,0|0|0.00449028627|-0.00334124124|0.00930765914|-0.00684407931,-0.0283601561|-0.0697347268|-0.0518550626|-0.0924670884|-0.0685813056|-0.120853565,1.8158303|1.97112975|0.725572118|1.03833427|1.03795081|1.11606536,0.591843903|-0.251852065|0.578680217,0.0368205495|0.253666043|0.0333999135,0.004625148139894009,0.000986725091934204,0.0009920336306095123,0.0014772191643714905
125,6.300000000000001,-0.16309102774426215,0.11441786587238312,0.16384264826774597,0.3453700542449951,0.10959435999393463,0.35,2,0,0,0,0,0,0,,,,nan,0,0.398046612739563,0.4892607629299164,11.12580680847168,0.5638924837112427,1.0,0.19041711770425906,0,1,1,0,0.022987277278139984,0.0,filtered,0.3993853969936004,0,1,12,workspace_x_lower,workspace_x_lower,0,0,1,solved,osqp,1.028333983937868e-08,valid,0.19041711770425906,0.459750443|0.50704043|0.190417118|0.279045486|0.272070374|0.305293613,0.609750443|0.65704043|0.340417118|0.429045486|0.422070374|0.455293613,0.579750443|0.62704043|0.310417118|0.399045486|0.392070374|0.425293613,0.15|0.15|0.15|0.15|0.15|0.15,0|0|0.00825027603|-0.00168925112|0.0103508463|-0.00821678951,-0.0240447747|-0.0659631992|-0.0455254586|-0.0877362674|-0.0628776496|-0.116162634,1.814957|1.96219852|0.724393288|1.02675643|1.03575469|1.09679503,0.593684971|-0.239168793|0.580350339,0.0368205495|0.253666043|0.0333999135,0.0046739401295781136,0.0009888065978884697,0.0009999945759773254,0.001482030376791954
126,6.3500000000000005,-0.16473870221658216,0.11322033405303955,0.16372346878051758,0.34246426820755005,0.10895370692014694,0.35,2,0,0,0,0,0,0,,,,nan,0,0.4181230068206787,0.7269833087921143,12.043893814086914,0.5744684338569641,1.0,0.18802726587963003,0,1,1,0,0.022987277278139984,0.0,filtered,0.39390466839278354,0,1,12,workspace_x_lower,workspace_x_lower,0,0,1,solved,osqp,7.44103047234379e-09,valid,0.18802726587963003,0.458666512|0.504090471|0.188027266|0.274834812|0.270251432|0.299839161,0.608666512|0.654090471|0.338027266|0.424834812|0.420251432|0.449839161,0.578666512|0.624090471|0.308027266|0.394834812|0.390251432|0.419839161,0.15|0.15|0.15|0.15|0.15|0.15,0|0|0.0114230805|-0.00040338987|0.0116300299|-0.00897086393,-0.0197093551|-0.062140406|-0.0390514426|-0.0828453499|-0.0570558559|-0.111290073,1.81495669|1.95422148|0.724480701|1.01609051|1.0355799|1.07909571,0.59552604|-0.226485521|0.582020462,0.0368205495|0.253666043|0.0333999135,0.004688478074967861,0.0010339170694351196,0.0010379897430539131,0.0014569135382771492
127,6.4,-0.16595744100646043,0.1113593801856041,0.16377311944961548,0.34004801511764526,0.10770802944898605,0.35,2,0,0,0,0,0,0,,,,nan,0,0.43721526861190796,0.7815335392951965,3.0413756370544434,0.5828419327735901,1.0,0.1860984849720151,0,1,1,0,0.022987277278139984,0.0,filtered,0.38538243269066663,0,1,12,workspace_x_lower,workspace_x_lower,0,0,1,solved,osqp,5.551075318160903e-09,valid,0.1860984849720151,0.457793328|0.501322402|0.186098485|0.270901532|0.268843972|0.294676674,0.607793328|0.651322402|0.336098485|0.420901532|0.418843972|0.444676674,0.577793328|0.621322402|0.306098485|0.390901532|0.388843972|0.414676674,0.15|0.15|0.15|0.15|0.15|0.15,0|0|0.0145238588|0.00165400953|0.0134286912|-0.0091573073,-0.0153576211|-0.0582822275|-0.0324068587|-0.0777844768|-0.0510953241|-0.106184561,1.81581569|1.94700738|0.72651094|1.00747566|1.03770926|1.06336483,0.597367108|-0.213802248|0.583690584,0.0368205495|0.253666043|0.0333999135,0.005303757265210152,0.0011217035353183746,0.0011045532301068306,0.001780867576599121
128,6.45,-0.1669238869066247,0.1088993027806282,0.16400505602359772,0.3381601870059967,0.10591492801904678,0.35,2,0,0,0,0,0,0,,,,nan,0,0.45800861716270447,0.7376245260238647,2.1305220127105713,0.5926466584205627,1.0,0.18468624012703583,0,1,1,0,0.022987277278139984,0.0,filtered,0.3760697365098523,0,1,12,workspace_x_lower,workspace_x_lower,0,0,1,solved,osqp,3.868150948854732e-09,valid,0.18468624012703583,0.45713172|0.498737791|0.18468624|0.267292552|0.267879358|0.289845767,0.60713172|0.648737791|0.33468624|0.417292552|0.417879358|0.439845767,0.57713172|0.618737791|0.30468624|0.387292552|0.387879358|0.409845767,0.15|0.15|0.15|0.15|0.15|0.15,0|0|0.0175778653|0.00409796364|0.0158772523|-0.0089783198,-0.0109931061|-0.0543908387|-0.0256032314|-0.0725461837|-0.0450065934|-0.100842438,1.81753377|1.94056032|0.730719594|1.00072199|1.04238809|1.04956231,0.599208176|-0.201118976|0.585360706,0.0368205495|0.253666043|0.0333999135,0.005740382708609104,0.0013518361374735832,0.001112060621380806,0.0017882268875837326
129,6.5,-0.1672834151992518,0.10601646453142166,0.1644030213356018,0.33680787682533264,0.10373963415622711,0.35,2,0,0,0,0,0,0,,,,nan,0,0.4817884564399719,0.6846035718917847,2.727382183074951,0.606372058391571,1.0,0.18382755576645005,0,1,1,0,0.022987277278139984,0.0,filtered,0.368151749928605,0,1,12,workspace_x_lower,workspace_x_lower,0,0,1,solved,osqp,3.202065352453376e-09,valid,0.18382755576645005,0.456681976|0.496334538|0.183827556|0.26404|0.267405258|0.285377412,0.606681976|0.646334538|0.333827556|0.41404|0.417405258|0.435377412,0.576681976|0.616334538|0.303827556|0.38404|0.387405258|0.405377412,0.15|0.15|0.15|0.15|0.15|0.15,0|0|0.0208382262|0.00661041135|0.0184223797|-0.00895079957,-0.00661941451|-0.0504693772|-0.0186555511|-0.0671365207|-0.0387984954|-0.0952563384,1.82010849|1.93486878|0.737492898|0.995633889|1.04924492|1.03730251,0.601049244|-0.188435704|0.587030828,0.0368205495|0.253666043|0.0333999135,0.005489391274750233,0.0011065183207392693,0.0011462578549981117,0.0017350176349282265
130,6.550000000000001,-0.16754911979879142,0.10257405042648315,0.1649860292673111,0.336017370223999,0.10103567689657211,0.35,2,0,0,0,0,0,0,,,,nan,0,0.49631813168525696,0.6336157321929932,4.84208869934082,0.610858142375946,1.0,0.18352505905387695,0,1,1,0,0.022987277278139984,0.0,filtered,0.356068999018856,0,1,12,workspace_x_lower,workspace_x_lower,0,0,1,solved,osqp,2.6317303093714717e-09,valid,0.18352505905387695,0.456445032|0.494123438|0.183525059|0.261157624|0.267441631|0.281276153,0.606445032|0.644123438|0.333525059|0.411157624|0.417441631|0.431276153,0.576445032|0.614123438|0.303525059|0.381157624|0.387441631|0.401276153,0.15|0.15|0.15|0.15|0.15|0.15,0|0|0.0250750242|0.00916156994|0.0202470533|-0.00938700931,-0.0022401436|-0.0465174145|-0.0115954674|-0.0615701185|-0.0324955638|-0.0894362607,1.82353998|1.92997634|0.747579793|0.992221949|1.05751801|1.02628134,0.602890313|-0.175752431|0.58870095,0.0368205495|0.253666043|0.0333999135,0.005088292993605137,0.0010416684672236443,0.0011125188320875168,0.0016864817589521408
131,6.6000000000000005,-0.1690231229589893,0.098587766289711,0.1658407747745514,0.33581143617630005,0.09779022634029388,0.35,2,0,0,0,0,0,0,,,,nan,0,0.5036810040473938,0.6603967547416687,6.371793746948242,0.610504150390625,1.0,0.18380397487200606,0,1,1,0,0.022987277278139984,0.0,filtered,0.34495526715098024,0,1,12,workspace_x_lower,workspace_x_lower,0,0,1,solved,osqp,1.7150949896405088e-09,valid,0.18380397487200606,0.456393133|0.492104389|0.183803975|0.258662656|0.267944982|0.277505074,0.606393133|0.642104389|0.333803975|0.408662656|0.417944982|0.427505074,0.576393133|0.612104389|0.303803975|0.378662656|0.387944982|0.397505074,0.125570704|0.15|0.15|0.15|0.15|0.15,0|0|0.0296256181|0.0109619852|0.0218003826|-0.00990410541,4.11263489e-18|-0.0425381299|-0.00443110839|-0.055826399|-0.0261068306|-0.0833862973,1.82557253|1.92587943|0.760410409|0.98978621|1.06747348|1.01672989,0.604731381|-0.163069159|0.590371072,0.0368205495|0.253666043|0.0333999135,0.005031579174101353,0.000990358181297779,0.001099628396332264,0.0017496924847364426
132,6.65,-0.17610131468447215,0.09768691658973694,0.1670914590358734,0.3362402617931366,0.09742026031017303,0.35,2,0,0,0,0,0,0,,,,nan,0,0.5177461504936218,0.7935365438461304,6.82074499130249,0.6150514483451843,1.0,0.18466083630148244,0,1,1,0,0.022987277278139984,0.0,filtered,0.3319794223637328,0,1,12,workspace_x_lower,workspace_x_lower,0,0,1,solved,osqp,8.490896180601837e-11,valid,0.18466083630148244,0.456357209|0.490233252|0.184660836|0.256536187|0.268565899|0.274068466,0.606357209|0.640233252|0.334660836|0.406536187|0.418565899|0.424068466,0.576357209|0.610233252|0.304660836|0.376536187|0.388565899|0.394068466,0.075584523|0.15|0.12927078|0.15|0.15|0.15,0|0|0.0340578734|0.0121510357|0.0237793771|-0.00980453369,-2.45271377e-18|-0.0385456087|4.05944262e-18|-0.0498946578|-0.0284666323|-0.0770706288,1.82542883|1.9223874|0.772701219|0.988401125|1.06957634|1.0093987,0.606572449|-0.150385886|0.592041194,0.0368205495|0.253666043|0.0333999135,0.0072881607338786125,0.0017250794917345047,0.0016072280704975128,0.0021647363901138306
133,6.7,-0.18499142755134934,0.09665309637784958,0.16882666945457458,0.3373869061470032,0.0966358482837677,0.35,2,0,0,0,0,0,0,,,,nan,0,0.5493838787078857,0.9982734322547913,6.796709060668945,0.6343075037002563,1.0,0.18585291384231017,0,1,1,0,0.022987277278139984,0.0,filtered,0.3170556031271099,0,1,12,workspace_x_lower,workspace_x_lower,0,0,1,solved,osqp,0.0,valid,0.18585291384231017,0.456302921|0.48844601|0.185852914|0.254752116|0.268683725|0.271047962,0.606302921|0.63844601|0.335852914|0.404752116|0.418683725|0.421047962,0.576302921|0.60844601|0.305852914|0.374752116|0.388683725|0.391047962,0.0256043497|0.15|0.0750676239|0.15|0.15|0.15,0|0|0.039661309|0.0137188758|0.0264722548|-0.00936533666,5.75706705e-18|-0.0345569363|-4.51849519e-18|-0.0437933544|-0.0331068684|-0.0704206515,1.82521168|1.9192271|0.783072964|0.988933985|1.06810029|1.00440586,0.608413517|-0.137702614|0.593711317,0.0368205495|0.253666043|0.0333999135,0.008022959344089031,0.0019474439322948456,0.001884189434349537,0.0021291812881827354
134,6.75,-0.19621754292845212,0.09529239684343338,0.17116941511631012,0.3393765389919281,0.09529241174459457,0.35,2,0,0,0,0,0,0,,,,nan,0,0.5905597805976868,1.2561322450637817,6.107117652893066,0.660330057144165,1.0,0.1873615836302237,0,1,1,0,0.022987277278139984,0.0,filtered,0.29547918670882983,0,1,12,workspace_x_lower,workspace_x_lower,0,0,1,solved,osqp,1.6193351659588018e-09,valid,0.1873615836302237,0.456252286|0.486710996|0.187361584|0.253321869|0.268249713|0.268524856,0.606252286|0.636710996|0.337361584|0.403321869|0.418249713|0.418524856,0.576252286|0.606710996|0.307361584|0.373321869|0.388249713|0.388524856,0|0.15|0.0192125571|0.15|0.15|0.15,0|0|0.0484924011|0.0159838756|0.028764839|-0.00963668916,0.00213624443|-0.0305787343|-2.60355346e-18|-0.0375422377|-0.0381313811|-0.0633855069,1.82714539|1.91626525|0.797938736|0.991729112|1.06363231|1.00107723,0.610254586|-0.125019342|0.595381439,0.0368205495|0.253666043|0.0333999135,0.008652865886688232,0.002099323086440563,0.002045001834630966,0.002209434285759926
135,6.800000000000001,-0.21192848620671245,0.09328539669513702,0.1743655949831009,0.34241175651550293,0.09328541159629822,0.35,2,0,0,0,0,0,0,,,,nan,0,0.644633412361145,1.7467985153198242,10.772255897521973,0.6973427534103394,1.0,0.1893765408422674,0,1,1,0,0.022987277278139984,0.0,filtered,0.2661152585144764,0,1,12,workspace_x_lower,workspace_x_lower,0,0,1,solved,osqp,3.999694322270875e-09,valid,0.1893765408422674,0.456362128|0.484996498|0.189376541|0.252281521|0.267100854|0.266493037,0.606362128|0.634996498|0.339376541|0.402281521|0.417100854|0.416493037,0.576362128|0.604996498|0.309376541|0.372281521|0.387100854|0.386493037,0|0.15|0|0.15|0.15|0.15,0|0|0.060380605|0.0188230391|0.0304407353|-0.0102713942,0.00651548983|-0.0266151805|0.00529005389|-0.0311168047|-0.0436918459|-0.0559067442,1.831964|1.91337081|0.823176822|0.996832317|1.05515231|0.999794009,0.612095654|-0.112336069|0.597051561,0.0368205495|0.253666043|0.0333999135,0.007890389300882816,0.0018936851993203163,0.001631016843020916,0.0023129191249608994
136,6.8500000000000005,-0.22924437625630037,0.0906108096241951,0.17850424349308014,0.34657976031303406,0.0906107947230339,0.35,2,0,0,0,0,0,0,,,,nan,0,0.7211803197860718,2.025743246078491,7.347337245941162,0.7620513439178467,1.0,0.1924117558041052,0,1,1,0,0.022987277278139984,0.0,filtered,0.24655524230707618,0,1,12,workspace_x_lower,workspace_x_lower,0,0,1,solved,osqp,7.178892660886227e-09,valid,0.1924117558041052,0.456647094|0.483205962|0.192411756|0.251660538|0.265150157|0.264979365,0.606647094|0.633205962|0.342411756|0.401660538|0.415150157|0.414979365,0.576647094|0.603205962|0.312411756|0.371660538|0.385150157|0.384979365,0|0.15|0|0.15|0.15|0.15,0|0|0.0718807265|0.0216937173|0.0330647556|-0.0106942525,0.0108905079|-0.0226791896|0.0135249539|-0.024475609|-0.0436397928|-0.0478627786,1.83747888|1.91014466|0.855052704|1.00386026|1.05002559|1.00136043,0.613936722|-0.099652797|0.598721683,0.0368205495|0.253666043|0.0333999135,0.005439159460365772,0.0012986445799469948,0.0011140843853354454,0.0016216039657592773
137,6.9,-0.24743999145107895,0.08730538189411163,0.18362458050251007,0.35193920135498047,0.08730537444353104,0.35,2,0,0,0,0,0,0,,,,nan,0,0.8075545430183411,2.307748317718506,11.834711074829102,0.8378593325614929,1.0,0.19657973532771333,0,1,1,0,0.022987277278139984,0.0,filtered,0.22395973635416186,0,1,12,workspace_x_lower,workspace_x_lower,0,0,1,solved,osqp,1.2540964666046817e-08,valid,0.19657973532771333,0.45710109|0.481269077|0.196579735|0.251428516|0.26343019|0.26408201,0.60710109|0.631269077|0.346579735|0.401428516|0.41343019|0.41408201,0.57710109|0.601269077|0.316579735|0.371428516|0.38343019|0.38408201,0|0.15|0|0.15|0.15|0.15,0|0|0.0836426532|0.0241957087|0.0355749964|-0.0121102331,0.0152590292|-0.0187676369|0.0220332001|-0.0176666351|-0.0356816324|-0.0392211184,1.84366339|1.90630867|0.891994795|1.01224314|1.05361412|1.00499669,0.615777791|-0.0869695246|0.600391805,0.0368205495|0.253666043|0.0333999135,0.008069251663982868,0.0018978510051965714,0.001859387382864952,0.0022623054683208466
138,6.95,-0.26331614537560644,0.08348044008016586,0.1895921379327774,0.3584553003311157,0.08348044753074646,0.35,2,0,0,0,0,0,0,,,,nan,0,0.8830532431602478,2.300682544708252,12.679784774780273,0.9067792296409607,1.0,0.20193918384797693,0,1,1,0,0.022987277278139984,0.0,filtered,0.20721353719730595,0,1,12,workspace_x_lower,workspace_x_lower,0,0,1,solved,osqp,1.8861672213682512e-08,valid,0.20193918384797693,0.457716941|0.479109695|0.201939184|0.251585152|0.262147934|0.26377953,0.607716941|0.629109695|0.351939184|0.401585152|0.412147934|0.41377953,0.577716941|0.599109695|0.321939184|0.371585152|0.382147934|0.38377953,0|0.15|0|0.15|0.15|0.15,0|0|0.0931747907|0.0266357744|0.0353822231|-0.0143954421,0.0196193617|-0.0148683394|0.0307633871|-0.0106772568|-0.0271967669|-0.0299985994,1.85048712|1.90157044|0.931694913|1.02229913|1.05677719|1.01072408,0.617618859|-0.0742862523|0.602061927,0.0368205495|0.253666043|0.0333999135,0.006160524673759937,0.0019495468586683273,0.0011173449456691742,0.0016483841463923454
139,7.0,-0.27140046061316925,0.07938525825738907,0.1959734410047531,0.3658478260040283,0.07938525825738907,0.35,2,0,0,0,0,0,0,,,,nan,0,0.9387304186820984,1.8454480171203613,17.654104232788086,0.9525611996650696,1.0,0.20845530659939882,0,1,1,0,0.022987277278139984,0.0,filtered,0.16352360129107255,0,1,12,workspace_x_lower,workspace_x_lower,0,0,1,solved,osqp,2.419080025184428e-08,valid,0.20845530659939882,0.458495961|0.476701886|0.208455307|0.252275441|0.261272913|0.263968952,0.608495961|0.626701886|0.358455307|0.402275441|0.411272913|0.413968952,0.578495961|0.596701886|0.328455307|0.372275441|0.381272913|0.383968952,0|0.15|0|0.15|0.15|0.15,0|0|0.104356385|0.0296228834|0.0292724181|-0.0232164294,0.0239702136|-0.0109516865|0.0395825207|-0.00258159107|-0.0182566413|-0.0203108726,1.85795406|1.89585586|0.977760132|1.03614306|1.05610743|1.0123485,0.619459927|-0.0616029762|0.603732049,0.0368205495|0.253666043|0.0333999135,0.008046821691095829,0.0019229454919695854,0.0017082812264561653,0.002371910959482193
140,7.050000000000001,-0.26650330943266953,0.075445257127285,0.2020397037267685,0.3734176754951477,0.0754452496767044,0.35,2,0,0,0,0,0,0,,,,nan,0,0.940390408039093,1.500798225402832,27.870758056640625,0.9487586617469788,1.0,0.215847815754881,0,1,1,0,0.022987277278139984,0.0,filtered,0.1282729123831185,0,1,12,workspace_x_lower,workspace_x_lower,0,0,1,solved,osqp,1.2166124553972257e-08,valid,0.215847815754881,0.459452313|0.474208774|0.215847816|0.253605233|0.260560557|0.26400399,0.609452313|0.624208774|0.365847816|0.403605233|0.410560557|0.41400399,0.579452313|0.594208774|0.335847816|0.373605233|0.380560557|0.38400399,0|0.15|0|0.105068581|0.15|0.15,0|0|0.110394137|0.0262647312|0.0143744136|-0.0391103979,0.0283098289|-0.0069444274|0.0482566667|-4.47649468e-21|-0.00905180949|-0.0128298453,1.86611908|1.88989067|1.02204207|1.04068566|1.04756483|1.00407572,0.621300995|-0.0489196591|0.605402172,0.0368205495|0.253666043|0.0333999135,0.00790947861969471,0.0018273042514920235,0.0019201356917619705,0.0020993128418922424
141,7.1000000000000005,-0.26346692169543995,0.08004848659038544,0.20741596817970276,0.38064855337142944,0.07949579507112503,0.35,2,0,0,0,0,0,0,,,,nan,0,0.9052114486694336,2.4554169178009033,28.373672485351562,0.9100561738014221,1.0,0.22341763674665072,0,1,1,0,0.022987277278139984,0.0,filtered,0.09707061167434916,0,1,12,workspace_x_lower,workspace_x_lower,0,0,1,solved,osqp,3.075589878262508e-10,valid,0.22341763674665072,0.460617995|0.471874691|0.223417637|0.255053589|0.2596979|0.262580737,0.610617995|0.621874691|0.373417637|0.405053589|0.4096979|0.412580737,0.580617995|0.591874691|0.343417637|0.375053589|0.3796979|0.382580737,0|0.15|0|0.0406501186|0.149193636|0.15,0|0|0.109378644|0.0165492186|-0.00840411084|-0.0567540281,0.0326343187|-0.00278800377|0.0565098194|-2.73251505e-18|-1.59332481e-18|-0.00756193327,1.8751063|1.88471076|1.05955901|1.03676357|1.03038749|0.986006985,0.623142064|-0.036236342|0.607072294,0.0368205495|0.253666043|0.0333999135,0.008106491528451443,0.0018785670399665833,0.0018380507826805115,0.002332942560315132
142,7.15,-0.26149725059253504,0.08132734894752502,0.21237803995609283,0.38782864809036255,0.08106377720832825,0.35,2,0,0,0,0,0,0,,,,nan,0,0.8555117845535278,2.537214994430542,26.678937911987305,0.8582854270935059,1.0,0.23064856070105155,0,1,1,0,0.022987277278139984,0.0,filtered,0.07301659018619179,0,1,12,workspace_x_lower,workspace_x_lower,0,0,1,solved,osqp,2.2676790770691235e-09,valid,0.23064856070105155,0.462009045|0.469756703|0.230648561|0.256396602|0.258140974|0.259852458,0.612009045|0.619756703|0.380648561|0.406396602|0.408140974|0.409852458,0.582009045|0.589756703|0.350648561|0.376396602|0.378140974|0.379852458,0|0.131411549|0|0|0.0777073458|0.15,0|0|0.0886712014|0.0100916664|-0.019892946|-0.0552314877,0.0369390577|-5.00426321e-18|0.0642804691|0.00275575703|-4.31770537e-18|-0.00190353939,1.88497524|1.87902681|1.07554591|1.03843383|1.01267095|0.982274805,0.624983132|-0.0235530399|0.608742416,0.0368205495|0.253666043|0.0333999135,0.007650107145309448,0.0016144895926117897,0.0016185343265533447,0.0023883674293756485
143,7.2,-0.2582847490113437,0.07659310102462769,0.21720071136951447,0.39552026987075806,0.07650625705718994,0.35,2,0,0,0,0,0,0,,,,nan,0,0.7832813262939453,2.304917573928833,49.74320983886719,0.7858572602272034,1.0,0.23782861408915157,0,1,1,0,0.022987277278139984,0.0,filtered,0.06820992290562904,0,1,12,workspace_x_lower,workspace_x_lower,0,0,1,solved,osqp,1.9430704174556307e-08,valid,0.23782861408915157,0.463631146|0.467535439|0.237828614|0.257859064|0.256317127|0.256979076,0.613631146|0.617535439|0.387828614|0.407859064|0.406317127|0.406979076,0.583631146|0.587535439|0.357828614|0.377859064|0.376317127|0.376979076,0|0.0779169661|0|0|0.00784246739|0.113650637,0|0|0.0513720593|0.0142504832|-0.00365641273|-0.0318167099,0.041219453|-2.01979845e-18|0.0716326504|0.0104248486|3.00299774e-18|-5.72007388e-18,1.89574404|1.87014176|1.07431917|1.05611159|1.0216121|0.996099596,0.6268242|-0.0108697405|0.610412538,0.0368205495|0.253666043|0.0333999135,0.007881933823227882,0.001804041676223278,0.0017388146370649338,0.002101639285683632
144,7.25,-0.26233877078484624,0.06597527116537094,0.2225433588027954,0.40403199195861816,0.06597527861595154,0.35,5,0,0,0,0,0,0,,,,nan,0,0.7595065236091614,3.3834192752838135,60.24461364746094,0.7614458203315735,1.0,0.24552024911041603,0,1,1,0,0.022987277278139984,0.0,filtered,0.05899186779054987,0,1,12,workspace_x_lower,workspace_x_lower,0,0,1,solved,osqp,4.442737080870632e-08,valid,0.24552024911041603,0.465500489|0.46520483|0.245520249|0.25963804|0.255620695|0.254837646,0.615500489|0.61520483|0.395520249|0.40963804|0.405620695|0.404837646,0.585500489|0.58520483|0.365520249|0.37963804|0.375620695|0.374837646,0|0.0252356806|0|0|0|0.0611649945,0|0|0.0119544889|0.0272962212|0.0398182236|0.00429110228,0.0454691758|-7.76932906e-18|0.0785467314|0.0179531837|0.00762301323|-9.52625861e-19,1.90747113|1.86081932|1.07258222|1.08380156|1.06992402|1.02364169,0.628665268|0.00181356398|0.61208266,0.0368205495|0.253666043|0.0333999135,0.005989279597997665,0.0019228775054216385,0.001116226427257061,0.001621427945792675
145,7.300000000000001,-0.27394318454669564,0.06169614940881729,0.2284742146730423,0.40434950590133667,0.06169614940881729,0.35,5,0,0,0,0,0,0,,,,nan,0,0.8119930624961853,3.3025686740875244,34.6704216003418,0.8197253346443176,1.0,0.2540319932691053,0,1,1,0,0.022987277278139984,0.0,filtered,0.11679233910535658,0,0,12,,workspace_x_lower,0,0,1,solved,osqp,1.0000528721104684e-07,valid,0.2540319932691053,0.467603969|0.462711149|0.25448897|0.261876271|0.257277205|0.254031993,0.617603969|0.612711149|0.40448897|0.411876271|0.407277205|0.404031993,0.587603969|0.582711149|0.37448897|0.381876271|0.377277205|0.374031993,0|0|0|0|0|0,0|0|-0.007533336|0.039619657|0.0711939234|0.0240577607,0.0496851141|0.00205607628|0.0850859878|0.0255082645|0.0162269268|0.00115952437,1.92010099|1.85290067|1.09550853|1.11263301|1.11652967|1.04134526,0.630506337|0.0144968694|0.613752782,0.0368205495|0.253666043|0.0333999135,0.008017530664801598,0.0018980316817760468,0.0018990496173501015,0.0023537911474704742
146,7.3500000000000005,-0.2920558766277111,0.061332255601882935,0.23510897159576416,0.4052870273590088,0.061332251876592636,0.35,5,0,0,0,0,0,0,,,,nan,0,0.8990092873573303,2.730456590652466,39.83302688598633,0.9141261577606201,1.0,0.2543495166765256,0,1,1,0,0.022987277278139984,0.0,filtered,0.1701282394176757,0,1,12,workspace_x_lower,workspace_x_lower,0,0,1,solved,osqp,7.809031199457195e-14,valid,0.2543495166765256,0.469923296|0.460264149|0.264591859|0.264746688|0.260609941|0.254349517,0.619923296|0.610264149|0.414591859|0.414746688|0.410609941|0.404349517,0.589923296|0.580264149|0.384591859|0.384746688|0.380609941|0.374349517,0|0|0|0|0|0,0|0|-0.0151173949|0.0451506283|0.0835932624|0.0291351358,0.0538659247|0.00605241847|0.091261802|0.0330571611|0.0248164795|0.0103385881,1.93355911|1.84710902|1.13451184|1.13719454|1.15084951|1.05687179,0.632347405|0.0271801651|0.615422904,0.0368205495|0.253666043|0.0333999135,0.00825526937842369,0.001925349235534668,0.0018534157425165176,0.0023382436484098434
147,7.4,-0.30516012461856007,0.0608949288725853,0.2421417236328125,0.40642350912094116,0.060894925147295,0.35,5,0,0,0,0,0,0,,,,nan,0,0.9299466609954834,2.0259082317352295,72.27770233154297,0.9491056203842163,1.0,0.2552870152608523,0,1,1,0,0.022987277278139984,0.0,filtered,0.194737616747107,0,1,12,workspace_x_lower,workspace_x_lower,0,0,1,solved,osqp,0.0,valid,0.2552870152608523,0.472430611|0.457754921|0.275493135|0.268078397|0.264741882|0.255287015,0.622430611|0.607754921|0.425493135|0.418078397|0.414741882|0.405287015,0.592430611|0.577754921|0.395493135|0.388078397|0.384741882|0.375287015,0|0|0|0|0|0,0|0|-0.0184795239|0.043082956|0.0723853251|0.0205116604,0.0580132757|0.0100200759|0.0971703949|0.0406171101|0.0334872189|0.0198231452,1.94773572|1.84103976|1.18066341|1.15601366|1.16484007|1.06148287,0.634188473|0.0398634747|0.617093027,0.0368205495|0.253666043|0.0333999135,0.008156810887157917,0.00183158740401268,0.001913486048579216,0.0023568058386445045
148,7.45,-0.3044391697314195,0.060460321605205536,0.24874016642570496,0.4075636863708496,0.06046031415462494,0.35,5,0,0,0,0,0,0,,,,nan,0,0.8853144645690918,3.825620174407959,58.70163345336914,0.8945828676223755,1.0,0.25642351370317495,0,1,1,0,0.022987277278139984,0.0,filtered,0.13402990719090277,0,1,12,workspace_x_lower,workspace_x_lower,0,0,1,solved,osqp,5.643216929775846e-08,valid,0.25642351370317495,0.475112849|0.455123452|0.286750689|0.271839448|0.268871381|0.256423514,0.625112849|0.605123452|0.436750689|0.421839448|0.418871381|0.406423514,0.595112849|0.575123452|0.406750689|0.391839448|0.388871381|0.376423514,0|0|0|0|0|0,0|0|-0.0151444119|0.0379651656|0.0446763696|0.00268369888,0.0621280066|0.0139971884|0.102873867|0.048134903|0.0422446669|0.0295465473,1.9625794|1.834491|1.23473221|1.17345786|1.16240656|1.0579243,0.636029541|0.0525467917|0.618763149,0.0368205495|0.253666043|0.0333999135,0.00798130128532648,0.0017044981941580772,0.0018466077744960785,0.0023680729791522026
149,7.5,-0.29209100084536666,0.060040637850761414,0.2543407380580902,0.40867501497268677,0.060040660202503204,0.35,5,0,0,0,0,0,0,,,,nan,0,0.8111522793769836,4.314686298370361,38.746639251708984,0.8114855289459229,1.0,0.257563674401765,0,1,1,0,0.022987277278139984,0.0,filtered,0.029850140609785265,0,1,12,workspace_x_lower,workspace_x_lower,0,0,1,solved,osqp,1.1576049805360478e-08,valid,0.257563674401765,0.477994125|0.452706021|0.297779799|0.276200376|0.272445145|0.257563674,0.627994125|0.602706021|0.447779799|0.426200376|0.422445145|0.407563674,0.597994125|0.572706021|0.417779799|0.396200376|0.392445145|0.377563674,0|0|0|0|0|0,0|0|-0.0188941735|0.0239203178|0.0144399805|-0.013635184,0.0662039707|0.0180390196|0.108276269|0.0553453322|0.0508625979|0.0391432989,1.97818047|1.8288631|1.28050129|1.18406715|1.15508316|1.05576281,0.63787061|0.0652301013|0.620433271,0.0368205495|0.253666043|0.0333999135,0.0053709326311945915,0.0012136893346905708,0.0012110024690628052,0.00159511249512434
150,7.550000000000001,-0.2911990292549902,0.05906343460083008,0.2596963047981262,0.41130346059799194,0.059063442051410675,0.35,5,0,0,0,0,0,0,,,,nan,0,0.7495757937431335,2.9172792434692383,88.16805267333984,0.7496806383132935,1.0,0.25867506034038545,0,1,1,0,0.022987277278139984,0.0,filtered,0.020001094082980175,0,1,12,workspace_x_lower,workspace_x_lower,0,0,1,solved,osqp,0.0,valid,0.25867506034038545,0.481101453|0.450699038|0.307881924|0.280522558|0.275383042|0.25867506,0.631101453|0.600699038|0.457881924|0.430522558|0.425383042|0.40867506,0.601101453|0.570699038|0.427881924|0.400522558|0.395383042|0.37867506,0|0|0|0|0|0,0|0|-0.0537690993|0.0194869965|0.0314144125|0.0131863791,0.0702323365|0.0220546134|0.113421713|0.0622128437|0.0591432291|0.0483113728,1.99463815|1.82485076|1.29118031|1.20379007|1.19208981|1.09619799,0.639711678|0.0779133737|0.622103393,0.0368205495|0.253666043|0.0333999135,0.0053355395793914795,0.0012302231043577194,0.0012401705607771873,0.0016414020210504532
151,7.6000000000000005,-0.30504780952955146,0.05735353007912636,0.26555365324020386,0.4160459041595459,0.05735352635383606,0.35,5,0,0,0,0,0,0,,,,nan,0,0.728800356388092,3.499317169189453,69.13861083984375,0.7306798696517944,1.0,0.26130350110885225,0,1,1,0,0.022987277278139984,0.0,filtered,0.05864539259041135,0,1,12,workspace_x_lower,workspace_x_lower,0,0,1,solved,osqp,4.5088366660943346e-08,valid,0.26130350110885225,0.484449672|0.448819687|0.317924348|0.284545173|0.279713749|0.261303501,0.634449672|0.598819687|0.467924348|0.434545173|0.429713749|0.411303501,0.604449672|0.568819687|0.437924348|0.404545173|0.399713749|0.381303501,0|0|0|0|0|0,0|0|-0.0857567541|0.0297526716|0.0707586814|0.0532745411,0.0742051117|0.0256598965|0.118386628|0.0691086947|0.0669873641|0.0571026766,2.0120038|1.82093864|1.30432727|1.23704206|1.25660104|1.15559122,0.641552746|0.0905966461|0.623773515,0.0368205495|0.253666043|0.0333999135,0.005035012029111385,0.001034722663462162,0.0011203894391655922,0.0015668496489524841
152,7.65,-0.30405805464985436,0.05532720312476158,0.2710946202278137,0.4219198226928711,0.055327221751213074,0.35,5,0,0,0,0,0,0,,,,nan,0,0.704586923122406,4.482030391693115,66.47190856933594,0.7105259299278259,1.0,0.2660458967857118,0,1,1,0,0.022987277278139984,0.0,filtered,0.09791509809042978,0,0,12,,workspace_x_lower,0,0,1,solved,osqp,1.5425251955001468e-07,valid,0.2660458967857118,0.488024327|0.446868352|0.328869135|0.28892332|0.286266315|0.266045897,0.638024327|0.596868352|0.478869135|0.43892332|0.436266315|0.416045897,0.608024327|0.566868352|0.448869135|0.40892332|0.406266315|0.386045897,0|0|0|0|0|0,0|0|-0.0788110831|0.0431350136|0.0862900036|0.0661300467,0.0781214196|0.0288261682|0.123106377|0.0761029852|0.0744430958|0.0656821119,2.03021873|1.81629958|1.35977183|1.27493128|1.30579836|1.19599575,0.643393815|0.103279918|0.625443637,0.0368205495|0.253666043|0.0333999135,0.005142640322446823,0.0011302437633275986,0.0011244667693972588,0.0015435153618454933
153,7.7,-0.30189643176912,0.05337931588292122,0.27636897563934326,0.427851140499115,0.05337931960821152,0.35,5,0,0,0,0,0,0,,,,nan,0,0.7240720987319946,2.8619871139526367,57.88031768798828,0.7495606541633606,1.0,0.27191986964993486,0,1,1,0,0.022987277278139984,0.0,filtered,0.20001098739159012,0,0,12,,workspace_x_lower,0,0,1,solved,osqp,9.934913757746189e-07,valid,0.27191986964993486,0.491842611|0.445523596|0.340157336|0.294349074|0.293841768|0.27191987,0.641842611|0.595523596|0.490157336|0.444349074|0.443841768|0.42191987,0.611842611|0.565523596|0.460157336|0.414349074|0.413841768|0.39191987,0|0|0|0|0|0,0|0|-0.0647524567|0.0445532425|0.0782690337|0.0558484592,0.0819717041|0.031933518|0.127362148|0.0826371828|0.0813182062|0.0737716711,2.04934215|1.8140279|1.42323904|1.30458672|1.33495431|1.21729961,0.645234883|0.115963191|0.62711376,0.0368205495|0.253666043|0.0333999135,0.008000670932233334,0.0017618555575609207,0.001950874924659729,0.00241803377866745
154,7.75,-0.30161995790997054,0.051575738936662674,0.28144150972366333,0.43361735343933105,0.051575735211372375,0.35,5,0,0,0,0,0,0,,,,nan,0,0.7308982610702515,1.7887388467788696,36.653324127197266,0.7742352485656738,1.0,0.27785117077109034,0,1,1,0,0.022987277278139984,0.0,filtered,0.26152305727702196,0,1,12,workspace_x_lower,workspace_x_lower,0,0,1,solved,osqp,7.362681297973239e-11,valid,0.27785117077109034,0.495870577|0.444677716|0.351258455|0.30029266|0.301286104|0.277851171,0.645870577|0.594677716|0.501258455|0.45029266|0.451286104|0.427851171,0.615870577|0.564677716|0.471258455|0.42029266|0.421286104|0.397851171,0|0|0|0|0|0,0|0|-0.0537673443|0.0410143494|0.062530575|0.0403164881,0.0857618662|0.0351150899|0.13130983|0.0887570603|0.0879103494|0.0816222,2.06924417|1.81382596|1.48257631|1.33094205|1.35558534|1.23334337,0.647075951|0.128646463|0.628783882,0.0368205495|0.253666043|0.0333999135,0.005432382225990295,0.0011327825486660004,0.0011129966005682945,0.0019132653251290321
155,7.800000000000001,-0.29865310847118764,0.049801088869571686,0.28611844778060913,0.4395750164985657,0.04980110004544258,0.35,5,0,0,0,0,0,0,,,,nan,0,0.6619471907615662,3.065293312072754,79.93981170654297,0.6956763863563538,1.0,0.283617367614057,0,1,1,0,0.022987277278139984,0.0,filtered,0.22004827072202088,0,1,12,workspace_x_lower,workspace_x_lower,0,0,1,solved,osqp,1.4175770973734458e-10,valid,0.283617367614057,0.500090035|0.444207684|0.362067734|0.306529713|0.308301616|0.283617368,0.650090035|0.594207684|0.512067734|0.456529713|0.458301616|0.433617368,0.620090035|0.564207684|0.482067734|0.426529713|0.428301616|0.403617368,0|0|0|0|0|0,0|0|-0.0504143137|0.0389071164|0.0484489651|0.0315709937,0.0894949097|0.0383613566|0.135048349|0.0945369991|0.0943730641|0.0893295823,2.08985505|1.81519209|1.53290497|1.35956297|1.37602849|1.25537005,0.648917019|0.141329736|0.630454004,0.0368205495|0.253666043|0.0333999135,0.007586563937366009,0.0017406325787305832,0.0016801031306385994,0.00235753133893013
156,7.8500000000000005,-0.29675618959023164,0.04795628786087036,0.2905138432979584,0.4460987448692322,0.04795628413558006,0.35,5,0,0,0,0,0,0,,,,nan,0,0.5965585112571716,2.9769046306610107,33.2347297668457,0.6156010627746582,1.0,0.2895750500154045,0,1,1,0,0.022987277278139984,0.0,filtered,0.1577919728941715,0,1,12,workspace_x_lower,workspace_x_lower,0,0,1,solved,osqp,1.6455454490346688e-10,valid,0.2895750500154045,0.504500119|0.444004453|0.372765153|0.313220559|0.315147996|0.28957505,0.654500119|0.594004453|0.522765153|0.463220559|0.465147996|0.43957505,0.624500119|0.564004453|0.492765153|0.433220559|0.435147996|0.40957505,0|0|0|0|0|0,0|0|-0.0596734296|0.0351585927|0.0449395738|0.0346163345,0.0931688103|0.0415767238|0.138606013|0.0999754305|0.100637829|0.0966858153,2.11116929|1.81759454|1.5699932|1.38801626|1.40616939|1.28960235,0.650758088|0.154013008|0.632124126,0.0368205495|0.253666043|0.0333999135,0.005229807458817959,0.0011374196037650108,0.0011680033057928085,0.0015897303819656372
157,7.9,-0.2929692139002811,0.04604620859026909,0.2945549786090851,0.45324909687042236,0.04604620859026909,0.35,5,0,0,0,0,0,0,,,,nan,0,0.5721460580825806,2.563783884048462,96.29316711425781,0.5900316834449768,1.0,0.2960987474636778,0,1,1,0,0.022987277278139984,0.0,filtered,0.14969106513354313,0,1,12,workspace_x_lower,workspace_x_lower,0,0,1,solved,osqp,2.6498344664338536e-10,valid,0.2960987474636778,0.509102179|0.443796389|0.38341295|0.320015466|0.322314085|0.296098747,0.659102179|0.593796389|0.53341295|0.470015466|0.472314085|0.446098747,0.629102179|0.563796389|0.50341295|0.440015466|0.442314085|0.416098747,0|0|0|0|0|0,0|0|-0.0608064461|0.0313503725|0.0494712224|0.0421662053,0.0967806539|0.0445910723|0.142078663|0.105302698|0.106633635|0.103633315,2.13318937|1.81977663|1.61492402|1.41671493|1.4453612|1.33019451,0.652599156|0.16669628|0.633794248,0.0368205495|0.253666043|0.0333999135,0.00788918137550354,0.0016670282930135727,0.0017866259440779686,0.002418060787022114
158,7.95,-0.2821370332114032,0.04422120004892349,0.29787126183509827,0.46050357818603516,0.04422120004892349,0.35,5,0,0,0,0,0,0,,,,nan,0,0.5833950638771057,2.7715659141540527,29.721914291381836,0.6080257892608643,1.0,0.303249131821804,0,1,1,0,0.022987277278139984,0.0,filtered,0.17641884717907516,0,1,12,workspace_x_lower,workspace_x_lower,0,0,1,solved,osqp,6.183435777296076e-10,valid,0.303249131821804,0.513915046|0.443864509|0.393779659|0.326686725|0.330008203|0.303249132,0.663915046|0.593864509|0.543779659|0.476686725|0.480008203|0.453249132,0.633915046|0.563864509|0.513779659|0.446686725|0.450008203|0.423249132,0|0|0|0|0|0,0|0|-0.0446632186|0.027042528|0.0431348197|0.0367186905,0.100319966|0.0474709508|0.145438273|0.110528743|0.112192564|0.11015959,2.15598015|1.82292899|1.67589369|1.44431817|1.4753602|1.35987481,0.654440224|0.179379553|0.63546437,0.0368205495|0.253666043|0.0333999135,0.007373034954071045,0.0016395105049014091,0.00170877855271101,0.002216404303908348
159,8.0,-0.2651111923831372,0.04258359223604202,0.30019715428352356,0.46740883588790894,0.04258359596133232,0.35,5,0,0,0,0,0,0,,,,nan,0,0.5033360719680786,2.0612452030181885,72.2381820678711,0.5434504151344299,1.0,0.31050357628696323,0,1,1,0,0.022987277278139984,0.0,filtered,0.20955908429888329,0,1,12,workspace_x_lower,workspace_x_lower,0,0,1,solved,osqp,1.2648417348215535e-09,valid,0.31050357628696323,0.518938672|0.444668984|0.403609598|0.333406392|0.337657879|0.310503576,0.668938672|0.594668984|0.553609598|0.483406392|0.487657879|0.460503576,0.638938672|0.564668984|0.523609598|0.453406392|0.457657879|0.430503576,0|0|0|0|0|0,0|0|-0.0270045102|0.0194892102|0.0255533023|0.0208348496,0.103782786|0.0504449729|0.148616009|0.115412592|0.117318208|0.116238033,2.17953747|1.82912091|1.73604989|1.46852737|1.49350303|1.37908719,0.656281292|0.192062825|0.637134492,0.0368205495|0.253666043|0.0333999135,0.00786809902638197,0.0018589729443192482,0.0018815360963344574,0.0023011723533272743
160,8.05,-0.25369147518795165,0.041095517575740814,0.30184218287467957,0.4740479588508606,0.041095513850450516,0.35,5,0,0,0,0,0,0,,,,nan,0,0.4219476580619812,2.7713465690612793,37.270145416259766,0.4721023440361023,1.0,0.31740886696074333,0,1,1,0,0.022987277278139984,0.0,filtered,0.21578429931287846,0,1,12,workspace_x_lower,workspace_x_lower,0,0,1,solved,osqp,1.6434594288759763e-09,valid,0.31740886696074333,0.52415672|0.446231846|0.41279768|0.340171138|0.344763114|0.317408867,0.67415672|0.596231846|0.56279768|0.490171138|0.494763114|0.467408867,0.64415672|0.566231846|0.53279768|0.460171138|0.464763114|0.437408867,0|0|0|0|0|0,0|0|-0.0221680408|0.0107197071|0.0112651451|0.00896739283,0.107172571|0.0535617644|0.151657019|0.119912197|0.122125716|0.121830492,2.20379945|1.83848915|1.7806797|1.49131646|1.51244332|1.40043335,0.658122361|0.204746097|0.638804615,0.0368205495|0.253666043|0.0333999135,0.0081188278272748,0.002042096108198166,0.0018232017755508423,0.0020577087998390198
161,8.1,-0.23503691304389576,0.03978623449802399,0.30248498916625977,0.48020946979522705,0.03978623449802399,0.35,5,0,0,0,0,0,0,,,,nan,0,0.3859315514564514,2.6188316345214844,17.65826988220215,0.41604092717170715,1.0,0.32404794966152684,0,1,1,0,0.022987277278139984,0.0,filtered,0.15880166529908407,0,1,12,workspace_x_lower,workspace_x_lower,0,0,1,solved,osqp,1.2266498121069058e-09,valid,0.32404794966152684,0.529550309|0.448128803|0.421540739|0.346799678|0.351480467|0.32404795,0.679550309|0.598128803|0.571540739|0.496799678|0.501480467|0.47404795,0.649550309|0.568128803|0.541540739|0.466799678|0.471480467|0.44404795,0|0|0|0|0|0,0|0|-0.010863772|-0.000309965653|-0.0054643496|-0.00624474762,0.110495097|0.0566782339|0.154662132|0.12425421|0.126740619|0.127073215,2.22869633|1.84919345|1.82996132|1.51114295|1.52719814|1.41702027,0.659963429|0.21742937|0.640474737,0.0368205495|0.253666043|0.0333999135,0.008367380127310753,0.002012268640100956,0.0019286787137389183,0.0023823007941246033
162,8.15,-0.20613771143393136,0.038640256971120834,0.30162179470062256,0.4858750104904175,0.038640256971120834,0.35,5,0,0,0,0,0,0,,,,nan,0,0.35052087903022766,3.291718006134033,35.76383972167969,0.3695371747016907,1.0,0.3302094611629177,0,1,1,0,0.022987277278139984,0.0,filtered,0.11984851772891825,0,1,12,workspace_x_lower,workspace_x_lower,0,0,1,solved,osqp,7.694745127531655e-10,valid,0.3302094611629177,0.53512557|0.450610237|0.429599697|0.353166589|0.357650551|0.330209461,0.68512557|0.600610237|0.579599697|0.503166589|0.507650551|0.480209461,0.65512557|0.570610237|0.549599697|0.473166589|0.477650551|0.450209461,0|0|0|0|0|0,0|0|0.0115129685|-0.00988047994|-0.0210467087|-0.0215268922,0.113745226|0.0598695069|0.157631909|0.1284026|0.131088892|0.131910194,2.25424751|1.86231046|1.88754367|1.53118848|1.54064439|1.43122115,0.661804497|0.230112642|0.642144859,0.0368205495|0.253666043|0.0333999135,0.00790608674287796,0.0019777053967118263,0.0016438048332929611,0.002181166782975197
163,8.200000000000001,-0.18142000070850173,0.03758389130234718,0.2995719313621521,0.4913455843925476,0.03758389130234718,0.35,5,0,0,0,0,0,0,,,,nan,0,0.315744549036026,3.5312397480010986,33.31565856933594,0.34144657850265503,1.0,0.33587500379749236,0,1,1,0,0.022987277278139984,0.0,filtered,0.13231824041037388,0,1,12,workspace_x_lower,workspace_x_lower,0,0,1,solved,osqp,6.143677224942912e-10,valid,0.33587500379749236,0.540896766|0.454103901|0.436852439|0.359392548|0.363297111|0.335875004,0.690896766|0.604103901|0.586852439|0.509392548|0.513297111|0.485875004,0.660896766|0.574103901|0.556852439|0.479392548|0.483297111|0.455875004,0|0|0|0|0|0,0|0|0.0279215904|-0.0174245623|-0.029296685|-0.0290986624,0.116913495|0.0632663087|0.16050542|0.132208813|0.134972382|0.13608982,2.28050056|1.87968191|1.93583677|1.55235444|1.55886414|1.45049117,0.663645566|0.242795914|0.643814981,0.0368205495|0.253666043|0.0333999135,0.00839508417993784,0.0019294153898954391,0.0020256536081433296,0.0024299630895256996
164,8.25,-0.16916302154076476,0.03650939464569092,0.2970624566078186,0.4971783757209778,0.03650938719511032,0.35,5,0,0,0,0,0,0,,,,nan,0,0.339606374502182,3.649610996246338,33.681400299072266,0.379367470741272,1.0,0.34134557311583424,0,1,1,0,0.022987277278139984,0.0,filtered,0.17117235756641414,0,1,12,workspace_x_lower,workspace_x_lower,0,0,1,solved,osqp,5.628999176499061e-10,valid,0.34134557311583424,0.546856589|0.45839293|0.443517082|0.36546016|0.368754524|0.341345573,0.696856589|0.60839293|0.593517082|0.51546016|0.518754524|0.491345573,0.666856589|0.57839293|0.563517082|0.48546016|0.488754524|0.461345573,0|0|0|0|0|0,0|0|0.0269011817|-0.0220664234|-0.0257444273|-0.0229903333,0.120001033|0.0668018442|0.163311912|0.13580422|0.138413975|0.139646142,2.30742739|1.90037356|1.96428142|1.57557843|1.58768764|1.4820381,0.665486634|0.255479187|0.645485103,0.0368205495|0.253666043|0.0333999135,0.008139239624142647,0.0019635548815131187,0.0018831035122275352,0.002158679999411106
165,8.3,-0.16149055016720135,0.035458289086818695,0.29438844323158264,0.5031722784042358,0.035458289086818695,0.35,5,0,0,0,0,0,0,,,,nan,0,0.3746018707752228,2.890312910079956,49.26975631713867,0.4033992886543274,1.0,0.3471783563175055,0,1,1,0,0.022987277278139984,0.0,filtered,0.15171775585741493,0,1,12,workspace_x_lower,workspace_x_lower,0,0,1,solved,osqp,4.577081491596857e-10,valid,0.3471783563175055,0.552987702|0.462817667|0.450033624|0.37131056|0.374599521|0.347178356,0.702987702|0.612817667|0.600033624|0.52131056|0.524599521|0.497178356,0.672987702|0.582817667|0.570033624|0.49131056|0.494599521|0.467178356,0|0|0|0|0|0,0|0|0.0293150389|-0.0218732505|-0.0259982925|-0.0232579389,0.12301468|0.0702773095|0.166129103|0.139473484|0.141520497|0.142751807,2.33496549|1.92154798|1.99557864|1.60284247|1.61392029|1.50820729,0.667327702|0.268162459|0.647155225,0.0368205495|0.253666043|0.0333999135,0.008381650783121586,0.0018169339746236801,0.0020013535395264626,0.002406507730484009
166,8.35,-0.15456825547866657,0.034448329359292984,0.29160183668136597,0.5092280507087708,0.03444834053516388,0.35,5,0,0,0,0,0,0,,,,nan,0,0.4023266136646271,1.468270182609558,38.7739372253418,0.43989449739456177,1.0,0.3531722926320334,0,1,1,0,0.022987277278139984,0.0,filtered,0.1799285649614105,0,1,12,workspace_x_lower,workspace_x_lower,0,0,1,solved,osqp,5.106137318522386e-10,valid,0.3531722926320334,0.559273219|0.46750725|0.45665886|0.377394049|0.380600699|0.353172293,0.709273219|0.61750725|0.60665886|0.527394049|0.530600699|0.503172293,0.679273219|0.58750725|0.57665886|0.497394049|0.500600699|0.473172293,0|0|0|0|0|0,0|0|0.0335813308|-0.0210335336|-0.028124435|-0.0259688733,0.125961444|0.0737546993|0.168848374|0.142987901|0.144475531|0.145586937,2.36305432|1.9437837|2.02906515|1.63153056|1.63875389|1.53230723,0.66916877|0.280845731|0.648825347,0.0368205495|0.253666043|0.0333999135,0.006466689519584179,0.0014882953837513924,0.0012180237099528313,0.0019357837736606598
167,8.4,-0.15244339432232615,0.03346489742398262,0.28893324732780457,0.5154339671134949,0.03346489369869232,0.35,5,0,0,0,0,0,0,,,,nan,0,0.37980273365974426,0.6947117447853088,42.234596252441406,0.42760002613067627,1.0,0.3592281056639798,0,1,1,0,0.022987277278139984,0.0,filtered,0.19852665842520156,0,1,12,workspace_x_lower,workspace_x_lower,0,0,1,solved,osqp,5.098249478835415e-10,valid,0.3592281056639798,0.565707228|0.472540541|0.463404609|0.383788181|0.386651035|0.359228106,0.715707228|0.622540541|0.613404609|0.533788181|0.536651035|0.509228106,0.685707228|0.592540541|0.583404609|0.503788181|0.506651035|0.479228106,0|0|0|0|0|0,0|0|0.0314708043|-0.0221719897|-0.028131485|-0.0254242875,0.12884306|0.0772546109|0.171445294|0.146287462|0.147329132|0.148266807,2.39167197|1.96741678|2.05653453|1.6592682|1.66580179|1.55975494,0.671009839|0.293529004|0.65049547,0.0368205495|0.253666043|0.0333999135,0.005333396606147289,0.001035686582326889,0.0012509990483522415,0.0017546042799949646
168,8.450000000000001,-0.14735166247181047,0.03254038095474243,0.2862075865268707,0.5215760469436646,0.03254038095474243,0.35,5,0,0,0,0,0,0,,,,nan,0,0.3753533959388733,0.660384476184845,9.439214706420898,0.4213823974132538,1.0,0.36543398730479926,0,1,1,0,0.022987277278139984,0.0,filtered,0.19355623855713075,0,1,12,workspace_x_lower,workspace_x_lower,0,0,1,solved,osqp,4.5842409902852044e-10,valid,0.36543398730479926,0.572282381|0.477670566|0.470254083|0.390255074|0.392846623|0.365433987,0.722282381|0.627670566|0.620254083|0.540255074|0.542846623|0.515433987,0.692282381|0.597670566|0.590254083|0.510255074|0.512846623|0.485433987,0|0|0|0|0|0,0|0|0.0319839287|-0.0256891544|-0.03248571|-0.0293313833,0.131662014|0.0807020084|0.173986144|0.149538884|0.150130522|0.150928143,2.42079154|1.99138427|2.0869864|1.68487003|1.6890313|1.58333271,0.672850907|0.306212276|0.652165592,0.0368205495|0.253666043|0.0333999135,0.0065170396119356155,0.0013456624001264572,0.0016788123175501823,0.002124859020113945
169,8.5,-0.14091766236354436,0.03167225047945976,0.283354252576828,0.5276445746421814,0.03167225047945976,0.35,5,0,0,0,0,0,0,,,,nan,0,0.3962141275405884,0.5114496946334839,15.051739692687988,0.4340710937976837,1.0,0.371576061881839,0,1,1,0,0.022987277278139984,0.0,filtered,0.17930936666594777,0,1,12,workspace_x_lower,workspace_x_lower,0,0,1,solved,osqp,3.6576958649392477e-10,valid,0.371576061881839,0.578996897|0.482998909|0.47703674|0.396702156|0.398973636|0.371576062,0.728996897|0.632998909|0.62703674|0.546702156|0.548973636|0.521576062,0.698996897|0.602998909|0.59703674|0.516702156|0.518973636|0.491576062,0|0|0|0|0|0,0|0|0.0334721425|-0.0287081836|-0.0372773203|-0.0337132965,0.134418185|0.0841243425|0.176484518|0.152724895|0.152888536|0.153562011,2.45040577|2.01611998|2.11810362|1.71082534|1.71150576|1.60615296,0.674691975|0.318895549|0.653835714,0.0368205495|0.253666043|0.0333999135,0.006815176457166672,0.001583700068295002,0.001844925805926323,0.0017229756340384483
170,8.55,-0.1355945053479457,0.03085670992732048,0.2804292142391205,0.5336393713951111,0.03085670992732048,0.35,5,0,0,0,0,0,0,,,,nan,0,0.42431116104125977,1.0363256931304932,17.327096939086914,0.45227882266044617,1.0,0.37764460194844507,0,1,1,0,0.022987277278139984,0.0,filtered,0.15858716965138414,0,1,12,workspace_x_lower,workspace_x_lower,0,0,1,solved,osqp,2.577778303314293e-10,valid,0.37764460194844507,0.585848724|0.488563042|0.483761297|0.403185947|0.405019197|0.377644602,0.735848724|0.638563042|0.633761297|0.553185947|0.555019197|0.527644602,0.705848724|0.608563042|0.603761297|0.523185947|0.525019197|0.497644602,0|0|0|0|0|0,0|0|0.0349249712|-0.0306178189|-0.0423983579|-0.0386176395,0.137111705|0.0875290216|0.178930312|0.155813342|0.155589152|0.15612524,2.4805066|2.04178119|2.14890047|1.73793931|1.73326758|1.62808601,0.676533043|0.331578821|0.655505836,0.0368205495|0.253666043|0.0333999135,0.004989403299987316,0.00105343759059906,0.0011812271550297737,0.001490357331931591
171,8.6,-0.13395879929215881,0.03007299266755581,0.2776317596435547,0.5396969318389893,0.03007299080491066,0.35,5,0,0,0,0,0,0,,,,nan,0,0.43365049362182617,0.901118278503418,9.506112098693848,0.4571242034435272,1.0,0.3836393962570893,0,1,1,0,0.022987277278139984,0.0,filtered,0.14661773511836462,0,1,12,workspace_x_lower,workspace_x_lower,0,0,1,solved,osqp,1.6798485345803638e-10,valid,0.3836393962570893,0.592831972|0.494368032|0.490491826|0.409792739|0.41096822|0.383639396,0.742831972|0.644368032|0.640491826|0.559792739|0.56096822|0.533639396,0.712831972|0.614368032|0.610491826|0.529792739|0.53096822|0.503639396,0|0|0|0|0|0,0|0|0.0335941782|-0.0305705561|-0.0446973337|-0.0407017125,0.139744567|0.0909096132|0.18130924|0.15877358|0.158263598|0.158624331,2.51107245|2.06838174|2.17687072|1.76737398|1.75743914|1.6524802,0.678374112|0.344262093|0.657175958,0.0368205495|0.253666043|0.0333999135,0.0050084711983799934,0.0010789930820465088,0.001057892106473446,0.001680651679635048
172,8.65,-0.12847321940441198,0.029337778687477112,0.2747475802898407,0.5456717610359192,0.029337778687477112,0.35,5,0,0,0,0,0,0,,,,nan,0,0.43851736187934875,0.8843264579772949,16.076332092285156,0.4575435221195221,1.0,0.3896969290671165,0,1,1,0,0.022987277278139984,0.0,filtered,0.13256101361255507,0,1,12,workspace_x_lower,workspace_x_lower,0,0,1,solved,osqp,9.700284152314165e-11,valid,0.3896969290671165,0.599939337|0.500303556|0.497378241|0.416593528|0.416953151|0.389696929,0.749939337|0.650303556|0.647378241|0.566593528|0.566953151|0.539696929,0.719939337|0.620303556|0.617378241|0.536593528|0.536953151|0.509696929,0|0|0|0|0|0,0|0|0.038265145|-0.0313638949|-0.050039786|-0.0462692214,0.142319431|0.0942310254|0.183615308|0.161625783|0.160941056|0.161108479,2.54207678|2.09544525|2.21139342|1.796636|1.77871387|1.67362697,0.68021518|0.356945366|0.65884608,0.0368205495|0.253666043|0.0333999135,0.0049875155091285706,0.001107262447476387,0.0011052489280700684,0.0015434585511684418
173,8.700000000000001,-0.11920457429072094,0.028669804334640503,0.2715757191181183,0.5513707995414734,0.028669802471995354,0.35,5,0,0,0,0,0,0,,,,nan,0,0.47030797600746155,1.1024001836776733,10.857834815979004,0.4868757426738739,1.0,0.3956717559984958,0,1,1,0,0.022987277278139984,0.0,filtered,0.12791647116998286,0,1,12,workspace_x_lower,workspace_x_lower,0,0,1,solved,osqp,4.964115750405451e-11,valid,0.3956717559984958,0.607173462|0.506613303|0.504277212|0.423595276|0.422822379|0.395671756,0.757173462|0.656613303|0.654277212|0.573595276|0.572822379|0.545671756,0.727173462|0.626613303|0.624277212|0.543595276|0.542822379|0.515671756,0|0|0|0|0|0,0|0|0.0461528075|-0.0348618174|-0.059950247|-0.0561334766,0.144834469|0.09754809|0.185826838|0.16429516|0.163585315|0.16354623,2.57352832|2.1240013|2.24908849|1.82381445|1.79492459|1.69009978,0.682056248|0.369628638|0.660516202,0.0368205495|0.253666043|0.0333999135,0.004843432456254959,0.001034005545079708,0.0011106189340353012,0.0015083495527505875
174,8.75,-0.10727792309380675,0.02808348648250103,0.2679867744445801,0.5566064119338989,0.02808348275721073,0.35,5,0,0,0,0,0,0,,,,nan,0,0.5123323202133179,1.2712913751602173,9.518823623657227,0.5270699262619019,1.0,0.401370785086932,0,1,1,0,0.022987277278139984,0.0,filtered,0.12584833955214492,0,0,12,,workspace_x_lower,0,0,1,solved,osqp,9.166974328476962e-07,valid,0.401370785086932,0.614534724|0.513428456|0.510986057|0.430686596|0.428364277|0.401370785,0.764534724|0.663428456|0.660986057|0.580686596|0.578364277|0.551370785,0.734534724|0.633428456|0.630986057|0.550686596|0.548364277|0.521370785,0|0|0|0|0|0,0|0|0.056175869|-0.0411559168|-0.0743171898|-0.0701280122,0.147289051|0.100885907|0.187961189|0.166772933|0.166193954|0.165913256,2.60542795|2.15459973|2.28808129|1.8483634|1.80533387|1.70126838,0.683897316|0.38231191|0.662186325,0.0368205495|0.253666043|0.0333999135,0.004987364634871483,0.0011877166107296944,0.0010375715792179108,0.0015060026198625565
175,8.8,-0.09152673822998629,0.02758822962641716,0.2637954652309418,0.5612140893936157,0.02758822962641716,0.35,5,0,0,0,0,0,0,,,,nan,0,0.5613784193992615,1.4351985454559326,9.37136459350586,0.5731532573699951,1.0,0.4066064118389848,0,1,1,0,0.022987277278139984,0.0,filtered,0.11794944327445178,0,0,12,,workspace_x_lower,0,0,1,solved,osqp,4.111492352860957e-07,valid,0.4066064118389848,0.622021832|0.520833133|0.517315952|0.437739154|0.433369843|0.406606412,0.772021832|0.670833133|0.667315952|0.587739154|0.583369843|0.556606412,0.742021832|0.640833133|0.637315952|0.557739154|0.553369843|0.526606412,0|0|0|0|0|0,0|0|0.0702365456|-0.0497544306|-0.0927943046|-0.0879622461,0.149683419|0.104257454|0.190041039|0.169070133|0.168786354|0.168222532,2.63777075|2.18758999|2.32954139|1.87027232|1.80947142|1.70668593,0.685738385|0.394995183|0.663856447,0.0368205495|0.253666043|0.0333999135,0.004748284816741943,0.0010174233466386795,0.001050880178809166,0.0015334198251366615
176,8.85,-0.07493942756139751,0.02718055248260498,0.2589786946773529,0.5651443600654602,0.02718055620789528,0.35,5,0,0,0,0,0,0,,,,nan,0,0.6140660047531128,1.7911349534988403,12.444798469543457,0.6248013973236084,1.0,0.41121411797578944,0,1,1,0,0.022987277278139984,0.0,filtered,0.11826562920967908,0,0,12,,workspace_x_lower,0,0,1,solved,osqp,1.7198947597704684e-07,valid,0.41121411797578944,0.629637158|0.528972491|0.523070989|0.444671202|0.437651245|0.411214118,0.779637158|0.678972491|0.673070989|0.594671202|0.587651245|0.561214118,0.749637158|0.648972491|0.643070989|0.564671202|0.557651245|0.531214118,0|0|0|0|0|0,0|0|0.0870691502|-0.0580606071|-0.113047999|-0.107736823,0.152016371|0.107695736|0.192072271|0.171168624|0.17134554|0.170456181,2.670565|2.2235857|2.37142538|1.89179283|1.80890252|1.70757583,0.687579453|0.407678455|0.665526569,0.0368205495|0.253666043|0.0333999135,0.004704728722572327,0.001014169305562973,0.0010533751919865608,0.001515926793217659
177,8.9,-0.06183196754790316,0.026848219335079193,0.25375550985336304,0.5684463977813721,0.026848221197724342,0.35,5,0,0,0,0,0,0,,,,nan,0,0.6631338000297546,1.4743047952651978,12.128807067871094,0.673957347869873,1.0,0.41514439503400113,0,1,1,0,0.022987277278139984,0.0,filtered,0.12418941151294208,0,0,12,,workspace_x_lower,0,0,1,solved,osqp,6.510711975521444e-07,valid,0.41514439503400113,0.637380114|0.537928843|0.528216293|0.451545164|0.441125646|0.415144395,0.787380114|0.687928843|0.678216293|0.601545164|0.591125646|0.565144395,0.757380114|0.657928843|0.648216293|0.571545164|0.561125646|0.535144395,0|0|0|0|0|0,0|0|0.0989932641|-0.0661022041|-0.132899593|-0.126437503,0.154288235|0.111217513|0.194035799|0.173030021|0.173869982|0.172611151,2.70380869|2.26293288|2.40589423|1.91310847|1.80547297|1.70675123,0.689420521|0.420361727|0.667196691,0.0368205495|0.253666043|0.0333999135,0.004714496433734894,0.001052522100508213,0.001023874618113041,0.001474536955356598
178,8.950000000000001,-0.05573259629553308,0.02657378651201725,0.24849937856197357,0.5712433457374573,0.0265737846493721,0.35,5,0,0,0,0,0,0,,,,nan,0,0.6738170385360718,1.6287747621536255,32.0640869140625,0.689978837966919,1.0,0.41844638086187513,0,1,1,0,0.022987277278139984,0.0,filtered,0.15369495263699423,0,1,12,workspace_x_lower,workspace_x_lower,0,0,1,solved,osqp,1.4678717269456243e-10,valid,0.41844638086187513,0.645243376|0.547459194|0.532828181|0.458349601|0.443831736|0.418446381,0.795243376|0.697459194|0.682828181|0.608349601|0.593831736|0.568446381,0.765243376|0.667459194|0.652828181|0.578349601|0.563831736|0.538446381,0|0|0|0|0|0,0|0|0.101708364|-0.0743958392|-0.149251713|-0.140907857,0.156502267|0.114769344|0.195955556|0.174720682|0.176406081|0.174747088,2.73747577|2.30460612|2.42897664|1.93372325|1.80248131|1.70762475,0.69126159|0.433045|0.668866813,0.0368205495|0.253666043|0.0333999135,0.0047620804980397224,0.0010521067306399345,0.0010005747899413109,0.0015254579484462738
179,9.0,-0.05614109739044153,0.026307981461286545,0.24355918169021606,0.5740159153938293,0.026307981461286545,0.35,5,0,0,0,0,0,0,,,,nan,0,0.6733354926109314,1.070091724395752,22.35637664794922,0.6916607618331909,1.0,0.4212433685788951,0,1,1,0,0.022987277278139984,0.0,filtered,0.16497404714505828,0,1,12,workspace_x_lower,workspace_x_lower,0,0,1,solved,osqp,1.4274309390743811e-09,valid,0.4212433685788951,0.653217699|0.557161893|0.53701837|0.46494557|0.445940724|0.421243369,0.803217699|0.707161893|0.68701837|0.61494557|0.595940724|0.571243369,0.773217699|0.677161893|0.65701837|0.58494557|0.565940724|0.541243369,0|0|0|0|0|0,0|0|0.0982700521|-0.0766656083|-0.155051464|-0.144627508,0.158662325|0.118265582|0.197881038|0.176383|0.178999249|0.176955039,2.77153312|2.34691315|2.44422457|1.95949967|1.80771068|1.717301,0.693102658|0.445728272|0.670536935,0.0368205495|0.253666043|0.0333999135,0.004888814873993397,0.0011255890130996704,0.0010357704013586044,0.0014969687908887863
180,9.05,-0.05982840360058908,0.026039153337478638,0.23908111453056335,0.5768867135047913,0.026039157062768936,0.35,5,0,0,0,0,0,0,,,,nan,0,0.6991828083992004,0.8654506802558899,26.366111755371094,0.710168719291687,1.0,0.4240159027017515,0,1,1,0,0.022987277278139984,0.0,filtered,0.13263814553516357,0,1,12,workspace_x_lower,workspace_x_lower,0,0,1,solved,osqp,6.4233518330680806e-09,valid,0.4240159027017515,0.66129857|0.566787302|0.541190599|0.471566004|0.447968403|0.424015903,0.81129857|0.716787302|0.691190599|0.621566004|0.597968403|0.574015903,0.78129857|0.686787302|0.661190599|0.591566004|0.567968403|0.544015903,0|0|0|0|0|0,0|0|0.0938165691|-0.0770224822|-0.159315273|-0.146866786,0.160770188|0.121653141|0.199781417|0.178038593|0.181590495|0.179187503,2.80596447|2.38880235|2.45836038|1.98728013|1.81414883|1.72838433,0.694943726|0.458411545|0.672207057,0.0368205495|0.253666043|0.0333999135,0.004816845059394836,0.0010298993438482285,0.001049828715622425,0.0015205144882202148
181,9.1,-0.06827820041940896,0.025760140269994736,0.23528367280960083,0.5799408555030823,0.025760138407349586,0.35,5,0,0,0,0,0,0,,,,nan,0,0.7336385846138,1.2457839250564575,10.618009567260742,0.7418321371078491,1.0,0.4268867434935718,0,1,1,0,0.022987277278139984,0.0,filtered,0.11931983572629766,0,1,12,workspace_x_lower,workspace_x_lower,0,0,1,solved,osqp,2.2755223667153546e-08,valid,0.4268867434935718,0.669481492|0.576314234|0.545464628|0.478325181|0.449997148|0.426886743,0.819481492|0.726314234|0.695464628|0.628325181|0.599997148|0.576886743,0.789481492|0.696314234|0.665464628|0.598325181|0.569997148|0.546886743,0|0|0|0|0|0,0|0|0.0862029009|-0.0764540441|-0.16202736|-0.147509769,0.162827565|0.124924831|0.201636587|0.179661066|0.184179|0.181409716,2.84075353|2.43018177|2.469698|2.01650774|1.82214023|1.74144692,0.696784794|0.471094817|0.67387718,0.0368205495|0.253666043|0.0333999135,0.004972594790160656,0.0010905992239713669,0.0010912483558058739,0.0015401523560285568
182,9.15,-0.08111357186180279,0.025468735024333,0.23236432671546936,0.5832157731056213,0.025468735024333,0.35,5,0,0,0,0,0,0,,,,nan,0,0.7698093056678772,1.4377269744873047,15.01658821105957,0.7784809470176697,1.0,0.4299408331315845,0,1,1,0,0.022987277278139984,0.0,filtered,0.126134308795295,0,1,12,workspace_x_lower,workspace_x_lower,0,0,1,solved,osqp,7.283988648354445e-08,valid,0.4299408331315845,0.677759648|0.585647991|0.549942357|0.485245498|0.452104746|0.429940833,0.827759648|0.735647991|0.699942357|0.635245498|0.602104746|0.579940833,0.797759648|0.705647991|0.669942357|0.605245498|0.572104746|0.549940833,0|0|0|0|0|0,0|0|0.079012376|-0.0733597355|-0.16385602|-0.148160817,0.164836933|0.128059013|0.203445982|0.181263771|0.186785097|0.18363688,2.87587552|2.47065098|2.48222779|2.04888603|1.83134806|1.7552394,0.698625863|0.483778089|0.675547302,0.0368205495|0.253666043|0.0333999135,0.004834137856960297,0.001041787676513195,0.0010620420798659325,0.0015010945498943329
183,9.200000000000001,-0.09806641186264146,0.02515692636370659,0.23050130903720856,0.5868218541145325,0.025156930088996887,0.35,5,0,0,0,0,0,0,,,,nan,0,0.7913503646850586,1.349432349205017,9.518568992614746,0.8031917214393616,1.0,0.433215794539782,0,1,1,0,0.022987277278139984,0.0,filtered,0.14846063488523858,0,0,12,,workspace_x_lower,0,0,1,solved,osqp,2.1560230363537602e-07,valid,0.433215794539782,0.686127924|0.594825302|0.554760085|0.492495791|0.454324907|0.433215795,0.836127924|0.744825302|0.704760085|0.642495791|0.604324907|0.583215795,0.806127924|0.714825302|0.674760085|0.612495791|0.574324907|0.553215795,0|0|0|0|0|0,0|0|0.0704498893|-0.06833192|-0.161888346|-0.145982053,0.166800038|0.131066867|0.205171862|0.182787632|0.189415231|0.185877561,2.91131173|2.51036808|2.49466209|2.08443888|1.84482651|1.77275869,0.700466931|0.496461362|0.677217424,0.0368205495|0.253666043|0.0333999135,0.0052186669781804085,0.0011269450187683105,0.0013036876916885376,0.001539730466902256
184,9.25,-0.11686046268514425,0.024812478572130203,0.22974351048469543,0.5909357070922852,0.024812478572130203,0.35,5,0,0,0,0,0,0,,,,nan,0,0.7888388633728027,1.114436388015747,12.417478561401367,0.805850088596344,1.0,0.436821897048579,0,1,1,0,0.022987277278139984,0.0,filtered,0.17641171413868728,0,0,12,,workspace_x_lower,0,0,1,solved,osqp,5.433829229368331e-07,valid,0.436821897048579,0.694582673|0.603810922|0.560043945|0.500127662|0.456808611|0.436821897,0.844582673|0.753810922|0.710043945|0.650127662|0.606808611|0.586821897,0.814582673|0.723810922|0.680043945|0.620127662|0.576808611|0.556821897,0|0|0|0|0|0,0|0|0.0599761314|-0.0617796768|-0.153927989|-0.138607583,0.168718194|0.133944627|0.206800154|0.184236094|0.192049683|0.188131057,2.94704889|2.54918831|2.50695206|2.12296707|1.86535614|1.79681106,0.702307999|0.509144902|0.678887546,0.0368205495|0.253666043|0.0333999135,0.004996366798877716,0.0011113369837403297,0.0010519400238990784,0.001515023410320282
185,9.3,-0.13331572008335685,0.024431951344013214,0.22991430759429932,0.5956506133079529,0.024431951344013214,0.35,5,0,0,0,0,0,0,,,,nan,0,0.7587120532989502,0.9393779635429382,16.100780487060547,0.7821638584136963,1.0,0.44093571627160355,0,1,1,0,0.022987277278139984,0.0,filtered,0.20212491468636087,0,1,12,workspace_x_lower,workspace_x_lower,2,0,0,inaccurate_solution,,0.0,valid,0.44093571627160355,0.703121491|0.612550898|0.56590599|0.507900539|0.459800519|0.440935716,0.853121491|0.762550898|0.71590599|0.657900539|0.609800519|0.590935716,0.823121491|0.732550898|0.68590599|0.627900539|0.579800519|0.560935716,0|0|0|0|0|0,0|0|0.0496480987|-0.0594079933|-0.141875082|-0.127424444,0.170592176|0.136682771|0.208333813|0.187941262|0.194644994|0.190378037,2.98307814|2.58688636|2.52160587|2.16013542|1.89197199|1.82669646,0.704149067|0.521828532|0.680557668,0.0368205495|0.253666043|0.0333999135,0.005009220913052559,0.0010406216606497765,0.001049768179655075,0.001693105325102806
186,9.35,-0.14252704825594897,0.024014821276068687,0.23058220744132996,0.6010411977767944,0.024014823138713837,0.35,5,0,0,0,0,0,0,,,,nan,0,0.7163161039352417,1.2398425340652466,14.190306663513184,0.7425819039344788,1.0,0.44565062855571347,0,1,1,0,0.022987277278139984,0.0,filtered,0.20762369820049842,0,1,12,workspace_x_lower,workspace_x_lower,0,0,1,solved,osqp,9.87727540903427e-09,valid,0.44565062855571347,0.711744858|0.621057388|0.572336843|0.515177376|0.463462811|0.445650629,0.861744858|0.771057388|0.722336843|0.665177376|0.613462811|0.595650629,0.831744858|0.741057388|0.692336843|0.635177376|0.583462811|0.565650629,0|0|0|0|0|0,0|0|0.0439900623|-0.0569830937|-0.127409937|-0.114006268,0.172421914|0.139285038|0.209790391|0.192577833|0.197150361|0.192589039,3.01940135|2.62351459|2.54312783|2.19630424|1.92359167|1.86118529,0.705990136|0.534512162|0.68222779,0.0368205495|0.253666043|0.0333999135,0.0049899183213710785,0.0010164342820644379,0.0012568309903144836,0.0015096673741936684
187,9.4,-0.1427940486748537,0.023574169725179672,0.23124952614307404,0.6070117354393005,0.023574169725179672,0.35,5,0,0,0,0,0,0,,,,nan,0,0.6552954912185669,1.5982978343963623,16.761180877685547,0.6822090744972229,1.0,0.45104123194051426,0,1,1,0,0.022987277278139984,0.0,filtered,0.20091165291277507,0,1,12,workspace_x_lower,workspace_x_lower,0,0,1,solved,osqp,1.5548253627303832e-08,valid,0.45104123194051426,0.720457177|0.629482419|0.579281064|0.5221541|0.467888209|0.451041232,0.870457177|0.779482419|0.729281064|0.6721541|0.617888209|0.601041232,0.840457177|0.749482419|0.699281064|0.6421541|0.587888209|0.571041232,0|0|0|0|0|0,0|0|0.0434062049|-0.0552203265|-0.114407554|-0.101604833,0.174206208|0.141786123|0.211174149|0.196984344|0.199496514|0.194697098,3.05603492|2.6597158|2.57170461|2.23038042|1.9566418|1.89725719,0.707831204|0.547195792|0.683897913,0.0368205495|0.253666043|0.0333999135,0.004751182161271572,0.0010179169476032257,0.0010527931153774261,0.0014719413593411446
188,9.450000000000001,-0.13602340866734977,0.023133520036935806,0.23154157400131226,0.6132948994636536,0.023133521899580956,0.35,5,0,0,0,0,0,0,,,,nan,0,0.5841834545135498,2.0249104499816895,14.849953651428223,0.6055693030357361,1.0,0.45701172069765417,0,1,1,0,0.022987277278139984,0.0,filtered,0.1696055295932825,0,1,12,workspace_x_lower,workspace_x_lower,0,0,1,solved,osqp,1.827813855825866e-08,valid,0.45701172069765417,0.729263599|0.637980057|0.586520981|0.528933335|0.472997282|0.457011721,0.879263599|0.787980057|0.736520981|0.678933335|0.622997282|0.607011721,0.849263599|0.757980057|0.706520981|0.648933335|0.592997282|0.577011721,0|0|0|0|0|0,0|0|0.0466461573|-0.0546869515|-0.104321911|-0.0916192788,0.17594377|0.144220255|0.212513655|0.201063636|0.201640824|0.196663644,3.09299817|2.69614048|2.60524374|2.26211002|1.98930804|1.93309125,0.709672272|0.559879422|0.685568035,0.0368205495|0.253666043|0.0333999135,0.004855640232563019,0.0010232161730527878,0.0010903384536504745,0.001518232747912407
189,9.5,-0.12700581549958095,0.02272542007267475,0.231360524892807,0.6194228529930115,0.02272542007267475,0.35,5,0,0,0,0,0,0,,,,nan,0,0.540652871131897,2.1997601985931396,26.223478317260742,0.5511147379875183,1.0,0.4632949356872317,0,1,1,0,0.022987277278139984,0.0,filtered,0.11570540362369162,0,1,12,workspace_x_lower,workspace_x_lower,0,0,1,solved,osqp,1.5578006011887635e-08,valid,0.4632949356872317,0.738166908|0.646665358|0.593846863|0.535574085|0.478648299|0.463294936,0.888166908|0.796665358|0.743846863|0.685574085|0.628648299|0.613294936,0.858166908|0.766665358|0.713846863|0.655574085|0.598648299|0.583294936,0|0|0|0|0|0,0|0|0.0485802577|-0.0569306156|-0.0987521617|-0.0858465106,0.177634233|0.146612719|0.213833243|0.204760113|0.203571671|0.200352598,3.13030187|2.73327415|2.63780095|2.29012584|2.01941271|1.96768583,0.71151334|0.572563052|0.687238157,0.0368205495|0.253666043|0.0333999135,0.0049564894288778305,0.0010299542918801308,0.0010507702827453613,0.0017169192433357239
190,9.55,-0.12108137179289459,0.022325333207845688,0.2308681756258011,0.6257504224777222,0.022325333207845688,0.35,5,0,0,0,0,0,0,,,,nan,0,0.5361416935920715,3.1907620429992676,34.72762680053711,0.5362012386322021,1.0,0.4694228691917416,0,1,1,0,0.022987277278139984,0.0,filtered,0.017882546382670353,0,0,12,,workspace_x_lower,0,0,1,solved,osqp,4.351436369374323e-07,valid,0.4694228691917416,0.747164315|0.655496347|0.60108234|0.542092064|0.484675103|0.469422869,0.897164315|0.805496347|0.75108234|0.692092064|0.634675103|0.619422869,0.867164315|0.775496347|0.72108234|0.662092064|0.604675103|0.589422869,0|0|0|0|0|0,0|0|0.042168794|-0.0585646904|-0.0912729248|-0.0767492573,0.17927909|0.148955385|0.215165096|0.207115984|0.205328555|0.204659968,3.16793635|2.77094077|2.66166325|2.31691955|2.05275604|2.00560219,0.713354409|0.585246682|0.688908279,0.0368205495|0.253666043|0.0333999135,0.00492748711258173,0.001081567257642746,0.0011206576600670815,0.0015465402975678444
191,9.600000000000001,-0.11826328935110104,0.02192913554608822,0.2302887737751007,0.6323635578155518,0.02192913554608822,0.35,5,0,0,0,0,0,0,,,,nan,0,0.5904303789138794,2.6411142349243164,52.56082534790039,0.590429961681366,1.0,0.4757504255462547,0,1,1,0,0.022987277278139984,0.0,filtered,6.601695765205792e-07,0,0,12,,workspace_x_lower,0,0,1,solved,osqp,0.0,valid,0.4757504255462547,0.756243931|0.664219279|0.608321137|0.548798238|0.491192941|0.475750426,0.906243931|0.814219279|0.758321137|0.698798238|0.641192941|0.625750426,0.876243931|0.784219279|0.728321137|0.668798238|0.611192941|0.595750426,0|0|0|0|0|0,0|0|0.016514972|-0.0630251794|-0.0865513298|-0.069601144,0.180882509|0.151202184|0.216531131|0.208751928|0.206976221|0.208295774,3.20585823|2.8080793|2.66633065|2.3409197|2.08519666|2.04169633,0.715195477|0.597930312|0.690578401,0.0368205495|0.253666043|0.0333999135,0.005260010249912739,0.001115746796131134,0.0010767364874482155,0.0017903223633766174
192,9.65,-0.12175058027338309,0.021527040749788284,0.22993898391723633,0.6394698023796082,0.021527040749788284,0.35,5,0,0,0,0,0,0,,,,nan,0,0.6408401727676392,2.7854702472686768,41.23225402832031,0.6408398151397705,1.0,0.48236353475558735,0,1,1,0,0.022987277278139984,0.0,filtered,5.424093539415487e-07,0,0,12,,workspace_x_lower,0,0,1,solved,osqp,0.0,valid,0.48236353475558735,0.765392292|0.672177835|0.615571307|0.555563369|0.498024887|0.482363535,0.915392292|0.822177835|0.765571307|0.705563369|0.648024887|0.632363535,0.885392292|0.792177835|0.735571307|0.675563369|0.618024887|0.602363535,0|0|0|0|0|0,0|0|-0.0143906414|-0.0636991629|-0.0801515177|-0.0608925352,0.182448779|0.153242445|0.218086448|0.210583567|0.208793599|0.211421292,3.24401795|2.84195379|2.66598104|2.36913788|2.12074163|2.0799829,0.717036545|0.610613942|0.692248523,0.0368205495|0.253666043|0.0333999135,0.00508833397179842,0.0012386832386255264,0.0010907575488090515,0.0015517454594373703
193,9.700000000000001,-0.12662888006760226,0.0210728757083416,0.22987878322601318,0.6480373740196228,0.021072877570986748,0.35,5,0,0,0,0,0,0,,,,nan,0,0.6685352325439453,3.0840020179748535,37.060401916503906,0.6685348749160767,1.0,0.4894697895230985,0,1,1,0,0.022987277278139984,0.0,filtered,5.845749252252548e-07,0,0,12,,workspace_x_lower,0,0,1,solved,osqp,0.0,valid,0.4894697895230985,0.774597616|0.679143639|0.623157285|0.562567429|0.505242999|0.48946979,0.924597616|0.829143639|0.773157285|0.712567429|0.655242999|0.63946979,0.894597616|0.799143639|0.743157285|0.682567429|0.625242999|0.60946979,0|0|0|0|0|0,0|0|-0.0438418262|-0.0507851682|-0.056621214|-0.0353993744,0.183981429|0.155081038|0.219802981|0.212633412|0.21085675|0.214224805,3.28237189|2.8716556|2.66859029|2.41211796|2.17520753|2.13670459,0.718877614|0.623297572|0.693918645,0.0368205495|0.253666043|0.0333999135,0.004875379614531994,0.0010502142831683159,0.0011043380945920944,0.00153452530503273
194,9.75,-0.114418005491074,0.020552203059196472,0.2291773110628128,0.65867680311203,0.02055220492184162,0.35,5,0,0,0,0,0,0,,,,nan,0,0.6968039274215698,3.805025100708008,39.86069869995117,0.6968035697937012,1.0,0.4980374209936921,0,1,1,0,0.022987277278139984,0.0,filtered,4.473731341000795e-07,0,0,12,,workspace_x_lower,0,0,1,solved,osqp,0.0,valid,0.4980374209936921,0.783846939|0.685087464|0.63185126|0.570608734|0.513667083|0.498037421,0.933846939|0.835087464|0.78185126|0.720608734|0.663667083|0.648037421,0.903846939|0.805087464|0.75185126|0.690608734|0.633667083|0.618037421,0|0|0|0|0|0,0|0|-0.0592080962|-0.028572309|-0.0228309004|0.00156994324,0.185484245|0.156754868|0.221544641|0.214762791|0.213031919|0.216532242,3.320872|2.89710473|2.68974158|2.46862542|2.24486935|2.21025187,0.720718682|0.635981202|0.695588768,0.0368205495|0.253666043|0.0333999135,0.008137420751154423,0.0022494830191135406,0.0016851900145411491,0.0014546727761626244
195,9.8,-0.10472856539092776,0.0199679434299469,0.22799919545650482,0.671859085559845,0.0199679434299469,0.35,5,0,0,0,0,0,0,,,,nan,0,0.7376651167869568,4.471506118774414,25.801738739013672,0.737665057182312,1.0,0.5086768076264473,0,1,1,0,0.022987277278139984,0.0,filtered,1.7396554854165847e-07,0,0,12,,workspace_x_lower,0,0,1,solved,osqp,0.0,valid,0.5086768076264473,0.793151587|0.690385819|0.641889893|0.580133257|0.523839293|0.508676808,0.943151587|0.840385819|0.791889893|0.730133257|0.673839293|0.658676808,0.913151587|0.810385819|0.761889893|0.700133257|0.643839293|0.628676808,0|0|0|0|0|0,0|0|-0.0700095616|0.00404669708|0.0225572807|0.0476060809,0.186954415|0.158346976|0.223228313|0.21680472|0.215085857|0.218088414,3.35956076|2.91989025|2.72077832|2.54138445|2.33300031|2.30040173,0.72255975|0.648664832|0.69725889,0.0368205495|0.253666043|0.0333999135,0.005083169788122177,0.001018483191728592,0.0012556398287415504,0.0015410250052809715
196,9.850000000000001,-0.10390451035334822,0.019371991977095604,0.22689767181873322,0.6869860887527466,0.019371991977095604,0.35,5,0,0,0,0,0,0,,,,nan,0,0.7396592497825623,3.7347514629364014,44.535789489746094,0.7396592497825623,1.0,0.521859074096846,0,1,1,0,0.022987277278139984,0.0,passthrough,1.531256194559152e-09,0,0,12,,workspace_x_lower,0,0,1,solved,osqp,0.0,valid,0.521859074096846,0.802507578|0.695200786|0.653793048|0.591635082|0.536296356|0.521859074,0.952507578|0.845200786|0.803793048|0.741635082|0.686296356|0.671859074,0.922507578|0.815200786|0.773793048|0.711635082|0.656296356|0.641859074,0|0|0|0|0|0,0|0|-0.0650670285|0.0347512907|0.0624095674|0.084172271,0.188393595|0.15987114|0.224730094|0.217654926|0.216877755|0.218778765,3.39842391|2.94067428|2.77483526|2.61894655|2.42447275|2.39038733,0.724400818|0.661348462|0.698929012,0.0368205495|0.253666043|0.0333999135,0.005019111558794975,0.0011490331962704659,0.0010993629693984985,0.0015416108071804047
197,9.9,-0.11982798651208505,0.018808895722031593,0.22670242190361023,0.7032763361930847,0.018808897584676743,0.35,5,0,0,0,0,0,0,,,,nan,0,0.7073575854301453,4.178053379058838,52.54552459716797,0.7073575854301453,1.0,0.5369861149429641,0,1,1,0,0.022987277278139984,0.0,passthrough,1.4020867914227732e-09,0,0,12,,workspace_x_lower,0,0,1,solved,osqp,0.0,valid,0.5369861149429641,0.811920791|0.70027198|0.667423026|0.604568453|0.550715618|0.536986115,0.961920791|0.85027198|0.817423026|0.754568453|0.700715618|0.686986115,0.931920791|0.82027198|0.787423026|0.724568453|0.670715618|0.656986115,0|0|0|0|0|0,0|0|-0.0524580065|0.0604776214|0.0922121763|0.107337692,0.189800773|0.161376705|0.225892286|0.217124883|0.218258418|0.218869882,3.43748394|2.96246462|2.84312638|2.69587632|2.51333307|2.47415203,0.726241887|0.674032092|0.700599134,0.0368205495|0.253666043|0.0333999135,0.005067390389740467,0.0011867862194776535,0.0010906914249062538,0.0014789532870054245
198,9.950000000000001,-0.13883086441881914,0.018298691138625145,0.22756218910217285,0.7202282547950745,0.018298691138625145,0.35,5,0,0,0,0,0,0,,,,nan,0,0.6874492168426514,3.856505870819092,24.358367919921875,0.6874492168426514,1.0,0.5532763735013014,0,1,1,0,0.022987277278139984,0.0,passthrough,1.1917778319083913e-09,0,0,12,,workspace_x_lower,0,0,1,solved,osqp,0.0,valid,0.5532763735013014,0.82138752|0.706178081|0.682534761|0.61855366|0.56649251|0.553276374,0.97138752|0.856178081|0.832534761|0.76855366|0.71649251|0.703276374,0.94138752|0.826178081|0.802534761|0.73855366|0.68649251|0.673276374,0|0|0|0|0|0,0|0|-0.0470599258|0.0798456009|0.113065856|0.121196301,0.191177749|0.162843843|0.226625802|0.216323959|0.219243331|0.218790126,3.47672783|2.98755617|2.90970492|2.7703842|2.59827923|2.55309192,0.728082955|0.686715722|0.702269256,0.0368205495|0.253666043|0.0333999135,0.00483898539096117,0.0010259412229061127,0.0011410713195800781,0.0014912933111190796
199,10.0,-0.1901877678917616,0.04875483363866806,0.2294905036687851,0.7203365564346313,0.04865255951881409,0.35,5,0,0,0,0,0,0,,,,nan,0,0.6542859673500061,3.730267286300659,50.01026916503906,0.6542859673500061,1.0,0.5702282608478747,0,1,1,0,0.022987277278139984,0.0,passthrough,8.164867123047116e-10,0,0,12,,workspace_x_lower,0,0,1,solved,osqp,0.0,valid,0.5702282608478747,0.830906349|0.712677381|0.698740326|0.633217004|0.583124106|0.570228261,0.980906349|0.862677381|0.848740326|0.783217004|0.733124106|0.720228261,0.950906349|0.832677381|0.818740326|0.753217004|0.703124106|0.690228261,0|0|0|0|0|0,0|0|-0.0558226917|0.0909465764|0.12824464|0.12923367,0.192525842|0.164212875|0.227044791|0.215303538|0.219996685|0.218506339,3.51615124|3.0149224|2.9661834|2.83911813|2.68073775|2.62865305,0.729924023|0.699399352|0.703939378,0.0368205495|0.253666043|0.0333999135,0.004814512096345425,0.0010111760348081589,0.001138482242822647,0.0014796489849686623
200,10.05,-0.1914075962745574,0.049160778522491455,0.23125381767749786,0.7196254730224609,0.04905856028199196,0.35,5,0,0,0,0,0,0,,,,nan,0,0.5827101469039917,5.958614826202393,93.5767593383789,0.5842643976211548,1.0,0.5486362823345573,0,1,1,0,0.022987277278139984,0.0,filtered,0.027625096122866184,0,0,12,joint_3_acceleration_upper|joint_5_acceleration_upper,workspace_x_lower,0,0,1,solved,osqp,0.0,valid,0.5486362823345573,0.810007752|0.696711733|0.673158352|0.609841282|0.560928766|0.548636282,0.960007752|0.846711733|0.823158352|0.759841282|0.710928766|0.698636282,0.930007752|0.816711733|0.793158352|0.729841282|0.680928766|0.668636282,0.15|0.15|0.15|0.15|0.15|0.15,0|0|-0.0564871909|0.0930214791|0.143402401|0.142651958,-0.104128577|-0.0687643781|-0.158203444|-0.139567126|-0.142524659|-0.142002362,3.13590243|2.71808255|2.47794277|2.39281948|2.24459281|2.19519472,0.731765091|0.688373327|0.7056095,0.0368205495|-0.253666043|0.0333999135,0.0051292721182107925,0.0010673487558960915,0.0010872753337025642,0.0015747835859656334
201,10.100000000000001,-0.2014155583710945,0.05167396739125252,0.2333623617887497,0.7183833718299866,0.05157170817255974,0.35,5,0,0,0,0,0,0,,,,nan,0,0.5832342505455017,5.3589301109313965,73.01451110839844,0.5836523771286011,1.0,0.5487952221387201,0,1,1,0,0.022987277278139984,0.0,filtered,0.0011558143360966833,0,0,12,joint_5_acceleration_upper,workspace_x_lower,0,0,1,solved,osqp,0.0,valid,0.5487952221387201,0.804772751|0.691353941|0.671127266|0.607204834|0.560648199|0.548795222,0.954772751|0.841353941|0.821127266|0.757204834|0.710648199|0.698795222,0.924772751|0.811353941|0.791127266|0.727204834|0.680648199|0.668795222,0.15|0.15|0.15|0.15|0.15|0.15,0|0|-0.0662681207|0.0784932601|0.136808834|0.137996498,-0.101640092|-0.0653557433|-0.155074687|-0.134343713|-0.138907793|-0.136086906,3.11745091|2.70006002|2.46316626|2.37296888|2.24049384|2.19709048,0.73360616|0.675689697|0.707279623,0.0368205495|-0.253666043|0.0333999135,0.005286091938614845,0.0011883554980158806,0.0011650118976831436,0.0016399119049310684
202,10.15,-0.21790377700324826,0.05591277778148651,0.23607110977172852,0.7167294025421143,0.05581019073724747,0.35,5,0,0,0,0,0,0,,,,nan,0,0.6295251846313477,4.21235990524292,50.74567413330078,0.6295249462127686,1.0,0.54847570799266,0,1,1,0,0.022987277278139984,0.0,filtered,4.822646885363179e-07,0,0,12,,workspace_x_lower,0,0,1,solved,osqp,0.0,valid,0.54847570799266,0.79966765|0.68558279|0.668692099|0.603635792|0.560268967|0.548475708,0.94966765|0.83558279|0.818692099|0.753635792|0.710268967|0.698475708,0.91966765|0.80558279|0.788692099|0.723635792|0.680268967|0.668475708,0.15|0.15|0.15|0.15|0.15|0.15,0|0|-0.0811915561|0.0600496744|0.124608776|0.128063022,-0.0991160143|-0.0619344143|-0.152156501|-0.12908897|-0.135370469|-0.129096233,3.09955458|2.68039675|2.44142034|2.34550387|2.23031418|2.19286962,0.735447228|0.663006067|0.708949745,0.0368205495|-0.253666043|0.0333999135,0.005191192030906677,0.0012127794325351715,0.001095624640583992,0.0015529263764619827
203,10.200000000000001,-0.2225756584785208,0.05736478418111801,0.23888643085956573,0.7153534293174744,0.057261932641267776,0.35,5,0,0,0,0,0,0,,,,nan,0,0.6042417883872986,2.0040981769561768,93.27310943603516,0.6042417883872986,1.0,0.5473207946251789,0,1,1,0,0.022987277278139984,0.0,passthrough,8.137621824254372e-10,0,0,12,,workspace_x_lower,0,0,1,solved,osqp,0.0,valid,0.5473207946251789,0.794690928|0.67911286|0.665749339|0.598953956|0.559575508|0.547320795,0.944690928|0.82911286|0.815749339|0.748953956|0.709575508|0.697320795,0.914690928|0.79911286|0.785749339|0.718953956|0.679575508|0.667320795,0.15|0.15|0.15|0.15|0.15|0.15,0|0|-0.0847589617|0.0559163797|0.124734686|0.128714242,-0.0965578555|-0.0584798052|-0.149553188|-0.125775625|-0.13208241|-0.124786426,3.08220586|2.65797163|2.42868521|2.32595658|2.23095431|2.19321099,0.737288296|0.650322437|0.710619867,0.0368205495|-0.253666043|0.0333999135,0.005090329796075821,0.001077229157090187,0.0011025257408618927,0.0015318868681788445
204,10.25,-0.23142558404845687,0.05564238876104355,0.2420557141304016,0.7142996191978455,0.05553996190428734,0.35,5,0,0,0,0,0,0,,,,nan,0,0.517606258392334,3.942282199859619,71.109619140625,0.517606258392334,1.0,0.5464263600115477,0,1,1,0,0.022987277278139984,0.0,passthrough,4.520911987645808e-10,0,0,12,,workspace_x_lower,0,0,1,solved,osqp,0.0,valid,0.5464263600115477,0.789852221|0.672416423|0.662855222|0.594242043|0.559125372|0.54642636,0.939852221|0.822416423|0.812855222|0.744242043|0.709125372|0.69642636,0.909852221|0.792416423|0.782855222|0.714242043|0.679125372|0.66642636,0.15|0.15|0.15|0.15|0.15|0.15,0|0|-0.0807868662|0.0610725079|0.122707007|0.1262002,-0.0939623172|-0.0550451397|-0.146982609|-0.123401915|-0.128731336|-0.12149598,3.06544657|2.63462055|2.42365141|2.31463876|2.23047716|2.19040966,0.739129364|0.637638807|0.712289989,0.0368205495|-0.253666043|0.0333999135,0.005084725096821785,0.001072857528924942,0.0011367062106728554,0.0015831300988793373
205,10.3,-0.24141022994605124,0.054433271288871765,0.24571390450000763,0.7133906483650208,0.054332081228494644,0.35,5,0,0,0,0,0,0,,,,nan,0,0.5193387866020203,1.9465000629425049,77.05693054199219,0.5193387866020203,1.0,0.5458706539713986,0,1,1,0,0.022987277278139984,0.0,passthrough,3.5986751560128954e-10,0,0,12,,workspace_x_lower,0,0,1,solved,osqp,0.0,valid,0.5458706539713986,0.785144004|0.666032033|0.660266294|0.590067405|0.558763026|0.545870654,0.935144004|0.816032033|0.810266294|0.740067405|0.708763026|0.695870654,0.905144004|0.786032033|0.780266294|0.710067405|0.678763026|0.665870654,0.15|0.15|0.15|0.15|0.15|0.15,0|0|-0.0807226727|0.0646521669|0.121802539|0.125035585,-0.0913336657|-0.0515611984|-0.144273937|-0.120811324|-0.125346281|-0.11809558,3.04924235|2.61256693|2.41606857|2.30411046|2.23150836|2.19042262,0.740970433|0.624955177|0.713960111,0.0368205495|-0.253666043|0.0333999135,0.005057917907834053,0.0011276975274085999,0.0011484595015645027,0.0015215743333101273
206,10.350000000000001,-0.2525856389239107,0.05456319823861122,0.24976769089698792,0.712968647480011,0.05446393042802811,0.35,5,0,0,0,0,0,0,,,,nan,0,0.5651566982269287,1.6925917863845825,44.54813766479492,0.5651566982269287,1.0,0.5454600043850791,0,1,1,0,0.022987277278139984,0.0,passthrough,3.8180293977313525e-10,0,0,12,,workspace_x_lower,0,0,1,solved,osqp,0.0,valid,0.5454600043850791,0.780559134|0.659878666|0.657931128|0.586183326|0.558486876|0.545460004,0.930559134|0.809878666|0.807931128|0.736183326|0.708486876|0.695460004,0.900559134|0.779878666|0.777931128|0.706183326|0.678486876|0.665460004,0.15|0.15|0.15|0.15|0.15|0.15,0|0|-0.0844349501|0.0720246442|0.132661707|0.134648259,-0.0886764159|-0.0479576727|-0.141485677|-0.118119436|-0.121983933|-0.114696993,3.03356012|2.59155699|2.40580388|2.29863851|2.24462528|2.20179128,0.742811501|0.612271547|0.715630233,0.0368205495|-0.253666043|0.0333999135,0.005003080703318119,0.0010803565382957458,0.0011382503435015678,0.001551816239953041
207,10.4,-0.26470111374991356,0.055710699409246445,0.2541865408420563,0.7131097316741943,0.05561390146613121,0.35,5,0,0,0,0,0,0,,,,nan,0,0.6182841062545776,1.514992594718933,17.293928146362305,0.6182841062545776,1.0,0.5455484521297903,0,1,1,0,0.022987277278139984,0.0,passthrough,8.354528513110958e-09,0,0,12,,workspace_x_lower,0,0,1,solved,osqp,0.0,valid,0.5455484521297903,0.776100831|0.6537303|0.656156899|0.58268369|0.558835098|0.545548452,0.926100831|0.8037303|0.806156899|0.73268369|0.708835098|0.695548452,0.896100831|0.7737303|0.776156899|0.70268369|0.678835098|0.665548452,0.15|0.15|0.15|0.15|0.15|0.15,0|0|-0.0901854708|0.0784549612|0.14444873|0.145940362,-0.0859905802|-0.0442443872|-0.138574049|-0.115371661|-0.118506898|-0.111220718,3.01841274|2.57067681|2.39586807|2.29381806|2.26128222|2.21691345,0.744652569|0.599587917|0.717300355,0.0368205495|-0.253666043|0.0333999135,0.006065409630537033,0.001096535474061966,0.0013416223227977753,0.0023758597671985626
208,10.450000000000001,-0.27810273924623524,0.057707544416189194,0.25897321105003357,0.7134682536125183,0.05761369690299034,0.35,5,0,0,0,0,0,0,,,,nan,0,0.6285297870635986,1.0044053792953491,24.703153610229492,0.635288655757904,1.0,0.546213621646297,0,1,1,0,0.022987277278139984,0.0,filtered,0.028005653120706256,0,1,12,workspace_x_lower,workspace_x_lower,0,0,1,solved,osqp,7.675878405111192e-10,valid,0.546213621646297,0.77177407|0.647414239|0.65494501|0.57953305|0.559892927|0.546213622,0.92177407|0.797414239|0.80494501|0.72953305|0.709892927|0.696213622,0.89177407|0.767414239|0.77494501|0.69953305|0.679892927|0.666213622,0.15|0.15|0.15|0.15|0.15|0.15,0|0|-0.0973185527|0.0803531783|0.14885382|0.148202839,-0.083275297|-0.0404484544|-0.135564961|-0.112620739|-0.114898725|-0.107656797,3.00382098|2.5492085|2.38689653|2.28586464|2.2735268|2.22540053,0.746493638|0.586904287|0.718970478,0.0368205495|-0.253666043|0.0333999135,0.00713763851672411,0.0010260455310344696,0.0019272295758128166,0.0026284456253051758
209,10.5,-0.2887292102217607,0.05882447585463524,0.2639932930469513,0.7137115597724915,0.0587342344224453,0.35,5,0,0,0,0,0,0,,,,nan,0,0.5987406373023987,1.2583357095718384,27.173179626464844,0.609708309173584,1.0,0.5470903806493083,0,1,1,0,0.022987277278139984,0.0,filtered,0.04903040259675358,0,1,12,workspace_x_lower,workspace_x_lower,0,0,1,solved,osqp,2.84048055909647e-10,valid,0.5470903806493083,0.767582637|0.640787266|0.65407266|0.576580849|0.561277504|0.547090381,0.917582637|0.790787266|0.80407266|0.726580849|0.711277504|0.697090381,0.887582637|0.760787266|0.77407266|0.696580849|0.681277504|0.667090381,0.15|0.15|0.15|0.15|0.15|0.15,0|0|-0.101005238|0.0781678807|0.142840044|0.140864711,-0.0805301762|-0.0365921765|-0.132546267|-0.109932926|-0.111299148|-0.104137228,2.98980037|2.52655689|2.38273914|2.27455835|2.27665091|2.22508901,0.748334706|0.574220657|0.7206406,0.0368205495|-0.253666043|0.0333999135,0.007859359495341778,0.0018262341618537903,0.0018251296132802963,0.002335803583264351
210,10.55,-0.29991364764303574,0.06002652645111084,0.2692584693431854,0.7138318419456482,0.05994070693850517,0.35,5,0,0,0,0,0,0,,,,nan,0,0.5739480257034302,1.066307783126831,14.820350646972656,0.5908834934234619,1.0,0.5478344566443843,0,1,1,0,0.022987277278139984,0.0,filtered,0.07779044469783669,0,1,12,workspace_x_lower,workspace_x_lower,2,0,0,inaccurate_solution,,0.0,valid,0.5478344566443843,0.763530562|0.633997838|0.653253413|0.573748837|0.562534355|0.547834457,0.913530562|0.783997838|0.803253413|0.723748837|0.712534355|0.697834457,0.883530562|0.753997838|0.773253413|0.693748837|0.682534355|0.667834457,0.15|0.15|0.15|0.15|0.15|0.15,0|0|-0.105209291|0.0763561977|0.137110935|0.133185631,-0.0777545946|-0.0326976266|-0.129563026|-0.107274959|-0.107816855|-0.100737274,2.97636765|2.50329373|2.37824134|2.26407659|2.2794315|2.22378618,0.750175774|0.561537027|0.722310722,0.0368205495|-0.253666043|0.0333999135,0.007722212001681328,0.0017060311511158943,0.0017076758667826653,0.0024382704868912697
211,10.600000000000001,-0.31259461330372035,0.06141531839966774,0.2748112082481384,0.7138407230377197,0.06133496016263962,0.35,5,0,0,0,0,0,0,,,,nan,0,0.5577073097229004,1.3696504831314087,14.353987693786621,0.5745503306388855,1.0,0.5484344802414373,0,1,1,0,0.022987277278139984,0.0,filtered,0.08509069028434453,0,0,12,,workspace_x_lower,0,0,1,solved,osqp,4.784862698836712e-07,valid,0.5484344802414373,0.759616555|0.627034284|0.652503495|0.571027198|0.563641982|0.54843448,0.909616555|0.777034284|0.802503495|0.721027198|0.713641982|0.69843448,0.879616555|0.747034284|0.772503495|0.691027198|0.683641982|0.66843448,0.15|0.15|0.15|0.15|0.15|0.15,0|0|-0.110453281|0.0749232571|0.131306659|0.125274584,-0.0749507393|-0.0287404905|-0.126446404|-0.104657803|-0.104480739|-0.0974815569,2.96351548|2.47939665|2.3731143|2.25437425|2.28139385|2.22153095,0.752016842|0.548853397|0.723980844,0.0368205495|-0.253666043|0.0333999135,0.0072619300335645676,0.0018156534060835838,0.0015411889180541039,0.0022070836275815964
212,10.65,-0.3283737865679399,0.0639239177107811,0.28073933720588684,0.7138246893882751,0.06385016441345215,0.35,5,0,0,0,0,0,0,,,,nan,0,0.5731490254402161,1.0695639848709106,16.573572158813477,0.5918506979942322,1.0,0.5488971223360032,0,1,1,0,0.022987277278139984,0.0,filtered,0.10266142239694868,0,0,12,,workspace_x_lower,0,0,1,solved,osqp,1.6420733693622847e-07,valid,0.5488971223360032,0.755838833|0.619869247|0.651678173|0.56841611|0.564579592|0.548897122,0.905838833|0.769869247|0.801678173|0.71841611|0.714579592|0.698897122,0.875838833|0.739869247|0.771678173|0.68841611|0.684579592|0.668897122,0.15|0.15|0.15|0.15|0.15|0.15,0|0|-0.118829809|0.0740838315|0.127970018|0.12057026,-0.0721213539|-0.0246839692|-0.120287505|-0.102092682|-0.101332804|-0.0944028821,2.95123398|2.45479302|2.36759538|2.24565559|2.28495558|2.22175587,0.753857911|0.536169767|0.725650966,0.0368205495|-0.253666043|0.0333999135,0.006425151601433754,0.0017454838380217552,0.0012564007192850113,0.0017983391880989075
213,10.700000000000001,-0.3451643690736899,0.06681777536869049,0.2870405614376068,0.7139482498168945,0.06675193458795547,0.35,5,0,0,0,0,0,0,,,,nan,0,0.5924648642539978,1.1831724643707275,13.288912773132324,0.6118348240852356,1.0,0.5493055715598819,0,1,1,0,0.022987277278139984,0.0,filtered,0.11576380882387481,0,0,12,,workspace_x_lower,0,0,1,solved,osqp,3.668157426764407e-07,valid,0.5493055715598819,0.752197353|0.612317628|0.650677862|0.565902176|0.565474174|0.549305572,0.902197353|0.762317628|0.800677862|0.715902176|0.715474174|0.699305572,0.872197353|0.732317628|0.770677862|0.685902176|0.685474174|0.669305572,0.15|0.15|0.15|0.15|0.15|0.15,0|0|-0.127236221|0.0742536434|0.12646234|0.118880256,-0.0692685058|-0.0205118631|-0.113970558|-0.0996380259|-0.0983811577|-0.0915249235,2.93952091|2.42875865|2.36150467|2.23822432|2.28997788|2.22457762,0.755698979|0.523486137|0.727321088,0.0368205495|-0.253666043|0.0333999135,0.005620107986032963,0.0012758178636431694,0.0012520011514425278,0.0016833869740366936
214,10.75,-0.35917357628547286,0.06867872178554535,0.2935887277126312,0.7142693996429443,0.06862231343984604,0.35,5,0,0,0,0,0,0,,,,nan,0,0.5989378690719604,1.546542763710022,17.08757972717285,0.6236832141876221,1.0,0.5498316166851923,0,1,1,0,0.022987277278139984,0.0,filtered,0.1439633016308685,0,1,12,workspace_x_lower,workspace_x_lower,2,0,0,inaccurate_solution,,0.0,valid,0.5498316166851923,0.748695727|0.604315829|0.649490033|0.563537722|0.566448003|0.549831617,0.898695727|0.754315829|0.799490033|0.713537722|0.716448003|0.699831617,0.868695727|0.724315829|0.769490033|0.683537722|0.686448003|0.669831617,0.15|0.15|0.15|0.15|0.15|0.15,0|0|-0.131883739|0.0751247086|0.124554998|0.117389914,-0.066392241|-0.0162485546|-0.107433077|-0.0972956559|-0.0955882165|-0.0887984477,2.92839067|2.40101476|2.35864332|2.23197994|2.29475879|2.22791793,0.757540047|0.510802507|0.72899121,0.0368205495|-0.253666043|0.0333999135,0.005523462779819965,0.0009787846356630325,0.0013889027759432793,0.0018370943143963814
215,10.8,-0.36569397305236184,0.06793063879013062,0.30010852217674255,0.7145006656646729,0.0678856149315834,0.35,5,0,0,0,0,0,0,,,,nan,0,0.587601900100708,1.6636818647384644,15.304104804992676,0.6264669299125671,1.0,0.55054432825044,0,1,1,0,0.022987277278139984,0.0,filtered,0.19361064803854158,0,1,12,workspace_x_lower,workspace_x_lower,0,0,1,solved,osqp,1.36752021165365e-10,valid,0.55054432825044,0.74533935|0.596036663|0.64806591|0.561398424|0.56750519|0.550544328,0.89533935|0.746036663|0.79806591|0.711398424|0.71750519|0.700544328,0.86533935|0.716036663|0.76806591|0.681398424|0.68750519|0.670544328,0.15|0.15|0.15|0.15|0.15|0.15,0|0|-0.129624987|0.0732012532|0.116528786|0.10934091,-0.0634912976|-0.0119382555|-0.100733394|-0.0949946467|-0.0928980151|-0.0861478016,2.9178661|2.3722084|2.36190526|2.2238003|2.29365153|2.22537042,0.759381115|0.498118937|0.730661333,0.0368205495|-0.253666043|0.0333999135,0.005811052396893501,0.001275787129998207,0.0012780018150806427,0.0018498385325074196
216,10.850000000000001,-0.36841903590621117,0.06640288978815079,0.3064456582069397,0.7143468260765076,0.06637142598628998,0.35,5,0,0,0,0,0,0,,,,nan,0,0.5752651691436768,1.1393625736236572,24.190921783447266,0.6350374221801758,1.0,0.5511590182308076,0,1,1,0,0.022987277278139984,0.0,filtered,0.25099217797843576,0,1,12,workspace_x_lower,workspace_x_lower,0,0,1,solved,osqp,5.129010046539539e-10,valid,0.5511590182308076,0.742132566|0.58791967|0.646274137|0.559390941|0.568332825|0.551159018,0.892132566|0.73791967|0.796274137|0.709390941|0.718332825|0.701159018,0.862132566|0.70791967|0.766274137|0.679390941|0.688332825|0.671159018,0.15|0.15|0.15|0.15|0.15|0.15,0|0|-0.125619152|0.0668820737|0.103918011|0.0966732519,-0.0605647817|-0.00759532164|-0.0941528493|-0.0926506493|-0.0903042178|-0.0835537467,2.90796548|2.34408336|2.36532455|2.21179519|2.28694509|2.21775558,0.761222184|0.485435665|0.732331455,0.0368205495|-0.253666043|0.0333999135,0.004837711341679096,0.0009741401299834251,0.0011837482452392578,0.001575009897351265
217,10.9,-0.3645484030456839,0.0633685514330864,0.31232893466949463,0.7136695384979248,0.06335239112377167,0.35,5,0,0,0,0,0,0,,,,nan,0,0.5525342226028442,1.349623680114746,15.08792495727539,0.6308974027633667,1.0,0.5513733516929166,0,1,1,0,0.022987277278139984,0.0,filtered,0.2912950389120708,0,1,12,workspace_x_lower,workspace_x_lower,0,0,1,solved,osqp,1.2092974798622036e-09,valid,0.5513733516929166,0.739077256|0.580098013|0.644009755|0.557270113|0.568685509|0.551373352,0.889077256|0.730098013|0.794009755|0.707270113|0.718685509|0.701373352,0.859077256|0.700098013|0.764009755|0.677270113|0.688685509|0.671373352,0.15|0.15|0.15|0.15|0.15|0.15,0|0|-0.117393795|0.0564067796|0.0871741784|0.0815707126,-0.0576129518|-0.00322348404|-0.0878857035|-0.0903204938|-0.0878347186|-0.0810610164,2.89869607|2.31716857|2.37075952|2.19516674|2.2740815|2.2060031,0.763063252|0.472752392|0.734001577,0.0368205495|-0.253666043|0.0333999135,0.0057213203981518745,0.0012794584035873413,0.001243647187948227,0.0017121098935604095
218,10.950000000000001,-0.3562170970393629,0.05887851119041443,0.31762683391571045,0.7123990654945374,0.05887378007173538,0.35,5,0,0,0,0,0,0,,,,nan,0,0.5259777307510376,1.4240370988845825,8.53970718383789,0.6148870587348938,1.0,0.5510588299876374,0,1,1,0,0.022987277278139984,0.0,filtered,0.3090601504728781,0,1,12,workspace_x_lower,workspace_x_lower,0,0,1,solved,osqp,1.996905227980017e-09,valid,0.5510588299876374,0.736179854|0.572811862|0.641226297|0.554839776|0.568402623|0.55105883,0.886179854|0.722811862|0.791226297|0.704839776|0.718402623|0.70105883,0.856179854|0.692811862|0.761226297|0.674839776|0.688402623|0.67105883,0.15|0.133495849|0.15|0.15|0.15|0.15,0|0|-0.105859619|0.0443722791|0.0681680951|0.0651429998,-0.0546325277|-3.41196164e-17|-0.0821653695|-0.0880108112|-0.0854305597|-0.0786025094,2.89008689|2.29124745|2.3768802|2.17572057|2.25634803|2.19077581,0.76490432|0.46006912|0.735671699,0.0368205495|-0.253666043|0.0333999135,0.005731438286602497,0.0013072583824396133,0.0012607546523213387,0.001745239831507206
219,11.0,-0.34284744057488553,0.05245959013700485,0.3222084641456604,0.710300087928772,0.05245951563119888,0.35,1,0,0,0,0,0,0,,,,nan,0,0.49597129225730896,1.6790400743484497,15.310522079467773,0.5870258212089539,1.0,0.550151881664149,0,1,1,0,0.022987277278139984,0.0,filtered,0.3075502365632177,0,1,12,workspace_x_lower,workspace_x_lower,0,0,1,solved,osqp,2.461989577484669e-09,valid,0.550151881664149,0.733443164|0.566121344|0.638022055|0.552041906|0.567401725|0.550151882,0.883443164|0.716121344|0.788022055|0.702041906|0.717401725|0.700151882,0.853443164|0.686121344|0.758022055|0.672041906|0.687401725|0.670151882,0.15|0.0699882625|0.15|0.15|0.15|0.15,0|0|-0.0900438615|0.0321072542|0.0480172445|0.0485207466,-0.0516224546|-4.54008812e-18|-0.0771257852|-0.0856753269|-0.0830566731|-0.076136605,2.8821502|2.26448538|2.38491857|2.15459955|2.23456747|2.17299167,0.766745389|0.447385848|0.737341821,0.0368205495|-0.253666043|0.0333999135,0.006089113652706146,0.0009795790538191795,0.0015905015170574188,0.0022884802892804146
220,11.05,-0.32169865317989954,0.04355383664369583,0.32583972811698914,0.7058762311935425,0.04355383291840553,0.35,1,0,0,0,0,0,0,,,,nan,0,0.4677159786224365,2.095252275466919,10.526753425598145,0.5598816275596619,1.0,0.5486918610293333,0,1,1,0,0.022987277278139984,0.0,filtered,0.30346984347461536,0,1,12,workspace_x_lower,workspace_x_lower,0,0,1,solved,osqp,2.493188062252516e-09,valid,0.5486918610293333,0.730870202|0.560297628|0.634556627|0.548903979|0.565662568|0.548691861,0.880870202|0.710297628|0.784556627|0.698903979|0.715662568|0.698691861,0.850870202|0.680297628|0.754556627|0.668903979|0.685662568|0.668691861,0.15|0.00853303163|0.15|0.15|0.15|0.15,0|0|-0.0687150294|0.0174926619|0.0242058154|0.0290968595,-0.0485813713|-4.80079249e-18|-0.0728754456|-0.0832063352|-0.0806487096|-0.0735799465,2.87489944|2.24119051|2.39663603|2.12990224|2.20620738|2.15028436,0.768586457|0.434702575|0.739011943,0.0368205495|-0.253666043|0.0333999135,0.005490733310580254,0.0009946692734956741,0.0012914203107357025,0.0017887568101286888
221,11.100000000000001,-0.29703437228586843,0.046199847012758255,0.32778921723365784,0.7034589052200317,0.04577745124697685,0.35,3,0,0,0,0,0,0,,,,nan,0,0.4277602732181549,2.9192111492156982,25.058422088623047,0.5173510313034058,1.0,0.5453522555589038,0,1,1,0,0.022987277278139984,0.0,filtered,0.2882439285504623,0,1,12,workspace_x_lower,workspace_x_lower,0,0,1,solved,osqp,1.9903503602203276e-09,valid,0.5453522555589038,0.728464568|0.555876172|0.630906738|0.545352256|0.563036737|0.546585885,0.878464568|0.705876172|0.780906738|0.695352256|0.713036737|0.696585885,0.848464568|0.675876172|0.750906738|0.665352256|0.683036737|0.666585885,0.15|0|0.15|0.15|0.15|0.15,0|0|-0.0341792525|-0.00627374647|-0.0119378735|-0.000974493224,-0.045507468|0.00341311478|-0.0696277592|-0.0805026649|-0.0781431454|-0.070853552,2.8683508|2.2269178|2.41981994|2.09463261|2.16206593|2.11451549,0.770427525|0.422019303|0.740682065,0.0368205495|-0.253666043|0.0333999135,0.005715867504477501,0.0012769205495715141,0.0012363241985440254,0.0017576422542333603
222,11.15,-0.26370872866514705,0.05652167648077011,0.3273051381111145,0.6974039077758789,0.05616113170981407,0.35,3,0,0,0,0,0,0,,,,nan,0,0.4454784393310547,4.053602695465088,26.404014587402344,0.5040311217308044,1.0,0.5410184654121014,0,1,1,0,0.022987277278139984,0.0,filtered,0.2340082573969766,0,1,12,workspace_x_lower,workspace_x_lower,0,0,1,solved,osqp,1.0095091533546263e-09,valid,0.5410184654121014,0.726236284|0.553949162|0.626916416|0.541018465|0.558974172|0.543339647,0.876236284|0.703949162|0.776916416|0.691018465|0.708974172|0.693339647,0.846236284|0.673949162|0.746916416|0.661018465|0.678974172|0.663339647,0.15|0|0.15|0.15|0.15|0.15,0|0|0.0143060638|-0.0411322129|-0.0644698527|-0.0452576993,-0.0423938511|0.00719664856|-0.0680286999|-0.0774318568|-0.0754031768|-0.0678098728,2.86255128|2.2229933|2.45394303|2.04550979|2.09602366|2.06029101,0.772268593|0.40933603|0.742352188,0.0368205495|-0.253666043|0.0333999135,0.007444086484611034,0.0013852613046765327,0.0018675494939088821,0.0022657783702015877
223,11.200000000000001,-0.22774871137795144,0.07125663757324219,0.3242024779319763,0.689909040927887,0.07088480144739151,0.35,3,0,0,0,0,0,0,,,,nan,0,0.5519528985023499,4.6102752685546875,26.48793601989746,0.5813421010971069,1.0,0.535488281969487,0,1,1,0,0.022987277278139984,0.0,filtered,0.18161413504336169,0,1,12,workspace_x_lower,workspace_x_lower,0,0,1,solved,osqp,2.890260149268631e-10,valid,0.535488281969487,0.724195626|0.555506523|0.622136217|0.535488282|0.552760463|0.538338246,0.874195626|0.705506523|0.772136217|0.685488282|0.702760463|0.688338246,0.844195626|0.675506523|0.742136217|0.655488282|0.672760463|0.658338246,0.15|0|0.15|0.15|0.15|0.15,0|0|0.0653795163|-0.0813832396|-0.125608812|-0.0968939345,-0.0392348066|0.0107024913|-0.0688483366|-0.0738430191|-0.072320505|-0.0643212786,2.8575477|2.23272859|2.48507605|1.98672687|2.01311254|1.99213777,0.774109662|0.396652758|0.74402231,0.0368205495|-0.253666043|0.0333999135,0.007852889597415924,0.001764216460287571,0.001774241216480732,0.0022475318983197212
224,11.25,-0.19892570396467363,0.08382930606603622,0.3191964626312256,0.6815477013587952,0.08344468474388123,0.35,3,0,0,0,0,0,0,,,,nan,0,0.6583877801895142,3.7840583324432373,46.60717010498047,0.6967597603797913,1.0,0.5285961425273437,0,1,1,0,0.022987277278139984,0.0,filtered,0.2288445438416569,0,1,12,workspace_x_lower,workspace_x_lower,0,0,1,solved,osqp,6.072675348689494e-11,valid,0.5285961425273437,0.722348613|0.560664576|0.615708552|0.528596143|0.544046328|0.53121983,0.872348613|0.710664576|0.765708552|0.678596143|0.694046328|0.68121983,0.842348613|0.680664576|0.735708552|0.648596143|0.664046328|0.65121983,0.15|0|0.15|0.15|0.15|0.15,0|0|0.0970090142|-0.107312329|-0.161058814|-0.125199436,-0.036030741|0.0138469669|-0.0724743783|-0.0697188894|-0.0688779848|-0.0603902012,2.85336371|2.25650527|2.48736884|1.93735335|1.94624851|1.93928968,0.77595073|0.383969486|0.745692432,0.0368205495|-0.253666043|0.0333999135,0.00777055136859417,0.0017854757606983185,0.0017473474144935608,0.0022644344717264175
225,11.3,-0.17976842115230118,0.08793956786394119,0.31333377957344055,0.6729924082756042,0.08754434436559677,0.35,3,0,0,0,0,0,0,,,,nan,0,0.7086408734321594,3.1639111042022705,47.912235260009766,0.7414880394935608,1.0,0.5208755370885755,0,1,1,0,0.022987277278139984,0.0,filtered,0.2211798304400165,0,0,12,,workspace_x_lower,0,0,1,solved,osqp,5.350983237270568e-07,valid,0.5208755370885755,0.720699112|0.567773672|0.607072045|0.520875537|0.53401363|0.523038184,0.870699112|0.717773672|0.757072045|0.670875537|0.68401363|0.673038184,0.840699112|0.687773672|0.727072045|0.640875537|0.65401363|0.643038184,0.15|0|0.15|0.15|0.15|0.15,0|0|0.109564106|-0.117031484|-0.172665716|-0.131531844,-0.0327859366|0.0164513539|-0.0780258867|-0.0653331095|-0.0649746004|-0.0559777967,2.85001051|2.28754604|2.4598264|1.90113756|1.8984142|1.9046431,0.777791798|0.371286213|0.747362554,0.0368205495|-0.253666043|0.0333999135,0.00754895992577076,0.0016394676640629768,0.0017422307282686234,0.0021487893536686897
226,11.350000000000001,-0.20497270048451469,0.11858589947223663,0.30758965015411377,0.6628249287605286,0.11805249005556107,0.35,3,0,0,0,0,0,0,,,,nan,0,0.681948721408844,2.362931966781616,68.69210815429688,0.6947228908538818,1.0,0.512976999716163,0,1,1,0,0.022987277278139984,0.0,filtered,0.1374065966888345,0,0,12,,workspace_x_lower,0,0,1,solved,osqp,2.339764765477148e-07,valid,0.512976999716163,0.71924176|0.575374896|0.596283563|0.512977|0.523778014|0.514672416,0.86924176|0.725374896|0.746283563|0.662977|0.673778014|0.664672416,0.83924176|0.695374896|0.716283563|0.632977|0.643778014|0.634672416,0.15|0|0.15|0.15|0.15|0.15,0|0|0.105055349|-0.106301305|-0.153801417|-0.110650828,-0.0295114227|0.018654672|-0.0844000667|-0.0608394732|-0.0606848535|-0.0512266274,2.84745562|2.32015426|2.40578953|1.88476722|1.88062579|1.89681221,0.779632866|0.358602941|0.749032676,0.0368205495|-0.253666043|0.0333999135,0.007562252692878246,0.001758696511387825,0.0017092842608690262,0.002027544192969799
227,11.4,-0.21686108684760713,0.1182614341378212,0.3028256893157959,0.6522071361541748,0.11766944080591202,0.35,3,0,0,0,0,0,0,,,,nan,0,0.6642320156097412,3.072705030441284,87.58815002441406,0.6679410934448242,1.0,0.49450424781465496,0,1,1,0,0.022987277278139984,0.0,filtered,0.07593248899412407,0,0,12,,workspace_x_lower,0,0,1,solved,osqp,3.4013600640203645e-07,valid,0.49450424781465496,0.707457311|0.573555195|0.574530015|0.494504248|0.504987674|0.49754575,0.857457311|0.723555195|0.724530015|0.644504248|0.654987674|0.64754575,0.827457311|0.693555195|0.694530015|0.614504248|0.624987674|0.61754575,0.15|0.15|0.15|0.15|0.15|0.15,0|0|0.0854505531|-0.103628906|-0.148365626|-0.110133688,-0.0824573362|-0.0359220403|-0.139882197|-0.117083794|-0.108662573|-0.100053913,2.74737191|2.25829874|2.24368842|1.75730429|1.7629225|1.7799954,0.77861917|0.345919669|0.750702798,-0.0368205495|-0.253666043|0.0333999135,0.007320246659219265,0.00148677546530962,0.0016854126006364822,0.0022444911301136017
228,11.450000000000001,-0.22309597044815774,0.11036210507154465,0.29912489652633667,0.6420679092407227,0.10971095412969589,0.35,3,0,0,0,0,0,0,,,,nan,0,0.6306518316268921,1.9918036460876465,73.28937530517578,0.6423681974411011,1.0,0.48437878859880346,0,1,1,0,0.022987277278139984,0.0,filtered,0.1280417446233234,0,1,12,workspace_x_lower,workspace_x_lower,0,0,1,solved,osqp,6.484614234469888e-11,valid,0.48437878859880346,0.703513144|0.576429894|0.560687112|0.484378789|0.493581958|0.487979051,0.853513144|0.726429894|0.710687112|0.634378789|0.643581958|0.637979051,0.823513144|0.696429894|0.680687112|0.604378789|0.613581958|0.607979051,0.15|0.15|0.15|0.15|0.15|0.15,0|0|0.0627270091|-0.0930233636|-0.127467549|-0.0885862447,-0.0794301763|-0.0332042589|-0.137893169|-0.113656037|-0.105044153|-0.096047934,2.7346224|2.27251532|2.16758229|1.73083575|1.74181613|1.76728203,0.776778102|0.333236396|0.752372921,-0.0368205495|-0.253666043|0.0333999135,0.006762578152120113,0.0014835447072982788,0.001529976725578308,0.0021457504481077194
229,11.5,-0.22474352737658485,0.09937498718500137,0.2963067591190338,0.6325710415840149,0.09866664558649063,0.35,3,0,0,0,0,0,0,,,,nan,0,0.586333155632019,2.2352237701416016,20.09132957458496,0.6066325902938843,1.0,0.47471649150528694,0,1,1,0,0.022987277278139984,0.0,filtered,0.16112849958971406,0,1,12,workspace_x_lower,workspace_x_lower,0,0,1,solved,osqp,2.665227726017516e-10,valid,0.47471649150528694,0.699712088|0.577952584|0.547754014|0.474716492|0.48335987|0.479481397,0.849712088|0.727952584|0.697754014|0.624716492|0.63335987|0.629481397,0.819712088|0.697952584|0.667754014|0.594716492|0.60335987|0.599481397,0.15|0.15|0.15|0.15|0.15|0.15,0|0|0.0408015244|-0.0779808284|-0.0973667063|-0.0588412543,-0.0763748468|-0.0304064314|-0.135851657|-0.110335143|-0.101372402|-0.0920476414,2.72247351|2.2814039|2.09596592|1.71054999|1.73470037|1.76703669,0.774937034|0.320553124|0.754043043,-0.0368205495|-0.253666043|0.0333999135,0.0077395569533109665,0.0017931824550032616,0.001742526888847351,0.0022024083882570267
230,11.55,-0.22413878898987213,0.09114181995391846,0.29407140612602234,0.6236253976821899,0.09037815034389496,0.35,3,0,0,0,0,0,0,,,,nan,0,0.5580769777297974,1.665350079536438,24.69888687133789,0.575570285320282,1.0,0.46569262270947076,0,1,1,0,0.022987277278139984,0.0,filtered,0.1455076504291559,0,1,12,workspace_x_lower,workspace_x_lower,0,0,1,solved,osqp,3.967020982542646e-10,valid,0.46569262270947076,0.696057604|0.578264409|0.536001704|0.465692623|0.474743694|0.472447809,0.846057604|0.728264409|0.686001704|0.615692623|0.624743694|0.622447809,0.816057604|0.698264409|0.656001704|0.585692623|0.594743694|0.592447809,0.15|0.15|0.15|0.15|0.15|0.15,0|0|0.0259347199|-0.0665695|-0.0756326295|-0.0380335392,-0.0732903231|-0.027547023|-0.133654426|-0.107044153|-0.0974990042|-0.0879146728,2.71094009|2.28551061|2.03628711|1.68915684|1.72584314|1.76384303,0.773095965|0.307869852|0.755713165,-0.0368205495|-0.253666043|0.0333999135,0.007482378743588924,0.001671348698437214,0.0016413722187280655,0.0023243585601449013
231,11.600000000000001,-0.22022676322025403,0.08446936309337616,0.2921212911605835,0.6151914000511169,0.08365260809659958,0.35,3,0,0,0,0,0,0,,,,nan,0,0.5183422565460205,1.377577543258667,20.732954025268555,0.5374701023101807,1.0,0.4572287638127971,0,1,1,0,0.022987277278139984,0.0,filtered,0.14595424695879672,0,1,12,workspace_x_lower,workspace_x_lower,0,0,1,solved,osqp,4.668418533693153e-10,valid,0.4572287638127971,0.692552336|0.577896288|0.525164227|0.457228764|0.467338173|0.46658901,0.842552336|0.727896288|0.675164227|0.607228764|0.617338173|0.61658901,0.812552336|0.697896288|0.645164227|0.577228764|0.587338173|0.58658901,0.15|0.15|0.15|0.15|0.15|0.15,0|0|0.0164577545|-0.0566891517|-0.0569230444|-0.0210582652,-0.0701763809|-0.0246137403|-0.131289816|-0.103696358|-0.0934521943|-0.0836538488,2.70003296|2.28697141|1.98582485|1.66852955|1.71897745|1.76164392,0.771254897|0.295186579|0.757383287,-0.0368205495|-0.253666043|0.0333999135,0.007372582331299782,0.0015087742358446121,0.001626669429242611,0.002245284616947174
232,11.65,-0.21413367363190963,0.078207828104496,0.2902948558330536,0.6072477102279663,0.07734119147062302,0.35,3,0,0,0,0,0,0,,,,nan,0,0.4683102071285248,1.610822081565857,14.938928604125977,0.4937450885772705,1.0,0.44929533035115654,0,1,1,0,0.022987277278139984,0.0,filtered,0.15956369917096971,0,1,12,workspace_x_lower,workspace_x_lower,0,0,1,solved,osqp,4.683741137989639e-10,valid,0.44929533035115654,0.689202215|0.577181878|0.515092773|0.44929533|0.460987716|0.461678839,0.839202215|0.727181878|0.665092773|0.59929533|0.610987716|0.611678839,0.809202215|0.697181878|0.635092773|0.56929533|0.580987716|0.581678839,0.15|0.15|0.15|0.15|0.15|0.15,0|0|0.00911981811|-0.0472556059|-0.0385909035|-0.0061319526,-0.0670319366|-0.0216333579|-0.12872373|-0.10022345|-0.0891844669|-0.0792239318,2.68977692|2.28709415|1.94076718|1.64970227|1.71617549|1.76135947,0.769413829|0.282503307|0.759053409,-0.0368205495|-0.253666043|0.0333999135,0.0053739994764328,0.0013557039201259613,0.0011587440967559814,0.001672346144914627
233,11.700000000000001,-0.20825151493808172,0.07393964380025864,0.2884962856769562,0.5996845960617065,0.07302579283714294,0.35,3,0,0,0,0,0,0,,,,nan,0,0.4254511296749115,1.5030642747879028,10.285741806030273,0.45276325941085815,1.0,0.44187462948061096,0,1,1,0,0.022987277278139984,0.0,filtered,0.1574964002137351,0,1,12,workspace_x_lower,workspace_x_lower,0,0,1,solved,osqp,3.287831118470308e-10,valid,0.44187462948061096,0.686010552|0.57625833|0.505744446|0.441874629|0.455633544|0.457578935,0.836010552|0.72625833|0.655744446|0.591874629|0.605633544|0.607578935,0.806010552|0.69625833|0.625744446|0.561874629|0.575633544|0.577578935,0.15|0.15|0.15|0.15|0.15|0.15,0|0|0.00409723325|-0.040785055|-0.0257414009|0.00299529774,-0.0638572354|-0.0186189987|-0.125936312|-0.0966013981|-0.0846715607|-0.0746043876,2.68018497|2.28641432|1.90113871|1.63011206|1.71212121|1.75870665,0.767572761|0.269820035|0.760723531,-0.0368205495|-0.253666043|0.0333999135,0.006910109892487526,0.0014218045398592949,0.0014746002852916718,0.002226904034614563
234,11.75,-0.20368254835049876,0.07155023515224457,0.2866981327533722,0.5924585461616516,0.0705919936299324,0.35,3,0,0,0,0,0,0,,,,nan,0,0.4013643264770508,1.0364707708358765,10.952898979187012,0.42856836318969727,1.0,0.43485694952585774,0,1,1,0,0.022987277278139984,0.0,filtered,0.1525306029920143,0,1,12,workspace_x_lower,workspace_x_lower,0,0,1,solved,osqp,1.9167461541569342e-10,valid,0.43485694952585774,0.682979509|0.575275797|0.49692871|0.43485695|0.4510113|0.454014336,0.832979509|0.725275797|0.64692871|0.58485695|0.6010113|0.604014336,0.802979509|0.695275797|0.61692871|0.55485695|0.5710113|0.574014336,0.15|0.15|0.15|0.15|0.15|0.15,0|0|-0.000289483666|-0.0357214298|-0.0153844406|0.0104846358,-0.0606530932|-0.0155728937|-0.122953733|-0.0928295243|-0.0799577035|-0.0698297578,2.67126494|2.28553029|1.86447162|1.61087684|1.70870306|1.75671222,0.765731692|0.257136762|0.762393653,-0.0368205495|-0.253666043|0.0333999135,0.0073462435975670815,0.0015368806198239326,0.0016947323456406593,0.002178381197154522
235,11.8,-0.20222258733899368,0.0690106675028801,0.28506553173065186,0.5856305956840515,0.06801220029592514,0.35,3,0,0,0,0,0,0,,,,nan,0,0.3727196455001831,0.8603690266609192,8.69599723815918,0.40896162390708923,1.0,0.428199361329625,0,1,1,0,0.022987277278139984,0.0,filtered,0.17036786475164944,0,1,12,workspace_x_lower,workspace_x_lower,0,0,1,solved,osqp,1.0834334818188296e-10,valid,0.428199361329625,0.680111757|0.574272695|0.488562755|0.428199361|0.447038692|0.450967689,0.830111757|0.724272695|0.638562755|0.578199361|0.597038692|0.600967689,0.800111757|0.694272695|0.608562755|0.548199361|0.567038692|0.570967689,0.15|0.15|0.15|0.15|0.15|0.15,0|0|-0.00607838991|-0.0299936577|-0.00567572138|0.0170361365,-0.0574202782|-0.0125063497|-0.119785377|-0.0889049195|-0.0750609395|-0.0649087197,2.66302675|2.28458443|1.82838725|1.59389887|1.70741811|1.75599817,0.763890624|0.24445349|0.764063776,-0.0368205495|-0.253666043|0.0333999135,0.007553297095000744,0.0017873570322990417,0.0017490452155470848,0.0022842707112431526
236,11.850000000000001,-0.20305338287603747,0.06555759161710739,0.28375083208084106,0.5792728662490845,0.06452512741088867,0.35,3,0,0,0,0,0,0,,,,nan,0,0.3364529311656952,1.1459299325942993,8.722182273864746,0.3906312882900238,1.0,0.42195972121089376,0,1,1,0,0.022987277278139984,0.0,filtered,0.2003856470253686,0,1,12,workspace_x_lower,workspace_x_lower,0,0,1,solved,osqp,5.526205708317189e-11,valid,0.42195972121089376,0.677403234|0.573182567|0.480736377|0.421959721|0.443689731|0.448428306,0.827403234|0.723182567|0.630736377|0.571959721|0.593689731|0.598428306,0.797403234|0.693182567|0.600736377|0.541959721|0.563689731|0.568428306,0.15|0.15|0.15|0.15|0.15|0.15,0|0|-0.0137411543|-0.0227362578|0.00580976043|0.0240513643,-0.0541616309|-0.00939508532|-0.116453516|-0.0848489109|-0.0700605301|-0.0599113903,2.6554513|2.28333518|1.79275084|1.58025372|1.71050815|1.7578532,0.762049556|0.231770217|0.765733898,-0.0368205495|-0.253666043|0.0333999135,0.008100147359073162,0.0017833895981311798,0.0018239710479974747,0.0024137236177921295
237,11.9,-0.20599328677875411,0.061683617532253265,0.28286775946617126,0.5733897089958191,0.06062454357743263,0.35,3,0,0,0,0,0,0,,,,nan,0,0.3060281276702881,1.329050898551941,7.272502422332764,0.3796984851360321,1.0,0.416204815054685,0,1,1,0,0.022987277278139984,0.0,filtered,0.22658225546834906,0,1,12,workspace_x_lower,workspace_x_lower,0,0,1,solved,osqp,2.2622846304609645e-11,valid,0.416204815054685,0.674849194|0.571892591|0.473605304|0.416204815|0.441015473|0.446385795,0.824849194|0.721892591|0.623605304|0.566204815|0.591015473|0.596385795,0.794849194|0.691892591|0.593605304|0.536204815|0.561015473|0.566385795,0.15|0.15|0.15|0.15|0.15|0.15,0|0|-0.0226762425|-0.0153886736|0.0173424748|0.0305094469,-0.0508799401|-0.00621838148|-0.112978184|-0.0807004408|-0.0650175652|-0.0548949889,2.64851684|2.28135198|1.75876679|1.56873015|1.7163868|1.76115764,0.760208488|0.219086945|0.76740402,-0.0368205495|-0.253666043|0.0333999135,0.005340287461876869,0.0010597147047519684,0.0012796297669410706,0.0017403438687324524
238,11.950000000000001,-0.2109342609156676,0.05792621895670891,0.2824866473674774,0.5680723190307617,0.05668666213750839,0.35,3,0,0,0,0,0,0,,,,nan,0,0.273101806640625,1.6451377868652344,8.235007286071777,0.3624784052371979,1.0,0.41093139441339444,0,1,1,0,0.022987277278139984,0.0,filtered,0.240100826010612,0,0,12,,workspace_x_lower,0,0,1,solved,osqp,8.551915331436385e-07,valid,0.41093139441339444,0.67244603|0.570309672|0.467235768|0.410931394|0.438999289|0.444782464,0.82244603|0.720309672|0.617235768|0.560931394|0.588999289|0.594782464,0.79244603|0.690309672|0.587235768|0.530931394|0.558999289|0.564782464,0.15|0.15|0.15|0.15|0.15|0.15,0|0|-0.0302852034|-0.0066941203|0.0286931965|0.0351415771,-0.0475774744|-0.00296399143|-0.109396621|-0.0765105597|-0.0599941257|-0.0499158235,2.64220665|2.27827469|1.72926125|1.5605209|1.72469623|1.76435561,0.758367419|0.206403673|0.769074142,-0.0368205495|-0.253666043|0.0333999135,0.006447476334869862,0.0010369373485445976,0.001890670508146286,0.002188965678215027
239,12.0,-0.22045465885983226,0.05447697639465332,0.28279587626457214,0.5634392499923706,0.05325806513428688,0.35,3,0,0,0,0,0,0,,,,nan,0,0.2584921419620514,2.1553351879119873,11.377791404724121,0.3521614074707031,1.0,0.4062283388589557,0,1,1,0,0.022987277278139984,0.0,filtered,0.24087132408413164,0,0,12,,workspace_x_lower,0,0,1,solved,osqp,4.370819563690419e-07,valid,0.4062283388589557,0.670189301|0.568481693|0.461729429|0.406228339|0.437585268|0.443536936,0.820189301|0.718481693|0.611729429|0.556228339|0.587585268|0.593536936,0.790189301|0.688481693|0.581729429|0.526228339|0.557585268|0.563536936,0.15|0.144676289|0.15|0.15|0.15|0.15,0|0|-0.0386725186|0.00446569017|0.0423745919|0.0395139122,-0.0442566373|1.95285123e-17|-0.105728899|-0.0722965685|-0.0550466756|-0.0450171045,2.63650057|2.27392677|1.7025163|1.55708248|1.73766899|1.76864455,0.756526351|0.1937204|0.770744264,-0.0368205495|-0.253666043|0.0333999135,0.00851911399513483,0.0020191213116049767,0.0019266121089458466,0.0023291371762752533
