step,time,reward,cost,goal_error_norm,d_min,risk_global,beta,closest_link,safety_violation,collision,collision_any,collision_capsule_overlap,collision_pybullet_contact,termination_collision,termination_reason,unavoidable_collision,avoidable_collision,collision_avoidability_reason,safe_stop_infeasible_first_step,safe_stop_infeasible_last_step,safe_stop_h_drift_mps,safe_stop_drift_class,collision_contact_link_indices,collision_contact_link_names,collision_min_contact_distance,success,qdot_norm,acc_norm,jerk_norm,qdot_requested_norm,qdot_policy_norm,task_space_goal_error_before_m,task_space_goal_error_after_m,task_space_goal_error_delta_m,task_space_requested_speed_mps,task_space_executed_speed_mps,task_space_requested_toward_goal_mps,task_space_executed_toward_goal_mps,task_space_filter_velocity_loss_mps,task_space_nominal_toward_goal_mps,task_space_recovery_active_for_command,residual_control_enabled,residual_control_mode,residual_control_base_qdot_norm,hierarchical_control_enabled,hierarchical_state,hierarchical_plan_reason,hierarchical_plan_iterations,hierarchical_planning_time_s,hierarchical_planning_time_total_s,hierarchical_ik_candidate_count,hierarchical_ik_found,hierarchical_plan_found,hierarchical_direct_path,hierarchical_selected_candidate_index,hierarchical_selected_path_length_rad,hierarchical_selected_path_min_clearance_m,hierarchical_ik_candidate_errors_m,hierarchical_ik_candidate_clearances_m,hierarchical_ik_attempts_used,hierarchical_ik_fallback_used,hierarchical_ik_fallback_attempted,hierarchical_ik_rejection_counts,hierarchical_selected_path_predictive_h_m,hierarchical_selected_path_filter_intervention,hierarchical_filter_intervention_ratio,hierarchical_filter_status,hierarchical_servo_stall_steps,hierarchical_servo_stall_replans,hierarchical_plan_count,hierarchical_replan_count,hierarchical_hold_steps,hierarchical_consecutive_hold_steps,hierarchical_waypoint_index,hierarchical_waypoint_count,hierarchical_path_progress,hierarchical_residual_budget,hierarchical_nominal_qdot_norm,residual_qdot_norm,risk_speed_scale,risk_speed_h_min_m,recovery_active,recovery_triggered,recovery_success,recovery_initially_unsafe,recovery_initial_h_min_m,recovery_command_norm,safety_filter_status,safety_filter_reason,safety_filter_intervention_norm,safety_filter_safe_stop,safety_filter_active_constraints,safety_filter_constraint_count,safety_filter_active_constraint_categories,safety_filter_max_constraint_category,safety_filter_infeasible_constraint_categories,safety_filter_infeasibility_diagnostic_status,safety_filter_projection_iterations,safety_filter_fallback_used,safety_filter_qp_solver_used,safety_filter_qp_solver_status,safety_filter_fallback_stage,safety_filter_max_constraint_violation,predictive_risk_status,predictive_h_min_m,predictive_max_link_speed_bound_mps,predictive_link_velocity_norms_mps,predictive_h_by_link_m,predictive_distance_by_link_m,predictive_robust_distance_by_link_m,predictive_time_by_link_s,safety_jacobian_command_by_link_mps,safety_drift_by_link_mps,safety_constraint_residual_by_link_mps,filter_obstacle_position_m,filter_obstacle_velocity_mps,safety_filter_solve_time_s,safety_filter_predictive_risk_time_s,safety_filter_jacobian_workspace_time_s,safety_filter_projection_time_s
0,0.05,-3.070153829238884,0.3807106614112854,0.8852174282073975,0.21860940754413605,0.24070796370506287,1.0,2,0,0,0,0,0,0,,0,0,,-1,-1,nan,not_applicable,,,nan,0,0.04853739216923714,0.9707478284835815,19.41495704650879,0.0,0.0,0.8863287267104584,0.8852174282073975,0.001111298503060909,0.0,0.033185928931612145,0.0,0.022258635503355315,-0.022258635503355315,0.0,0,0,disabled,0.0,1,PLAN_FAILED,ik_not_found,0,0.7999788719462231,0.7999788719462231,0,0,0,0,-1,nan,nan,,,256,1,1,"{'solver_error': 0, 'short_solution': 0, 'duplicate': 0, 'goal_error': 256, 'joint_limit': 0, 'workspace': 0, 'obstacle_clearance': 0, 'obstacle_contact': 0, 'self_collision': 0}",nan,nan,0.0,not_enabled,0,0,1,0,0,0,0,0,0.0,0.0,0.0,0.0,1.0,0.043630423196683255,0,0,0,0,0.043630423196683255,0.0,filtered,osqp optimal,0.04853739188542182,0,0,12,,workspace_z_lower,,,0,0,1,solved,osqp,1.465743644235573e-07,valid,0.043630423196683255,0.9203323844684604,0|0|0|0|0|0,,,,,,,,,,0.1620882049901411,0.0023999959230422974,0.0012970990501344204,0.15422518306877464
1,0.1,-2.8886672936932714,0.3574708104133606,0.8801034688949585,0.22138626873493195,0.22973938286304474,1.0,2,0,0,0,0,0,0,,0,0,,-1,-1,nan,not_applicable,,,nan,0,0.20782551169395447,4.087893962860107,84.92322540283203,0.3499999940395355,0.0,0.8852174307444575,0.8801034688949585,0.005113961849498971,0.22447594118721934,0.11938389522148861,-0.027563562266558175,0.10474840267015284,-0.13231196493671102,0.0,1,0,disabled,0.0,1,PLAN_FAILED,ik_not_found,0,0.7999788719462231,0.7999788719462231,0,0,0,0,-1,nan,nan,,,256,1,1,"{'solver_error': 0, 'short_solution': 0, 'duplicate': 0, 'goal_error': 256, 'joint_limit': 0, 'workspace': 0, 'obstacle_clearance': 0, 'obstacle_contact': 0, 'self_collision': 0}",nan,nan,1.0,filtered,0,0,1,0,0,0,0,0,0.0,0.0,0.0,0.0,1.0,0.03947562274174557,1,1,0,0,0.043630423196683255,0.3499999940395355,filtered,,0.31376790616938105,0,1,12,workspace_z_lower|joint_0_acceleration_lower,workspace_z_lower,,,2,0,0,inaccurate_solution,,0.0,valid,0.03947562274174557,0.9204422001991057,0|0.0175129037|0.0306936703|0.0332453451|0.0369699237|0.0332012098,,,,,,,,,,0.010885138064622879,0.002750086016021669,0.0012068150099366903,0.001729157054796815
2,0.15000000000000002,-2.820430412277011,0.3474891185760498,0.8745843172073364,0.22490645945072174,0.22352968156337738,1.0,2,0,0,0,0,0,0,,0,0,,-1,-1,nan,not_applicable,,,nan,0,0.2290802150964737,0.48179394006729126,72.55702209472656,0.3499999940395355,0.0,0.8801034465999351,0.8745843172073364,0.005519129392598687,0.2241809221561737,0.13085539546108974,-0.02656452679417377,0.11053870184637511,-0.13710322864054889,0.0,1,0,disabled,0.0,1,PLAN_FAILED,ik_not_found,0,0.7999788719462231,0.7999788719462231,0,0,0,0,-1,nan,nan,,,256,1,1,"{'solver_error': 0, 'short_solution': 0, 'duplicate': 0, 'goal_error': 256, 'joint_limit': 0, 'workspace': 0, 'obstacle_clearance': 0, 'obstacle_contact': 0, 'self_collision': 0}",nan,nan,0.8964797471794764,filtered,0,0,1,0,0,0,0,0,0.0,0.0,0.0,0.0,1.0,0.04538822332846759,1,1,0,0,0.043630423196683255,0.3499999940395355,filtered,,0.30452523881506854,0,1,12,workspace_z_lower,workspace_z_lower,,,2,0,0,inaccurate_solution,,0.0,valid,0.04538822332846759,0.919960948914337,0|0.0491344904|0.109789574|0.118442568|0.130949522|0.119309216,,,,,,,,,,0.01041285798419267,0.0024362760595977306,0.001216511009261012,0.0016481549246236682
3,0.2,-2.7596043149366736,0.33717456459999084,0.8690474629402161,0.22868938744068146,0.21705645322799683,1.0,2,0,0,0,0,0,0,,0,0,,-1,-1,nan,not_applicable,,,nan,0,0.22792881727218628,0.9080069661140442,21.317378997802734,0.3499999940395355,0.0,0.874584343020959,0.8690474629402161,0.005536880080742934,0.2235729857448717,0.1349439186943511,-0.023988327551883053,0.11084213277251762,-0.13483046032440066,0.0,1,0,disabled,0.0,1,PLAN_FAILED,ik_not_found,0,0.7999788719462231,0.7999788719462231,0,0,0,0,-1,nan,nan,,,256,1,1,"{'solver_error': 0, 'short_solution': 0, 'duplicate': 0, 'goal_error': 256, 'joint_limit': 0, 'workspace': 0, 'obstacle_clearance': 0, 'obstacle_contact': 0, 'self_collision': 0}",nan,nan,0.8700721257174359,filtered,0,0,1,0,0,0,0,0,0.0,0.0,0.0,0.0,1.0,0.04893705657980796,1,1,0,0,0.043630423196683255,0.3499999940395355,filtered,osqp optimal,0.29158684683620284,0,0,12,,workspace_z_lower,,,0,0,1,solved,osqp,9.75228950352014e-07,valid,0.04893705657980796,0.9193881742222133,0|0.0525813478|0.120337224|0.129913735|0.143568718|0.130752383,,,,,,,,,,0.011775500024668872,0.0032990319887176156,0.0013168379664421082,0.0016460800543427467
4,0.25,-2.698326309220266,0.3265073597431183,0.8635412454605103,0.23273150622844696,0.2103615552186966,1.0,2,0,0,0,0,0,0,,0,0,,-1,-1,nan,not_applicable,,,nan,0,0.23178890347480774,0.13489475846290588,17.431978225708008,0.3499999940395355,0.0,0.8690474660570574,0.8635412454605103,0.005506220596547151,0.22314979440040272,0.137165361594923,-0.02136303733471974,0.11023214261322699,-0.13159517994794673,0.0,1,0,disabled,0.0,1,PLAN_FAILED,ik_not_found,0,0.7999788719462231,0.7999788719462231,0,0,0,0,-1,nan,nan,,,256,1,1,"{'solver_error': 0, 'short_solution': 0, 'duplicate': 0, 'goal_error': 256, 'joint_limit': 0, 'workspace': 0, 'obstacle_clearance': 0, 'obstacle_contact': 0, 'self_collision': 0}",nan,nan,0.8331052908625638,filtered,0,0,1,0,0,0,0,0,0.0,0.0,0.0,0.0,1.0,0.05271793965830118,1,1,0,0,0.043630423196683255,0.3499999940395355,filtered,osqp optimal,0.2828301325354171,0,0,12,,workspace_z_lower,,,0,0,1,solved,osqp,9.558239821797626e-07,valid,0.05271793965830118,0.9194289395711118,0|0.0496610291|0.122921462|0.133156996|0.147250169|0.134979979,,,,,,,,,,0.011299722013063729,0.002829679986461997,0.00130375602748245,0.0017011689487844706
5,0.30000000000000004,-2.635974568354578,0.31560075283050537,0.8580459356307983,0.237010195851326,0.20351628959178925,1.0,2,0,0,0,0,0,0,,0,0,,-1,-1,nan,not_applicable,,,nan,0,0.2359192967414856,0.12160027027130127,0.4010966420173645,0.3499999940395355,0.0,0.8635412533864991,0.8580459356307983,0.005495317755700779,0.22269463701759012,0.13958897842206525,-0.01867825645022737,0.11003815874633834,-0.1287164151965657,0.0,1,0,disabled,0.0,1,PLAN_FAILED,ik_not_found,0,0.7999788719462231,0.7999788719462231,0,0,0,0,-1,nan,nan,,,256,1,1,"{'solver_error': 0, 'short_solution': 0, 'duplicate': 0, 'goal_error': 256, 'joint_limit': 0, 'workspace': 0, 'obstacle_clearance': 0, 'obstacle_contact': 0, 'self_collision': 0}",nan,nan,0.808086106719959,filtered,0,0,1,0,0,0,0,0,0.0,0.0,0.0,0.0,1.0,0.05675760899415405,1,1,0,0,0.043630423196683255,0.3499999940395355,filtered,osqp optimal,0.2748616665661962,0,0,12,,workspace_z_lower,,,0,0,1,solved,osqp,9.441299955257471e-07,valid,0.05675760899415405,0.9194777821373753,0|0.0501802779|0.124763157|0.135426916|0.149672321|0.137202269,,,,,,,,,,0.010152074042707682,0.002477964968420565,0.001273216912522912,0.001528128981590271
6,0.35000000000000003,-2.5727079815109946,0.30453914403915405,0.8525403738021851,0.24151133000850677,0.19657376408576965,1.0,2,0,0,0,0,0,0,,0,0,,-1,-1,nan,not_applicable,,,nan,0,0.24047482013702393,0.11577321588993073,0.35887566208839417,0.3499999940395355,0.0,0.858045925985904,0.8525403738021851,0.005505552183718954,0.2221783439047961,0.1422825679630797,-0.01573208870310941,0.1102669994615976,-0.125999088164707,0.0,1,0,disabled,0.0,1,PLAN_FAILED,ik_not_found,0,0.7999788719462231,0.7999788719462231,0,0,0,0,-1,nan,nan,,,256,1,1,"{'solver_error': 0, 'short_solution': 0, 'duplicate': 0, 'goal_error': 256, 'joint_limit': 0, 'workspace': 0, 'obstacle_clearance': 0, 'obstacle_contact': 0, 'self_collision': 0}",nan,nan,0.7853190607058931,filtered,0,0,1,0,0,0,0,0,0.0,0.0,0.0,0.0,1.0,0.06103352921317437,1,1,0,0,0.043630423196683255,0.3499999940395355,filtered,osqp optimal,0.26726475573191244,0,0,12,,workspace_z_lower,,,0,0,1,solved,osqp,9.335592780386481e-07,valid,0.06103352921317437,0.9195333311992497,6.58245711e-18|0.0508644688|0.126705856|0.137879498|0.15231037|0.139626418,,,,,,,,,,0.014982032007537782,0.002524056937545538,0.001395302009768784,0.0015729470178484917
7,0.4,-2.508371481542047,0.29335692524909973,0.8469930291175842,0.24623943865299225,0.18955622613430023,1.0,2,0,0,0,0,0,0,,0,0,,-1,-1,nan,not_applicable,,,nan,0,0.24613098800182343,0.12657491862773895,0.5657393336296082,0.3499999940395355,0.0,0.8525403879916952,0.8469930291175842,0.0055473588741109525,0.22149931279020296,0.14560928604228696,-0.011874415908977668,0.1111364724199597,-0.12301088832893738,0.0,1,0,disabled,0.0,1,PLAN_FAILED,ik_not_found,0,0.7999788719462231,0.7999788719462231,0,0,0,0,-1,nan,nan,,,256,1,1,"{'solver_error': 0, 'short_solution': 0, 'duplicate': 0, 'goal_error': 256, 'joint_limit': 0, 'workspace': 0, 'obstacle_clearance': 0, 'obstacle_contact': 0, 'self_collision': 0}",nan,nan,0.7636136008097263,filtered,0,0,1,0,0,0,0,0,0.0,0.0,0.0,0.0,1.0,0.06553164939607542,1,1,0,0,0.043630423196683255,0.3499999940395355,filtered,osqp optimal,0.25912972937214485,0,0,12,,workspace_z_lower,,,0,0,1,solved,osqp,9.265459962265812e-07,valid,0.06553164939607542,0.9195936217277598,0|0.0517138697|0.128816678|0.140586845|0.155241843|0.142320432,,,,,,,,,,0.010201475932262838,0.002479399088770151,0.0011966130696237087,0.001556966919451952
8,0.45,-2.4424351623951406,0.28203585743904114,0.8413558006286621,0.2512224614620209,0.18245357275009155,1.0,2,0,0,0,0,0,0,,0,0,,-1,-1,nan,not_applicable,,,nan,0,0.253855437040329,0.16367457807064056,1.0026012659072876,0.3499999940395355,0.0,0.8469929904565112,0.8413558006286621,0.0056371898278491095,0.22049852776543763,0.15009415799698203,-0.006138471159828655,0.1129719821118304,-0.11911045327165906,0.0,1,0,disabled,0.0,1,PLAN_FAILED,ik_not_found,0,0.7999788719462231,0.7999788719462231,0,0,0,0,-1,nan,nan,,,256,1,1,"{'solver_error': 0, 'short_solution': 0, 'duplicate': 0, 'goal_error': 256, 'joint_limit': 0, 'workspace': 0, 'obstacle_clearance': 0, 'obstacle_contact': 0, 'self_collision': 0}",nan,nan,0.7403706679574226,filtered,0,0,1,0,0,0,0,0,0.0,0.0,0.0,0.0,1.0,0.07025692770975717,1,1,0,0,0.043630423196683255,0.3499999940395355,filtered,osqp optimal,0.24913110447179435,0,0,12,,workspace_z_lower,,,0,0,1,solved,osqp,9.182149549461296e-07,valid,0.07025692770975717,0.9196497685368065,1.36753434e-17|0.0528534344|0.131430469|0.143917479|0.158872321|0.145645919,,,,,,,,,,0.01028073497582227,0.0024820369435474277,0.0012037960113957524,0.0014972699573263526
9,0.5,-2.378465542561963,0.27083489298820496,0.8357065916061401,0.2563657760620117,0.17542530596256256,1.0,2,0,0,0,0,0,0,,0,0,,-1,-1,nan,not_applicable,,,nan,0,0.2574727237224579,0.08476477116346359,1.9785746335983276,0.3499999940395355,0.0,0.8413557962704201,0.8357065916061401,0.005649204664279983,0.22007500565480018,0.15231511466556316,-0.00407512463435331,0.1132426615991482,-0.1173177862335015,0.0,1,0,disabled,0.0,1,PLAN_FAILED,ik_not_found,0,0.7999788719462231,0.7999788719462231,0,0,0,0,-1,nan,nan,,,256,1,1,"{'solver_error': 0, 'short_solution': 0, 'duplicate': 0, 'goal_error': 256, 'joint_limit': 0, 'workspace': 0, 'obstacle_clearance': 0, 'obstacle_contact': 0, 'self_collision': 0}",nan,nan,0.7118031677556338,filtered,0,0,1,0,0,0,0,0,0.0,0.0,0.0,0.0,1.0,0.07523830180722002,1,1,0,0,0.043630423196683255,0.3499999940395355,filtered,osqp optimal,0.2435806746254479,0,0,12,,workspace_z_lower,,,0,0,1,solved,osqp,9.227213401130641e-07,valid,0.07523830180722002,0.9196834033290623,0|0.05447322|0.135019665|0.148400387|0.163785497|0.150124231,,,,,,,,,,0.010301408008672297,0.0025111109716817737,0.0012284399708732963,0.001550836954265833
10,0.55,-2.4403199645179576,0.26829200983047485,0.8342416882514954,0.25756484270095825,0.17382964491844177,1.0,2,0,0,0,0,0,0,,0,0,,-1,-1,nan,not_applicable,,,nan,0,0.05753600224852562,4.0022454261779785,81.51309204101562,0.0,0.0,0.8357065694766153,0.8342416882514954,0.0014648812251198962,0.0,0.034214880428120965,0.0,0.02690784299975614,-0.02690784299975614,0.0,0,0,disabled,0.0,1,PLAN_FAILED,ik_not_found,0,0.7999788719462231,0.7999788719462231,0,0,0,0,-1,nan,nan,,,256,1,1,"{'solver_error': 0, 'short_solution': 0, 'duplicate': 0, 'goal_error': 256, 'joint_limit': 0, 'workspace': 0, 'obstacle_clearance': 0, 'obstacle_contact': 0, 'self_collision': 0}",nan,nan,0.6959447964960062,filtered,0,0,1,0,0,0,0,0,0.0,0.0,0.0,0.0,1.0,0.08037914088052875,0,1,1,0,0.043630423196683255,0.0,filtered,osqp optimal,0.05753600101849871,0,1,12,workspace_z_lower,workspace_z_lower,,,0,0,1,solved,osqp,1.0383545151308737e-08,valid,0.08037914088052875,0.9197324766922494,0|0.0551987135|0.136452354|0.150593566|0.166174033|0.152347367,,,,,,,,,,0.009227946982719004,0.0025130619760602713,0.0011744890362024307,0.0015852160286158323
11,0.6000000000000001,-2.467322656096474,0.2693517208099365,0.8341416716575623,0.257489949464798,0.17435677349567413,1.0,2,0,0,0,0,0,0,,0,0,,-1,-1,nan,not_applicable,,,nan,0,0.004075717646628618,1.1463626623153687,57.1370735168457,0.0,0.0,0.83424164826256,0.8341416716575623,9.997660499772021e-05,0.0,0.00279139179587746,0.0,0.0019812887773385025,-0.0019812887773385025,0.0,0,0,disabled,0.0,1,PLAN_FAILED,ik_not_found,0,0.7999788719462231,0.7999788719462231,0,0,0,0,-1,nan,nan,,,256,1,1,"{'solver_error': 0, 'short_solution': 0, 'duplicate': 0, 'goal_error': 256, 'joint_limit': 0, 'workspace': 0, 'obstacle_clearance': 0, 'obstacle_contact': 0, 'self_collision': 0}",nan,nan,1.0,filtered,0,0,1,0,0,0,0,0,0.0,0.0,0.0,0.0,1.0,0.0815775500743868,0,1,1,0,0.043630423196683255,0.0,filtered,osqp optimal,0.004075717554414781,0,1,12,workspace_z_lower,workspace_z_lower,,,0,0,1,solved,osqp,1.4286329680455317e-08,valid,0.0815775500743868,0.9197458040419053,0|0.0124188566|0.0304131872|0.0336200542|0.0371770911|0.034212651,,,,,,,,,,0.014407009934075177,0.002534927916713059,0.003128070035018027,0.0023752549896016717
12,0.65,-2.4670706207717155,0.269298791885376,0.8340615630149841,0.2574300169944763,0.17435072362422943,1.0,2,0,0,0,0,0,0,,0,0,,-1,-1,nan,not_applicable,,,nan,0,0.0032541549298912287,0.016431257128715515,22.92369270324707,0.0,0.0,0.8341416590048601,0.8340615630149841,8.009598987601674e-05,0.0,0.002228849755431383,0.0,0.0015817583838065093,-0.0015817583838065093,0.0,0,0,disabled,0.0,1,PLAN_FAILED,ik_not_found,0,0.7999788719462231,0.7999788719462231,0,0,0,0,-1,nan,nan,,,256,1,1,"{'solver_error': 0, 'short_solution': 0, 'duplicate': 0, 'goal_error': 256, 'joint_limit': 0, 'workspace': 0, 'obstacle_clearance': 0, 'obstacle_contact': 0, 'self_collision': 0}",nan,nan,1.0,filtered,0,0,1,0,0,0,0,0,0.0,0.0,0.0,0.0,1.0,0.0812786690432149,0,1,1,0,0.043630423196683255,0.0,filtered,osqp optimal,0.003254154866915326,0,1,12,workspace_z_lower,workspace_z_lower,,,0,0,1,solved,osqp,1.1407628853262602e-08,valid,0.0812786690432149,0.9197558980231101,0|0.00146699273|0.00252253675|0.00279389516|0.00310881034|0.0027927306,,,,,,,,,,0.009366228943690658,0.0025972159346565604,0.0012539969757199287,0.0015118359588086605
13,0.7000000000000001,-2.4669740716353763,0.26925626397132874,0.8339974284172058,0.2573820948600769,0.17434577643871307,1.0,2,0,0,0,0,0,0,,0,0,,-1,-1,nan,not_applicable,,,nan,0,0.002596563659608364,0.013151823543012142,0.06558868288993835,0.0,0.0,0.8340615800727335,0.8339974284172058,6.415165552764446e-05,0.0,0.0017785348071271772,0.0,0.0012620238795319962,-0.0012620238795319962,0.0,0,0,disabled,0.0,1,PLAN_FAILED,ik_not_found,0,0.7999788719462231,0.7999788719462231,0,0,0,0,-1,nan,nan,,,256,1,1,"{'solver_error': 0, 'short_solution': 0, 'duplicate': 0, 'goal_error': 256, 'joint_limit': 0, 'workspace': 0, 'obstacle_clearance': 0, 'obstacle_contact': 0, 'self_collision': 0}",nan,nan,1.0,filtered,0,0,1,0,0,0,0,0,0.0,0.0,0.0,0.0,1.0,0.08126330541231774,0,1,1,0,0.043630423196683255,0.0,filtered,osqp optimal,0.002596563809141111,0,1,12,workspace_z_lower,workspace_z_lower,,,0,0,1,solved,osqp,9.091776248743369e-09,valid,0.08126330541231774,0.9197642308781228,0|0.00117157114|0.00201493906|0.00223127966|0.00248286468|0.00223040112,,,,,,,,,,0.014811184024438262,0.0050664040027186275,0.0012307580327615142,0.0018377990927547216
14,0.75,-2.4668964487659903,0.2692210376262665,0.8339462876319885,0.2573438882827759,0.1743408590555191,1.0,2,0,0,0,0,0,0,,0,0,,-1,-1,nan,not_applicable,,,nan,0,0.0020701494067907333,0.01052828785032034,0.052470725029706955,0.0,0.0,0.8339974177318645,0.8339462876319885,5.1130099876006696e-05,0.0,0.0014180189638443932,0.0,0.001006106261360071,-0.001006106261360071,0.0,0,0,disabled,0.0,1,PLAN_FAILED,ik_not_found,0,0.7999788719462231,0.7999788719462231,0,0,0,0,-1,nan,nan,,,256,1,1,"{'solver_error': 0, 'short_solution': 0, 'duplicate': 0, 'goal_error': 256, 'joint_limit': 0, 'workspace': 0, 'obstacle_clearance': 0, 'obstacle_contact': 0, 'self_collision': 0}",nan,nan,1.0,filtered,0,0,1,0,0,0,0,0,0.0,0.0,0.0,0.0,1.0,0.08125104530264177,0,1,1,0,0.043630423196683255,0.0,filtered,osqp optimal,0.0020701494088742603,0,1,12,workspace_z_lower,workspace_z_lower,,,0,0,1,solved,osqp,7.241762997644077e-09,valid,0.08125104530264177,0.9197710983047759,0|0.000935134831|0.00160849903|0.00178093075|0.0019818131|0.00178026696,,,,,,,,,,0.009155050967819989,0.0025009739911183715,0.0011757730972021818,0.0015150990802794695
15,0.8,-2.4668365834104877,0.26919594407081604,0.833905041217804,0.2573130428791046,0.17433947324752808,1.0,2,0,0,0,0,0,0,,0,0,,-1,-1,nan,not_applicable,,,nan,0,0.0016504587838426232,0.00839381292462349,0.0426894910633564,0.0,0.0,0.8339463063678534,0.833905041217804,4.126515004942988e-05,0.0,0.0011305727385650158,0.0,0.0008020948278439869,-0.0008020948278439869,0.0,0,0,disabled,0.0,1,PLAN_FAILED,ik_not_found,0,0.7999788719462231,0.7999788719462231,0,0,0,0,-1,nan,nan,,,256,1,1,"{'solver_error': 0, 'short_solution': 0, 'duplicate': 0, 'goal_error': 256, 'joint_limit': 0, 'workspace': 0, 'obstacle_clearance': 0, 'obstacle_contact': 0, 'self_collision': 0}",nan,nan,1.0,filtered,0,0,1,0,0,0,0,0,0.0,0.0,0.0,0.0,1.0,0.08124142100553394,0,1,1,0,0.043630423196683255,0.0,filtered,osqp optimal,0.0016504587876315458,0,1,12,workspace_z_lower,workspace_z_lower,,,0,0,1,solved,osqp,5.769290757151949e-09,valid,0.08124142100553394,0.9197766670744557,9.12628141e-24|0.000745529603|0.0012825781|0.00141990957|0.00158008051|0.00141939658,,,,,,,,,,0.009653119021095335,0.002456506947055459,0.001254041912034154,0.0019436120055615902
16,0.8500000000000001,-2.4667865195686467,0.2691729962825775,0.8338721990585327,0.25728851556777954,0.17433616518974304,1.0,2,0,0,0,0,0,0,,0,0,,-1,-1,nan,not_applicable,,,nan,0,0.0013120879884809256,0.006767416372895241,0.032527945935726166,0.0,0.0,0.8339050492820594,0.8338721990585327,3.285022352672584e-05,0.0,0.0008988105785639431,0.0,0.0006376281086186782,-0.0006376281086186782,0.0,0,0,disabled,0.0,1,PLAN_FAILED,ik_not_found,0,0.7999788719462231,0.7999788719462231,0,0,0,0,-1,nan,nan,,,256,1,1,"{'solver_error': 0, 'short_solution': 0, 'duplicate': 0, 'goal_error': 256, 'joint_limit': 0, 'workspace': 0, 'obstacle_clearance': 0, 'obstacle_contact': 0, 'self_collision': 0}",nan,nan,1.0,filtered,0,0,1,0,0,0,0,0,0.0,0.0,0.0,0.0,1.0,0.0812332938910264,0,1,1,0,0.043630423196683255,0.0,filtered,osqp optimal,0.0013120879203668118,0,1,12,workspace_z_lower,workspace_z_lower,,,0,0,1,solved,osqp,4.583740962748467e-09,valid,0.0812332938910264,0.9197815833982214,1.93200035e-23|0.000595289912|0.00102387659|0.00113336143|0.00126143231|0.00113299493,,,,,,,,,,0.012316608102992177,0.0025267431046813726,0.002489851089194417,0.003148537944070995
17,0.9,-2.4667458922044823,0.26915398240089417,0.8338461518287659,0.25726908445358276,0.17433276772499084,1.0,2,0,0,0,0,0,0,,0,0,,-1,-1,nan,not_applicable,,,nan,0,0.0010429491521790624,0.005382774397730827,0.02769283950328827,0.0,0.0,0.833872191637144,0.8338461518287659,2.6039808378119922e-05,0.0,0.0007144587353344057,0.0,0.0005068205255069409,-0.0005068205255069409,0.0,0,0,disabled,0.0,1,PLAN_FAILED,ik_not_found,0,0.7999788719462231,0.7999788719462231,0,0,0,0,-1,nan,nan,,,256,1,1,"{'solver_error': 0, 'short_solution': 0, 'duplicate': 0, 'goal_error': 256, 'joint_limit': 0, 'workspace': 0, 'obstacle_clearance': 0, 'obstacle_contact': 0, 'self_collision': 0}",nan,nan,1.0,filtered,0,0,1,0,0,0,0,0,0.0,0.0,0.0,0.0,1.0,0.08122719329862815,0,1,1,0,0.043630423196683255,0.0,filtered,osqp optimal,0.0010429492231673844,0,1,12,workspace_z_lower,workspace_z_lower,,,0,0,1,solved,osqp,3.641769356996921e-09,valid,0.08122719329862815,0.9197854482480552,7.91060556e-24|0.0004729821|0.000813703145|0.000900659855|0.00100232548|0.000900370347,,,,,,,,,,0.009242043015547097,0.0025204289704561234,0.001222554943524301,0.0015352950431406498
18,0.9500000000000001,-2.466714894300094,0.26914092898368835,0.8338251709938049,0.2572534680366516,0.17433185875415802,1.0,2,0,0,0,0,0,0,,0,0,,-1,-1,nan,not_applicable,,,nan,0,0.0008291185367852449,0.004276612773537636,0.02212323620915413,0.0,0.0,0.8338461778085275,0.8338251709938049,2.1006814722612788e-05,0.0,0.0005679860868843939,0.0,0.00040289985610245636,-0.00040289985610245636,0.0,0,0,disabled,0.0,1,PLAN_FAILED,ik_not_found,0,0.7999788719462231,0.7999788719462231,0,0,0,0,-1,nan,nan,,,256,1,1,"{'solver_error': 0, 'short_solution': 0, 'duplicate': 0, 'goal_error': 256, 'joint_limit': 0, 'workspace': 0, 'obstacle_clearance': 0, 'obstacle_contact': 0, 'self_collision': 0}",nan,nan,1.0,filtered,0,0,1,0,0,0,0,0,0.0,0.0,0.0,0.0,1.0,0.08122239601649467,0,1,1,0,0.043630423196683255,0.0,filtered,osqp optimal,0.000829118585087757,0,1,12,workspace_z_lower,workspace_z_lower,,,0,0,1,solved,osqp,2.8940034943122916e-09,valid,0.08122239601649467,0.9197883990767275,3.93013067e-24|0.000375780774|0.000646607638|0.000715674425|0.000796421181|0.000715444629,,,,,,,,,,0.01492822403088212,0.004253220045939088,0.0020196320256218314,0.0019043759675696492
19,1.0,-2.4666925297285234,0.26912930607795715,0.8338086009025574,0.2572409510612488,0.17433033883571625,1.0,2,0,0,0,0,0,0,,0,0,,-1,-1,nan,not_applicable,,,nan,0,0.0006572908605448902,0.0034365542232990265,0.016801169142127037,0.0,0.0,0.8338251638940373,0.8338086009025574,1.6562991479895928e-05,0.0,0.0004502818084542098,0.0,0.0003193960973494138,-0.0003193960973494138,0.0,0,0,disabled,0.0,1,PLAN_FAILED,ik_not_found,0,0.7999788719462231,0.7999788719462231,0,0,0,0,-1,nan,nan,,,256,1,1,"{'solver_error': 0, 'short_solution': 0, 'duplicate': 0, 'goal_error': 256, 'joint_limit': 0, 'workspace': 0, 'obstacle_clearance': 0, 'obstacle_contact': 0, 'self_collision': 0}",nan,nan,1.0,filtered,0,0,1,0,0,0,0,0,0.0,0.0,0.0,0.0,1.0,0.08121833524523073,0,1,1,0,0.043630423196683255,0.0,filtered,osqp optimal,0.0006572908637431518,0,1,12,workspace_z_lower,workspace_z_lower,,,0,0,1,solved,osqp,2.29354385510765e-09,valid,0.08121833524523073,0.919790916569993,6.28671429e-24|0.000299077276|0.000514519059|0.000569434466|0.000633745919|0.00056926674,,,,,,,,,,0.010012915940023959,0.002889712923206389,0.001442829961888492,0.0014981389977037907
20,1.05,-2.4666728353034557,0.2691194415092468,0.8337955474853516,0.25723108649253845,0.17432864010334015,1.0,2,0,0,0,0,0,0,,0,0,,-1,-1,nan,not_applicable,,,nan,0,0.0005191443488001823,0.0027629309333860874,0.013472497463226318,0.0,0.0,0.83380863134346,0.8337955474853516,1.308385810838697e-05,0.0,0.0003556478425167212,0.0,0.00025228990543804436,-0.00025228990543804436,0.0,0,0,disabled,0.0,1,PLAN_FAILED,ik_not_found,0,0.3002175820292905,1.1001964539755136,0,0,0,0,-1,nan,nan,,,320,1,1,"{'solver_error': 0, 'short_solution': 0, 'duplicate': 0, 'goal_error': 320, 'joint_limit': 0, 'workspace': 0, 'obstacle_clearance': 0, 'obstacle_contact': 0, 'self_collision': 0}",nan,nan,1.0,filtered,0,0,2,0,0,0,0,0,0.0,0.0,0.0,0.0,1.0,0.08121525324390896,0,1,1,0,0.043630423196683255,0.0,filtered,osqp optimal,0.0005191443431742914,0,0,12,,workspace_z_lower,,,0,0,1,solved,osqp,9.006340530600776e-07,valid,0.08121525324390896,0.91979270897427,9.38954413e-25|0.000236742067|0.000407445181|0.000450931999|0.000501788178|0.000450793322,,,,,,,,,,0.31185975892003626,0.0029235859401524067,0.0012412910582497716,0.0026124391006305814
21,1.1,-2.466655530697148,0.269111692905426,0.8337851762771606,0.25722330808639526,0.17432714998722076,1.0,2,0,0,0,0,0,0,,0,0,,-1,-1,nan,not_applicable,,,nan,0,0.0004114632902201265,0.0021536212880164385,0.01218622736632824,0.0,0.0,0.8337955467268743,0.8337851762771606,1.0370449713636987e-05,0.0,0.0002818815608440868,0.0,0.00019995736126484463,-0.00019995736126484463,0.0,0,0,disabled,0.0,1,PLAN_FAILED,ik_not_found,0,0.3002175820292905,1.1001964539755136,0,0,0,0,-1,nan,nan,,,320,1,1,"{'solver_error': 0, 'short_solution': 0, 'duplicate': 0, 'goal_error': 320, 'joint_limit': 0, 'workspace': 0, 'obstacle_clearance': 0, 'obstacle_contact': 0, 'self_collision': 0}",nan,nan,1.0,filtered,0,0,2,0,0,0,0,0,0.0,0.0,0.0,0.0,1.0,0.08121292838633204,0,1,1,0,0.043630423196683255,0.0,filtered,osqp optimal,0.0004114632858741521,0,0,12,,workspace_z_lower,,,0,0,1,solved,osqp,7.137597749902686e-07,valid,0.08121292838633204,0.9197938335249956,7.79043493e-24|0.000186985976|0.000321825146|0.000356163604|0.000396333984|0.000356057461,,,,,,,,,,0.013760047033429146,0.004699554992839694,0.0011765649542212486,0.0016463269712403417
22,1.1500000000000001,-2.466643555233933,0.26910558342933655,0.8337770104408264,0.257217139005661,0.17432594299316406,1.0,2,0,0,0,0,0,0,,0,0,,-1,-1,nan,not_applicable,,,nan,0,0.00032612294307909906,0.0017068067099899054,0.008936289697885513,0.0,0.0,0.8337851613498903,0.8337770104408264,8.150909063919798e-06,0.0,0.00022341878567279163,0.0,0.0001584832323620159,-0.0001584832323620159,0.0,0,0,disabled,0.0,1,PLAN_FAILED,ik_not_found,0,0.3002175820292905,1.1001964539755136,0,0,0,0,-1,nan,nan,,,320,1,1,"{'solver_error': 0, 'short_solution': 0, 'duplicate': 0, 'goal_error': 320, 'joint_limit': 0, 'workspace': 0, 'obstacle_clearance': 0, 'obstacle_contact': 0, 'self_collision': 0}",nan,nan,1.0,filtered,0,0,2,0,0,0,0,0,0.0,0.0,0.0,0.0,1.0,0.08121099977258933,0,1,1,0,0.043630423196683255,0.0,filtered,osqp optimal,0.0003261229431518481,0,0,12,,workspace_z_lower,,,0,0,1,solved,osqp,5.656807151927965e-07,valid,0.08121099977258933,0.9197947206521295,3.08610579e-24|0.000148195586|0.000255072865|0.000282282597|0.000314120105|0.000282198961,,,,,,,,,,0.009850444039329886,0.002591073978692293,0.001293659908697009,0.001521941041573882
23,1.2000000000000002,-2.4666324173747927,0.26910102367401123,0.8337704539299011,0.25721225142478943,0.17432530224323273,1.0,2,0,0,0,0,0,0,,0,0,,-1,-1,nan,not_applicable,,,nan,0,0.00025858476874418557,0.0013507636031135917,0.007120861671864986,0.0,0.0,0.833777018453795,0.8337704539299011,6.564523893914931e-06,0.0,0.00017715086843662374,0.0,0.0001256612286124064,-0.0001256612286124064,0.0,0,0,disabled,0.0,1,PLAN_FAILED,ik_not_found,0,0.3002175820292905,1.1001964539755136,0,0,0,0,-1,nan,nan,,,320,1,1,"{'solver_error': 0, 'short_solution': 0, 'duplicate': 0, 'goal_error': 320, 'joint_limit': 0, 'workspace': 0, 'obstacle_clearance': 0, 'obstacle_contact': 0, 'self_collision': 0}",nan,nan,1.0,filtered,0,0,2,0,0,0,0,0,0.0,0.0,0.0,0.0,1.0,0.08120946059560208,0,1,1,0,0.043630423196683255,0.0,filtered,osqp optimal,0.00025858476713976595,0,0,12,,workspace_z_lower,,,0,0,1,solved,osqp,4.485063716416727e-07,valid,0.08120946059560208,0.9197955529098889,2.44313633e-24|0.000117458043|0.000202173245|0.000223735824|0.000248970305|0.000223669881,,,,,,,,,,0.01395046804100275,0.0025796469999477267,0.0027092209784314036,0.002014584024436772
24,1.25,-2.4666266069816034,0.26909708976745605,0.8337653875350952,0.25720837712287903,0.17432451248168945,1.0,2,0,0,0,0,0,0,,0,0,,-1,-1,nan,not_applicable,,,nan,0,0.0002049212926067412,0.0010732696391642094,0.005549879744648933,0.0,0.0,0.8337704844040795,0.8337653875350952,5.096868984311165e-06,0.0,0.0001403877175032561,0.0,9.958241939205614e-05,-9.958241939205614e-05,0.0,0,0,disabled,0.0,1,PLAN_FAILED,ik_not_found,0,0.3002175820292905,1.1001964539755136,0,0,0,0,-1,nan,nan,,,320,1,1,"{'solver_error': 0, 'short_solution': 0, 'duplicate': 0, 'goal_error': 320, 'joint_limit': 0, 'workspace': 0, 'obstacle_clearance': 0, 'obstacle_contact': 0, 'self_collision': 0}",nan,nan,1.0,filtered,0,0,2,0,0,0,0,0,0.0,0.0,0.0,0.0,1.0,0.08120823778862743,0,1,1,0,0.043630423196683255,0.0,filtered,osqp optimal,0.00020492127997390699,0,0,12,,workspace_z_lower,,,0,0,1,solved,osqp,3.554130093588693e-07,valid,0.08120823778862743,0.9197961235453629,0|9.31323907e-05|0.000160306604|0.000177401365|0.000197410035|0.000177349323,,,,,,,,,,0.009226333000697196,0.0024784239940345287,0.0011989769991487265,0.0015794549835845828
25,1.3,-2.466617897586662,0.2690940499305725,0.8337612748146057,0.2572053074836731,0.1743239462375641,1.0,2,0,0,0,0,0,0,,0,0,,-1,-1,nan,not_applicable,,,nan,0,0.00016242716810666025,0.0008498822571709752,0.0044677481055259705,0.0,0.0,0.8337653614018963,0.8337612748146057,4.08658729056377e-06,0.0,0.00011127614922393831,0.0,7.89318233000559e-05,-7.89318233000559e-05,0.0,0,0,disabled,0.0,1,PLAN_FAILED,ik_not_found,0,0.3002175820292905,1.1001964539755136,0,0,0,0,-1,nan,nan,,,320,1,1,"{'solver_error': 0, 'short_solution': 0, 'duplicate': 0, 'goal_error': 320, 'joint_limit': 0, 'workspace': 0, 'obstacle_clearance': 0, 'obstacle_contact': 0, 'self_collision': 0}",nan,nan,1.0,filtered,0,0,2,0,0,0,0,0,0.0,0.0,0.0,0.0,1.0,0.08120729487079573,0,1,1,0,0.043630423196683255,0.0,filtered,osqp optimal,0.0001624271709004237,0,0,12,,workspace_z_lower,,,0,0,1,solved,osqp,2.8170174828665647e-07,valid,0.08120729487079573,0.9197966501916617,0|7.3804925e-05|0.000127040709|0.000140586436|0.000156442977|0.00014054539,,,,,,,,,,0.009222692926414311,0.002515787025913596,0.0012060148874297738,0.0015392639907076955
26,1.35,-2.466613401753123,0.2690919041633606,0.8337579965591431,0.2572028338909149,0.17432379722595215,1.0,2,0,0,0,0,0,0,,0,0,,-1,-1,nan,not_applicable,,,nan,0,0.00012874628009740263,0.0006736178183928132,0.0035252883099019527,0.0,0.0,0.8337612619011507,0.8337579965591431,3.2653420076744766e-06,0.0,8.820213836972488e-05,0.0,6.25642651868614e-05,-6.25642651868614e-05,0.0,0,0,disabled,0.0,1,PLAN_FAILED,ik_not_found,0,0.3002175820292905,1.1001964539755136,0,0,0,0,-1,nan,nan,,,320,1,1,"{'solver_error': 0, 'short_solution': 0, 'duplicate': 0, 'goal_error': 320, 'joint_limit': 0, 'workspace': 0, 'obstacle_clearance': 0, 'obstacle_contact': 0, 'self_collision': 0}",nan,nan,1.0,filtered,0,0,2,0,0,0,0,0,0.0,0.0,0.0,0.0,1.0,0.08120652995395378,0,1,1,0,0.043630423196683255,0.0,filtered,osqp optimal,0.00012874627928971685,0,0,12,,workspace_z_lower,,,0,0,1,solved,osqp,2.2328182857341906e-07,valid,0.08120652995395378,0.9197970049130246,0|5.8499865e-05|0.000100697468|0.000111433322|0.000124001773|0.000111400878,,,,,,,,,,0.009529829025268555,0.002687619999051094,0.0012356590013951063,0.0015509870136156678
27,1.4000000000000001,-2.4666097416442074,0.2690899074077606,0.8337554335594177,0.2572008967399597,0.17432332038879395,1.0,2,0,0,0,0,0,0,,0,0,,-1,-1,nan,not_applicable,,,nan,0,0.00010204602585872635,0.0005340049974620342,0.002792256884276867,0.0,0.0,0.833757994931626,0.8337554335594177,2.5613722082207246e-06,0.0,6.991033257360566e-05,0.0,4.9589117044001053e-05,-4.9589117044001053e-05,0.0,0,0,disabled,0.0,1,PLAN_FAILED,ik_not_found,0,0.3002175820292905,1.1001964539755136,0,0,0,0,-1,nan,nan,,,320,1,1,"{'solver_error': 0, 'short_solution': 0, 'duplicate': 0, 'goal_error': 320, 'joint_limit': 0, 'workspace': 0, 'obstacle_clearance': 0, 'obstacle_contact': 0, 'self_collision': 0}",nan,nan,1.0,filtered,0,0,2,0,0,0,0,0,0.0,0.0,0.0,0.0,1.0,0.08120591252230006,0,1,1,0,0.043630423196683255,0.0,filtered,osqp optimal,0.00010204603113192903,0,0,12,,workspace_z_lower,,,0,0,1,solved,osqp,1.7697224794565127e-07,valid,0.08120591252230006,0.9197972112490175,0|4.63692231e-05|7.98175179e-05|8.83266091e-05|9.82889027e-05|8.83009568e-05,,,,,,,,,,0.009613596019335091,0.0025781510630622506,0.0013129550497978926,0.0015663750236853957
28,1.4500000000000002,-2.466607393770737,0.26908859610557556,0.8337534070014954,0.25719937682151794,0.1743232011795044,1.0,2,0,0,0,0,0,0,,0,0,,-1,-1,nan,not_applicable,,,nan,0,8.09302509878762e-05,0.00042231555562466383,0.0022337893024086952,0.0,0.0,0.8337554467292936,0.8337534070014954,2.0397277982198148e-06,0.0,5.5444282979048796e-05,0.0,3.932783440246822e-05,-3.932783440246822e-05,0.0,0,0,disabled,0.0,1,PLAN_FAILED,ik_not_found,0,0.3002175820292905,1.1001964539755136,0,0,0,0,-1,nan,nan,,,320,1,1,"{'solver_error': 0, 'short_solution': 0, 'duplicate': 0, 'goal_error': 320, 'joint_limit': 0, 'workspace': 0, 'obstacle_clearance': 0, 'obstacle_contact': 0, 'self_collision': 0}",nan,nan,1.0,filtered,0,0,2,0,0,0,0,0,0.0,0.0,0.0,0.0,1.0,0.08120542696215804,0,1,1,0,0.043630423196683255,0.0,filtered,osqp optimal,8.093025261519791e-05,0,0,12,,workspace_z_lower,,,0,0,1,solved,osqp,1.4034996900205623e-07,valid,0.08120542696215804,0.9197977800785762,0|3.67528187e-05|6.32648728e-05|7.00089342e-05|7.79052349e-05|6.99886348e-05,,,,,,,,,,0.009627999039366841,0.0029430940048769116,0.0012004340533167124,0.001460083993151784
29,1.5,-2.4666034571586124,0.2690870761871338,0.8337517976760864,0.25719815492630005,0.174322709441185,1.0,2,0,0,0,0,0,0,,0,0,,-1,-1,nan,not_applicable,,,nan,0,6.417728582164273e-05,0.0003350593033246696,0.001745124813169241,0.0,0.0,0.8337534251414109,0.8337517976760864,1.627465324505195e-06,0.0,4.3967098728351904e-05,0.0,3.118671857268704e-05,-3.118671857268704e-05,0.0,0,0,disabled,0.0,1,PLAN_FAILED,ik_not_found,0,0.3002175820292905,1.1001964539755136,0,0,0,0,-1,nan,nan,,,320,1,1,"{'solver_error': 0, 'short_solution': 0, 'duplicate': 0, 'goal_error': 320, 'joint_limit': 0, 'workspace': 0, 'obstacle_clearance': 0, 'obstacle_contact': 0, 'self_collision': 0}",nan,nan,1.0,filtered,0,0,2,0,0,0,0,0,0.0,0.0,0.0,0.0,1.0,0.08120503782293126,0,1,1,0,0.043630423196683255,0.0,filtered,osqp optimal,6.417728648181792e-05,0,0,12,,workspace_z_lower,,,0,0,1,solved,osqp,1.1129525950856023e-07,valid,0.08120503782293126,0.91979775267913,0|2.91475749e-05|5.0173911e-05|5.55222273e-05|6.17845632e-05|5.55061527e-05,,,,,,,,,,0.009415967972017825,0.0025771009968593717,0.0013192000333219767,0.001496596960350871
30,1.55,-2.466602978225327,0.26908639073371887,0.8337505459785461,0.25719720125198364,0.17432275414466858,1.0,2,0,0,0,0,0,0,,0,0,,-1,-1,nan,not_applicable,,,nan,0,5.082730785943568e-05,0.00026699958834797144,0.0013611942995339632,0.0,0.0,0.833751832479082,0.8337505459785461,1.2865005358797532e-06,0.0,3.482122134655478e-05,0.0,2.469930637955463e-05,-2.469930637955463e-05,0.0,0,0,disabled,0.0,1,PLAN_FAILED,ik_not_found,0,0.3002175820292905,1.1001964539755136,0,0,0,0,-1,nan,nan,,,320,1,1,"{'solver_error': 0, 'short_solution': 0, 'duplicate': 0, 'goal_error': 320, 'joint_limit': 0, 'workspace': 0, 'obstacle_clearance': 0, 'obstacle_contact': 0, 'self_collision': 0}",nan,nan,1.0,filtered,0,0,2,0,0,0,0,0,0.0,0.0,0.0,0.0,1.0,0.08120475558989637,0,1,1,0,0.043630423196683255,0.0,filtered,osqp optimal,5.082730957136231e-05,0,1,12,workspace_z_lower,workspace_z_lower,,,0,0,1,solved,osqp,8.814295575590588e-08,valid,0.08120475558989637,0.9197979066015148,0|2.31138761e-05|3.97878556e-05|4.40289047e-05|4.89949239e-05|4.4016175e-05,,,,,,,,,,0.011363369063474238,0.00448640005197376,0.0011929179308936,0.0015456649707630277
31,1.6,-2.4665986849000525,0.2690854072570801,0.8337494730949402,0.25719645619392395,0.17432235181331635,1.0,2,0,0,0,0,0,0,,0,0,,-1,-1,nan,not_applicable,,,nan,0,4.026951501145959e-05,0.00021115582785569131,0.0011168749770149589,0.0,0.0,0.8337505457181298,0.8337494730949402,1.0726231896018845e-06,0.0,2.7588212974226204e-05,0.0,1.9568767224162907e-05,-1.9568767224162907e-05,0.0,0,0,disabled,0.0,1,PLAN_FAILED,ik_not_found,0,0.3002175820292905,1.1001964539755136,0,0,0,0,-1,nan,nan,,,320,1,1,"{'solver_error': 0, 'short_solution': 0, 'duplicate': 0, 'goal_error': 320, 'joint_limit': 0, 'workspace': 0, 'obstacle_clearance': 0, 'obstacle_contact': 0, 'self_collision': 0}",nan,nan,1.0,filtered,0,0,2,0,0,0,0,0,0.0,0.0,0.0,0.0,1.0,0.08120449876478769,0,1,1,0,0.043630423196683255,0.0,filtered,osqp optimal,4.0269518161277974e-05,0,1,12,workspace_z_lower,workspace_z_lower,,,0,0,1,solved,osqp,6.983339926336317e-08,valid,0.08120449876478769,0.9197980281251792,0|1.83059826e-05|3.15116807e-05|3.48704463e-05|3.88035082e-05|3.48603829e-05,,,,,,,,,,0.016264781006611884,0.004589032963849604,0.0021356489742174745,0.002381974016316235
32,1.6500000000000001,-2.4666014255224398,0.2690850794315338,0.8337487578392029,0.2571958005428314,0.17432256042957306,1.0,2,0,0,0,0,0,0,,0,0,,-1,-1,nan,not_applicable,,,nan,0,3.198034391971305e-05,0.00016578349459450692,0.0009074467234313488,0.0,0.0,0.8337495073848886,0.8337487578392029,7.495456857409266e-07,0.0,2.190940852748264e-05,0.0,1.5540674408941077e-05,-1.5540674408941077e-05,0.0,0,0,disabled,0.0,1,PLAN_FAILED,ik_not_found,0,0.3002175820292905,1.1001964539755136,0,0,0,0,-1,nan,nan,,,320,1,1,"{'solver_error': 0, 'short_solution': 0, 'duplicate': 0, 'goal_error': 320, 'joint_limit': 0, 'workspace': 0, 'obstacle_clearance': 0, 'obstacle_contact': 0, 'self_collision': 0}",nan,nan,1.0,filtered,0,0,2,0,0,0,0,0,0.0,0.0,0.0,0.0,1.0,0.08120432186373083,0,1,1,0,0.043630423196683255,0.0,filtered,osqp optimal,3.198034152669522e-05,0,1,12,workspace_z_lower,workspace_z_lower,,,0,0,1,solved,osqp,5.5458313071334167e-08,valid,0.08120432186373083,0.919798125184762,0|1.45034295e-05|2.49661104e-05|2.76271366e-05|3.0743222e-05|2.76191744e-05,,,,,,,,,,0.013531250995583832,0.003953329054638743,0.0017433579778298736,0.0020255480194464326
33,1.7000000000000002,-2.466595702288036,0.26908424496650696,0.8337480425834656,0.2571953535079956,0.17432212829589844,1.0,2,0,0,0,0,0,0,,0,0,,-1,-1,nan,not_applicable,,,nan,0,2.5349025236209854e-05,0.00013262634456623346,0.0006631429423578084,0.0,0.0,0.8337487311636669,0.8337480425834656,6.885802013023579e-07,0.0,1.7366365404408662e-05,0.0,1.2318209442224943e-05,-1.2318209442224943e-05,0.0,0,0,disabled,0.0,1,PLAN_FAILED,ik_not_found,0,0.3002175820292905,1.1001964539755136,0,0,0,0,-1,nan,nan,,,320,1,1,"{'solver_error': 0, 'short_solution': 0, 'duplicate': 0, 'goal_error': 320, 'joint_limit': 0, 'workspace': 0, 'obstacle_clearance': 0, 'obstacle_contact': 0, 'self_collision': 0}",nan,nan,1.0,filtered,0,0,2,0,0,0,0,0,0.0,0.0,0.0,0.0,1.0,0.0812041578449694,0,1,1,0,0.043630423196683255,0.0,filtered,osqp optimal,2.5349024887588888e-05,0,1,12,workspace_z_lower,workspace_z_lower,,,0,0,1,solved,osqp,4.395846552890465e-08,valid,0.0812041578449694,0.9197982018370783,0|1.15177537e-05|1.98267489e-05|2.19399673e-05|2.44145655e-05|2.1933629e-05,,,,,,,,,,0.013205669005401433,0.003649958991445601,0.001753052114509046,0.0020294919377192855
34,1.75,-2.466598880411258,0.2690843641757965,0.8337475657463074,0.2571949362754822,0.17432254552841187,1.0,2,0,0,0,0,0,0,,0,0,,-1,-1,nan,not_applicable,,,nan,0,2.0026522179250605e-05,0.0001064500684151426,0.0005235254648141563,0.0,0.0,0.833748080347076,0.8337475657463074,5.14600768664053e-07,0.0,1.3719977211373665e-05,0.0,9.731764785946556e-06,-9.731764785946556e-06,0.0,0,0,disabled,0.0,1,PLAN_FAILED,ik_not_found,0,0.3002175820292905,1.1001964539755136,0,0,0,0,-1,nan,nan,,,320,1,1,"{'solver_error': 0, 'short_solution': 0, 'duplicate': 0, 'goal_error': 320, 'joint_limit': 0, 'workspace': 0, 'obstacle_clearance': 0, 'obstacle_contact': 0, 'self_collision': 0}",nan,nan,1.0,filtered,0,0,2,0,0,0,0,0,0.0,0.0,0.0,0.0,1.0,0.08120406147105849,0,1,1,0,0.043630423196683255,0.0,filtered,osqp optimal,2.0026520773306095e-05,0,1,12,workspace_z_lower,workspace_z_lower,,,0,0,1,solved,osqp,3.472840456769247e-08,valid,0.08120406147105849,0.9197982626426555,0|9.1296294e-06|1.57157763e-05|1.73907978e-05|1.93523216e-05|1.73857898e-05,,,,,,,,,,0.013062875950708985,0.0036199199967086315,0.001780983991920948,0.0020058780210092664
35,1.8,-2.466596177642591,0.26908376812934875,0.833747148513794,0.2571946978569031,0.17432212829589844,1.0,2,0,0,0,0,0,0,,0,0,,-1,-1,nan,not_applicable,,,nan,0,1.5925579646136612e-05,8.201885066227987e-05,0.000488624325953424,0.0,0.0,0.8337475686199849,0.833747148513794,4.201061909459014e-07,0.0,1.0910464605953796e-05,0.0,7.738933589786358e-06,-7.738933589786358e-06,0.0,0,0,disabled,0.0,1,PLAN_FAILED,ik_not_found,0,0.3002175820292905,1.1001964539755136,0,0,0,0,-1,nan,nan,,,320,1,1,"{'solver_error': 0, 'short_solution': 0, 'duplicate': 0, 'goal_error': 320, 'joint_limit': 0, 'workspace': 0, 'obstacle_clearance': 0, 'obstacle_contact': 0, 'self_collision': 0}",nan,nan,1.0,filtered,0,0,2,0,0,0,0,0,0.0,0.0,0.0,0.0,1.0,0.08120394945340476,0,1,1,0,0.043630423196683255,0.0,filtered,osqp optimal,1.5925579312190515e-05,0,1,12,workspace_z_lower,workspace_z_lower,,,0,0,1,solved,osqp,2.7616781238753337e-08,valid,0.08120394945340476,0.9197983107469642,0|7.21290054e-06|1.24162546e-05|1.37395804e-05|1.52892994e-05|1.37356332e-05,,,,,,,,,,0.013157021952793002,0.0036748949205502868,0.0017515539657324553,0.0019955859752371907
36,1.85,-2.466597647495731,0.26908352971076965,0.8337469100952148,0.2571944296360016,0.17432211339473724,1.0,2,0,0,0,0,0,0,,0,0,,-1,-1,nan,not_applicable,,,nan,0,1.2609926670847926e-05,6.631304131587967e-05,0.00031411624513566494,0.0,0.0,0.8337471799147443,0.8337469100952148,2.6981952949700627e-07,0.0,8.638944630380039e-06,0.0,6.127710644369077e-06,-6.127710644369077e-06,0.0,0,0,disabled,0.0,1,PLAN_FAILED,ik_not_found,0,0.3002175820292905,1.1001964539755136,0,0,0,0,-1,nan,nan,,,320,1,1,"{'solver_error': 0, 'short_solution': 0, 'duplicate': 0, 'goal_error': 320, 'joint_limit': 0, 'workspace': 0, 'obstacle_clearance': 0, 'obstacle_contact': 0, 'self_collision': 0}",nan,nan,1.0,filtered,0,0,2,0,0,0,0,0,0.0,0.0,0.0,0.0,1.0,0.08120388741244675,0,1,1,0,0.043630423196683255,0.0,filtered,osqp optimal,1.2609927398585446e-05,0,1,12,workspace_z_lower,workspace_z_lower,,,0,0,1,solved,osqp,2.186700007235556e-08,valid,0.08120388741244675,0.9197983488965429,0|5.73554146e-06|9.87327964e-06|1.09255803e-05|1.21578673e-05|1.09224263e-05,,,,,,,,,,0.013126750010997057,0.00362643098924309,0.001767273060977459,0.0020771250128746033
37,1.9000000000000001,-2.4665956999176584,0.26908355951309204,0.833746612071991,0.25719425082206726,0.17432226240634918,1.0,2,0,0,0,0,0,0,,0,0,,-1,-1,nan,not_applicable,,,nan,0,9.992311788664665e-06,5.235230128164403e-05,0.0002792147279251367,0.0,0.0,0.8337468752090706,0.833746612071991,2.6313707968128597e-07,0.0,6.845640399577394e-06,0.0,4.855695577606652e-06,-4.855695577606652e-06,0.0,0,0,disabled,0.0,1,PLAN_FAILED,ik_not_found,0,0.3002175820292905,1.1001964539755136,0,0,0,0,-1,nan,nan,,,320,1,1,"{'solver_error': 0, 'short_solution': 0, 'duplicate': 0, 'goal_error': 320, 'joint_limit': 0, 'workspace': 0, 'obstacle_clearance': 0, 'obstacle_contact': 0, 'self_collision': 0}",nan,nan,1.0,filtered,0,0,2,0,0,0,0,0,0.0,0.0,0.0,0.0,1.0,0.08120382574516619,0,1,1,0,0.043630423196683255,0.0,filtered,osqp optimal,9.99231158961346e-06,0,1,12,workspace_z_lower,workspace_z_lower,,,0,0,1,solved,osqp,1.7327732422319658e-08,valid,0.08120382574516619,0.91979837915732,0|4.54159204e-06|7.81792915e-06|8.6511548e-06|9.62693079e-06|8.6486653e-06,,,,,,,,,,0.013091647997498512,0.003581074997782707,0.001758196041919291,0.002018554019741714
38,1.9500000000000002,-2.466596414877761,0.2690833508968353,0.8337464332580566,0.25719407200813293,0.1743222028017044,1.0,2,0,0,0,0,0,0,,0,0,,-1,-1,nan,not_applicable,,,nan,0,7.898215699242428e-06,4.188192542642355e-05,0.00020940756076015532,0.0,0.0,0.8337466267840734,0.8337464332580566,1.935260167673647e-07,0.0,5.410996349351988e-06,0.0,3.838083569457561e-06,-3.838083569457561e-06,0.0,0,0,disabled,0.0,1,PLAN_FAILED,ik_not_found,0,0.3002175820292905,1.1001964539755136,0,0,0,0,-1,nan,nan,,,320,1,1,"{'solver_error': 0, 'short_solution': 0, 'duplicate': 0, 'goal_error': 320, 'joint_limit': 0, 'workspace': 0, 'obstacle_clearance': 0, 'obstacle_contact': 0, 'self_collision': 0}",nan,nan,1.0,filtered,0,0,2,0,0,0,0,0,0.0,0.0,0.0,0.0,1.0,0.0812037736460508,0,1,1,0,0.043630423196683255,0.0,filtered,osqp optimal,7.89821571899565e-06,0,1,12,workspace_z_lower,workspace_z_lower,,,0,0,1,solved,osqp,1.36963206798411e-08,valid,0.0812037736460508,0.919798403128802,0|3.59880736e-06|6.19502695e-06|6.85528339e-06|7.62849791e-06|6.85331133e-06,,,,,,,,,,0.01303960895165801,0.003622479969635606,0.0017394700553268194,0.0019934269366785884
39,2.0,-2.466594745652234,0.26908308267593384,0.8337462544441223,0.25719398260116577,0.17432202398777008,1.0,2,0,0,0,0,0,0,,0,0,,-1,-1,nan,not_applicable,,,nan,0,6.2403923948295414e-06,3.3156458812300116e-05,0.0001745093468343839,0.0,0.0,0.8337464048868838,0.8337462544441223,1.504427614706927e-07,0.0,4.275236945088784e-06,0.0,3.0324750713281495e-06,-3.0324750713281495e-06,0.0,0,0,disabled,0.0,1,PLAN_FAILED,ik_not_found,0,0.3002175820292905,1.1001964539755136,0,0,0,0,-1,nan,nan,,,320,1,1,"{'solver_error': 0, 'short_solution': 0, 'duplicate': 0, 'goal_error': 320, 'joint_limit': 0, 'workspace': 0, 'obstacle_clearance': 0, 'obstacle_contact': 0, 'self_collision': 0}",nan,nan,1.0,filtered,0,0,2,0,0,0,0,0,0.0,0.0,0.0,0.0,1.0,0.08120373707907691,0,1,1,0,0.043630423196683255,0.0,filtered,osqp optimal,6.24039269812976e-06,0,1,12,workspace_z_lower,workspace_z_lower,,,0,0,1,solved,osqp,1.0821470865267157e-08,valid,0.08120373707907691,0.9197984220963414,0|2.84466539e-06|4.89681627e-06|5.41870608e-06|6.02989488e-06|5.41715061e-06,,,,,,,,,,0.012978076003491879,0.003583598998375237,0.0017529809847474098,0.002002923982217908
40,2.0500000000000003,-2.4665964542202032,0.26908302307128906,0.8337461948394775,0.2571938931941986,0.17432205379009247,1.0,2,0,0,0,0,0,0,,0,0,,-1,-1,nan,not_applicable,,,nan,0,5.280600817059167e-06,1.919583883136511e-05,0.0002792123705148697,0.0,0.0,0.8337462806744458,0.8337461948394775,8.583496824421388e-08,0.0,3.617692076812147e-06,0.0,2.566070363795012e-06,-2.566070363795012e-06,0.0,0,0,disabled,0.0,1,PLAN_FAILED,ik_not_found,0,0.3892117850482464,1.48940823902376,0,0,0,0,-1,nan,nan,,,384,1,1,"{'solver_error': 0, 'short_solution': 0, 'duplicate': 0, 'goal_error': 384, 'joint_limit': 0, 'workspace': 0, 'obstacle_clearance': 0, 'obstacle_contact': 0, 'self_collision': 0}",nan,nan,1.0,filtered,0,0,3,0,0,0,0,0,0.0,0.0,0.0,0.0,1.0,0.08120372543495832,0,1,1,0,0.043630423196683255,0.0,filtered,osqp optimal,5.2806006784836025e-06,0,1,12,workspace_z_lower,workspace_z_lower,,,0,0,1,solved,osqp,9.157086681397588e-09,valid,0.08120372543495832,0.9197984370852469,0|2.24758304e-06|3.86899542e-06|4.28134067e-06|4.76424433e-06|4.28011229e-06,,,,,,,,,,0.4015614300733432,0.003899118979461491,0.0012598109897226095,0.0024422239512205124
41,2.1,-2.466594983775474,0.26908302307128906,0.833746075630188,0.25719380378723145,0.17432211339473724,1.0,2,0,0,0,0,0,0,,0,0,,-1,-1,nan,not_applicable,,,nan,0,4.146300398133462e-06,2.2686010197503492e-05,6.980342732276767e-05,0.0,0.0,0.8337461564620275,0.833746075630188,8.083183955509554e-08,0.0,2.840593575263935e-06,0.0,2.0148651408874234e-06,-2.0148651408874234e-06,0.0,0,0,disabled,0.0,1,PLAN_FAILED,ik_not_found,0,0.3892117850482464,1.48940823902376,0,0,0,0,-1,nan,nan,,,384,1,1,"{'solver_error': 0, 'short_solution': 0, 'duplicate': 0, 'goal_error': 384, 'joint_limit': 0, 'workspace': 0, 'obstacle_clearance': 0, 'obstacle_contact': 0, 'self_collision': 0}",nan,nan,1.0,filtered,0,0,3,0,0,0,0,0,0.0,0.0,0.0,0.0,1.0,0.08120369671830549,0,1,1,0,0.043630423196683255,0.0,filtered,osqp optimal,4.146300217499319e-06,0,1,12,workspace_z_lower,workspace_z_lower,,,0,0,1,solved,osqp,7.190089793911758e-09,valid,0.08120369671830549,0.9197984328782198,0|1.9007739e-06|3.27245339e-06|3.62127321e-06|4.02960101e-06|3.62017342e-06,,,,,,,,,,0.0097002440597862,0.0026007830165326595,0.0012798879761248827,0.0015444570453837514
42,2.15,-2.4665957386692163,0.2690829932689667,0.8337460160255432,0.25719377398490906,0.17432209849357605,1.0,2,0,0,0,0,0,0,,0,0,,-1,-1,nan,not_applicable,,,nan,0,3.3610156151553383e-06,1.570569111208897e-05,0.00013960637443233281,0.0,0.0,0.8337460587773388,0.8337460160255432,4.275179554813491e-08,0.0,2.302602317111385e-06,0.0,1.633261609197545e-06,-1.633261609197545e-06,0.0,0,0,disabled,0.0,1,PLAN_FAILED,ik_not_found,0,0.3892117850482464,1.48940823902376,0,0,0,0,-1,nan,nan,,,384,1,1,"{'solver_error': 0, 'short_solution': 0, 'duplicate': 0, 'goal_error': 384, 'joint_limit': 0, 'workspace': 0, 'obstacle_clearance': 0, 'obstacle_contact': 0, 'self_collision': 0}",nan,nan,1.0,filtered,0,0,3,0,0,0,0,0,0.0,0.0,0.0,0.0,1.0,0.08120366965685638,0,1,1,0,0.043630423196683255,0.0,filtered,osqp optimal,3.3610156324163494e-06,0,1,12,workspace_z_lower,workspace_z_lower,,,0,0,1,solved,osqp,5.828325276616137e-09,valid,0.08120366965685638,0.9197985477320072,0|1.4934374e-06|2.57077728e-06|2.84475786e-06|3.16563438e-06|2.84394617e-06,,,,,,,,,,0.00955696392338723,0.0026857509510591626,0.001231118105351925,0.0015755669446662068
43,2.2,-2.4665937913873943,0.2690828740596771,0.8337458968162537,0.2571937143802643,0.17432203888893127,1.0,2,0,0,0,0,0,0,,0,0,,-1,-1,nan,not_applicable,,,nan,0,2.66298570750223e-06,1.396060088154627e-05,3.490178642095998e-05,0.0,0.0,0.8337459759690783,0.8337458968162537,7.915282462800377e-08,0.0,1.8243878995412713e-06,0.0,1.2940586069807202e-06,-1.2940586069807202e-06,0.0,0,0,disabled,0.0,1,PLAN_FAILED,ik_not_found,0,0.3892117850482464,1.48940823902376,0,0,0,0,-1,nan,nan,,,384,1,1,"{'solver_error': 0, 'short_solution': 0, 'duplicate': 0, 'goal_error': 384, 'joint_limit': 0, 'workspace': 0, 'obstacle_clearance': 0, 'obstacle_contact': 0, 'self_collision': 0}",nan,nan,1.0,filtered,0,0,3,0,0,0,0,0,0.0,0.0,0.0,0.0,1.0,0.08120365326083512,0,1,1,0,0.043630423196683255,0.0,filtered,osqp optimal,2.6629855523472664e-06,0,1,12,workspace_z_lower,workspace_z_lower,,,0,0,1,solved,osqp,4.6178718393055226e-09,valid,0.08120365326083512,0.9197984508499711,0|1.21025395e-06|2.08344652e-06|2.30550519e-06|2.56551893e-06|2.30482905e-06,,,,,,,,,,0.009218996041454375,0.002519794972613454,0.0012523389887064695,0.001492931041866541
44,2.25,-2.466594427071912,0.26908281445503235,0.8337458372116089,0.2571936845779419,0.1743220090866089,1.0,2,0,0,0,0,0,0,,0,0,,-1,-1,nan,not_applicable,,,nan,0,2.052208856184734e-06,1.2215532478876412e-05,3.490138260531239e-05,0.0,0.0,0.8337458931608267,0.8337458372116089,5.5949217814266206e-08,0.0,1.40595031230778e-06,0.0,9.97256044947178e-07,-9.97256044947178e-07,0.0,0,0,disabled,0.0,1,PLAN_FAILED,ik_not_found,0,0.3892117850482464,1.48940823902376,0,0,0,0,-1,nan,nan,,,384,1,1,"{'solver_error': 0, 'short_solution': 0, 'duplicate': 0, 'goal_error': 384, 'joint_limit': 0, 'workspace': 0, 'obstacle_clearance': 0, 'obstacle_contact': 0, 'self_collision': 0}",nan,nan,1.0,filtered,0,0,3,0,0,0,0,0,0.0,0.0,0.0,0.0,1.0,0.08120363567034158,0,1,1,0,0.043630423196683255,0.0,filtered,osqp optimal,2.0522088884245897e-06,0,1,12,workspace_z_lower,workspace_z_lower,,,0,0,1,solved,osqp,3.558724596366507e-09,valid,0.08120363567034158,0.9197985895053669,0|9.59093876e-07|1.65099948e-06|1.82695734e-06|2.03302153e-06|1.82643136e-06,,,,,,,,,,0.009605266968719661,0.002505691023543477,0.0012879000278189778,0.0015829210169613361
45,2.3000000000000003,-2.4665962152112475,0.2690829932689667,0.8337458372116089,0.2571936249732971,0.1743222177028656,1.0,2,0,0,0,0,0,0,,0,0,,-1,-1,nan,not_applicable,,,nan,0,1.6159398228410282e-06,8.725381121621467e-06,6.980303442105651e-05,0.0,0.0,0.8337458517567042,0.8337458372116089,1.4545095350371184e-08,0.0,1.1070662643239818e-06,0.0,7.852542430096632e-07,-7.852542430096632e-07,0.0,0,0,disabled,0.0,1,PLAN_FAILED,ik_not_found,0,0.3892117850482464,1.48940823902376,0,0,0,0,-1,nan,nan,,,384,1,1,"{'solver_error': 0, 'short_solution': 0, 'duplicate': 0, 'goal_error': 384, 'joint_limit': 0, 'workspace': 0, 'obstacle_clearance': 0, 'obstacle_contact': 0, 'self_collision': 0}",nan,nan,1.0,filtered,0,0,3,0,0,0,0,0,0.0,0.0,0.0,0.0,1.0,0.08120362672218134,0,1,1,0,0.043630423196683255,0.0,filtered,osqp optimal,1.6159399244082134e-06,0,1,12,workspace_z_lower,workspace_z_lower,,,0,0,1,solved,osqp,2.802191989215268e-09,valid,0.08120362672218134,0.919798462219614,0|7.39303843e-07|1.27257419e-06|1.40819189e-06|1.56704395e-06|1.40779683e-06,,,,,,,,,,0.009576200973242521,0.002572183031588793,0.0012689729919657111,0.0015407289611175656
46,2.35,-2.4665939898728317,0.2690827548503876,0.8337457776069641,0.2571936249732971,0.1743219792842865,1.0,2,0,0,0,0,0,0,,0,0,,-1,-1,nan,not_applicable,,,nan,0,1.2669249827013118e-06,6.980299531278433e-06,3.490162271191366e-05,0.0,0.0,0.833745810352584,0.8337457776069641,3.274561988231284e-08,0.0,8.679590950870275e-07,0.0,6.156528607356748e-07,-6.156528607356748e-07,0.0,0,0,disabled,0.0,1,PLAN_FAILED,ik_not_found,0,0.3892117850482464,1.48940823902376,0,0,0,0,-1,nan,nan,,,384,1,1,"{'solver_error': 0, 'short_solution': 0, 'duplicate': 0, 'goal_error': 384, 'joint_limit': 0, 'workspace': 0, 'obstacle_clearance': 0, 'obstacle_contact': 0, 'self_collision': 0}",nan,nan,1.0,filtered,0,0,3,0,0,0,0,0,0.0,0.0,0.0,0.0,1.0,0.08120361911323473,0,1,1,0,0.043630423196683255,0.0,filtered,osqp optimal,1.266924908141096e-06,0,1,12,workspace_z_lower,workspace_z_lower,,,0,0,1,solved,osqp,2.1969667124608645e-09,valid,0.08120361911323473,0.9197984661066279,0|5.82026647e-07|1.00189604e-06|1.10867285e-06|1.23372509e-06|1.10835574e-06,,,,,,,,,,0.01384635001886636,0.0024891160428524017,0.0032448149286210537,0.003490193048492074
47,2.4000000000000004,-2.466594029510932,0.26908281445503235,0.8337457180023193,0.25719359517097473,0.17432206869125366,1.0,2,0,0,0,0,0,0,,0,0,,-1,-1,nan,not_applicable,,,nan,0,1.005163426270883e-06,5.2352293096191715e-06,3.490140807116404e-05,0.0,0.0,0.8337457689484659,0.8337457180023193,5.094614652367824e-08,0.0,6.886287062423663e-07,0.0,4.884518299368899e-07,-4.884518299368899e-07,0.0,0,0,disabled,0.0,1,PLAN_FAILED,ik_not_found,0,0.3892117850482464,1.48940823902376,0,0,0,0,-1,nan,nan,,,384,1,1,"{'solver_error': 0, 'short_solution': 0, 'duplicate': 0, 'goal_error': 384, 'joint_limit': 0, 'workspace': 0, 'obstacle_clearance': 0, 'obstacle_contact': 0, 'self_collision': 0}",nan,nan,1.0,filtered,0,0,3,0,0,0,0,0,0.0,0.0,0.0,0.0,1.0,0.08120362148081597,0,1,1,0,0.043630423196683255,0.0,filtered,osqp optimal,1.0051634364836542e-06,0,1,12,workspace_z_lower,workspace_z_lower,,,0,0,1,solved,osqp,1.743047141185678e-09,valid,0.08120362148081597,0.9197985197576193,0|4.56335978e-07|7.8552643e-07|8.69242844e-07|9.67290626e-07|8.68995239e-07,,,,,,,,,,0.009317414020188153,0.0024533229880034924,0.0012325600255280733,0.0015702550299465656
48,2.45,-2.466595460022405,0.2690829038619995,0.8337457180023193,0.25719356536865234,0.1743222177028656,1.0,2,0,0,0,0,0,0,,0,0,,-1,-1,nan,not_applicable,,,nan,0,8.306558356707683e-07,3.490152039375971e-06,3.4901542676379904e-05,0.0,0.0,0.8337457275443501,0.8337457180023193,9.542030721121364e-09,0.0,5.690750958321987e-07,0.0,4.036511315729824e-07,-4.036511315729824e-07,0.0,0,0,disabled,0.0,1,PLAN_FAILED,ik_not_found,0,0.3892117850482464,1.48940823902376,0,0,0,0,-1,nan,nan,,,384,1,1,"{'solver_error': 0, 'short_solution': 0, 'duplicate': 0, 'goal_error': 384, 'joint_limit': 0, 'workspace': 0, 'obstacle_clearance': 0, 'obstacle_contact': 0, 'self_collision': 0}",nan,nan,1.0,filtered,0,0,3,0,0,0,0,0,0.0,0.0,0.0,0.0,1.0,0.08120361678626745,0,1,1,0,0.043630423196683255,0.0,filtered,osqp optimal,8.306558636273582e-07,0,1,12,workspace_z_lower,workspace_z_lower,,,0,0,1,solved,osqp,1.440434469156863e-09,valid,0.08120361678626745,0.9197984715696923,0|3.62013212e-07|6.23177034e-07|6.89593123e-07|7.67372714e-07|6.89394621e-07,,,,,,,,,,0.01170260994695127,0.004003162030130625,0.0015653029549866915,0.001853817026130855
49,2.5,-2.466595221603826,0.26908284425735474,0.8337457180023193,0.25719353556632996,0.17432215809822083,1.0,2,0,0,0,0,0,0,,0,0,,-1,-1,nan,not_applicable,,,nan,0,6.561483587574912e-07,3.4901497656392166e-06,5.5450165292736386e-11,0.0,0.0,0.8337457275443501,0.8337457180023193,9.542030721121364e-09,0.0,4.4952151345846617e-07,0.0,3.1885048170224984e-07,-3.1885048170224984e-07,0.0,0,0,disabled,0.0,1,PLAN_FAILED,ik_not_found,0,0.3892117850482464,1.48940823902376,0,0,0,0,-1,nan,nan,,,384,1,1,"{'solver_error': 0, 'short_solution': 0, 'duplicate': 0, 'goal_error': 384, 'joint_limit': 0, 'workspace': 0, 'obstacle_clearance': 0, 'obstacle_contact': 0, 'self_collision': 0}",nan,nan,0.8306558636273582,filtered,0,0,3,0,0,0,0,0,0.0,0.0,0.0,0.0,1.0,0.08120361200666681,0,1,1,0,0.043630423196683255,0.0,filtered,osqp optimal,6.561483634496177e-07,0,1,12,workspace_z_lower,workspace_z_lower,,,0,0,1,solved,osqp,1.1378221764634421e-09,valid,0.08120361200666681,0.9197984735283027,0|2.99057515e-07|5.14846759e-07|5.69722313e-07|6.33969781e-07|5.69552498e-07,,,,,,,,,,0.009394534048624337,0.00255659397225827,0.0012561730109155178,0.0015255040489137173
50,2.5500000000000003,-2.4665948639759563,0.2690827548503876,0.8337457180023193,0.25719353556632996,0.17432206869125366,1.0,2,0,0,0,0,0,0,,0,0,,-1,-1,nan,not_applicable,,,nan,0,5.68894506614015e-07,1.7450777249905514e-06,3.4901440812973306e-05,0.0,0.0,0.8337457275443501,0.8337457180023193,9.542030721121364e-09,0.0,3.897447011087147e-07,0.0,2.764501330651308e-07,-2.764501330651308e-07,0.0,0,0,disabled,0.0,1,PLAN_FAILED,ik_not_found,0,0.3892117850482464,1.48940823902376,0,0,0,0,-1,nan,nan,,,384,1,1,"{'solver_error': 0, 'short_solution': 0, 'duplicate': 0, 'goal_error': 384, 'joint_limit': 0, 'workspace': 0, 'obstacle_clearance': 0, 'obstacle_contact': 0, 'self_collision': 0}",nan,nan,0.6561483634496178,filtered,0,0,3,0,0,0,0,0,0.0,0.0,0.0,0.0,1.0,0.08120360583842817,0,1,1,0,0.043630423196683255,0.0,filtered,osqp optimal,5.688944957510428e-07,0,1,12,workspace_z_lower,workspace_z_lower,,,0,0,1,solved,osqp,9.865155966928048e-10,valid,0.08120360583842817,0.9197984751043542,0|2.36322747e-07|4.06807385e-07|4.50163066e-07|5.00938153e-07|4.5003402e-07,,,,,,,,,,0.009154260973446071,0.002403230988420546,0.0012434299569576979,0.0015155439032241702
51,2.6,-2.466593830730468,0.26908281445503235,0.8337456583976746,0.25719353556632996,0.17432212829589844,1.0,2,0,0,0,0,0,0,,0,0,,-1,-1,nan,not_applicable,,,nan,0,3.943870297007379e-07,3.490148856144515e-06,3.490142626105808e-05,0.0,0.0,0.8337456861402364,0.8337456583976746,2.7742561803378862e-08,0.0,2.7019111386561153e-07,0.0,1.916494686622976e-07,-1.916494686622976e-07,0.0,0,0,disabled,0.0,1,PLAN_FAILED,ik_not_found,0,0.3892117850482464,1.48940823902376,0,0,0,0,-1,nan,nan,,,384,1,1,"{'solver_error': 0, 'short_solution': 0, 'duplicate': 0, 'goal_error': 384, 'joint_limit': 0, 'workspace': 0, 'obstacle_clearance': 0, 'obstacle_contact': 0, 'self_collision': 0}",nan,nan,0.5688944957510429,filtered,0,0,3,0,0,0,0,0,0.0,0.0,0.0,0.0,1.0,0.0812035950421291,0,1,1,0,0.043630423196683255,0.0,filtered,osqp optimal,3.94387032693707e-07,0,1,12,workspace_z_lower,workspace_z_lower,,,0,0,1,solved,osqp,6.839036045916833e-10,valid,0.0812035950421291,0.9197984764202315,0|2.0473487e-07|3.52497457e-07|3.90072622e-07|4.34051929e-07|3.89951964e-07,,,,,,,,,,0.00884577096439898,0.0022734060185030103,0.0012046749470755458,0.0014735510339960456
52,2.6500000000000004,-2.4665950228233626,0.26908284425735474,0.8337456583976746,0.25719350576400757,0.1743222028017044,1.0,2,0,0,0,0,0,0,,0,0,,-1,-1,nan,not_applicable,,,nan,0,3.071332344006805e-07,1.7450760196879855e-06,3.490145900286734e-05,0.0,0.0,0.8337456712638126,0.8337456583976746,1.2866138043854392e-08,0.0,2.10414312847094e-07,0.0,1.4924914256127225e-07,-1.4924914256127225e-07,0.0,0,0,disabled,0.0,1,PLAN_FAILED,ik_not_found,0,0.3892117850482464,1.48940823902376,0,0,0,0,-1,nan,nan,,,384,1,1,"{'solver_error': 0, 'short_solution': 0, 'duplicate': 0, 'goal_error': 384, 'joint_limit': 0, 'workspace': 0, 'obstacle_clearance': 0, 'obstacle_contact': 0, 'self_collision': 0}",nan,nan,0.39438703269370706,filtered,0,0,3,0,0,0,0,0,0.0,0.0,0.0,0.0,1.0,0.08120360195323525,0,1,1,0,0.043630423196683255,0.0,filtered,osqp optimal,3.071332453169537e-07,0,1,12,workspace_z_lower,workspace_z_lower,,,0,0,1,solved,osqp,5.32597375717944e-10,valid,0.08120360195323525,0.919798477422549,0|1.4222116e-07|2.44749015e-07|2.70824972e-07|3.01391657e-07|2.70756864e-07,,,,,,,,,,0.009320701006799936,0.002379950019530952,0.0013049739645794034,0.0016565559199079871
53,2.7,-2.466594665195494,0.2690827548503876,0.8337456583976746,0.25719350576400757,0.17432209849357605,1.0,2,0,0,0,0,0,0,,0,0,,-1,-1,nan,not_applicable,,,nan,0,3.071332344006805e-07,2.5535224434068693e-14,3.490152084850706e-05,0.0,0.0,0.8337456712638126,0.8337456583976746,1.2866138043854392e-08,0.0,2.1041431376480896e-07,0.0,1.4924914270642712e-07,-1.4924914270642712e-07,0.0,0,0,disabled,0.0,1,PLAN_FAILED,ik_not_found,0,0.3892117850482464,1.48940823902376,0,0,0,0,-1,nan,nan,,,384,1,1,"{'solver_error': 0, 'short_solution': 0, 'duplicate': 0, 'goal_error': 384, 'joint_limit': 0, 'workspace': 0, 'obstacle_clearance': 0, 'obstacle_contact': 0, 'self_collision': 0}",nan,nan,0.3071332453169537,filtered,0,0,3,0,0,0,0,0,0.0,0.0,0.0,0.0,1.0,0.08120359124532375,0,1,1,0,0.043630423196683255,0.0,filtered,osqp optimal,3.0713324338051736e-07,0,1,12,workspace_z_lower,workspace_z_lower,,,0,0,1,solved,osqp,5.32597358694064e-10,valid,0.08120359124532375,0.9197984781648956,0|1.10634454e-07|1.9044062e-07|2.10736183e-07|2.34507403e-07|2.10676587e-07,,,,,,,,,,0.00936642091255635,0.002359285019338131,0.0012145090149715543,0.0015255360631272197
54,2.75,-2.466594665195494,0.2690827548503876,0.8337456583976746,0.25719350576400757,0.17432209849357605,1.0,2,0,0,0,0,0,0,,0,0,,-1,-1,nan,not_applicable,,,nan,0,2.1987948173318728e-07,1.745074996506446e-06,3.490149902063422e-05,0.0,0.0,0.8337456712638126,0.8337456583976746,1.2866138043854392e-08,0.0,1.506375269330756e-07,0.0,1.068488223527694e-07,-1.068488223527694e-07,0.0,0,0,disabled,0.0,1,PLAN_FAILED,ik_not_found,0,0.3892117850482464,1.48940823902376,0,0,0,0,-1,nan,nan,,,384,1,1,"{'solver_error': 0, 'short_solution': 0, 'duplicate': 0, 'goal_error': 384, 'joint_limit': 0, 'workspace': 0, 'obstacle_clearance': 0, 'obstacle_contact': 0, 'self_collision': 0}",nan,nan,0.3071332433805174,filtered,0,0,3,0,0,0,0,0,0.0,0.0,0.0,0.0,1.0,0.08120359209799796,0,1,1,0,0.043630423196683255,0.0,filtered,osqp optimal,2.1987947976007064e-07,0,1,12,workspace_z_lower,workspace_z_lower,,,0,0,1,solved,osqp,3.8129127298863923e-10,valid,0.08120359209799796,0.9197984788380414,0|1.10412308e-07|1.90148218e-07|2.10423051e-07|2.34134213e-07|2.10351499e-07,,,,,,,,,,0.009893354028463364,0.0027436979580670595,0.0013461800990626216,0.0017332070274278522
55,2.8000000000000003,-2.466594665195494,0.2690827548503876,0.8337456583976746,0.25719350576400757,0.17432209849357605,1.0,2,0,0,0,0,0,0,,0,0,,-1,-1,nan,not_applicable,,,nan,0,1.3262571485483932e-07,1.745075451253797e-06,9.134328710080908e-12,0.0,0.0,0.8337456298597004,0.8337456583976746,-2.8537974205988803e-08,0.0,9.086072921806226e-08,0.0,6.444849119359151e-08,-6.444849119359151e-08,0.0,0,0,disabled,0.0,1,PLAN_FAILED,ik_not_found,0,0.3892117850482464,1.48940823902376,0,0,0,0,-1,nan,nan,,,384,1,1,"{'solver_error': 0, 'short_solution': 0, 'duplicate': 0, 'goal_error': 384, 'joint_limit': 0, 'workspace': 0, 'obstacle_clearance': 0, 'obstacle_contact': 0, 'self_collision': 0}",nan,nan,0.21987947976007066,filtered,0,0,3,0,0,0,0,0,0.0,0.0,0.0,0.0,1.0,0.08120359683254882,0,1,1,0,0.043630423196683255,0.0,filtered,osqp optimal,1.3262571401889448e-07,0,1,12,workspace_z_lower,workspace_z_lower,,,0,0,1,solved,osqp,2.2998519042425083e-10,valid,0.08120359683254882,0.9197984793888041,0|7.92653764e-08|1.36418693e-07|1.50954176e-07|1.67988724e-07|1.50914792e-07,,,,,,,,,,0.009460121975280344,0.0024026749888435006,0.001224652980454266,0.0014726519584655762
56,2.85,-2.4665950228233626,0.26908284425735474,0.8337456583976746,0.25719350576400757,0.1743222028017044,1.0,2,0,0,0,0,0,0,,0,0,,-1,-1,nan,not_applicable,,,nan,0,1.3262571485483932e-07,4.8551203476413646e-14,3.490150993457064e-05,0.0,0.0,0.8337456298597004,0.8337456583976746,-2.8537974205988803e-08,0.0,9.086072770995669e-08,0.0,6.444849056108938e-08,-6.444849056108938e-08,0.0,0,0,disabled,0.0,1,PLAN_FAILED,ik_not_found,0,0.3892117850482464,1.48940823902376,0,0,0,0,-1,nan,nan,,,384,1,1,"{'solver_error': 0, 'short_solution': 0, 'duplicate': 0, 'goal_error': 384, 'joint_limit': 0, 'workspace': 0, 'obstacle_clearance': 0, 'obstacle_contact': 0, 'self_collision': 0}",nan,nan,0.13262571401889447,filtered,0,0,3,0,0,0,0,0,0.0,0.0,0.0,0.0,1.0,0.08120360160035292,0,1,1,0,0.043630423196683255,0.0,filtered,osqp optimal,1.3262571694874703e-07,0,1,12,workspace_z_lower,workspace_z_lower,,,0,0,1,solved,osqp,2.299851898728059e-10,valid,0.08120360160035292,0.9197984797485931,0|4.78996988e-08|8.24012346e-08|9.11769576e-08|1.01475775e-07|9.11579873e-08,,,,,,,,,,0.009276777040213346,0.0023901478853076696,0.0012136469595134258,0.0014362429501488805
57,2.9000000000000004,-2.466594665195494,0.2690827548503876,0.8337456583976746,0.25719350576400757,0.17432209849357605,1.0,2,0,0,0,0,0,0,,0,0,,-1,-1,nan,not_applicable,,,nan,0,1.3262571485483932e-07,5.901018504405903e-15,1.0053876134397122e-12,0.0,0.0,0.8337456298597004,0.8337456583976746,-2.8537974205988803e-08,0.0,9.08607278718779e-08,0.0,6.444849057295488e-08,-6.444849057295488e-08,0.0,0,0,disabled,0.0,1,PLAN_FAILED,ik_not_found,0,0.3892117850482464,1.48940823902376,0,0,0,0,-1,nan,nan,,,384,1,1,"{'solver_error': 0, 'short_solution': 0, 'duplicate': 0, 'goal_error': 384, 'joint_limit': 0, 'workspace': 0, 'obstacle_clearance': 0, 'obstacle_contact': 0, 'self_collision': 0}",nan,nan,0.13262571694874703,filtered,0,0,3,0,0,0,0,0,0.0,0.0,0.0,0.0,1.0,0.08120357933220246,0,1,1,0,0.043630423196683255,0.0,filtered,osqp optimal,1.3262571660696233e-07,0,1,12,workspace_z_lower,workspace_z_lower,,,0,0,1,solved,osqp,2.2998518988303648e-10,valid,0.08120357933220246,0.9197986159798064,0|4.76786911e-08|8.21103202e-08|9.08654196e-08|1.01104511e-07|9.08345521e-08,,,,,,,,,,0.009691038983874023,0.002987370011396706,0.0012318750377744436,0.0015728239668533206
58,2.95,-2.466594665195494,0.2690827548503876,0.8337456583976746,0.25719350576400757,0.17432209849357605,1.0,2,0,0,0,0,0,0,,0,0,,-1,-1,nan,not_applicable,,,nan,0,4.537195863463239e-08,1.7450752238801215e-06,3.4901502658613026e-05,0.0,0.0,0.8337456298597004,0.8337456583976746,-2.8537974205988803e-08,0.0,3.1083933864049506e-08,0.0,2.204816811586602e-08,-2.204816811586602e-08,0.0,0,0,disabled,0.0,1,PLAN_FAILED,ik_not_found,0,0.3892117850482464,1.48940823902376,0,0,0,0,-1,nan,nan,,,384,1,1,"{'solver_error': 0, 'short_solution': 0, 'duplicate': 0, 'goal_error': 384, 'joint_limit': 0, 'workspace': 0, 'obstacle_clearance': 0, 'obstacle_contact': 0, 'self_collision': 0}",nan,nan,0.13262571660696235,filtered,0,0,3,0,0,0,0,0,0.0,0.0,0.0,0.0,1.0,0.08120358158628757,0,1,1,0,0.043630423196683255,0.0,filtered,osqp optimal,4.537195635547809e-08,0,1,12,workspace_z_lower,workspace_z_lower,,,0,0,1,solved,osqp,7.867914579708509e-11,valid,0.08120358158628757,0.9197985346016384,0|4.76775527e-08|8.21088204e-08|9.08638151e-08|1.01102587e-07|9.0832885e-08,,,,,,,,,,0.009358861017972231,0.0024105400079861283,0.001193222007714212,0.0015098629519343376
59,3.0,-2.466594665195494,0.2690827548503876,0.8337456583976746,0.25719350576400757,0.17432209849357605,1.0,2,0,0,0,0,0,0,,0,0,,-1,-1,nan,not_applicable,,,nan,0,4.5371955081918713e-08,7.10591524857862e-14,3.4901502658613026e-05,0.0,0.0,0.8337456298597004,0.8337456583976746,-2.8537974205988803e-08,0.0,3.108393188925185e-08,0.0,2.204816676345432e-08,-2.204816676345432e-08,0.0,0,0,disabled,0.0,1,PLAN_FAILED,ik_not_found,0,0.3892117850482464,1.48940823902376,0,0,0,0,-1,nan,nan,,,384,1,1,"{'solver_error': 0, 'short_solution': 0, 'duplicate': 0, 'goal_error': 384, 'joint_limit': 0, 'workspace': 0, 'obstacle_clearance': 0, 'obstacle_contact': 0, 'self_collision': 0}",nan,nan,0.045371956355478096,filtered,0,0,3,0,0,0,0,0,0.0,0.0,0.0,0.0,1.0,0.0812035863398351,0,1,1,0,0.043630423196683255,0.0,filtered,osqp optimal,4.537195629919213e-08,0,1,12,workspace_z_lower,workspace_z_lower,,,0,0,1,solved,osqp,7.86791439561053e-11,valid,0.0812035863398351,0.9197985347700475,0|1.65317519e-08|2.83808263e-08|3.13965764e-08|3.495901e-08|3.13979058e-08,,,,,,,,,,0.009785126079805195,0.0027142500039190054,0.0015160850016400218,0.0016656749648973346
60,3.0500000000000003,-2.466594903614073,0.26908281445503235,0.8337456583976746,0.25719350576400757,0.17432209849357605,1.0,2,0,0,0,0,0,0,,0,0,,-1,-1,nan,not_applicable,,,nan,0,1.3262571485483932e-07,1.7450751101932838e-06,3.4901502658613026e-05,0.0,0.0,0.8337456298597004,0.8337456583976746,-2.8537974205988803e-08,0.0,9.086072690877513e-08,0.0,6.444848993824794e-08,-6.444848993824794e-08,0.0,0,0,disabled,0.0,1,PLAN_FAILED,ik_not_found,0,0.2852408119942993,1.7746490510180593,0,0,0,0,-1,nan,nan,,,448,1,1,"{'solver_error': 0, 'short_solution': 0, 'duplicate': 0, 'goal_error': 448, 'joint_limit': 0, 'workspace': 0, 'obstacle_clearance': 0, 'obstacle_contact': 0, 'self_collision': 0}",nan,nan,0.045371956299192134,filtered,0,0,4,0,0,0,0,0,0.0,0.0,0.0,0.0,1.0,0.08120358635867944,0,1,1,0,0.043630423196683255,0.0,filtered,osqp optimal,1.3262571206414933e-07,0,1,12,workspace_z_lower,workspace_z_lower,,,0,0,1,solved,osqp,2.2998519979763654e-10,valid,0.08120358635867944,0.919798534869663,0|1.63118796e-08|2.80913573e-08|3.10865933e-08|3.4589642e-08|3.10760742e-08,,,,,,,,,,0.2968719070777297,0.002819300047121942,0.0013499530032277107,0.0026941680116578937
61,3.1,-2.466594665195494,0.2690827548503876,0.8337456583976746,0.25719350576400757,0.17432209849357605,1.0,2,0,0,0,0,0,0,,0,0,,-1,-1,nan,not_applicable,,,nan,0,4.5371955081918713e-08,1.7450751101932838e-06,6.980300531722605e-05,0.0,0.0,0.8337456298597004,0.8337456583976746,-2.8537974205988803e-08,0.0,3.1083932893285314e-08,0.0,2.204816746019172e-08,-2.204816746019172e-08,0.0,0,0,disabled,0.0,1,PLAN_FAILED,ik_not_found,0,0.2852408119942993,1.7746490510180593,0,0,0,0,-1,nan,nan,,,448,1,1,"{'solver_error': 0, 'short_solution': 0, 'duplicate': 0, 'goal_error': 448, 'joint_limit': 0, 'workspace': 0, 'obstacle_clearance': 0, 'obstacle_contact': 0, 'self_collision': 0}",nan,nan,0.13262571206414933,filtered,0,0,4,0,0,0,0,0,0.0,0.0,0.0,0.0,1.0,0.08120357645831836,0,1,1,0,0.043630423196683255,0.0,filtered,osqp optimal,4.537195481907717e-08,0,1,12,workspace_z_lower,workspace_z_lower,,,0,0,1,solved,osqp,7.867915007492573e-11,valid,0.08120357645831836,0.9197986376400176,0|4.7456536e-08|8.18179333e-08|9.0552306e-08|1.00731316e-07|9.05095023e-08,,,,,,,,,,0.009268978028558195,0.0024735209299251437,0.0012110789539292455,0.0016423130873590708
62,3.1500000000000004,-2.466594665195494,0.2690827548503876,0.8337456583976746,0.25719350576400757,0.17432209849357605,1.0,2,0,0,0,0,0,0,,0,0,,-1,-1,nan,not_applicable,,,nan,0,4.5371955081918713e-08,8.326672684688674e-16,3.4901502658613026e-05,0.0,0.0,0.8337456298597004,0.8337456583976746,-2.8537974205988803e-08,0.0,3.1083932922304775e-08,0.0,2.204816746741512e-08,-2.204816746741512e-08,0.0,0,0,disabled,0.0,1,PLAN_FAILED,ik_not_found,0,0.2852408119942993,1.7746490510180593,0,0,0,0,-1,nan,nan,,,448,1,1,"{'solver_error': 0, 'short_solution': 0, 'duplicate': 0, 'goal_error': 448, 'joint_limit': 0, 'workspace': 0, 'obstacle_clearance': 0, 'obstacle_contact': 0, 'self_collision': 0}",nan,nan,0.04537195481907717,filtered,0,0,4,0,0,0,0,0,0.0,0.0,0.0,0.0,1.0,0.08120358118805018,0,1,1,0,0.043630423196683255,0.0,filtered,osqp optimal,4.537195476287345e-08,0,1,12,workspace_z_lower,workspace_z_lower,,,0,0,1,solved,osqp,7.867914823976267e-11,valid,0.08120358118805018,0.9197986378082229,0|1.65306104e-08|2.83793215e-08|3.13949644e-08|3.49570929e-08|3.13962347e-08,,,,,,,,,,0.009170008008368313,0.002456775982864201,0.0012163440696895123,0.0016014359425753355
63,3.2,-2.466594665195494,0.2690827548503876,0.8337456583976746,0.25719350576400757,0.17432209849357605,1.0,2,0,0,0,0,0,0,,0,0,,-1,-1,nan,not_applicable,,,nan,0,4.5371951529205035e-08,3.788658094389975e-14,7.525286817300358e-13,0.0,0.0,0.8337456298597004,0.8337456583976746,-2.8537974205988803e-08,0.0,3.108393288475135e-08,0.0,2.2048167480425362e-08,-2.2048167480425362e-08,0.0,0,0,disabled,0.0,1,PLAN_FAILED,ik_not_found,0,0.2852408119942993,1.7746490510180593,0,0,0,0,-1,nan,nan,,,448,1,1,"{'solver_error': 0, 'short_solution': 0, 'duplicate': 0, 'goal_error': 448, 'joint_limit': 0, 'workspace': 0, 'obstacle_clearance': 0, 'obstacle_contact': 0, 'self_collision': 0}",nan,nan,0.04537195476287345,filtered,0,0,4,0,0,0,0,0,0.0,0.0,0.0,0.0,1.0,0.08120358120677162,0,1,1,0,0.043630423196683255,0.0,filtered,osqp optimal,4.5371953909008084e-08,0,1,12,workspace_z_lower,workspace_z_lower,,,0,0,1,solved,osqp,7.86791443745859e-11,valid,0.08120358120677162,0.9197986379078372,0|1.63118736e-08|2.80913477e-08|3.10865824e-08|3.45896354e-08|3.10760665e-08,,,,,,,,,,0.00955575902480632,0.0024562670150771737,0.001279802992939949,0.0017729280516505241
64,3.25,-2.466594665195494,0.2690827548503876,0.8337456583976746,0.25719350576400757,0.17432209849357605,1.0,2,0,0,0,0,0,0,,0,0,,-1,-1,nan,not_applicable,,,nan,0,4.5371951529205035e-08,5.551115123125783e-16,7.542261086512791e-13,0.0,0.0,0.8337456298597004,0.8337456583976746,-2.8537974205988803e-08,0.0,3.108393290322999e-08,0.0,2.204816748297665e-08,-2.204816748297665e-08,0.0,0,0,disabled,0.0,1,PLAN_FAILED,ik_not_found,0,0.2852408119942993,1.7746490510180593,0,0,0,0,-1,nan,nan,,,448,1,1,"{'solver_error': 0, 'short_solution': 0, 'duplicate': 0, 'goal_error': 448, 'joint_limit': 0, 'workspace': 0, 'obstacle_clearance': 0, 'obstacle_contact': 0, 'self_collision': 0}",nan,nan,0.045371953909008084,filtered,0,0,4,0,0,0,0,0,0.0,0.0,0.0,0.0,1.0,0.08120358120192336,0,1,1,0,0.043630423196683255,0.0,filtered,osqp optimal,4.5371953870011104e-08,0,1,12,workspace_z_lower,workspace_z_lower,,,0,0,1,solved,osqp,7.867914371255686e-11,valid,0.08120358120192336,0.9197986380072493,0|1.63107442e-08|2.80898607e-08|3.108499e-08|3.45877343e-08|3.10744122e-08,,,,,,,,,,0.009267117944546044,0.0024630239931866527,0.001244284096173942,0.0016309600323438644
65,3.3000000000000003,-2.466594665195494,0.2690827548503876,0.8337456583976746,0.25719350576400757,0.17432209849357605,1.0,2,0,0,0,0,0,0,,0,0,,-1,-1,nan,not_applicable,,,nan,0,4.5371951529205035e-08,5.551115123125783e-16,0.0,0.0,0.0,0.8337456298597004,0.8337456583976746,-2.8537974205988803e-08,0.0,3.1083932921708365e-08,0.0,2.204816748552784e-08,-2.204816748552784e-08,0.0,0,0,disabled,0.0,1,PLAN_FAILED,ik_not_found,0,0.2852408119942993,1.7746490510180593,0,0,0,0,-1,nan,nan,,,448,1,1,"{'solver_error': 0, 'short_solution': 0, 'duplicate': 0, 'goal_error': 448, 'joint_limit': 0, 'workspace': 0, 'obstacle_clearance': 0, 'obstacle_contact': 0, 'self_collision': 0}",nan,nan,0.045371953870011104,filtered,0,0,4,0,0,0,0,0,0.0,0.0,0.0,0.0,1.0,0.08120358119695326,0,1,1,0,0.043630423196683255,0.0,filtered,osqp optimal,4.5371953831014614e-08,0,1,12,workspace_z_lower,workspace_z_lower,,,0,0,1,solved,osqp,7.867914305052782e-11,valid,0.08120358119695326,0.9197986381066604,0|1.63107396e-08|2.80898548e-08|3.10849836e-08|3.45877265e-08|3.10744054e-08,,,,,,,,,,0.010162743041291833,0.0025639700470492244,0.0012910360237583518,0.0018381890840828419
66,3.35,-2.466594665195494,0.2690827548503876,0.8337456583976746,0.25719350576400757,0.17432209849357605,1.0,2,0,0,0,0,0,0,,0,0,,-1,-1,nan,not_applicable,,,nan,0,4.5371951529205035e-08,5.551115123125783e-16,0.0,0.0,0.0,0.8337456298597004,0.8337456583976746,-2.8537974205988803e-08,0.0,3.108393294018675e-08,0.0,2.2048167488079032e-08,-2.2048167488079032e-08,0.0,0,0,disabled,0.0,1,PLAN_FAILED,ik_not_found,0,0.2852408119942993,1.7746490510180593,0,0,0,0,-1,nan,nan,,,448,1,1,"{'solver_error': 0, 'short_solution': 0, 'duplicate': 0, 'goal_error': 448, 'joint_limit': 0, 'workspace': 0, 'obstacle_clearance': 0, 'obstacle_contact': 0, 'self_collision': 0}",nan,nan,0.04537195383101462,filtered,0,0,4,0,0,0,0,0,0.0,0.0,0.0,0.0,1.0,0.08120358119198268,0,1,1,0,0.043630423196683255,0.0,filtered,osqp optimal,4.537195379201809e-08,0,1,12,workspace_z_lower,workspace_z_lower,,,0,0,1,solved,osqp,7.867914238851201e-11,valid,0.08120358119198268,0.9197986382060716,0|1.63107396e-08|2.80898548e-08|3.10849836e-08|3.45877265e-08|3.10744054e-08,,,,,,,,,,0.009123905096203089,0.0024288080167025328,0.0012486530467867851,0.0015493870014324784
67,3.4000000000000004,-2.466594665195494,0.2690827548503876,0.8337456583976746,0.25719350576400757,0.17432209849357605,1.0,2,0,0,0,0,0,0,,0,0,,-1,-1,nan,not_applicable,,,nan,0,4.5371955081918713e-08,3.5597538778449e-14,7.119507891215071e-13,0.0,0.0,0.8337456298597004,0.8337456583976746,-2.8537974205988803e-08,0.0,3.1083933652382e-08,0.0,2.204816803022838e-08,-2.204816803022838e-08,0.0,0,0,disabled,0.0,1,PLAN_FAILED,ik_not_found,0,0.2852408119942993,1.7746490510180593,0,0,0,0,-1,nan,nan,,,448,1,1,"{'solver_error': 0, 'short_solution': 0, 'duplicate': 0, 'goal_error': 448, 'joint_limit': 0, 'workspace': 0, 'obstacle_clearance': 0, 'obstacle_contact': 0, 'self_collision': 0}",nan,nan,0.04537195379201809,filtered,0,0,4,0,0,0,0,0,0.0,0.0,0.0,0.0,1.0,0.08120358118701215,0,1,1,0,0.043630423196683255,0.0,filtered,osqp optimal,4.537195375302159e-08,0,1,12,workspace_z_lower,workspace_z_lower,,,0,0,1,solved,osqp,7.867914172648297e-11,valid,0.08120358118701215,0.9197986383054824,0|1.63107396e-08|2.80898548e-08|3.10849836e-08|3.45877265e-08|3.10744054e-08,,,,,,,,,,0.010212235036306083,0.002716943039558828,0.0014284299686551094,0.0015727709978818893
68,3.45,-2.466594665195494,0.2690827548503876,0.8337456583976746,0.25719350576400757,0.17432209849357605,1.0,2,0,0,0,0,0,0,,0,0,,-1,-1,nan,not_applicable,,,nan,0,4.5371955081918713e-08,5.551115123125783e-16,7.119507891215071e-13,0.0,0.0,0.8337456298597004,0.8337456583976746,-2.8537974205988803e-08,0.0,3.1083933670860415e-08,0.0,2.204816803277959e-08,-2.204816803277959e-08,0.0,0,0,disabled,0.0,1,PLAN_FAILED,ik_not_found,0,0.2852408119942993,1.7746490510180593,0,0,0,0,-1,nan,nan,,,448,1,1,"{'solver_error': 0, 'short_solution': 0, 'duplicate': 0, 'goal_error': 448, 'joint_limit': 0, 'workspace': 0, 'obstacle_clearance': 0, 'obstacle_contact': 0, 'self_collision': 0}",nan,nan,0.04537195375302159,filtered,0,0,4,0,0,0,0,0,0.0,0.0,0.0,0.0,1.0,0.08120358546275339,0,1,1,0,0.043630423196683255,0.0,filtered,osqp optimal,4.537195371667709e-08,0,1,12,workspace_z_lower,workspace_z_lower,,,0,0,1,solved,osqp,7.867913925739517e-11,valid,0.08120358546275339,0.9197986384048943,0|1.63107394e-08|2.80898565e-08|3.10849842e-08|3.45877273e-08|3.10744062e-08,,,,,,,,,,0.009058099007233977,0.0024312050081789494,0.0012158600147813559,0.001614677021279931
69,3.5,-2.466594665195494,0.2690827548503876,0.8337456583976746,0.25719350576400757,0.17432209849357605,1.0,2,0,0,0,0,0,0,,0,0,,-1,-1,nan,not_applicable,,,nan,0,4.5371955081918713e-08,5.551792749483586e-16,1.734723475976807e-16,0.0,0.0,0.8337456298597004,0.8337456583976746,-2.8537974205988803e-08,0.0,3.108393368934428e-08,0.0,2.2048168035515523e-08,-2.2048168035515523e-08,0.0,0,0,disabled,0.0,1,PLAN_FAILED,ik_not_found,0,0.2852408119942993,1.7746490510180593,0,0,0,0,-1,nan,nan,,,448,1,1,"{'solver_error': 0, 'short_solution': 0, 'duplicate': 0, 'goal_error': 448, 'joint_limit': 0, 'workspace': 0, 'obstacle_clearance': 0, 'obstacle_contact': 0, 'self_collision': 0}",nan,nan,0.04537195371667709,filtered,0,0,4,0,0,0,0,0,0.0,0.0,0.0,0.0,1.0,0.0812035854577825,0,1,1,0,0.043630423196683255,0.0,filtered,osqp optimal,4.537195367833468e-08,0,1,12,workspace_z_lower,workspace_z_lower,,,0,0,1,solved,osqp,7.867913814964151e-11,valid,0.0812035854577825,0.9197986385043058,0|1.63107394e-08|2.80898588e-08|3.10849872e-08|3.45877273e-08|3.10744062e-08,,,,,,,,,,0.009018457029014826,0.002427964936941862,0.0012341010151430964,0.0014638190623372793
70,3.5500000000000003,-2.466594665195494,0.2690827548503876,0.8337456583976746,0.25719350576400757,0.17432209849357605,1.0,2,0,0,0,0,0,0,,0,0,,-1,-1,nan,not_applicable,,,nan,0,0.0,9.074390732166648e-07,1.8148779417970218e-05,0.0,0.0,0.8337456298597004,0.8337456583976746,-2.8537974205988803e-08,0.0,0.0,0.0,0.0,0.0,0.0,0,0,disabled,0.0,1,PLAN_FAILED,ik_not_found,0,0.2852408119942993,1.7746490510180593,0,0,0,0,-1,nan,nan,,,448,1,1,"{'solver_error': 0, 'short_solution': 0, 'duplicate': 0, 'goal_error': 448, 'joint_limit': 0, 'workspace': 0, 'obstacle_clearance': 0, 'obstacle_contact': 0, 'self_collision': 0}",nan,nan,0.04537195367833469,filtered,0,0,4,0,0,0,0,0,0.0,0.0,0.0,0.0,1.0,0.08120358545281192,0,1,1,0,0.043630423196683255,0.0,passthrough,osqp optimal,0.0,0,1,12,workspace_z_lower,workspace_z_lower,,,0,0,1,solved,osqp,0.0,valid,0.08120358545281192,0.9197986386037174,0|1.63107394e-08|2.80898588e-08|3.10849872e-08|3.45877273e-08|3.10744062e-08,,,,,,,,,,0.009002067963592708,0.0023416870972141623,0.0012254239991307259,0.0015758590307086706
71,3.6,-2.466594665195494,0.2690827548503876,0.8337456583976746,0.25719350576400757,0.17432209849357605,1.0,2,0,0,0,0,0,0,,0,0,,-1,-1,nan,not_applicable,,,nan,0,0.0,0.0,1.8148779417970218e-05,0.0,0.0,0.8337456298597004,0.8337456583976746,-2.8537974205988803e-08,0.0,0.0,0.0,0.0,0.0,0.0,0,0,disabled,0.0,1,PLAN_FAILED,ik_not_found,0,0.2852408119942993,1.7746490510180593,0,0,0,0,-1,nan,nan,,,448,1,1,"{'solver_error': 0, 'short_solution': 0, 'duplicate': 0, 'goal_error': 448, 'joint_limit': 0, 'workspace': 0, 'obstacle_clearance': 0, 'obstacle_contact': 0, 'self_collision': 0}",nan,nan,0.0,passthrough,0,0,4,0,0,0,0,0,0.0,0.0,0.0,0.0,1.0,0.08120358792724136,0,1,1,0,0.043630423196683255,0.0,passthrough,osqp optimal,0.0,0,1,12,workspace_z_lower,workspace_z_lower,,,0,0,1,solved,osqp,0.0,valid,0.08120358792724136,0.919798638639596,0|1.14929182e-10|1.54731761e-10|1.65604795e-10|1.9351385e-10|1.72650393e-10,,,,,,,,,,0.009229082963429391,0.0023801149800419807,0.0012101640459150076,0.001588552026078105
72,3.6500000000000004,-2.466594665195494,0.2690827548503876,0.8337456583976746,0.25719350576400757,0.17432209849357605,1.0,2,0,0,0,0,0,0,,0,0,,-1,-1,nan,not_applicable,,,nan,0,0.0,0.0,0.0,0.0,0.0,0.8337456298597004,0.8337456583976746,-2.8537974205988803e-08,0.0,0.0,0.0,0.0,0.0,0.0,0,0,disabled,0.0,1,PLAN_FAILED,ik_not_found,0,0.2852408119942993,1.7746490510180593,0,0,0,0,-1,nan,nan,,,448,1,1,"{'solver_error': 0, 'short_solution': 0, 'duplicate': 0, 'goal_error': 448, 'joint_limit': 0, 'workspace': 0, 'obstacle_clearance': 0, 'obstacle_contact': 0, 'self_collision': 0}",nan,nan,0.0,passthrough,0,0,4,0,0,0,0,0,0.0,0.0,0.0,0.0,1.0,0.0812035879396251,0,1,1,0,0.043630423196683255,0.0,passthrough,osqp optimal,0.0,0,1,12,workspace_z_lower,workspace_z_lower,,,0,0,1,solved,osqp,0.0,valid,0.0812035879396251,0.919798638639702,0|5.92937297e-13|7.98250494e-13|8.54347414e-13|9.9997312e-13|8.91481803e-13,,,,,,,,,,0.009166573057882488,0.002366172964684665,0.001250509056262672,0.0015730659943073988
73,3.7,-2.466594665195494,0.2690827548503876,0.8337456583976746,0.25719350576400757,0.17432209849357605,1.0,2,0,0,0,0,0,0,,0,0,,-1,-1,nan,not_applicable,,,nan,0,0.0,0.0,0.0,0.0,0.0,0.8337456298597004,0.8337456583976746,-2.8537974205988803e-08,0.0,0.0,0.0,0.0,0.0,0.0,0,0,disabled,0.0,1,PLAN_FAILED,ik_not_found,0,0.2852408119942993,1.7746490510180593,0,0,0,0,-1,nan,nan,,,448,1,1,"{'solver_error': 0, 'short_solution': 0, 'duplicate': 0, 'goal_error': 448, 'joint_limit': 0, 'workspace': 0, 'obstacle_clearance': 0, 'obstacle_contact': 0, 'self_collision': 0}",nan,nan,0.0,passthrough,0,0,4,0,0,0,0,0,0.0,0.0,0.0,0.0,1.0,0.08120358793968899,0,1,1,0,0.043630423196683255,0.0,passthrough,osqp optimal,0.0,0,1,12,workspace_z_lower,workspace_z_lower,,,0,0,1,solved,osqp,0.0,valid,0.08120358793968899,0.9197986386397022,0|3.07355742e-15|4.13781794e-15|4.42860279e-15|5.18356934e-15|4.62073474e-15,,,,,,,,,,0.009165982017293572,0.002395566087216139,0.0012226600665599108,0.0016022459603846073
74,3.75,-2.466594665195494,0.2690827548503876,0.8337456583976746,0.25719350576400757,0.17432209849357605,1.0,2,0,0,0,0,0,0,,0,0,,-1,-1,nan,not_applicable,,,nan,0,0.0,0.0,0.0,0.0,0.0,0.8337456298597004,0.8337456583976746,-2.8537974205988803e-08,0.0,0.0,0.0,0.0,0.0,0.0,0,0,disabled,0.0,1,PLAN_FAILED,ik_not_found,0,0.2852408119942993,1.7746490510180593,0,0,0,0,-1,nan,nan,,,448,1,1,"{'solver_error': 0, 'short_solution': 0, 'duplicate': 0, 'goal_error': 448, 'joint_limit': 0, 'workspace': 0, 'obstacle_clearance': 0, 'obstacle_contact': 0, 'self_collision': 0}",nan,nan,0.0,passthrough,0,0,4,0,0,0,0,0,0.0,0.0,0.0,0.0,1.0,0.08120358793968932,0,1,1,0,0.043630423196683255,0.0,passthrough,osqp optimal,0.0,0,1,12,workspace_z_lower,workspace_z_lower,,,0,0,1,solved,osqp,0.0,valid,0.08120358793968932,0.9197986386397022,0|1.59310243e-17|2.14473573e-17|2.29545685e-17|2.68676738e-17|2.39504774e-17,,,,,,,,,,0.009248564019799232,0.002442925935611129,0.0011954259825870395,0.0015312230680137873
75,3.8000000000000003,-2.466594665195494,0.2690827548503876,0.8337456583976746,0.25719350576400757,0.17432209849357605,1.0,2,0,0,0,0,0,0,,0,0,,-1,-1,nan,not_applicable,,,nan,0,0.0,0.0,0.0,0.0,0.0,0.8337456298597004,0.8337456583976746,-2.8537974205988803e-08,0.0,0.0,0.0,0.0,0.0,0.0,0,0,disabled,0.0,1,PLAN_FAILED,ik_not_found,0,0.2852408119942993,1.7746490510180593,0,0,0,0,-1,nan,nan,,,448,1,1,"{'solver_error': 0, 'short_solution': 0, 'duplicate': 0, 'goal_error': 448, 'joint_limit': 0, 'workspace': 0, 'obstacle_clearance': 0, 'obstacle_contact': 0, 'self_collision': 0}",nan,nan,0.0,passthrough,0,0,4,0,0,0,0,0,0.0,0.0,0.0,0.0,1.0,0.08120358793968932,0,1,1,0,0.043630423196683255,0.0,passthrough,osqp optimal,0.0,0,1,12,workspace_z_lower,workspace_z_lower,,,0,0,1,solved,osqp,0.0,valid,0.08120358793968932,0.9197986386397022,0|8.25742259e-20|1.1116667e-19|1.18978898e-19|1.39261449e-19|1.24140932e-19,,,,,,,,,,0.011638730997219682,0.003876087022945285,0.001207808032631874,0.0016447699163109064
76,3.85,-2.466594665195494,0.2690827548503876,0.8337456583976746,0.25719350576400757,0.17432209849357605,1.0,2,0,0,0,0,0,0,,0,0,,-1,-1,nan,not_applicable,,,nan,0,0.0,0.0,0.0,0.0,0.0,0.8337456298597004,0.8337456583976746,-2.8537974205988803e-08,0.0,0.0,0.0,0.0,0.0,0.0,0,0,disabled,0.0,1,PLAN_FAILED,ik_not_found,0,0.2852408119942993,1.7746490510180593,0,0,0,0,-1,nan,nan,,,448,1,1,"{'solver_error': 0, 'short_solution': 0, 'duplicate': 0, 'goal_error': 448, 'joint_limit': 0, 'workspace': 0, 'obstacle_clearance': 0, 'obstacle_contact': 0, 'self_collision': 0}",nan,nan,0.0,passthrough,0,0,4,0,0,0,0,0,0.0,0.0,0.0,0.0,1.0,0.08120358793968932,0,1,1,0,0.043630423196683255,0.0,passthrough,osqp optimal,0.0,0,1,12,workspace_z_lower,workspace_z_lower,,,0,0,1,solved,osqp,0.0,valid,0.08120358793968932,0.9197986386397022,0|4.28001588e-22|5.76202933e-22|6.16695546e-22|7.21824768e-22|6.43451574e-22,,,,,,,,,,0.01504526601638645,0.0038891580188646913,0.002124737948179245,0.0024463379522785544
77,3.9000000000000004,-2.466594665195494,0.2690827548503876,0.8337456583976746,0.25719350576400757,0.17432209849357605,1.0,2,0,0,0,0,0,0,,0,0,,-1,-1,nan,not_applicable,,,nan,0,0.0,0.0,0.0,0.0,0.0,0.8337456298597004,0.8337456583976746,-2.8537974205988803e-08,0.0,0.0,0.0,0.0,0.0,0.0,0,0,disabled,0.0,1,PLAN_FAILED,ik_not_found,0,0.2852408119942993,1.7746490510180593,0,0,0,0,-1,nan,nan,,,448,1,1,"{'solver_error': 0, 'short_solution': 0, 'duplicate': 0, 'goal_error': 448, 'joint_limit': 0, 'workspace': 0, 'obstacle_clearance': 0, 'obstacle_contact': 0, 'self_collision': 0}",nan,nan,0.0,passthrough,0,0,4,0,0,0,0,0,0.0,0.0,0.0,0.0,1.0,0.08120358793968932,0,1,1,0,0.043630423196683255,0.0,passthrough,osqp optimal,0.0,0,1,12,workspace_z_lower,workspace_z_lower,,,0,0,1,solved,osqp,0.0,valid,0.08120358793968932,0.9197986386397022,0|2.21843288e-24|2.98659531e-24|3.19647805e-24|3.7413875e-24|3.3351608e-24,,,,,,,,,,0.01587045390624553,0.004302961984649301,0.002150022075511515,0.0023870329605415463
78,3.95,-2.466594665195494,0.2690827548503876,0.8337456583976746,0.25719350576400757,0.17432209849357605,1.0,2,0,0,0,0,0,0,,0,0,,-1,-1,nan,not_applicable,,,nan,0,0.0,0.0,0.0,0.0,0.0,0.8337456298597004,0.8337456583976746,-2.8537974205988803e-08,0.0,0.0,0.0,0.0,0.0,0.0,0,0,disabled,0.0,1,PLAN_FAILED,ik_not_found,0,0.2852408119942993,1.7746490510180593,0,0,0,0,-1,nan,nan,,,448,1,1,"{'solver_error': 0, 'short_solution': 0, 'duplicate': 0, 'goal_error': 448, 'joint_limit': 0, 'workspace': 0, 'obstacle_clearance': 0, 'obstacle_contact': 0, 'self_collision': 0}",nan,nan,0.0,passthrough,0,0,4,0,0,0,0,0,0.0,0.0,0.0,0.0,1.0,0.08120358793968932,0,1,1,0,0.043630423196683255,0.0,passthrough,osqp optimal,0.0,0,1,12,workspace_z_lower,workspace_z_lower,,,0,0,1,solved,osqp,0.0,valid,0.08120358793968932,0.9197986386397022,0|1.14986587e-26|1.54802249e-26|1.65680965e-26|1.93924902e-26|1.72869219e-26,,,,,,,,,,0.015988750965334475,0.004338152008131146,0.0021681319922208786,0.0024219509214162827
79,4.0,-2.466594665195494,0.2690827548503876,0.8337456583976746,0.25719350576400757,0.17432209849357605,1.0,2,0,0,0,0,0,0,,0,0,,-1,-1,nan,not_applicable,,,nan,0,0.0,0.0,0.0,0.0,0.0,0.8337456298597004,0.8337456583976746,-2.8537974205988803e-08,0.0,0.0,0.0,0.0,0.0,0.0,0,0,disabled,0.0,1,PLAN_FAILED,ik_not_found,0,0.2852408119942993,1.7746490510180593,0,0,0,0,-1,nan,nan,,,448,1,1,"{'solver_error': 0, 'short_solution': 0, 'duplicate': 0, 'goal_error': 448, 'joint_limit': 0, 'workspace': 0, 'obstacle_clearance': 0, 'obstacle_contact': 0, 'self_collision': 0}",nan,nan,0.0,passthrough,0,0,4,0,0,0,0,0,0.0,0.0,0.0,0.0,1.0,0.08120358793968932,0,1,1,0,0.043630423196683255,0.0,passthrough,osqp optimal,0.0,0,1,12,workspace_z_lower,workspace_z_lower,,,0,0,1,solved,osqp,0.0,valid,0.08120358793968932,0.9197986386397022,0|5.96002459e-29|8.02376381e-29|8.58763315e-29|1.00515827e-28|8.96021729e-29,,,,,,,,,,0.016037503024563193,0.004381261998787522,0.00212075503077358,0.002497923909686506
80,4.05,-2.466594903614074,0.26908281445503235,0.8337456583976746,0.25719350576400757,0.17432209849357605,1.0,2,0,0,0,0,0,0,,0,0,,-1,-1,nan,not_applicable,,,nan,0,1.3262571485483932e-07,2.652514012879692e-06,5.305028025759384e-05,0.0,0.0,0.8337456298597004,0.8337456583976746,-2.8537974205988803e-08,0.0,9.086072690877513e-08,0.0,6.444848993824794e-08,-6.444848993824794e-08,0.0,0,0,disabled,0.0,1,PLAN_FAILED,ik_not_found,0,0.4126633401028812,2.1873123911209404,0,0,0,0,-1,nan,nan,,,512,1,1,"{'solver_error': 0, 'short_solution': 0, 'duplicate': 0, 'goal_error': 512, 'joint_limit': 0, 'workspace': 0, 'obstacle_clearance': 0, 'obstacle_contact': 0, 'self_collision': 0}",nan,nan,0.0,passthrough,0,0,5,0,0,0,0,0,0.0,0.0,0.0,0.0,1.0,0.08120358793968932,0,1,1,0,0.043630423196683255,0.0,filtered,osqp optimal,1.326257120661789e-07,0,1,12,workspace_z_lower,workspace_z_lower,,,0,0,1,solved,osqp,2.2998519841469643e-10,valid,0.08120358793968932,0.9197986386397022,0|3.08922088e-31|4.15890544e-31|4.45117218e-31|5.20997166e-31|4.64429127e-31,,,,,,,,,,0.423398545011878,0.003771285992115736,0.001269271015189588,0.0015867529436945915
81,4.1000000000000005,-2.466594665195494,0.2690827548503876,0.8337456583976746,0.25719350576400757,0.17432209849357605,1.0,2,0,0,0,0,0,0,,0,0,,-1,-1,nan,not_applicable,,,nan,0,4.5371955081918713e-08,1.7450751101932838e-06,8.795178291620687e-05,0.0,0.0,0.8337456298597004,0.8337456583976746,-2.8537974205988803e-08,0.0,3.108393288541055e-08,0.0,2.2048167461662854e-08,-2.2048167461662854e-08,0.0,0,0,disabled,0.0,1,PLAN_FAILED,ik_not_found,0,0.4126633401028812,2.1873123911209404,0,0,0,0,-1,nan,nan,,,512,1,1,"{'solver_error': 0, 'short_solution': 0, 'duplicate': 0, 'goal_error': 512, 'joint_limit': 0, 'workspace': 0, 'obstacle_clearance': 0, 'obstacle_contact': 0, 'self_collision': 0}",nan,nan,0.1326257120661789,filtered,0,0,5,0,0,0,0,0,0.0,0.0,0.0,0.0,1.0,0.08120357647256599,0,1,1,0,0.043630423196683255,0.0,filtered,osqp optimal,4.5371954828762363e-08,0,1,12,workspace_z_lower,workspace_z_lower,,,0,0,1,solved,osqp,7.867915021493101e-11,valid,0.08120357647256599,0.9197986376041376,0|4.73416051e-08|8.16666907e-08|9.03903409e-08|1.00538248e-07|9.03413627e-08,,,,,,,,,,0.010179886012338102,0.002455584006384015,0.0012113850098103285,0.0015871899668127298
82,4.15,-2.466594665195494,0.2690827548503876,0.8337456583976746,0.25719350576400757,0.17432209849357605,1.0,2,0,0,0,0,0,0,,0,0,,-1,-1,nan,not_applicable,,,nan,0,4.5371955081918713e-08,2.3714375071531542e-15,3.4901502658613026e-05,0.0,0.0,0.8337456298597004,0.8337456583976746,-2.8537974205988803e-08,0.0,3.1083932916675844e-08,0.0,2.2048167464797875e-08,-2.2048167464797875e-08,0.0,0,0,disabled,0.0,1,PLAN_FAILED,ik_not_found,0,0.4126633401028812,2.1873123911209404,0,0,0,0,-1,nan,nan,,,512,1,1,"{'solver_error': 0, 'short_solution': 0, 'duplicate': 0, 'goal_error': 512, 'joint_limit': 0, 'workspace': 0, 'obstacle_clearance': 0, 'obstacle_contact': 0, 'self_collision': 0}",nan,nan,0.04537195482876236,filtered,0,0,5,0,0,0,0,0,0.0,0.0,0.0,0.0,1.0,0.08120358118991353,0,1,1,0,0.043630423196683255,0.0,filtered,osqp optimal,4.53719547726015e-08,0,1,12,workspace_z_lower,workspace_z_lower,,,0,0,1,solved,osqp,7.867914838274581e-11,valid,0.08120358118991353,0.9197986377722374,0|1.65300185e-08|2.83785421e-08|3.13941298e-08|3.49560966e-08|3.13953674e-08,,,,,,,,,,0.008935926016420126,0.002443455974571407,0.001213778043165803,0.001498018973506987
83,4.2,-2.466594665195494,0.2690827548503876,0.8337456583976746,0.25719350576400757,0.17432209849357605,1.0,2,0,0,0,0,0,0,,0,0,,-1,-1,nan,not_applicable,,,nan,0,4.5371955081918713e-08,5.551115123125783e-16,4.4754520591881383e-14,0.0,0.0,0.8337456298597004,0.8337456583976746,-2.8537974205988803e-08,0.0,3.1083932935201964e-08,0.0,2.2048167467366754e-08,-2.2048167467366754e-08,0.0,0,0,disabled,0.0,1,PLAN_FAILED,ik_not_found,0,0.4126633401028812,2.1873123911209404,0,0,0,0,-1,nan,nan,,,512,1,1,"{'solver_error': 0, 'short_solution': 0, 'duplicate': 0, 'goal_error': 512, 'joint_limit': 0, 'workspace': 0, 'obstacle_clearance': 0, 'obstacle_contact': 0, 'self_collision': 0}",nan,nan,0.0453719547726015,filtered,0,0,5,0,0,0,0,0,0.0,0.0,0.0,0.0,1.0,0.08120358120857127,0,1,1,0,0.043630423196683255,0.0,filtered,osqp optimal,4.5371954733523216e-08,0,1,12,workspace_z_lower,workspace_z_lower,,,0,0,1,solved,osqp,7.867914771501915e-11,valid,0.08120358120857127,0.9197986378718509,0|1.63118706e-08|2.80913438e-08|3.10865782e-08|3.45896304e-08|3.1076062e-08,,,,,,,,,,0.00888877990655601,0.00238506100140512,0.0011719759786501527,0.0014980779960751534
84,4.25,-2.466594665195494,0.2690827548503876,0.8337456583976746,0.25719350576400757,0.17432209849357605,1.0,2,0,0,0,0,0,0,,0,0,,-1,-1,nan,not_applicable,,,nan,0,4.5371951529205035e-08,3.788658094389975e-14,7.542261086512791e-13,0.0,0.0,0.8337456298597004,0.8337456583976746,-2.8537974205988803e-08,0.0,3.108393289760097e-08,0.0,2.2048167480359373e-08,-2.2048167480359373e-08,0.0,0,0,disabled,0.0,1,PLAN_FAILED,ik_not_found,0,0.4126633401028812,2.1873123911209404,0,0,0,0,-1,nan,nan,,,512,1,1,"{'solver_error': 0, 'short_solution': 0, 'duplicate': 0, 'goal_error': 512, 'joint_limit': 0, 'workspace': 0, 'obstacle_clearance': 0, 'obstacle_contact': 0, 'self_collision': 0}",nan,nan,0.04537195473352322,filtered,0,0,5,0,0,0,0,0,0.0,0.0,0.0,0.0,1.0,0.08120358120372256,0,1,1,0,0.043630423196683255,0.0,filtered,osqp optimal,4.537195387973924e-08,0,1,12,workspace_z_lower,workspace_z_lower,,,0,0,1,solved,osqp,7.867914385558631e-11,valid,0.08120358120372256,0.919798637971264,0|1.63107442e-08|2.80898612e-08|3.10849906e-08|3.4587735e-08|3.10744129e-08,,,,,,,,,,0.009156245971098542,0.002365330932661891,0.001210948103107512,0.0015172510175034404
85,4.3,-2.466594665195494,0.2690827548503876,0.8337456583976746,0.25719350576400757,0.17432209849357605,1.0,2,0,0,0,0,0,0,,0,0,,-1,-1,nan,not_applicable,,,nan,0,4.5371951529205035e-08,5.551115123125783e-16,7.542261086512791e-13,0.0,0.0,0.8337456298597004,0.8337456583976746,-2.8537974205988803e-08,0.0,3.108393291607935e-08,0.0,2.2048167482910563e-08,-2.2048167482910563e-08,0.0,0,0,disabled,0.0,1,PLAN_FAILED,ik_not_found,0,0.4126633401028812,2.1873123911209404,0,0,0,0,-1,nan,nan,,,512,1,1,"{'solver_error': 0, 'short_solution': 0, 'duplicate': 0, 'goal_error': 512, 'joint_limit': 0, 'workspace': 0, 'obstacle_clearance': 0, 'obstacle_contact': 0, 'self_collision': 0}",nan,nan,0.04537195387973924,filtered,0,0,5,0,0,0,0,0,0.0,0.0,0.0,0.0,1.0,0.08120358119875251,0,1,1,0,0.043630423196683255,0.0,filtered,osqp optimal,4.5371953840742754e-08,0,1,12,workspace_z_lower,workspace_z_lower,,,0,0,1,solved,osqp,7.867914319354404e-11,valid,0.08120358119875251,0.919798638070675,0|1.63107396e-08|2.80898548e-08|3.10849836e-08|3.45877265e-08|3.10744054e-08,,,,,,,,,,0.009259037091396749,0.002421380952000618,0.0013268389739096165,0.001487812027335167
86,4.3500000000000005,-2.466594665195494,0.2690827548503876,0.8337456583976746,0.25719350576400757,0.17432209849357605,1.0,2,0,0,0,0,0,0,,0,0,,-1,-1,nan,not_applicable,,,nan,0,4.5371951529205035e-08,5.551115123125783e-16,0.0,0.0,0.0,0.8337456298597004,0.8337456583976746,-2.8537974205988803e-08,0.0,3.108393293455772e-08,0.0,2.204816748546175e-08,-2.204816748546175e-08,0.0,0,0,disabled,0.0,1,PLAN_FAILED,ik_not_found,0,0.4126633401028812,2.1873123911209404,0,0,0,0,-1,nan,nan,,,512,1,1,"{'solver_error': 0, 'short_solution': 0, 'duplicate': 0, 'goal_error': 512, 'joint_limit': 0, 'workspace': 0, 'obstacle_clearance': 0, 'obstacle_contact': 0, 'self_collision': 0}",nan,nan,0.04537195384074275,filtered,0,0,5,0,0,0,0,0,0.0,0.0,0.0,0.0,1.0,0.08120358119378196,0,1,1,0,0.043630423196683255,0.0,filtered,osqp optimal,4.537195380174622e-08,0,1,12,workspace_z_lower,workspace_z_lower,,,0,0,1,solved,osqp,7.867914253154809e-11,valid,0.08120358119378196,0.9197986381700859,0|1.63107396e-08|2.80898548e-08|3.10849836e-08|3.45877265e-08|3.10744054e-08,,,,,,,,,,0.009145310963504016,0.0024194070138037205,0.001217768993228674,0.0015581639017909765
87,4.4,-2.466594665195494,0.2690827548503876,0.8337456583976746,0.25719350576400757,0.17432209849357605,1.0,2,0,0,0,0,0,0,,0,0,,-1,-1,nan,not_applicable,,,nan,0,4.5371955081918713e-08,3.553147359669495e-14,7.105427357601002e-13,0.0,0.0,0.8337456298597004,0.8337456583976746,-2.8537974205988803e-08,0.0,3.108393364468492e-08,0.0,2.204816803204251e-08,-2.204816803204251e-08,0.0,0,0,disabled,0.0,1,PLAN_FAILED,ik_not_found,0,0.4126633401028812,2.1873123911209404,0,0,0,0,-1,nan,nan,,,512,1,1,"{'solver_error': 0, 'short_solution': 0, 'duplicate': 0, 'goal_error': 512, 'joint_limit': 0, 'workspace': 0, 'obstacle_clearance': 0, 'obstacle_contact': 0, 'self_collision': 0}",nan,nan,0.04537195380174622,filtered,0,0,5,0,0,0,0,0,0.0,0.0,0.0,0.0,1.0,0.08120358118881144,0,1,1,0,0.043630423196683255,0.0,filtered,osqp optimal,4.537195376274969e-08,0,1,12,workspace_z_lower,workspace_z_lower,,,0,0,1,solved,osqp,7.867914186953228e-11,valid,0.08120358118881144,0.9197986382694968,0|1.63107396e-08|2.80898548e-08|3.10849836e-08|3.45877265e-08|3.10744054e-08,,,,,,,,,,0.009054483030922711,0.0023417980410158634,0.0012080479646101594,0.0015802680281922221
88,4.45,-2.466594665195494,0.2690827548503876,0.8337456583976746,0.25719350576400757,0.17432209849357605,1.0,2,0,0,0,0,0,0,,0,0,,-1,-1,nan,not_applicable,,,nan,0,4.5371955081918713e-08,2.288783396885369e-15,7.11929159288166e-13,0.0,0.0,0.8337456298597004,0.8337456583976746,-2.8537974205988803e-08,0.0,3.108393366543418e-08,0.0,2.2048168030514594e-08,-2.2048168030514594e-08,0.0,0,0,disabled,0.0,1,PLAN_FAILED,ik_not_found,0,0.4126633401028812,2.1873123911209404,0,0,0,0,-1,nan,nan,,,512,1,1,"{'solver_error': 0, 'short_solution': 0, 'duplicate': 0, 'goal_error': 512, 'joint_limit': 0, 'workspace': 0, 'obstacle_clearance': 0, 'obstacle_contact': 0, 'self_collision': 0}",nan,nan,0.04537195376274969,filtered,0,0,5,0,0,0,0,0,0.0,0.0,0.0,0.0,1.0,0.0812035854645527,0,1,1,0,0.043630423196683255,0.0,filtered,osqp optimal,4.537195372640523e-08,0,1,12,workspace_z_lower,workspace_z_lower,,,0,0,1,solved,osqp,7.8679139400418e-11,valid,0.0812035854645527,0.9197986383689085,0|1.63107394e-08|2.80898565e-08|3.10849842e-08|3.45877273e-08|3.10744061e-08,,,,,,,,,,0.009095332003198564,0.0025033450219780207,0.0012065930059179664,0.00151153898332268
89,4.5,-2.466594665195494,0.2690827548503876,0.8337456583976746,0.25719350576400757,0.17432209849357605,1.0,2,0,0,0,0,0,0,,0,0,,-1,-1,nan,not_applicable,,,nan,0,4.5371955081918713e-08,2.7755575615628914e-16,4.4754520591881383e-14,0.0,0.0,0.8337456298597004,0.8337456583976746,-2.8537974205988803e-08,0.0,3.108393368370982e-08,0.0,2.2048168032713525e-08,-2.2048168032713525e-08,0.0,0,0,disabled,0.0,1,PLAN_FAILED,ik_not_found,0,0.4126633401028812,2.1873123911209404,0,0,0,0,-1,nan,nan,,,512,1,1,"{'solver_error': 0, 'short_solution': 0, 'duplicate': 0, 'goal_error': 512, 'joint_limit': 0, 'workspace': 0, 'obstacle_clearance': 0, 'obstacle_contact': 0, 'self_collision': 0}",nan,nan,0.045371953726405234,filtered,0,0,5,0,0,0,0,0,0.0,0.0,0.0,0.0,1.0,0.08120358545958209,0,1,1,0,0.043630423196683255,0.0,filtered,osqp optimal,4.537195368735188e-08,0,1,12,workspace_z_lower,workspace_z_lower,,,0,0,1,solved,osqp,7.867913877708778e-11,valid,0.08120358545958209,0.9197986384683202,0|1.63107394e-08|2.80898565e-08|3.10849843e-08|3.45877273e-08|3.10744062e-08,,,,,,,,,,0.009622217039577663,0.0026394349988549948,0.0011732539860531688,0.0018361289985477924
90,4.55,-2.466594665195494,0.2690827548503876,0.8337456583976746,0.25719350576400757,0.17432209849357605,1.0,2,0,0,0,0,0,0,,0,0,,-1,-1,nan,not_applicable,,,nan,0,0.0,9.074390732166648e-07,1.8148779417970218e-05,0.0,0.0,0.8337456298597004,0.8337456583976746,-2.8537974205988803e-08,0.0,0.0,0.0,0.0,0.0,0.0,0,0,disabled,0.0,1,PLAN_FAILED,ik_not_found,0,0.4126633401028812,2.1873123911209404,0,0,0,0,-1,nan,nan,,,512,1,1,"{'solver_error': 0, 'short_solution': 0, 'duplicate': 0, 'goal_error': 512, 'joint_limit': 0, 'workspace': 0, 'obstacle_clearance': 0, 'obstacle_contact': 0, 'self_collision': 0}",nan,nan,0.045371953687351876,filtered,0,0,5,0,0,0,0,0,0.0,0.0,0.0,0.0,1.0,0.08120358545461118,0,1,1,0,0.043630423196683255,0.0,passthrough,osqp optimal,0.0,0,1,12,workspace_z_lower,workspace_z_lower,,,0,0,1,solved,osqp,0.0,valid,0.08120358545461118,0.9197986385677318,0|1.63107394e-08|2.80898588e-08|3.10849872e-08|3.45877273e-08|3.10744062e-08,,,,,,,,,,0.009264071006327868,0.0025466459337621927,0.0012129150563850999,0.0016286669997498393
91,4.6000000000000005,-2.466594665195494,0.2690827548503876,0.8337456583976746,0.25719350576400757,0.17432209849357605,1.0,2,0,0,0,0,0,0,,0,0,,-1,-1,nan,not_applicable,,,nan,0,0.0,0.0,1.8148779417970218e-05,0.0,0.0,0.8337456298597004,0.8337456583976746,-2.8537974205988803e-08,0.0,0.0,0.0,0.0,0.0,0.0,0,0,disabled,0.0,1,PLAN_FAILED,ik_not_found,0,0.4126633401028812,2.1873123911209404,0,0,0,0,-1,nan,nan,,,512,1,1,"{'solver_error': 0, 'short_solution': 0, 'duplicate': 0, 'goal_error': 512, 'joint_limit': 0, 'workspace': 0, 'obstacle_clearance': 0, 'obstacle_contact': 0, 'self_collision': 0}",nan,nan,0.0,passthrough,0,0,5,0,0,0,0,0,0.0,0.0,0.0,0.0,1.0,0.08120358792904064,0,1,1,0,0.043630423196683255,0.0,passthrough,osqp optimal,0.0,0,1,12,workspace_z_lower,workspace_z_lower,,,0,0,1,solved,osqp,0.0,valid,0.08120358792904064,0.9197986386036102,0|1.14929182e-10|1.54731761e-10|1.65604795e-10|1.9351385e-10|1.72650393e-10,,,,,,,,,,0.011646394967101514,0.0024786790600046515,0.00228467199485749,0.002789994003251195
92,4.65,-2.466594665195494,0.2690827548503876,0.8337456583976746,0.25719350576400757,0.17432209849357605,1.0,2,0,0,0,0,0,0,,0,0,,-1,-1,nan,not_applicable,,,nan,0,0.0,0.0,0.0,0.0,0.0,0.8337456298597004,0.8337456583976746,-2.8537974205988803e-08,0.0,0.0,0.0,0.0,0.0,0.0,0,0,disabled,0.0,1,PLAN_FAILED,ik_not_found,0,0.4126633401028812,2.1873123911209404,0,0,0,0,-1,nan,nan,,,512,1,1,"{'solver_error': 0, 'short_solution': 0, 'duplicate': 0, 'goal_error': 512, 'joint_limit': 0, 'workspace': 0, 'obstacle_clearance': 0, 'obstacle_contact': 0, 'self_collision': 0}",nan,nan,0.0,passthrough,0,0,5,0,0,0,0,0,0.0,0.0,0.0,0.0,1.0,0.08120358794142438,0,1,1,0,0.043630423196683255,0.0,passthrough,osqp optimal,0.0,0,1,12,workspace_z_lower,workspace_z_lower,,,0,0,1,solved,osqp,0.0,valid,0.08120358794142438,0.9197986386037164,0|5.92937297e-13|7.98250494e-13|8.54347414e-13|9.99973114e-13|8.91481801e-13,,,,,,,,,,0.008959644008427858,0.0023193359375,0.0011860760860145092,0.0015472760424017906
93,4.7,-2.466594665195494,0.2690827548503876,0.8337456583976746,0.25719350576400757,0.17432209849357605,1.0,2,0,0,0,0,0,0,,0,0,,-1,-1,nan,not_applicable,,,nan,0,0.0,0.0,0.0,0.0,0.0,0.8337456298597004,0.8337456583976746,-2.8537974205988803e-08,0.0,0.0,0.0,0.0,0.0,0.0,0,0,disabled,0.0,1,PLAN_FAILED,ik_not_found,0,0.4126633401028812,2.1873123911209404,0,0,0,0,-1,nan,nan,,,512,1,1,"{'solver_error': 0, 'short_solution': 0, 'duplicate': 0, 'goal_error': 512, 'joint_limit': 0, 'workspace': 0, 'obstacle_clearance': 0, 'obstacle_contact': 0, 'self_collision': 0}",nan,nan,0.0,passthrough,0,0,5,0,0,0,0,0,0.0,0.0,0.0,0.0,1.0,0.08120358794148824,0,1,1,0,0.043630423196683255,0.0,passthrough,osqp optimal,0.0,0,1,12,workspace_z_lower,workspace_z_lower,,,0,0,1,solved,osqp,0.0,valid,0.08120358794148824,0.9197986386037169,0|3.07355742e-15|4.13781794e-15|4.42860279e-15|5.18356934e-15|4.62073471e-15,,,,,,,,,,0.013005401939153671,0.004835619009099901,0.0012921270681545138,0.0026442420203238726
94,4.75,-2.466594665195494,0.2690827548503876,0.8337456583976746,0.25719350576400757,0.17432209849357605,1.0,2,0,0,0,0,0,0,,0,0,,-1,-1,nan,not_applicable,,,nan,0,0.0,0.0,0.0,0.0,0.0,0.8337456298597004,0.8337456583976746,-2.8537974205988803e-08,0.0,0.0,0.0,0.0,0.0,0.0,0,0,disabled,0.0,1,PLAN_FAILED,ik_not_found,0,0.4126633401028812,2.1873123911209404,0,0,0,0,-1,nan,nan,,,512,1,1,"{'solver_error': 0, 'short_solution': 0, 'duplicate': 0, 'goal_error': 512, 'joint_limit': 0, 'workspace': 0, 'obstacle_clearance': 0, 'obstacle_contact': 0, 'self_collision': 0}",nan,nan,0.0,passthrough,0,0,5,0,0,0,0,0,0.0,0.0,0.0,0.0,1.0,0.08120358794148858,0,1,1,0,0.043630423196683255,0.0,passthrough,osqp optimal,0.0,0,1,12,workspace_z_lower,workspace_z_lower,,,0,0,1,solved,osqp,0.0,valid,0.08120358794148858,0.9197986386037169,0|1.59310243e-17|2.14473573e-17|2.29545685e-17|2.68676736e-17|2.39504773e-17,,,,,,,,,,0.009325664024800062,0.002545509021729231,0.0012299470836296678,0.001468696049414575
95,4.800000000000001,-2.466594665195494,0.2690827548503876,0.8337456583976746,0.25719350576400757,0.17432209849357605,1.0,2,0,0,0,0,0,0,,0,0,,-1,-1,nan,not_applicable,,,nan,0,0.0,0.0,0.0,0.0,0.0,0.8337456298597004,0.8337456583976746,-2.8537974205988803e-08,0.0,0.0,0.0,0.0,0.0,0.0,0,0,disabled,0.0,1,PLAN_FAILED,ik_not_found,0,0.4126633401028812,2.1873123911209404,0,0,0,0,-1,nan,nan,,,512,1,1,"{'solver_error': 0, 'short_solution': 0, 'duplicate': 0, 'goal_error': 512, 'joint_limit': 0, 'workspace': 0, 'obstacle_clearance': 0, 'obstacle_contact': 0, 'self_collision': 0}",nan,nan,0.0,passthrough,0,0,5,0,0,0,0,0,0.0,0.0,0.0,0.0,1.0,0.08120358794148858,0,1,1,0,0.043630423196683255,0.0,passthrough,osqp optimal,0.0,0,1,12,workspace_z_lower,workspace_z_lower,,,0,0,1,solved,osqp,0.0,valid,0.08120358794148858,0.9197986386037169,0|8.25742204e-20|1.11166662e-19|1.1897889e-19|1.39261439e-19|1.24140923e-19,,,,,,,,,,0.009310666006058455,0.002533141989260912,0.0012433090014383197,0.001542998943477869
96,4.8500000000000005,-2.466594665195494,0.2690827548503876,0.8337456583976746,0.25719350576400757,0.17432209849357605,1.0,2,0,0,0,0,0,0,,0,0,,-1,-1,nan,not_applicable,,,nan,0,0.0,0.0,0.0,0.0,0.0,0.8337456298597004,0.8337456583976746,-2.8537974205988803e-08,0.0,0.0,0.0,0.0,0.0,0.0,0,0,disabled,0.0,1,PLAN_FAILED,ik_not_found,0,0.4126633401028812,2.1873123911209404,0,0,0,0,-1,nan,nan,,,512,1,1,"{'solver_error': 0, 'short_solution': 0, 'duplicate': 0, 'goal_error': 512, 'joint_limit': 0, 'workspace': 0, 'obstacle_clearance': 0, 'obstacle_contact': 0, 'self_collision': 0}",nan,nan,0.0,passthrough,0,0,5,0,0,0,0,0,0.0,0.0,0.0,0.0,1.0,0.08120358794148858,0,1,1,0,0.043630423196683255,0.0,passthrough,osqp optimal,0.0,0,1,12,workspace_z_lower,workspace_z_lower,,,0,0,1,solved,osqp,0.0,valid,0.08120358794148858,0.9197986386037169,0|4.28001588e-22|5.76202933e-22|6.16695546e-22|7.21824768e-22|6.43451574e-22,,,,,,,,,,0.009220773004926741,0.0023692259564995766,0.0012481410522013903,0.0015942319296300411
97,4.9,-2.466594665195494,0.2690827548503876,0.8337456583976746,0.25719350576400757,0.17432209849357605,1.0,2,0,0,0,0,0,0,,0,0,,-1,-1,nan,not_applicable,,,nan,0,0.0,0.0,0.0,0.0,0.0,0.8337456298597004,0.8337456583976746,-2.8537974205988803e-08,0.0,0.0,0.0,0.0,0.0,0.0,0,0,disabled,0.0,1,PLAN_FAILED,ik_not_found,0,0.4126633401028812,2.1873123911209404,0,0,0,0,-1,nan,nan,,,512,1,1,"{'solver_error': 0, 'short_solution': 0, 'duplicate': 0, 'goal_error': 512, 'joint_limit': 0, 'workspace': 0, 'obstacle_clearance': 0, 'obstacle_contact': 0, 'self_collision': 0}",nan,nan,0.0,passthrough,0,0,5,0,0,0,0,0,0.0,0.0,0.0,0.0,1.0,0.08120358794148858,0,1,1,0,0.043630423196683255,0.0,passthrough,osqp optimal,0.0,0,1,12,workspace_z_lower,workspace_z_lower,,,0,0,1,solved,osqp,0.0,valid,0.08120358794148858,0.9197986386037169,0|2.21843272e-24|2.98659508e-24|3.19647781e-24|3.74138724e-24|3.33516059e-24,,,,,,,,,,0.00925312505569309,0.0023660899605602026,0.0012608899269253016,0.0015211220597848296
98,4.95,-2.466594665195494,0.2690827548503876,0.8337456583976746,0.25719350576400757,0.17432209849357605,1.0,2,0,0,0,0,0,0,,0,0,,-1,-1,nan,not_applicable,,,nan,0,0.0,0.0,0.0,0.0,0.0,0.8337456298597004,0.8337456583976746,-2.8537974205988803e-08,0.0,0.0,0.0,0.0,0.0,0.0,0,0,disabled,0.0,1,PLAN_FAILED,ik_not_found,0,0.4126633401028812,2.1873123911209404,0,0,0,0,-1,nan,nan,,,512,1,1,"{'solver_error': 0, 'short_solution': 0, 'duplicate': 0, 'goal_error': 512, 'joint_limit': 0, 'workspace': 0, 'obstacle_clearance': 0, 'obstacle_contact': 0, 'self_collision': 0}",nan,nan,0.0,passthrough,0,0,5,0,0,0,0,0,0.0,0.0,0.0,0.0,1.0,0.08120358794148858,0,1,1,0,0.043630423196683255,0.0,passthrough,osqp optimal,0.0,0,1,12,workspace_z_lower,workspace_z_lower,,,0,0,1,solved,osqp,0.0,valid,0.08120358794148858,0.9197986386037169,0|1.14986574e-26|1.54802232e-26|1.65680946e-26|1.93924882e-26|1.72869201e-26,,,,,,,,,,0.009229553979821503,0.002488347003236413,0.0012350920587778091,0.0015561230247840285
99,5.0,-2.466594665195494,0.2690827548503876,0.8337456583976746,0.25719350576400757,0.17432209849357605,1.0,2,0,0,0,0,0,0,,0,0,,-1,-1,nan,not_applicable,,,nan,0,0.0,0.0,0.0,0.0,0.0,0.8337456298597004,0.8337456583976746,-2.8537974205988803e-08,0.0,0.0,0.0,0.0,0.0,0.0,0,0,disabled,0.0,1,PLAN_FAILED,ik_not_found,0,0.4126633401028812,2.1873123911209404,0,0,0,0,-1,nan,nan,,,512,1,1,"{'solver_error': 0, 'short_solution': 0, 'duplicate': 0, 'goal_error': 512, 'joint_limit': 0, 'workspace': 0, 'obstacle_clearance': 0, 'obstacle_contact': 0, 'self_collision': 0}",nan,nan,0.0,passthrough,0,0,5,0,0,0,0,0,0.0,0.0,0.0,0.0,1.0,0.08120358794148858,0,1,1,0,0.043630423196683255,0.0,passthrough,osqp optimal,0.0,0,1,12,workspace_z_lower,workspace_z_lower,,,0,0,1,solved,osqp,0.0,valid,0.08120358794148858,0.9197986386037169,0|5.96002459e-29|8.02376382e-29|8.58763315e-29|1.00515827e-28|8.96021717e-29,,,,,,,,,,0.010067629045806825,0.002703297999687493,0.0013111879816278815,0.0018996900180354714
100,5.050000000000001,-2.466594903614074,0.26908281445503235,0.8337456583976746,0.25719350576400757,0.17432209849357605,1.0,2,0,0,0,0,0,0,,0,0,,-1,-1,nan,not_applicable,,,nan,0,1.3262571485483932e-07,2.652514012879692e-06,5.305028025759384e-05,0.0,0.0,0.8337456298597004,0.8337456583976746,-2.8537974205988803e-08,0.0,9.086072690877513e-08,0.0,6.444848993824794e-08,-6.444848993824794e-08,0.0,0,0,disabled,0.0,1,PLAN_FAILED,ik_not_found,0,0.3447199190268293,2.5320323101477697,0,0,0,0,-1,nan,nan,,,576,1,1,"{'solver_error': 0, 'short_solution': 0, 'duplicate': 0, 'goal_error': 576, 'joint_limit': 0, 'workspace': 0, 'obstacle_clearance': 0, 'obstacle_contact': 0, 'self_collision': 0}",nan,nan,0.0,passthrough,0,0,6,0,0,0,0,0,0.0,0.0,0.0,0.0,1.0,0.08120358794148858,0,1,1,0,0.043630423196683255,0.0,filtered,osqp optimal,1.326257120661789e-07,0,1,12,workspace_z_lower,workspace_z_lower,,,0,0,1,solved,osqp,2.2998519841469643e-10,valid,0.08120358794148858,0.9197986386037169,0|3.08922068e-31|4.15890517e-31|4.45117189e-31|5.2099713e-31|4.64429096e-31,,,,,,,,,,0.35479789006058127,0.0024716100888326764,0.001348505960777402,0.0018637599423527718
101,5.1000000000000005,-2.466594665195494,0.2690827548503876,0.8337456583976746,0.25719350576400757,0.17432209849357605,1.0,2,0,0,0,0,0,0,,0,0,,-1,-1,nan,not_applicable,,,nan,0,4.5371955081918713e-08,1.7450751101932838e-06,8.795178291620687e-05,0.0,0.0,0.8337456298597004,0.8337456583976746,-2.8537974205988803e-08,0.0,3.108393288541055e-08,0.0,2.2048167461662854e-08,-2.2048167461662854e-08,0.0,0,0,disabled,0.0,1,PLAN_FAILED,ik_not_found,0,0.3447199190268293,2.5320323101477697,0,0,0,0,-1,nan,nan,,,576,1,1,"{'solver_error': 0, 'short_solution': 0, 'duplicate': 0, 'goal_error': 576, 'joint_limit': 0, 'workspace': 0, 'obstacle_clearance': 0, 'obstacle_contact': 0, 'self_collision': 0}",nan,nan,0.1326257120661789,filtered,0,0,6,0,0,0,0,0,0.0,0.0,0.0,0.0,1.0,0.08120357647256599,0,1,1,0,0.043630423196683255,0.0,filtered,osqp optimal,4.5371954828762363e-08,0,1,12,workspace_z_lower,workspace_z_lower,,,0,0,1,solved,osqp,7.867915021493101e-11,valid,0.08120357647256599,0.9197986376041376,0|4.73416051e-08|8.16666907e-08|9.03903409e-08|1.00538248e-07|9.03413627e-08,,,,,,,,,,0.011161920963786542,0.002628991031087935,0.0015983120538294315,0.0020160319982096553
102,5.15,-2.466594665195494,0.2690827548503876,0.8337456583976746,0.25719350576400757,0.17432209849357605,1.0,2,0,0,0,0,0,0,,0,0,,-1,-1,nan,not_applicable,,,nan,0,4.5371955081918713e-08,2.3714375071531542e-15,3.4901502658613026e-05,0.0,0.0,0.8337456298597004,0.8337456583976746,-2.8537974205988803e-08,0.0,3.1083932916675844e-08,0.0,2.2048167464797875e-08,-2.2048167464797875e-08,0.0,0,0,disabled,0.0,1,PLAN_FAILED,ik_not_found,0,0.3447199190268293,2.5320323101477697,0,0,0,0,-1,nan,nan,,,576,1,1,"{'solver_error': 0, 'short_solution': 0, 'duplicate': 0, 'goal_error': 576, 'joint_limit': 0, 'workspace': 0, 'obstacle_clearance': 0, 'obstacle_contact': 0, 'self_collision': 0}",nan,nan,0.04537195482876236,filtered,0,0,6,0,0,0,0,0,0.0,0.0,0.0,0.0,1.0,0.08120358118991353,0,1,1,0,0.043630423196683255,0.0,filtered,osqp optimal,4.53719547726015e-08,0,1,12,workspace_z_lower,workspace_z_lower,,,0,0,1,solved,osqp,7.867914838274581e-11,valid,0.08120358118991353,0.9197986377722374,0|1.65300185e-08|2.83785421e-08|3.13941298e-08|3.49560966e-08|3.13953674e-08,,,,,,,,,,0.009362515062093735,0.0024930050130933523,0.0012270970037207007,0.0017152640502899885
103,5.2,-2.466594665195494,0.2690827548503876,0.8337456583976746,0.25719350576400757,0.17432209849357605,1.0,2,0,0,0,0,0,0,,0,0,,-1,-1,nan,not_applicable,,,nan,0,4.5371955081918713e-08,5.551115123125783e-16,4.4754520591881383e-14,0.0,0.0,0.8337456298597004,0.8337456583976746,-2.8537974205988803e-08,0.0,3.1083932935201964e-08,0.0,2.2048167467366754e-08,-2.2048167467366754e-08,0.0,0,0,disabled,0.0,1,PLAN_FAILED,ik_not_found,0,0.3447199190268293,2.5320323101477697,0,0,0,0,-1,nan,nan,,,576,1,1,"{'solver_error': 0, 'short_solution': 0, 'duplicate': 0, 'goal_error': 576, 'joint_limit': 0, 'workspace': 0, 'obstacle_clearance': 0, 'obstacle_contact': 0, 'self_collision': 0}",nan,nan,0.0453719547726015,filtered,0,0,6,0,0,0,0,0,0.0,0.0,0.0,0.0,1.0,0.08120358120857127,0,1,1,0,0.043630423196683255,0.0,filtered,osqp optimal,4.5371954733523216e-08,0,1,12,workspace_z_lower,workspace_z_lower,,,0,0,1,solved,osqp,7.867914771501915e-11,valid,0.08120358120857127,0.9197986378718509,0|1.63118706e-08|2.80913438e-08|3.10865782e-08|3.45896304e-08|3.1076062e-08,,,,,,,,,,0.009299030061811209,0.002304126974195242,0.0014607020420953631,0.0015888080233708024
104,5.25,-2.466594665195494,0.2690827548503876,0.8337456583976746,0.25719350576400757,0.17432209849357605,1.0,2,0,0,0,0,0,0,,0,0,,-1,-1,nan,not_applicable,,,nan,0,4.5371951529205035e-08,3.788658094389975e-14,7.542261086512791e-13,0.0,0.0,0.8337456298597004,0.8337456583976746,-2.8537974205988803e-08,0.0,3.108393289760097e-08,0.0,2.2048167480359373e-08,-2.2048167480359373e-08,0.0,0,0,disabled,0.0,1,PLAN_FAILED,ik_not_found,0,0.3447199190268293,2.5320323101477697,0,0,0,0,-1,nan,nan,,,576,1,1,"{'solver_error': 0, 'short_solution': 0, 'duplicate': 0, 'goal_error': 576, 'joint_limit': 0, 'workspace': 0, 'obstacle_clearance': 0, 'obstacle_contact': 0, 'self_collision': 0}",nan,nan,0.04537195473352322,filtered,0,0,6,0,0,0,0,0,0.0,0.0,0.0,0.0,1.0,0.08120358120372256,0,1,1,0,0.043630423196683255,0.0,filtered,osqp optimal,4.537195387973924e-08,0,1,12,workspace_z_lower,workspace_z_lower,,,0,0,1,solved,osqp,7.867914385558631e-11,valid,0.08120358120372256,0.919798637971264,0|1.63107442e-08|2.80898612e-08|3.10849906e-08|3.4587735e-08|3.10744129e-08,,,,,,,,,,0.00919956504367292,0.0023745009675621986,0.0013914969749748707,0.0015433559892699122
105,5.300000000000001,-2.466594665195494,0.2690827548503876,0.8337456583976746,0.25719350576400757,0.17432209849357605,1.0,2,0,0,0,0,0,0,,0,0,,-1,-1,nan,not_applicable,,,nan,0,4.5371951529205035e-08,5.551115123125783e-16,7.542261086512791e-13,0.0,0.0,0.8337456298597004,0.8337456583976746,-2.8537974205988803e-08,0.0,3.108393291607935e-08,0.0,2.2048167482910563e-08,-2.2048167482910563e-08,0.0,0,0,disabled,0.0,1,PLAN_FAILED,ik_not_found,0,0.3447199190268293,2.5320323101477697,0,0,0,0,-1,nan,nan,,,576,1,1,"{'solver_error': 0, 'short_solution': 0, 'duplicate': 0, 'goal_error': 576, 'joint_limit': 0, 'workspace': 0, 'obstacle_clearance': 0, 'obstacle_contact': 0, 'self_collision': 0}",nan,nan,0.04537195387973924,filtered,0,0,6,0,0,0,0,0,0.0,0.0,0.0,0.0,1.0,0.08120358119875251,0,1,1,0,0.043630423196683255,0.0,filtered,osqp optimal,4.5371953840742754e-08,0,1,12,workspace_z_lower,workspace_z_lower,,,0,0,1,solved,osqp,7.867914319354404e-11,valid,0.08120358119875251,0.919798638070675,0|1.63107396e-08|2.80898548e-08|3.10849836e-08|3.45877265e-08|3.10744054e-08,,,,,,,,,,0.009339777054265141,0.002492071012966335,0.00118594104424119,0.0018060930306091905
106,5.3500000000000005,-2.466594665195494,0.2690827548503876,0.8337456583976746,0.25719350576400757,0.17432209849357605,1.0,2,0,0,0,0,0,0,,0,0,,-1,-1,nan,not_applicable,,,nan,0,4.5371951529205035e-08,5.551115123125783e-16,0.0,0.0,0.0,0.8337456298597004,0.8337456583976746,-2.8537974205988803e-08,0.0,3.108393293455772e-08,0.0,2.204816748546175e-08,-2.204816748546175e-08,0.0,0,0,disabled,0.0,1,PLAN_FAILED,ik_not_found,0,0.3447199190268293,2.5320323101477697,0,0,0,0,-1,nan,nan,,,576,1,1,"{'solver_error': 0, 'short_solution': 0, 'duplicate': 0, 'goal_error': 576, 'joint_limit': 0, 'workspace': 0, 'obstacle_clearance': 0, 'obstacle_contact': 0, 'self_collision': 0}",nan,nan,0.04537195384074275,filtered,0,0,6,0,0,0,0,0,0.0,0.0,0.0,0.0,1.0,0.08120358119378196,0,1,1,0,0.043630423196683255,0.0,filtered,osqp optimal,4.537195380174622e-08,0,1,12,workspace_z_lower,workspace_z_lower,,,0,0,1,solved,osqp,7.867914253154809e-11,valid,0.08120358119378196,0.9197986381700859,0|1.63107396e-08|2.80898548e-08|3.10849836e-08|3.45877265e-08|3.10744054e-08,,,,,,,,,,0.015894560958258808,0.0044495799811556935,0.00215936207678169,0.0024888940388336778
107,5.4,-2.466594665195494,0.2690827548503876,0.8337456583976746,0.25719350576400757,0.17432209849357605,1.0,2,0,0,0,0,0,0,,0,0,,-1,-1,nan,not_applicable,,,nan,0,4.5371955081918713e-08,3.553147359669495e-14,7.105427357601002e-13,0.0,0.0,0.8337456298597004,0.8337456583976746,-2.8537974205988803e-08,0.0,3.108393364468492e-08,0.0,2.204816803204251e-08,-2.204816803204251e-08,0.0,0,0,disabled,0.0,1,PLAN_FAILED,ik_not_found,0,0.3447199190268293,2.5320323101477697,0,0,0,0,-1,nan,nan,,,576,1,1,"{'solver_error': 0, 'short_solution': 0, 'duplicate': 0, 'goal_error': 576, 'joint_limit': 0, 'workspace': 0, 'obstacle_clearance': 0, 'obstacle_contact': 0, 'self_collision': 0}",nan,nan,0.04537195380174622,filtered,0,0,6,0,0,0,0,0,0.0,0.0,0.0,0.0,1.0,0.08120358118881144,0,1,1,0,0.043630423196683255,0.0,filtered,osqp optimal,4.537195376274969e-08,0,1,12,workspace_z_lower,workspace_z_lower,,,0,0,1,solved,osqp,7.867914186953228e-11,valid,0.08120358118881144,0.9197986382694968,0|1.63107396e-08|2.80898548e-08|3.10849836e-08|3.45877265e-08|3.10744054e-08,,,,,,,,,,0.012835558038204908,0.0035074760671705008,0.001750756986439228,0.0020340870833024383
108,5.45,-2.466594665195494,0.2690827548503876,0.8337456583976746,0.25719350576400757,0.17432209849357605,1.0,2,0,0,0,0,0,0,,0,0,,-1,-1,nan,not_applicable,,,nan,0,4.5371955081918713e-08,2.288783396885369e-15,7.11929159288166e-13,0.0,0.0,0.8337456298597004,0.8337456583976746,-2.8537974205988803e-08,0.0,3.108393366543418e-08,0.0,2.2048168030514594e-08,-2.2048168030514594e-08,0.0,0,0,disabled,0.0,1,PLAN_FAILED,ik_not_found,0,0.3447199190268293,2.5320323101477697,0,0,0,0,-1,nan,nan,,,576,1,1,"{'solver_error': 0, 'short_solution': 0, 'duplicate': 0, 'goal_error': 576, 'joint_limit': 0, 'workspace': 0, 'obstacle_clearance': 0, 'obstacle_contact': 0, 'self_collision': 0}",nan,nan,0.04537195376274969,filtered,0,0,6,0,0,0,0,0,0.0,0.0,0.0,0.0,1.0,0.0812035854645527,0,1,1,0,0.043630423196683255,0.0,filtered,osqp optimal,4.537195372640523e-08,0,1,12,workspace_z_lower,workspace_z_lower,,,0,0,1,solved,osqp,7.8679139400418e-11,valid,0.0812035854645527,0.9197986383689085,0|1.63107394e-08|2.80898565e-08|3.10849842e-08|3.45877273e-08|3.10744061e-08,,,,,,,,,,0.012519501964561641,0.0032528300071135163,0.0017113739158958197,0.0020256451098248363
109,5.5,-2.466594665195494,0.2690827548503876,0.8337456583976746,0.25719350576400757,0.17432209849357605,1.0,2,0,0,0,0,0,0,,0,0,,-1,-1,nan,not_applicable,,,nan,0,4.5371955081918713e-08,2.7755575615628914e-16,4.4754520591881383e-14,0.0,0.0,0.8337456298597004,0.8337456583976746,-2.8537974205988803e-08,0.0,3.108393368370982e-08,0.0,2.2048168032713525e-08,-2.2048168032713525e-08,0.0,0,0,disabled,0.0,1,PLAN_FAILED,ik_not_found,0,0.3447199190268293,2.5320323101477697,0,0,0,0,-1,nan,nan,,,576,1,1,"{'solver_error': 0, 'short_solution': 0, 'duplicate': 0, 'goal_error': 576, 'joint_limit': 0, 'workspace': 0, 'obstacle_clearance': 0, 'obstacle_contact': 0, 'self_collision': 0}",nan,nan,0.045371953726405234,filtered,0,0,6,0,0,0,0,0,0.0,0.0,0.0,0.0,1.0,0.08120358545958209,0,1,1,0,0.043630423196683255,0.0,filtered,osqp optimal,4.537195368735188e-08,0,1,12,workspace_z_lower,workspace_z_lower,,,0,0,1,solved,osqp,7.867913877708778e-11,valid,0.08120358545958209,0.9197986384683202,0|1.63107394e-08|2.80898565e-08|3.10849843e-08|3.45877273e-08|3.10744062e-08,,,,,,,,,,0.012606699019670486,0.0033510159701108932,0.0017208920326083899,0.002040226012468338
110,5.550000000000001,-2.466594665195494,0.2690827548503876,0.8337456583976746,0.25719350576400757,0.17432209849357605,1.0,2,0,0,0,0,0,0,,0,0,,-1,-1,nan,not_applicable,,,nan,0,0.0,9.074390732166648e-07,1.8148779417970218e-05,0.0,0.0,0.8337456298597004,0.8337456583976746,-2.8537974205988803e-08,0.0,0.0,0.0,0.0,0.0,0.0,0,0,disabled,0.0,1,PLAN_FAILED,ik_not_found,0,0.3447199190268293,2.5320323101477697,0,0,0,0,-1,nan,nan,,,576,1,1,"{'solver_error': 0, 'short_solution': 0, 'duplicate': 0, 'goal_error': 576, 'joint_limit': 0, 'workspace': 0, 'obstacle_clearance': 0, 'obstacle_contact': 0, 'self_collision': 0}",nan,nan,0.045371953687351876,filtered,0,0,6,0,0,0,0,0,0.0,0.0,0.0,0.0,1.0,0.08120358545461118,0,1,1,0,0.043630423196683255,0.0,passthrough,osqp optimal,0.0,0,1,12,workspace_z_lower,workspace_z_lower,,,0,0,1,solved,osqp,0.0,valid,0.08120358545461118,0.9197986385677318,0|1.63107394e-08|2.80898588e-08|3.10849872e-08|3.45877273e-08|3.10744062e-08,,,,,,,,,,0.01269318105187267,0.003337181988172233,0.0017478320514783263,0.002094254014082253
111,5.6000000000000005,-2.466594665195494,0.2690827548503876,0.8337456583976746,0.25719350576400757,0.17432209849357605,1.0,2,0,0,0,0,0,0,,0,0,,-1,-1,nan,not_applicable,,,nan,0,0.0,0.0,1.8148779417970218e-05,0.0,0.0,0.8337456298597004,0.8337456583976746,-2.8537974205988803e-08,0.0,0.0,0.0,0.0,0.0,0.0,0,0,disabled,0.0,1,PLAN_FAILED,ik_not_found,0,0.3447199190268293,2.5320323101477697,0,0,0,0,-1,nan,nan,,,576,1,1,"{'solver_error': 0, 'short_solution': 0, 'duplicate': 0, 'goal_error': 576, 'joint_limit': 0, 'workspace': 0, 'obstacle_clearance': 0, 'obstacle_contact': 0, 'self_collision': 0}",nan,nan,0.0,passthrough,0,0,6,0,0,0,0,0,0.0,0.0,0.0,0.0,1.0,0.08120358792904064,0,1,1,0,0.043630423196683255,0.0,passthrough,osqp optimal,0.0,0,1,12,workspace_z_lower,workspace_z_lower,,,0,0,1,solved,osqp,0.0,valid,0.08120358792904064,0.9197986386036102,0|1.14929182e-10|1.54731761e-10|1.65604795e-10|1.9351385e-10|1.72650393e-10,,,,,,,,,,0.012437029974535108,0.003355576074682176,0.0016836619470268488,0.0020279590971767902
112,5.65,-2.466594665195494,0.2690827548503876,0.8337456583976746,0.25719350576400757,0.17432209849357605,1.0,2,0,0,0,0,0,0,,0,0,,-1,-1,nan,not_applicable,,,nan,0,0.0,0.0,0.0,0.0,0.0,0.8337456298597004,0.8337456583976746,-2.8537974205988803e-08,0.0,0.0,0.0,0.0,0.0,0.0,0,0,disabled,0.0,1,PLAN_FAILED,ik_not_found,0,0.3447199190268293,2.5320323101477697,0,0,0,0,-1,nan,nan,,,576,1,1,"{'solver_error': 0, 'short_solution': 0, 'duplicate': 0, 'goal_error': 576, 'joint_limit': 0, 'workspace': 0, 'obstacle_clearance': 0, 'obstacle_contact': 0, 'self_collision': 0}",nan,nan,0.0,passthrough,0,0,6,0,0,0,0,0,0.0,0.0,0.0,0.0,1.0,0.08120358794142438,0,1,1,0,0.043630423196683255,0.0,passthrough,osqp optimal,0.0,0,1,12,workspace_z_lower,workspace_z_lower,,,0,0,1,solved,osqp,0.0,valid,0.08120358794142438,0.9197986386037164,0|5.92937297e-13|7.98250494e-13|8.54347414e-13|9.99973114e-13|8.91481801e-13,,,,,,,,,,0.012714909040369093,0.0033814309863373637,0.0017493629129603505,0.002065183944068849
113,5.7,-2.466594665195494,0.2690827548503876,0.8337456583976746,0.25719350576400757,0.17432209849357605,1.0,2,0,0,0,0,0,0,,0,0,,-1,-1,nan,not_applicable,,,nan,0,0.0,0.0,0.0,0.0,0.0,0.8337456298597004,0.8337456583976746,-2.8537974205988803e-08,0.0,0.0,0.0,0.0,0.0,0.0,0,0,disabled,0.0,1,PLAN_FAILED,ik_not_found,0,0.3447199190268293,2.5320323101477697,0,0,0,0,-1,nan,nan,,,576,1,1,"{'solver_error': 0, 'short_solution': 0, 'duplicate': 0, 'goal_error': 576, 'joint_limit': 0, 'workspace': 0, 'obstacle_clearance': 0, 'obstacle_contact': 0, 'self_collision': 0}",nan,nan,0.0,passthrough,0,0,6,0,0,0,0,0,0.0,0.0,0.0,0.0,1.0,0.08120358794148824,0,1,1,0,0.043630423196683255,0.0,passthrough,osqp optimal,0.0,0,1,12,workspace_z_lower,workspace_z_lower,,,0,0,1,solved,osqp,0.0,valid,0.08120358794148824,0.9197986386037169,0|3.07355742e-15|4.13781794e-15|4.42860279e-15|5.18356934e-15|4.62073471e-15,,,,,,,,,,0.012549031991511583,0.0033655610168352723,0.0017803580267354846,0.0020292209228500724
114,5.75,-2.466594665195494,0.2690827548503876,0.8337456583976746,0.25719350576400757,0.17432209849357605,1.0,2,0,0,0,0,0,0,,0,0,,-1,-1,nan,not_applicable,,,nan,0,0.0,0.0,0.0,0.0,0.0,0.8337456298597004,0.8337456583976746,-2.8537974205988803e-08,0.0,0.0,0.0,0.0,0.0,0.0,0,0,disabled,0.0,1,PLAN_FAILED,ik_not_found,0,0.3447199190268293,2.5320323101477697,0,0,0,0,-1,nan,nan,,,576,1,1,"{'solver_error': 0, 'short_solution': 0, 'duplicate': 0, 'goal_error': 576, 'joint_limit': 0, 'workspace': 0, 'obstacle_clearance': 0, 'obstacle_contact': 0, 'self_collision': 0}",nan,nan,0.0,passthrough,0,0,6,0,0,0,0,0,0.0,0.0,0.0,0.0,1.0,0.08120358794148858,0,1,1,0,0.043630423196683255,0.0,passthrough,osqp optimal,0.0,0,1,12,workspace_z_lower,workspace_z_lower,,,0,0,1,solved,osqp,0.0,valid,0.08120358794148858,0.9197986386037169,0|1.59310243e-17|2.14473573e-17|2.29545685e-17|2.68676736e-17|2.39504773e-17,,,,,,,,,,0.01272470795083791,0.003395332954823971,0.0016959650674834847,0.0021079459693282843
115,5.800000000000001,-2.466594665195494,0.2690827548503876,0.8337456583976746,0.25719350576400757,0.17432209849357605,1.0,2,0,0,0,0,0,0,,0,0,,-1,-1,nan,not_applicable,,,nan,0,0.0,0.0,0.0,0.0,0.0,0.8337456298597004,0.8337456583976746,-2.8537974205988803e-08,0.0,0.0,0.0,0.0,0.0,0.0,0,0,disabled,0.0,1,PLAN_FAILED,ik_not_found,0,0.3447199190268293,2.5320323101477697,0,0,0,0,-1,nan,nan,,,576,1,1,"{'solver_error': 0, 'short_solution': 0, 'duplicate': 0, 'goal_error': 576, 'joint_limit': 0, 'workspace': 0, 'obstacle_clearance': 0, 'obstacle_contact': 0, 'self_collision': 0}",nan,nan,0.0,passthrough,0,0,6,0,0,0,0,0,0.0,0.0,0.0,0.0,1.0,0.08120358794148858,0,1,1,0,0.043630423196683255,0.0,passthrough,osqp optimal,0.0,0,1,12,workspace_z_lower,workspace_z_lower,,,0,0,1,solved,osqp,0.0,valid,0.08120358794148858,0.9197986386037169,0|8.25742204e-20|1.11166662e-19|1.1897889e-19|1.39261439e-19|1.24140923e-19,,,,,,,,,,0.012833319022320211,0.003354641958139837,0.0017532421043142676,0.002160449977964163
116,5.8500000000000005,-2.466594665195494,0.2690827548503876,0.8337456583976746,0.25719350576400757,0.17432209849357605,1.0,2,0,0,0,0,0,0,,0,0,,-1,-1,nan,not_applicable,,,nan,0,0.0,0.0,0.0,0.0,0.0,0.8337456298597004,0.8337456583976746,-2.8537974205988803e-08,0.0,0.0,0.0,0.0,0.0,0.0,0,0,disabled,0.0,1,PLAN_FAILED,ik_not_found,0,0.3447199190268293,2.5320323101477697,0,0,0,0,-1,nan,nan,,,576,1,1,"{'solver_error': 0, 'short_solution': 0, 'duplicate': 0, 'goal_error': 576, 'joint_limit': 0, 'workspace': 0, 'obstacle_clearance': 0, 'obstacle_contact': 0, 'self_collision': 0}",nan,nan,0.0,passthrough,0,0,6,0,0,0,0,0,0.0,0.0,0.0,0.0,1.0,0.08120358794148858,0,1,1,0,0.043630423196683255,0.0,passthrough,osqp optimal,0.0,0,1,12,workspace_z_lower,workspace_z_lower,,,0,0,1,solved,osqp,0.0,valid,0.08120358794148858,0.9197986386037169,0|4.28001588e-22|5.76202933e-22|6.16695546e-22|7.21824768e-22|6.43451574e-22,,,,,,,,,,0.01575388596393168,0.004218209069222212,0.002133741043508053,0.0024107058998197317
117,5.9,-2.466594665195494,0.2690827548503876,0.8337456583976746,0.25719350576400757,0.17432209849357605,1.0,2,0,0,0,0,0,0,,0,0,,-1,-1,nan,not_applicable,,,nan,0,0.0,0.0,0.0,0.0,0.0,0.8337456298597004,0.8337456583976746,-2.8537974205988803e-08,0.0,0.0,0.0,0.0,0.0,0.0,0,0,disabled,0.0,1,PLAN_FAILED,ik_not_found,0,0.3447199190268293,2.5320323101477697,0,0,0,0,-1,nan,nan,,,576,1,1,"{'solver_error': 0, 'short_solution': 0, 'duplicate': 0, 'goal_error': 576, 'joint_limit': 0, 'workspace': 0, 'obstacle_clearance': 0, 'obstacle_contact': 0, 'self_collision': 0}",nan,nan,0.0,passthrough,0,0,6,0,0,0,0,0,0.0,0.0,0.0,0.0,1.0,0.08120358794148858,0,1,1,0,0.043630423196683255,0.0,passthrough,osqp optimal,0.0,0,1,12,workspace_z_lower,workspace_z_lower,,,0,0,1,solved,osqp,0.0,valid,0.08120358794148858,0.9197986386037169,0|2.21843272e-24|2.98659508e-24|3.19647781e-24|3.74138724e-24|3.33516059e-24,,,,,,,,,,0.01569820800796151,0.004314005025662482,0.0021606459049507976,0.0022647581063210964
118,5.95,-2.466594665195494,0.2690827548503876,0.8337456583976746,0.25719350576400757,0.17432209849357605,1.0,2,0,0,0,0,0,0,,0,0,,-1,-1,nan,not_applicable,,,nan,0,0.0,0.0,0.0,0.0,0.0,0.8337456298597004,0.8337456583976746,-2.8537974205988803e-08,0.0,0.0,0.0,0.0,0.0,0.0,0,0,disabled,0.0,1,PLAN_FAILED,ik_not_found,0,0.3447199190268293,2.5320323101477697,0,0,0,0,-1,nan,nan,,,576,1,1,"{'solver_error': 0, 'short_solution': 0, 'duplicate': 0, 'goal_error': 576, 'joint_limit': 0, 'workspace': 0, 'obstacle_clearance': 0, 'obstacle_contact': 0, 'self_collision': 0}",nan,nan,0.0,passthrough,0,0,6,0,0,0,0,0,0.0,0.0,0.0,0.0,1.0,0.08120358794148858,0,1,1,0,0.043630423196683255,0.0,passthrough,osqp optimal,0.0,0,1,12,workspace_z_lower,workspace_z_lower,,,0,0,1,solved,osqp,0.0,valid,0.08120358794148858,0.9197986386037169,0|1.14986574e-26|1.54802232e-26|1.65680946e-26|1.93924882e-26|1.72869201e-26,,,,,,,,,,0.012640440021641552,0.0033030640333890915,0.001749932998791337,0.002120356075465679
119,6.0,-2.466594665195494,0.2690827548503876,0.8337456583976746,0.25719350576400757,0.17432209849357605,1.0,2,0,0,0,0,0,0,,0,0,,-1,-1,nan,not_applicable,,,nan,0,0.0,0.0,0.0,0.0,0.0,0.8337456298597004,0.8337456583976746,-2.8537974205988803e-08,0.0,0.0,0.0,0.0,0.0,0.0,0,0,disabled,0.0,1,PLAN_FAILED,ik_not_found,0,0.3447199190268293,2.5320323101477697,0,0,0,0,-1,nan,nan,,,576,1,1,"{'solver_error': 0, 'short_solution': 0, 'duplicate': 0, 'goal_error': 576, 'joint_limit': 0, 'workspace': 0, 'obstacle_clearance': 0, 'obstacle_contact': 0, 'self_collision': 0}",nan,nan,0.0,passthrough,0,0,6,0,0,0,0,0,0.0,0.0,0.0,0.0,1.0,0.08120358794148858,0,1,1,0,0.043630423196683255,0.0,passthrough,osqp optimal,0.0,0,1,12,workspace_z_lower,workspace_z_lower,,,0,0,1,solved,osqp,0.0,valid,0.08120358794148858,0.9197986386037169,0|5.96002459e-29|8.02376382e-29|8.58763315e-29|1.00515827e-28|8.96021717e-29,,,,,,,,,,0.012677600025199354,0.0033800910459831357,0.0017927259905263782,0.002030597999691963
120,6.050000000000001,-2.466594903614074,0.26908281445503235,0.8337456583976746,0.25719350576400757,0.17432209849357605,1.0,2,0,0,0,0,0,0,,0,0,,-1,-1,nan,not_applicable,,,nan,0,1.3262571485483932e-07,2.652514012879692e-06,5.305028025759384e-05,0.0,0.0,0.8337456298597004,0.8337456583976746,-2.8537974205988803e-08,0.0,9.086072690877513e-08,0.0,6.444848993824794e-08,-6.444848993824794e-08,0.0,0,0,disabled,0.0,1,PLAN_FAILED,ik_not_found,0,0.3270913140149787,2.8591236241627485,0,0,0,0,-1,nan,nan,,,640,1,1,"{'solver_error': 0, 'short_solution': 0, 'duplicate': 0, 'goal_error': 640, 'joint_limit': 0, 'workspace': 0, 'obstacle_clearance': 0, 'obstacle_contact': 0, 'self_collision': 0}",nan,nan,0.0,passthrough,0,0,7,0,0,0,0,0,0.0,0.0,0.0,0.0,1.0,0.08120358794148858,0,1,1,0,0.043630423196683255,0.0,filtered,osqp optimal,1.326257120661789e-07,0,1,12,workspace_z_lower,workspace_z_lower,,,0,0,1,solved,osqp,2.2998519841469643e-10,valid,0.08120358794148858,0.9197986386037169,0|3.08922068e-31|4.15890517e-31|4.45117189e-31|5.2099713e-31|4.64429096e-31,,,,,,,,,,0.34339868696406484,0.0033886960009112954,0.0023828960256651044,0.00261740293353796
121,6.1000000000000005,-2.466594665195494,0.2690827548503876,0.8337456583976746,0.25719350576400757,0.17432209849357605,1.0,2,0,0,0,0,0,0,,0,0,,-1,-1,nan,not_applicable,,,nan,0,4.5371955081918713e-08,1.7450751101932838e-06,8.795178291620687e-05,0.0,0.0,0.8337456298597004,0.8337456583976746,-2.8537974205988803e-08,0.0,3.108393288541055e-08,0.0,2.2048167461662854e-08,-2.2048167461662854e-08,0.0,0,0,disabled,0.0,1,PLAN_FAILED,ik_not_found,0,0.3270913140149787,2.8591236241627485,0,0,0,0,-1,nan,nan,,,640,1,1,"{'solver_error': 0, 'short_solution': 0, 'duplicate': 0, 'goal_error': 640, 'joint_limit': 0, 'workspace': 0, 'obstacle_clearance': 0, 'obstacle_contact': 0, 'self_collision': 0}",nan,nan,0.1326257120661789,filtered,0,0,7,0,0,0,0,0,0.0,0.0,0.0,0.0,1.0,0.08120357647256599,0,1,1,0,0.043630423196683255,0.0,filtered,osqp optimal,4.5371954828762363e-08,0,1,12,workspace_z_lower,workspace_z_lower,,,0,0,1,solved,osqp,7.867915021493101e-11,valid,0.08120357647256599,0.9197986376041376,0|4.73416051e-08|8.16666907e-08|9.03903409e-08|1.00538248e-07|9.03413627e-08,,,,,,,,,,0.00938140694051981,0.0024008749751374125,0.0012137140147387981,0.001543763093650341
122,6.15,-2.466594665195494,0.2690827548503876,0.8337456583976746,0.25719350576400757,0.17432209849357605,1.0,2,0,0,0,0,0,0,,0,0,,-1,-1,nan,not_applicable,,,nan,0,4.5371955081918713e-08,2.3714375071531542e-15,3.4901502658613026e-05,0.0,0.0,0.8337456298597004,0.8337456583976746,-2.8537974205988803e-08,0.0,3.1083932916675844e-08,0.0,2.2048167464797875e-08,-2.2048167464797875e-08,0.0,0,0,disabled,0.0,1,PLAN_FAILED,ik_not_found,0,0.3270913140149787,2.8591236241627485,0,0,0,0,-1,nan,nan,,,640,1,1,"{'solver_error': 0, 'short_solution': 0, 'duplicate': 0, 'goal_error': 640, 'joint_limit': 0, 'workspace': 0, 'obstacle_clearance': 0, 'obstacle_contact': 0, 'self_collision': 0}",nan,nan,0.04537195482876236,filtered,0,0,7,0,0,0,0,0,0.0,0.0,0.0,0.0,1.0,0.08120358118991353,0,1,1,0,0.043630423196683255,0.0,filtered,osqp optimal,4.53719547726015e-08,0,1,12,workspace_z_lower,workspace_z_lower,,,0,0,1,solved,osqp,7.867914838274581e-11,valid,0.08120358118991353,0.9197986377722374,0|1.65300185e-08|2.83785421e-08|3.13941298e-08|3.49560966e-08|3.13953674e-08,,,,,,,,,,0.013023086939938366,0.0023751260014250875,0.0030962860910221934,0.0027972470270469785
123,6.2,-2.466594665195494,0.2690827548503876,0.8337456583976746,0.25719350576400757,0.17432209849357605,1.0,2,0,0,0,0,0,0,,0,0,,-1,-1,nan,not_applicable,,,nan,0,4.5371955081918713e-08,5.551115123125783e-16,4.4754520591881383e-14,0.0,0.0,0.8337456298597004,0.8337456583976746,-2.8537974205988803e-08,0.0,3.1083932935201964e-08,0.0,2.2048167467366754e-08,-2.2048167467366754e-08,0.0,0,0,disabled,0.0,1,PLAN_FAILED,ik_not_found,0,0.3270913140149787,2.8591236241627485,0,0,0,0,-1,nan,nan,,,640,1,1,"{'solver_error': 0, 'short_solution': 0, 'duplicate': 0, 'goal_error': 640, 'joint_limit': 0, 'workspace': 0, 'obstacle_clearance': 0, 'obstacle_contact': 0, 'self_collision': 0}",nan,nan,0.0453719547726015,filtered,0,0,7,0,0,0,0,0,0.0,0.0,0.0,0.0,1.0,0.08120358120857127,0,1,1,0,0.043630423196683255,0.0,filtered,osqp optimal,4.5371954733523216e-08,0,1,12,workspace_z_lower,workspace_z_lower,,,0,0,1,solved,osqp,7.867914771501915e-11,valid,0.08120358120857127,0.9197986378718509,0|1.63118706e-08|2.80913438e-08|3.10865782e-08|3.45896304e-08|3.1076062e-08,,,,,,,,,,0.0090714399702847,0.0024073671083897352,0.0011868260335177183,0.0015412779757753015
124,6.25,-2.466594665195494,0.2690827548503876,0.8337456583976746,0.25719350576400757,0.17432209849357605,1.0,2,0,0,0,0,0,0,,0,0,,-1,-1,nan,not_applicable,,,nan,0,4.5371951529205035e-08,3.788658094389975e-14,7.542261086512791e-13,0.0,0.0,0.8337456298597004,0.8337456583976746,-2.8537974205988803e-08,0.0,3.108393289760097e-08,0.0,2.2048167480359373e-08,-2.2048167480359373e-08,0.0,0,0,disabled,0.0,1,PLAN_FAILED,ik_not_found,0,0.3270913140149787,2.8591236241627485,0,0,0,0,-1,nan,nan,,,640,1,1,"{'solver_error': 0, 'short_solution': 0, 'duplicate': 0, 'goal_error': 640, 'joint_limit': 0, 'workspace': 0, 'obstacle_clearance': 0, 'obstacle_contact': 0, 'self_collision': 0}",nan,nan,0.04537195473352322,filtered,0,0,7,0,0,0,0,0,0.0,0.0,0.0,0.0,1.0,0.08120358120372256,0,1,1,0,0.043630423196683255,0.0,filtered,osqp optimal,4.537195387973924e-08,0,1,12,workspace_z_lower,workspace_z_lower,,,0,0,1,solved,osqp,7.867914385558631e-11,valid,0.08120358120372256,0.919798637971264,0|1.63107442e-08|2.80898612e-08|3.10849906e-08|3.4587735e-08|3.10744129e-08,,,,,,,,,,0.013724926975555718,0.0027140199672430754,0.002021727035753429,0.002341381972655654
125,6.300000000000001,-2.466594665195494,0.2690827548503876,0.8337456583976746,0.25719350576400757,0.17432209849357605,1.0,2,0,0,0,0,0,0,,0,0,,-1,-1,nan,not_applicable,,,nan,0,4.5371951529205035e-08,5.551115123125783e-16,7.542261086512791e-13,0.0,0.0,0.8337456298597004,0.8337456583976746,-2.8537974205988803e-08,0.0,3.108393291607935e-08,0.0,2.2048167482910563e-08,-2.2048167482910563e-08,0.0,0,0,disabled,0.0,1,PLAN_FAILED,ik_not_found,0,0.3270913140149787,2.8591236241627485,0,0,0,0,-1,nan,nan,,,640,1,1,"{'solver_error': 0, 'short_solution': 0, 'duplicate': 0, 'goal_error': 640, 'joint_limit': 0, 'workspace': 0, 'obstacle_clearance': 0, 'obstacle_contact': 0, 'self_collision': 0}",nan,nan,0.04537195387973924,filtered,0,0,7,0,0,0,0,0,0.0,0.0,0.0,0.0,1.0,0.08120358119875251,0,1,1,0,0.043630423196683255,0.0,filtered,osqp optimal,4.5371953840742754e-08,0,1,12,workspace_z_lower,workspace_z_lower,,,0,0,1,solved,osqp,7.867914319354404e-11,valid,0.08120358119875251,0.919798638070675,0|1.63107396e-08|2.80898548e-08|3.10849836e-08|3.45877265e-08|3.10744054e-08,,,,,,,,,,0.008869400946423411,0.0023367180256173015,0.0012074089609086514,0.0015023719752207398
126,6.3500000000000005,-2.466594665195494,0.2690827548503876,0.8337456583976746,0.25719350576400757,0.17432209849357605,1.0,2,0,0,0,0,0,0,,0,0,,-1,-1,nan,not_applicable,,,nan,0,4.5371951529205035e-08,5.551115123125783e-16,0.0,0.0,0.0,0.8337456298597004,0.8337456583976746,-2.8537974205988803e-08,0.0,3.108393293455772e-08,0.0,2.204816748546175e-08,-2.204816748546175e-08,0.0,0,0,disabled,0.0,1,PLAN_FAILED,ik_not_found,0,0.3270913140149787,2.8591236241627485,0,0,0,0,-1,nan,nan,,,640,1,1,"{'solver_error': 0, 'short_solution': 0, 'duplicate': 0, 'goal_error': 640, 'joint_limit': 0, 'workspace': 0, 'obstacle_clearance': 0, 'obstacle_contact': 0, 'self_collision': 0}",nan,nan,0.04537195384074275,filtered,0,0,7,0,0,0,0,0,0.0,0.0,0.0,0.0,1.0,0.08120358119378196,0,1,1,0,0.043630423196683255,0.0,filtered,osqp optimal,4.537195380174622e-08,0,1,12,workspace_z_lower,workspace_z_lower,,,0,0,1,solved,osqp,7.867914253154809e-11,valid,0.08120358119378196,0.9197986381700859,0|1.63107396e-08|2.80898548e-08|3.10849836e-08|3.45877265e-08|3.10744054e-08,,,,,,,,,,0.008870763937011361,0.0022717700339853764,0.0011682170443236828,0.0016159210354089737
127,6.4,-2.466594665195494,0.2690827548503876,0.8337456583976746,0.25719350576400757,0.17432209849357605,1.0,2,0,0,0,0,0,0,,0,0,,-1,-1,nan,not_applicable,,,nan,0,4.5371955081918713e-08,3.553147359669495e-14,7.105427357601002e-13,0.0,0.0,0.8337456298597004,0.8337456583976746,-2.8537974205988803e-08,0.0,3.108393364468492e-08,0.0,2.204816803204251e-08,-2.204816803204251e-08,0.0,0,0,disabled,0.0,1,PLAN_FAILED,ik_not_found,0,0.3270913140149787,2.8591236241627485,0,0,0,0,-1,nan,nan,,,640,1,1,"{'solver_error': 0, 'short_solution': 0, 'duplicate': 0, 'goal_error': 640, 'joint_limit': 0, 'workspace': 0, 'obstacle_clearance': 0, 'obstacle_contact': 0, 'self_collision': 0}",nan,nan,0.04537195380174622,filtered,0,0,7,0,0,0,0,0,0.0,0.0,0.0,0.0,1.0,0.08120358118881144,0,1,1,0,0.043630423196683255,0.0,filtered,osqp optimal,4.537195376274969e-08,0,1,12,workspace_z_lower,workspace_z_lower,,,0,0,1,solved,osqp,7.867914186953228e-11,valid,0.08120358118881144,0.9197986382694968,0|1.63107396e-08|2.80898548e-08|3.10849836e-08|3.45877265e-08|3.10744054e-08,,,,,,,,,,0.00892684597056359,0.002347394940443337,0.0011959560215473175,0.001547185005620122
128,6.45,-2.466594665195494,0.2690827548503876,0.8337456583976746,0.25719350576400757,0.17432209849357605,1.0,2,0,0,0,0,0,0,,0,0,,-1,-1,nan,not_applicable,,,nan,0,4.5371955081918713e-08,2.288783396885369e-15,7.11929159288166e-13,0.0,0.0,0.8337456298597004,0.8337456583976746,-2.8537974205988803e-08,0.0,3.108393366543418e-08,0.0,2.2048168030514594e-08,-2.2048168030514594e-08,0.0,0,0,disabled,0.0,1,PLAN_FAILED,ik_not_found,0,0.3270913140149787,2.8591236241627485,0,0,0,0,-1,nan,nan,,,640,1,1,"{'solver_error': 0, 'short_solution': 0, 'duplicate': 0, 'goal_error': 640, 'joint_limit': 0, 'workspace': 0, 'obstacle_clearance': 0, 'obstacle_contact': 0, 'self_collision': 0}",nan,nan,0.04537195376274969,filtered,0,0,7,0,0,0,0,0,0.0,0.0,0.0,0.0,1.0,0.0812035854645527,0,1,1,0,0.043630423196683255,0.0,filtered,osqp optimal,4.537195372640523e-08,0,1,12,workspace_z_lower,workspace_z_lower,,,0,0,1,solved,osqp,7.8679139400418e-11,valid,0.0812035854645527,0.9197986383689085,0|1.63107394e-08|2.80898565e-08|3.10849842e-08|3.45877273e-08|3.10744061e-08,,,,,,,,,,0.00900952098891139,0.0023542779963463545,0.0012225270038470626,0.0015856510726734996
129,6.5,-2.466594665195494,0.2690827548503876,0.8337456583976746,0.25719350576400757,0.17432209849357605,1.0,2,0,0,0,0,0,0,,0,0,,-1,-1,nan,not_applicable,,,nan,0,4.5371955081918713e-08,2.7755575615628914e-16,4.4754520591881383e-14,0.0,0.0,0.8337456298597004,0.8337456583976746,-2.8537974205988803e-08,0.0,3.108393368370982e-08,0.0,2.2048168032713525e-08,-2.2048168032713525e-08,0.0,0,0,disabled,0.0,1,PLAN_FAILED,ik_not_found,0,0.3270913140149787,2.8591236241627485,0,0,0,0,-1,nan,nan,,,640,1,1,"{'solver_error': 0, 'short_solution': 0, 'duplicate': 0, 'goal_error': 640, 'joint_limit': 0, 'workspace': 0, 'obstacle_clearance': 0, 'obstacle_contact': 0, 'self_collision': 0}",nan,nan,0.045371953726405234,filtered,0,0,7,0,0,0,0,0,0.0,0.0,0.0,0.0,1.0,0.08120358545958209,0,1,1,0,0.043630423196683255,0.0,filtered,osqp optimal,4.537195368735188e-08,0,1,12,workspace_z_lower,workspace_z_lower,,,0,0,1,solved,osqp,7.867913877708778e-11,valid,0.08120358545958209,0.9197986384683202,0|1.63107394e-08|2.80898565e-08|3.10849843e-08|3.45877273e-08|3.10744062e-08,,,,,,,,,,0.008955412078648806,0.00235207995865494,0.0011905899737030268,0.0015666719991713762
130,6.550000000000001,-2.466594665195494,0.2690827548503876,0.8337456583976746,0.25719350576400757,0.17432209849357605,1.0,2,0,0,0,0,0,0,,0,0,,-1,-1,nan,not_applicable,,,nan,0,0.0,9.074390732166648e-07,1.8148779417970218e-05,0.0,0.0,0.8337456298597004,0.8337456583976746,-2.8537974205988803e-08,0.0,0.0,0.0,0.0,0.0,0.0,0,0,disabled,0.0,1,PLAN_FAILED,ik_not_found,0,0.3270913140149787,2.8591236241627485,0,0,0,0,-1,nan,nan,,,640,1,1,"{'solver_error': 0, 'short_solution': 0, 'duplicate': 0, 'goal_error': 640, 'joint_limit': 0, 'workspace': 0, 'obstacle_clearance': 0, 'obstacle_contact': 0, 'self_collision': 0}",nan,nan,0.045371953687351876,filtered,0,0,7,0,0,0,0,0,0.0,0.0,0.0,0.0,1.0,0.08120358545461118,0,1,1,0,0.043630423196683255,0.0,passthrough,osqp optimal,0.0,0,1,12,workspace_z_lower,workspace_z_lower,,,0,0,1,solved,osqp,0.0,valid,0.08120358545461118,0.9197986385677318,0|1.63107394e-08|2.80898588e-08|3.10849872e-08|3.45877273e-08|3.10744062e-08,,,,,,,,,,0.009028182947076857,0.002350041060708463,0.001176332007162273,0.0015839999541640282
131,6.6000000000000005,-2.466594665195494,0.2690827548503876,0.8337456583976746,0.25719350576400757,0.17432209849357605,1.0,2,0,0,0,0,0,0,,0,0,,-1,-1,nan,not_applicable,,,nan,0,0.0,0.0,1.8148779417970218e-05,0.0,0.0,0.8337456298597004,0.8337456583976746,-2.8537974205988803e-08,0.0,0.0,0.0,0.0,0.0,0.0,0,0,disabled,0.0,1,PLAN_FAILED,ik_not_found,0,0.3270913140149787,2.8591236241627485,0,0,0,0,-1,nan,nan,,,640,1,1,"{'solver_error': 0, 'short_solution': 0, 'duplicate': 0, 'goal_error': 640, 'joint_limit': 0, 'workspace': 0, 'obstacle_clearance': 0, 'obstacle_contact': 0, 'self_collision': 0}",nan,nan,0.0,passthrough,0,0,7,0,0,0,0,0,0.0,0.0,0.0,0.0,1.0,0.08120358792904064,0,1,1,0,0.043630423196683255,0.0,passthrough,osqp optimal,0.0,0,1,12,workspace_z_lower,workspace_z_lower,,,0,0,1,solved,osqp,0.0,valid,0.08120358792904064,0.9197986386036102,0|1.14929182e-10|1.54731761e-10|1.65604795e-10|1.9351385e-10|1.72650393e-10,,,,,,,,,,0.009291191003285348,0.002387490007095039,0.0013988330028951168,0.001587551087141037
132,6.65,-2.466594665195494,0.2690827548503876,0.8337456583976746,0.25719350576400757,0.17432209849357605,1.0,2,0,0,0,0,0,0,,0,0,,-1,-1,nan,not_applicable,,,nan,0,0.0,0.0,0.0,0.0,0.0,0.8337456298597004,0.8337456583976746,-2.8537974205988803e-08,0.0,0.0,0.0,0.0,0.0,0.0,0,0,disabled,0.0,1,PLAN_FAILED,ik_not_found,0,0.3270913140149787,2.8591236241627485,0,0,0,0,-1,nan,nan,,,640,1,1,"{'solver_error': 0, 'short_solution': 0, 'duplicate': 0, 'goal_error': 640, 'joint_limit': 0, 'workspace': 0, 'obstacle_clearance': 0, 'obstacle_contact': 0, 'self_collision': 0}",nan,nan,0.0,passthrough,0,0,7,0,0,0,0,0,0.0,0.0,0.0,0.0,1.0,0.08120358794142438,0,1,1,0,0.043630423196683255,0.0,passthrough,osqp optimal,0.0,0,1,12,workspace_z_lower,workspace_z_lower,,,0,0,1,solved,osqp,0.0,valid,0.08120358794142438,0.9197986386037164,0|5.92937297e-13|7.98250494e-13|8.54347414e-13|9.99973114e-13|8.91481801e-13,,,,,,,,,,0.008914217934943736,0.0023364441003650427,0.0011977630201727152,0.0015192300779744983
133,6.7,-2.466594665195494,0.2690827548503876,0.8337456583976746,0.25719350576400757,0.17432209849357605,1.0,2,0,0,0,0,0,0,,0,0,,-1,-1,nan,not_applicable,,,nan,0,0.0,0.0,0.0,0.0,0.0,0.8337456298597004,0.8337456583976746,-2.8537974205988803e-08,0.0,0.0,0.0,0.0,0.0,0.0,0,0,disabled,0.0,1,PLAN_FAILED,ik_not_found,0,0.3270913140149787,2.8591236241627485,0,0,0,0,-1,nan,nan,,,640,1,1,"{'solver_error': 0, 'short_solution': 0, 'duplicate': 0, 'goal_error': 640, 'joint_limit': 0, 'workspace': 0, 'obstacle_clearance': 0, 'obstacle_contact': 0, 'self_collision': 0}",nan,nan,0.0,passthrough,0,0,7,0,0,0,0,0,0.0,0.0,0.0,0.0,1.0,0.08120358794148824,0,1,1,0,0.043630423196683255,0.0,passthrough,osqp optimal,0.0,0,1,12,workspace_z_lower,workspace_z_lower,,,0,0,1,solved,osqp,0.0,valid,0.08120358794148824,0.9197986386037169,0|3.07355742e-15|4.13781794e-15|4.42860279e-15|5.18356934e-15|4.62073471e-15,,,,,,,,,,0.008698808029294014,0.002284704940393567,0.0012099880259484053,0.0014539839467033744
134,6.75,-2.466594665195494,0.2690827548503876,0.8337456583976746,0.25719350576400757,0.17432209849357605,1.0,2,0,0,0,0,0,0,,0,0,,-1,-1,nan,not_applicable,,,nan,0,0.0,0.0,0.0,0.0,0.0,0.8337456298597004,0.8337456583976746,-2.8537974205988803e-08,0.0,0.0,0.0,0.0,0.0,0.0,0,0,disabled,0.0,1,PLAN_FAILED,ik_not_found,0,0.3270913140149787,2.8591236241627485,0,0,0,0,-1,nan,nan,,,640,1,1,"{'solver_error': 0, 'short_solution': 0, 'duplicate': 0, 'goal_error': 640, 'joint_limit': 0, 'workspace': 0, 'obstacle_clearance': 0, 'obstacle_contact': 0, 'self_collision': 0}",nan,nan,0.0,passthrough,0,0,7,0,0,0,0,0,0.0,0.0,0.0,0.0,1.0,0.08120358794148858,0,1,1,0,0.043630423196683255,0.0,passthrough,osqp optimal,0.0,0,1,12,workspace_z_lower,workspace_z_lower,,,0,0,1,solved,osqp,0.0,valid,0.08120358794148858,0.9197986386037169,0|1.59310243e-17|2.14473573e-17|2.29545685e-17|2.68676736e-17|2.39504773e-17,,,,,,,,,,0.008711952017620206,0.0023432590533047915,0.0011745759984478354,0.0014104540459811687
135,6.800000000000001,-2.466594665195494,0.2690827548503876,0.8337456583976746,0.25719350576400757,0.17432209849357605,1.0,2,0,0,0,0,0,0,,0,0,,-1,-1,nan,not_applicable,,,nan,0,0.0,0.0,0.0,0.0,0.0,0.8337456298597004,0.8337456583976746,-2.8537974205988803e-08,0.0,0.0,0.0,0.0,0.0,0.0,0,0,disabled,0.0,1,PLAN_FAILED,ik_not_found,0,0.3270913140149787,2.8591236241627485,0,0,0,0,-1,nan,nan,,,640,1,1,"{'solver_error': 0, 'short_solution': 0, 'duplicate': 0, 'goal_error': 640, 'joint_limit': 0, 'workspace': 0, 'obstacle_clearance': 0, 'obstacle_contact': 0, 'self_collision': 0}",nan,nan,0.0,passthrough,0,0,7,0,0,0,0,0,0.0,0.0,0.0,0.0,1.0,0.08120358794148858,0,1,1,0,0.043630423196683255,0.0,passthrough,osqp optimal,0.0,0,1,12,workspace_z_lower,workspace_z_lower,,,0,0,1,solved,osqp,0.0,valid,0.08120358794148858,0.9197986386037169,0|8.25742204e-20|1.11166662e-19|1.1897889e-19|1.39261439e-19|1.24140923e-19,,,,,,,,,,0.009876202093437314,0.0023219239665195346,0.0012856050161644816,0.0022633320186287165
136,6.8500000000000005,-2.466594665195494,0.2690827548503876,0.8337456583976746,0.25719350576400757,0.17432209849357605,1.0,2,0,0,0,0,0,0,,0,0,,-1,-1,nan,not_applicable,,,nan,0,0.0,0.0,0.0,0.0,0.0,0.8337456298597004,0.8337456583976746,-2.8537974205988803e-08,0.0,0.0,0.0,0.0,0.0,0.0,0,0,disabled,0.0,1,PLAN_FAILED,ik_not_found,0,0.3270913140149787,2.8591236241627485,0,0,0,0,-1,nan,nan,,,640,1,1,"{'solver_error': 0, 'short_solution': 0, 'duplicate': 0, 'goal_error': 640, 'joint_limit': 0, 'workspace': 0, 'obstacle_clearance': 0, 'obstacle_contact': 0, 'self_collision': 0}",nan,nan,0.0,passthrough,0,0,7,0,0,0,0,0,0.0,0.0,0.0,0.0,1.0,0.08120358794148858,0,1,1,0,0.043630423196683255,0.0,passthrough,osqp optimal,0.0,0,1,12,workspace_z_lower,workspace_z_lower,,,0,0,1,solved,osqp,0.0,valid,0.08120358794148858,0.9197986386037169,0|4.28001588e-22|5.76202933e-22|6.16695546e-22|7.21824768e-22|6.43451574e-22,,,,,,,,,,0.00883147306740284,0.0023239610018208623,0.0012086809147149324,0.001543019083328545
137,6.9,-2.466594665195494,0.2690827548503876,0.8337456583976746,0.25719350576400757,0.17432209849357605,1.0,2,0,0,0,0,0,0,,0,0,,-1,-1,nan,not_applicable,,,nan,0,0.0,0.0,0.0,0.0,0.0,0.8337456298597004,0.8337456583976746,-2.8537974205988803e-08,0.0,0.0,0.0,0.0,0.0,0.0,0,0,disabled,0.0,1,PLAN_FAILED,ik_not_found,0,0.3270913140149787,2.8591236241627485,0,0,0,0,-1,nan,nan,,,640,1,1,"{'solver_error': 0, 'short_solution': 0, 'duplicate': 0, 'goal_error': 640, 'joint_limit': 0, 'workspace': 0, 'obstacle_clearance': 0, 'obstacle_contact': 0, 'self_collision': 0}",nan,nan,0.0,passthrough,0,0,7,0,0,0,0,0,0.0,0.0,0.0,0.0,1.0,0.08120358794148858,0,1,1,0,0.043630423196683255,0.0,passthrough,osqp optimal,0.0,0,1,12,workspace_z_lower,workspace_z_lower,,,0,0,1,solved,osqp,0.0,valid,0.08120358794148858,0.9197986386037169,0|2.21843272e-24|2.98659508e-24|3.19647781e-24|3.74138724e-24|3.33516059e-24,,,,,,,,,,0.00897414400242269,0.002385498955845833,0.0011899820528924465,0.001551258028484881
138,6.95,-2.466594665195494,0.2690827548503876,0.8337456583976746,0.25719350576400757,0.17432209849357605,1.0,2,0,0,0,0,0,0,,0,0,,-1,-1,nan,not_applicable,,,nan,0,0.0,0.0,0.0,0.0,0.0,0.8337456298597004,0.8337456583976746,-2.8537974205988803e-08,0.0,0.0,0.0,0.0,0.0,0.0,0,0,disabled,0.0,1,PLAN_FAILED,ik_not_found,0,0.3270913140149787,2.8591236241627485,0,0,0,0,-1,nan,nan,,,640,1,1,"{'solver_error': 0, 'short_solution': 0, 'duplicate': 0, 'goal_error': 640, 'joint_limit': 0, 'workspace': 0, 'obstacle_clearance': 0, 'obstacle_contact': 0, 'self_collision': 0}",nan,nan,0.0,passthrough,0,0,7,0,0,0,0,0,0.0,0.0,0.0,0.0,1.0,0.08120358794148858,0,1,1,0,0.043630423196683255,0.0,passthrough,osqp optimal,0.0,0,1,12,workspace_z_lower,workspace_z_lower,,,0,0,1,solved,osqp,0.0,valid,0.08120358794148858,0.9197986386037169,0|1.14986574e-26|1.54802232e-26|1.65680946e-26|1.93924882e-26|1.72869201e-26,,,,,,,,,,0.009003372048027813,0.002330685965716839,0.0012850530911237001,0.0015382700366899371
139,7.0,-2.466594665195494,0.2690827548503876,0.8337456583976746,0.25719350576400757,0.17432209849357605,1.0,2,0,0,0,0,0,0,,0,0,,-1,-1,nan,not_applicable,,,nan,0,0.0,0.0,0.0,0.0,0.0,0.8337456298597004,0.8337456583976746,-2.8537974205988803e-08,0.0,0.0,0.0,0.0,0.0,0.0,0,0,disabled,0.0,1,PLAN_FAILED,ik_not_found,0,0.3270913140149787,2.8591236241627485,0,0,0,0,-1,nan,nan,,,640,1,1,"{'solver_error': 0, 'short_solution': 0, 'duplicate': 0, 'goal_error': 640, 'joint_limit': 0, 'workspace': 0, 'obstacle_clearance': 0, 'obstacle_contact': 0, 'self_collision': 0}",nan,nan,0.0,passthrough,0,0,7,0,0,0,0,0,0.0,0.0,0.0,0.0,1.0,0.08120358794148858,0,1,1,0,0.043630423196683255,0.0,passthrough,osqp optimal,0.0,0,1,12,workspace_z_lower,workspace_z_lower,,,0,0,1,solved,osqp,0.0,valid,0.08120358794148858,0.9197986386037169,0|5.96002459e-29|8.02376382e-29|8.58763315e-29|1.00515827e-28|8.96021717e-29,,,,,,,,,,0.010820041061379015,0.002392989001236856,0.0016909809783101082,0.001852162997238338
140,7.050000000000001,-2.466594903614074,0.26908281445503235,0.8337456583976746,0.25719350576400757,0.17432209849357605,1.0,2,0,0,0,0,0,0,,0,0,,-1,-1,nan,not_applicable,,,nan,0,1.3262571485483932e-07,2.652514012879692e-06,5.305028025759384e-05,0.0,0.0,0.8337456298597004,0.8337456583976746,-2.8537974205988803e-08,0.0,9.086072690877513e-08,0.0,6.444848993824794e-08,-6.444848993824794e-08,0.0,0,0,disabled,0.0,1,PLAN_FAILED,ik_not_found,0,0.30567564896773547,3.164799273130484,0,0,0,0,-1,nan,nan,,,704,1,1,"{'solver_error': 0, 'short_solution': 0, 'duplicate': 0, 'goal_error': 704, 'joint_limit': 0, 'workspace': 0, 'obstacle_clearance': 0, 'obstacle_contact': 0, 'self_collision': 0}",nan,nan,0.0,passthrough,0,0,8,0,0,0,0,0,0.0,0.0,0.0,0.0,1.0,0.08120358794148858,0,1,1,0,0.043630423196683255,0.0,filtered,osqp optimal,1.326257120661789e-07,0,1,12,workspace_z_lower,workspace_z_lower,,,0,0,1,solved,osqp,2.2998519841469643e-10,valid,0.08120358794148858,0.9197986386037169,0|3.08922068e-31|4.15890517e-31|4.45117189e-31|5.2099713e-31|4.64429096e-31,,,,,,,,,,0.3155722370138392,0.0029425729298964143,0.001180768944323063,0.0015113239642232656
141,7.1000000000000005,-2.466594665195494,0.2690827548503876,0.8337456583976746,0.25719350576400757,0.17432209849357605,1.0,2,0,0,0,0,0,0,,0,0,,-1,-1,nan,not_applicable,,,nan,0,4.5371955081918713e-08,1.7450751101932838e-06,8.795178291620687e-05,0.0,0.0,0.8337456298597004,0.8337456583976746,-2.8537974205988803e-08,0.0,3.108393288541055e-08,0.0,2.2048167461662854e-08,-2.2048167461662854e-08,0.0,0,0,disabled,0.0,1,PLAN_FAILED,ik_not_found,0,0.30567564896773547,3.164799273130484,0,0,0,0,-1,nan,nan,,,704,1,1,"{'solver_error': 0, 'short_solution': 0, 'duplicate': 0, 'goal_error': 704, 'joint_limit': 0, 'workspace': 0, 'obstacle_clearance': 0, 'obstacle_contact': 0, 'self_collision': 0}",nan,nan,0.1326257120661789,filtered,0,0,8,0,0,0,0,0,0.0,0.0,0.0,0.0,1.0,0.08120357647256599,0,1,1,0,0.043630423196683255,0.0,filtered,osqp optimal,4.5371954828762363e-08,0,1,12,workspace_z_lower,workspace_z_lower,,,0,0,1,solved,osqp,7.867915021493101e-11,valid,0.08120357647256599,0.9197986376041376,0|4.73416051e-08|8.16666907e-08|9.03903409e-08|1.00538248e-07|9.03413627e-08,,,,,,,,,,0.00876256707124412,0.0023077900987118483,0.0011754559818655252,0.0014891769969835877
142,7.15,-2.466594665195494,0.2690827548503876,0.8337456583976746,0.25719350576400757,0.17432209849357605,1.0,2,0,0,0,0,0,0,,0,0,,-1,-1,nan,not_applicable,,,nan,0,4.5371955081918713e-08,2.3714375071531542e-15,3.4901502658613026e-05,0.0,0.0,0.8337456298597004,0.8337456583976746,-2.8537974205988803e-08,0.0,3.1083932916675844e-08,0.0,2.2048167464797875e-08,-2.2048167464797875e-08,0.0,0,0,disabled,0.0,1,PLAN_FAILED,ik_not_found,0,0.30567564896773547,3.164799273130484,0,0,0,0,-1,nan,nan,,,704,1,1,"{'solver_error': 0, 'short_solution': 0, 'duplicate': 0, 'goal_error': 704, 'joint_limit': 0, 'workspace': 0, 'obstacle_clearance': 0, 'obstacle_contact': 0, 'self_collision': 0}",nan,nan,0.04537195482876236,filtered,0,0,8,0,0,0,0,0,0.0,0.0,0.0,0.0,1.0,0.08120358118991353,0,1,1,0,0.043630423196683255,0.0,filtered,osqp optimal,4.53719547726015e-08,0,1,12,workspace_z_lower,workspace_z_lower,,,0,0,1,solved,osqp,7.867914838274581e-11,valid,0.08120358118991353,0.9197986377722374,0|1.65300185e-08|2.83785421e-08|3.13941298e-08|3.49560966e-08|3.13953674e-08,,,,,,,,,,0.008852662984281778,0.0023079660022631288,0.0012061209417879581,0.0015684589743614197
143,7.2,-2.466594665195494,0.2690827548503876,0.8337456583976746,0.25719350576400757,0.17432209849357605,1.0,2,0,0,0,0,0,0,,0,0,,-1,-1,nan,not_applicable,,,nan,0,4.5371955081918713e-08,5.551115123125783e-16,4.4754520591881383e-14,0.0,0.0,0.8337456298597004,0.8337456583976746,-2.8537974205988803e-08,0.0,3.1083932935201964e-08,0.0,2.2048167467366754e-08,-2.2048167467366754e-08,0.0,0,0,disabled,0.0,1,PLAN_FAILED,ik_not_found,0,0.30567564896773547,3.164799273130484,0,0,0,0,-1,nan,nan,,,704,1,1,"{'solver_error': 0, 'short_solution': 0, 'duplicate': 0, 'goal_error': 704, 'joint_limit': 0, 'workspace': 0, 'obstacle_clearance': 0, 'obstacle_contact': 0, 'self_collision': 0}",nan,nan,0.0453719547726015,filtered,0,0,8,0,0,0,0,0,0.0,0.0,0.0,0.0,1.0,0.08120358120857127,0,1,1,0,0.043630423196683255,0.0,filtered,osqp optimal,4.5371954733523216e-08,0,1,12,workspace_z_lower,workspace_z_lower,,,0,0,1,solved,osqp,7.867914771501915e-11,valid,0.08120358120857127,0.9197986378718509,0|1.63118706e-08|2.80913438e-08|3.10865782e-08|3.45896304e-08|3.1076062e-08,,,,,,,,,,0.009005727944895625,0.0024229579139500856,0.00121844292152673,0.0014887740835547447
144,7.25,-2.466594665195494,0.2690827548503876,0.8337456583976746,0.25719350576400757,0.17432209849357605,1.0,2,0,0,0,0,0,0,,0,0,,-1,-1,nan,not_applicable,,,nan,0,4.5371951529205035e-08,3.788658094389975e-14,7.542261086512791e-13,0.0,0.0,0.8337456298597004,0.8337456583976746,-2.8537974205988803e-08,0.0,3.108393289760097e-08,0.0,2.2048167480359373e-08,-2.2048167480359373e-08,0.0,0,0,disabled,0.0,1,PLAN_FAILED,ik_not_found,0,0.30567564896773547,3.164799273130484,0,0,0,0,-1,nan,nan,,,704,1,1,"{'solver_error': 0, 'short_solution': 0, 'duplicate': 0, 'goal_error': 704, 'joint_limit': 0, 'workspace': 0, 'obstacle_clearance': 0, 'obstacle_contact': 0, 'self_collision': 0}",nan,nan,0.04537195473352322,filtered,0,0,8,0,0,0,0,0,0.0,0.0,0.0,0.0,1.0,0.08120358120372256,0,1,1,0,0.043630423196683255,0.0,filtered,osqp optimal,4.537195387973924e-08,0,1,12,workspace_z_lower,workspace_z_lower,,,0,0,1,solved,osqp,7.867914385558631e-11,valid,0.08120358120372256,0.919798637971264,0|1.63107442e-08|2.80898612e-08|3.10849906e-08|3.4587735e-08|3.10744129e-08,,,,,,,,,,0.009027417981997132,0.002371612936258316,0.001321624033153057,0.001519403071142733
145,7.300000000000001,-2.466594665195494,0.2690827548503876,0.8337456583976746,0.25719350576400757,0.17432209849357605,1.0,2,0,0,0,0,0,0,,0,0,,-1,-1,nan,not_applicable,,,nan,0,4.5371951529205035e-08,5.551115123125783e-16,7.542261086512791e-13,0.0,0.0,0.8337456298597004,0.8337456583976746,-2.8537974205988803e-08,0.0,3.108393291607935e-08,0.0,2.2048167482910563e-08,-2.2048167482910563e-08,0.0,0,0,disabled,0.0,1,PLAN_FAILED,ik_not_found,0,0.30567564896773547,3.164799273130484,0,0,0,0,-1,nan,nan,,,704,1,1,"{'solver_error': 0, 'short_solution': 0, 'duplicate': 0, 'goal_error': 704, 'joint_limit': 0, 'workspace': 0, 'obstacle_clearance': 0, 'obstacle_contact': 0, 'self_collision': 0}",nan,nan,0.04537195387973924,filtered,0,0,8,0,0,0,0,0,0.0,0.0,0.0,0.0,1.0,0.08120358119875251,0,1,1,0,0.043630423196683255,0.0,filtered,osqp optimal,4.5371953840742754e-08,0,1,12,workspace_z_lower,workspace_z_lower,,,0,0,1,solved,osqp,7.867914319354404e-11,valid,0.08120358119875251,0.919798638070675,0|1.63107396e-08|2.80898548e-08|3.10849836e-08|3.45877265e-08|3.10744054e-08,,,,,,,,,,0.008877335931174457,0.0023457430070266128,0.001197858015075326,0.0014832779997959733
146,7.3500000000000005,-2.466594665195494,0.2690827548503876,0.8337456583976746,0.25719350576400757,0.17432209849357605,1.0,2,0,0,0,0,0,0,,0,0,,-1,-1,nan,not_applicable,,,nan,0,4.5371951529205035e-08,5.551115123125783e-16,0.0,0.0,0.0,0.8337456298597004,0.8337456583976746,-2.8537974205988803e-08,0.0,3.108393293455772e-08,0.0,2.204816748546175e-08,-2.204816748546175e-08,0.0,0,0,disabled,0.0,1,PLAN_FAILED,ik_not_found,0,0.30567564896773547,3.164799273130484,0,0,0,0,-1,nan,nan,,,704,1,1,"{'solver_error': 0, 'short_solution': 0, 'duplicate': 0, 'goal_error': 704, 'joint_limit': 0, 'workspace': 0, 'obstacle_clearance': 0, 'obstacle_contact': 0, 'self_collision': 0}",nan,nan,0.04537195384074275,filtered,0,0,8,0,0,0,0,0,0.0,0.0,0.0,0.0,1.0,0.08120358119378196,0,1,1,0,0.043630423196683255,0.0,filtered,osqp optimal,4.537195380174622e-08,0,1,12,workspace_z_lower,workspace_z_lower,,,0,0,1,solved,osqp,7.867914253154809e-11,valid,0.08120358119378196,0.9197986381700859,0|1.63107396e-08|2.80898548e-08|3.10849836e-08|3.45877265e-08|3.10744054e-08,,,,,,,,,,0.00905216799583286,0.0024208250688388944,0.0012788779567927122,0.001474292017519474
147,7.4,-2.466594665195494,0.2690827548503876,0.8337456583976746,0.25719350576400757,0.17432209849357605,1.0,2,0,0,0,0,0,0,,0,0,,-1,-1,nan,not_applicable,,,nan,0,4.5371955081918713e-08,3.553147359669495e-14,7.105427357601002e-13,0.0,0.0,0.8337456298597004,0.8337456583976746,-2.8537974205988803e-08,0.0,3.108393364468492e-08,0.0,2.204816803204251e-08,-2.204816803204251e-08,0.0,0,0,disabled,0.0,1,PLAN_FAILED,ik_not_found,0,0.30567564896773547,3.164799273130484,0,0,0,0,-1,nan,nan,,,704,1,1,"{'solver_error': 0, 'short_solution': 0, 'duplicate': 0, 'goal_error': 704, 'joint_limit': 0, 'workspace': 0, 'obstacle_clearance': 0, 'obstacle_contact': 0, 'self_collision': 0}",nan,nan,0.04537195380174622,filtered,0,0,8,0,0,0,0,0,0.0,0.0,0.0,0.0,1.0,0.08120358118881144,0,1,1,0,0.043630423196683255,0.0,filtered,osqp optimal,4.537195376274969e-08,0,1,12,workspace_z_lower,workspace_z_lower,,,0,0,1,solved,osqp,7.867914186953228e-11,valid,0.08120358118881144,0.9197986382694968,0|1.63107396e-08|2.80898548e-08|3.10849836e-08|3.45877265e-08|3.10744054e-08,,,,,,,,,,0.009054903057403862,0.0023299610475078225,0.0012810620246455073,0.0015728740254417062
148,7.45,-2.466594665195494,0.2690827548503876,0.8337456583976746,0.25719350576400757,0.17432209849357605,1.0,2,0,0,0,0,0,0,,0,0,,-1,-1,nan,not_applicable,,,nan,0,4.5371955081918713e-08,2.288783396885369e-15,7.11929159288166e-13,0.0,0.0,0.8337456298597004,0.8337456583976746,-2.8537974205988803e-08,0.0,3.108393366543418e-08,0.0,2.2048168030514594e-08,-2.2048168030514594e-08,0.0,0,0,disabled,0.0,1,PLAN_FAILED,ik_not_found,0,0.30567564896773547,3.164799273130484,0,0,0,0,-1,nan,nan,,,704,1,1,"{'solver_error': 0, 'short_solution': 0, 'duplicate': 0, 'goal_error': 704, 'joint_limit': 0, 'workspace': 0, 'obstacle_clearance': 0, 'obstacle_contact': 0, 'self_collision': 0}",nan,nan,0.04537195376274969,filtered,0,0,8,0,0,0,0,0,0.0,0.0,0.0,0.0,1.0,0.0812035854645527,0,1,1,0,0.043630423196683255,0.0,filtered,osqp optimal,4.537195372640523e-08,0,1,12,workspace_z_lower,workspace_z_lower,,,0,0,1,solved,osqp,7.8679139400418e-11,valid,0.0812035854645527,0.9197986383689085,0|1.63107394e-08|2.80898565e-08|3.10849842e-08|3.45877273e-08|3.10744061e-08,,,,,,,,,,0.009388873004354537,0.0023346280213445425,0.0011725770309567451,0.0014889480080455542
149,7.5,-2.466594665195494,0.2690827548503876,0.8337456583976746,0.25719350576400757,0.17432209849357605,1.0,2,0,0,0,0,0,0,,0,0,,-1,-1,nan,not_applicable,,,nan,0,4.5371955081918713e-08,2.7755575615628914e-16,4.4754520591881383e-14,0.0,0.0,0.8337456298597004,0.8337456583976746,-2.8537974205988803e-08,0.0,3.108393368370982e-08,0.0,2.2048168032713525e-08,-2.2048168032713525e-08,0.0,0,0,disabled,0.0,1,PLAN_FAILED,ik_not_found,0,0.30567564896773547,3.164799273130484,0,0,0,0,-1,nan,nan,,,704,1,1,"{'solver_error': 0, 'short_solution': 0, 'duplicate': 0, 'goal_error': 704, 'joint_limit': 0, 'workspace': 0, 'obstacle_clearance': 0, 'obstacle_contact': 0, 'self_collision': 0}",nan,nan,0.045371953726405234,filtered,0,0,8,0,0,0,0,0,0.0,0.0,0.0,0.0,1.0,0.08120358545958209,0,1,1,0,0.043630423196683255,0.0,filtered,osqp optimal,4.537195368735188e-08,0,1,12,workspace_z_lower,workspace_z_lower,,,0,0,1,solved,osqp,7.867913877708778e-11,valid,0.08120358545958209,0.9197986384683202,0|1.63107394e-08|2.80898565e-08|3.10849843e-08|3.45877273e-08|3.10744062e-08,,,,,,,,,,0.009493699064478278,0.0024071300867944956,0.0012205890379846096,0.0018423809669911861
150,7.550000000000001,-2.466594665195494,0.2690827548503876,0.8337456583976746,0.25719350576400757,0.17432209849357605,1.0,2,0,0,0,0,0,0,,0,0,,-1,-1,nan,not_applicable,,,nan,0,0.0,9.074390732166648e-07,1.8148779417970218e-05,0.0,0.0,0.8337456298597004,0.8337456583976746,-2.8537974205988803e-08,0.0,0.0,0.0,0.0,0.0,0.0,0,0,disabled,0.0,1,PLAN_FAILED,ik_not_found,0,0.30567564896773547,3.164799273130484,0,0,0,0,-1,nan,nan,,,704,1,1,"{'solver_error': 0, 'short_solution': 0, 'duplicate': 0, 'goal_error': 704, 'joint_limit': 0, 'workspace': 0, 'obstacle_clearance': 0, 'obstacle_contact': 0, 'self_collision': 0}",nan,nan,0.045371953687351876,filtered,0,0,8,0,0,0,0,0,0.0,0.0,0.0,0.0,1.0,0.08120358545461118,0,1,1,0,0.043630423196683255,0.0,passthrough,osqp optimal,0.0,0,1,12,workspace_z_lower,workspace_z_lower,,,0,0,1,solved,osqp,0.0,valid,0.08120358545461118,0.9197986385677318,0|1.63107394e-08|2.80898588e-08|3.10849872e-08|3.45877273e-08|3.10744062e-08,,,,,,,,,,0.015729374950751662,0.004379513091407716,0.0021772279869765043,0.002316614962182939
151,7.6000000000000005,-2.466594665195494,0.2690827548503876,0.8337456583976746,0.25719350576400757,0.17432209849357605,1.0,2,0,0,0,0,0,0,,0,0,,-1,-1,nan,not_applicable,,,nan,0,0.0,0.0,1.8148779417970218e-05,0.0,0.0,0.8337456298597004,0.8337456583976746,-2.8537974205988803e-08,0.0,0.0,0.0,0.0,0.0,0.0,0,0,disabled,0.0,1,PLAN_FAILED,ik_not_found,0,0.30567564896773547,3.164799273130484,0,0,0,0,-1,nan,nan,,,704,1,1,"{'solver_error': 0, 'short_solution': 0, 'duplicate': 0, 'goal_error': 704, 'joint_limit': 0, 'workspace': 0, 'obstacle_clearance': 0, 'obstacle_contact': 0, 'self_collision': 0}",nan,nan,0.0,passthrough,0,0,8,0,0,0,0,0,0.0,0.0,0.0,0.0,1.0,0.08120358792904064,0,1,1,0,0.043630423196683255,0.0,passthrough,osqp optimal,0.0,0,1,12,workspace_z_lower,workspace_z_lower,,,0,0,1,solved,osqp,0.0,valid,0.08120358792904064,0.9197986386036102,0|1.14929182e-10|1.54731761e-10|1.65604795e-10|1.9351385e-10|1.72650393e-10,,,,,,,,,,0.012738930992782116,0.0034386960323899984,0.0017262910259887576,0.0020416819024831057
152,7.65,-2.466594665195494,0.2690827548503876,0.8337456583976746,0.25719350576400757,0.17432209849357605,1.0,2,0,0,0,0,0,0,,0,0,,-1,-1,nan,not_applicable,,,nan,0,0.0,0.0,0.0,0.0,0.0,0.8337456298597004,0.8337456583976746,-2.8537974205988803e-08,0.0,0.0,0.0,0.0,0.0,0.0,0,0,disabled,0.0,1,PLAN_FAILED,ik_not_found,0,0.30567564896773547,3.164799273130484,0,0,0,0,-1,nan,nan,,,704,1,1,"{'solver_error': 0, 'short_solution': 0, 'duplicate': 0, 'goal_error': 704, 'joint_limit': 0, 'workspace': 0, 'obstacle_clearance': 0, 'obstacle_contact': 0, 'self_collision': 0}",nan,nan,0.0,passthrough,0,0,8,0,0,0,0,0,0.0,0.0,0.0,0.0,1.0,0.08120358794142438,0,1,1,0,0.043630423196683255,0.0,passthrough,osqp optimal,0.0,0,1,12,workspace_z_lower,workspace_z_lower,,,0,0,1,solved,osqp,0.0,valid,0.08120358794142438,0.9197986386037164,0|5.92937297e-13|7.98250494e-13|8.54347414e-13|9.99973114e-13|8.91481801e-13,,,,,,,,,,0.01271656109020114,0.0033245800295844674,0.001765729975886643,0.0021139329764992
153,7.7,-2.466594665195494,0.2690827548503876,0.8337456583976746,0.25719350576400757,0.17432209849357605,1.0,2,0,0,0,0,0,0,,0,0,,-1,-1,nan,not_applicable,,,nan,0,0.0,0.0,0.0,0.0,0.0,0.8337456298597004,0.8337456583976746,-2.8537974205988803e-08,0.0,0.0,0.0,0.0,0.0,0.0,0,0,disabled,0.0,1,PLAN_FAILED,ik_not_found,0,0.30567564896773547,3.164799273130484,0,0,0,0,-1,nan,nan,,,704,1,1,"{'solver_error': 0, 'short_solution': 0, 'duplicate': 0, 'goal_error': 704, 'joint_limit': 0, 'workspace': 0, 'obstacle_clearance': 0, 'obstacle_contact': 0, 'self_collision': 0}",nan,nan,0.0,passthrough,0,0,8,0,0,0,0,0,0.0,0.0,0.0,0.0,1.0,0.08120358794148824,0,1,1,0,0.043630423196683255,0.0,passthrough,osqp optimal,0.0,0,1,12,workspace_z_lower,workspace_z_lower,,,0,0,1,solved,osqp,0.0,valid,0.08120358794148824,0.9197986386037169,0|3.07355742e-15|4.13781794e-15|4.42860279e-15|5.18356934e-15|4.62073471e-15,,,,,,,,,,0.012579721980728209,0.0034114669542759657,0.0017721239710226655,0.0019508859841153026
154,7.75,-2.466594665195494,0.2690827548503876,0.8337456583976746,0.25719350576400757,0.17432209849357605,1.0,2,0,0,0,0,0,0,,0,0,,-1,-1,nan,not_applicable,,,nan,0,0.0,0.0,0.0,0.0,0.0,0.8337456298597004,0.8337456583976746,-2.8537974205988803e-08,0.0,0.0,0.0,0.0,0.0,0.0,0,0,disabled,0.0,1,PLAN_FAILED,ik_not_found,0,0.30567564896773547,3.164799273130484,0,0,0,0,-1,nan,nan,,,704,1,1,"{'solver_error': 0, 'short_solution': 0, 'duplicate': 0, 'goal_error': 704, 'joint_limit': 0, 'workspace': 0, 'obstacle_clearance': 0, 'obstacle_contact': 0, 'self_collision': 0}",nan,nan,0.0,passthrough,0,0,8,0,0,0,0,0,0.0,0.0,0.0,0.0,1.0,0.08120358794148858,0,1,1,0,0.043630423196683255,0.0,passthrough,osqp optimal,0.0,0,1,12,workspace_z_lower,workspace_z_lower,,,0,0,1,solved,osqp,0.0,valid,0.08120358794148858,0.9197986386037169,0|1.59310243e-17|2.14473573e-17|2.29545685e-17|2.68676736e-17|2.39504773e-17,,,,,,,,,,0.01265308097936213,0.003344509983435273,0.0017312970012426376,0.00205858307890594
155,7.800000000000001,-2.466594665195494,0.2690827548503876,0.8337456583976746,0.25719350576400757,0.17432209849357605,1.0,2,0,0,0,0,0,0,,0,0,,-1,-1,nan,not_applicable,,,nan,0,0.0,0.0,0.0,0.0,0.0,0.8337456298597004,0.8337456583976746,-2.8537974205988803e-08,0.0,0.0,0.0,0.0,0.0,0.0,0,0,disabled,0.0,1,PLAN_FAILED,ik_not_found,0,0.30567564896773547,3.164799273130484,0,0,0,0,-1,nan,nan,,,704,1,1,"{'solver_error': 0, 'short_solution': 0, 'duplicate': 0, 'goal_error': 704, 'joint_limit': 0, 'workspace': 0, 'obstacle_clearance': 0, 'obstacle_contact': 0, 'self_collision': 0}",nan,nan,0.0,passthrough,0,0,8,0,0,0,0,0,0.0,0.0,0.0,0.0,1.0,0.08120358794148858,0,1,1,0,0.043630423196683255,0.0,passthrough,osqp optimal,0.0,0,1,12,workspace_z_lower,workspace_z_lower,,,0,0,1,solved,osqp,0.0,valid,0.08120358794148858,0.9197986386037169,0|8.25742204e-20|1.11166662e-19|1.1897889e-19|1.39261439e-19|1.24140923e-19,,,,,,,,,,0.01285509904846549,0.003378319088369608,0.0017678720178082585,0.0020950980251654983
156,7.8500000000000005,-2.466594665195494,0.2690827548503876,0.8337456583976746,0.25719350576400757,0.17432209849357605,1.0,2,0,0,0,0,0,0,,0,0,,-1,-1,nan,not_applicable,,,nan,0,0.0,0.0,0.0,0.0,0.0,0.8337456298597004,0.8337456583976746,-2.8537974205988803e-08,0.0,0.0,0.0,0.0,0.0,0.0,0,0,disabled,0.0,1,PLAN_FAILED,ik_not_found,0,0.30567564896773547,3.164799273130484,0,0,0,0,-1,nan,nan,,,704,1,1,"{'solver_error': 0, 'short_solution': 0, 'duplicate': 0, 'goal_error': 704, 'joint_limit': 0, 'workspace': 0, 'obstacle_clearance': 0, 'obstacle_contact': 0, 'self_collision': 0}",nan,nan,0.0,passthrough,0,0,8,0,0,0,0,0,0.0,0.0,0.0,0.0,1.0,0.08120358794148858,0,1,1,0,0.043630423196683255,0.0,passthrough,osqp optimal,0.0,0,1,12,workspace_z_lower,workspace_z_lower,,,0,0,1,solved,osqp,0.0,valid,0.08120358794148858,0.9197986386037169,0|4.28001588e-22|5.76202933e-22|6.16695546e-22|7.21824768e-22|6.43451574e-22,,,,,,,,,,0.012608158984221518,0.0034239869564771652,0.0017050969181582332,0.0020305170910432935
157,7.9,-2.466594665195494,0.2690827548503876,0.8337456583976746,0.25719350576400757,0.17432209849357605,1.0,2,0,0,0,0,0,0,,0,0,,-1,-1,nan,not_applicable,,,nan,0,0.0,0.0,0.0,0.0,0.0,0.8337456298597004,0.8337456583976746,-2.8537974205988803e-08,0.0,0.0,0.0,0.0,0.0,0.0,0,0,disabled,0.0,1,PLAN_FAILED,ik_not_found,0,0.30567564896773547,3.164799273130484,0,0,0,0,-1,nan,nan,,,704,1,1,"{'solver_error': 0, 'short_solution': 0, 'duplicate': 0, 'goal_error': 704, 'joint_limit': 0, 'workspace': 0, 'obstacle_clearance': 0, 'obstacle_contact': 0, 'self_collision': 0}",nan,nan,0.0,passthrough,0,0,8,0,0,0,0,0,0.0,0.0,0.0,0.0,1.0,0.08120358794148858,0,1,1,0,0.043630423196683255,0.0,passthrough,osqp optimal,0.0,0,1,12,workspace_z_lower,workspace_z_lower,,,0,0,1,solved,osqp,0.0,valid,0.08120358794148858,0.9197986386037169,0|2.21843272e-24|2.98659508e-24|3.19647781e-24|3.74138724e-24|3.33516059e-24,,,,,,,,,,0.012741024023853242,0.0034372679656371474,0.0017472730251029134,0.002018025959841907
158,7.95,-2.466594665195494,0.2690827548503876,0.8337456583976746,0.25719350576400757,0.17432209849357605,1.0,2,0,0,0,0,0,0,,0,0,,-1,-1,nan,not_applicable,,,nan,0,0.0,0.0,0.0,0.0,0.0,0.8337456298597004,0.8337456583976746,-2.8537974205988803e-08,0.0,0.0,0.0,0.0,0.0,0.0,0,0,disabled,0.0,1,PLAN_FAILED,ik_not_found,0,0.30567564896773547,3.164799273130484,0,0,0,0,-1,nan,nan,,,704,1,1,"{'solver_error': 0, 'short_solution': 0, 'duplicate': 0, 'goal_error': 704, 'joint_limit': 0, 'workspace': 0, 'obstacle_clearance': 0, 'obstacle_contact': 0, 'self_collision': 0}",nan,nan,0.0,passthrough,0,0,8,0,0,0,0,0,0.0,0.0,0.0,0.0,1.0,0.08120358794148858,0,1,1,0,0.043630423196683255,0.0,passthrough,osqp optimal,0.0,0,1,12,workspace_z_lower,workspace_z_lower,,,0,0,1,solved,osqp,0.0,valid,0.08120358794148858,0.9197986386037169,0|1.14986574e-26|1.54802232e-26|1.65680946e-26|1.93924882e-26|1.72869201e-26,,,,,,,,,,0.01275755395181477,0.0034293989883735776,0.0017010000301524997,0.0020931620383635163
159,8.0,-2.466594665195494,0.2690827548503876,0.8337456583976746,0.25719350576400757,0.17432209849357605,1.0,2,0,0,0,0,0,0,,0,0,,-1,-1,nan,not_applicable,,,nan,0,0.0,0.0,0.0,0.0,0.0,0.8337456298597004,0.8337456583976746,-2.8537974205988803e-08,0.0,0.0,0.0,0.0,0.0,0.0,0,0,disabled,0.0,1,PLAN_FAILED,ik_not_found,0,0.30567564896773547,3.164799273130484,0,0,0,0,-1,nan,nan,,,704,1,1,"{'solver_error': 0, 'short_solution': 0, 'duplicate': 0, 'goal_error': 704, 'joint_limit': 0, 'workspace': 0, 'obstacle_clearance': 0, 'obstacle_contact': 0, 'self_collision': 0}",nan,nan,0.0,passthrough,0,0,8,0,0,0,0,0,0.0,0.0,0.0,0.0,1.0,0.08120358794148858,0,1,1,0,0.043630423196683255,0.0,passthrough,osqp optimal,0.0,0,1,12,workspace_z_lower,workspace_z_lower,,,0,0,1,solved,osqp,0.0,valid,0.08120358794148858,0.9197986386037169,0|5.96002459e-29|8.02376382e-29|8.58763315e-29|1.00515827e-28|8.96021717e-29,,,,,,,,,,0.012781830038875341,0.0034098969772458076,0.0017506800359115005,0.002136447001248598
160,8.05,-2.466594903614074,0.26908281445503235,0.8337456583976746,0.25719350576400757,0.17432209849357605,1.0,2,0,0,0,0,0,0,,0,0,,-1,-1,nan,not_applicable,,,nan,0,1.3262571485483932e-07,2.652514012879692e-06,5.305028025759384e-05,0.0,0.0,0.8337456298597004,0.8337456583976746,-2.8537974205988803e-08,0.0,9.086072690877513e-08,0.0,6.444848993824794e-08,-6.444848993824794e-08,0.0,0,0,disabled,0.0,1,PLAN_FAILED,ik_not_found,0,0.3691161850001663,3.5339154581306502,0,0,0,0,-1,nan,nan,,,768,1,1,"{'solver_error': 0, 'short_solution': 0, 'duplicate': 0, 'goal_error': 768, 'joint_limit': 0, 'workspace': 0, 'obstacle_clearance': 0, 'obstacle_contact': 0, 'self_collision': 0}",nan,nan,0.0,passthrough,0,0,9,0,0,0,0,0,0.0,0.0,0.0,0.0,1.0,0.08120358794148858,0,1,1,0,0.043630423196683255,0.0,filtered,osqp optimal,1.326257120661789e-07,0,1,12,workspace_z_lower,workspace_z_lower,,,0,0,1,solved,osqp,2.2998519841469643e-10,valid,0.08120358794148858,0.9197986386037169,0|3.08922068e-31|4.15890517e-31|4.45117189e-31|5.2099713e-31|4.64429096e-31,,,,,,,,,,0.37827204598579556,0.002381984028033912,0.0011718790046870708,0.0015660300850868225
161,8.1,-2.466594665195494,0.2690827548503876,0.8337456583976746,0.25719350576400757,0.17432209849357605,1.0,2,0,0,0,0,0,0,,0,0,,-1,-1,nan,not_applicable,,,nan,0,4.5371955081918713e-08,1.7450751101932838e-06,8.795178291620687e-05,0.0,0.0,0.8337456298597004,0.8337456583976746,-2.8537974205988803e-08,0.0,3.108393288541055e-08,0.0,2.2048167461662854e-08,-2.2048167461662854e-08,0.0,0,0,disabled,0.0,1,PLAN_FAILED,ik_not_found,0,0.3691161850001663,3.5339154581306502,0,0,0,0,-1,nan,nan,,,768,1,1,"{'solver_error': 0, 'short_solution': 0, 'duplicate': 0, 'goal_error': 768, 'joint_limit': 0, 'workspace': 0, 'obstacle_clearance': 0, 'obstacle_contact': 0, 'self_collision': 0}",nan,nan,0.1326257120661789,filtered,0,0,9,0,0,0,0,0,0.0,0.0,0.0,0.0,1.0,0.08120357647256599,0,1,1,0,0.043630423196683255,0.0,filtered,osqp optimal,4.5371954828762363e-08,0,1,12,workspace_z_lower,workspace_z_lower,,,0,0,1,solved,osqp,7.867915021493101e-11,valid,0.08120357647256599,0.9197986376041376,0|4.73416051e-08|8.16666907e-08|9.03903409e-08|1.00538248e-07|9.03413627e-08,,,,,,,,,,0.009731171070598066,0.003075763932429254,0.001186666078865528,0.0014681819593533874
162,8.15,-2.466594665195494,0.2690827548503876,0.8337456583976746,0.25719350576400757,0.17432209849357605,1.0,2,0,0,0,0,0,0,,0,0,,-1,-1,nan,not_applicable,,,nan,0,4.5371955081918713e-08,2.3714375071531542e-15,3.4901502658613026e-05,0.0,0.0,0.8337456298597004,0.8337456583976746,-2.8537974205988803e-08,0.0,3.1083932916675844e-08,0.0,2.2048167464797875e-08,-2.2048167464797875e-08,0.0,0,0,disabled,0.0,1,PLAN_FAILED,ik_not_found,0,0.3691161850001663,3.5339154581306502,0,0,0,0,-1,nan,nan,,,768,1,1,"{'solver_error': 0, 'short_solution': 0, 'duplicate': 0, 'goal_error': 768, 'joint_limit': 0, 'workspace': 0, 'obstacle_clearance': 0, 'obstacle_contact': 0, 'self_collision': 0}",nan,nan,0.04537195482876236,filtered,0,0,9,0,0,0,0,0,0.0,0.0,0.0,0.0,1.0,0.08120358118991353,0,1,1,0,0.043630423196683255,0.0,filtered,osqp optimal,4.53719547726015e-08,0,1,12,workspace_z_lower,workspace_z_lower,,,0,0,1,solved,osqp,7.867914838274581e-11,valid,0.08120358118991353,0.9197986377722374,0|1.65300185e-08|2.83785421e-08|3.13941298e-08|3.49560966e-08|3.13953674e-08,,,,,,,,,,0.010320342029444873,0.0023317489540204406,0.0016682649729773402,0.0017456109635531902
163,8.200000000000001,-2.466594665195494,0.2690827548503876,0.8337456583976746,0.25719350576400757,0.17432209849357605,1.0,2,0,0,0,0,0,0,,0,0,,-1,-1,nan,not_applicable,,,nan,0,4.5371955081918713e-08,5.551115123125783e-16,4.4754520591881383e-14,0.0,0.0,0.8337456298597004,0.8337456583976746,-2.8537974205988803e-08,0.0,3.1083932935201964e-08,0.0,2.2048167467366754e-08,-2.2048167467366754e-08,0.0,0,0,disabled,0.0,1,PLAN_FAILED,ik_not_found,0,0.3691161850001663,3.5339154581306502,0,0,0,0,-1,nan,nan,,,768,1,1,"{'solver_error': 0, 'short_solution': 0, 'duplicate': 0, 'goal_error': 768, 'joint_limit': 0, 'workspace': 0, 'obstacle_clearance': 0, 'obstacle_contact': 0, 'self_collision': 0}",nan,nan,0.0453719547726015,filtered,0,0,9,0,0,0,0,0,0.0,0.0,0.0,0.0,1.0,0.08120358120857127,0,1,1,0,0.043630423196683255,0.0,filtered,osqp optimal,4.5371954733523216e-08,0,1,12,workspace_z_lower,workspace_z_lower,,,0,0,1,solved,osqp,7.867914771501915e-11,valid,0.08120358120857127,0.9197986378718509,0|1.63118706e-08|2.80913438e-08|3.10865782e-08|3.45896304e-08|3.1076062e-08,,,,,,,,,,0.011287222034297884,0.003382715047337115,0.001221221056766808,0.0015131020918488503
164,8.25,-2.466594665195494,0.2690827548503876,0.8337456583976746,0.25719350576400757,0.17432209849357605,1.0,2,0,0,0,0,0,0,,0,0,,-1,-1,nan,not_applicable,,,nan,0,4.5371951529205035e-08,3.788658094389975e-14,7.542261086512791e-13,0.0,0.0,0.8337456298597004,0.8337456583976746,-2.8537974205988803e-08,0.0,3.108393289760097e-08,0.0,2.2048167480359373e-08,-2.2048167480359373e-08,0.0,0,0,disabled,0.0,1,PLAN_FAILED,ik_not_found,0,0.3691161850001663,3.5339154581306502,0,0,0,0,-1,nan,nan,,,768,1,1,"{'solver_error': 0, 'short_solution': 0, 'duplicate': 0, 'goal_error': 768, 'joint_limit': 0, 'workspace': 0, 'obstacle_clearance': 0, 'obstacle_contact': 0, 'self_collision': 0}",nan,nan,0.04537195473352322,filtered,0,0,9,0,0,0,0,0,0.0,0.0,0.0,0.0,1.0,0.08120358120372256,0,1,1,0,0.043630423196683255,0.0,filtered,osqp optimal,4.537195387973924e-08,0,1,12,workspace_z_lower,workspace_z_lower,,,0,0,1,solved,osqp,7.867914385558631e-11,valid,0.08120358120372256,0.919798637971264,0|1.63107442e-08|2.80898612e-08|3.10849906e-08|3.4587735e-08|3.10744129e-08,,,,,,,,,,0.008749742992222309,0.0023185410536825657,0.0011696059955284,0.0014646180206909776
165,8.3,-2.466594665195494,0.2690827548503876,0.8337456583976746,0.25719350576400757,0.17432209849357605,1.0,2,0,0,0,0,0,0,,0,0,,-1,-1,nan,not_applicable,,,nan,0,4.5371951529205035e-08,5.551115123125783e-16,7.542261086512791e-13,0.0,0.0,0.8337456298597004,0.8337456583976746,-2.8537974205988803e-08,0.0,3.108393291607935e-08,0.0,2.2048167482910563e-08,-2.2048167482910563e-08,0.0,0,0,disabled,0.0,1,PLAN_FAILED,ik_not_found,0,0.3691161850001663,3.5339154581306502,0,0,0,0,-1,nan,nan,,,768,1,1,"{'solver_error': 0, 'short_solution': 0, 'duplicate': 0, 'goal_error': 768, 'joint_limit': 0, 'workspace': 0, 'obstacle_clearance': 0, 'obstacle_contact': 0, 'self_collision': 0}",nan,nan,0.04537195387973924,filtered,0,0,9,0,0,0,0,0,0.0,0.0,0.0,0.0,1.0,0.08120358119875251,0,1,1,0,0.043630423196683255,0.0,filtered,osqp optimal,4.5371953840742754e-08,0,1,12,workspace_z_lower,workspace_z_lower,,,0,0,1,solved,osqp,7.867914319354404e-11,valid,0.08120358119875251,0.919798638070675,0|1.63107396e-08|2.80898548e-08|3.10849836e-08|3.45877265e-08|3.10744054e-08,,,,,,,,,,0.00875789497513324,0.00229361595120281,0.0012204849626868963,0.0014690770767629147
166,8.35,-2.466594665195494,0.2690827548503876,0.8337456583976746,0.25719350576400757,0.17432209849357605,1.0,2,0,0,0,0,0,0,,0,0,,-1,-1,nan,not_applicable,,,nan,0,4.5371951529205035e-08,5.551115123125783e-16,0.0,0.0,0.0,0.8337456298597004,0.8337456583976746,-2.8537974205988803e-08,0.0,3.108393293455772e-08,0.0,2.204816748546175e-08,-2.204816748546175e-08,0.0,0,0,disabled,0.0,1,PLAN_FAILED,ik_not_found,0,0.3691161850001663,3.5339154581306502,0,0,0,0,-1,nan,nan,,,768,1,1,"{'solver_error': 0, 'short_solution': 0, 'duplicate': 0, 'goal_error': 768, 'joint_limit': 0, 'workspace': 0, 'obstacle_clearance': 0, 'obstacle_contact': 0, 'self_collision': 0}",nan,nan,0.04537195384074275,filtered,0,0,9,0,0,0,0,0,0.0,0.0,0.0,0.0,1.0,0.08120358119378196,0,1,1,0,0.043630423196683255,0.0,filtered,osqp optimal,4.537195380174622e-08,0,1,12,workspace_z_lower,workspace_z_lower,,,0,0,1,solved,osqp,7.867914253154809e-11,valid,0.08120358119378196,0.9197986381700859,0|1.63107396e-08|2.80898548e-08|3.10849836e-08|3.45877265e-08|3.10744054e-08,,,,,,,,,,0.008865944924764335,0.002346971072256565,0.0011985109886154532,0.0014904190320521593
167,8.4,-2.466594665195494,0.2690827548503876,0.8337456583976746,0.25719350576400757,0.17432209849357605,1.0,2,0,0,0,0,0,0,,0,0,,-1,-1,nan,not_applicable,,,nan,0,4.5371955081918713e-08,3.553147359669495e-14,7.105427357601002e-13,0.0,0.0,0.8337456298597004,0.8337456583976746,-2.8537974205988803e-08,0.0,3.108393364468492e-08,0.0,2.204816803204251e-08,-2.204816803204251e-08,0.0,0,0,disabled,0.0,1,PLAN_FAILED,ik_not_found,0,0.3691161850001663,3.5339154581306502,0,0,0,0,-1,nan,nan,,,768,1,1,"{'solver_error': 0, 'short_solution': 0, 'duplicate': 0, 'goal_error': 768, 'joint_limit': 0, 'workspace': 0, 'obstacle_clearance': 0, 'obstacle_contact': 0, 'self_collision': 0}",nan,nan,0.04537195380174622,filtered,0,0,9,0,0,0,0,0,0.0,0.0,0.0,0.0,1.0,0.08120358118881144,0,1,1,0,0.043630423196683255,0.0,filtered,osqp optimal,4.537195376274969e-08,0,1,12,workspace_z_lower,workspace_z_lower,,,0,0,1,solved,osqp,7.867914186953228e-11,valid,0.08120358118881144,0.9197986382694968,0|1.63107396e-08|2.80898548e-08|3.10849836e-08|3.45877265e-08|3.10744054e-08,,,,,,,,,,0.009137812070548534,0.0024395540822297335,0.0012614800361916423,0.0015468240017071366
168,8.450000000000001,-2.466594665195494,0.2690827548503876,0.8337456583976746,0.25719350576400757,0.17432209849357605,1.0,2,0,0,0,0,0,0,,0,0,,-1,-1,nan,not_applicable,,,nan,0,4.5371955081918713e-08,2.288783396885369e-15,7.11929159288166e-13,0.0,0.0,0.8337456298597004,0.8337456583976746,-2.8537974205988803e-08,0.0,3.108393366543418e-08,0.0,2.2048168030514594e-08,-2.2048168030514594e-08,0.0,0,0,disabled,0.0,1,PLAN_FAILED,ik_not_found,0,0.3691161850001663,3.5339154581306502,0,0,0,0,-1,nan,nan,,,768,1,1,"{'solver_error': 0, 'short_solution': 0, 'duplicate': 0, 'goal_error': 768, 'joint_limit': 0, 'workspace': 0, 'obstacle_clearance': 0, 'obstacle_contact': 0, 'self_collision': 0}",nan,nan,0.04537195376274969,filtered,0,0,9,0,0,0,0,0,0.0,0.0,0.0,0.0,1.0,0.0812035854645527,0,1,1,0,0.043630423196683255,0.0,filtered,osqp optimal,4.537195372640523e-08,0,1,12,workspace_z_lower,workspace_z_lower,,,0,0,1,solved,osqp,7.8679139400418e-11,valid,0.0812035854645527,0.9197986383689085,0|1.63107394e-08|2.80898565e-08|3.10849842e-08|3.45877273e-08|3.10744061e-08,,,,,,,,,,0.014128627022728324,0.004715684917755425,0.001236825017258525,0.001581604010425508
169,8.5,-2.466594665195494,0.2690827548503876,0.8337456583976746,0.25719350576400757,0.17432209849357605,1.0,2,0,0,0,0,0,0,,0,0,,-1,-1,nan,not_applicable,,,nan,0,4.5371955081918713e-08,2.7755575615628914e-16,4.4754520591881383e-14,0.0,0.0,0.8337456298597004,0.8337456583976746,-2.8537974205988803e-08,0.0,3.108393368370982e-08,0.0,2.2048168032713525e-08,-2.2048168032713525e-08,0.0,0,0,disabled,0.0,1,PLAN_FAILED,ik_not_found,0,0.3691161850001663,3.5339154581306502,0,0,0,0,-1,nan,nan,,,768,1,1,"{'solver_error': 0, 'short_solution': 0, 'duplicate': 0, 'goal_error': 768, 'joint_limit': 0, 'workspace': 0, 'obstacle_clearance': 0, 'obstacle_contact': 0, 'self_collision': 0}",nan,nan,0.045371953726405234,filtered,0,0,9,0,0,0,0,0,0.0,0.0,0.0,0.0,1.0,0.08120358545958209,0,1,1,0,0.043630423196683255,0.0,filtered,osqp optimal,4.537195368735188e-08,0,1,12,workspace_z_lower,workspace_z_lower,,,0,0,1,solved,osqp,7.867913877708778e-11,valid,0.08120358545958209,0.9197986384683202,0|1.63107394e-08|2.80898565e-08|3.10849843e-08|3.45877273e-08|3.10744062e-08,,,,,,,,,,0.009393897955305874,0.002667766995728016,0.0011737849563360214,0.0015509279910475016
170,8.55,-2.466594665195494,0.2690827548503876,0.8337456583976746,0.25719350576400757,0.17432209849357605,1.0,2,0,0,0,0,0,0,,0,0,,-1,-1,nan,not_applicable,,,nan,0,0.0,9.074390732166648e-07,1.8148779417970218e-05,0.0,0.0,0.8337456298597004,0.8337456583976746,-2.8537974205988803e-08,0.0,0.0,0.0,0.0,0.0,0.0,0,0,disabled,0.0,1,PLAN_FAILED,ik_not_found,0,0.3691161850001663,3.5339154581306502,0,0,0,0,-1,nan,nan,,,768,1,1,"{'solver_error': 0, 'short_solution': 0, 'duplicate': 0, 'goal_error': 768, 'joint_limit': 0, 'workspace': 0, 'obstacle_clearance': 0, 'obstacle_contact': 0, 'self_collision': 0}",nan,nan,0.045371953687351876,filtered,0,0,9,0,0,0,0,0,0.0,0.0,0.0,0.0,1.0,0.08120358545461118,0,1,1,0,0.043630423196683255,0.0,passthrough,osqp optimal,0.0,0,1,12,workspace_z_lower,workspace_z_lower,,,0,0,1,solved,osqp,0.0,valid,0.08120358545461118,0.9197986385677318,0|1.63107394e-08|2.80898588e-08|3.10849872e-08|3.45877273e-08|3.10744062e-08,,,,,,,,,,0.00930349703412503,0.0024147230433300138,0.0012687520356848836,0.0015756270149722695
171,8.6,-2.466594665195494,0.2690827548503876,0.8337456583976746,0.25719350576400757,0.17432209849357605,1.0,2,0,0,0,0,0,0,,0,0,,-1,-1,nan,not_applicable,,,nan,0,0.0,0.0,1.8148779417970218e-05,0.0,0.0,0.8337456298597004,0.8337456583976746,-2.8537974205988803e-08,0.0,0.0,0.0,0.0,0.0,0.0,0,0,disabled,0.0,1,PLAN_FAILED,ik_not_found,0,0.3691161850001663,3.5339154581306502,0,0,0,0,-1,nan,nan,,,768,1,1,"{'solver_error': 0, 'short_solution': 0, 'duplicate': 0, 'goal_error': 768, 'joint_limit': 0, 'workspace': 0, 'obstacle_clearance': 0, 'obstacle_contact': 0, 'self_collision': 0}",nan,nan,0.0,passthrough,0,0,9,0,0,0,0,0,0.0,0.0,0.0,0.0,1.0,0.08120358792904064,0,1,1,0,0.043630423196683255,0.0,passthrough,osqp optimal,0.0,0,1,12,workspace_z_lower,workspace_z_lower,,,0,0,1,solved,osqp,0.0,valid,0.08120358792904064,0.9197986386036102,0|1.14929182e-10|1.54731761e-10|1.65604795e-10|1.9351385e-10|1.72650393e-10,,,,,,,,,,0.009229546994902194,0.0023976629599928856,0.0012412919895723462,0.0016033300198614597
172,8.65,-2.466594665195494,0.2690827548503876,0.8337456583976746,0.25719350576400757,0.17432209849357605,1.0,2,0,0,0,0,0,0,,0,0,,-1,-1,nan,not_applicable,,,nan,0,0.0,0.0,0.0,0.0,0.0,0.8337456298597004,0.8337456583976746,-2.8537974205988803e-08,0.0,0.0,0.0,0.0,0.0,0.0,0,0,disabled,0.0,1,PLAN_FAILED,ik_not_found,0,0.3691161850001663,3.5339154581306502,0,0,0,0,-1,nan,nan,,,768,1,1,"{'solver_error': 0, 'short_solution': 0, 'duplicate': 0, 'goal_error': 768, 'joint_limit': 0, 'workspace': 0, 'obstacle_clearance': 0, 'obstacle_contact': 0, 'self_collision': 0}",nan,nan,0.0,passthrough,0,0,9,0,0,0,0,0,0.0,0.0,0.0,0.0,1.0,0.08120358794142438,0,1,1,0,0.043630423196683255,0.0,passthrough,osqp optimal,0.0,0,1,12,workspace_z_lower,workspace_z_lower,,,0,0,1,solved,osqp,0.0,valid,0.08120358794142438,0.9197986386037164,0|5.92937297e-13|7.98250494e-13|8.54347414e-13|9.99973114e-13|8.91481801e-13,,,,,,,,,,0.009420413989573717,0.0024970179656520486,0.0013246299931779504,0.001524008926935494
173,8.700000000000001,-2.466594665195494,0.2690827548503876,0.8337456583976746,0.25719350576400757,0.17432209849357605,1.0,2,0,0,0,0,0,0,,0,0,,-1,-1,nan,not_applicable,,,nan,0,0.0,0.0,0.0,0.0,0.0,0.8337456298597004,0.8337456583976746,-2.8537974205988803e-08,0.0,0.0,0.0,0.0,0.0,0.0,0,0,disabled,0.0,1,PLAN_FAILED,ik_not_found,0,0.3691161850001663,3.5339154581306502,0,0,0,0,-1,nan,nan,,,768,1,1,"{'solver_error': 0, 'short_solution': 0, 'duplicate': 0, 'goal_error': 768, 'joint_limit': 0, 'workspace': 0, 'obstacle_clearance': 0, 'obstacle_contact': 0, 'self_collision': 0}",nan,nan,0.0,passthrough,0,0,9,0,0,0,0,0,0.0,0.0,0.0,0.0,1.0,0.08120358794148824,0,1,1,0,0.043630423196683255,0.0,passthrough,osqp optimal,0.0,0,1,12,workspace_z_lower,workspace_z_lower,,,0,0,1,solved,osqp,0.0,valid,0.08120358794148824,0.9197986386037169,0|3.07355742e-15|4.13781794e-15|4.42860279e-15|5.18356934e-15|4.62073471e-15,,,,,,,,,,0.009122875984758139,0.0023660219740122557,0.0012797790113836527,0.0014935830840840936
174,8.75,-2.466594665195494,0.2690827548503876,0.8337456583976746,0.25719350576400757,0.17432209849357605,1.0,2,0,0,0,0,0,0,,0,0,,-1,-1,nan,not_applicable,,,nan,0,0.0,0.0,0.0,0.0,0.0,0.8337456298597004,0.8337456583976746,-2.8537974205988803e-08,0.0,0.0,0.0,0.0,0.0,0.0,0,0,disabled,0.0,1,PLAN_FAILED,ik_not_found,0,0.3691161850001663,3.5339154581306502,0,0,0,0,-1,nan,nan,,,768,1,1,"{'solver_error': 0, 'short_solution': 0, 'duplicate': 0, 'goal_error': 768, 'joint_limit': 0, 'workspace': 0, 'obstacle_clearance': 0, 'obstacle_contact': 0, 'self_collision': 0}",nan,nan,0.0,passthrough,0,0,9,0,0,0,0,0,0.0,0.0,0.0,0.0,1.0,0.08120358794148858,0,1,1,0,0.043630423196683255,0.0,passthrough,osqp optimal,0.0,0,1,12,workspace_z_lower,workspace_z_lower,,,0,0,1,solved,osqp,0.0,valid,0.08120358794148858,0.9197986386037169,0|1.59310243e-17|2.14473573e-17|2.29545685e-17|2.68676736e-17|2.39504773e-17,,,,,,,,,,0.009900356060825288,0.0024073609383776784,0.0012251220177859068,0.0015320710372179747
175,8.8,-2.466594665195494,0.2690827548503876,0.8337456583976746,0.25719350576400757,0.17432209849357605,1.0,2,0,0,0,0,0,0,,0,0,,-1,-1,nan,not_applicable,,,nan,0,0.0,0.0,0.0,0.0,0.0,0.8337456298597004,0.8337456583976746,-2.8537974205988803e-08,0.0,0.0,0.0,0.0,0.0,0.0,0,0,disabled,0.0,1,PLAN_FAILED,ik_not_found,0,0.3691161850001663,3.5339154581306502,0,0,0,0,-1,nan,nan,,,768,1,1,"{'solver_error': 0, 'short_solution': 0, 'duplicate': 0, 'goal_error': 768, 'joint_limit': 0, 'workspace': 0, 'obstacle_clearance': 0, 'obstacle_contact': 0, 'self_collision': 0}",nan,nan,0.0,passthrough,0,0,9,0,0,0,0,0,0.0,0.0,0.0,0.0,1.0,0.08120358794148858,0,1,1,0,0.043630423196683255,0.0,passthrough,osqp optimal,0.0,0,1,12,workspace_z_lower,workspace_z_lower,,,0,0,1,solved,osqp,0.0,valid,0.08120358794148858,0.9197986386037169,0|8.25742204e-20|1.11166662e-19|1.1897889e-19|1.39261439e-19|1.24140923e-19,,,,,,,,,,0.009504201007075608,0.0025692778872326016,0.0012051950907334685,0.001858412055298686
176,8.85,-2.466594665195494,0.2690827548503876,0.8337456583976746,0.25719350576400757,0.17432209849357605,1.0,2,0,0,0,0,0,0,,0,0,,-1,-1,nan,not_applicable,,,nan,0,0.0,0.0,0.0,0.0,0.0,0.8337456298597004,0.8337456583976746,-2.8537974205988803e-08,0.0,0.0,0.0,0.0,0.0,0.0,0,0,disabled,0.0,1,PLAN_FAILED,ik_not_found,0,0.3691161850001663,3.5339154581306502,0,0,0,0,-1,nan,nan,,,768,1,1,"{'solver_error': 0, 'short_solution': 0, 'duplicate': 0, 'goal_error': 768, 'joint_limit': 0, 'workspace': 0, 'obstacle_clearance': 0, 'obstacle_contact': 0, 'self_collision': 0}",nan,nan,0.0,passthrough,0,0,9,0,0,0,0,0,0.0,0.0,0.0,0.0,1.0,0.08120358794148858,0,1,1,0,0.043630423196683255,0.0,passthrough,osqp optimal,0.0,0,1,12,workspace_z_lower,workspace_z_lower,,,0,0,1,solved,osqp,0.0,valid,0.08120358794148858,0.9197986386037169,0|4.28001588e-22|5.76202933e-22|6.16695546e-22|7.21824768e-22|6.43451574e-22,,,,,,,,,,0.009409924037754536,0.0023524980060756207,0.0015632979338988662,0.001609136932529509
177,8.9,-2.466594665195494,0.2690827548503876,0.8337456583976746,0.25719350576400757,0.17432209849357605,1.0,2,0,0,0,0,0,0,,0,0,,-1,-1,nan,not_applicable,,,nan,0,0.0,0.0,0.0,0.0,0.0,0.8337456298597004,0.8337456583976746,-2.8537974205988803e-08,0.0,0.0,0.0,0.0,0.0,0.0,0,0,disabled,0.0,1,PLAN_FAILED,ik_not_found,0,0.3691161850001663,3.5339154581306502,0,0,0,0,-1,nan,nan,,,768,1,1,"{'solver_error': 0, 'short_solution': 0, 'duplicate': 0, 'goal_error': 768, 'joint_limit': 0, 'workspace': 0, 'obstacle_clearance': 0, 'obstacle_contact': 0, 'self_collision': 0}",nan,nan,0.0,passthrough,0,0,9,0,0,0,0,0,0.0,0.0,0.0,0.0,1.0,0.08120358794148858,0,1,1,0,0.043630423196683255,0.0,passthrough,osqp optimal,0.0,0,1,12,workspace_z_lower,workspace_z_lower,,,0,0,1,solved,osqp,0.0,valid,0.08120358794148858,0.9197986386037169,0|2.21843272e-24|2.98659508e-24|3.19647781e-24|3.74138724e-24|3.33516059e-24,,,,,,,,,,0.009439619956538081,0.0023534150095656514,0.0015008560148999095,0.0015416869428008795
178,8.950000000000001,-2.466594665195494,0.2690827548503876,0.8337456583976746,0.25719350576400757,0.17432209849357605,1.0,2,0,0,0,0,0,0,,0,0,,-1,-1,nan,not_applicable,,,nan,0,0.0,0.0,0.0,0.0,0.0,0.8337456298597004,0.8337456583976746,-2.8537974205988803e-08,0.0,0.0,0.0,0.0,0.0,0.0,0,0,disabled,0.0,1,PLAN_FAILED,ik_not_found,0,0.3691161850001663,3.5339154581306502,0,0,0,0,-1,nan,nan,,,768,1,1,"{'solver_error': 0, 'short_solution': 0, 'duplicate': 0, 'goal_error': 768, 'joint_limit': 0, 'workspace': 0, 'obstacle_clearance': 0, 'obstacle_contact': 0, 'self_collision': 0}",nan,nan,0.0,passthrough,0,0,9,0,0,0,0,0,0.0,0.0,0.0,0.0,1.0,0.08120358794148858,0,1,1,0,0.043630423196683255,0.0,passthrough,osqp optimal,0.0,0,1,12,workspace_z_lower,workspace_z_lower,,,0,0,1,solved,osqp,0.0,valid,0.08120358794148858,0.9197986386037169,0|1.14986574e-26|1.54802232e-26|1.65680946e-26|1.93924882e-26|1.72869201e-26,,,,,,,,,,0.008802528027445078,0.0023251899983733892,0.0011470409808680415,0.0015438440022990108
179,9.0,-2.466594665195494,0.2690827548503876,0.8337456583976746,0.25719350576400757,0.17432209849357605,1.0,2,0,0,0,0,0,0,,0,0,,-1,-1,nan,not_applicable,,,nan,0,0.0,0.0,0.0,0.0,0.0,0.8337456298597004,0.8337456583976746,-2.8537974205988803e-08,0.0,0.0,0.0,0.0,0.0,0.0,0,0,disabled,0.0,1,PLAN_FAILED,ik_not_found,0,0.3691161850001663,3.5339154581306502,0,0,0,0,-1,nan,nan,,,768,1,1,"{'solver_error': 0, 'short_solution': 0, 'duplicate': 0, 'goal_error': 768, 'joint_limit': 0, 'workspace': 0, 'obstacle_clearance': 0, 'obstacle_contact': 0, 'self_collision': 0}",nan,nan,0.0,passthrough,0,0,9,0,0,0,0,0,0.0,0.0,0.0,0.0,1.0,0.08120358794148858,0,1,1,0,0.043630423196683255,0.0,passthrough,osqp optimal,0.0,0,1,12,workspace_z_lower,workspace_z_lower,,,0,0,1,solved,osqp,0.0,valid,0.08120358794148858,0.9197986386037169,0|5.96002459e-29|8.02376382e-29|8.58763315e-29|1.00515827e-28|8.96021717e-29,,,,,,,,,,0.009281300008296967,0.0023052309406921268,0.0012187439715489745,0.0015159581089392304
180,9.05,-2.466594903614074,0.26908281445503235,0.8337456583976746,0.25719350576400757,0.17432209849357605,1.0,2,0,0,0,0,0,0,,0,0,,-1,-1,nan,not_applicable,,,nan,0,1.3262571485483932e-07,2.652514012879692e-06,5.305028025759384e-05,0.0,0.0,0.8337456298597004,0.8337456583976746,-2.8537974205988803e-08,0.0,9.086072690877513e-08,0.0,6.444848993824794e-08,-6.444848993824794e-08,0.0,0,0,disabled,0.0,1,PLAN_FAILED,ik_not_found,0,0.27858176291920245,3.8124972210498527,0,0,0,0,-1,nan,nan,,,832,1,1,"{'solver_error': 0, 'short_solution': 0, 'duplicate': 0, 'goal_error': 832, 'joint_limit': 0, 'workspace': 0, 'obstacle_clearance': 0, 'obstacle_contact': 0, 'self_collision': 0}",nan,nan,0.0,passthrough,0,0,10,0,0,0,0,0,0.0,0.0,0.0,0.0,1.0,0.08120358794148858,0,1,1,0,0.043630423196683255,0.0,filtered,osqp optimal,1.326257120661789e-07,0,1,12,workspace_z_lower,workspace_z_lower,,,0,0,1,solved,osqp,2.2998519841469643e-10,valid,0.08120358794148858,0.9197986386037169,0|3.08922068e-31|4.15890517e-31|4.45117189e-31|5.2099713e-31|4.64429096e-31,,,,,,,,,,0.28758233203552663,0.0022903159260749817,0.001211942988447845,0.0015511090168729424
181,9.1,-2.466594665195494,0.2690827548503876,0.8337456583976746,0.25719350576400757,0.17432209849357605,1.0,2,0,0,0,0,0,0,,0,0,,-1,-1,nan,not_applicable,,,nan,0,4.5371955081918713e-08,1.7450751101932838e-06,8.795178291620687e-05,0.0,0.0,0.8337456298597004,0.8337456583976746,-2.8537974205988803e-08,0.0,3.108393288541055e-08,0.0,2.2048167461662854e-08,-2.2048167461662854e-08,0.0,0,0,disabled,0.0,1,PLAN_FAILED,ik_not_found,0,0.27858176291920245,3.8124972210498527,0,0,0,0,-1,nan,nan,,,832,1,1,"{'solver_error': 0, 'short_solution': 0, 'duplicate': 0, 'goal_error': 832, 'joint_limit': 0, 'workspace': 0, 'obstacle_clearance': 0, 'obstacle_contact': 0, 'self_collision': 0}",nan,nan,0.1326257120661789,filtered,0,0,10,0,0,0,0,0,0.0,0.0,0.0,0.0,1.0,0.08120357647256599,0,1,1,0,0.043630423196683255,0.0,filtered,osqp optimal,4.5371954828762363e-08,0,1,12,workspace_z_lower,workspace_z_lower,,,0,0,1,solved,osqp,7.867915021493101e-11,valid,0.08120357647256599,0.9197986376041376,0|4.73416051e-08|8.16666907e-08|9.03903409e-08|1.00538248e-07|9.03413627e-08,,,,,,,,,,0.00886483397334814,0.0023195099784061313,0.001242813072167337,0.001512069022282958
182,9.15,-2.466594665195494,0.2690827548503876,0.8337456583976746,0.25719350576400757,0.17432209849357605,1.0,2,0,0,0,0,0,0,,0,0,,-1,-1,nan,not_applicable,,,nan,0,4.5371955081918713e-08,2.3714375071531542e-15,3.4901502658613026e-05,0.0,0.0,0.8337456298597004,0.8337456583976746,-2.8537974205988803e-08,0.0,3.1083932916675844e-08,0.0,2.2048167464797875e-08,-2.2048167464797875e-08,0.0,0,0,disabled,0.0,1,PLAN_FAILED,ik_not_found,0,0.27858176291920245,3.8124972210498527,0,0,0,0,-1,nan,nan,,,832,1,1,"{'solver_error': 0, 'short_solution': 0, 'duplicate': 0, 'goal_error': 832, 'joint_limit': 0, 'workspace': 0, 'obstacle_clearance': 0, 'obstacle_contact': 0, 'self_collision': 0}",nan,nan,0.04537195482876236,filtered,0,0,10,0,0,0,0,0,0.0,0.0,0.0,0.0,1.0,0.08120358118991353,0,1,1,0,0.043630423196683255,0.0,filtered,osqp optimal,4.53719547726015e-08,0,1,12,workspace_z_lower,workspace_z_lower,,,0,0,1,solved,osqp,7.867914838274581e-11,valid,0.08120358118991353,0.9197986377722374,0|1.65300185e-08|2.83785421e-08|3.13941298e-08|3.49560966e-08|3.13953674e-08,,,,,,,,,,0.009073367924429476,0.0024046869948506355,0.0012368219904601574,0.0015206970274448395
183,9.200000000000001,-2.466594665195494,0.2690827548503876,0.8337456583976746,0.25719350576400757,0.17432209849357605,1.0,2,0,0,0,0,0,0,,0,0,,-1,-1,nan,not_applicable,,,nan,0,4.5371955081918713e-08,5.551115123125783e-16,4.4754520591881383e-14,0.0,0.0,0.8337456298597004,0.8337456583976746,-2.8537974205988803e-08,0.0,3.1083932935201964e-08,0.0,2.2048167467366754e-08,-2.2048167467366754e-08,0.0,0,0,disabled,0.0,1,PLAN_FAILED,ik_not_found,0,0.27858176291920245,3.8124972210498527,0,0,0,0,-1,nan,nan,,,832,1,1,"{'solver_error': 0, 'short_solution': 0, 'duplicate': 0, 'goal_error': 832, 'joint_limit': 0, 'workspace': 0, 'obstacle_clearance': 0, 'obstacle_contact': 0, 'self_collision': 0}",nan,nan,0.0453719547726015,filtered,0,0,10,0,0,0,0,0,0.0,0.0,0.0,0.0,1.0,0.08120358120857127,0,1,1,0,0.043630423196683255,0.0,filtered,osqp optimal,4.5371954733523216e-08,0,1,12,workspace_z_lower,workspace_z_lower,,,0,0,1,solved,osqp,7.867914771501915e-11,valid,0.08120358120857127,0.9197986378718509,0|1.63118706e-08|2.80913438e-08|3.10865782e-08|3.45896304e-08|3.1076062e-08,,,,,,,,,,0.009469571989029646,0.002545968978665769,0.0013082940131425858,0.001602784963324666
184,9.25,-2.466594665195494,0.2690827548503876,0.8337456583976746,0.25719350576400757,0.17432209849357605,1.0,2,0,0,0,0,0,0,,0,0,,-1,-1,nan,not_applicable,,,nan,0,4.5371951529205035e-08,3.788658094389975e-14,7.542261086512791e-13,0.0,0.0,0.8337456298597004,0.8337456583976746,-2.8537974205988803e-08,0.0,3.108393289760097e-08,0.0,2.2048167480359373e-08,-2.2048167480359373e-08,0.0,0,0,disabled,0.0,1,PLAN_FAILED,ik_not_found,0,0.27858176291920245,3.8124972210498527,0,0,0,0,-1,nan,nan,,,832,1,1,"{'solver_error': 0, 'short_solution': 0, 'duplicate': 0, 'goal_error': 832, 'joint_limit': 0, 'workspace': 0, 'obstacle_clearance': 0, 'obstacle_contact': 0, 'self_collision': 0}",nan,nan,0.04537195473352322,filtered,0,0,10,0,0,0,0,0,0.0,0.0,0.0,0.0,1.0,0.08120358120372256,0,1,1,0,0.043630423196683255,0.0,filtered,osqp optimal,4.537195387973924e-08,0,1,12,workspace_z_lower,workspace_z_lower,,,0,0,1,solved,osqp,7.867914385558631e-11,valid,0.08120358120372256,0.919798637971264,0|1.63107442e-08|2.80898612e-08|3.10849906e-08|3.4587735e-08|3.10744129e-08,,,,,,,,,,0.009294331073760986,0.002348153037019074,0.001344332005828619,0.0016663320129737258
185,9.3,-2.466594665195494,0.2690827548503876,0.8337456583976746,0.25719350576400757,0.17432209849357605,1.0,2,0,0,0,0,0,0,,0,0,,-1,-1,nan,not_applicable,,,nan,0,4.5371951529205035e-08,5.551115123125783e-16,7.542261086512791e-13,0.0,0.0,0.8337456298597004,0.8337456583976746,-2.8537974205988803e-08,0.0,3.108393291607935e-08,0.0,2.2048167482910563e-08,-2.2048167482910563e-08,0.0,0,0,disabled,0.0,1,PLAN_FAILED,ik_not_found,0,0.27858176291920245,3.8124972210498527,0,0,0,0,-1,nan,nan,,,832,1,1,"{'solver_error': 0, 'short_solution': 0, 'duplicate': 0, 'goal_error': 832, 'joint_limit': 0, 'workspace': 0, 'obstacle_clearance': 0, 'obstacle_contact': 0, 'self_collision': 0}",nan,nan,0.04537195387973924,filtered,0,0,10,0,0,0,0,0,0.0,0.0,0.0,0.0,1.0,0.08120358119875251,0,1,1,0,0.043630423196683255,0.0,filtered,osqp optimal,4.5371953840742754e-08,0,1,12,workspace_z_lower,workspace_z_lower,,,0,0,1,solved,osqp,7.867914319354404e-11,valid,0.08120358119875251,0.919798638070675,0|1.63107396e-08|2.80898548e-08|3.10849836e-08|3.45877265e-08|3.10744054e-08,,,,,,,,,,0.00946236599702388,0.0024243759689852595,0.0014941849512979388,0.0015617699827998877
186,9.35,-2.466594665195494,0.2690827548503876,0.8337456583976746,0.25719350576400757,0.17432209849357605,1.0,2,0,0,0,0,0,0,,0,0,,-1,-1,nan,not_applicable,,,nan,0,4.5371951529205035e-08,5.551115123125783e-16,0.0,0.0,0.0,0.8337456298597004,0.8337456583976746,-2.8537974205988803e-08,0.0,3.108393293455772e-08,0.0,2.204816748546175e-08,-2.204816748546175e-08,0.0,0,0,disabled,0.0,1,PLAN_FAILED,ik_not_found,0,0.27858176291920245,3.8124972210498527,0,0,0,0,-1,nan,nan,,,832,1,1,"{'solver_error': 0, 'short_solution': 0, 'duplicate': 0, 'goal_error': 832, 'joint_limit': 0, 'workspace': 0, 'obstacle_clearance': 0, 'obstacle_contact': 0, 'self_collision': 0}",nan,nan,0.04537195384074275,filtered,0,0,10,0,0,0,0,0,0.0,0.0,0.0,0.0,1.0,0.08120358119378196,0,1,1,0,0.043630423196683255,0.0,filtered,osqp optimal,4.537195380174622e-08,0,1,12,workspace_z_lower,workspace_z_lower,,,0,0,1,solved,osqp,7.867914253154809e-11,valid,0.08120358119378196,0.9197986381700859,0|1.63107396e-08|2.80898548e-08|3.10849836e-08|3.45877265e-08|3.10744054e-08,,,,,,,,,,0.009261896018870175,0.002434581983834505,0.0012313519837334752,0.0016025819350033998
187,9.4,-2.466594665195494,0.2690827548503876,0.8337456583976746,0.25719350576400757,0.17432209849357605,1.0,2,0,0,0,0,0,0,,0,0,,-1,-1,nan,not_applicable,,,nan,0,4.5371955081918713e-08,3.553147359669495e-14,7.105427357601002e-13,0.0,0.0,0.8337456298597004,0.8337456583976746,-2.8537974205988803e-08,0.0,3.108393364468492e-08,0.0,2.204816803204251e-08,-2.204816803204251e-08,0.0,0,0,disabled,0.0,1,PLAN_FAILED,ik_not_found,0,0.27858176291920245,3.8124972210498527,0,0,0,0,-1,nan,nan,,,832,1,1,"{'solver_error': 0, 'short_solution': 0, 'duplicate': 0, 'goal_error': 832, 'joint_limit': 0, 'workspace': 0, 'obstacle_clearance': 0, 'obstacle_contact': 0, 'self_collision': 0}",nan,nan,0.04537195380174622,filtered,0,0,10,0,0,0,0,0,0.0,0.0,0.0,0.0,1.0,0.08120358118881144,0,1,1,0,0.043630423196683255,0.0,filtered,osqp optimal,4.537195376274969e-08,0,1,12,workspace_z_lower,workspace_z_lower,,,0,0,1,solved,osqp,7.867914186953228e-11,valid,0.08120358118881144,0.9197986382694968,0|1.63107396e-08|2.80898548e-08|3.10849836e-08|3.45877265e-08|3.10744054e-08,,,,,,,,,,0.00969425099901855,0.0026295100105926394,0.001241530990228057,0.0016245649894699454
188,9.450000000000001,-2.466594665195494,0.2690827548503876,0.8337456583976746,0.25719350576400757,0.17432209849357605,1.0,2,0,0,0,0,0,0,,0,0,,-1,-1,nan,not_applicable,,,nan,0,4.5371955081918713e-08,2.288783396885369e-15,7.11929159288166e-13,0.0,0.0,0.8337456298597004,0.8337456583976746,-2.8537974205988803e-08,0.0,3.108393366543418e-08,0.0,2.2048168030514594e-08,-2.2048168030514594e-08,0.0,0,0,disabled,0.0,1,PLAN_FAILED,ik_not_found,0,0.27858176291920245,3.8124972210498527,0,0,0,0,-1,nan,nan,,,832,1,1,"{'solver_error': 0, 'short_solution': 0, 'duplicate': 0, 'goal_error': 832, 'joint_limit': 0, 'workspace': 0, 'obstacle_clearance': 0, 'obstacle_contact': 0, 'self_collision': 0}",nan,nan,0.04537195376274969,filtered,0,0,10,0,0,0,0,0,0.0,0.0,0.0,0.0,1.0,0.0812035854645527,0,1,1,0,0.043630423196683255,0.0,filtered,osqp optimal,4.537195372640523e-08,0,1,12,workspace_z_lower,workspace_z_lower,,,0,0,1,solved,osqp,7.8679139400418e-11,valid,0.0812035854645527,0.9197986383689085,0|1.63107394e-08|2.80898565e-08|3.10849842e-08|3.45877273e-08|3.10744061e-08,,,,,,,,,,0.0092799779959023,0.0024328819708898664,0.0012873149244114757,0.0015878319973126054
189,9.5,-2.466594665195494,0.2690827548503876,0.8337456583976746,0.25719350576400757,0.17432209849357605,1.0,2,0,0,0,0,0,0,,0,0,,-1,-1,nan,not_applicable,,,nan,0,4.5371955081918713e-08,2.7755575615628914e-16,4.4754520591881383e-14,0.0,0.0,0.8337456298597004,0.8337456583976746,-2.8537974205988803e-08,0.0,3.108393368370982e-08,0.0,2.2048168032713525e-08,-2.2048168032713525e-08,0.0,0,0,disabled,0.0,1,PLAN_FAILED,ik_not_found,0,0.27858176291920245,3.8124972210498527,0,0,0,0,-1,nan,nan,,,832,1,1,"{'solver_error': 0, 'short_solution': 0, 'duplicate': 0, 'goal_error': 832, 'joint_limit': 0, 'workspace': 0, 'obstacle_clearance': 0, 'obstacle_contact': 0, 'self_collision': 0}",nan,nan,0.045371953726405234,filtered,0,0,10,0,0,0,0,0,0.0,0.0,0.0,0.0,1.0,0.08120358545958209,0,1,1,0,0.043630423196683255,0.0,filtered,osqp optimal,4.537195368735188e-08,0,1,12,workspace_z_lower,workspace_z_lower,,,0,0,1,solved,osqp,7.867913877708778e-11,valid,0.08120358545958209,0.9197986384683202,0|1.63107394e-08|2.80898565e-08|3.10849843e-08|3.45877273e-08|3.10744062e-08,,,,,,,,,,0.01065466005820781,0.0024850419722497463,0.0013861689949408174,0.0025852819671854377
190,9.55,-2.466594665195494,0.2690827548503876,0.8337456583976746,0.25719350576400757,0.17432209849357605,1.0,2,0,0,0,0,0,0,,0,0,,-1,-1,nan,not_applicable,,,nan,0,0.0,9.074390732166648e-07,1.8148779417970218e-05,0.0,0.0,0.8337456298597004,0.8337456583976746,-2.8537974205988803e-08,0.0,0.0,0.0,0.0,0.0,0.0,0,0,disabled,0.0,1,PLAN_FAILED,ik_not_found,0,0.27858176291920245,3.8124972210498527,0,0,0,0,-1,nan,nan,,,832,1,1,"{'solver_error': 0, 'short_solution': 0, 'duplicate': 0, 'goal_error': 832, 'joint_limit': 0, 'workspace': 0, 'obstacle_clearance': 0, 'obstacle_contact': 0, 'self_collision': 0}",nan,nan,0.045371953687351876,filtered,0,0,10,0,0,0,0,0,0.0,0.0,0.0,0.0,1.0,0.08120358545461118,0,1,1,0,0.043630423196683255,0.0,passthrough,osqp optimal,0.0,0,1,12,workspace_z_lower,workspace_z_lower,,,0,0,1,solved,osqp,0.0,valid,0.08120358545461118,0.9197986385677318,0|1.63107394e-08|2.80898588e-08|3.10849872e-08|3.45877273e-08|3.10744062e-08,,,,,,,,,,0.009641083073802292,0.0024510109797120094,0.001327848993241787,0.0015730069717392325
191,9.600000000000001,-2.466594665195494,0.2690827548503876,0.8337456583976746,0.25719350576400757,0.17432209849357605,1.0,2,0,0,0,0,0,0,,0,0,,-1,-1,nan,not_applicable,,,nan,0,0.0,0.0,1.8148779417970218e-05,0.0,0.0,0.8337456298597004,0.8337456583976746,-2.8537974205988803e-08,0.0,0.0,0.0,0.0,0.0,0.0,0,0,disabled,0.0,1,PLAN_FAILED,ik_not_found,0,0.27858176291920245,3.8124972210498527,0,0,0,0,-1,nan,nan,,,832,1,1,"{'solver_error': 0, 'short_solution': 0, 'duplicate': 0, 'goal_error': 832, 'joint_limit': 0, 'workspace': 0, 'obstacle_clearance': 0, 'obstacle_contact': 0, 'self_collision': 0}",nan,nan,0.0,passthrough,0,0,10,0,0,0,0,0,0.0,0.0,0.0,0.0,1.0,0.08120358792904064,0,1,1,0,0.043630423196683255,0.0,passthrough,osqp optimal,0.0,0,1,12,workspace_z_lower,workspace_z_lower,,,0,0,1,solved,osqp,0.0,valid,0.08120358792904064,0.9197986386036102,0|1.14929182e-10|1.54731761e-10|1.65604795e-10|1.9351385e-10|1.72650393e-10,,,,,,,,,,0.009440205059945583,0.002596899983473122,0.0012153669958934188,0.0015735459746792912
192,9.65,-2.466594665195494,0.2690827548503876,0.8337456583976746,0.25719350576400757,0.17432209849357605,1.0,2,0,0,0,0,0,0,,0,0,,-1,-1,nan,not_applicable,,,nan,0,0.0,0.0,0.0,0.0,0.0,0.8337456298597004,0.8337456583976746,-2.8537974205988803e-08,0.0,0.0,0.0,0.0,0.0,0.0,0,0,disabled,0.0,1,PLAN_FAILED,ik_not_found,0,0.27858176291920245,3.8124972210498527,0,0,0,0,-1,nan,nan,,,832,1,1,"{'solver_error': 0, 'short_solution': 0, 'duplicate': 0, 'goal_error': 832, 'joint_limit': 0, 'workspace': 0, 'obstacle_clearance': 0, 'obstacle_contact': 0, 'self_collision': 0}",nan,nan,0.0,passthrough,0,0,10,0,0,0,0,0,0.0,0.0,0.0,0.0,1.0,0.08120358794142438,0,1,1,0,0.043630423196683255,0.0,passthrough,osqp optimal,0.0,0,1,12,workspace_z_lower,workspace_z_lower,,,0,0,1,solved,osqp,0.0,valid,0.08120358794142438,0.9197986386037164,0|5.92937297e-13|7.98250494e-13|8.54347414e-13|9.99973114e-13|8.91481801e-13,,,,,,,,,,0.010128395981155336,0.0025343780871480703,0.001227785018272698,0.001941156922839582
193,9.700000000000001,-2.466594665195494,0.2690827548503876,0.8337456583976746,0.25719350576400757,0.17432209849357605,1.0,2,0,0,0,0,0,0,,0,0,,-1,-1,nan,not_applicable,,,nan,0,0.0,0.0,0.0,0.0,0.0,0.8337456298597004,0.8337456583976746,-2.8537974205988803e-08,0.0,0.0,0.0,0.0,0.0,0.0,0,0,disabled,0.0,1,PLAN_FAILED,ik_not_found,0,0.27858176291920245,3.8124972210498527,0,0,0,0,-1,nan,nan,,,832,1,1,"{'solver_error': 0, 'short_solution': 0, 'duplicate': 0, 'goal_error': 832, 'joint_limit': 0, 'workspace': 0, 'obstacle_clearance': 0, 'obstacle_contact': 0, 'self_collision': 0}",nan,nan,0.0,passthrough,0,0,10,0,0,0,0,0,0.0,0.0,0.0,0.0,1.0,0.08120358794148824,0,1,1,0,0.043630423196683255,0.0,passthrough,osqp optimal,0.0,0,1,12,workspace_z_lower,workspace_z_lower,,,0,0,1,solved,osqp,0.0,valid,0.08120358794148824,0.9197986386037169,0|3.07355742e-15|4.13781794e-15|4.42860279e-15|5.18356934e-15|4.62073471e-15,,,,,,,,,,0.011146761011332273,0.002401478006504476,0.002462112926878035,0.0022312600631266832
194,9.75,-2.466594665195494,0.2690827548503876,0.8337456583976746,0.25719350576400757,0.17432209849357605,1.0,2,0,0,0,0,0,0,,0,0,,-1,-1,nan,not_applicable,,,nan,0,0.0,0.0,0.0,0.0,0.0,0.8337456298597004,0.8337456583976746,-2.8537974205988803e-08,0.0,0.0,0.0,0.0,0.0,0.0,0,0,disabled,0.0,1,PLAN_FAILED,ik_not_found,0,0.27858176291920245,3.8124972210498527,0,0,0,0,-1,nan,nan,,,832,1,1,"{'solver_error': 0, 'short_solution': 0, 'duplicate': 0, 'goal_error': 832, 'joint_limit': 0, 'workspace': 0, 'obstacle_clearance': 0, 'obstacle_contact': 0, 'self_collision': 0}",nan,nan,0.0,passthrough,0,0,10,0,0,0,0,0,0.0,0.0,0.0,0.0,1.0,0.08120358794148858,0,1,1,0,0.043630423196683255,0.0,passthrough,osqp optimal,0.0,0,1,12,workspace_z_lower,workspace_z_lower,,,0,0,1,solved,osqp,0.0,valid,0.08120358794148858,0.9197986386037169,0|1.59310243e-17|2.14473573e-17|2.29545685e-17|2.68676736e-17|2.39504773e-17,,,,,,,,,,0.009349284926429391,0.002390350913628936,0.0012093900004401803,0.0018368089804425836
195,9.8,-2.466594665195494,0.2690827548503876,0.8337456583976746,0.25719350576400757,0.17432209849357605,1.0,2,0,0,0,0,0,0,,0,0,,-1,-1,nan,not_applicable,,,nan,0,0.0,0.0,0.0,0.0,0.0,0.8337456298597004,0.8337456583976746,-2.8537974205988803e-08,0.0,0.0,0.0,0.0,0.0,0.0,0,0,disabled,0.0,1,PLAN_FAILED,ik_not_found,0,0.27858176291920245,3.8124972210498527,0,0,0,0,-1,nan,nan,,,832,1,1,"{'solver_error': 0, 'short_solution': 0, 'duplicate': 0, 'goal_error': 832, 'joint_limit': 0, 'workspace': 0, 'obstacle_clearance': 0, 'obstacle_contact': 0, 'self_collision': 0}",nan,nan,0.0,passthrough,0,0,10,0,0,0,0,0,0.0,0.0,0.0,0.0,1.0,0.08120358794148858,0,1,1,0,0.043630423196683255,0.0,passthrough,osqp optimal,0.0,0,1,12,workspace_z_lower,workspace_z_lower,,,0,0,1,solved,osqp,0.0,valid,0.08120358794148858,0.9197986386037169,0|8.25742204e-20|1.11166662e-19|1.1897889e-19|1.39261439e-19|1.24140923e-19,,,,,,,,,,0.009909847052767873,0.0028806960908696055,0.0012333920458331704,0.0017543230205774307
196,9.850000000000001,-2.466594665195494,0.2690827548503876,0.8337456583976746,0.25719350576400757,0.17432209849357605,1.0,2,0,0,0,0,0,0,,0,0,,-1,-1,nan,not_applicable,,,nan,0,0.0,0.0,0.0,0.0,0.0,0.8337456298597004,0.8337456583976746,-2.8537974205988803e-08,0.0,0.0,0.0,0.0,0.0,0.0,0,0,disabled,0.0,1,PLAN_FAILED,ik_not_found,0,0.27858176291920245,3.8124972210498527,0,0,0,0,-1,nan,nan,,,832,1,1,"{'solver_error': 0, 'short_solution': 0, 'duplicate': 0, 'goal_error': 832, 'joint_limit': 0, 'workspace': 0, 'obstacle_clearance': 0, 'obstacle_contact': 0, 'self_collision': 0}",nan,nan,0.0,passthrough,0,0,10,0,0,0,0,0,0.0,0.0,0.0,0.0,1.0,0.08120358794148858,0,1,1,0,0.043630423196683255,0.0,passthrough,osqp optimal,0.0,0,1,12,workspace_z_lower,workspace_z_lower,,,0,0,1,solved,osqp,0.0,valid,0.08120358794148858,0.9197986386037169,0|4.28001588e-22|5.76202933e-22|6.16695546e-22|7.21824768e-22|6.43451574e-22,,,,,,,,,,0.009858100092969835,0.0024772929027676582,0.0011836719932034612,0.0017624340252950788
197,9.9,-2.466594665195494,0.2690827548503876,0.8337456583976746,0.25719350576400757,0.17432209849357605,1.0,2,0,0,0,0,0,0,,0,0,,-1,-1,nan,not_applicable,,,nan,0,0.0,0.0,0.0,0.0,0.0,0.8337456298597004,0.8337456583976746,-2.8537974205988803e-08,0.0,0.0,0.0,0.0,0.0,0.0,0,0,disabled,0.0,1,PLAN_FAILED,ik_not_found,0,0.27858176291920245,3.8124972210498527,0,0,0,0,-1,nan,nan,,,832,1,1,"{'solver_error': 0, 'short_solution': 0, 'duplicate': 0, 'goal_error': 832, 'joint_limit': 0, 'workspace': 0, 'obstacle_clearance': 0, 'obstacle_contact': 0, 'self_collision': 0}",nan,nan,0.0,passthrough,0,0,10,0,0,0,0,0,0.0,0.0,0.0,0.0,1.0,0.08120358794148858,0,1,1,0,0.043630423196683255,0.0,passthrough,osqp optimal,0.0,0,1,12,workspace_z_lower,workspace_z_lower,,,0,0,1,solved,osqp,0.0,valid,0.08120358794148858,0.9197986386037169,0|2.21843272e-24|2.98659508e-24|3.19647781e-24|3.74138724e-24|3.33516059e-24,,,,,,,,,,0.009245297987945378,0.0023327700328081846,0.001208767993375659,0.0017925860593095422
198,9.950000000000001,-2.466594665195494,0.2690827548503876,0.8337456583976746,0.25719350576400757,0.17432209849357605,1.0,2,0,0,0,0,0,0,,0,0,,-1,-1,nan,not_applicable,,,nan,0,0.0,0.0,0.0,0.0,0.0,0.8337456298597004,0.8337456583976746,-2.8537974205988803e-08,0.0,0.0,0.0,0.0,0.0,0.0,0,0,disabled,0.0,1,PLAN_FAILED,ik_not_found,0,0.27858176291920245,3.8124972210498527,0,0,0,0,-1,nan,nan,,,832,1,1,"{'solver_error': 0, 'short_solution': 0, 'duplicate': 0, 'goal_error': 832, 'joint_limit': 0, 'workspace': 0, 'obstacle_clearance': 0, 'obstacle_contact': 0, 'self_collision': 0}",nan,nan,0.0,passthrough,0,0,10,0,0,0,0,0,0.0,0.0,0.0,0.0,1.0,0.08120358794148858,0,1,1,0,0.043630423196683255,0.0,passthrough,osqp optimal,0.0,0,1,12,workspace_z_lower,workspace_z_lower,,,0,0,1,solved,osqp,0.0,valid,0.08120358794148858,0.9197986386037169,0|1.14986574e-26|1.54802232e-26|1.65680946e-26|1.93924882e-26|1.72869201e-26,,,,,,,,,,0.009218081017024815,0.002342337043955922,0.0012478050775825977,0.0017296610167250037
199,10.0,-2.466594665195494,0.2690827548503876,0.8337456583976746,0.25719350576400757,0.17432209849357605,1.0,2,0,0,0,0,0,0,,0,0,,-1,-1,nan,not_applicable,,,nan,0,0.0,0.0,0.0,0.0,0.0,0.8337456298597004,0.8337456583976746,-2.8537974205988803e-08,0.0,0.0,0.0,0.0,0.0,0.0,0,0,disabled,0.0,1,PLAN_FAILED,ik_not_found,0,0.27858176291920245,3.8124972210498527,0,0,0,0,-1,nan,nan,,,832,1,1,"{'solver_error': 0, 'short_solution': 0, 'duplicate': 0, 'goal_error': 832, 'joint_limit': 0, 'workspace': 0, 'obstacle_clearance': 0, 'obstacle_contact': 0, 'self_collision': 0}",nan,nan,0.0,passthrough,0,0,10,0,0,0,0,0,0.0,0.0,0.0,0.0,1.0,0.08120358794148858,0,1,1,0,0.043630423196683255,0.0,passthrough,osqp optimal,0.0,0,1,12,workspace_z_lower,workspace_z_lower,,,0,0,1,solved,osqp,0.0,valid,0.08120358794148858,0.9197986386037169,0|5.96002459e-29|8.02376382e-29|8.58763315e-29|1.00515827e-28|8.96021717e-29,,,,,,,,,,0.009747045929543674,0.0026431300211697817,0.0012130640679970384,0.0017644810723140836
200,10.05,-2.466594903614074,0.26908281445503235,0.8337456583976746,0.25719350576400757,0.17432209849357605,1.0,2,0,0,0,0,0,0,,0,0,,-1,-1,nan,not_applicable,,,nan,0,1.3262571485483932e-07,2.652514012879692e-06,5.305028025759384e-05,0.0,0.0,0.8337456298597004,0.8337456583976746,-2.8537974205988803e-08,0.0,9.086072690877513e-08,0.0,6.444848993824794e-08,-6.444848993824794e-08,0.0,0,0,disabled,0.0,1,PLAN_FAILED,ik_not_found,0,0.2763110980158672,4.08880831906572,0,0,0,0,-1,nan,nan,,,896,1,1,"{'solver_error': 0, 'short_solution': 0, 'duplicate': 0, 'goal_error': 896, 'joint_limit': 0, 'workspace': 0, 'obstacle_clearance': 0, 'obstacle_contact': 0, 'self_collision': 0}",nan,nan,0.0,passthrough,0,0,11,0,0,0,0,0,0.0,0.0,0.0,0.0,1.0,0.08120358794148858,0,1,1,0,0.043630423196683255,0.0,filtered,osqp optimal,1.326257120661789e-07,0,1,12,workspace_z_lower,workspace_z_lower,,,0,0,1,solved,osqp,2.2998519841469643e-10,valid,0.08120358794148858,0.9197986386037169,0|3.08922068e-31|4.15890517e-31|4.45117189e-31|5.2099713e-31|4.64429096e-31,,,,,,,,,,0.28582838806323707,0.002448188024573028,0.0012578200548887253,0.0017014479963108897
201,10.100000000000001,-2.466594665195494,0.2690827548503876,0.8337456583976746,0.25719350576400757,0.17432209849357605,1.0,2,0,0,0,0,0,0,,0,0,,-1,-1,nan,not_applicable,,,nan,0,4.5371955081918713e-08,1.7450751101932838e-06,8.795178291620687e-05,0.0,0.0,0.8337456298597004,0.8337456583976746,-2.8537974205988803e-08,0.0,3.108393288541055e-08,0.0,2.2048167461662854e-08,-2.2048167461662854e-08,0.0,0,0,disabled,0.0,1,PLAN_FAILED,ik_not_found,0,0.2763110980158672,4.08880831906572,0,0,0,0,-1,nan,nan,,,896,1,1,"{'solver_error': 0, 'short_solution': 0, 'duplicate': 0, 'goal_error': 896, 'joint_limit': 0, 'workspace': 0, 'obstacle_clearance': 0, 'obstacle_contact': 0, 'self_collision': 0}",nan,nan,0.1326257120661789,filtered,0,0,11,0,0,0,0,0,0.0,0.0,0.0,0.0,1.0,0.08120357647256599,0,1,1,0,0.043630423196683255,0.0,filtered,osqp optimal,4.5371954828762363e-08,0,1,12,workspace_z_lower,workspace_z_lower,,,0,0,1,solved,osqp,7.867915021493101e-11,valid,0.08120357647256599,0.9197986376041376,0|4.73416051e-08|8.16666907e-08|9.03903409e-08|1.00538248e-07|9.03413627e-08,,,,,,,,,,0.00951918598730117,0.0023849409772083163,0.0012144660577178001,0.0015916399424895644
202,10.15,-2.466594665195494,0.2690827548503876,0.8337456583976746,0.25719350576400757,0.17432209849357605,1.0,2,0,0,0,0,0,0,,0,0,,-1,-1,nan,not_applicable,,,nan,0,4.5371955081918713e-08,2.3714375071531542e-15,3.4901502658613026e-05,0.0,0.0,0.8337456298597004,0.8337456583976746,-2.8537974205988803e-08,0.0,3.1083932916675844e-08,0.0,2.2048167464797875e-08,-2.2048167464797875e-08,0.0,0,0,disabled,0.0,1,PLAN_FAILED,ik_not_found,0,0.2763110980158672,4.08880831906572,0,0,0,0,-1,nan,nan,,,896,1,1,"{'solver_error': 0, 'short_solution': 0, 'duplicate': 0, 'goal_error': 896, 'joint_limit': 0, 'workspace': 0, 'obstacle_clearance': 0, 'obstacle_contact': 0, 'self_collision': 0}",nan,nan,0.04537195482876236,filtered,0,0,11,0,0,0,0,0,0.0,0.0,0.0,0.0,1.0,0.08120358118991353,0,1,1,0,0.043630423196683255,0.0,filtered,osqp optimal,4.53719547726015e-08,0,1,12,workspace_z_lower,workspace_z_lower,,,0,0,1,solved,osqp,7.867914838274581e-11,valid,0.08120358118991353,0.9197986377722374,0|1.65300185e-08|2.83785421e-08|3.13941298e-08|3.49560966e-08|3.13953674e-08,,,,,,,,,,0.010166389984078705,0.0025191419990733266,0.0013354240218177438,0.002128586987964809
203,10.200000000000001,-2.466594665195494,0.2690827548503876,0.8337456583976746,0.25719350576400757,0.17432209849357605,1.0,2,0,0,0,0,0,0,,0,0,,-1,-1,nan,not_applicable,,,nan,0,4.5371955081918713e-08,5.551115123125783e-16,4.4754520591881383e-14,0.0,0.0,0.8337456298597004,0.8337456583976746,-2.8537974205988803e-08,0.0,3.1083932935201964e-08,0.0,2.2048167467366754e-08,-2.2048167467366754e-08,0.0,0,0,disabled,0.0,1,PLAN_FAILED,ik_not_found,0,0.2763110980158672,4.08880831906572,0,0,0,0,-1,nan,nan,,,896,1,1,"{'solver_error': 0, 'short_solution': 0, 'duplicate': 0, 'goal_error': 896, 'joint_limit': 0, 'workspace': 0, 'obstacle_clearance': 0, 'obstacle_contact': 0, 'self_collision': 0}",nan,nan,0.0453719547726015,filtered,0,0,11,0,0,0,0,0,0.0,0.0,0.0,0.0,1.0,0.08120358120857127,0,1,1,0,0.043630423196683255,0.0,filtered,osqp optimal,4.5371954733523216e-08,0,1,12,workspace_z_lower,workspace_z_lower,,,0,0,1,solved,osqp,7.867914771501915e-11,valid,0.08120358120857127,0.9197986378718509,0|1.63118706e-08|2.80913438e-08|3.10865782e-08|3.45896304e-08|3.1076062e-08,,,,,,,,,,0.011233199969865382,0.0023744269274175167,0.0018831220222637057,0.0028885939391329885
204,10.25,-2.466594665195494,0.2690827548503876,0.8337456583976746,0.25719350576400757,0.17432209849357605,1.0,2,0,0,0,0,0,0,,0,0,,-1,-1,nan,not_applicable,,,nan,0,4.5371951529205035e-08,3.788658094389975e-14,7.542261086512791e-13,0.0,0.0,0.8337456298597004,0.8337456583976746,-2.8537974205988803e-08,0.0,3.108393289760097e-08,0.0,2.2048167480359373e-08,-2.2048167480359373e-08,0.0,0,0,disabled,0.0,1,PLAN_FAILED,ik_not_found,0,0.2763110980158672,4.08880831906572,0,0,0,0,-1,nan,nan,,,896,1,1,"{'solver_error': 0, 'short_solution': 0, 'duplicate': 0, 'goal_error': 896, 'joint_limit': 0, 'workspace': 0, 'obstacle_clearance': 0, 'obstacle_contact': 0, 'self_collision': 0}",nan,nan,0.04537195473352322,filtered,0,0,11,0,0,0,0,0,0.0,0.0,0.0,0.0,1.0,0.08120358120372256,0,1,1,0,0.043630423196683255,0.0,filtered,osqp optimal,4.537195387973924e-08,0,1,12,workspace_z_lower,workspace_z_lower,,,0,0,1,solved,osqp,7.867914385558631e-11,valid,0.08120358120372256,0.919798637971264,0|1.63107442e-08|2.80898612e-08|3.10849906e-08|3.4587735e-08|3.10744129e-08,,,,,,,,,,0.009524791035801172,0.0027534819673746824,0.0012232759036123753,0.0016221230616793036
205,10.3,-2.466594665195494,0.2690827548503876,0.8337456583976746,0.25719350576400757,0.17432209849357605,1.0,2,0,0,0,0,0,0,,0,0,,-1,-1,nan,not_applicable,,,nan,0,4.5371951529205035e-08,5.551115123125783e-16,7.542261086512791e-13,0.0,0.0,0.8337456298597004,0.8337456583976746,-2.8537974205988803e-08,0.0,3.108393291607935e-08,0.0,2.2048167482910563e-08,-2.2048167482910563e-08,0.0,0,0,disabled,0.0,1,PLAN_FAILED,ik_not_found,0,0.2763110980158672,4.08880831906572,0,0,0,0,-1,nan,nan,,,896,1,1,"{'solver_error': 0, 'short_solution': 0, 'duplicate': 0, 'goal_error': 896, 'joint_limit': 0, 'workspace': 0, 'obstacle_clearance': 0, 'obstacle_contact': 0, 'self_collision': 0}",nan,nan,0.04537195387973924,filtered,0,0,11,0,0,0,0,0,0.0,0.0,0.0,0.0,1.0,0.08120358119875251,0,1,1,0,0.043630423196683255,0.0,filtered,osqp optimal,4.5371953840742754e-08,0,1,12,workspace_z_lower,workspace_z_lower,,,0,0,1,solved,osqp,7.867914319354404e-11,valid,0.08120358119875251,0.919798638070675,0|1.63107396e-08|2.80898548e-08|3.10849836e-08|3.45877265e-08|3.10744054e-08,,,,,,,,,,0.00947006803471595,0.002451213076710701,0.001195048913359642,0.0016751380171626806
206,10.350000000000001,-2.466594665195494,0.2690827548503876,0.8337456583976746,0.25719350576400757,0.17432209849357605,1.0,2,0,0,0,0,0,0,,0,0,,-1,-1,nan,not_applicable,,,nan,0,4.5371951529205035e-08,5.551115123125783e-16,0.0,0.0,0.0,0.8337456298597004,0.8337456583976746,-2.8537974205988803e-08,0.0,3.108393293455772e-08,0.0,2.204816748546175e-08,-2.204816748546175e-08,0.0,0,0,disabled,0.0,1,PLAN_FAILED,ik_not_found,0,0.2763110980158672,4.08880831906572,0,0,0,0,-1,nan,nan,,,896,1,1,"{'solver_error': 0, 'short_solution': 0, 'duplicate': 0, 'goal_error': 896, 'joint_limit': 0, 'workspace': 0, 'obstacle_clearance': 0, 'obstacle_contact': 0, 'self_collision': 0}",nan,nan,0.04537195384074275,filtered,0,0,11,0,0,0,0,0,0.0,0.0,0.0,0.0,1.0,0.08120358119378196,0,1,1,0,0.043630423196683255,0.0,filtered,osqp optimal,4.537195380174622e-08,0,1,12,workspace_z_lower,workspace_z_lower,,,0,0,1,solved,osqp,7.867914253154809e-11,valid,0.08120358119378196,0.9197986381700859,0|1.63107396e-08|2.80898548e-08|3.10849836e-08|3.45877265e-08|3.10744054e-08,,,,,,,,,,0.009137436980381608,0.002357213059440255,0.0012100900057703257,0.0015549929812550545
207,10.4,-2.466594665195494,0.2690827548503876,0.8337456583976746,0.25719350576400757,0.17432209849357605,1.0,2,0,0,0,0,0,0,,0,0,,-1,-1,nan,not_applicable,,,nan,0,4.5371955081918713e-08,3.553147359669495e-14,7.105427357601002e-13,0.0,0.0,0.8337456298597004,0.8337456583976746,-2.8537974205988803e-08,0.0,3.108393364468492e-08,0.0,2.204816803204251e-08,-2.204816803204251e-08,0.0,0,0,disabled,0.0,1,PLAN_FAILED,ik_not_found,0,0.2763110980158672,4.08880831906572,0,0,0,0,-1,nan,nan,,,896,1,1,"{'solver_error': 0, 'short_solution': 0, 'duplicate': 0, 'goal_error': 896, 'joint_limit': 0, 'workspace': 0, 'obstacle_clearance': 0, 'obstacle_contact': 0, 'self_collision': 0}",nan,nan,0.04537195380174622,filtered,0,0,11,0,0,0,0,0,0.0,0.0,0.0,0.0,1.0,0.08120358118881144,0,1,1,0,0.043630423196683255,0.0,filtered,osqp optimal,4.537195376274969e-08,0,1,12,workspace_z_lower,workspace_z_lower,,,0,0,1,solved,osqp,7.867914186953228e-11,valid,0.08120358118881144,0.9197986382694968,0|1.63107396e-08|2.80898548e-08|3.10849836e-08|3.45877265e-08|3.10744054e-08,,,,,,,,,,0.009477084968239069,0.0023777359165251255,0.001209142035804689,0.0015327150467783213
208,10.450000000000001,-2.466594665195494,0.2690827548503876,0.8337456583976746,0.25719350576400757,0.17432209849357605,1.0,2,0,0,0,0,0,0,,0,0,,-1,-1,nan,not_applicable,,,nan,0,4.5371955081918713e-08,2.288783396885369e-15,7.11929159288166e-13,0.0,0.0,0.8337456298597004,0.8337456583976746,-2.8537974205988803e-08,0.0,3.108393366543418e-08,0.0,2.2048168030514594e-08,-2.2048168030514594e-08,0.0,0,0,disabled,0.0,1,PLAN_FAILED,ik_not_found,0,0.2763110980158672,4.08880831906572,0,0,0,0,-1,nan,nan,,,896,1,1,"{'solver_error': 0, 'short_solution': 0, 'duplicate': 0, 'goal_error': 896, 'joint_limit': 0, 'workspace': 0, 'obstacle_clearance': 0, 'obstacle_contact': 0, 'self_collision': 0}",nan,nan,0.04537195376274969,filtered,0,0,11,0,0,0,0,0,0.0,0.0,0.0,0.0,1.0,0.0812035854645527,0,1,1,0,0.043630423196683255,0.0,filtered,osqp optimal,4.537195372640523e-08,0,1,12,workspace_z_lower,workspace_z_lower,,,0,0,1,solved,osqp,7.8679139400418e-11,valid,0.0812035854645527,0.9197986383689085,0|1.63107394e-08|2.80898565e-08|3.10849842e-08|3.45877273e-08|3.10744061e-08,,,,,,,,,,0.009744363953359425,0.002388434950262308,0.0012251220177859068,0.0016308709746226668
209,10.5,-2.466594665195494,0.2690827548503876,0.8337456583976746,0.25719350576400757,0.17432209849357605,1.0,2,0,0,0,0,0,0,,0,0,,-1,-1,nan,not_applicable,,,nan,0,4.5371955081918713e-08,2.7755575615628914e-16,4.4754520591881383e-14,0.0,0.0,0.8337456298597004,0.8337456583976746,-2.8537974205988803e-08,0.0,3.108393368370982e-08,0.0,2.2048168032713525e-08,-2.2048168032713525e-08,0.0,0,0,disabled,0.0,1,PLAN_FAILED,ik_not_found,0,0.2763110980158672,4.08880831906572,0,0,0,0,-1,nan,nan,,,896,1,1,"{'solver_error': 0, 'short_solution': 0, 'duplicate': 0, 'goal_error': 896, 'joint_limit': 0, 'workspace': 0, 'obstacle_clearance': 0, 'obstacle_contact': 0, 'self_collision': 0}",nan,nan,0.045371953726405234,filtered,0,0,11,0,0,0,0,0,0.0,0.0,0.0,0.0,1.0,0.08120358545958209,0,1,1,0,0.043630423196683255,0.0,filtered,osqp optimal,4.537195368735188e-08,0,1,12,workspace_z_lower,workspace_z_lower,,,0,0,1,solved,osqp,7.867913877708778e-11,valid,0.08120358545958209,0.9197986384683202,0|1.63107394e-08|2.80898565e-08|3.10849843e-08|3.45877273e-08|3.10744062e-08,,,,,,,,,,0.014386660070158541,0.0025056410813704133,0.0013187129516154528,0.001633455976843834
210,10.55,-2.466594665195494,0.2690827548503876,0.8337456583976746,0.25719350576400757,0.17432209849357605,1.0,2,0,0,0,0,0,0,,0,0,,-1,-1,nan,not_applicable,,,nan,0,0.0,9.074390732166648e-07,1.8148779417970218e-05,0.0,0.0,0.8337456298597004,0.8337456583976746,-2.8537974205988803e-08,0.0,0.0,0.0,0.0,0.0,0.0,0,0,disabled,0.0,1,PLAN_FAILED,ik_not_found,0,0.2763110980158672,4.08880831906572,0,0,0,0,-1,nan,nan,,,896,1,1,"{'solver_error': 0, 'short_solution': 0, 'duplicate': 0, 'goal_error': 896, 'joint_limit': 0, 'workspace': 0, 'obstacle_clearance': 0, 'obstacle_contact': 0, 'self_collision': 0}",nan,nan,0.045371953687351876,filtered,0,0,11,0,0,0,0,0,0.0,0.0,0.0,0.0,1.0,0.08120358545461118,0,1,1,0,0.043630423196683255,0.0,passthrough,osqp optimal,0.0,0,1,12,workspace_z_lower,workspace_z_lower,,,0,0,1,solved,osqp,0.0,valid,0.08120358545461118,0.9197986385677318,0|1.63107394e-08|2.80898588e-08|3.10849872e-08|3.45877273e-08|3.10744062e-08,,,,,,,,,,0.011195583967491984,0.004261563066393137,0.0012020990252494812,0.0018954609986394644
211,10.600000000000001,-2.466594665195494,0.2690827548503876,0.8337456583976746,0.25719350576400757,0.17432209849357605,1.0,2,0,0,0,0,0,0,,0,0,,-1,-1,nan,not_applicable,,,nan,0,0.0,0.0,1.8148779417970218e-05,0.0,0.0,0.8337456298597004,0.8337456583976746,-2.8537974205988803e-08,0.0,0.0,0.0,0.0,0.0,0.0,0,0,disabled,0.0,1,PLAN_FAILED,ik_not_found,0,0.2763110980158672,4.08880831906572,0,0,0,0,-1,nan,nan,,,896,1,1,"{'solver_error': 0, 'short_solution': 0, 'duplicate': 0, 'goal_error': 896, 'joint_limit': 0, 'workspace': 0, 'obstacle_clearance': 0, 'obstacle_contact': 0, 'self_collision': 0}",nan,nan,0.0,passthrough,0,0,11,0,0,0,0,0,0.0,0.0,0.0,0.0,1.0,0.08120358792904064,0,1,1,0,0.043630423196683255,0.0,passthrough,osqp optimal,0.0,0,1,12,workspace_z_lower,workspace_z_lower,,,0,0,1,solved,osqp,0.0,valid,0.08120358792904064,0.9197986386036102,0|1.14929182e-10|1.54731761e-10|1.65604795e-10|1.9351385e-10|1.72650393e-10,,,,,,,,,,0.0092766109155491,0.002409951062873006,0.0012143179774284363,0.0017188390484079719
212,10.65,-2.466594665195494,0.2690827548503876,0.8337456583976746,0.25719350576400757,0.17432209849357605,1.0,2,0,0,0,0,0,0,,0,0,,-1,-1,nan,not_applicable,,,nan,0,0.0,0.0,0.0,0.0,0.0,0.8337456298597004,0.8337456583976746,-2.8537974205988803e-08,0.0,0.0,0.0,0.0,0.0,0.0,0,0,disabled,0.0,1,PLAN_FAILED,ik_not_found,0,0.2763110980158672,4.08880831906572,0,0,0,0,-1,nan,nan,,,896,1,1,"{'solver_error': 0, 'short_solution': 0, 'duplicate': 0, 'goal_error': 896, 'joint_limit': 0, 'workspace': 0, 'obstacle_clearance': 0, 'obstacle_contact': 0, 'self_collision': 0}",nan,nan,0.0,passthrough,0,0,11,0,0,0,0,0,0.0,0.0,0.0,0.0,1.0,0.08120358794142438,0,1,1,0,0.043630423196683255,0.0,passthrough,osqp optimal,0.0,0,1,12,workspace_z_lower,workspace_z_lower,,,0,0,1,solved,osqp,0.0,valid,0.08120358794142438,0.9197986386037164,0|5.92937297e-13|7.98250494e-13|8.54347414e-13|9.99973114e-13|8.91481801e-13,,,,,,,,,,0.011036987998522818,0.002312854048795998,0.002477821079082787,0.0021897120168432593
213,10.700000000000001,-2.466594665195494,0.2690827548503876,0.8337456583976746,0.25719350576400757,0.17432209849357605,1.0,2,0,0,0,0,0,0,,0,0,,-1,-1,nan,not_applicable,,,nan,0,0.0,0.0,0.0,0.0,0.0,0.8337456298597004,0.8337456583976746,-2.8537974205988803e-08,0.0,0.0,0.0,0.0,0.0,0.0,0,0,disabled,0.0,1,PLAN_FAILED,ik_not_found,0,0.2763110980158672,4.08880831906572,0,0,0,0,-1,nan,nan,,,896,1,1,"{'solver_error': 0, 'short_solution': 0, 'duplicate': 0, 'goal_error': 896, 'joint_limit': 0, 'workspace': 0, 'obstacle_clearance': 0, 'obstacle_contact': 0, 'self_collision': 0}",nan,nan,0.0,passthrough,0,0,11,0,0,0,0,0,0.0,0.0,0.0,0.0,1.0,0.08120358794148824,0,1,1,0,0.043630423196683255,0.0,passthrough,osqp optimal,0.0,0,1,12,workspace_z_lower,workspace_z_lower,,,0,0,1,solved,osqp,0.0,valid,0.08120358794148824,0.9197986386037169,0|3.07355742e-15|4.13781794e-15|4.42860279e-15|5.18356934e-15|4.62073471e-15,,,,,,,,,,0.009267466957680881,0.002765673096291721,0.0012097540311515331,0.0014648099895566702
214,10.75,-2.466594665195494,0.2690827548503876,0.8337456583976746,0.25719350576400757,0.17432209849357605,1.0,2,0,0,0,0,0,0,,0,0,,-1,-1,nan,not_applicable,,,nan,0,0.0,0.0,0.0,0.0,0.0,0.8337456298597004,0.8337456583976746,-2.8537974205988803e-08,0.0,0.0,0.0,0.0,0.0,0.0,0,0,disabled,0.0,1,PLAN_FAILED,ik_not_found,0,0.2763110980158672,4.08880831906572,0,0,0,0,-1,nan,nan,,,896,1,1,"{'solver_error': 0, 'short_solution': 0, 'duplicate': 0, 'goal_error': 896, 'joint_limit': 0, 'workspace': 0, 'obstacle_clearance': 0, 'obstacle_contact': 0, 'self_collision': 0}",nan,nan,0.0,passthrough,0,0,11,0,0,0,0,0,0.0,0.0,0.0,0.0,1.0,0.08120358794148858,0,1,1,0,0.043630423196683255,0.0,passthrough,osqp optimal,0.0,0,1,12,workspace_z_lower,workspace_z_lower,,,0,0,1,solved,osqp,0.0,valid,0.08120358794148858,0.9197986386037169,0|1.59310243e-17|2.14473573e-17|2.29545685e-17|2.68676736e-17|2.39504773e-17,,,,,,,,,,0.009114317945204675,0.002356964978389442,0.001211646944284439,0.001668481039814651
215,10.8,-2.466594665195494,0.2690827548503876,0.8337456583976746,0.25719350576400757,0.17432209849357605,1.0,2,0,0,0,0,0,0,,0,0,,-1,-1,nan,not_applicable,,,nan,0,0.0,0.0,0.0,0.0,0.0,0.8337456298597004,0.8337456583976746,-2.8537974205988803e-08,0.0,0.0,0.0,0.0,0.0,0.0,0,0,disabled,0.0,1,PLAN_FAILED,ik_not_found,0,0.2763110980158672,4.08880831906572,0,0,0,0,-1,nan,nan,,,896,1,1,"{'solver_error': 0, 'short_solution': 0, 'duplicate': 0, 'goal_error': 896, 'joint_limit': 0, 'workspace': 0, 'obstacle_clearance': 0, 'obstacle_contact': 0, 'self_collision': 0}",nan,nan,0.0,passthrough,0,0,11,0,0,0,0,0,0.0,0.0,0.0,0.0,1.0,0.08120358794148858,0,1,1,0,0.043630423196683255,0.0,passthrough,osqp optimal,0.0,0,1,12,workspace_z_lower,workspace_z_lower,,,0,0,1,solved,osqp,0.0,valid,0.08120358794148858,0.9197986386037169,0|8.25742204e-20|1.11166662e-19|1.1897889e-19|1.39261439e-19|1.24140923e-19,,,,,,,,,,0.00881045195274055,0.0023875859333202243,0.0011615600669756532,0.001441227039322257
216,10.850000000000001,-2.466594665195494,0.2690827548503876,0.8337456583976746,0.25719350576400757,0.17432209849357605,1.0,2,0,0,0,0,0,0,,0,0,,-1,-1,nan,not_applicable,,,nan,0,0.0,0.0,0.0,0.0,0.0,0.8337456298597004,0.8337456583976746,-2.8537974205988803e-08,0.0,0.0,0.0,0.0,0.0,0.0,0,0,disabled,0.0,1,PLAN_FAILED,ik_not_found,0,0.2763110980158672,4.08880831906572,0,0,0,0,-1,nan,nan,,,896,1,1,"{'solver_error': 0, 'short_solution': 0, 'duplicate': 0, 'goal_error': 896, 'joint_limit': 0, 'workspace': 0, 'obstacle_clearance': 0, 'obstacle_contact': 0, 'self_collision': 0}",nan,nan,0.0,passthrough,0,0,11,0,0,0,0,0,0.0,0.0,0.0,0.0,1.0,0.08120358794148858,0,1,1,0,0.043630423196683255,0.0,passthrough,osqp optimal,0.0,0,1,12,workspace_z_lower,workspace_z_lower,,,0,0,1,solved,osqp,0.0,valid,0.08120358794148858,0.9197986386037169,0|4.28001588e-22|5.76202933e-22|6.16695546e-22|7.21824768e-22|6.43451574e-22,,,,,,,,,,0.008800946990959346,0.0023941759718582034,0.001207454944960773,0.0014338039327412844
217,10.9,-2.466594665195494,0.2690827548503876,0.8337456583976746,0.25719350576400757,0.17432209849357605,1.0,2,0,0,0,0,0,0,,0,0,,-1,-1,nan,not_applicable,,,nan,0,0.0,0.0,0.0,0.0,0.0,0.8337456298597004,0.8337456583976746,-2.8537974205988803e-08,0.0,0.0,0.0,0.0,0.0,0.0,0,0,disabled,0.0,1,PLAN_FAILED,ik_not_found,0,0.2763110980158672,4.08880831906572,0,0,0,0,-1,nan,nan,,,896,1,1,"{'solver_error': 0, 'short_solution': 0, 'duplicate': 0, 'goal_error': 896, 'joint_limit': 0, 'workspace': 0, 'obstacle_clearance': 0, 'obstacle_contact': 0, 'self_collision': 0}",nan,nan,0.0,passthrough,0,0,11,0,0,0,0,0,0.0,0.0,0.0,0.0,1.0,0.08120358794148858,0,1,1,0,0.043630423196683255,0.0,passthrough,osqp optimal,0.0,0,1,12,workspace_z_lower,workspace_z_lower,,,0,0,1,solved,osqp,0.0,valid,0.08120358794148858,0.9197986386037169,0|2.21843272e-24|2.98659508e-24|3.19647781e-24|3.74138724e-24|3.33516059e-24,,,,,,,,,,0.009204771020449698,0.0023251359816640615,0.0016256669769063592,0.0014863819815218449
218,10.950000000000001,-2.466594665195494,0.2690827548503876,0.8337456583976746,0.25719350576400757,0.17432209849357605,1.0,2,0,0,0,0,0,0,,0,0,,-1,-1,nan,not_applicable,,,nan,0,0.0,0.0,0.0,0.0,0.0,0.8337456298597004,0.8337456583976746,-2.8537974205988803e-08,0.0,0.0,0.0,0.0,0.0,0.0,0,0,disabled,0.0,1,PLAN_FAILED,ik_not_found,0,0.2763110980158672,4.08880831906572,0,0,0,0,-1,nan,nan,,,896,1,1,"{'solver_error': 0, 'short_solution': 0, 'duplicate': 0, 'goal_error': 896, 'joint_limit': 0, 'workspace': 0, 'obstacle_clearance': 0, 'obstacle_contact': 0, 'self_collision': 0}",nan,nan,0.0,passthrough,0,0,11,0,0,0,0,0,0.0,0.0,0.0,0.0,1.0,0.08120358794148858,0,1,1,0,0.043630423196683255,0.0,passthrough,osqp optimal,0.0,0,1,12,workspace_z_lower,workspace_z_lower,,,0,0,1,solved,osqp,0.0,valid,0.08120358794148858,0.9197986386037169,0|1.14986574e-26|1.54802232e-26|1.65680946e-26|1.93924882e-26|1.72869201e-26,,,,,,,,,,0.012286980985663831,0.004033670062199235,0.001208917936310172,0.0016089229611679912
219,11.0,-2.466594665195494,0.2690827548503876,0.8337456583976746,0.25719350576400757,0.17432209849357605,1.0,2,0,0,0,0,0,0,,0,0,,-1,-1,nan,not_applicable,,,nan,0,0.0,0.0,0.0,0.0,0.0,0.8337456298597004,0.8337456583976746,-2.8537974205988803e-08,0.0,0.0,0.0,0.0,0.0,0.0,0,0,disabled,0.0,1,PLAN_FAILED,ik_not_found,0,0.2763110980158672,4.08880831906572,0,0,0,0,-1,nan,nan,,,896,1,1,"{'solver_error': 0, 'short_solution': 0, 'duplicate': 0, 'goal_error': 896, 'joint_limit': 0, 'workspace': 0, 'obstacle_clearance': 0, 'obstacle_contact': 0, 'self_collision': 0}",nan,nan,0.0,passthrough,0,0,11,0,0,0,0,0,0.0,0.0,0.0,0.0,1.0,0.08120358794148858,0,1,1,0,0.043630423196683255,0.0,passthrough,osqp optimal,0.0,0,1,12,workspace_z_lower,workspace_z_lower,,,0,0,1,solved,osqp,0.0,valid,0.08120358794148858,0.9197986386037169,0|5.96002459e-29|8.02376382e-29|8.58763315e-29|1.00515827e-28|8.96021717e-29,,,,,,,,,,0.008991588023491204,0.0023872239980846643,0.0012197939213365316,0.0014264259953051805
220,11.05,-2.466594903614074,0.26908281445503235,0.8337456583976746,0.25719350576400757,0.17432209849357605,1.0,2,0,0,0,0,0,0,,0,0,,-1,-1,nan,not_applicable,,,nan,0,1.3262571485483932e-07,2.652514012879692e-06,5.305028025759384e-05,0.0,0.0,0.8337456298597004,0.8337456583976746,-2.8537974205988803e-08,0.0,9.086072690877513e-08,0.0,6.444848993824794e-08,-6.444848993824794e-08,0.0,0,0,disabled,0.0,1,PLAN_FAILED,ik_not_found,0,0.29605595709290355,4.384864276158623,0,0,0,0,-1,nan,nan,,,960,1,1,"{'solver_error': 0, 'short_solution': 0, 'duplicate': 0, 'goal_error': 960, 'joint_limit': 0, 'workspace': 0, 'obstacle_clearance': 0, 'obstacle_contact': 0, 'self_collision': 0}",nan,nan,0.0,passthrough,0,0,12,0,0,0,0,0,0.0,0.0,0.0,0.0,1.0,0.08120358794148858,0,1,1,0,0.043630423196683255,0.0,filtered,osqp optimal,1.326257120661789e-07,0,1,12,workspace_z_lower,workspace_z_lower,,,0,0,1,solved,osqp,2.2998519841469643e-10,valid,0.08120358794148858,0.9197986386037169,0|3.08922068e-31|4.15890517e-31|4.45117189e-31|5.2099713e-31|4.64429096e-31,,,,,,,,,,0.3059274849947542,0.00275595101993531,0.0013032749993726611,0.0016653230413794518
221,11.100000000000001,-2.466594665195494,0.2690827548503876,0.8337456583976746,0.25719350576400757,0.17432209849357605,1.0,2,0,0,0,0,0,0,,0,0,,-1,-1,nan,not_applicable,,,nan,0,4.5371955081918713e-08,1.7450751101932838e-06,8.795178291620687e-05,0.0,0.0,0.8337456298597004,0.8337456583976746,-2.8537974205988803e-08,0.0,3.108393288541055e-08,0.0,2.2048167461662854e-08,-2.2048167461662854e-08,0.0,0,0,disabled,0.0,1,PLAN_FAILED,ik_not_found,0,0.29605595709290355,4.384864276158623,0,0,0,0,-1,nan,nan,,,960,1,1,"{'solver_error': 0, 'short_solution': 0, 'duplicate': 0, 'goal_error': 960, 'joint_limit': 0, 'workspace': 0, 'obstacle_clearance': 0, 'obstacle_contact': 0, 'self_collision': 0}",nan,nan,0.1326257120661789,filtered,0,0,12,0,0,0,0,0,0.0,0.0,0.0,0.0,1.0,0.08120357647256599,0,1,1,0,0.043630423196683255,0.0,filtered,osqp optimal,4.5371954828762363e-08,0,1,12,workspace_z_lower,workspace_z_lower,,,0,0,1,solved,osqp,7.867915021493101e-11,valid,0.08120357647256599,0.9197986376041376,0|4.73416051e-08|8.16666907e-08|9.03903409e-08|1.00538248e-07|9.03413627e-08,,,,,,,,,,0.009522450971417129,0.0024017090909183025,0.0012522339820861816,0.0016939900815486908
222,11.15,-2.466594665195494,0.2690827548503876,0.8337456583976746,0.25719350576400757,0.17432209849357605,1.0,2,0,0,0,0,0,0,,0,0,,-1,-1,nan,not_applicable,,,nan,0,4.5371955081918713e-08,2.3714375071531542e-15,3.4901502658613026e-05,0.0,0.0,0.8337456298597004,0.8337456583976746,-2.8537974205988803e-08,0.0,3.1083932916675844e-08,0.0,2.2048167464797875e-08,-2.2048167464797875e-08,0.0,0,0,disabled,0.0,1,PLAN_FAILED,ik_not_found,0,0.29605595709290355,4.384864276158623,0,0,0,0,-1,nan,nan,,,960,1,1,"{'solver_error': 0, 'short_solution': 0, 'duplicate': 0, 'goal_error': 960, 'joint_limit': 0, 'workspace': 0, 'obstacle_clearance': 0, 'obstacle_contact': 0, 'self_collision': 0}",nan,nan,0.04537195482876236,filtered,0,0,12,0,0,0,0,0,0.0,0.0,0.0,0.0,1.0,0.08120358118991353,0,1,1,0,0.043630423196683255,0.0,filtered,osqp optimal,4.53719547726015e-08,0,1,12,workspace_z_lower,workspace_z_lower,,,0,0,1,solved,osqp,7.867914838274581e-11,valid,0.08120358118991353,0.9197986377722374,0|1.65300185e-08|2.83785421e-08|3.13941298e-08|3.49560966e-08|3.13953674e-08,,,,,,,,,,0.009279689053073525,0.0024610779946669936,0.0011650270316749811,0.0016561909578740597
223,11.200000000000001,-2.466594665195494,0.2690827548503876,0.8337456583976746,0.25719350576400757,0.17432209849357605,1.0,2,0,0,0,0,0,0,,0,0,,-1,-1,nan,not_applicable,,,nan,0,4.5371955081918713e-08,5.551115123125783e-16,4.4754520591881383e-14,0.0,0.0,0.8337456298597004,0.8337456583976746,-2.8537974205988803e-08,0.0,3.1083932935201964e-08,0.0,2.2048167467366754e-08,-2.2048167467366754e-08,0.0,0,0,disabled,0.0,1,PLAN_FAILED,ik_not_found,0,0.29605595709290355,4.384864276158623,0,0,0,0,-1,nan,nan,,,960,1,1,"{'solver_error': 0, 'short_solution': 0, 'duplicate': 0, 'goal_error': 960, 'joint_limit': 0, 'workspace': 0, 'obstacle_clearance': 0, 'obstacle_contact': 0, 'self_collision': 0}",nan,nan,0.0453719547726015,filtered,0,0,12,0,0,0,0,0,0.0,0.0,0.0,0.0,1.0,0.08120358120857127,0,1,1,0,0.043630423196683255,0.0,filtered,osqp optimal,4.5371954733523216e-08,0,1,12,workspace_z_lower,workspace_z_lower,,,0,0,1,solved,osqp,7.867914771501915e-11,valid,0.08120358120857127,0.9197986378718509,0|1.63118706e-08|2.80913438e-08|3.10865782e-08|3.45896304e-08|3.1076062e-08,,,,,,,,,,0.009693276952020824,0.0026209979550912976,0.001251033041626215,0.0017316760495305061
224,11.25,-2.466594665195494,0.2690827548503876,0.8337456583976746,0.25719350576400757,0.17432209849357605,1.0,2,0,0,0,0,0,0,,0,0,,-1,-1,nan,not_applicable,,,nan,0,4.5371951529205035e-08,3.788658094389975e-14,7.542261086512791e-13,0.0,0.0,0.8337456298597004,0.8337456583976746,-2.8537974205988803e-08,0.0,3.108393289760097e-08,0.0,2.2048167480359373e-08,-2.2048167480359373e-08,0.0,0,0,disabled,0.0,1,PLAN_FAILED,ik_not_found,0,0.29605595709290355,4.384864276158623,0,0,0,0,-1,nan,nan,,,960,1,1,"{'solver_error': 0, 'short_solution': 0, 'duplicate': 0, 'goal_error': 960, 'joint_limit': 0, 'workspace': 0, 'obstacle_clearance': 0, 'obstacle_contact': 0, 'self_collision': 0}",nan,nan,0.04537195473352322,filtered,0,0,12,0,0,0,0,0,0.0,0.0,0.0,0.0,1.0,0.08120358120372256,0,1,1,0,0.043630423196683255,0.0,filtered,osqp optimal,4.537195387973924e-08,0,1,12,workspace_z_lower,workspace_z_lower,,,0,0,1,solved,osqp,7.867914385558631e-11,valid,0.08120358120372256,0.919798637971264,0|1.63107442e-08|2.80898612e-08|3.10849906e-08|3.4587735e-08|3.10744129e-08,,,,,,,,,,0.009505499037913978,0.002448504092171788,0.0012120589381083846,0.0017236690036952496
225,11.3,-2.466594665195494,0.2690827548503876,0.8337456583976746,0.25719350576400757,0.17432209849357605,1.0,2,0,0,0,0,0,0,,0,0,,-1,-1,nan,not_applicable,,,nan,0,4.5371951529205035e-08,5.551115123125783e-16,7.542261086512791e-13,0.0,0.0,0.8337456298597004,0.8337456583976746,-2.8537974205988803e-08,0.0,3.108393291607935e-08,0.0,2.2048167482910563e-08,-2.2048167482910563e-08,0.0,0,0,disabled,0.0,1,PLAN_FAILED,ik_not_found,0,0.29605595709290355,4.384864276158623,0,0,0,0,-1,nan,nan,,,960,1,1,"{'solver_error': 0, 'short_solution': 0, 'duplicate': 0, 'goal_error': 960, 'joint_limit': 0, 'workspace': 0, 'obstacle_clearance': 0, 'obstacle_contact': 0, 'self_collision': 0}",nan,nan,0.04537195387973924,filtered,0,0,12,0,0,0,0,0,0.0,0.0,0.0,0.0,1.0,0.08120358119875251,0,1,1,0,0.043630423196683255,0.0,filtered,osqp optimal,4.5371953840742754e-08,0,1,12,workspace_z_lower,workspace_z_lower,,,0,0,1,solved,osqp,7.867914319354404e-11,valid,0.08120358119875251,0.919798638070675,0|1.63107396e-08|2.80898548e-08|3.10849836e-08|3.45877265e-08|3.10744054e-08,,,,,,,,,,0.010258318041451275,0.0027565620839595795,0.001277072005905211,0.0018332840409129858
226,11.350000000000001,-2.466594665195494,0.2690827548503876,0.8337456583976746,0.25719350576400757,0.17432209849357605,1.0,2,0,0,0,0,0,0,,0,0,,-1,-1,nan,not_applicable,,,nan,0,4.5371951529205035e-08,5.551115123125783e-16,0.0,0.0,0.0,0.8337456298597004,0.8337456583976746,-2.8537974205988803e-08,0.0,3.108393293455772e-08,0.0,2.204816748546175e-08,-2.204816748546175e-08,0.0,0,0,disabled,0.0,1,PLAN_FAILED,ik_not_found,0,0.29605595709290355,4.384864276158623,0,0,0,0,-1,nan,nan,,,960,1,1,"{'solver_error': 0, 'short_solution': 0, 'duplicate': 0, 'goal_error': 960, 'joint_limit': 0, 'workspace': 0, 'obstacle_clearance': 0, 'obstacle_contact': 0, 'self_collision': 0}",nan,nan,0.04537195384074275,filtered,0,0,12,0,0,0,0,0,0.0,0.0,0.0,0.0,1.0,0.08120358119378196,0,1,1,0,0.043630423196683255,0.0,filtered,osqp optimal,4.537195380174622e-08,0,1,12,workspace_z_lower,workspace_z_lower,,,0,0,1,solved,osqp,7.867914253154809e-11,valid,0.08120358119378196,0.9197986381700859,0|1.63107396e-08|2.80898548e-08|3.10849836e-08|3.45877265e-08|3.10744054e-08,,,,,,,,,,0.00935278704855591,0.0024963769828900695,0.0012688379501923919,0.0016855410067364573
227,11.4,-2.466594665195494,0.2690827548503876,0.8337456583976746,0.25719350576400757,0.17432209849357605,1.0,2,0,0,0,0,0,0,,0,0,,-1,-1,nan,not_applicable,,,nan,0,4.5371955081918713e-08,3.553147359669495e-14,7.105427357601002e-13,0.0,0.0,0.8337456298597004,0.8337456583976746,-2.8537974205988803e-08,0.0,3.108393364468492e-08,0.0,2.204816803204251e-08,-2.204816803204251e-08,0.0,0,0,disabled,0.0,1,PLAN_FAILED,ik_not_found,0,0.29605595709290355,4.384864276158623,0,0,0,0,-1,nan,nan,,,960,1,1,"{'solver_error': 0, 'short_solution': 0, 'duplicate': 0, 'goal_error': 960, 'joint_limit': 0, 'workspace': 0, 'obstacle_clearance': 0, 'obstacle_contact': 0, 'self_collision': 0}",nan,nan,0.04537195380174622,filtered,0,0,12,0,0,0,0,0,0.0,0.0,0.0,0.0,1.0,0.08120358118881144,0,1,1,0,0.043630423196683255,0.0,filtered,osqp optimal,4.537195376274969e-08,0,1,12,workspace_z_lower,workspace_z_lower,,,0,0,1,solved,osqp,7.867914186953228e-11,valid,0.08120358118881144,0.9197986382694968,0|1.63107396e-08|2.80898548e-08|3.10849836e-08|3.45877265e-08|3.10744054e-08,,,,,,,,,,0.009506463073194027,0.0023647990310564637,0.0012996429577469826,0.0017347809625789523
228,11.450000000000001,-2.466594665195494,0.2690827548503876,0.8337456583976746,0.25719350576400757,0.17432209849357605,1.0,2,0,0,0,0,0,0,,0,0,,-1,-1,nan,not_applicable,,,nan,0,4.5371955081918713e-08,2.288783396885369e-15,7.11929159288166e-13,0.0,0.0,0.8337456298597004,0.8337456583976746,-2.8537974205988803e-08,0.0,3.108393366543418e-08,0.0,2.2048168030514594e-08,-2.2048168030514594e-08,0.0,0,0,disabled,0.0,1,PLAN_FAILED,ik_not_found,0,0.29605595709290355,4.384864276158623,0,0,0,0,-1,nan,nan,,,960,1,1,"{'solver_error': 0, 'short_solution': 0, 'duplicate': 0, 'goal_error': 960, 'joint_limit': 0, 'workspace': 0, 'obstacle_clearance': 0, 'obstacle_contact': 0, 'self_collision': 0}",nan,nan,0.04537195376274969,filtered,0,0,12,0,0,0,0,0,0.0,0.0,0.0,0.0,1.0,0.0812035854645527,0,1,1,0,0.043630423196683255,0.0,filtered,osqp optimal,4.537195372640523e-08,0,1,12,workspace_z_lower,workspace_z_lower,,,0,0,1,solved,osqp,7.8679139400418e-11,valid,0.0812035854645527,0.9197986383689085,0|1.63107394e-08|2.80898565e-08|3.10849842e-08|3.45877273e-08|3.10744061e-08,,,,,,,,,,0.009358228999190032,0.00246128102298826,0.00120749999769032,0.0017279350431635976
229,11.5,-2.466594665195494,0.2690827548503876,0.8337456583976746,0.25719350576400757,0.17432209849357605,1.0,2,0,0,0,0,0,0,,0,0,,-1,-1,nan,not_applicable,,,nan,0,4.5371955081918713e-08,2.7755575615628914e-16,4.4754520591881383e-14,0.0,0.0,0.8337456298597004,0.8337456583976746,-2.8537974205988803e-08,0.0,3.108393368370982e-08,0.0,2.2048168032713525e-08,-2.2048168032713525e-08,0.0,0,0,disabled,0.0,1,PLAN_FAILED,ik_not_found,0,0.29605595709290355,4.384864276158623,0,0,0,0,-1,nan,nan,,,960,1,1,"{'solver_error': 0, 'short_solution': 0, 'duplicate': 0, 'goal_error': 960, 'joint_limit': 0, 'workspace': 0, 'obstacle_clearance': 0, 'obstacle_contact': 0, 'self_collision': 0}",nan,nan,0.045371953726405234,filtered,0,0,12,0,0,0,0,0,0.0,0.0,0.0,0.0,1.0,0.08120358545958209,0,1,1,0,0.043630423196683255,0.0,filtered,osqp optimal,4.537195368735188e-08,0,1,12,workspace_z_lower,workspace_z_lower,,,0,0,1,solved,osqp,7.867913877708778e-11,valid,0.08120358545958209,0.9197986384683202,0|1.63107394e-08|2.80898565e-08|3.10849843e-08|3.45877273e-08|3.10744062e-08,,,,,,,,,,0.009341930039227009,0.0025122090009972453,0.0012721390230581164,0.0016481640050187707
230,11.55,-2.466594665195494,0.2690827548503876,0.8337456583976746,0.25719350576400757,0.17432209849357605,1.0,2,0,0,0,0,0,0,,0,0,,-1,-1,nan,not_applicable,,,nan,0,0.0,9.074390732166648e-07,1.8148779417970218e-05,0.0,0.0,0.8337456298597004,0.8337456583976746,-2.8537974205988803e-08,0.0,0.0,0.0,0.0,0.0,0.0,0,0,disabled,0.0,1,PLAN_FAILED,ik_not_found,0,0.29605595709290355,4.384864276158623,0,0,0,0,-1,nan,nan,,,960,1,1,"{'solver_error': 0, 'short_solution': 0, 'duplicate': 0, 'goal_error': 960, 'joint_limit': 0, 'workspace': 0, 'obstacle_clearance': 0, 'obstacle_contact': 0, 'self_collision': 0}",nan,nan,0.045371953687351876,filtered,0,0,12,0,0,0,0,0,0.0,0.0,0.0,0.0,1.0,0.08120358545461118,0,1,1,0,0.043630423196683255,0.0,passthrough,osqp optimal,0.0,0,1,12,workspace_z_lower,workspace_z_lower,,,0,0,1,solved,osqp,0.0,valid,0.08120358545461118,0.9197986385677318,0|1.63107394e-08|2.80898588e-08|3.10849872e-08|3.45877273e-08|3.10744062e-08,,,,,,,,,,0.01084287790581584,0.0026708110235631466,0.001457173959352076,0.0017861489905044436
231,11.600000000000001,-2.466594665195494,0.2690827548503876,0.8337456583976746,0.25719350576400757,0.17432209849357605,1.0,2,0,0,0,0,0,0,,0,0,,-1,-1,nan,not_applicable,,,nan,0,0.0,0.0,1.8148779417970218e-05,0.0,0.0,0.8337456298597004,0.8337456583976746,-2.8537974205988803e-08,0.0,0.0,0.0,0.0,0.0,0.0,0,0,disabled,0.0,1,PLAN_FAILED,ik_not_found,0,0.29605595709290355,4.384864276158623,0,0,0,0,-1,nan,nan,,,960,1,1,"{'solver_error': 0, 'short_solution': 0, 'duplicate': 0, 'goal_error': 960, 'joint_limit': 0, 'workspace': 0, 'obstacle_clearance': 0, 'obstacle_contact': 0, 'self_collision': 0}",nan,nan,0.0,passthrough,0,0,12,0,0,0,0,0,0.0,0.0,0.0,0.0,1.0,0.08120358792904064,0,1,1,0,0.043630423196683255,0.0,passthrough,osqp optimal,0.0,0,1,12,workspace_z_lower,workspace_z_lower,,,0,0,1,solved,osqp,0.0,valid,0.08120358792904064,0.9197986386036102,0|1.14929182e-10|1.54731761e-10|1.65604795e-10|1.9351385e-10|1.72650393e-10,,,,,,,,,,0.009291692054830492,0.002492089057341218,0.001299461000598967,0.0015989249804988503
232,11.65,-2.466594665195494,0.2690827548503876,0.8337456583976746,0.25719350576400757,0.17432209849357605,1.0,2,0,0,0,0,0,0,,0,0,,-1,-1,nan,not_applicable,,,nan,0,0.0,0.0,0.0,0.0,0.0,0.8337456298597004,0.8337456583976746,-2.8537974205988803e-08,0.0,0.0,0.0,0.0,0.0,0.0,0,0,disabled,0.0,1,PLAN_FAILED,ik_not_found,0,0.29605595709290355,4.384864276158623,0,0,0,0,-1,nan,nan,,,960,1,1,"{'solver_error': 0, 'short_solution': 0, 'duplicate': 0, 'goal_error': 960, 'joint_limit': 0, 'workspace': 0, 'obstacle_clearance': 0, 'obstacle_contact': 0, 'self_collision': 0}",nan,nan,0.0,passthrough,0,0,12,0,0,0,0,0,0.0,0.0,0.0,0.0,1.0,0.08120358794142438,0,1,1,0,0.043630423196683255,0.0,passthrough,osqp optimal,0.0,0,1,12,workspace_z_lower,workspace_z_lower,,,0,0,1,solved,osqp,0.0,valid,0.08120358794142438,0.9197986386037164,0|5.92937297e-13|7.98250494e-13|8.54347414e-13|9.99973114e-13|8.91481801e-13,,,,,,,,,,0.008924934081733227,0.0023051740135997534,0.0012442379957064986,0.0015572449192404747
233,11.700000000000001,-2.466594665195494,0.2690827548503876,0.8337456583976746,0.25719350576400757,0.17432209849357605,1.0,2,0,0,0,0,0,0,,0,0,,-1,-1,nan,not_applicable,,,nan,0,0.0,0.0,0.0,0.0,0.0,0.8337456298597004,0.8337456583976746,-2.8537974205988803e-08,0.0,0.0,0.0,0.0,0.0,0.0,0,0,disabled,0.0,1,PLAN_FAILED,ik_not_found,0,0.29605595709290355,4.384864276158623,0,0,0,0,-1,nan,nan,,,960,1,1,"{'solver_error': 0, 'short_solution': 0, 'duplicate': 0, 'goal_error': 960, 'joint_limit': 0, 'workspace': 0, 'obstacle_clearance': 0, 'obstacle_contact': 0, 'self_collision': 0}",nan,nan,0.0,passthrough,0,0,12,0,0,0,0,0,0.0,0.0,0.0,0.0,1.0,0.08120358794148824,0,1,1,0,0.043630423196683255,0.0,passthrough,osqp optimal,0.0,0,1,12,workspace_z_lower,workspace_z_lower,,,0,0,1,solved,osqp,0.0,valid,0.08120358794148824,0.9197986386037169,0|3.07355742e-15|4.13781794e-15|4.42860279e-15|5.18356934e-15|4.62073471e-15,,,,,,,,,,0.011056274990551174,0.0023731380933895707,0.0014561909483745694,0.0033116580452769995
234,11.75,-2.466594665195494,0.2690827548503876,0.8337456583976746,0.25719350576400757,0.17432209849357605,1.0,2,0,0,0,0,0,0,,0,0,,-1,-1,nan,not_applicable,,,nan,0,0.0,0.0,0.0,0.0,0.0,0.8337456298597004,0.8337456583976746,-2.8537974205988803e-08,0.0,0.0,0.0,0.0,0.0,0.0,0,0,disabled,0.0,1,PLAN_FAILED,ik_not_found,0,0.29605595709290355,4.384864276158623,0,0,0,0,-1,nan,nan,,,960,1,1,"{'solver_error': 0, 'short_solution': 0, 'duplicate': 0, 'goal_error': 960, 'joint_limit': 0, 'workspace': 0, 'obstacle_clearance': 0, 'obstacle_contact': 0, 'self_collision': 0}",nan,nan,0.0,passthrough,0,0,12,0,0,0,0,0,0.0,0.0,0.0,0.0,1.0,0.08120358794148858,0,1,1,0,0.043630423196683255,0.0,passthrough,osqp optimal,0.0,0,1,12,workspace_z_lower,workspace_z_lower,,,0,0,1,solved,osqp,0.0,valid,0.08120358794148858,0.9197986386037169,0|1.59310243e-17|2.14473573e-17|2.29545685e-17|2.68676736e-17|2.39504773e-17,,,,,,,,,,0.009520700899884105,0.002370376023463905,0.0012665219837799668,0.0016170849557965994
235,11.8,-2.466594665195494,0.2690827548503876,0.8337456583976746,0.25719350576400757,0.17432209849357605,1.0,2,0,0,0,0,0,0,,0,0,,-1,-1,nan,not_applicable,,,nan,0,0.0,0.0,0.0,0.0,0.0,0.8337456298597004,0.8337456583976746,-2.8537974205988803e-08,0.0,0.0,0.0,0.0,0.0,0.0,0,0,disabled,0.0,1,PLAN_FAILED,ik_not_found,0,0.29605595709290355,4.384864276158623,0,0,0,0,-1,nan,nan,,,960,1,1,"{'solver_error': 0, 'short_solution': 0, 'duplicate': 0, 'goal_error': 960, 'joint_limit': 0, 'workspace': 0, 'obstacle_clearance': 0, 'obstacle_contact': 0, 'self_collision': 0}",nan,nan,0.0,passthrough,0,0,12,0,0,0,0,0,0.0,0.0,0.0,0.0,1.0,0.08120358794148858,0,1,1,0,0.043630423196683255,0.0,passthrough,osqp optimal,0.0,0,1,12,workspace_z_lower,workspace_z_lower,,,0,0,1,solved,osqp,0.0,valid,0.08120358794148858,0.9197986386037169,0|8.25742204e-20|1.11166662e-19|1.1897889e-19|1.39261439e-19|1.24140923e-19,,,,,,,,,,0.009730627061799169,0.002663476043380797,0.0013559319777414203,0.0017010519513860345
236,11.850000000000001,-2.466594665195494,0.2690827548503876,0.8337456583976746,0.25719350576400757,0.17432209849357605,1.0,2,0,0,0,0,0,0,,0,0,,-1,-1,nan,not_applicable,,,nan,0,0.0,0.0,0.0,0.0,0.0,0.8337456298597004,0.8337456583976746,-2.8537974205988803e-08,0.0,0.0,0.0,0.0,0.0,0.0,0,0,disabled,0.0,1,PLAN_FAILED,ik_not_found,0,0.29605595709290355,4.384864276158623,0,0,0,0,-1,nan,nan,,,960,1,1,"{'solver_error': 0, 'short_solution': 0, 'duplicate': 0, 'goal_error': 960, 'joint_limit': 0, 'workspace': 0, 'obstacle_clearance': 0, 'obstacle_contact': 0, 'self_collision': 0}",nan,nan,0.0,passthrough,0,0,12,0,0,0,0,0,0.0,0.0,0.0,0.0,1.0,0.08120358794148858,0,1,1,0,0.043630423196683255,0.0,passthrough,osqp optimal,0.0,0,1,12,workspace_z_lower,workspace_z_lower,,,0,0,1,solved,osqp,0.0,valid,0.08120358794148858,0.9197986386037169,0|4.28001588e-22|5.76202933e-22|6.16695546e-22|7.21824768e-22|6.43451574e-22,,,,,,,,,,0.00926709605846554,0.002431371947750449,0.0012354820501059294,0.0016363839386031032
237,11.9,-2.466594665195494,0.2690827548503876,0.8337456583976746,0.25719350576400757,0.17432209849357605,1.0,2,0,0,0,0,0,0,,0,0,,-1,-1,nan,not_applicable,,,nan,0,0.0,0.0,0.0,0.0,0.0,0.8337456298597004,0.8337456583976746,-2.8537974205988803e-08,0.0,0.0,0.0,0.0,0.0,0.0,0,0,disabled,0.0,1,PLAN_FAILED,ik_not_found,0,0.29605595709290355,4.384864276158623,0,0,0,0,-1,nan,nan,,,960,1,1,"{'solver_error': 0, 'short_solution': 0, 'duplicate': 0, 'goal_error': 960, 'joint_limit': 0, 'workspace': 0, 'obstacle_clearance': 0, 'obstacle_contact': 0, 'self_collision': 0}",nan,nan,0.0,passthrough,0,0,12,0,0,0,0,0,0.0,0.0,0.0,0.0,1.0,0.08120358794148858,0,1,1,0,0.043630423196683255,0.0,passthrough,osqp optimal,0.0,0,1,12,workspace_z_lower,workspace_z_lower,,,0,0,1,solved,osqp,0.0,valid,0.08120358794148858,0.9197986386037169,0|2.21843272e-24|2.98659508e-24|3.19647781e-24|3.74138724e-24|3.33516059e-24,,,,,,,,,,0.011652305955067277,0.0024958159774541855,0.0014627809869125485,0.0019669380271807313
238,11.950000000000001,-2.466594665195494,0.2690827548503876,0.8337456583976746,0.25719350576400757,0.17432209849357605,1.0,2,0,0,0,0,0,0,,0,0,,-1,-1,nan,not_applicable,,,nan,0,0.0,0.0,0.0,0.0,0.0,0.8337456298597004,0.8337456583976746,-2.8537974205988803e-08,0.0,0.0,0.0,0.0,0.0,0.0,0,0,disabled,0.0,1,PLAN_FAILED,ik_not_found,0,0.29605595709290355,4.384864276158623,0,0,0,0,-1,nan,nan,,,960,1,1,"{'solver_error': 0, 'short_solution': 0, 'duplicate': 0, 'goal_error': 960, 'joint_limit': 0, 'workspace': 0, 'obstacle_clearance': 0, 'obstacle_contact': 0, 'self_collision': 0}",nan,nan,0.0,passthrough,0,0,12,0,0,0,0,0,0.0,0.0,0.0,0.0,1.0,0.08120358794148858,0,1,1,0,0.043630423196683255,0.0,passthrough,osqp optimal,0.0,0,1,12,workspace_z_lower,workspace_z_lower,,,0,0,1,solved,osqp,0.0,valid,0.08120358794148858,0.9197986386037169,0|1.14986574e-26|1.54802232e-26|1.65680946e-26|1.93924882e-26|1.72869201e-26,,,,,,,,,,0.009412465966306627,0.002441203920170665,0.0012030869256705046,0.001474919030442834
239,12.0,-2.466594665195494,0.2690827548503876,0.8337456583976746,0.25719350576400757,0.17432209849357605,1.0,2,0,0,0,0,0,0,,0,0,,-1,-1,nan,not_applicable,,,nan,0,0.0,0.0,0.0,0.0,0.0,0.8337456298597004,0.8337456583976746,-2.8537974205988803e-08,0.0,0.0,0.0,0.0,0.0,0.0,0,0,disabled,0.0,1,PLAN_FAILED,ik_not_found,0,0.29605595709290355,4.384864276158623,0,0,0,0,-1,nan,nan,,,960,1,1,"{'solver_error': 0, 'short_solution': 0, 'duplicate': 0, 'goal_error': 960, 'joint_limit': 0, 'workspace': 0, 'obstacle_clearance': 0, 'obstacle_contact': 0, 'self_collision': 0}",nan,nan,0.0,passthrough,0,0,12,0,0,0,0,0,0.0,0.0,0.0,0.0,1.0,0.08120358794148858,0,1,1,0,0.043630423196683255,0.0,passthrough,osqp optimal,0.0,0,1,12,workspace_z_lower,workspace_z_lower,,,0,0,1,solved,osqp,0.0,valid,0.08120358794148858,0.9197986386037169,0|5.96002459e-29|8.02376382e-29|8.58763315e-29|1.00515827e-28|8.96021717e-29,,,,,,,,,,0.009114681975916028,0.0023415610194206238,0.0012629919219762087,0.0014699130551889539
