step,time,reward,cost,goal_error_norm,d_min,risk_global,beta,closest_link,safety_violation,collision,success,qdot_norm,acc_norm,jerk_norm,qdot_requested_norm,risk_speed_scale,risk_speed_h_min_m,recovery_active,recovery_triggered,recovery_success,recovery_initially_unsafe,recovery_initial_h_min_m,recovery_command_norm,safety_filter_status,safety_filter_intervention_norm,safety_filter_safe_stop,safety_filter_active_constraints,safety_filter_constraint_count,safety_filter_active_constraint_categories,safety_filter_max_constraint_category,safety_filter_projection_iterations,safety_filter_fallback_used,safety_filter_qp_solver_used,safety_filter_qp_solver_status,safety_filter_fallback_stage,safety_filter_max_constraint_violation,predictive_risk_status,predictive_h_min_m,predictive_h_by_link_m,predictive_distance_by_link_m,predictive_robust_distance_by_link_m,predictive_time_by_link_s,safety_jacobian_command_by_link_mps,safety_drift_by_link_mps,safety_constraint_residual_by_link_mps,filter_obstacle_position_m,filter_obstacle_velocity_mps,safety_filter_solve_time_s,safety_filter_predictive_risk_time_s,safety_filter_jacobian_workspace_time_s,safety_filter_projection_time_s
0,0.05,-0.5546250108967868,0.14430546760559082,0.534721314907074,0.49186840653419495,0.1359851360321045,0.35,2,0,0,0,0.45117393136024475,9.023478507995605,180.4695587158203,0.4927244186401367,1.0,0.3446689396179114,0,0,0,0,0.3446689396179114,0.0,filtered,0.05580881738593518,0,0,12,,workspace_z_lower,0,0,1,solved,osqp,0.0,valid,0.3446689396179114,0.507546051|0.522546051|0.34466894|0.35166894|0.53019076|0.574513739,0.627546051|0.642546051|0.46466894|0.47166894|0.65019076|0.694513739,0.627546051|0.642546051|0.46466894|0.47166894|0.65019076|0.694513739,0.15|0.15|0.15|0.15|0.15|0.15,0|0|0.0420574845|0.0420574845|0.0395242339|0.0354120248,-0.176013645|0|-0.251287608|-0.251287608|-0.269041899|-0.260847793,1.85417056|2.0901842|1.16944564|1.19744564|1.89124537|2.07261919,0.334626734|-0.57487607|0.532865524,0.0349684916|0.273589045|-0.00408786954,0.00609076302498579,0.001757127232849598,0.0018176408484578133,0.0024103932082653046
1,0.1,-0.35846310966064293,0.1225462555885315,0.5178402066230774,0.4828917682170868,0.11367105692625046,0.35,2,0,0,0,0.7032852172851562,5.882043838500977,116.96009826660156,0.7032849192619324,1.0,0.3341801303831298,0,0,0,0,0.3446689396179114,0.0,filtered,5.703983110416094e-07,0,0,12,,workspace_z_lower,0,0,1,solved,osqp,0.0,valid,0.3341801303831298,0.498819231|0.513819231|0.33418013|0.34118013|0.518851204|0.563416254,0.618819231|0.633819231|0.45418013|0.46118013|0.638851204|0.683416254,0.618819231|0.633819231|0.45418013|0.46118013|0.638851204|0.683416254,0.15|0.15|0.15|0.15|0.15|0.15,0|0|0.0768808755|0.0768808755|0.0833363773|0.0769055613,-0.173043787|0|-0.249568165|-0.249568165|-0.269623924|-0.261585949,1.82223314|2.05527692|1.16403323|1.19203323|1.88911727|2.06898463,0.336375177|-0.561196804|0.532660961,0.0349684916|0.273589045|-0.00408786954,0.0055253105238080025,0.001635199412703514,0.0015869056805968285,0.002201964147388935
2,0.15000000000000002,-0.22603453703590398,0.111360102891922,0.4966665804386139,0.4748932421207428,0.1019931510090828,0.35,2,0,0,0,0.8599410653114319,4.944007396697998,66.5677719116211,0.8599408268928528,1.0,0.32553375205925833,0,0,0,0,0.3446689396179114,0.0,filtered,5.075917417648943e-07,0,0,12,,workspace_y_upper,0,0,1,solved,osqp,0.0,valid,0.32553375205925833,0.490243455|0.505243455|0.325533752|0.332533752|0.509543927|0.554205175,0.610243455|0.625243455|0.445533752|0.452533752|0.629543927|0.674205175,0.610243455|0.625243455|0.445533752|0.452533752|0.629543927|0.674205175,0.15|0.15|0.15|0.15|0.15|0.15,0|0|0.0954100336|0.0954100336|0.109562383|0.102568461,-0.169971282|0|-0.247195067|-0.247195067|-0.270817948|-0.263310814,1.79100254|2.02097382|1.15034997|1.17834997|1.87692014|2.05607835,0.33812362|-0.547517538|0.532456398,0.0349684916|0.273589045|-0.00408786954,0.00538565032184124,0.0018074903637170792,0.0014341417700052261,0.0020451778545975685
3,0.2,-0.13514606964086576,0.10794983059167862,0.473237007856369,0.4673239290714264,0.098127081990242,0.35,2,0,0,0,0.9858006834983826,3.1968958377838135,50.56919479370117,0.9858004450798035,1.0,0.31794188828552034,0,0,0,0,0.3446689396179114,0.0,filtered,6.660573772809652e-07,0,0,12,,workspace_y_upper,0,0,1,solved,osqp,0.0,valid,0.31794188828552034,0.481823928|0.496823928|0.317941888|0.324941888|0.501454572|0.546151862,0.601823928|0.616823928|0.437941888|0.444941888|0.621454572|0.666151862,0.601823928|0.616823928|0.437941888|0.444941888|0.621454572|0.666151862,0.15|0.15|0.15|0.15|0.15|0.15,0|0|0.102763588|0.102763588|0.112849105|0.105200171,-0.166793296|0|-0.244278778|-0.244278778|-0.272233627|-0.265519275,1.76050242|1.98729571|1.13025236|1.15825236|1.84643377|2.02428834,0.339872062|-0.533838272|0.532251835,0.0349684916|0.273589045|-0.00408786954,0.005784410052001476,0.0017576618120074272,0.0017212815582752228,0.002201879397034645
4,0.25,-0.08285599814181246,0.10908783227205276,0.4493355453014374,0.45989564061164856,0.09882364422082901,0.35,2,0,0,0,1.044918417930603,1.3770523071289062,40.20881271362305,1.044918179512024,1.0,0.3108646855193498,0,0,0,0,0.3446689396179114,0.0,filtered,4.5879515505822786e-07,0,0,12,,workspace_y_upper,0,0,1,solved,osqp,0.0,valid,0.3108646855193498,0.473565991|0.488565991|0.310864686|0.317864686|0.49345544|0.538115008,0.593565991|0.608565991|0.430864686|0.437864686|0.61345544|0.658115008,0.593565991|0.608565991|0.430864686|0.437864686|0.61345544|0.658115008,0.15|0.15|0.15|0.15|0.15|0.15,0|0|0.103313063|0.103313063|0.115445562|0.108560697,-0.163507055|0|-0.24075406|-0.24075406|-0.273619017|-0.267891541,1.73075691|1.95426397|1.10601774|1.13401774|1.8156483|1.99312919,0.341620505|-0.520159006|0.532047272,0.0349684916|0.273589045|-0.00408786954,0.0057725561782717705,0.0017121396958827972,0.0016545727849006653,0.0022665131837129593
5,0.30000000000000004,-0.07819471284387085,0.11454475671052933,0.427044540643692,0.4523814618587494,0.10381998866796494,0.35,2,0,0,0,1.0347557067871094,1.2408086061477661,38.22507095336914,1.0347555875778198,1.0,0.30399682929117244,0,0,0,0,0.3446689396179114,0.0,filtered,1.3457724516005822e-07,0,0,12,,workspace_y_upper,0,0,1,solved,osqp,0.0,valid,0.30399682929117244,0.465475127|0.480475127|0.303996829|0.310996829|0.485522706|0.530132678,0.585475127|0.600475127|0.423996829|0.430996829|0.605522706|0.650132678,0.585475127|0.600475127|0.423996829|0.430996829|0.605522706|0.650132678,0.15|0.15|0.15|0.15|0.15|0.15,0|0|0.0979136777|0.0979136777|0.130310595|0.127602438,-0.160109869|0|-0.23674123|-0.23674123|-0.27475094|-0.27012989,1.70179064|1.92190051|1.07715976|1.10515976|1.79765048|1.97800326,0.343368948|-0.50647974|0.531842709,0.0349684916|0.273589045|-0.00408786954,0.005475225858390331,0.0014779623597860336,0.001668175682425499,0.0022224411368370056
6,0.35000000000000003,-0.09584805572099647,0.1226128339767456,0.4071236550807953,0.44465598464012146,0.11138592660427094,0.35,2,0,0,0,0.9985131621360779,1.7658448219299316,15.314358711242676,0.9985131621360779,1.0,0.29705957037655617,0,0,0,0,0.3446689396179114,0.0,passthrough,1.102752572351693e-09,0,0,12,,workspace_y_upper,0,0,1,solved,osqp,0.0,valid,0.29705957037655617,0.457556816|0.472556816|0.29705957|0.30405957|0.47826355|0.522978257,0.577556816|0.592556816|0.41705957|0.42405957|0.59826355|0.642978257,0.577556816|0.592556816|0.41705957|0.42405957|0.59826355|0.642978257,0.15|0.15|0.15|0.15|0.15|0.15,0|0|0.0892357138|0.0892357138|0.145048266|0.14760511,-0.156599098|0|-0.232607644|-0.232607644|-0.275473884|-0.271963368,1.67362817|1.89022726|1.04486635|1.07286635|1.78262858|1.96755477,0.34511739|-0.492800266|0.531638145,0.0349684916|0.273589045|-0.00408786954,0.004721794277429581,0.0014489339664578438,0.001556960865855217,0.0016237758100032806
7,0.4,-0.12313017538471918,0.1308664083480835,0.38979431986808777,0.43673256039619446,0.11909385770559311,0.35,2,0,0,0,0.9401355981826782,1.767985463142395,20.8310604095459,0.9401355981826782,1.0,0.28989989073494704,0,0,0,0,0.3446689396179114,0.0,passthrough,9.88155148864238e-10,0,0,12,,workspace_y_upper,0,0,1,solved,osqp,0.0,valid,0.28989989073494704,0.449816841|0.464816841|0.289899891|0.296899891|0.471691928|0.516717769,0.569816841|0.584816841|0.409899891|0.416899891|0.591691928|0.636717769,0.569816841|0.584816841|0.409899891|0.416899891|0.591691928|0.636717769,0.15|0.15|0.15|0.15|0.15|0.15,0|0|0.0808304422|0.0808304422|0.153966844|0.160845443,-0.152972297|0|-0.228548944|-0.228548944|-0.275797174|-0.273335432,1.64629507|1.85926736|1.01188106|1.03988106|1.76493738|1.95438109,0.346865833|-0.479120642|0.531433582,0.0349684916|0.273589045|-0.00408786954,0.004296610131859779,0.0009544491767883301,0.0011792685836553574,0.0020983489230275154
8,0.45,-0.16881382086004187,0.140349879860878,0.3756687343120575,0.4285740554332733,0.1279737651348114,0.35,2,0,0,0,0.8694412112236023,2.169066905975342,14.936169624328613,0.8694412112236023,1.0,0.2825329924883734,0,0,0,0,0.3446689396179114,0.0,passthrough,9.287617915492431e-10,0,0,12,,workspace_y_upper,0,0,1,solved,osqp,0.0,valid,0.2825329924883734,0.442261156|0.457261156|0.282532992|0.289532992|0.465542714|0.511039466,0.562261156|0.577261156|0.402532992|0.409532992|0.585542714|0.631039466,0.562261156|0.577261156|0.402532992|0.409532992|0.585542714|0.631039466,0.15|0.15|0.15|0.15|0.15|0.15,0|0|0.0713593324|0.0713593324|0.160704912|0.172194152,-0.1492272|0|-0.224550167|-0.224550167|-0.275789402|-0.274299451,1.61981742|1.82904462|0.976941136|1.00494114|1.74708637|1.94205256,0.348614275|-0.465441018|0.531229019,0.0349684916|0.273589045|-0.00408786954,0.005458963103592396,0.0017453553155064583,0.0014712242409586906,0.0021381909027695656
9,0.5,-0.224892596230375,0.14773747324943542,0.36511629819869995,0.4203222095966339,0.13472025096416473,0.35,2,0,0,0,0.7956706881523132,2.188950777053833,28.658464431762695,0.7956706881523132,1.0,0.2749062686309147,0,0,0,0,0.3446689396179114,0.0,passthrough,9.131400686465461e-10,0,0,12,,workspace_y_upper,0,0,1,solved,osqp,0.0,valid,0.2749062686309147,0.434895729|0.449895729|0.274906269|0.281906269|0.459726189|0.505869893,0.554895729|0.569895729|0.394906269|0.401906269|0.579726189|0.625869893,0.554895729|0.569895729|0.394906269|0.401906269|0.579726189|0.625869893,0.15|0.15|0.15|0.15|0.15|0.15,0|0|0.0654568065|0.0654568065|0.163174475|0.177555111,-0.145361696|0|-0.220721191|-0.220721191|-0.275538066|-0.274900179,1.59422122|1.79958292|0.94436069|0.97236069|1.72654116|1.9261345,0.350362718|-0.451761395|0.531024456,0.0349684916|0.273589045|-0.00408786954,0.004472359083592892,0.0009725615382194519,0.0013702018186450005,0.002065860666334629
10,0.55,-0.3005849921041767,0.15505507588386536,0.3588375747203827,0.41202589869499207,0.14133988320827484,0.35,2,0,0,0,0.7073075771331787,3.1908130645751953,28.149635314941406,0.7073075771331787,1.0,0.2671868127862619,0,0,0,0,0.3446689396179114,0.0,passthrough,7.980371524088816e-10,0,0,12,,workspace_y_upper,0,0,1,solved,osqp,0.0,valid,0.2671868127862619,0.427726628|0.442726604|0.267186813|0.274186813|0.454044244|0.500930911,0.547726628|0.562726604|0.387186813|0.394186813|0.574044244|0.620930911,0.547726628|0.562726604|0.387186813|0.394186813|0.574044244|0.620930911,0.15|0.15|0.15|0.15|0.15|0.15,0|0|0.0593972901|0.0593972901|0.181552259|0.201166554,-0.141373891|0|-0.216882538|-0.216882538|-0.275129866|-0.275250796,1.56953262|1.77090642|0.911262003|0.939262003|1.72259937|1.9296394,0.352111161|-0.438081771|0.530819893,0.0349684916|0.273589045|-0.00408786954,0.003573642112314701,0.0010118857026100159,0.0010090107098221779,0.001487281173467636
11,0.6000000000000001,-0.3782328668493028,0.16471342742443085,0.35651254653930664,0.40358319878578186,0.15021027624607086,0.35,2,0,0,0,0.6485408544540405,3.416950225830078,26.867782592773438,0.6485408544540405,1.0,0.25937686071287025,0,0,0,0,0.3446689396179114,0.0,passthrough,7.796726420986214e-10,0,0,12,,workspace_y_upper,0,0,1,solved,osqp,0.0,valid,0.25937686071287025,0.420760012|0.435759997|0.259376861|0.266376861|0.449267844|0.497107068,0.540760012|0.555759997|0.379376861|0.386376861|0.569267844|0.617107068,0.540760012|0.555759997|0.379376861|0.386376861|0.569267844|0.617107068,0.15|0.15|0.15|0.15|0.15|0.15,0|0|0.0509596667|0.0509596667|0.194446847|0.219357633,-0.13726214|0|-0.213364924|-0.213364924|-0.274696523|-0.275437841,1.54577791|1.74303999|0.875102186|0.903102186|1.7168217|1.93234807,0.353859603|-0.424402148|0.53061533,0.0349684916|0.273589045|-0.00408786954,0.003663165494799614,0.0009651752188801765,0.0011508604511618614,0.0014830594882369041
12,0.65,-0.4319090942893684,0.17565996944904327,0.35655656456947327,0.3949434459209442,0.16027580201625824,0.35,2,0,0,0,0.6088196039199829,3.4520034790039062,42.3143196105957,0.6088196039199829,1.0,0.25134614401985506,0,0,0,0,0.3446689396179114,0.0,passthrough,7.684256231567125e-10,0,0,12,,workspace_y_upper,0,0,1,solved,osqp,0.0,valid,0.25134614401985506,0.414002112|0.429002112|0.251346144|0.258346144|0.445160692|0.494174847,0.534002112|0.549002112|0.371346144|0.378346144|0.565160692|0.614174847,0.534002112|0.549002112|0.371346144|0.378346144|0.565160692|0.614174847,0.15|0.15|0.15|0.15|0.15|0.15,0|0|0.0430761469|0.0430761469|0.18774555|0.214332732,-0.133025087|0|-0.210367828|-0.210367828|-0.274367513|-0.275549305,1.52298336|1.71600845|0.838092895|0.866092895|1.69402081|1.91548282,0.355608046|-0.410722524|0.530410767,0.0349684916|0.273589045|-0.00408786954,0.004387977533042431,0.0010280190035700798,0.0011095590889453888,0.002182425931096077
13,0.7000000000000001,-0.4942332289097092,0.18744757771492004,0.3591999411582947,0.38610437512397766,0.17106013000011444,0.35,2,0,0,0,0.6341659426689148,3.3995251655578613,35.25737762451172,0.6341655254364014,1.0,0.2430727739318913,0,0,0,0,0.3446689396179114,0.0,filtered,6.123527058699421e-07,0,0,12,,workspace_y_upper,0,0,1,solved,osqp,0.0,valid,0.2430727739318913,0.407459222|0.422459222|0.243072774|0.250072774|0.440806168|0.491065158,0.527459222|0.542459222|0.363072774|0.370072774|0.560806168|0.611065158,0.527459222|0.542459222|0.363072774|0.370072774|0.560806168|0.611065158,0.15|0.15|0.15|0.15|0.15|0.15,0|0|0.0345080301|0.0345080301|0.18729362|0.21730995,-0.128661695|0|-0.207686042|-0.207686042|-0.274148096|-0.275630109,1.50117519|1.68983689|0.799113084|0.827113084|1.6763702|1.90594047,0.357356489|-0.3970429|0.530206203,0.0349684916|0.273589045|-0.00408786954,0.005753348581492901,0.001816646195948124,0.0016490360721945763,0.002177806571125984
14,0.75,-0.4822386950060207,0.20530211925506592,0.36004939675331116,0.37671995162963867,0.18786516785621643,0.35,2,0,0,0,0.5309469103813171,4.8736419677734375,117.5959243774414,0.5309467315673828,1.0,0.2345259575881144,0,0,0,0,0.3446689396179114,0.0,filtered,1.9887560979472162e-07,0,0,12,,workspace_y_upper,0,0,1,solved,osqp,0.0,valid,0.2345259575881144,0.401137676|0.416137676|0.234525958|0.241525958|0.436443585|0.48809224,0.521137676|0.536137676|0.354525958|0.361525958|0.556443585|0.60809224,0.521137676|0.536137676|0.354525958|0.361525958|0.556443585|0.60809224,0.15|0.15|0.15|0.15|0.15|0.15,0|0|0.025091411|0.025091411|0.104226683|0.122374196,-0.124171285|0|-0.205522167|-0.205522167|-0.274108934|-0.275713587,1.48037942|1.6645507|0.757673074|0.785673074|1.57589209|1.79902957,0.359104931|-0.383363277|0.53000164,0.0349684916|0.273589045|-0.00408786954,0.005352703854441643,0.0015405351296067238,0.0014141034334897995,0.0023026997223496437
15,0.8,-0.5431249864206646,0.20582158863544464,0.3639693856239319,0.36785706877708435,0.1873212605714798,0.35,2,0,0,0,0.6611032485961914,4.238125324249268,124.80220794677734,0.6611025929450989,1.0,0.2255864982849186,0,0,0,0,0.3446689396179114,0.0,filtered,8.203330685928962e-07,0,0,12,,workspace_y_upper,0,0,1,solved,osqp,0.0,valid,0.2255864982849186,0.395043834|0.410043834|0.225586498|0.232586498|0.427957735|0.480416081,0.515043834|0.530043834|0.345586498|0.352586498|0.547957735|0.600416081,0.515043834|0.530043834|0.345586498|0.352586498|0.547957735|0.600416081,0.15|0.15|0.15|0.15|0.15|0.15,0|0|0.0311599095|0.0311599095|0.147974756|0.172127093,-0.119553574|0|-0.202261522|-0.202261522|-0.273971181|-0.275741994,1.46062176|1.64017534|0.73124438|0.75924438|1.58583452|1.81804942,0.360853374|-0.369683653|0.529797077,0.0349684916|0.273589045|-0.00408786954,0.0055059511214494705,0.001670309342443943,0.0015991376712918282,0.002133568748831749
16,0.8500000000000001,-0.4906465136349118,0.23112811148166656,0.3635667562484741,0.35812610387802124,0.21143478155136108,0.35,2,0,0,0,0.6028000116348267,4.903221607208252,153.5387725830078,0.5936650633811951,1.0,0.21712342281690644,0,0,0,0,0.3446689396179114,0.0,filtered,0.05063869926715388,0,0,12,,workspace_y_upper,0,0,1,solved,osqp,0.0,valid,0.21712342281690644,0.389184061|0.404184051|0.217123423|0.224123423|0.421668253|0.475218985,0.509184061|0.524184051|0.337123423|0.344123423|0.541668253|0.595218985,0.509184061|0.524184051|0.337123423|0.344123423|0.541668253|0.595218985,0.15|0.15|0.15|0.15|0.15|0.15,0|0|0.0126722453|0.0126722453|0.0595944885|0.0733294394,-0.114808709|0|-0.199318852|-0.199318852|-0.273889718|-0.275794467,1.44192753|1.6167362|0.681847085|0.709847085|1.47237778|1.69841091,0.362601817|-0.35600403|0.529592514,0.0349684916|0.273589045|-0.00408786954,0.005753680132329464,0.0016627069562673569,0.0016990117728710175,0.002288888208568096
17,0.9,-0.5074554884746215,0.2262786626815796,0.364326149225235,0.3492947220802307,0.2054349035024643,0.35,2,0,0,0,0.7211281657218933,4.517373085021973,157.56405639648438,0.7211273312568665,1.0,0.20789312552777023,0,0,0,0,0.3446689396179114,0.0,filtered,1.0543974757158117e-06,0,0,12,,workspace_y_upper,0,0,1,solved,osqp,0.0,valid,0.20789312552777023,0.3835647|0.398564684|0.207893126|0.214893126|0.411005831|0.465133551,0.5035647|0.518564684|0.327893126|0.334893126|0.531005831|0.585133551,0.5035647|0.518564684|0.327893126|0.334893126|0.531005831|0.585133551,0.15|0.15|0.15|0.15|0.15|0.15,0|0|0.0260512669|0.0260512669|0.128978125|0.149541697,-0.109937306|0|-0.195640744|-0.195640744|-0.273787049|-0.275796374,1.42432149|1.59425874|0.661983025|0.689983025|1.4992144|1.73427953,0.364350259|-0.342324406|0.529387951,0.0349684916|0.273589045|-0.00408786954,0.00560874305665493,0.0015818271785974503,0.0016892766579985619,0.0022313594818115234
18,0.9500000000000001,-0.5400135916423144,0.2564597725868225,0.3650868535041809,0.3394528031349182,0.23419472575187683,0.35,2,0,0,0,0.6253252029418945,5.730899333953857,199.47247314453125,0.6253246068954468,1.0,0.1995083436459335,0,0,0,0,0.3446689396179114,0.0,filtered,7.05431091391874e-07,0,0,12,,workspace_y_upper,0,0,1,solved,osqp,0.0,valid,0.1995083436459335,0.378192052|0.393192052|0.199508344|0.206508344|0.403774093|0.45880344,0.498192052|0.513192052|0.319508344|0.326508344|0.523774093|0.57880344,0.498192052|0.513192052|0.319508344|0.326508344|0.523774093|0.57880344,0.15|0.15|0.15|0.15|0.15|0.15,0|0|0.00213906329|0.00213906329|0.0660661198|0.0823973006,-0.104940482|0|-0.192348745|-0.192348745|-0.273610732|-0.275800193,1.40782773|1.57276821|0.607823693|0.635823693|1.40755176|1.64181087,0.366098702|-0.328644782|0.529183388,0.0349684916|0.273589045|-0.00408786954,0.005793627351522446,0.0017922036349773407,0.0016385950148105621,0.0022568562999367714
19,1.0,-0.5167344010513306,0.2486306130886078,0.3650319576263428,0.3306581974029541,0.22529242932796478,0.35,2,0,0,0,0.6387636065483093,5.094363212585449,198.5688018798828,0.6387629508972168,1.0,0.19008720656390854,0,0,0,0,0.3446689396179114,0.0,filtered,1.0427015906164145e-06,0,0,12,,workspace_y_upper,0,0,1,solved,osqp,0.0,valid,0.19008720656390854,0.37307235|0.38807235|0.190087207|0.197087207|0.393475016|0.449199871,0.49307235|0.50807235|0.310087207|0.317087207|0.513475016|0.569199871,0.49307235|0.50807235|0.310087207|0.317087207|0.513475016|0.569199871,0.15|0.15|0.15|0.15|0.15|0.15,0|0|0.0250005226|0.0250005226|0.0690740159|0.0785213012,-0.0998198909|0|-0.189215846|-0.189215846|-0.273690657|-0.275821164,1.39246951|1.5522894|0.596133503|0.624133503|1.36928342|1.59949962,0.367847145|-0.314965159|0.528978825,0.0349684916|0.273589045|-0.00408786954,0.005839703604578972,0.0017600907012820244,0.0016617486253380775,0.0023081647232174873
20,1.05,-0.5640193440290461,0.253550261259079,0.36721256375312805,0.3222738802433014,0.22907355427742004,0.35,2,0,0,0,0.6783388257026672,3.909013271331787,126.21653747558594,0.7221798300743103,1.0,0.18196849611857813,0,0,0,0,0.3446689396179114,0.0,filtered,0.08870978842519894,0,1,12,workspace_y_upper,workspace_y_upper,2,0,0,inaccurate_solution,,0.0,valid,0.18196849611857813,0.36821173|0.38321173|0.181968496|0.188968496|0.383373041|0.43946809,0.48821173|0.50321173|0.301968496|0.308968496|0.503373041|0.55946809,0.48821173|0.50321173|0.301968496|0.308968496|0.503373041|0.55946809,0.15|0.15|0.15|0.15|0.15|0.15,0|0|0.0255952795|0.0255952795|0.120607257|0.136306007,-0.09457775|0|-0.184275695|-0.184275695|-0.273380391|-0.275800974,1.37826917|1.53284692|0.569193569|0.597193569|1.38071903|1.61837739,0.369595587|-0.301285535|0.528774261,0.0349684916|0.273589045|-0.00408786954,0.005976058542728424,0.0017012944445014,0.0016349460929632187,0.002524319104850292
21,1.1,-0.6136163556476106,0.28256940841674805,0.3702338933944702,0.3130894899368286,0.256618857383728,0.35,2,0,0,0,0.6113863587379456,5.016714096069336,149.88638305664062,0.6208444833755493,1.0,0.17414670766834717,0,0,0,0,0.3446689396179114,0.0,filtered,0.02298556875736203,0,0,12,,workspace_y_upper,0,0,1,solved,osqp,3.3909356920991396e-07,valid,0.17414670766834717,0.3636162|0.378616189|0.174146708|0.181146708|0.375729477|0.432463475,0.4836162|0.498616189|0.294146708|0.301146708|0.495729477|0.552463475,0.4836162|0.498616189|0.294146708|0.301146708|0.495729477|0.552463475,0.15|0.15|0.15|0.15|0.15|0.15,0|0|0.0035205895|0.0035205895|0.0954841351|0.112726687,-0.0892168686|0|-0.180138036|-0.180138036|-0.27312913|-0.275786238,1.36524793|1.51446475|0.519969384|0.547969384|1.32527291|1.56679435,0.37134403|-0.287605911|0.528569698,0.0349684916|0.273589045|-0.00408786954,0.0034370720386505127,0.0009548673406243324,0.0009712874889373779,0.0014491574838757515
22,1.1500000000000001,-0.5994593953345657,0.2870807349681854,0.3721153736114502,0.3043631613254547,0.2599644362926483,0.35,2,0,0,0,0.5927371382713318,3.9652414321899414,136.33982849121094,0.5965917706489563,1.0,0.16541206020805166,0,0,0,0,0.3446689396179114,0.0,filtered,0.01150252699960242,0,0,12,,workspace_y_upper,0,0,1,solved,osqp,2.0382911188054909e-07,valid,0.16541206020805166,0.359291616|0.374291616|0.16541206|0.17241206|0.366819582|0.42425496,0.479291616|0.494291616|0.28541206|0.29241206|0.486819582|0.54425496,0.479291616|0.494291616|0.28541206|0.29241206|0.486819582|0.54425496,0.15|0.15|0.15|0.15|0.15|0.15,0|0|0.0141767146|0.0141767146|0.0616025085|0.0705560111,-0.0837406682|0|-0.17677647|-0.17677647|-0.273187631|-0.275811216,1.35342579|1.49716646|0.499048486|0.527048486|1.2556932|1.49176463,0.373092473|-0.273926288|0.528365135,0.0349684916|0.273589045|-0.00408786954,0.004850054159760475,0.0009848736226558685,0.0009552249684929848,0.0028424421325325966
23,1.2000000000000002,-0.5627401116962449,0.2904893755912781,0.3717857897281647,0.296127587556839,0.26249539852142334,0.35,2,0,0,0,0.5684460997581482,4.164011478424072,111.9911880493164,0.6395747065544128,1.0,0.15738894636210232,0,0,0,0,0.3446689396179114,0.0,filtered,0.17672906654750167,0,1,12,workspace_y_upper,workspace_y_upper,0,0,1,solved,osqp,1.2022598958050246e-08,valid,0.15738894636210232,0.355243644|0.370243644|0.157388946|0.164388946|0.356305622|0.414050711,0.475243644|0.490243644|0.277388946|0.284388946|0.476305622|0.534050711,0.475243644|0.490243644|0.277388946|0.284388946|0.476305622|0.534050711,0.15|0.15|0.15|0.15|0.15|0.15,0|0|0.021330295|0.021330295|0.0471560993|0.0509310939,-0.0781531996|0|-0.171612054|-0.171612054|-0.27299496|-0.275797867,1.34282138|1.48097458|0.479274026|0.507274026|1.19938363|1.43133607,0.374840915|-0.260246664|0.528160572,0.0349684916|0.273589045|-0.00408786954,0.004029847681522369,0.0009695319458842278,0.000978107564151287,0.002016700804233551
24,1.25,-0.5880282702670229,0.3046834170818329,0.3720216751098633,0.2879179120063782,0.27578267455101013,0.35,2,0,0,0,0.6010550856590271,4.794436931610107,74.81107330322266,0.68816739320755,1.0,0.150028864401692,0,0,0,0,0.3446689396179114,0.0,filtered,0.22679355113147356,0,1,12,workspace_y_upper|joint_4_acceleration_lower,workspace_y_upper,0,0,1,solved,osqp,1.913503411277162e-09,valid,0.150028864401692,0.351477753|0.366477753|0.150028864|0.157028864|0.345050039|0.40283161,0.471477753|0.486477753|0.270028864|0.277028864|0.465050039|0.52283161,0.471477753|0.486477753|0.270028864|0.277028864|0.465050039|0.52283161,0.15|0.15|0.15|0.15|0.15|0.15,0|0|0.0149356721|0.0149356721|0.0530375145|0.0581178115,-0.0724591757|0|-0.165226193|-0.165226193|-0.272596247|-0.27574997,1.33345184|1.46591101|0.449824937|0.477824937|1.16064142|1.39369428,0.376589358|-0.2465671|0.527956009,0.0349684916|0.273589045|-0.00408786954,0.0035755829885601997,0.0010129399597644806,0.001003882847726345,0.001493317075073719
25,1.3,-0.6502007040367295,0.32152536511421204,0.3746130168437958,0.27964574098587036,0.2916678190231323,0.35,2,0,0,0,0.6730692982673645,3.6896650791168213,87.06643676757812,0.7398373484611511,1.0,0.14266364076665627,0,0,0,0,0.3446689396179114,0.0,filtered,0.22345329550383833,0,1,12,workspace_y_upper,workspace_y_upper,0,0,1,solved,osqp,1.2449155248339672e-08,valid,0.14266364076665627,0.347999158|0.362999158|0.142663641|0.149663641|0.334081663|0.391946666,0.467999158|0.482999158|0.262663641|0.269663641|0.454081663|0.511946666,0.467999158|0.482999158|0.262663641|0.269663641|0.454081663|0.511946666,0.15|0.15|0.15|0.15|0.15|0.15,0|0|0.00708543911|0.00708543911|0.0558077869|0.0632642567,-0.0666639529|0|-0.159052753|-0.159052753|-0.272266992|-0.275705964,1.32533268|1.45199663|0.418687249|0.446687249|1.11986745|1.35534496,0.378337801|-0.232887655|0.527751446,0.0349684916|0.273589045|-0.00408786954,0.005316469818353653,0.0010789576917886734,0.0017591221258044243,0.002377089112997055
26,1.35,-0.6472317074014111,0.33641326427459717,0.37611645460128784,0.2714267075061798,0.30569130182266235,0.35,2,0,0,0,0.5766529440879822,2.879910707473755,99.61840057373047,0.6403753161430359,1.0,0.1352075361781186,0,0,0,0,0.3446689396179114,0.0,filtered,0.21003585042186976,0,1,12,workspace_y_upper,workspace_y_upper,0,0,1,solved,osqp,1.1743796213270485e-08,valid,0.1352075361781186,0.344812731|0.359812731|0.135207536|0.142207536|0.323257395|0.38130933,0.464812731|0.479812731|0.255207536|0.262207536|0.443257395|0.50130933,0.464812731|0.479812731|0.255207536|0.262207536|0.443257395|0.50130933,0.15|0.15|0.15|0.15|0.15|0.15,0|0|0.00317145844|0.00317145844|0.043936258|0.050423669,-0.0607734508|0|-0.153069915|-0.153069915|-0.27207845|-0.275691746,1.31847747|1.43925092|0.390931688|0.418931688|1.06488739|1.29996924,0.380086243|-0.219208211|0.527546883,0.0349684916|0.273589045|-0.00408786954,0.003648080863058567,0.001045161858201027,0.0010157423093914986,0.0015195105224847794
27,1.4000000000000001,-0.666158542954409,0.34301578998565674,0.37812158465385437,0.2636403441429138,0.3117818534374237,0.35,2,0,0,0,0.5205861926078796,3.3144328594207764,98.25691223144531,0.5959687829017639,1.0,0.1278575638712195,0,0,0,0,0.3446689396179114,0.0,filtered,0.23339927627875576,0,1,12,workspace_y_upper,workspace_y_upper,0,0,1,solved,osqp,1.3344434932061056e-08,valid,0.1278575638712195,0.341923075|0.356923075|0.127857564|0.134791412|0.311859943|0.370044053,0.461923075|0.476923075|0.247857564|0.254791412|0.431859943|0.490044053,0.461923075|0.476923075|0.247857564|0.254791412|0.431859943|0.490044053,0.15|0.15|0.15|0.15|0.15|0.15,0|0|0.00769224623|0.00836637092|0.0317980484|0.0352055762,-0.0547942608|0|-0.146704446|-0.151092678|-0.271902052|-0.275678606,1.31289804|1.4276923|0.372418056|0.396439339|1.00733577|1.23970318,0.381834686|-0.205528766|0.527342319,0.0349684916|0.273589045|-0.00408786954,0.0061143534258008,0.001785513013601303,0.0016734562814235687,0.002543950453400612
28,1.4500000000000002,-0.6467860712949778,0.3377080261707306,0.37927189469337463,0.2567186951637268,0.3065966069698334,0.35,2,0,0,0,0.5446143746376038,2.604081869125366,45.67843246459961,0.6004729866981506,1.0,0.12108567388110142,0,0,0,0,0.3446689396179114,0.0,filtered,0.20701682006575045,0,1,12,workspace_y_upper,workspace_y_upper,0,0,1,solved,osqp,1.1846619848293605e-08,valid,0.12108567388110142,0.339334446|0.354334446|0.121085674|0.127697959|0.299864965|0.358019284,0.459334446|0.474334446|0.241085674|0.247697959|0.419864965|0.478019284,0.459334446|0.474334446|0.241085674|0.247697959|0.419864965|0.478019284,0.15|0.15|0.15|0.15|0.15|0.15,0|0|0.0208579782|0.0213028402|0.0211933308|0.0200519911,-0.0487335755|0|-0.139317408|-0.150161683|-0.271622344|-0.275646384,1.30860421|1.41733779|0.365883265|0.381932994|0.949030846|1.17648274,0.383583128|-0.191849321|0.527137756,0.0349684916|0.273589045|-0.00408786954,0.005799820646643639,0.0017344579100608826,0.0016781995072960854,0.002284740097820759
29,1.5,-0.6057104284356303,0.33698293566703796,0.378250390291214,0.25038424134254456,0.3064269721508026,0.35,2,0,0,0,0.5824554562568665,3.111039161682129,71.88209533691406,0.6357868313789368,1.0,0.11539896436133446,0,0,0,0,0.3446689396179114,0.0,filtered,0.2171975423695678,0,1,12,workspace_y_upper,workspace_y_upper,0,0,1,solved,osqp,1.1405595502778088e-08,valid,0.11539896436133446,0.337050728|0.352050728|0.115398964|0.121307665|0.287367154|0.345247236,0.457050728|0.472050728|0.235398964|0.241307665|0.407367154|0.465247236,0.457050728|0.472050728|0.235398964|0.241307665|0.407367154|0.465247236,0.15|0.15|0.15|0.15|0.15|0.15,0|0|0.0253034743|0.0255237983|0.0188056875|0.0158591566,-0.0425991603|0|-0.130403299|-0.14897478|-0.271092724|-0.275566181,1.30560375|1.40820291|0.356496033|0.361779679|0.897181581|1.12128192,0.385331571|-0.178169876|0.526933193,0.0349684916|0.273589045|-0.00408786954,0.005775892175734043,0.0016961758956313133,0.001668933779001236,0.002283630892634392
30,1.55,-0.5911905497235833,0.34436050057411194,0.37614697217941284,0.2443080097436905,0.3145468533039093,0.35,2,0,0,0,0.6734164357185364,4.1454620361328125,36.48919677734375,0.7190558314323425,1.0,0.11040714664661877,0,0,0,0,0.3446689396179114,0.0,filtered,0.2212519857805148,0,1,12,workspace_y_upper,workspace_y_upper,0,0,1,solved,osqp,1.0079495901121893e-08,valid,0.11040714664661877,0.335075401|0.350075401|0.110407147|0.115192451|0.274782252|0.332271668,0.455075401|0.470075401|0.230407147|0.235192451|0.394782252|0.452271668,0.455075401|0.470075401|0.230407147|0.235192451|0.394782252|0.452271668,0.15|0.15|0.15|0.15|0.15|0.15,0|0|0.0210465293|0.0227857915|0.0260396659|0.0240830613,-0.0363993134|0|-0.120761831|-0.147739399|-0.270408129|-0.275443664,1.30390229|1.40030161|0.341913285|0.335816195|0.854760547|1.07772607,0.387080014|-0.164490432|0.52672863,0.0349684916|0.273589045|-0.00408786954,0.005895262584090233,0.001762176863849163,0.0017630020156502724,0.002260279841721058
31,1.6,-0.6449276643952933,0.3675408661365509,0.3758407235145569,0.23823826014995575,0.3321508467197418,0.35,2,0,0,0,0.6889739036560059,1.9666602611541748,79.64015197753906,0.7346897125244141,1.0,0.10567200621350875,0,0,0,0,0.3446689396179114,0.0,filtered,0.2299373980506297,0,1,12,workspace_y_upper,workspace_y_upper,0,0,1,solved,osqp,9.014688433228724e-09,valid,0.10567200621350875,0.333411521|0.348411518|0.105672006|0.1090009|0.262596911|0.319717973,0.453411521|0.468411518|0.225672006|0.2290009|0.382596911|0.439717973,0.453411521|0.468411518|0.225672006|0.2290009|0.382596911|0.439717973,0.15|0.15|0.15|0.15|0.15|0.15,0|0|0.0112256699|0.0156870397|0.0322243844|0.032878797,-0.0301428184|0|-0.111155512|-0.146523349|-0.269682637|-0.27528791,1.30350326|1.39364607|0.322758183|0.305167292|0.812929393|1.03646278,0.388828456|-0.150810987|0.526524067,0.0349684916|0.273589045|-0.00408786954,0.005835305899381638,0.0017783334478735924,0.0017002644017338753,0.0022452380508184433
32,1.6500000000000001,-0.7050329537878424,0.3921324908733368,0.3773441016674042,0.23222891986370087,0.35485681891441345,0.35,2,0,0,0,0.6099914908409119,3.259622812271118,73.77718353271484,0.6556718349456787,1.0,0.10090528073077193,0,0,0,0,0.3446689396179114,0.0,filtered,0.22010858536744202,0,1,12,workspace_y_upper,workspace_y_upper,0,0,1,solved,osqp,7.880817564503984e-09,valid,0.10090528073077193,0.332061689|0.347061689|0.100905281|0.102507598|0.250744651|0.307602913,0.452061689|0.467061689|0.220905281|0.222507598|0.370744651|0.427602913,0.452061689|0.467061689|0.220905281|0.222507598|0.370744651|0.427602913,0.15|0.15|0.15|0.15|0.15|0.15,0|0|0.00351344478|0.00889206116|0.0274390648|0.0297480081,-0.0238388883|0|-0.101831081|-0.14546417|-0.269077112|-0.275165333,1.30440787|1.38824676|0.305303486|0.273458283|0.761340556|0.984994328,0.390576899|-0.137131542|0.526319504,0.0349684916|0.273589045|-0.00408786954,0.005816127173602581,0.001738429069519043,0.0016563013195991516,0.0023138197138905525
33,1.7000000000000002,-0.7062395136909121,0.4046609103679657,0.37813884019851685,0.22699777781963348,0.3654763400554657,0.35,2,0,0,0,0.4984123110771179,3.5990898609161377,55.7368049621582,0.5526688098907471,1.0,0.09571390774264033,0,0,0,0,0.3446689396179114,0.0,filtered,0.22237199540363256,0,1,12,workspace_y_upper,workspace_y_upper,0,0,1,solved,osqp,7.837739263161225e-09,valid,0.09571390774264033,0.331028041|0.346028034|0.096215808|0.0957139077|0.238676349|0.295334585,0.451028041|0.466028034|0.216215808|0.215713908|0.358676349|0.415334585,0.451028041|0.466028034|0.216215808|0.215713908|0.358676349|0.415334585,0.15|0.15|0.15|0.15|0.15|0.15,0|0|0.0122296521|0.013803702|0.0139945353|0.0133247865,-0.0174971031|0|-0.0924079007|-0.14471837|-0.268617902|-0.275105074,1.30661506|1.38411214|0.304684983|0.251940962|0.700082031|0.919558055,0.392325342|-0.123452097|0.526114941,0.0349684916|0.273589045|-0.00408786954,0.005800258368253708,0.0016403822228312492,0.001622379757463932,0.0024339640513062477
34,1.75,-0.6701730814922351,0.4043920338153839,0.37707453966140747,0.22313569486141205,0.363560289144516,0.35,2,0,0,0,0.5180830359458923,2.383359909057617,70.8788070678711,0.5668561458587646,1.0,0.08920057019861777,0,0,0,0,0.3446689396179114,0.0,filtered,0.21676868856087397,0,1,12,workspace_y_upper,workspace_y_upper,0,0,1,solved,osqp,7.3031425282255036e-09,valid,0.08920057019861777,0.330312223|0.345312209|0.0924782575|0.0892005702|0.225966067|0.282249533,0.450312223|0.465312209|0.212478257|0.20920057|0.345966067|0.402249533,0.450312223|0.465312209|0.212478257|0.20920057|0.345966067|0.402249533,0.15|0.15|0.15|0.15|0.15|0.15,0|0|0.0327868449|0.0287434459|0.00612709233|-5.78265711e-05,-0.0111273396|0|-0.0818359212|-0.144030785|-0.267971477|-0.274992733,1.31012155|1.38124883|0.320863954|0.241514941|0.642019881|0.853947574,0.394073784|-0.109772652|0.525910378,0.0349684916|0.273589045|-0.00408786954,0.005190719850361347,0.001515439711511135,0.0014006951823830605,0.002179780974984169
35,1.8,-0.6492088764287776,0.4218815863132477,0.37404564023017883,0.21908904612064362,0.37937185168266296,0.35,3,0,0,0,0.5761939883232117,4.50244140625,95.5427474975586,0.6272352933883667,1.0,0.08347692895045128,0,0,0,0,0.3446689396179114,0.0,filtered,0.2371801648633004,0,1,12,workspace_y_upper,workspace_y_upper,0,0,1,solved,osqp,6.759981878087795e-09,valid,0.08347692895045128,0.329915383|0.344915383|0.090342423|0.083476929|0.212949244|0.268550508,0.449915383|0.464915383|0.210342423|0.203476929|0.332949244|0.388550508,0.449915383|0.464915383|0.210342423|0.203476929|0.332949244|0.388550508,0.15|0.15|0.15|0.15|0.15|0.15,0|0|0.0303894092|0.0282009738|0.0118992077|0.00557386165,-0.00473969649|0|-0.0697586725|-0.142989414|-0.266844943|-0.274712546,1.31492183|1.37966153|0.322000429|0.219119276|0.59685124|0.805063347,0.395822227|-0.0960932076|0.525705814,0.0349684916|0.273589045|-0.00408786954,0.0037705088034272194,0.0012224800884723663,0.0009721061214804649,0.0014980733394622803
36,1.85,-0.6785679362470546,0.4541362524032593,0.37118053436279297,0.21278177201747894,0.4096304774284363,0.35,3,0,0,0,0.5622924566268921,2.129815101623535,73.70748901367188,0.6237292289733887,0.9724633412354355,0.07779706729883484,0,0,0,0,0.3446689396179114,0.0,filtered,0.26110539823521733,0,1,12,workspace_y_upper,workspace_y_upper,0,0,1,solved,osqp,5.9936952623296236e-09,valid,0.07779706729883484,0.329827444|0.344827444|0.0887039631|0.0777970673|0.200274258|0.255134169,0.449827444|0.464827444|0.208703963|0.197797067|0.320274258|0.375134169,0.449827444|0.464827444|0.208703963|0.197797067|0.320274258|0.375134169,0.137057452|0.137057452|0.15|0.15|0.15|0.15,0|0|0.0144024664|0.0173955784|0.016931113|0.0140683169,1.74977165e-18|0|-0.057667618|-0.1418524|-0.265494823|-0.274308651,1.31930978|1.37930978|0.311550701|0.186731448|0.55253332|0.760296342,0.39757067|-0.0824137628|0.525501251,0.0349684916|0.273589045|-0.00408786954,0.005956155247986317,0.001690995879471302,0.001795545220375061,0.002366391010582447
37,1.9000000000000001,-0.7195635462754297,0.4809422194957733,0.36924728751182556,0.20629636943340302,0.4342082440853119,0.35,3,0,0,0,0.4613088369369507,2.7067534923553467,77.49504852294922,0.5239251852035522,0.8952454616501953,0.07161963693201562,0,0,0,0,0.3446689396179114,0.0,filtered,0.24117411605261374,0,1,12,workspace_y_upper,workspace_y_upper,0,0,1,solved,osqp,4.751804174099594e-09,valid,0.07161963693201562,0.329827333|0.344827333|0.0868337574|0.0716196369|0.187900116|0.242149649,0.449827333|0.464827333|0.206833757|0.191619637|0.307900116|0.362149649,0.449827333|0.464827333|0.206833757|0.191619637|0.307900116|0.362149649,0.0870574627|0.0870574627|0.15|0.15|0.15|0.15,0|0|0.00985613001|0.0125906283|0.0127441445|0.0110538436,-2.23011471e-18|0|-0.0461981676|-0.140947697|-0.264274578|-0.273934759,1.31930933|1.37930933|0.310992992|0.158121479|0.500070032|0.705717682,0.399319112|-0.068734318|0.525296688,0.0349684916|0.273589045|-0.00408786954,0.005912816151976585,0.0017326287925243378,0.0017022863030433655,0.0023731421679258347
38,1.9500000000000002,-0.7659915590033737,0.5095438361167908,0.3683735728263855,0.1996292620897293,0.46031224727630615,0.35,3,0,0,0,0.348893940448761,2.7864115238189697,20.833553314208984,0.418367475271225,0.8154344980356991,0.06523475984285593,0,0,0,0,0.3446689396179114,0.0,filtered,0.2250603335549257,0,1,12,workspace_y_upper,workspace_y_upper,2,0,0,inaccurate_solution,,0.0,valid,0.06523475984285593,0.329827221|0.344827215|0.0853090264|0.0652347598|0.175365918|0.229024359,0.449827221|0.464827215|0.205309026|0.18523476|0.295365918|0.349024359,0.449827221|0.464827215|0.205309026|0.18523476|0.295365918|0.349024359,0.0370574709|0.0370574406|0.15|0.15|0.15|0.15,0|0|0.00623249125|0.00784543556|0.0074088448|0.00660650918,1.71038317e-18|0|-0.0346459245|-0.140245093|-0.263104035|-0.273598658,1.31930888|1.37930886|0.312822672|0.128539382|0.445768483|0.649105288,0.401067555|-0.0550548732|0.525092125,0.0349684916|0.273589045|-0.00408786954,0.00597574096173048,0.0016990965232253075,0.0016389787197113037,0.0025319699198007584
39,2.0,-0.7421778990026804,0.46731433272361755,0.36833176016807556,0.1952006071805954,0.4170233905315399,0.35,3,0,0,0,0.28336918354034424,6.5418829917907715,118.8590316772461,0.3499999940395355,0.7329383858527424,0.0586350708682194,1,1,0,0,0.3446689396179114,0.3499999940395355,filtered,0.2408969406912898,0,1,12,workspace_y_upper|joint_5_acceleration_lower,workspace_y_upper,0,0,1,solved,osqp,7.512501296567942e-08,valid,0.0586350708682194,0.329837823|0.344837823|0.084182257|0.0586350709|0.162613992|0.215685179,0.449837823|0.464837823|0.204182257|0.178635071|0.282613992|0.335685179,0.449837823|0.464837823|0.204182257|0.178635071|0.282613992|0.335685179,0|0|0.15|0.15|0.15|0.15,0|0|0.0674146374|0.0560580015|0.0155210252|0.000624222455,0.00165558138|0|-0.0229964934|-0.139774162|-0.262002228|-0.27333245,1.32100687|1.37935129|0.381147172|0.150824123|0.403974765|0.59003249,0.402815998|-0.0413754284|0.524887562,0.0349684916|0.273589045|-0.00408786954,0.007089107297360897,0.00171759445220232,0.0016417382284998894,0.0023392802104353905
40,2.0500000000000003,-0.7353209007509673,0.4627983272075653,0.3683612644672394,0.1913360208272934,0.411841481924057,0.35,3,0,0,0,0.28279298543930054,2.472759246826172,99.70315551757812,0.3499999940395355,0.6813153538215204,0.05450522830572163,1,1,0,0,0.3446689396179114,0.3499999940395355,filtered,0.20300957406494033,0,0,12,,workspace_y_upper,0,0,1,solved,osqp,9.135028043172344e-07,valid,0.05450522830572163,0.330080339|0.345080339|0.0866764148|0.0545052283|0.150518676|0.202245602,0.450080339|0.465080339|0.206676415|0.174505228|0.270518676|0.322245602,0.450080339|0.465080339|0.206676415|0.174505228|0.270518676|0.322245602,0|0|0.15|0.15|0.15|0.15,0|0|0.0771508762|0.0649079428|0.0213200426|0.00346461063,0.00804819952|0|-0.00919286255|-0.137713837|-0.259261823|-0.272440745,1.32836956|1.38032136|0.414663673|0.145215019|0.364132922|0.540006273,0.40456444|-0.0276959836|0.524682999,0.0349684916|0.273589045|-0.00408786954,0.006620551459491253,0.0016507888212800026,0.0013876557350158691,0.0022343508899211884
41,2.1,-0.7412344233456918,0.4630369246006012,0.3687111437320709,0.1878291815519333,0.4117032289505005,0.35,3,0,0,0,0.2886068820953369,0.1963912844657898,48.955684661865234,0.3499999940395355,0.6374983083221832,0.050999864665774663,1,1,0,0,0.3446689396179114,0.3499999940395355,filtered,0.19490611069769517,0,0,12,,workspace_y_upper,0,0,1,solved,osqp,6.607877219083017e-07,valid,0.050999864665774663,0.330642204|0.345642204|0.0904381705|0.0509998647|0.138811828|0.188872832,0.450642204|0.465642204|0.21043817|0.170999865|0.258811828|0.308872832,0.450642204|0.465642204|0.21043817|0.170999865|0.258811828|0.308872832,0|0|0.129137889|0.15|0.15|0.15,0|0|0.0798663019|0.0701739889|0.0282723188|0.00797375041,0.0144278707|0|-1.79469863e-18|-0.135225145|-0.25574127|-0.271364447,1.33699669|1.38256882|0.441618984|0.138948302|0.327778362|0.492100632,0.406312883|-0.014016537|0.524478436,0.0349684916|0.273589045|-0.00408786954,0.007109426893293858,0.001737401820719242,0.0016624536365270615,0.0023362040519714355
42,2.15,-0.7439637652982677,0.45847582817077637,0.3694087862968445,0.18472324311733246,0.40710604190826416,0.35,3,0,0,0,0.29498571157455444,0.2160595953464508,0.4143097400665283,0.3499999940395355,0.5987267445872038,0.047898139566976305,1,1,0,0,0.3446689396179114,0.3499999940395355,filtered,0.1853245310379043,0,0,12,,workspace_y_upper,0,0,1,solved,osqp,4.573535858413101e-07,valid,0.047898139566976305,0.331522518|0.346522487|0.0944175946|0.0478981396|0.127659099|0.175793231,0.451522518|0.466522487|0.214417595|0.16789814|0.247659099|0.295793231,0.451522518|0.466522487|0.214417595|0.16789814|0.247659099|0.295793231,0|0|0.0682860166|0.15|0.15|0.15,0|0|0.0805412846|0.0760671479|0.0361848096|0.0131558527,0.0207844195|0|4.64483251e-18|-0.132409121|-0.251534882|-0.270034171,1.34687449|1.38608995|0.458211663|0.135250585|0.295286325|0.446294607,0.408061326|-0.000337081961|0.524273872,0.0349684916|0.273589045|-0.00408786954,0.007326476275920868,0.0018860651180148125,0.0016041062772274017,0.002314377576112747
43,2.2,-0.7414606416401961,0.44756779074668884,0.370484858751297,0.1820640116930008,0.3965528607368469,0.35,3,0,0,0,0.30182063579559326,0.23421326279640198,0.40726423263549805,0.3500000238418579,0.5656211496019053,0.04524969196815243,1,1,0,0,0.3446689396179114,0.3500000238418579,filtered,0.1741616855199448,0,0,12,,workspace_y_upper,0,0,1,solved,osqp,2.9964893867150816e-07,valid,0.04524969196815243,0.332719871|0.347719858|0.0984282841|0.045249692|0.117146714|0.163055086,0.452719871|0.467719858|0.218428284|0.165249692|0.237146714|0.283055086,0.452719871|0.467719858|0.218428284|0.165249692|0.237146714|0.283055086,0|0|0.00714629807|0.15|0.15|0.15,0|0|0.0810701514|0.082604133|0.0451351453|0.0190933634,0.0271078489|0|-9.61706676e-20|-0.129220529|-0.246531611|-0.268402561,1.35798733|1.39087943|0.474783288|0.134382372|0.267190392|0.402911146,0.409809768|0.0133423731|0.524069309,0.0349684916|0.273589045|-0.00408786954,0.006634389981627464,0.0016926443204283714,0.0013125976547598839,0.0022928183898329735
44,2.25,-0.7319570648292103,0.4284409284591675,0.3719727694988251,0.17989902198314667,0.37821662425994873,0.35,3,0,0,0,0.3089637756347656,0.2502082586288452,0.4050435423851013,0.3499999940395355,0.5388369881119965,0.043106959048959725,1,1,0,0,0.3446689396179114,0.3499999940395355,filtered,0.16133630574245492,0,0,12,,workspace_y_upper,0,0,1,solved,osqp,1.832090564838837e-07,valid,0.043106959048959725,0.334232366|0.349232363|0.102787908|0.043106959|0.107370143|0.150713381,0.454232366|0.469232363|0.222787908|0.163106959|0.227370143|0.270713381,0.454232366|0.469232363|0.222787908|0.163106959|0.227370143|0.270713381,0|0|0|0.15|0.15|0.15,0|0|0.0840650447|0.0897733235|0.0551581002|0.0258501621,0.0333884223|0|0.0119788876|-0.125613716|-0.240614535|-0.266415917,1.37031788|1.39692945|0.507195565|0.136587443|0.244024136|0.36228777,0.411558211|0.0270218197|0.523864746,0.0349684916|0.273589045|-0.00408786954,0.006402016617357731,0.0014865677803754807,0.0013887342065572739,0.002206972800195217
45,2.3000000000000003,-0.7450957040052936,0.43067193031311035,0.37390637397766113,0.17827560007572174,0.3716813623905182,0.35,3,0,0,0,0.3162250518798828,0.26344016194343567,0.4159734845161438,0.3500000238418579,0.5190476706602991,0.04152381365282393,1,1,0,0,0.3446689396179114,0.3500000238418579,filtered,0.14680229764580754,0,0,12,,workspace_y_upper,0,0,1,solved,osqp,1.0329597737758489e-07,valid,0.04152381365282393,0.336057621|0.351057613|0.107974726|0.0415238137|0.0984317824|0.138828935,0.456057621|0.471057613|0.227974726|0.161523814|0.218431782|0.258828935,0.456057621|0.471057613|0.227974726|0.161523814|0.218431782|0.258828935,0|0|0|0.15|0.15|0.15,0|0|0.0869755424|0.0975244017|0.0662261153|0.0334613243,0.0396167454|0|0.0252161084|-0.121545731|-0.233667481|-0.264014898,1.38384723|1.40423045|0.544090556|0.142073926|0.226285763|0.324762167,0.413306653|0.0407012664|0.523660183,0.0349684916|0.273589045|-0.00408786954,0.006748555228114128,0.0017616106197237968,0.0015319334343075752,0.0020527075976133347
46,2.35,-0.7612536817376304,0.43461793661117554,0.37631741166114807,0.17723871767520905,0.37405896186828613,0.35,3,0,0,0,0.32337501645088196,0.27346271276474,0.44870755076408386,0.3499999940395355,0.5069147326119613,0.04055317860895691,1,1,0,0,0.3446689396179114,0.3499999940395355,filtered,0.13056157453747128,0,1,12,workspace_y_upper,workspace_y_upper,0,0,1,solved,osqp,5.2757932709384184e-08,valid,0.04055317860895691,0.338192798|0.353192798|0.113952797|0.0405531786|0.0904373782|0.127467161,0.458192798|0.473192798|0.233952797|0.160553179|0.210437378|0.247467161,0.458192798|0.473192798|0.233952797|0.160553179|0.210437378|0.247467161,0|0|0|0.15|0.15|0.15,0|0|0.089319138|0.105759138|0.0782293661|0.0419207073,0.0457838186|0|0.038035497|-0.116979814|-0.225584766|-0.261136293,1.39855501|1.41277119|0.583165822|0.150992038|0.214394113|0.290653059,0.415055096|0.0543807112|0.52345562,0.0349684916|0.273589045|-0.00408786954,0.006349057890474796,0.0017266767099499702,0.001021072268486023,0.002338472753763199
47,2.4000000000000004,-0.7731045070072725,0.43299755454063416,0.37923213839530945,0.17682789266109467,0.37179338932037354,0.35,3,0,0,0,0.33015456795692444,0.2800297737121582,0.5042015910148621,0.3499999940395355,0.5030536348344911,0.040244290786759285,1,1,0,0,0.3446689396179114,0.3499999940395355,filtered,0.11268321597820612,0,1,12,workspace_y_upper,workspace_y_upper,0,0,1,solved,osqp,2.3832269495545344e-08,valid,0.040244290786759285,0.340634619|0.355634619|0.120671085|0.0402442908|0.0834910017|0.116695911,0.460634619|0.475634619|0.240671085|0.160244291|0.203491002|0.236695911,0.460634619|0.475634619|0.240671085|0.160244291|0.203491002|0.236695911,0|0|0|0.15|0.15|0.15,0|0|0.0909797562|0.114324821|0.090957991|0.0511673817,0.0518811054|0|0.0503728634|-0.111889674|-0.21628367|-0.257715462,1.41441958|1.42253848|0.62403696|0.16341231|0.208638327|0.260235565,0.416803539|0.0680601597|0.523251057,0.0349684916|0.273589045|-0.00408786954,0.004153282381594181,0.0009572077542543411,0.0008628005161881447,0.0015156595036387444
48,2.45,-0.781876044358485,0.4281500279903412,0.38261693716049194,0.17702679336071014,0.36811327934265137,0.35,3,0,0,0,0.33351463079452515,0.2863108515739441,1.935256838798523,0.3499999940395355,0.507987735089218,0.04063901880713744,1,1,0,0,0.3446689396179114,0.3499999940395355,filtered,0.10246692698466056,0,1,12,workspace_y_upper,workspace_y_upper,0,0,1,solved,osqp,1.0084317446194813e-08,valid,0.04063901880713744,0.343379391|0.358379391|0.128070049|0.0406390188|0.0776881724|0.106582742,0.463379391|0.478379391|0.248070049|0.160639019|0.197688172|0.226582742,0.463379391|0.478379391|0.248070049|0.160639019|0.197688172|0.226582742,0|0|0|0.15|0.15|0.15,0|0|0.0908997349|0.121997779|0.103377429|0.0606200293,0.0579005745|0|0.0621795012|-0.106264102|-0.205718776|-0.253689765,1.43141814|1.43351757|0.665359433|0.178289752|0.208411343|0.233261231,0.418551981|0.0817396045|0.523046494,0.0349684916|0.273589045|-0.00408786954,0.007262085564434528,0.0017875265330076218,0.0016878359019756317,0.002326037734746933
49,2.5,-0.8087704096080456,0.44118422269821167,0.3864445984363556,0.1778424233198166,0.3776831328868866,0.35,3,0,0,0,0.33569085597991943,0.3070606291294098,0.9823453426361084,0.3499999940395355,0.5214493593769715,0.041715948750157716,1,1,0,0,0.3446689396179114,0.3499999940395355,filtered,0.0951873413682685,0,1,12,workspace_y_upper,workspace_y_upper,0,0,1,solved,osqp,3.803094273963775e-09,valid,0.041715948750157716,0.346423035|0.361423035|0.136034794|0.0417159488|0.0730691799|0.0971661531,0.466423035|0.481423035|0.256034794|0.161715949|0.19306918|0.217166153,0.466423035|0.481423035|0.256034794|0.161715949|0.19306918|0.217166153,0|0|0|0.15|0.15|0.15,0|0|0.0897650124|0.129298841|0.115529733|0.0702361567,0.0638347542|0|0.073403964|-0.100143232|-0.193944567|-0.249033695,1.4495269|1.44569214|0.707308154|0.196019403|0.213861886|0.209867074,0.420300424|0.0954190493|0.52284193,0.0349684916|0.273589045|-0.00408786954,0.004741659387946129,0.0014251982793211937,0.000977909192442894,0.001481054350733757
50,2.5500000000000003,-0.8349321174091541,0.45204979181289673,0.3907502591609955,0.17933373153209686,0.3855070173740387,0.35,3,0,0,0,0.33984866738319397,0.2983703017234802,1.0141808986663818,0.3499999940395355,0.5434840112475088,0.043478720899800705,1,1,0,0,0.3446689396179114,0.3499999940395355,filtered,0.07965740260527979,0,1,12,workspace_y_upper,workspace_y_upper,0,0,1,solved,osqp,1.092438097448356e-09,valid,0.043478720899800705,0.349761112|0.364761102|0.144483355|0.0434787209|0.0696746349|0.0884846,0.469761112|0.484761102|0.264483355|0.163478721|0.189674635|0.2084846,0.469761112|0.484761102|0.264483355|0.163478721|0.189674635|0.2084846,0|0|0|0.15|0.15|0.15,0|0|0.0887550246|0.137341843|0.128043484|0.080495962,0.0696767594|0|0.0840288578|-0.0935564068|-0.181034979|-0.243717928,1.46872121|1.45904441|0.750717302|0.21770032|0.225707045|0.190716434,0.422048867|0.109098494|0.522637367,0.0349684916|0.273589045|-0.00408786954,0.006338772363960743,0.0014823153614997864,0.0013820584863424301,0.00205956120043993
51,2.6,-0.85935109739459,0.46010854840278625,0.3955458700656891,0.18152634799480438,0.3912552297115326,0.35,3,0,0,0,0.34424349665641785,0.2912396788597107,0.6349826455116272,0.3499999940395355,0.5748304164851739,0.04598643331881391,1,1,0,0,0.3446689396179114,0.3499999940395355,filtered,0.059057378457123035,0,1,12,workspace_y_upper,workspace_y_upper,0,0,1,solved,osqp,5.816985851336831e-10,valid,0.04598643331881391,0.353388853|0.368388853|0.153393125|0.0459864333|0.0675747651|0.0806049014,0.473388853|0.488388853|0.273393125|0.165986433|0.187574765|0.200604901,0.473388853|0.488388853|0.273393125|0.165986433|0.187574765|0.200604901,0|0|0|0.15|0.15|0.15,0|0|0.0873818126|0.14539457|0.140204346|0.0910772225,0.0754203196|0|0.0940691746|-0.0865093411|-0.167057357|-0.237685117,1.48897573|1.47355541|0.795023487|0.242830963|0.243446049|0.175811711,0.423797309|0.122777939|0.522432804,0.0349684916|0.273589045|-0.00408786954,0.006972488947212696,0.0017995629459619522,0.0015426408499479294,0.0022564539685845375
52,2.6500000000000004,-0.8761236460806032,0.46144771575927734,0.4007394015789032,0.18430228531360626,0.3913818299770355,0.35,3,0,0,0,0.3420827388763428,0.28682971000671387,3.2952797412872314,0.3499999940395355,0.6157456788818862,0.049259654310550904,1,1,0,0,0.3446689396179114,0.3499999940395355,filtered,0.06966618150416537,0,1,12,workspace_y_upper,workspace_y_upper,0,0,1,solved,osqp,2.158210342644712e-09,valid,0.049259654310550904,0.357301193|0.372301193|0.162717464|0.0492596543|0.0667974939|0.0736565904,0.477301193|0.492301193|0.282717464|0.169259654|0.186797494|0.19365659,0.477301193|0.492301193|0.282717464|0.169259654|0.186797494|0.19365659,0|0|0|0.15|0.15|0.15,0|0|0.0841463284|0.150367581|0.14877703|0.103023225,0.0810597959|0|0.103537228|-0.0790448092|-0.152159702|-0.229692468,1.51026457|1.48920477|0.838553413|0.268361389|0.263807303|0.167957119,0.425545752|0.136457384|0.522228241,0.0349684916|0.273589045|-0.00408786954,0.006733269430696964,0.0016803387552499771,0.0014494042843580246,0.0022339103743433952
53,2.7,-0.8895398303264872,0.4710639715194702,0.4056972861289978,0.18702109158039093,0.40037599205970764,0.35,3,0,0,0,0.31031978130340576,0.7304858565330505,12.504508972167969,0.3499999940395355,0.6644575178846881,0.05315660143077505,1,1,0,0,0.3446689396179114,0.3499999940395355,filtered,0.07965709709706408,0,2,12,workspace_x_lower|workspace_y_upper,workspace_x_lower,0,0,1,solved,osqp,1.1326181381665634e-08,valid,0.05315660143077505,0.3614928|0.3764928|0.172336234|0.0531566014|0.0671494591|0.0677894315,0.4814928|0.4964928|0.292336234|0.173156601|0.187149459|0.187789432,0.4814928|0.4964928|0.292336234|0.173156601|0.187149459|0.187789432,0|0|0|0.15|0.15|0.15,0|0|0.0728083747|0.14117996|0.14238115|0.105370982,0.0865901902|0|0.112434591|-0.0713319305|-0.140322911|-0.220207628,1.53256139|1.5059712|0.874587903|0.282474435|0.270656075|0.156321081,0.427294195|0.150136828|0.522023678,0.0349684916|0.273589045|-0.00408786954,0.0071925995871424675,0.0017530368641018867,0.001644396223127842,0.0022794362157583237
54,2.75,-0.9046457274447006,0.49589550495147705,0.40974268317222595,0.18903519213199615,0.42467236518859863,0.35,3,0,0,0,0.25331586599349976,1.2447606325149536,11.1474027633667,0.3499999940395355,0.7119717230470237,0.0569577378437619,1,1,0,0,0.3446689396179114,0.3499999940395355,filtered,0.1174544123613255,0,2,12,workspace_x_lower|workspace_y_upper,workspace_x_lower,0,0,1,solved,osqp,3.449619709328111e-08,valid,0.0569577378437619,0.365958108|0.380958108|0.181814668|0.0569577378|0.0675622959|0.062504074,0.485958108|0.500958108|0.301814668|0.176957738|0.187562296|0.182504074,0.485958108|0.500958108|0.301814668|0.176957738|0.187562296|0.182504074,0|0|0|0.15|0.15|0.15,0|0|0.0552729971|0.118274462|0.121329998|0.0946125736,0.092007144|0|0.120701139|-0.0639075896|-0.133337269|-0.210065798,1.55583957|1.52383243|0.903232809|0.282197824|0.258241913|0.134563071,0.429042637|0.163816273|0.521819115,0.0349684916|0.273589045|-0.00408786954,0.007080077193677425,0.0016873041167855263,0.001711064949631691,0.0022432543337345123
55,2.8000000000000003,-0.9205887420643469,0.5211285352706909,0.4129793047904968,0.19050322473049164,0.44951021671295166,0.35,3,0,0,0,0.2098027914762497,0.985927402973175,5.298190116882324,0.3500000238418579,0.714263056025709,0.05714104448205673,1,1,0,0,0.3446689396179114,0.3500000238418579,filtered,0.15673972466669134,0,2,12,workspace_x_lower|workspace_y_upper,workspace_x_lower,0,0,1,solved,osqp,5.3183959639047096e-08,valid,0.05714104448205673,0.370691349|0.385691334|0.190811679|0.0599448549|0.0672366077|0.0571410445,0.490691349|0.505691334|0.310811679|0.179944855|0.187236608|0.177141044,0.490691349|0.505691334|0.310811679|0.179944855|0.187236608|0.177141044,0|0|0|0.15|0.15|0.15,0|0|0.0419416618|0.0995746932|0.103836684|0.0838455361,0.0973069343|0|0.128326982|-0.0572443031|-0.126865652|-0.199859153,1.58007233|1.54276534|0.933515358|0.28210981|0.245917463|0.112550561,0.43079108|0.177495718|0.521614552,0.0349684916|0.273589045|-0.00408786954,0.0059139905497431755,0.0010116249322891235,0.00161079503595829,0.002356437034904957
56,2.85,-0.9372098391173024,0.5460753440856934,0.4155213534832001,0.19155965745449066,0.47429099678993225,0.35,3,0,0,0,0.17720085382461548,0.7850360870361328,4.082053184509277,0.3499999940395355,0.6465044858245176,0.05172035886596141,1,1,0,0,0.3446689396179114,0.3499999940395355,filtered,0.19016977997392603,0,2,12,workspace_x_lower|workspace_y_upper,workspace_x_lower,0,0,1,solved,osqp,7.893726454433203e-08,valid,0.05172035886596141,0.375686586|0.390686578|0.199508629|0.0622995646|0.0663340388|0.0517203589,0.495686586|0.510686578|0.319508629|0.182299565|0.186334039|0.171720359,0.495686586|0.510686578|0.319508629|0.182299565|0.186334039|0.171720359,0|0|0|0.15|0.15|0.15,0|0|0.0316935134|0.0844161801|0.0895202567|0.0738656434,0.102486459|0|0.135415872|-0.051179157|-0.120765192|-0.18949845,1.6052328|1.56274631|0.965143901|0.282435282|0.23409122|0.0912486287,0.432539523|0.191175163|0.521409988,0.0349684916|0.273589045|-0.00408786954,0.004156399518251419,0.0009550638496875763,0.0009337170049548149,0.0014614835381507874
57,2.9000000000000004,-0.9541790258360068,0.5703291296958923,0.4174787700176239,0.18796102702617645,0.49871882796287537,0.35,5,0,0,0,0.1534711867570877,0.6273092031478882,3.189619302749634,0.3499999940395355,0.5787626033100793,0.04630100826480635,1,1,0,0,0.3446689396179114,0.3499999940395355,filtered,0.21766183626502217,0,0,12,,workspace_y_upper,0,0,1,solved,osqp,1.3656368471237808e-07,valid,0.04630100826480635,0.380937739|0.395937739|0.208034783|0.0641760559|0.0650022374|0.0463010083,0.500937739|0.515937739|0.328034783|0.184176056|0.185002237|0.166301008,0.500937739|0.515937739|0.328034783|0.184176056|0.185002237|0.166301008,0|0|0|0.15|0.15|0.15,0|0|0.0237359049|0.072201|0.0779584889|0.0650094017,0.107543216|0|0.142042296|-0.0455755279|-0.114909688|-0.178881956,1.63129417|1.58375096|0.997917331|0.283329696|0.22305775|0.0713314784,0.434287965|0.204854608|0.521205425,0.0349684916|0.273589045|-0.00408786954,0.005304181016981602,0.001176547259092331,0.0010359305888414383,0.002276003360748291
58,2.95,-0.971151714423329,0.5935875177383423,0.4189509451389313,0.1812577098608017,0.5226134061813354,0.35,5,0,0,0,0.1368635892868042,0.5025498867034912,2.5152785778045654,0.3499999940395355,0.5120068890107511,0.040960551120860084,1,1,0,0,0.3446689396179114,0.3499999940395355,filtered,0.24007048492329403,0,0,12,,workspace_y_upper,0,0,1,solved,osqp,2.0394909492596654e-07,valid,0.040960551120860084,0.386438622|0.401438622|0.216483087|0.0657037306|0.0633723964|0.0409605511,0.506438622|0.521438622|0.336483087|0.185703731|0.183372396|0.160960551,0.506438622|0.521438622|0.336483087|0.185703731|0.183372396|0.160960551,0|0|0|0.15|0.15|0.15,0|0|0.0175029151|0.0624143422|0.0687423772|0.0573647018,0.112475286|0|0.148261429|-0.0403221401|-0.109191575|-0.167910275,1.65822977|1.60575449|1.03169669|0.284907125|0.213040388|0.0532966317,0.436036408|0.218534052|0.521000862,0.0349684916|0.273589045|-0.00408786954,0.004165547899901867,0.0009560016915202141,0.0009032478556036949,0.001456662081182003
59,3.0,-0.9877203416689577,0.6155486106872559,0.42002400755882263,0.17472924292087555,0.5457989573478699,0.35,5,0,0,0,0.12579305469989777,0.40340515971183777,1.9951246976852417,0.3499999940395355,0.44729543686099804,0.035783634948879844,1,1,0,0,0.3446689396179114,0.3499999940395355,filtered,0.2582547813343423,0,0,12,,workspace_y_upper,0,0,1,solved,osqp,2.7480400406490815e-07,valid,0.035783634948879844,0.392182961|0.407182961|0.224920546|0.0669906204|0.0615593349|0.0357836349,0.512182961|0.527182961|0.344920546|0.18699062|0.181559335|0.155783635,0.512182961|0.527182961|0.344920546|0.18699062|0.181559335|0.155783635,0|0|0|0.15|0.15|0.15,0|0|0.0125841729|0.0546226664|0.0615007137|0.050890935,0.117281294|0|0.154115503|-0.0353303244|-0.103521791|-0.15649426,1.68601314|1.62873184|1.06638186|0.287254824|0.204216263|0.0375312146,0.437784851|0.232213497|0.520796299,0.0349684916|0.273589045|-0.00408786954,0.0072292303666472435,0.0017953403294086456,0.001629391685128212,0.0023016929626464844
60,3.0500000000000003,-1.0034629806591264,0.6358901262283325,0.4207720160484314,0.16844861209392548,0.5680747032165527,0.35,5,0,0,0,0.11882945895195007,0.3243861794471741,1.588597297668457,0.3500000238418579,0.38570152472690544,0.030856121978152434,1,1,0,0,0.3446689396179114,0.3500000238418579,filtered,0.2729535185978599,0,0,12,,workspace_y_upper,0,0,1,solved,osqp,3.436010279346492e-07,valid,0.030856121978152434,0.398164431|0.413164431|0.233395693|0.0681270448|0.0596634817|0.030856122,0.518164431|0.533164431|0.353395693|0.188127045|0.179663482|0.150856122,0.518164431|0.533164431|0.353395693|0.188127045|0.179663482|0.150856122,0|0|0|0.15|0.15|0.15,0|0|0.00867704034|0.0484651329|0.0559084418|0.0454865468,0.121960387|0|0.159637696|-0.0305299289|-0.0978267853|-0.144559772,1.71461811|1.65265773|1.10189751|0.290443383|0.196735583|0.0243512625,0.439533293|0.245892942|0.520591736,0.0349684916|0.273589045|-0.00408786954,0.006629678420722485,0.0014755921438336372,0.0015151714906096458,0.0022071320563554764
61,3.1,-1.0178990854923524,0.6542419791221619,0.42125728726387024,0.1624864786863327,0.5891783237457275,0.35,5,0,0,0,0.1146901324391365,0.26115792989730835,1.2715293169021606,0.3499999940395355,0.3282612597396772,0.026260900779174173,1,1,0,0,0.3446689396179114,0.3499999940395355,filtered,0.2848109829568637,0,0,12,,workspace_y_upper,0,0,1,solved,osqp,4.060411100196811e-07,valid,0.026260900779174173,0.404376722|0.419376722|0.241943426|0.0691936962|0.0577713259|0.0262609008,0.524376722|0.539376722|0.361943426|0.189193696|0.177771326|0.146260901,0.524376722|0.539376722|0.361943426|0.189193696|0.177771326|0.146260901,0|0|0|0.15|0.15|0.15,0|0|0.0055624451|0.0434718622|0.0516703382|0.0410157221,0.126512237|0|0.164854952|-0.0243612328|-0.0920494069|-0.13205227,1.74401912|1.67750689|1.1381911|0.295885414|0.190706235|0.0140070557,0.441281736|0.259572506|0.520387173,0.0349684916|0.273589045|-0.00408786954,0.006524574942886829,0.001763809472322464,0.0015803556889295578,0.0016929050907492638
62,3.1500000000000004,-1.0307031501852864,0.6703009009361267,0.42153578996658325,0.15690521895885468,0.6088879108428955,0.35,5,0,0,0,0.11172468960285187,0.20871403813362122,1.1012623310089111,0.3499999940395355,0.2759485148729934,0.02207588118983947,1,1,0,0,0.3446689396179114,0.3499999940395355,filtered,0.29458733773202805,0,0,12,,workspace_y_upper,0,0,1,solved,osqp,4.053873086994151e-07,valid,0.02207588118983947,0.410813451|0.425813451|0.250588891|0.070498662|0.0559922894|0.0220758812,0.530813451|0.545813451|0.370588891|0.190498662|0.175992289|0.142075881,0.530813451|0.545813451|0.370588891|0.190498662|0.175992289|0.142075881,0|0|0|0.15|0.15|0.15,0|0|0.0031080952|0.0386686564|0.0480166608|0.0372421233,0.1309369|0|0.169789668|-0.0112271296|-0.0827562922|-0.118940206,1.7741907|1.7032538|1.17525333|0.309436175|0.189229526|0.00660544161,0.443030179|0.27325213|0.52018261,0.0349684916|0.273589045|-0.00408786954,0.0068223122507333755,0.0017391974106431007,0.0015609217807650566,0.0021500522270798683
63,3.2,-1.0411975476555426,0.6844099164009094,0.42160677909851074,0.15172098577022552,0.6276766061782837,0.35,5,0,0,0,0.10926046222448349,0.22966313362121582,3.1217761039733887,0.3499999940395355,0.229592408837348,0.01836739270698784,1,1,0,0,0.3446689396179114,0.3499999940395355,filtered,0.3025867247802107,0,1,12,workspace_x_lower,workspace_x_lower,0,0,1,solved,osqp,3.924499314758578e-08,valid,0.01836739270698784,0.417468245|0.432468245|0.259351553|0.0722059636|0.0546260944|0.0183673927,0.537468245|0.552468245|0.379351553|0.192205964|0.174626094|0.138367393,0.537468245|0.552468245|0.379351553|0.192205964|0.174626094|0.138367393,0|0|0|0.143024825|0.15|0.15,0|0|0.00347907458|0.0360047926|0.0455010152|0.0335494485,0.135234848|0|0.174461211|1.33684668e-17|-0.0693105286|-0.105220393,1.80510783|1.72987298|1.2153465|0.324828647|0.194694864|0.00179862605,0.444778621|0.286931753|0.519978046,0.0349684916|0.273589045|-0.00408786954,0.004905074834823608,0.0016800658777356148,0.0008881762623786926,0.0014765458181500435
64,3.25,-1.0476273401566902,0.6947033405303955,0.42147526144981384,0.1470053344964981,0.643801212310791,0.35,5,0,0,0,0.10871552675962448,0.29198071360588074,2.1120665073394775,0.3499999940395355,0.18974358535372401,0.015179486828297922,1,1,0,0,0.3446689396179114,0.3499999940395355,filtered,0.308576333403366,0,1,12,workspace_x_lower,workspace_x_lower,0,0,1,solved,osqp,3.7439926509758026e-08,valid,0.015179486828297922,0.424334791|0.439334791|0.26835933|0.0740071963|0.0538142109|0.0151794868,0.544334791|0.559334791|0.38835933|0.194007196|0.173814211|0.135179487,0.544334791|0.559334791|0.38835933|0.194007196|0.173814211|0.135179487,0|0|0|0.0905614865|0.15|0.15,0|0|0.0058281146|0.0347290376|0.0448211908|0.0307137289,0.139406951|0|0.17890167|-4.12352526e-18|-0.0554851308|-0.0907206562,1.83674612|1.75733916|1.25816711|0.330757823|0.204592903|0.000711020079,0.446527064|0.300611377|0.519773483,0.0349684916|0.273589045|-0.00408786954,0.0061240289360284805,0.001531517133116722,0.001474452205002308,0.0022470569238066673
65,3.3000000000000003,-1.0484636060856067,0.699105441570282,0.4211738705635071,0.14286883175373077,0.6552144885063171,0.35,5,0,0,0,0.11019480228424072,0.28882482647895813,0.5002512335777283,0.3499999940395355,0.15756566540252454,0.012605253232201963,1,1,0,0,0.3446689396179114,0.3499999940395355,filtered,0.3128221505188379,0,1,12,workspace_x_lower,workspace_x_lower,0,0,1,solved,osqp,3.377550201501267e-08,valid,0.012605253232201963,0.431406824|0.446406814|0.277701792|0.0757457423|0.053678258|0.0126052532,0.551406824|0.566406814|0.397701792|0.195745742|0.173678258|0.132605253,0.551406824|0.566406814|0.397701792|0.195745742|0.173678258|0.132605253,0|0|0|0.0372009846|0.15|0.15,0|0|0.00864019091|0.0342379989|0.0454667441|0.0291823633,0.143454415|0|0.183131082|2.44804049e-17|-0.041200022|-0.0753266822,1.86908171|1.78562726|1.30257844|0.337220968|0.218979754|0.00427669407,0.448275506|0.314291|0.51956892,0.0349684916|0.273589045|-0.00408786954,0.006432580761611462,0.0014785099774599075,0.0016257790848612785,0.002146775834262371
66,3.35,-1.0411583915949632,0.6950539350509644,0.4207329750061035,0.13942475616931915,0.659300684928894,0.35,5,0,0,0,0.11343233287334442,0.28467634320259094,0.36615926027297974,0.3499999940395355,0.13444939323691874,0.0107559514589535,1,1,0,0,0.3446689396179114,0.3499999940395355,filtered,0.3155731676256398,0,1,12,workspace_x_lower,workspace_x_lower,0,0,1,solved,osqp,2.9073224465034353e-08,valid,0.0107559514589535,0.438678149|0.453678149|0.287391582|0.0774968747|0.0543068547|0.0107559515,0.558678149|0.573678149|0.407391582|0.197496875|0.174306855|0.130755951,0.558678149|0.573678149|0.407391582|0.197496875|0.174306855|0.130755951,0|0|0|0|0.15|0.15,0|0|0.0117601194|0.0347647322|0.047301263|0.0289458635,0.147378749|0|0.18715689|0.00417102623|-0.0265283987|-0.0590802728,1.90209134|1.81471259|1.34848334|0.348923257|0.238000283|0.0128893966,0.450023949|0.327970624|0.519364357,0.0349684916|0.273589045|-0.00408786954,0.007092662155628204,0.0017545400187373161,0.0016023367643356323,0.0023222174495458603
67,3.4000000000000004,-1.0201030083945493,0.6768713593482971,0.42018383741378784,0.13678611814975739,0.6502223610877991,0.35,5,0,0,0,0.1178918331861496,0.26853787899017334,0.3802661895751953,0.3499999940395355,0.12172435429626226,0.00973794834370098,1,1,0,0,0.3446689396179114,0.3499999940395355,filtered,0.31712406209354277,0,1,12,workspace_x_lower,workspace_x_lower,0,0,1,solved,osqp,2.405096080886765e-08,valid,0.00973794834370098,0.446142652|0.461142629|0.297434047|0.0798177111|0.0557764226|0.00973794834,0.566142652|0.581142629|0.417434047|0.199817711|0.175776423|0.129737948,0.566142652|0.581142629|0.417434047|0.199817711|0.175776423|0.129737948,0|0|0|0|0.15|0.15,0|0|0.0148887575|0.0368633739|0.0500576558|0.0299395188,0.151181731|0|0.190985581|0.0175163723|-0.0115761394|-0.0420790912,1.93575234|1.84457052|1.39561053|0.373650591|0.261587207|0.026812221,0.451772392|0.341650248|0.519159794,0.0349684916|0.273589045|-0.00408786954,0.006605598144233227,0.0018741628155112267,0.001314324326813221,0.002130485139787197
68,3.45,-0.9668696878094807,0.6261423826217651,0.41955432295799255,0.135054811835289,0.6093123555183411,0.35,5,0,0,0,0.12314776331186295,0.2627844512462616,0.3691078722476959,0.3499999940395355,0.12058418209341115,0.009646734567472892,1,1,0,0,0.3446689396179114,0.3499999940395355,filtered,0.3177146987738049,0,1,12,workspace_x_lower,workspace_x_lower,0,0,1,solved,osqp,2.0318947109923546e-08,valid,0.009646734567472892,0.453794315|0.468794292|0.307819926|0.08291654|0.0581195454|0.00964673457,0.573794315|0.588794292|0.427819926|0.20291654|0.178119545|0.129646735,0.573794315|0.588794292|0.427819926|0.20291654|0.178119545|0.129646735,0|0|0|0|0.136560043|0.15,0|0|0.0181167626|0.039674825|0.0530248564|0.0320175417,0.154865372|0|0.19462242|0.0308263699|1.24617177e-17|-0.0244914733,1.97004263|1.87517717|1.44401889|0.402167355|0.285503038|0.0461130066,0.453520834|0.355329871|0.518955231,0.0349684916|0.273589045|-0.00408786954,0.007000681944191456,0.0017529241740703583,0.0016694199293851852,0.002112799324095249
69,3.5,-0.8060128526251908,0.46727636456489563,0.41887739300727844,0.1343180239200592,0.4598095715045929,0.35,5,0,0,0,0.12803681194782257,0.21648159623146057,0.9497714042663574,0.3499999940395355,0.13201132959628423,0.010560906367702738,1,1,0,0,0.3446689396179114,0.3499999940395355,filtered,0.31787313969477654,0,1,12,workspace_x_lower,workspace_x_lower,0,0,1,solved,osqp,1.799279247816088e-08,valid,0.010560906367702738,0.461627226|0.476627226|0.318544802|0.0868244983|0.0607801643|0.0105609064,0.581627226|0.596627226|0.438544802|0.206824498|0.180780164|0.130560906,0.581627226|0.596627226|0.438544802|0.206824498|0.180780164|0.130560906,0|0|0|0|0.078056349|0.15,0|0|0.0207142431|0.0425835329|0.0539543905|0.034879549,0.158431884|0|0.198073585|0.0440004974|-5.56078009e-19|-0.00651639407,2.00494079|1.9065089|1.49296704|0.433882024|0.297075048|0.0706067804,0.455269277|0.369009495|0.518750668,0.0349684916|0.273589045|-0.00408786954,0.0068558137863874435,0.0017161061987280846,0.0015911022201180458,0.0021448489278554916
70,3.5500000000000003,-0.796878999092328,0.459361732006073,0.41819629073143005,0.13461676239967346,0.4575960040092468,0.35,5,0,0,0,0.12995809316635132,0.09126272797584534,2.701545238494873,0.3499999940395355,0.1539459772078585,0.01231567817662868,1,1,0,0,0.3446689396179114,0.3499999940395355,filtered,0.31875837883840047,0,1,12,workspace_x_lower,workspace_x_lower,0,0,1,solved,osqp,1.442442862506152e-08,valid,0.01231567817662868,0.469635587|0.484635587|0.329567552|0.0915341718|0.0634891644|0.0123156782,0.589635587|0.604635587|0.449567552|0.211534172|0.183489164|0.132315678,0.589635587|0.604635587|0.449567552|0.211534172|0.183489164|0.132315678,0|0|0|0|0.0186323271|0.113163251,0|0|0.0212569715|0.0442584694|0.0536439692|0.0358697496,0.161883653|0|0.201343216|0.0569036601|1.58482507e-17|-1.31948459e-17,2.040426|1.93854235|1.54087039|0.467298817|0.307600627|0.0851324623,0.45701772|0.382689118|0.518546104,0.0349684916|0.273589045|-0.00408786954,0.007187625393271446,0.0017545875161886215,0.0016410024836659431,0.0022958703339099884
71,3.6,-0.7893345700663019,0.45266667008399963,0.4175299108028412,0.13596053421497345,0.4526667296886444,0.35,5,0,0,0,0.1305323839187622,0.053466517478227615,1.0959148406982422,0.3499999940395355,0.17673805710950694,0.014139044568760556,1,1,0,0,0.3446689396179114,0.3499999940395355,filtered,0.3198568098662881,0,1,12,workspace_x_lower,workspace_x_lower,0,0,1,solved,osqp,1.1283539486442451e-08,valid,0.014139044568760556,0.477813723|0.492813723|0.340776409|0.0969602344|0.0663978129|0.0141390446,0.597813723|0.612813723|0.460776409|0.216960234|0.186397813|0.134139045,0.597813723|0.612813723|0.460776409|0.216960234|0.186397813|0.134139045,0|0|0|0|0|0.0553940958,0|0|0.0210215239|0.0453441898|0.0549295924|0.0357579339,0.165223205|0|0.204433179|0.0693463115|0.0104463297|-9.51642752e-18,2.0764781|1.97125489|1.58856034|0.502531439|0.330967174|0.0923141122,0.458766162|0.396368742|0.518341541,0.0349684916|0.273589045|-0.00408786954,0.006670951843261719,0.0015940386801958084,0.001522132195532322,0.002148830331861973
72,3.6500000000000004,-0.78012116975099,0.44409292936325073,0.4168875515460968,0.13833428919315338,0.44409292936325073,0.35,5,0,0,0,0.13058246672153473,0.04957226291298866,0.2747962772846222,0.3499999940395355,0.199506788195088,0.01596054305560704,1,1,0,0,0.3446689396179114,0.3499999940395355,filtered,0.32091109010352936,0,1,12,workspace_x_lower,workspace_x_lower,0,0,1,solved,osqp,8.759941222923062e-09,valid,0.01596054305560704,0.48615609|0.50115609|0.352124841|0.103048527|0.0701259228|0.0159605431,0.60615609|0.62115609|0.472124841|0.223048527|0.190125923|0.135960543,0.60615609|0.62115609|0.472124841|0.223048527|0.190125923|0.135960543,0|0|0|0|0|0,0|0|0.0207745427|0.0462751877|0.0568954564|0.0357720429,0.168453185|0|0.2073518|0.0812383318|0.0253338601|0.000767486979,2.11307755|2.00462436|1.63662571|0.539707629|0.362733008|0.100381702,0.460514605|0.410048366|0.518136978,0.0349684916|0.273589045|-0.00408786954,0.006696935743093491,0.0017271311953663826,0.001420171931385994,0.0021005049347877502
73,3.7,-0.7670045294417622,0.43188798427581787,0.41625306010246277,0.14179648458957672,0.4318879544734955,0.35,5,0,0,0,0.13524813950061798,0.20423178374767303,3.6757049560546875,0.3499999940395355,0.22917865372808244,0.018334292298246596,1,1,0,0,0.3446689396179114,0.3499999940395355,filtered,0.31985743181260734,0,1,12,workspace_x_lower,workspace_x_lower,0,0,1,solved,osqp,7.075102202236741e-09,valid,0.018334292298246596,0.494657277|0.509657277|0.36360267|0.109760038|0.074680622|0.0183342923,0.614657277|0.629657277|0.48360267|0.229760038|0.194680622|0.138334292,0.614657277|0.629657277|0.48360267|0.229760038|0.194680622|0.138334292,0|0|0|0|0|0,0|0|0.0234491046|0.0498921876|0.0611958144|0.0398532307,0.17157633|0|0.210109493|0.0925442787|0.0397635994|0.0185170685,2.15020544|2.03862911|1.68796928|0.581476617|0.399681902|0.131707468,0.462263048|0.423727989|0.517932415,0.0349684916|0.273589045|-0.00408786954,0.0064394790679216385,0.001522282138466835,0.0015144282951951027,0.0022037066519260406
74,3.75,-0.751048729722706,0.4164285957813263,0.41564705967903137,0.1463303118944168,0.4164286255836487,0.35,5,0,0,0,0.1387670487165451,0.17846915125846863,0.7447072863578796,0.3499999940395355,0.2724560738365234,0.021796485906921875,1,1,0,0,0.3446689396179114,0.3499999940395355,filtered,0.31905138157040375,0,1,12,workspace_x_lower,workspace_x_lower,0,0,1,solved,osqp,5.403610677402054e-09,valid,0.021796485906921875,0.503312011|0.518312011|0.375346695|0.117204601|0.0801605559|0.0217964859,0.623312011|0.638312011|0.495346695|0.237204601|0.200160556|0.141796486,0.623312011|0.638312011|0.495346695|0.237204601|0.200160556|0.141796486,0|0|0|0|0|0,0|0|0.0256469837|0.0530415062|0.0650068635|0.0439499612,0.174595447|0|0.212720685|0.103363902|0.0538209891|0.0360358517,2.18784349|2.07324804|1.73975445|0.625223814|0.439470076|0.167171757,0.46401149|0.437407613|0.517727852,0.0349684916|0.273589045|-0.00408786954,0.004750407300889492,0.001091713085770607,0.0008805207908153534,0.0019016899168491364
75,3.8000000000000003,-0.7319633545662649,0.3979053795337677,0.4150635600090027,0.1519983857870102,0.3979054391384125,0.35,5,0,0,0,0.14695939421653748,0.23348230123519897,1.8213481903076172,0.3499999940395355,0.32912895338803144,0.026330316271042514,1,1,0,0,0.3446689396179114,0.3499999940395355,filtered,0.3159508710046642,0,1,12,workspace_x_lower,workspace_x_lower,0,0,1,solved,osqp,3.891106186825616e-09,valid,0.026330316271042514,0.512115163|0.527115162|0.387327516|0.125334857|0.086521711|0.0263303163,0.632115163|0.647115162|0.507327516|0.245334857|0.206521711|0.146330316,0.632115163|0.647115162|0.507327516|0.245334857|0.206521711|0.146330316,0|0|0|0|0|0,0|0|0.028746306|0.0580314084|0.0710665478|0.0497600995,0.177513395|0|0.215191402|0.113646389|0.0673740218|0.0530707402,2.22597405|2.10846065|1.79324777|0.673017226|0.484527414|0.208152105,0.465759933|0.451087236|0.517523289,0.0349684916|0.273589045|-0.00408786954,0.004174988716840744,0.0009569376707077026,0.000905720517039299,0.0014945901930332184
76,3.85,-0.7107588298741798,0.3768894672393799,0.4145197570323944,0.1587711125612259,0.37688952684402466,0.35,5,0,0,0,0.15471988916397095,0.21350112557411194,0.42991477251052856,0.3500000238418579,0.3999799475499149,0.03199839580399319,1,1,0,0,0.3446689396179114,0.3500000238418579,filtered,0.31271522319714773,0,1,12,workspace_x_lower,workspace_x_lower,0,0,1,solved,osqp,2.6095490547085876e-09,valid,0.03199839580399319,0.521061746|0.536061742|0.399583547|0.134218537|0.0938535621|0.0319983958,0.641061746|0.656061742|0.519583547|0.254218537|0.213853562|0.151998396,0.641061746|0.656061742|0.519583547|0.254218537|0.213853562|0.151998396,0|0|0|0|0|0,0|0|0.0314735315|0.0627745402|0.0769354202|0.0557322723,0.180333064|0|0.21752938|0.123411113|0.080404879|0.06951481,2.26458005|2.14424697|1.8473371|0.723059802|0.532754548|0.253240665,0.467508376|0.46476686|0.517318726,0.0349684916|0.273589045|-0.00408786954,0.006753464229404926,0.0017169499769806862,0.0014535309746861458,0.0021078968420624733
77,3.9000000000000004,-0.6880811513949278,0.3540246784687042,0.41403135657310486,0.16660161316394806,0.3540246784687042,0.35,5,0,0,0,0.16191475093364716,0.19371995329856873,0.43141502141952515,0.3499999940395355,0.4846389839139351,0.03877111871311481,1,1,0,0,0.3446689396179114,0.3499999940395355,filtered,0.30946074345759433,0,1,12,workspace_x_lower,workspace_x_lower,0,0,1,solved,osqp,1.62211793758478e-09,valid,0.03877111871311481,0.530146919|0.545146916|0.412089476|0.143815155|0.102115988|0.0387711187,0.650146919|0.665146916|0.532089476|0.263815155|0.222115988|0.158771119,0.650146919|0.665146916|0.532089476|0.263815155|0.222115988|0.158771119,0|0|0|0|0|0,0|0|0.0338216716|0.0671824327|0.0824763294|0.0616666671,0.183057359|0|0.219740229|0.132630711|0.0928215406|0.0851804811,2.30364503|2.18058766|1.90191981|0.775073764|0.583761821|0.301931623,0.469256818|0.478446484|0.517114162,0.0349684916|0.273589045|-0.00408786954,0.006449926644563675,0.0015234202146530151,0.00142739899456501,0.0022803042083978653
78,3.95,-0.6645784741141623,0.329977422952652,0.41361182928085327,0.17542852461338043,0.329977422952652,0.35,5,0,0,0,0.16846880316734314,0.17469345033168793,0.42227813601493835,0.3499999940395355,0.5825202010913615,0.04660161608730892,1,1,0,0,0.3446689396179114,0.3499999940395355,filtered,0.30628588772270526,0,1,12,workspace_x_lower,workspace_x_lower,0,0,1,solved,osqp,9.282283345820111e-10,valid,0.04660161608730892,0.539365986|0.554365986|0.424820031|0.154079578|0.111258758|0.0466016161,0.659365986|0.674365986|0.544820031|0.274079578|0.231258758|0.166601616,0.659365986|0.674365986|0.544820031|0.274079578|0.231258758|0.166601616,0|0|0|0|0|0,0|0|0.0357943614|0.0711894118|0.087581884|0.0673904553,0.185689188|0|0.22182981|0.141291952|0.104558888|0.0999281833,2.34315313|2.21746394|1.95690429|0.828799675|0.637175802|0.353725103,0.471005261|0.492126107|0.516909599,0.0349684916|0.273589045|-0.00408786954,0.006473850458860397,0.0017628492787480354,0.0013176826760172844,0.00209056306630373
79,4.0,-0.6408683726102233,0.3053866922855377,0.4132724404335022,0.18518094718456268,0.3053867220878601,0.35,5,0,0,0,0.17435087263584137,0.15682899951934814,0.4046737253665924,0.3499999940395355,0.6928566466192106,0.05542853172953685,1,1,0,0,0.3446689396179114,0.3499999940395355,filtered,0.3032654397991859,0,1,12,workspace_x_lower,workspace_x_lower,0,0,1,solved,osqp,4.837630539211712e-10,valid,0.05542853172953685,0.548714284|0.563714277|0.437750369|0.164962596|0.121223384|0.0554285317,0.668714284|0.683714277|0.557750369|0.284962596|0.241223384|0.175428532,0.668714284|0.683714277|0.557750369|0.284962596|0.241223384|0.175428532,0|0|0|0|0|0,0|0|0.0374048889|0.0747543669|0.0921785398|0.0727684951,0.188231413|0|0.223804076|0.149394048|0.115577772|0.113668413,2.38308855|2.25485711|2.01221044|0.883998797|0.692649846|0.408151035,0.472753704|0.505805552|0.516705036,0.0349684916|0.273589045|-0.00408786954,0.006429383531212807,0.0017818938940763474,0.0013420525938272476,0.0020025065168738365
80,4.05,-0.6174960081927565,0.2808268070220947,0.4130220413208008,0.19578273594379425,0.2808268070220947,0.35,5,0,0,0,0.1795615553855896,0.14042669534683228,0.3811035454273224,0.3500000238418579,0.8147619687313479,0.06518095749850783,1,1,0,0,0.3446689396179114,0.3500000238418579,filtered,0.3004535762029209,0,1,12,workspace_x_lower,workspace_x_lower,0,0,1,solved,osqp,2.2602403173914432e-10,valid,0.06518095749850783,0.558187403|0.573187403|0.450856642|0.176413567|0.131946774|0.0651809575,0.678187403|0.693187403|0.570856642|0.296413567|0.251946774|0.185180957,0.678187403|0.693187403|0.570856642|0.296413567|0.251946774|0.185180957,0|0|0|0|0|0,0|0|0.0386732794|0.077856855|0.096222883|0.0777039068,0.190686911|0|0.225669107|0.156946573|0.125862546|0.126358907,2.42343652|2.29274961|2.06776895|0.940457698|0.749872525|0.464786644,0.474502146|0.519484818|0.516500473,0.0349684916|0.273589045|-0.00408786954,0.007163052447140217,0.0017421143129467964,0.001631936989724636,0.0023357486352324486
81,4.1000000000000005,-0.5949303992638864,0.25678348541259766,0.4128679037094116,0.20715613663196564,0.25678351521492004,0.35,5,0,0,0,0.18412326276302338,0.12565943598747253,0.35380637645721436,0.3499999940395355,0.9472841606059567,0.07578273284847653,1,1,0,0,0.3446689396179114,0.3499999940395355,filtered,0.297884630749295,0,1,12,workspace_x_lower,workspace_x_lower,0,0,1,solved,osqp,3.5315196340174326e-10,valid,0.07578273284847653,0.567781188|0.582781188|0.464116472|0.188381732|0.143364021|0.0757827328,0.687781188|0.702781188|0.584116472|0.308381732|0.263364021|0.195782733,0.687781188|0.702781188|0.584116472|0.308381732|0.263364021|0.195782733,0|0|0|0|0|0,0|0|0.0396243088|0.0804942958|0.099698336|0.0821368129,0.193058561|0|0.227430974|0.163967378|0.135417138|0.137997311,2.46418331|2.33112475|2.12352117|0.997988603|0.808571558|0.523265055,0.476250589|0.533164084|0.51629591,0.0349684916|0.273589045|-0.00408786954,0.00655424315482378,0.001769866794347763,0.0012992257252335548,0.0022382354363799095
82,4.15,-0.5810613981438042,0.23971986770629883,0.41254910826683044,0.2159363180398941,0.23971986770629883,0.35,5,0,0,0,0.3894582986831665,8.17698860168457,164.76174926757812,0.4324980080127716,1.0,0.08715615827001771,0,1,1,0,0.3446689396179114,0.0,filtered,0.07089547312170134,0,1,12,workspace_x_lower|joint_1_acceleration_upper|joint_5_acceleration_upper,workspace_x_lower,0,0,1,solved,osqp,2.0461897495827053e-08,valid,0.08715615827001771,0.577491516|0.592491516|0.477509056|0.200817518|0.155410137|0.0871561583,0.697491516|0.712491516|0.597509056|0.320817518|0.275410137|0.207156158,0.697491516|0.712491516|0.597509056|0.320817518|0.275410137|0.207156158,0|0|0|0|0|0,0|0|-0.0452473534|0.0168156893|0.0275233059|0.0213315978,0.195349161|0|0.229095651|0.17048005|0.144260633|0.148612009,2.50531523|2.36996606|2.09388452|0.990565812|0.793424486|0.51856824,0.477999032|0.54684335|0.516091347,0.0349684916|0.273589045|-0.00408786954,0.005976228043437004,0.0018285633996129036,0.0016906503587961197,0.002346898429095745
83,4.2,-0.540796624151574,0.23164203763008118,0.41078609228134155,0.22032801806926727,0.23164205253124237,0.35,5,0,0,0,0.6485521793365479,5.829619884490967,60.58253479003906,0.6485515236854553,1.0,0.09593632259429424,0,1,1,0,0.3446689396179114,0.0,filtered,6.443410245805647e-07,0,0,12,,workspace_x_lower,0,0,1,solved,osqp,0.0,valid,0.09593632259429424,0.587314406|0.602314386|0.486807021|0.210396385|0.1642511|0.0959363226,0.707314406|0.722314386|0.606807021|0.330396385|0.2842511|0.215936323,0.707314406|0.722314386|0.606807021|0.330396385|0.2842511|0.215936323,0|0|0|0|0|0,0|0|-0.124498508|-0.0762750998|-0.0764778877|-0.0735523033,0.197561468|0|0.23073227|0.174951773|0.150119089|0.155796585,2.54681909|2.40925754|2.05346184|0.940262212|0.730645601|0.465989572,0.479747474|0.560522616|0.515886784,0.0349684916|0.273589045|-0.00408786954,0.005524308420717716,0.0014898208901286125,0.0016056271269917488,0.0022932393476366997
84,4.25,-0.4500213812132108,0.23154734075069427,0.40463578701019287,0.22038047015666962,0.23154735565185547,0.35,5,0,0,0,0.6586253046989441,4.1464385986328125,145.96762084960938,0.6586251854896545,1.0,0.10032801069803882,0,1,1,0,0.3446689396179114,0.0,filtered,1.715527667175244e-07,0,0,12,,workspace_y_upper,0,0,1,solved,osqp,0.0,valid,0.10032801069803882,0.597246009|0.612246009|0.492270833|0.215567253|0.168194745|0.100328011,0.717246009|0.732246009|0.612270833|0.335567253|0.288194745|0.220328011,0.717246009|0.732246009|0.612270833|0.335567253|0.288194745|0.220328011,0|0|0|0|0|0,0|0|-0.1714541|-0.16471438|-0.160997614|-0.16352117,0.19969818|0|0.232356918|0.178196501|0.154100689|0.160894443,2.58868221|2.44898403|2.02998615|0.875751134|0.665882053|0.398685316,0.481495917|0.574201882|0.51568222,0.0349684916|0.273589045|-0.00408786954,0.005480609834194183,0.0017326921224594116,0.0016311407089233398,0.002005484886467457
85,4.3,-0.37956904835668814,0.2367563098669052,0.395140141248703,0.2195262759923935,0.2367563396692276,0.35,5,0,0,0,0.6746287941932678,3.8247873783111572,47.07176208496094,0.6746283769607544,1.0,0.1003804650711051,0,1,1,0,0.3446689396179114,0.0,filtered,4.801706368221816e-07,0,0,12,,workspace_y_upper,0,0,1,solved,osqp,0.0,valid,0.1003804650711051,0.607282612|0.622282612|0.495421843|0.216383268|0.16800131|0.100380465,0.727282612|0.742282612|0.615421843|0.336383268|0.28800131|0.220380465,0.727282612|0.742282612|0.615421843|0.336383268|0.28800131|0.220380465,0|0|0|0|0|0,0|0|-0.181013852|-0.187987016|-0.175478277|-0.187176669,0.201761941|0|0.233982887|0.181902315|0.158511559|0.166612156,2.63089239|2.48913045|2.03465641|0.859448372|0.655038521|0.380957347,0.483244359|0.587881148|0.515477657,0.0349684916|0.273589045|-0.00408786954,0.003484634682536125,0.0009457524865865707,0.0009760316461324692,0.0015007099136710167
86,4.3500000000000005,-0.3494826456417196,0.22726258635520935,0.38535651564598083,0.22277797758579254,0.22726257145404816,0.35,5,0,0,0,0.717737078666687,3.641472101211548,73.90736389160156,0.717736542224884,1.0,0.09952627725094215,0,1,1,0,0.3446689396179114,0.0,filtered,6.201511639814434e-07,0,0,12,,workspace_y_upper,0,0,1,solved,osqp,0.0,valid,0.09952627725094215,0.617420633|0.632420633|0.498132779|0.216175664|0.167268271|0.0995262773,0.737420633|0.752420633|0.618132779|0.336175664|0.287268271|0.219526277,0.737420633|0.752420633|0.618132779|0.336175664|0.287268271|0.219526277,0|0|0|0|0|0,0|0|-0.144171153|-0.118975309|-0.0942400524|-0.114158531,0.20375533|0|0.235621702|0.186481459|0.164056108|0.173734951,2.67343786|2.52968253|2.08398166|0.932208806|0.738889141|0.457681529,0.484992802|0.601560414|0.515273094,0.0349684916|0.273589045|-0.00408786954,0.003479071892797947,0.0009762812405824661,0.0009823590517044067,0.0014557186514139175
87,4.4,-0.2982675975578971,0.21824750304222107,0.3742057681083679,0.22798432409763336,0.21824750304222107,0.35,5,0,0,0,0.7865004539489746,2.5954506397247314,31.318483352661133,0.7865002155303955,1.0,0.10277796714006687,0,1,1,0,0.3446689396179114,0.0,filtered,3.8960913203396447e-07,0,0,12,,workspace_y_upper,0,0,1,solved,osqp,0.0,valid,0.10277796714006687,0.627656616|0.642656616|0.502740309|0.21969157|0.170948463|0.102777967,0.747656616|0.762656616|0.622740309|0.33969157|0.290948463|0.222777967,0.747656616|0.762656616|0.622740309|0.33969157|0.290948463|0.222777967,0|0|0|0|0|0,0|0|-0.130318674|-0.0961443021|-0.0658563057|-0.0877479525,0.20568086|0|0.237241162|0.191682933|0.170581424|0.181725037,2.71630732|2.57062646|2.11788372|0.974304912|0.788518971|0.505088953,0.486741245|0.61523968|0.515068531,0.0349684916|0.273589045|-0.00408786954,0.0035352911800146103,0.0009442167356610298,0.0009385701268911362,0.0015925001353025436
88,4.45,-0.23786085283742076,0.2101774513721466,0.3612266480922699,0.23284460604190826,0.2101774513721466,0.35,5,0,0,0,0.859622061252594,1.838964819908142,33.705806732177734,0.8596217632293701,1.0,0.10798432484546056,0,1,1,0,0.3446689396179114,0.0,filtered,4.366377224082358e-07,0,0,12,,workspace_y_upper,0,0,1,solved,osqp,0.0,valid,0.10798432484546056,0.63798723|0.652987188|0.508169348|0.224775455|0.176580975|0.107984325,0.75798723|0.772987188|0.628169348|0.344775455|0.296580975|0.227984325,0.75798723|0.772987188|0.628169348|0.344775455|0.296580975|0.227984325,0|0|0|0|0|0,0|0|-0.142200391|-0.117670323|-0.0885618766|-0.10564317,0.20754098|0|0.238871058|0.197366657|0.1777802|0.190386121,2.7594899|2.61194875|2.12934806|0.978798154|0.795542224|0.51668025,0.488489687|0.628918946|0.514863968,0.0349684916|0.273589045|-0.00408786954,0.00350181944668293,0.0009840726852416992,0.0009824596345424652,0.0014696139842271805
89,4.5,-0.1779557971059689,0.2031884789466858,0.34647324681282043,0.2372189611196518,0.2031884789466858,0.35,5,0,0,0,0.924016535282135,1.5528028011322021,18.27900505065918,0.924015998840332,1.0,0.11284458956120691,0,1,1,0,0.3446689396179114,0.0,filtered,6.37949543792864e-07,0,0,12,,workspace_y_upper,0,0,1,solved,osqp,0.0,valid,0.11284458956120691,0.648409264|0.663409264|0.513108203|0.229143377|0.181537406|0.11284459,0.768409264|0.783409264|0.633108203|0.349143377|0.301537406|0.23284459,0.768409264|0.783409264|0.633108203|0.349143377|0.301537406|0.23284459,0|0|0|0|0|0,0|0|-0.159948679|-0.144599102|-0.113916577|-0.126180297,0.209338066|0|0.240542523|0.203271231|0.185199298|0.199273419,2.80297512|2.65363706|2.13302665|0.975245636|0.797432344|0.524471481,0.49023813|0.642598212|0.514659405,0.0349684916|0.273589045|-0.00408786954,0.005637473426759243,0.0015730280429124832,0.0017270781099796295,0.0022374913096427917
90,4.55,-0.12169635005717402,0.1949877142906189,0.33026567101478577,0.24256373941898346,0.19498774409294128,0.35,5,0,0,0,0.9574558138847351,1.715147852897644,31.900394439697266,0.9574552178382874,1.0,0.11721895701744772,0,1,1,0,0.3446689396179114,0.0,filtered,8.244081416920216e-07,0,0,12,,workspace_y_upper,0,0,1,solved,osqp,0.0,valid,0.11721895701744772,0.658919624|0.673919624|0.517273703|0.232527334|0.185681316|0.117218957,0.778919624|0.793919624|0.637273703|0.352527334|0.305681316|0.237218957,0.778919624|0.793919624|0.637273703|0.352527334|0.305681316|0.237218957,0|0|0|0|0|0,0|0|-0.16621657|-0.148498618|-0.107988979|-0.118135382,0.211074424|0|0.242273422|0.209297729|0.192651937|0.208072469,2.84675292|2.69567849|2.14515166|0.990908446|0.827388221|0.558812916,0.491986573|0.656277478|0.514454842,0.0349684916|0.273589045|-0.00408786954,0.005639051087200642,0.0017386963590979576,0.0017245151102542877,0.0020713340491056442
91,4.6000000000000005,-0.08164362105345056,0.18286430835723877,0.3136809766292572,0.2509286105632782,0.18286427855491638,0.35,5,0,0,0,0.9662684202194214,2.2634077072143555,25.974634170532227,0.9662684202194214,1.0,0.12256374252535673,0,1,1,0,0.3446689396179114,0.0,passthrough,2.839879512853751e-12,0,0,12,,workspace_y_upper,0,0,1,solved,osqp,0.0,valid,0.12256374252535673,0.66951533|0.68451533|0.521246684|0.236105178|0.190597089|0.122563743,0.78951533|0.80451533|0.641246684|0.356105178|0.310597089|0.242563743,0.78951533|0.80451533|0.641246684|0.356105178|0.310597089|0.242563743,0|0|0|0|0|0,0|0|-0.154209|-0.115153553|-0.0589630136|-0.0681515061,0.21275229|0|0.244058807|0.215413167|0.200054438|0.216553096,2.89081361|2.73806132|2.17483654|1.04468033|0.903479781|0.63865656,0.493735015|0.669956744|0.514250278,0.0349684916|0.273589045|-0.00408786954,0.005538159050047398,0.0016487566754221916,0.0016376450657844543,0.002142895944416523
92,4.65,-0.05529520543357648,0.16654713451862335,0.29763126373291016,0.2631947994232178,0.16654711961746216,0.35,5,0,0,0,0.9777281284332275,2.177532434463501,11.51612663269043,0.9777281284332275,1.0,0.13092861671317463,0,1,1,0,0.3446689396179114,0.0,passthrough,3.124027333842743e-12,0,0,12,,workspace_z_upper,0,0,1,solved,osqp,0.0,valid,0.13092861671317463,0.680193512|0.695193512|0.525934527|0.241733611|0.198409584|0.130928617,0.800193512|0.815193512|0.645934527|0.361733611|0.318409584|0.250928617,0.800193512|0.815193512|0.645934527|0.361733611|0.318409584|0.250928617,0|0|0|0|0|0,0|0|-0.133251124|-0.0636455965|0.00967181955|0.0016610233,0.214373827|0|0.245861331|0.221396317|0.207125802|0.224203658,2.93514787|2.78077405|2.21634832|1.12468516|1.01043596|0.749579148,0.495483458|0.68363601|0.514045715,0.0349684916|0.273589045|-0.00408786954,0.005761762149631977,0.0017518838867545128,0.001638786867260933,0.0022659925743937492
93,4.7,-0.1976890926352351,0.29294300079345703,0.28339773416519165,0.26282304525375366,0.2504968047142029,0.35,5,0,0,0,0.9835122227668762,1.7918498516082764,21.075389862060547,0.9835122227668762,1.0,0.14319480409795032,0,1,1,0,0.3446689396179114,0.0,passthrough,3.052288042758339e-12,0,0,12,,workspace_z_upper,0,0,1,solved,osqp,0.0,valid,0.14319480409795032,0.690951405|0.705951405|0.531776483|0.250281257|0.210029269|0.143194804,0.810951405|0.825951405|0.651776483|0.370281257|0.330029269|0.263194804,0.810951405|0.825951405|0.651776483|0.370281257|0.330029269|0.263194804,0|0|0|0|0|0,0|0|-0.102436229|0.00502777172|0.0925694056|0.0862830816,0.215941128|0|0.247643287|0.22699413|0.21355589|0.230603205,2.97974675|2.82380562|2.27231299|1.23314693|1.14624237|0.889665503,0.497231901|0.697315276|0.513841152,0.0349684916|0.273589045|-0.00408786954,0.005747702904045582,0.0016426434740424156,0.001706194132566452,0.002277554012835026
94,4.75,-0.25204122716400157,0.21469755470752716,0.2765979468822479,0.2618682086467743,0.1725780963897705,0.35,5,0,0,0,0.7910240888595581,8.201825141906738,164.03370666503906,0.6924527287483215,1.0,0.11328408925920791,0,1,1,0,0.3446689396179114,0.0,filtered,0.23772730414669516,0,0,12,joint_1_acceleration_lower|joint_4_acceleration_lower|joint_0_acceleration_upper,workspace_z_upper,0,0,1,solved,osqp,0.0,valid,0.11328408925920791,0.659510159|0.674510145|0.490543615|0.218080778|0.183594619|0.113284089,0.779510159|0.794510145|0.610543615|0.338080778|0.303594619|0.233284089,0.779510159|0.794510145|0.610543615|0.338080778|0.303594619|0.233284089,0.15|0.15|0.15|0.15|0.15|0.15,0|0|-0.0304535633|0.098384432|0.189790661|0.17911794,-0.174772015|0|-0.20239429|-0.17934544|-0.170160306|-0.188774941,2.46326862|2.69804058|1.72932661|0.791362105|0.754008829|0.443479356,0.498980343|0.689740539|0.513636589,0.0349684916|-0.273589045|-0.00408786954,0.00583109725266695,0.0017602341249585152,0.0016690781340003014,0.0022872546687722206
95,4.800000000000001,-0.3696702063167431,0.20504823327064514,0.2770405113697052,0.2642424702644348,0.1652292162179947,0.35,5,0,0,0,0.7013620138168335,5.615088939666748,86.5986099243164,0.6631733775138855,1.0,0.11273741980459295,0,1,1,0,0.3446689396179114,0.0,filtered,0.17016704749836406,0,0,12,joint_0_acceleration_upper,workspace_z_upper,0,0,1,solved,osqp,0.0,valid,0.11273741980459295,0.650833685|0.665833685|0.478748733|0.213775789|0.184304454|0.11273742,0.770833685|0.785833685|0.598748733|0.333775789|0.304304454|0.23273742,0.770833685|0.785833685|0.598748733|0.333775789|0.304304454|0.23273742,0.15|0.15|0.15|0.15|0.15|0.15,0|0|0.0138175455|0.175989312|0.26130338|0.249493085,-0.172273676|0|-0.200712713|-0.177268792|-0.167273498|-0.185807979,2.43106107|2.66333474|1.72809977|0.853823676|0.831247697|0.514634785,0.500728607|0.676061273|0.513432026,0.0349684916|-0.273589045|-0.00408786954,0.005756585858762264,0.0017045307904481888,0.0015806760638952255,0.002361414022743702
96,4.8500000000000005,-0.4570284928862919,0.20098847150802612,0.2822209894657135,0.2655486464500427,0.16360218822956085,0.35,5,0,0,0,0.5248196125030518,5.911042213439941,115.56314086914062,0.570891261100769,1.0,0.11603928258927776,0,1,1,0,0.3446689396179114,0.0,filtered,0.07504826707664222,0,1,12,workspace_z_upper|joint_3_acceleration_upper,workspace_z_upper,0,0,1,solved,osqp,6.039797023627003e-09,valid,0.11603928258927776,0.642283806|0.657283806|0.469348792|0.213653902|0.188940693|0.116039283,0.762283806|0.777283806|0.589348792|0.333653902|0.308940693|0.236039283,0.762283806|0.777283806|0.589348792|0.333653902|0.308940693|0.236039283,0.15|0.15|0.15|0.15|0.15|0.15,0|0|0.024702034|0.18101543|0.234773372|0.223499466,-0.169703871|0|-0.1984523|-0.172595428|-0.161474649|-0.179191793,2.39943135|2.62913522|1.7036449|0.86303561|0.829061493|0.508464803,0.502476692|0.662382007|0.513227463,0.0349684916|-0.273589045|-0.00408786954,0.005404800176620483,0.0014898357912898064,0.0014270301908254623,0.0023897141218185425
97,4.9,-0.47256513843165776,0.19807565212249756,0.2881550192832947,0.26619428396224976,0.16280445456504822,0.35,5,0,0,0,0.39462295174598694,4.01287841796875,85.1994400024414,0.49547213315963745,1.0,0.11862959084178432,0,1,1,0,0.3446689396179114,0.0,filtered,0.14149427394548855,0,1,12,workspace_z_upper,workspace_z_upper,0,0,1,solved,osqp,5.666083519040299e-09,valid,0.11862959084178432,0.633864233|0.648864233|0.460730496|0.214310894|0.192866446|0.118629591,0.753864233|0.768864233|0.580730496|0.334310894|0.312866446|0.238629591,0.753864233|0.768864233|0.580730496|0.334310894|0.312866446|0.238629591,0.15|0.15|0.15|0.15|0.15|0.15,0|0|0.0354913872|0.173187533|0.206492111|0.201658179,-0.16706095|0|-0.195745649|-0.165927846|-0.153681129|-0.17001968,2.36839598|2.59545693|1.68266772|0.864503264|0.824276767|0.506156862,0.504224777|0.648702741|0.5130229,0.0349684916|-0.273589045|-0.00408786954,0.005584318190813065,0.0018637143075466156,0.0014166459441184998,0.0022012153640389442
98,4.95,-0.4632757142438738,0.19821102917194366,0.2933032810688019,0.2657443583011627,0.16462118923664093,0.35,5,0,0,0,0.3551202118396759,1.8502527475357056,49.73478317260742,0.5117619633674622,1.0,0.12052315678144393,0,1,1,0,0.3446689396179114,0.0,filtered,0.21946012767071343,0,1,12,workspace_z_upper,workspace_z_upper,0,0,1,solved,osqp,6.959240239634568e-09,valid,0.12052315678144393,0.625578663|0.640578663|0.452793215|0.214903514|0.195750787|0.120523157,0.745578663|0.760578663|0.572793215|0.334903514|0.315750787|0.240523157,0.745578663|0.760578663|0.572793215|0.334903514|0.315750787|0.240523157,0.15|0.15|0.15|0.15|0.15|0.15,0|0|0.0276579977|0.147942621|0.171480985|0.170614255,-0.164343317|0|-0.19285301|-0.159154376|-0.146070248|-0.161127056,2.33797134|2.56231465|1.64597785|0.848402302|0.808413883|0.491579826,0.505972862|0.635023475|0.512818336,0.0349684916|-0.273589045|-0.00408786954,0.00584501214325428,0.0017322618514299393,0.001687387004494667,0.002314036712050438
99,5.0,-0.45635022431160627,0.20559778809547424,0.29738709330558777,0.2641434371471405,0.17332948744297028,0.35,5,0,0,0,0.34625381231307983,1.9121960401535034,23.139842987060547,0.5005257725715637,1.0,0.12126317218137728,0,1,1,0,0.3446689396179114,0.0,filtered,0.23439764075237132,0,1,12,workspace_z_upper,workspace_z_upper,0,0,1,solved,osqp,6.43155978474752e-09,valid,0.12126317218137728,0.61743087|0.63243087|0.4446087|0.214553639|0.197241333|0.121263172,0.73743087|0.75243087|0.5646087|0.334553639|0.317241333|0.241263172,0.73743087|0.75243087|0.5646087|0.334553639|0.317241333|0.241263172,0.15|0.15|0.15|0.15|0.15|0.15,0|0|0.0152682506|0.119132674|0.137139078|0.139007245,-0.161549414|0|-0.189896283|-0.152499459|-0.138718266|-0.152648925,2.30817407|2.52972348|1.60380677|0.824847769|0.787386143|0.471411009,0.507720947|0.621344209|0.512613773,0.0349684916|-0.273589045|-0.00408786954,0.003522353246808052,0.0009709475561976433,0.0009957700967788696,0.0014904281124472618
100,5.050000000000001,-0.45199336290855885,0.21320728957653046,0.3005991578102112,0.26159539818763733,0.18203666806221008,0.35,5,0,0,0,0.35588034987449646,1.5786224603652954,7.35353422164917,0.4947682023048401,1.0,0.120821040823342,0,1,1,0,0.3446689396179114,0.0,filtered,0.23727722598254924,0,1,12,workspace_z_upper,workspace_z_upper,0,0,1,solved,osqp,5.899119054353363e-09,valid,0.120821040823342,0.609424706|0.624424706|0.435952326|0.213084608|0.197370964|0.120821041,0.729424706|0.744424706|0.555952326|0.333084608|0.317370964|0.240821041,0.729424706|0.744424706|0.555952326|0.333084608|0.317370964|0.240821041,0.15|0.15|0.15|0.15|0.15|0.15,0|0|0.00490017181|0.0953775333|0.10865021|0.112019439,-0.158677731|0|-0.186881056|-0.145848132|-0.131414447|-0.144384111,2.27902109|2.49769882|1.56182842|0.801867834|0.766719617|0.450919491,0.509469032|0.607664943|0.51240921,0.0349684916|-0.273589045|-0.00408786954,0.003510507754981518,0.0009542368352413177,0.0009882869198918343,0.0015034321695566177
101,5.1000000000000005,-0.4763925898911777,0.24009984731674194,0.3034813702106476,0.2582177221775055,0.20999114215373993,0.35,5,0,0,0,0.37489473819732666,1.4527052640914917,16.382644653320312,0.48529720306396484,1.0,0.11942977138038158,0,1,1,0,0.3446689396179114,0.0,filtered,0.22055610485048577,0,1,12,workspace_z_upper,workspace_z_upper,0,0,1,solved,osqp,5.159985022595848e-09,valid,0.11942977138038158,0.601564096|0.61656408|0.426929531|0.210755158|0.196436731|0.119429771,0.721564096|0.73656408|0.546929531|0.330755158|0.316436731|0.239429771,0.721564096|0.73656408|0.546929531|0.330755158|0.316436731|0.239429771,0.15|0.15|0.15|0.15|0.15|0.15,0|0|-0.00431232701|0.0780504127|0.0853984841|0.0884635032,-0.155726816|0|-0.183784169|-0.139090533|-0.124023459|-0.136126089,2.25052957|2.46625632|1.51962163|0.781980512|0.747121948|0.4300565,0.511217117|0.593985677|0.512204647,0.0349684916|-0.273589045|-0.00408786954,0.0035743145272135735,0.0009546196088194847,0.0010656341910362244,0.0014893990010023117
102,5.15,-0.5114410832943395,0.2540598511695862,0.30725860595703125,0.25450003147125244,0.2253134548664093,0.35,5,0,0,0,0.424267441034317,2.3985137939453125,27.67803192138672,0.5259966850280762,1.0,0.11729054091407437,0,1,1,0,0.3446689396179114,0.0,filtered,0.23767948175930684,0,1,12,workspace_z_upper,workspace_z_upper,0,0,1,solved,osqp,5.327588419035134e-09,valid,0.11729054091407437,0.593853036|0.608853036|0.417604738|0.207911953|0.194727998|0.117290541,0.713853036|0.728853036|0.537604738|0.327911953|0.314727998|0.237290541,0.713853036|0.728853036|0.537604738|0.327911953|0.314727998|0.237290541,0.15|0.15|0.15|0.15|0.15|0.15,0|0|-0.00261750284|0.0768357749|0.0740318411|0.0754717068,-0.152695281|0|-0.180548152|-0.13188221|-0.116138817|-0.127285932,2.22271686|2.43541214|1.4872533|0.776601377|0.736805016|0.417347939,0.512965202|0.580306411|0.512000084,0.0349684916|-0.273589045|-0.00408786954,0.003582860343158245,0.0010066116228699684,0.001029154285788536,0.0014821114018559456
103,5.2,-0.5204951403981382,0.25693756341934204,0.3111291229724884,0.25086137652397156,0.22977325320243835,0.35,5,0,0,0,0.4696720242500305,1.6899951696395874,30.455663681030273,0.5653585195541382,1.0,0.11500966515327982,0,1,1,0,0.3446689396179114,0.0,filtered,0.2539420937891324,0,1,12,workspace_z_upper,workspace_z_upper,0,0,1,solved,osqp,5.299695793326009e-09,valid,0.11500966515327982,0.58629559|0.60129559|0.4085384|0.205418693|0.192904039|0.115009665,0.70629559|0.72129559|0.5285384|0.325418693|0.312904039|0.235009665,0.70629559|0.72129559|0.5285384|0.325418693|0.312904039|0.235009665,0.15|0.15|0.15|0.15|0.15|0.15,0|0|-0.00179979266|0.0755883185|0.0665827509|0.0679101867,-0.149581821|0|-0.177030914|-0.123676938|-0.107144175|-0.117064915,2.19560054|2.40518236|1.45532289|0.773586152|0.731054733|0.410883932,0.514713287|0.566627145|0.511795521,0.0349684916|-0.273589045|-0.00408786954,0.0033943913877010345,0.0009512826800346375,0.0009363461285829544,0.0014424659311771393
104,5.25,-0.5197883932941608,0.26086482405662537,0.3145117461681366,0.2472883015871048,0.23541133105754852,0.35,5,0,0,0,0.48922911286354065,1.4180082082748413,20.865726470947266,0.5810417532920837,1.0,0.11287824562021187,0,1,1,0,0.3446689396179114,0.0,filtered,0.26347242562000117,0,1,12,workspace_z_upper,workspace_z_upper,0,0,1,solved,osqp,5.072425292296234e-09,valid,0.11287824562021187,0.578895886|0.593895886|0.39969476|0.20328661|0.191171902|0.112878246,0.698895886|0.713895886|0.51969476|0.32328661|0.311171902|0.232878246,0.698895886|0.713895886|0.51969476|0.32328661|0.311171902|0.232878246,0.15|0.15|0.15|0.15|0.15|0.15,0|0|-0.00434503164|0.0686814597|0.0575758372|0.0590344868,-0.146385218|0|-0.17333155|-0.115112237|-0.0977896988|-0.106387756,2.16919833|2.37558355|1.42110246|0.766715662|0.724473746|0.404159713,0.516461372|0.552947879|0.511590958,0.0349684916|-0.273589045|-0.00408786954,0.0035453401505947113,0.001009528525173664,0.0009945519268512726,0.001475980505347252
105,5.300000000000001,-0.5257493075253672,0.26657524704933167,0.31768834590911865,0.24368666112422943,0.24310776591300964,0.35,5,0,0,0,0.5040063858032227,1.197893500328064,18.701171875,0.5865986347198486,1.0,0.11082566945953515,0,1,1,0,0.3446689396179114,0.0,filtered,0.25931713463106704,0,1,12,workspace_z_upper,workspace_z_upper,0,0,1,solved,osqp,4.938986386537891e-09,valid,0.11082566945953515,0.571658109|0.586658107|0.390910525|0.201228149|0.18944624|0.110825669,0.691658109|0.706658107|0.510910525|0.321228149|0.30944624|0.230825669,0.691658109|0.706658107|0.510910525|0.321228149|0.30944624|0.230825669,0.15|0.15|0.15|0.15|0.15|0.15,0|0|-0.0108212829|0.0610025744|0.0487361826|0.0493552809,-0.143104358|0|-0.169510055|-0.106512409|-0.0884340696|-0.0956574632,2.14352808|2.34663243|1.38331076|0.759402763|0.718087075|0.397000496,0.518209457|0.539268613|0.511386395,0.0349684916|-0.273589045|-0.00408786954,0.003479897975921631,0.0009384686127305031,0.000993700698018074,0.0014853039756417274
106,5.3500000000000005,-0.5296916150422027,0.26650142669677734,0.3208644688129425,0.24020151793956757,0.24541781842708588,0.35,5,0,0,0,0.5193178057670593,1.0581179857254028,12.744210243225098,0.5942685604095459,1.0,0.10885468707384743,0,1,1,0,0.3446689396179114,0.0,filtered,0.2556806978462432,0,1,12,workspace_z_upper,workspace_z_upper,0,0,1,solved,osqp,4.92600492341122e-09,valid,0.10885468707384743,0.564586497|0.579586496|0.381998378|0.19923078|0.18776572|0.108854687,0.684586497|0.699586496|0.501998378|0.31923078|0.30776572|0.228854687,0.684586497|0.699586496|0.501998378|0.31923078|0.30776572|0.228854687,0.15|0.15|0.15|0.15|0.15|0.15,0|0|-0.0184060002|0.0551669826|0.0424873884|0.0423666458,-0.139738244|0|-0.165515583|-0.0975180016|-0.0786240473|-0.0842024449,2.11860775|2.31834598|1.34407193|0.7545721|0.714926223|0.393582949,0.519957542|0.525589347|0.511181831,0.0349684916|-0.273589045|-0.00408786954,0.0035324282944202423,0.000948476605117321,0.0010509872809052467,0.0014715399593114853
107,5.4,-0.5254234493955853,0.26104485988616943,0.32389143109321594,0.23697100579738617,0.24274148046970367,0.35,5,0,0,0,0.5292885303497314,0.9052634835243225,8.351300239562988,0.5928325653076172,1.0,0.107158900538809,0,1,1,0,0.3446689396179114,0.0,filtered,0.24011197787979718,0,1,12,workspace_z_upper,workspace_z_upper,0,0,1,solved,osqp,4.761324935015354e-09,valid,0.107158900538809,0.557685336|0.572685336|0.372913782|0.197420784|0.186300316|0.107158901,0.677685336|0.692685336|0.492913782|0.317420784|0.306300316|0.227158901,0.677685336|0.692685336|0.492913782|0.317420784|0.306300316|0.227158901,0.15|0.15|0.15|0.15|0.15|0.15,0|0|-0.0277981193|0.0488096245|0.0371707107|0.0368916494,-0.136286006|0|-0.161304871|-0.0879347284|-0.0681224787|-0.0717064636,2.09445534|2.29074134|1.30255214|0.750558033|0.714249497|0.393820788,0.521705627|0.511910081|0.510977268,0.0349684916|-0.273589045|-0.00408786954,0.003432965837419033,0.0009638033807277679,0.0009411405771970749,0.0014620814472436905
108,5.45,-0.5138327558938546,0.2519266605377197,0.3265853822231293,0.2340749055147171,0.2367611527442932,0.35,5,0,0,0,0.5520513653755188,0.9947423934936523,10.06050968170166,0.5940687656402588,1.0,0.10585851530803286,0,1,1,0,0.3446689396179114,0.0,filtered,0.19779741286043892,0,1,12,workspace_z_upper,workspace_z_upper,0,0,1,solved,osqp,4.113078218292987e-09,valid,0.10585851530803286,0.550958916|0.565958916|0.363577428|0.195796547|0.185125013|0.105858515,0.670958916|0.685958916|0.483577428|0.315796547|0.305125013|0.225858515,0.670958916|0.685958916|0.483577428|0.315796547|0.305125013|0.225858515,0.15|0.15|0.15|0.15|0.15|0.15,0|0|-0.040819654|0.0415060935|0.0317964667|0.0318557451,-0.132746905|0|-0.15687866|-0.0778451352|-0.0570362275|-0.058317293,2.07108876|2.26383566|1.2566114|0.746847148|0.715260291|0.396972513,0.523453712|0.498230755|0.510772705,0.0349684916|-0.273589045|-0.00408786954,0.003444465808570385,0.0009485641494393349,0.0009864401072263718,0.0014474047347903252
109,5.5,-0.4965410166766472,0.23886168003082275,0.328874409198761,0.23160608112812042,0.2271464318037033,0.35,5,0,0,0,0.5925734639167786,1.2652945518493652,8.947478294372559,0.613024115562439,1.0,0.10500901160608339,0,1,1,0,0.3446689396179114,0.0,filtered,0.13973757712710655,0,1,12,workspace_z_upper,workspace_z_upper,0,0,1,solved,osqp,3.1086682915348884e-09,valid,0.10500901160608339,0.544411466|0.559411466|0.353818192|0.194331074|0.184259321|0.105009012,0.664411466|0.679411466|0.473818192|0.314331074|0.304259321|0.225009012,0.664411466|0.679411466|0.473818192|0.314331074|0.304259321|0.225009012,0.15|0.15|0.15|0.15|0.15|0.15,0|0|-0.0562054005|0.0346625302|0.0270448772|0.0277270325,-0.129120313|0|-0.15223676|-0.0673202586|-0.0454655584|-0.0442223873,2.04852555|2.23764586|1.20683061|0.744666569|0.718616604|0.403540692,0.525201797|0.484551132|0.510568142,0.0349684916|-0.273589045|-0.00408786954,0.0041032228618860245,0.0009602997452020645,0.0012580174952745438,0.0018227556720376015
110,5.550000000000001,-0.48458572796378574,0.231680229306221,0.33075809478759766,0.22967113554477692,0.2236601710319519,0.35,5,0,0,0,0.6226526498794556,1.4047188758850098,13.155073165893555,0.62739098072052,1.0,0.10468312591528295,0,1,1,0,0.3446689396179114,0.0,filtered,0.06359320938619036,0,1,12,workspace_z_upper,workspace_z_upper,0,0,1,solved,osqp,1.4971373585304093e-09,valid,0.10468312591528295,0.538047539|0.553047539|0.34352984|0.192999082|0.183753183|0.104683126,0.658047539|0.673047539|0.46352984|0.312999082|0.303753183|0.224683126,0.658047539|0.673047539|0.46352984|0.312999082|0.303753183|0.224683126,0.15|0.15|0.15|0.15|0.15|0.15,0|0|-0.071567834|0.0265632811|0.0234157393|0.0249122828,-0.125405904|0|-0.147363367|-0.0591288014|-0.0335021777|-0.0295790525,2.02678425|2.21219016|1.15518816|0.739430809|0.724926294|0.414065734,0.526949883|0.470871508|0.510363579,0.0349684916|-0.273589045|-0.00408786954,0.0034949202090501785,0.0009601237252354622,0.0009981123730540276,0.0014727329835295677
111,5.6000000000000005,-0.47771130133559864,0.2253018468618393,0.33248740434646606,0.22852055728435516,0.22108568251132965,0.35,5,0,0,0,0.617591381072998,1.364310622215271,19.601022720336914,0.6204221248626709,1.0,0.10496399358540265,0,1,1,0,0.3446689396179114,0.0,filtered,0.04844883823454591,0,1,12,workspace_z_upper,workspace_z_upper,0,0,1,solved,osqp,1.2729254360646647e-09,valid,0.10496399358540265,0.531871531|0.546871491|0.332727859|0.191507153|0.183673684|0.104963994,0.651871531|0.666871491|0.452727859|0.311507153|0.303673684|0.224963994,0.651871531|0.666871491|0.452727859|0.311507153|0.303673684|0.224963994,0.15|0.15|0.15|0.15|0.15|0.15,0|0|-0.0776477057|0.0213507388|0.0237180182|0.0260763132,-0.12160347|0|-0.142231003|-0.0531572567|-0.0215234201|-0.0145644504,2.00588266|2.18748596|1.11103273|0.734222094|0.736889335|0.431367837,0.528697968|0.457191885|0.510159016,0.0349684916|-0.273589045|-0.00408786954,0.003523566760122776,0.0009516831487417221,0.0009910473600029945,0.0015184301882982254
112,5.65,-0.4699778593980389,0.21931110322475433,0.33401209115982056,0.2281617373228073,0.21794714033603668,0.35,5,0,0,0,0.5985567569732666,0.970770001411438,19.357275009155273,0.600663423538208,1.0,0.10604657716761595,0,1,1,0,0.3446689396179114,0.0,filtered,0.04148712255753088,0,1,12,workspace_z_upper,workspace_z_upper,0,0,1,solved,osqp,1.3028454200897377e-09,valid,0.10604657716761595,0.525887846|0.540887846|0.321889715|0.19003634|0.184177768|0.106046577,0.645887846|0.660887846|0.441889715|0.31003634|0.304177768|0.226046577,0.645887846|0.660887846|0.441889715|0.31003634|0.304177768|0.226046577,0.15|0.15|0.15|0.15|0.15|0.148096988,0|0|-0.0751218343|0.0177329971|0.0240207424|0.0261757217,-0.117713003|0|-0.136819947|-0.0473182016|-0.0105127549|1.79827731e-18,1.98583838|2.16355138|1.07561708|0.730560155|0.75021906|0.45036203,0.530446053|0.443512261|0.509954453,0.0349684916|-0.273589045|-0.00408786954,0.0037093982100486755,0.0009878724813461304,0.0010656751692295074,0.0015904614701867104
113,5.7,-0.46569838695235377,0.2174587845802307,0.3353090286254883,0.22850821912288666,0.21736182272434235,0.35,5,0,0,0,0.5906950831413269,0.551712155342102,11.21385669708252,0.5913920998573303,1.0,0.10735819893629706,0,1,1,0,0.3446689396179114,0.0,filtered,0.021851694783283165,0,1,12,workspace_z_upper,workspace_z_upper,0,0,1,solved,osqp,7.221199003343282e-10,valid,0.10735819893629706,0.52010088|0.53510088|0.311454592|0.18865759|0.185210072|0.107358199,0.64010088|0.65510088|0.431454592|0.30865759|0.305210072|0.227358199,0.64010088|0.65510088|0.431454592|0.30865759|0.305210072|0.227358199,0.15|0.15|0.15|0.15|0.149841599|0.0844620905,0|0|-0.0742214365|0.0128355725|0.0234821513|0.0217863792,-0.113734715|0|-0.131167608|-0.0416912271|-2.62076592e-17|-4.78715218e-19,1.96666881|2.14040352|1.04042932|0.725774705|0.764322439|0.451219175,0.532194138|0.429832637|0.509749889,0.0349684916|-0.273589045|-0.00408786954,0.00366886705160141,0.0009669680148363113,0.000991067849099636,0.0016470449045300484
114,5.75,-0.46876626608196154,0.2152496576309204,0.3367895185947418,0.22976689040660858,0.215249702334404,0.35,5,0,0,0,0.5893260836601257,0.36646056175231934,9.797224044799805,0.5893962979316711,1.0,0.10845075228726253,0,1,1,0,0.3446689396179114,0.0,filtered,0.004687009118112717,0,0,12,,workspace_z_upper,0,0,1,solved,osqp,1.5381071930432172e-07,valid,0.10845075228726253,0.514515015|0.529514993|0.301355707|0.187309085|0.186372818|0.108450752,0.634515015|0.649514993|0.421355707|0.307309085|0.306372818|0.228450752,0.634515015|0.649514993|0.421355707|0.307309085|0.306372818|0.228450752,0.15|0.15|0.15|0.15|0.0815813408|0.0226117083,0|0|-0.0713203656|0.0133142315|0.0242462989|0.0230038455,-0.109669042|0|-0.125253528|-0.0361677619|2.31642958e-17|-2.33482417e-17,1.94839102|2.11805997|1.00884893|0.726382808|0.76973757|0.456806855,0.533942223|0.416153014|0.509545326,0.0349684916|-0.273589045|-0.00408786954,0.0034529855474829674,0.0009629968553781509,0.0009403405711054802,0.0014869943261146545
115,5.800000000000001,-0.467051795429859,0.21205149590969086,0.33824339509010315,0.23169825971126556,0.21205151081085205,0.35,5,0,0,0,0.5850606560707092,0.36515694856643677,4.794633865356445,0.5850606560707092,1.0,0.10976689971018361,0,1,1,0,0.3446689396179114,0.0,passthrough,3.923298680462696e-09,0,0,12,,workspace_z_upper,0,0,1,solved,osqp,0.0,valid,0.10976689971018361,0.509134604|0.524134569|0.29170717|0.186256436|0.18756462|0.1097669,0.629134604|0.644134569|0.41170717|0.306256436|0.30756462|0.2297669,0.629134604|0.644134569|0.41170717|0.306256436|0.30756462|0.2297669,0.15|0.15|0.15|0.15|0.0127501852|0,0|0|-0.0686836424|0.0104132282|0.0204722629|0.0216926703,-0.105516671|0|-0.119018101|-0.0306261858|3.88006226e-17|0.00869206515,1.93102174|2.09653827|0.979126937|0.724812788|0.770730745|0.469452334,0.535690308|0.40247339|0.509340763,0.0349684916|-0.273589045|-0.00408786954,0.005180268548429012,0.0011839373037219048,0.0016514379531145096,0.002238345332443714
116,5.8500000000000005,-0.4564079362521818,0.20855870842933655,0.3392254114151001,0.23384366929531097,0.20855870842933655,0.35,5,0,0,0,0.5704931616783142,0.5017417073249817,6.381333351135254,0.5704931616783142,1.0,0.11169825487593776,0,1,1,0,0.3446689396179114,0.0,passthrough,1.1485463693313338e-09,0,0,12,,workspace_z_upper,0,0,1,solved,osqp,0.0,valid,0.11169825487593776,0.503963959|0.518963959|0.282513681|0.185342588|0.188801894|0.111698255,0.623963959|0.638963959|0.402513681|0.305342588|0.308801894|0.231698255,0.623963959|0.638963959|0.402513681|0.305342588|0.308801894|0.231698255,0.15|0.15|0.15|0.15|0|0,0|0|-0.0686106595|0.000275304475|0.011411392|0.0127632383,-0.101278539|0|-0.112478139|-0.0250495832|0.00819380904|0.02215516,1.9145773|2.07585584|0.948965926|0.716596073|0.774812778|0.481711418,0.537438393|0.388793766|0.5091362,0.0349684916|-0.273589045|-0.00408786954,0.005234528332948685,0.0014907969161868095,0.0014998186379671097,0.002148834988474846
117,5.9,-0.4335282174474998,0.20588567852973938,0.33909061551094055,0.23551185429096222,0.20588567852973938,0.35,5,0,0,0,0.5429694652557373,1.0196770429611206,14.39336109161377,0.5429694652557373,1.0,0.11384366816019603,0,1,1,0,0.3446689396179114,0.0,passthrough,1.0686181214455691e-09,0,0,12,,workspace_z_upper,0,0,1,solved,osqp,0.0,valid,0.11384366816019603,0.49900734|0.51400732|0.273659122|0.1842142|0.190106719|0.113843668,0.61900734|0.63400732|0.393659122|0.3042142|0.310106719|0.233843668,0.61900734|0.63400732|0.393659122|0.3042142|0.310106719|0.233843668,0.15|0.15|0.15|0.15|0|0,0|0|-0.0758385289|-0.0225053694|-0.011870114|-0.0103154323,-0.0969558582|0|-0.105652327|-0.0193270879|0.018076555|0.0352759147,1.8990735|2.05602928|0.913145632|0.695024343|0.766633316|0.480335155,0.539186478|0.375114143|0.508931637,0.0349684916|-0.273589045|-0.00408786954,0.005832679569721222,0.0017073815688490868,0.0017425743862986565,0.0022683683782815933
118,5.95,-0.39378549528610457,0.20535385608673096,0.33692291378974915,0.23584653437137604,0.20535387098789215,0.35,5,0,0,0,0.49929019808769226,2.0400259494781494,20.841665267944336,0.49929019808769226,1.0,0.11551185095823763,0,1,1,0,0.3446689396179114,0.0,passthrough,9.33666675956829e-10,0,0,12,,workspace_z_upper,0,0,1,solved,osqp,0.0,valid,0.11551185095823763,0.494268938|0.509268938|0.264797084|0.182270796|0.190758433|0.115511851,0.614268938|0.629268938|0.384797084|0.302270796|0.310758433|0.235511851,0.614268938|0.629268938|0.384797084|0.302270796|0.310758433|0.235511851,0.15|0.15|0.15|0.15|0|0,0|0|-0.0888420801|-0.0591299568|-0.0530026901|-0.0508833866,-0.0925501158|0|-0.0984991925|-0.0131183909|0.0280649797|0.0485216313,1.88452564|2.03707575|0.871847062|0.656834834|0.738096023|0.459685649,0.540934563|0.361434519|0.508727074,0.0349684916|-0.273589045|-0.00408786954,0.005579051561653614,0.001753467135131359,0.001565522514283657,0.0021492578089237213
119,6.0,-0.35895183891583227,0.23695069551467896,0.3314574360847473,0.23354043066501617,0.23583149909973145,0.35,5,0,0,0,0.45610931515693665,2.5527987480163574,20.567243576049805,0.45610931515693665,1.0,0.11584652812108825,0,1,1,0,0.3446689396179114,0.0,passthrough,8.042911119382701e-10,0,0,12,,workspace_z_upper,0,0,1,solved,osqp,0.0,valid,0.11584652812108825,0.489752863|0.504752863|0.255653188|0.178859636|0.189875819|0.115846528,0.609752863|0.624752863|0.375653188|0.298859636|0.309875819|0.235846528,0.609752863|0.624752863|0.375653188|0.298859636|0.309875819|0.235846528,0.15|0.15|0.15|0.15|0|0,0|0|-0.106206139|-0.113568325|-0.12088943|-0.118653219,-0.0880630892|0|-0.0910400802|-0.00614741158|0.038288519|0.0620994242,1.87094836|2.01901145|0.825366533|0.595722809|0.676902366|0.406832318,0.542682648|0.347754896|0.508522511,0.0349684916|-0.273589045|-0.00408786954,0.005435410887002945,0.001797955483198166,0.0014119604602456093,0.0021240757778286934
120,6.050000000000001,-0.3597421203329811,0.2655358612537384,0.3249070942401886,0.23052416741847992,0.26531511545181274,0.35,5,0,0,0,0.3907952904701233,3.1355581283569336,52.532474517822266,0.3907952904701233,1.0,0.11354044368225158,0,1,1,0,0.3446689396179114,0.0,passthrough,6.210592234951232e-10,0,0,12,,workspace_y_upper,0,0,1,solved,osqp,0.0,valid,0.11354044368225158,0.485463129|0.500463085|0.24604165|0.173154214|0.186169744|0.113540444,0.605463129|0.620463085|0.36604165|0.293154214|0.306169744|0.233540444,0.605463129|0.620463085|0.36604165|0.293154214|0.306169744|0.233540444,0.15|0.15|0.15|0.133990973|0|0,0|0|-0.105739143|-0.137080537|-0.157005667|-0.149663872,-0.0834968529|0|-0.0833474048|8.00910375e-17|0.0490823597|0.0762812218,1.85835566|2.00185234|0.795080051|0.555536319|0.63675567|0.380779124,0.544430733|0.334075272|0.508317947,0.0349684916|-0.273589045|-0.00408786954,0.005424457602202892,0.0018306653946638107,0.0015206970274448395,0.0019749775528907776
121,6.1000000000000005,-0.36404072474188875,0.28328096866607666,0.3180883824825287,0.22743655741214752,0.28328099846839905,0.35,5,0,0,0,0.4069051742553711,3.370651960372925,32.281803131103516,0.4069051742553711,1.0,0.11052418363997252,0,1,1,0,0.3446689396179114,0.0,passthrough,5.291459491526281e-10,0,0,12,,workspace_y_upper,0,0,1,solved,osqp,0.0,valid,0.11052418363997252,0.481403638|0.496403638|0.23684229|0.166297492|0.181286842|0.110524184,0.601403638|0.616403638|0.35684229|0.286297492|0.301286842|0.230524184,0.601403638|0.616403638|0.35684229|0.286297492|0.301286842|0.230524184,0.15|0.15|0.15|0.0574272166|0|0,0|0|-0.101696875|-0.158803133|-0.186047022|-0.172112015,-0.0788537826|0|-0.0751108813|2.20607738e-17|0.0613916553|0.0923231159,1.84676077|1.98561455|0.770561403|0.506386836|0.600492001|0.362307836,0.546178818|0.320395648|0.508113384,0.0349684916|-0.273589045|-0.00408786954,0.005647013895213604,0.001716415397822857,0.0017308508977293968,0.0020789699628949165
122,6.15,-0.3510579536772741,0.2782873511314392,0.31127655506134033,0.22461898624897003,0.2782873213291168,0.35,5,0,0,0,0.4456802308559418,3.9966342449188232,64.7211685180664,0.4601212739944458,1.0,0.1074365531243534,0,1,1,0,0.3446689396179114,0.0,filtered,0.024430800230204053,0,1,12,workspace_y_upper,workspace_y_upper,0,0,1,solved,osqp,2.4764625905504545e-09,valid,0.1074365531243534,0.477578166|0.492578166|0.228300181|0.158410885|0.17576541|0.107436553,0.597578166|0.612578166|0.348300181|0.278410885|0.29576541|0.227436553,0.597578166|0.612578166|0.348300181|0.278410885|0.29576541|0.227436553,0.15|0.15|0.15|0|0|0,0|0|-0.0789926144|-0.159302567|-0.193390035|-0.184109437,-0.0741365602|0|-0.0661692182|0.00434173934|0.0758945176|0.110633222,1.8361761|1.97031267|0.768038892|0.478682712|0.585566122|0.356269998,0.547926903|0.306716025|0.507908821,0.0349684916|-0.273589045|-0.00408786954,0.00543277058750391,0.0015084696933627129,0.0016309190541505814,0.002187199890613556
123,6.2,-0.3301624347163715,0.2710644602775574,0.3042275905609131,0.22207416594028473,0.27106449007987976,0.35,5,0,0,0,0.48146283626556396,2.950392723083496,39.36781311035156,0.48146283626556396,1.0,0.1046189781983668,0,1,1,0,0.3446689396179114,0.0,passthrough,8.416058968157972e-10,0,0,12,,workspace_y_upper,0,0,1,solved,osqp,0.0,valid,0.1046189781983668,0.473990348|0.488990348|0.221324422|0.151174831|0.170590808|0.104618978,0.593990348|0.608990348|0.341324422|0.271174831|0.290590808|0.224618978,0.593990348|0.608990348|0.341324422|0.271174831|0.290590808|0.224618978,0.15|0.15|0.15|0|0|0,0|0|-0.0614028363|-0.152161549|-0.194607146|-0.192973434,-0.0693481745|0|-0.0571765366|0.01663476|0.0905509373|0.128179223,1.82661322|1.95596139|0.766718314|0.469172535|0.578307023|0.353681701,0.549674988|0.293036401|0.507704258,0.0349684916|-0.273589045|-0.00408786954,0.0053240032866597176,0.0017026131972670555,0.0014084996655583382,0.002114000730216503
124,6.25,-0.3091387339261167,0.22892823815345764,0.2987286150455475,0.2218402475118637,0.22892828285694122,0.35,5,0,0,0,0.3908698558807373,2.672983407974243,90.9229736328125,0.3908698558807373,1.0,0.10207417529493862,0,1,1,0,0.3446689396179114,0.0,passthrough,5.75278959548157e-10,0,0,12,,workspace_y_upper,0,0,1,solved,osqp,0.0,valid,0.10207417529493862,0.470643661|0.485643652|0.21564225|0.144839033|0.165971406|0.102074175,0.590643661|0.605643652|0.33564225|0.264839033|0.285971406|0.222074175,0.590643661|0.605643652|0.33564225|0.264839033|0.285971406|0.222074175,0.15|0.15|0.15|0|0|0,0|0|-0.045244273|-0.119857629|-0.157808653|-0.158964448,-0.0644919203|0|-0.0484430068|0.0285864234|0.104114602|0.14382089,1.81808273|1.94257461|0.768881721|0.488084925|0.610191572|0.393153143,0.551423073|0.279356778|0.507499695,0.0349684916|-0.273589045|-0.00408786954,0.005828525871038437,0.001725679263472557,0.0016830451786518097,0.0023053931072354317
125,6.300000000000001,-0.2970612560283533,0.2279255986213684,0.29296404123306274,0.22240383923053741,0.2279255986213684,0.35,5,0,0,0,0.2868763208389282,3.5243823528289795,41.97134780883789,0.2868763208389282,1.0,0.10184025787188078,0,1,1,0,0.3446689396179114,0.0,passthrough,2.227447603761766e-10,0,0,12,,workspace_y_upper,0,0,1,solved,osqp,0.0,valid,0.10184025787188078,0.46754141|0.482541398|0.211185831|0.140630661|0.163734031|0.101840258,0.58754141|0.602541398|0.331185831|0.260630661|0.283734031|0.221840258,0.58754141|0.602541398|0.331185831|0.260630661|0.283734031|0.221840258,0.15|0.15|0.15|0|0|0,0|0|-0.0394369547|-0.11311417|-0.149721466|-0.15324797,-0.0595713942|0|-0.0398619505|0.0392077657|0.115827354|0.157068132,1.81059425|1.93016559|0.765444419|0.48861624|0.621042013|0.411181194,0.553171158|0.265677154|0.507295132,0.0349684916|-0.273589045|-0.00408786954,0.005639174021780491,0.0016772923991084099,0.0016268733888864517,0.00222700834274292
126,6.3500000000000005,-0.27656789995191955,0.22588051855564117,0.2866065502166748,0.2235615998506546,0.22588056325912476,0.35,5,0,0,0,0.252565860748291,2.890657901763916,49.52920150756836,0.252565860748291,1.0,0.10240384101350447,0,1,1,0,0.3446689396179114,0.0,passthrough,1.8152473079838929e-10,0,0,12,,workspace_y_upper,0,0,1,solved,osqp,0.0,valid,0.10240384101350447,0.464686712|0.47968671|0.207424745|0.137215118|0.162355973|0.102403841,0.584686712|0.59968671|0.327424745|0.257215118|0.282355973|0.222403841,0.584686712|0.59968671|0.327424745|0.257215118|0.282355973|0.222403841,0.15|0.15|0.15|0|0|0,0|0|-0.0468329218|-0.11300884|-0.142664295|-0.150113032,-0.0545904882|0|-0.0316260966|0.048699153|0.125331407|0.168060509,1.80415636|1.91874684|0.75123996|0.484550785|0.632091004|0.427562842,0.554919243|0.25199753|0.507090569,0.0349684916|-0.273589045|-0.00408786954,0.0037124361842870712,0.0009575262665748596,0.0011754808947443962,0.0015157600864768028
127,6.4,-0.2613558380469915,0.22228944301605225,0.28002384305000305,0.22562207281589508,0.22228942811489105,0.35,5,0,0,0,0.2738550901412964,2.698923349380493,37.51239776611328,0.2738550901412964,1.0,0.1035616143545035,0,1,1,0,0.3446689396179114,0.0,passthrough,2.60698247322175e-10,0,0,12,,workspace_y_upper,0,0,1,solved,osqp,0.0,valid,0.1035616143545035,0.462082528|0.477082527|0.203695613|0.1342205|0.161705905|0.103561614,0.582082528|0.597082527|0.323695613|0.2542205|0.281705905|0.223561614,0.582082528|0.597082527|0.323695613|0.2542205|0.281705905|0.223561614,0.15|0.15|0.15|0|0|0,0|0|-0.053974744|-0.108395781|-0.128434184|-0.139655698,-0.0495534385|0|-0.0235429966|0.0570123062|0.132840015|0.177043463,1.79877667|1.90833011|0.737264709|0.485498524|0.65122945|0.451634223,0.556667328|0.238318071|0.506886005,0.0349684916|-0.273589045|-0.00408786954,0.0035605700686573982,0.0009399298578500748,0.0009568389505147934,0.0016022343188524246
128,6.45,-0.2756645847214216,0.21444648504257202,0.27496594190597534,0.23024903237819672,0.21444648504257202,0.35,5,0,0,0,0.3291976749897003,3.236945867538452,38.18932342529297,0.32919758558273315,1.0,0.10562205871388541,0,1,1,0,0.3446689396179114,0.0,filtered,1.0642028975589552e-07,0,0,12,,workspace_y_upper,0,0,1,solved,osqp,0.0,valid,0.10562205871388541,0.459731511|0.474731505|0.200012629|0.131835897|0.162076632|0.105622059,0.579731511|0.594731505|0.320012629|0.251835897|0.282076632|0.225622059,0.579731511|0.594731505|0.320012629|0.251835897|0.282076632|0.225622059,0.15|0.15|0.15|0|0|0,0|0|-0.0528637737|-0.0782143763|-0.0814621154|-0.0945384769,-0.0444646446|0|-0.0154341333|0.064358769|0.138723977|0.18439692,1.7944614|1.89892602|0.731752609|0.513487981|0.705568391|0.512346678,0.558415413|0.224638626|0.506681442,0.0349684916|-0.273589045|-0.00408786954,0.005250433459877968,0.001507849432528019,0.0013995105400681496,0.0022433502599596977
129,6.5,-0.2509795834169547,0.20530740916728973,0.26934024691581726,0.23587580025196075,0.20530743896961212,0.35,5,0,0,0,0.4660012722015381,4.2969136238098145,62.49457550048828,0.4660007655620575,1.0,0.11024902189353014,0,1,1,0,0.3446689396179114,0.0,filtered,6.31827126114165e-07,0,0,12,,workspace_y_upper,0,0,1,solved,osqp,0.0,valid,0.11024902189353014,0.457636128|0.472636114|0.196801869|0.131287007|0.165033399|0.110249022,0.577636128|0.592636114|0.316801869|0.251287007|0.285033399|0.230249022,0.577636128|0.592636114|0.316801869|0.251287007|0.285033399|0.230249022,0.15|0.15|0.15|0|0|0,0|0|-0.0815822949|-0.0909448785|-0.0741788167|-0.0812991645,-0.0393288095|0|-0.0070233359|0.0705344032|0.143193138|0.190185031,1.7912157|1.89054446|0.698601844|0.504737551|0.729147916|0.549881954,0.560163498|0.210959181|0.506476879,0.0349684916|-0.273589045|-0.00408786954,0.00573864858597517,0.0017145322635769844,0.0016605285927653313,0.0022538620978593826
130,6.550000000000001,-0.23643907152359248,0.1944519281387329,0.2638894319534302,0.2429213672876358,0.1944519430398941,0.35,5,0,0,0,0.5878579616546631,2.8749749660491943,40.0952033996582,0.5878574252128601,1.0,0.11587579743251292,0,1,1,0,0.3446689396179114,0.0,filtered,7.092627964561862e-07,0,0,12,,workspace_y_upper,0,0,1,solved,osqp,0.0,valid,0.11587579743251292,0.455798609|0.470798597|0.192612055|0.130442894|0.168592887|0.115875797,0.575798609|0.590798597|0.312612055|0.250442894|0.288592887|0.235875797,0.575798609|0.590798597|0.312612055|0.250442894|0.288592887|0.235875797,0.15|0.15|0.136498569|0|0|0,0|0|-0.0942570551|-0.0887636043|-0.0580199967|-0.0590745502,-0.034150882|0|9.02471354e-19|0.0772537549|0.147904103|0.196487089,1.78904355|1.88319439|0.676191163|0.510261727|0.764255654|0.600915729,0.561911583|0.197279736|0.506272316,0.0349684916|-0.273589045|-0.00408786954,0.005340759642422199,0.0014569004997611046,0.0015775030478835106,0.00221222173422575
131,6.6000000000000005,-0.2473321415764056,0.18281181156635284,0.2599096894264221,0.25108635425567627,0.1827818900346756,0.35,3,0,0,0,0.6853801012039185,3.2397561073303223,38.02079772949219,0.6853794455528259,1.0,0.12292136357882227,0,1,1,0,0.3446689396179114,0.0,filtered,8.260273446315881e-07,0,0,12,,workspace_y_upper,0,0,1,solved,osqp,0.0,valid,0.12292136357882227,0.454220929|0.469220899|0.187912973|0.13004374|0.173166463|0.122921364,0.574220929|0.589220899|0.307912973|0.25004374|0.293166463|0.242921364,0.574220929|0.589220899|0.307912973|0.25004374|0.293166463|0.242921364,0.15|0.15|0.079729842|0|0|0,0|0|-0.0946740793|-0.0670358252|-0.0214514684|-0.00852065561,-0.0289360292|0|2.12750362e-18|0.0840035084|0.152349767|0.202513439,1.78794769|1.87688359|0.656977815|0.537142643|0.823564152|0.685678237,0.563659668|0.183600292|0.506067753,0.0349684916|-0.273589045|-0.00408786954,0.00523805245757103,0.0014958735555410385,0.001451713964343071,0.002190300263464451
132,6.65,-0.2832295954589543,0.17834748327732086,0.25828415155410767,0.2542004883289337,0.17834746837615967,0.35,3,0,0,0,0.7303641438484192,2.684004545211792,33.827125549316406,0.7303637862205505,1.0,0.1310863695168452,0,1,1,0,0.3446689396179114,0.0,filtered,4.0049577091694676e-07,0,0,12,,workspace_y_upper,0,0,1,solved,osqp,0.0,valid,0.1310863695168452,0.452904801|0.467904756|0.183211383|0.13108637|0.179775434|0.132805622,0.572904801|0.587904756|0.303211383|0.25108637|0.299775434|0.252805622,0.572904801|0.587904756|0.303211383|0.25108637|0.299775434|0.252805622,0.15|0.15|0.0192225338|0|0|0,0|0|-0.0839203031|-0.0325371804|0.0248851023|0.0546153671,-0.0236896139|0|-4.14610071e-18|0.0908210813|0.156618121|0.208440742,1.78792959|1.87161902|0.64892523|0.582629379|0.900604958|0.794278597,0.565407753|0.169920847|0.50586319,0.0349684916|-0.273589045|-0.00408786954,0.006611046381294727,0.0020889844745397568,0.0018464047461748123,0.0025450969114899635
133,6.7,-0.3274357827754466,0.17094023525714874,0.2594723701477051,0.2597671151161194,0.17094019055366516,0.35,3,0,0,0,0.715465784072876,2.1349263191223145,37.63957595825195,0.7252216339111328,1.0,0.134200483443909,0,1,1,0,0.3446689396179114,0.0,filtered,0.03825280878863319,0,1,12,workspace_y_upper,workspace_y_upper,0,0,1,solved,osqp,4.04274697052287e-10,valid,0.134200483443909,0.451851667|0.466851667|0.179251076|0.134200483|0.188963872|0.146138559,0.571851667|0.586851667|0.299251076|0.254200483|0.308963872|0.266138559,0.571851667|0.586851667|0.299251076|0.254200483|0.308963872|0.266138559,0.15|0.15|0|0|0|0,0|0|-0.0539388682|0.0111802065|0.0738752435|0.107255521,-0.0184171674|0|0.00808162166|0.0973775036|0.162895751|0.214011832,1.7889895|1.86740667|0.671147059|0.645359644|0.992626484|0.90582159,0.567155838|0.156241402|0.505658627,0.0349684916|-0.273589045|-0.00408786954,0.0035724667832255363,0.0009962888434529305,0.0009951135143637657,0.0015124361962080002
134,6.75,-0.3844045429778078,0.1606036126613617,0.26411232352256775,0.2679937481880188,0.16060364246368408,0.35,3,0,0,0,0.6718618273735046,2.776923894882202,35.522132873535156,0.6868295669555664,1.0,0.13976709992436231,0,1,1,0,0.3446689396179114,0.0,filtered,0.06268031768483863,0,1,12,workspace_y_upper,workspace_y_upper,0,0,1,solved,osqp,3.849180973958255e-10,valid,0.13976709992436231,0.451062687|0.466062687|0.177391993|0.1397671|0.201013403|0.16231369,0.571062687|0.586062687|0.297391993|0.2597671|0.321013403|0.28231369,0.571062687|0.586062687|0.297391993|0.2597671|0.321013403|0.28231369,0.15|0.15|0|0|0|0,0|0|-0.00936457418|0.0623418242|0.126949182|0.148375696,-0.0131243632|0|0.0198006928|0.102903925|0.169930457|0.218363044,1.79112639|1.86425075|0.720004092|0.724314149|1.10093325|1.0159935,0.568903923|0.142561957|0.505454063,0.0349684916|-0.273589045|-0.00408786954,0.006106165237724781,0.001766161061823368,0.0017178747802972794,0.0025116950273513794
135,6.800000000000001,-0.41210014165115466,0.1495133936405182,0.270530104637146,0.2774963080883026,0.14951342344284058,0.35,3,0,0,0,0.6507375836372375,2.633653163909912,43.83837890625,0.6757404804229736,1.0,0.14799377143276515,0,1,1,0,0.3446689396179114,0.0,filtered,0.10569631483833652,0,1,12,workspace_y_upper,workspace_y_upper,0,0,1,solved,osqp,2.8051289069352947e-10,valid,0.14799377143276515,0.450538735|0.465538735|0.178256828|0.147993771|0.215896997|0.180628952,0.570538735|0.585538735|0.298256828|0.267993771|0.335896997|0.300628952,0.570538735|0.585538735|0.298256828|0.267993771|0.335896997|0.300628952,0.15|0.15|0|0|0|0,0|0|0.0178339629|0.084065738|0.146197771|0.154482116,-0.00781698627|0|0.0309792374|0.10668165|0.174952287|0.220912402,1.79433795|1.86215494|0.761840512|0.782722474|1.18473805|1.09791032,0.570652008|0.128882512|0.5052495,0.0349684916|-0.273589045|-0.00408786954,0.005313069559633732,0.0014782994985580444,0.0015296563506126404,0.0022039618343114853
136,6.8500000000000005,-0.4072062197440028,0.13909916579723358,0.2768386900424957,0.2871614992618561,0.13909916579723358,0.35,3,0,0,0,0.5763557553291321,3.5681874752044678,46.40549850463867,0.6228631138801575,1.0,0.15749632411821385,0,1,1,0,0.3446689396179114,0.0,filtered,0.16717288265429964,0,1,12,workspace_y_upper,workspace_y_upper,0,0,1,solved,osqp,1.022999948641079e-09,valid,0.15749632411821385,0.450280392|0.465280392|0.181038732|0.157496324|0.231993012|0.199374594,0.570280392|0.585280392|0.301038732|0.277496324|0.351993012|0.319374594,0.570280392|0.585280392|0.301038732|0.277496324|0.351993012|0.319374594,0.15|0.15|0|0|0|0,0|0|0.0341032021|0.08406044|0.134033333|0.133967874,-0.00250090192|0|0.0415764282|0.109599433|0.178905606|0.222628492,1.79862067|1.86112157|0.79983456|0.82364517|1.24091099|1.15409474,0.572400093|0.115203068|0.505044937,0.0349684916|-0.273589045|-0.00408786954,0.005921118892729282,0.0017298683524131775,0.0017305947840213776,0.0023548034951090813
137,6.9,-0.3641329968376005,0.13032792508602142,0.280965119600296,0.2959529459476471,0.13032793998718262,0.35,3,0,0,0,0.5367923974990845,4.057761192321777,34.33311080932617,0.6146742701530457,1.0,0.16716150579004968,0,1,1,0,0.3446689396179114,0.0,filtered,0.24014809482243604,0,1,12,workspace_y_upper,workspace_y_upper,0,0,1,solved,osqp,3.031591422342217e-09,valid,0.16716150579004968,0.450250621|0.46525062|0.185116071|0.167161506|0.24768685|0.217198902,0.570250621|0.58525062|0.305116071|0.287161506|0.36768685|0.337198902,0.570250621|0.58525062|0.305116071|0.287161506|0.36768685|0.337198902,0.123509637|0.123509637|0|0|0|0,0|0|0.034500407|0.0624881614|0.0918596003|0.0889917636,-1.10984105e-18|0|0.0514538687|0.11244835|0.182590671|0.224274376,1.80100249|1.86100248|0.826418559|0.843582534|1.26519767|1.18206175,0.574148178|0.101523623|0.504840374,0.0349684916|-0.273589045|-0.00408786954,0.0058212121948599815,0.0017523718997836113,0.001723538152873516,0.0022406987845897675
138,6.95,-0.2964044848819575,0.12363382428884506,0.2816752791404724,0.30312445759773254,0.12363384664058685,0.35,3,0,0,0,0.5153068900108337,3.6136727333068848,47.84935760498047,0.6113054156303406,1.0,0.1759529876542466,0,1,1,0,0.3446689396179114,0.0,filtered,0.2798740970189554,0,1,12,workspace_y_upper,workspace_y_upper,0,0,1,solved,osqp,5.580793147053065e-09,valid,0.1759529876542466,0.450250249|0.465250249|0.189665128|0.175952988|0.261502246|0.232902598,0.570250249|0.585250249|0.309665128|0.295952988|0.381502246|0.352902598,0.570250249|0.585250249|0.309665128|0.295952988|0.381502246|0.352902598,0.0735098107|0.0735098107|0|0|0|0,0|0|0.0158483189|0.0253042097|0.0360076272|0.0373733692,-2.72742432e-18|0|0.0606121017|0.115876678|0.186632757|0.22637339,1.801001|1.861001|0.835120932|0.844992838|1.26864937|1.19535715,0.575896263|0.0878441781|0.504635811,0.0349684916|-0.273589045|-0.00408786954,0.005748185329139233,0.001852346584200859,0.0016135480254888535,0.0021720072254538536
139,7.0,-0.2178377813308225,0.11922293901443481,0.2783839702606201,0.3080955445766449,0.11922295391559601,0.35,3,0,0,0,0.4285714030265808,5.350824356079102,78.88268280029297,0.5039898753166199,1.0,0.18312449215236992,0,1,1,0,0.3446689396179114,0.0,filtered,0.22604789103036851,0,1,12,workspace_y_upper,workspace_y_upper,0,0,1,solved,osqp,5.4327229243034125e-09,valid,0.18312449215236992,0.450249877|0.465249877|0.193721898|0.183124492|0.272777529|0.246174221,0.570249877|0.585249877|0.313721898|0.303124492|0.392777529|0.366174221,0.570249877|0.585249877|0.313721898|0.303124492|0.392777529|0.366174221,0.0235099844|0.0235099844|0|0|0|0,0|0|-0.0190316401|-0.0243815351|-0.028886577|-0.0141439263,-8.73715002e-19|0|0.0693734694|0.120170075|0.191231267|0.229017999,1.80099951|1.86099951|0.825229422|0.828286509|1.25345481|1.19957095,0.577644348|0.0741647333|0.504431248,0.0349684916|-0.273589045|-0.00408786954,0.0055143991485238075,0.0017897356301546097,0.0014183977618813515,0.0022017937153577805
140,7.050000000000001,-0.12267838340922509,0.11707965284585953,0.27042514085769653,0.31058749556541443,0.11707963794469833,0.35,3,0,0,0,0.47048166394233704,5.097201347351074,27.821313858032227,0.5041345357894897,1.0,0.18809558156655765,0,1,1,0,0.3446689396179114,0.0,filtered,0.15013109225187699,0,1,12,workspace_y_upper,workspace_y_upper,0,0,1,solved,osqp,3.2736210131556476e-09,valid,0.18809558156655765,0.450286828|0.465286828|0.196484362|0.188095582|0.281079711|0.257034696,0.570286828|0.585286828|0.316484362|0.308095582|0.401079711|0.377034696,0.570286828|0.585286828|0.316484362|0.308095582|0.401079711|0.377034696,0|0|0|0|0|0,0|0|-0.0622459911|-0.0808272462|-0.100578449|-0.0744073856,0.00281792484|0|0.0780649799|0.125498901|0.196362572|0.232174287,1.80396524|1.86114731|0.801756435|0.797053981|1.22010297|1.18590569,0.579392433|0.0604852885|0.504226685,0.0349684916|-0.273589045|-0.00408786954,0.005581767298281193,0.001495608128607273,0.00163253303617239,0.0023511741310358047
141,7.1000000000000005,-0.05185543335833309,0.1163758710026741,0.25928613543510437,0.3114171624183655,0.1163758710026741,0.35,3,0,0,0,0.49772995710372925,3.902639865875244,75.3166275024414,0.5145102739334106,1.0,0.1905874829185416,0,1,1,0,0.3446689396179114,0.0,filtered,0.10521057643292935,0,1,12,workspace_y_upper,workspace_y_upper,0,0,1,solved,osqp,1.4196012768086241e-09,valid,0.1905874829185416,0.450560271|0.465560271|0.197552964|0.190587483|0.286108019|0.265085142,0.570560271|0.585560271|0.317552964|0.310587483|0.406108019|0.385085142,0.570560271|0.585560271|0.317552964|0.310587483|0.406108019|0.385085142,0|0|0|0|0|0,0|0|-0.096612939|-0.121006349|-0.146257208|-0.116311482,0.00813367528|0|0.0869639172|0.132170209|0.202253262|0.235988818,1.81037476|1.86224108|0.780562835|0.773513791|1.20042813|1.1800179,0.581140518|0.0468058437|0.504022121,0.0349684916|-0.273589045|-0.00408786954,0.005403032526373863,0.0017558271065354347,0.0014775842428207397,0.002035326324403286
142,7.15,-0.061607532973394045,0.11511936783790588,0.24929657578468323,0.31291285157203674,0.11511936038732529,0.35,3,0,0,0,0.4800615906715393,4.475123882293701,78.13286590576172,0.5055034756660461,1.0,0.1914171697989584,0,1,1,0,0.3446689396179114,0.0,filtered,0.13661788561990662,0,1,12,workspace_y_upper,workspace_y_upper,0,0,1,solved,osqp,7.044044028625684e-10,valid,0.1914171697989584,0.451099298|0.466099298|0.197353182|0.19141717|0.289138279|0.271237759,0.571099298|0.586099298|0.317353182|0.31141717|0.409138279|0.391237759,0.571099298|0.586099298|0.317353182|0.31141717|0.409138279|0.391237759,0|0|0|0|0|0,0|0|-0.0988298708|-0.115102323|-0.124868159|-0.101241416,0.013440378|0|0.0962554479|0.1398002|0.208636738|0.240227789,1.81783757|1.86439719|0.786838303|0.790366556|1.2403217|1.22393741,0.582888603|0.0331263989|0.503817558,0.0349684916|-0.273589045|-0.00408786954,0.005800300277769566,0.001750163733959198,0.0016087004914879799,0.0023284070193767548
143,7.2,-0.0988974234733007,0.11246958374977112,0.24197709560394287,0.3161294758319855,0.11246959865093231,0.35,3,0,0,0,0.4541344940662384,3.2751388549804688,53.88559341430664,0.513205885887146,1.0,0.19291286430698695,0,1,1,0,0.3446689396179114,0.0,filtered,0.22044527149748758,0,1,12,workspace_y_upper,workspace_y_upper,0,0,1,solved,osqp,1.114613417188548e-09,valid,0.19291286430698695,0.451903311|0.466903311|0.197527648|0.192912864|0.293519066|0.278324806,0.571903311|0.586903311|0.317527648|0.312912864|0.413519066|0.398324806,0.571903311|0.586903311|0.317527648|0.312912864|0.413519066|0.398324806,0|0|0|0|0|0,0|0|-0.0797157403|-0.0872122884|-0.0841256393|-0.0704192088,0.0187321712|0|0.105805735|0.146920977|0.214399784|0.243942567,1.82634542|1.86761324|0.816200588|0.831360146|1.30435041|1.28682258,0.584636688|0.0194469541|0.503612995,0.0349684916|-0.273589045|-0.00408786954,0.00347855594009161,0.0009469706565141678,0.0009626112878322601,0.0015051933005452156
144,7.25,-0.12204598267103968,0.10872044414281845,0.23648104071617126,0.3208332061767578,0.10872046649456024,0.35,3,0,0,0,0.3688231110572815,2.0198049545288086,69.04949951171875,0.47642800211906433,1.0,0.1961294977990098,0,1,1,0,0.3446689396179114,0.0,filtered,0.2861947606023298,0,1,12,workspace_y_upper,workspace_y_upper,0,0,1,solved,osqp,2.851218193836158e-09,valid,0.1961294977990098,0.452971421|0.46797142|0.199138566|0.196129498|0.300188672|0.287104179,0.572971421|0.58797142|0.319138566|0.316129498|0.420188672|0.407104179,0.572971421|0.58797142|0.319138566|0.316129498|0.420188672|0.407104179,0|0|0|0|0|0,0|0|-0.0581520363|-0.0627214648|-0.0594557985|-0.0510637325,0.0240032789|0|0.115093571|0.152948513|0.219187582|0.246895499,1.83588896|1.87188568|0.8534958|0.87474504|1.36048647|1.34424848,0.586384773|0.00576750096|0.503408432,0.0349684916|-0.273589045|-0.00408786954,0.003554937429726124,0.0009402977302670479,0.0009874636307358742,0.0015644598752260208
145,7.300000000000001,-0.12152760467487697,0.10458984225988388,0.23145301640033722,0.32623836398124695,0.10458986461162567,0.35,3,0,0,0,0.2997404634952545,1.7355185747146606,29.038251876831055,0.4242963492870331,1.0,0.20083323022835115,0,1,1,0,0.3446689396179114,0.0,filtered,0.28778243573198586,0,1,12,workspace_y_upper,workspace_y_upper,0,0,1,solved,osqp,4.455655493867949e-09,valid,0.20083323022835115,0.45430245|0.46930245|0.202259423|0.20083323|0.308309584|0.296980619,0.57430245|0.58930245|0.322259423|0.32083323|0.428309584|0.416980619,0.57430245|0.58930245|0.322259423|0.32083323|0.428309584|0.416980619,0|0|0|0|0|0,0|0|-0.0483491719|-0.0533955325|-0.0553325371|-0.0471671838,0.0292480321|0|0.123704229|0.158075759|0.223264566|0.249314412,1.84645783|1.8772098|0.884392749|0.908013147|1.40117037|1.39006971,0.588132858|-0.00791195314|0.503203869,0.0349684916|-0.273589045|-0.00408786954,0.004081106744706631,0.000947948545217514,0.0009671589359641075,0.002101416699588299
146,7.3500000000000005,-0.08921906954276439,0.10157766938209534,0.22510795295238495,0.3303394317626953,0.10157766193151474,0.35,2,0,0,0,0.31230294704437256,2.2480242252349854,36.96565628051758,0.40401846170425415,1.0,0.20623838635615593,0,1,1,0,0.3446689396179114,0.0,filtered,0.2461486641135999,0,1,12,workspace_y_upper,workspace_y_upper,0,0,1,solved,osqp,5.659468947302737e-09,valid,0.20623838635615593,0.455894942|0.470894942|0.206270988|0.206238386|0.316832174|0.307166796,0.575894942|0.590894942|0.326270988|0.326238386|0.436832174|0.427166796,0.575894942|0.590894942|0.326270988|0.326238386|0.436832174|0.427166796,0|0|0|0|0|0,0|0|-0.0549091071|-0.0634000498|-0.0762283899|-0.0644770342,0.0344609067|0|0.131706982|0.162760215|0.226991602|0.251483591,1.85804067|1.88357977|0.901881829|0.924313711|1.41809191|1.41567374,0.589880943|-0.0215914045|0.502999306,0.0349684916|-0.273589045|-0.00408786954,0.003550213761627674,0.0010445322841405869,0.0009465590119361877,0.0014903461560606956
147,7.4,-0.054646964186149775,0.098856121301651,0.2173711657524109,0.33416929841041565,0.0988561138510704,0.35,2,0,0,0,0.392932265996933,2.350670337677002,33.513450622558594,0.44311603903770447,1.0,0.21033941855406296,0,1,1,0,0.3446689396179114,0.0,filtered,0.1964004527583444,0,1,12,workspace_y_upper,workspace_y_upper,0,0,1,solved,osqp,7.53455535896369e-09,valid,0.21033941855406296,0.457747169|0.472747169|0.210339419|0.211385469|0.324510515|0.316609129,0.577747169|0.592747169|0.330339419|0.331385469|0.444510515|0.436609129,0.577747169|0.592747169|0.330339419|0.331385469|0.444510515|0.436609129,0|0|0|0|0|0,0|0|-0.067327249|-0.0778458788|-0.0975010969|-0.0793958669,0.0396365499|0|0.139345784|0.167636176|0.230853598|0.253761067,1.87062523|1.89098868|0.91337621|0.935332172|1.43139456|1.44080172,0.591629028|-0.0352708511|0.502794743,0.0349684916|-0.273589045|-0.00408786954,0.0034385090693831444,0.0009418828412890434,0.0009655207395553589,0.0014680800959467888
148,7.45,-0.03676074165438315,0.09624763578176498,0.20917591452598572,0.3379584550857544,0.09624762833118439,0.35,2,0,0,0,0.44521665573120117,2.2770628929138184,57.331024169921875,0.47342097759246826,1.0,0.21416930321394478,0,1,1,0,0.3446689396179114,0.0,filtered,0.15376427816750293,0,1,12,workspace_y_upper,workspace_y_upper,0,0,1,solved,osqp,1.0761126140353128e-08,valid,0.21416930321394478,0.45985714|0.47485714|0.214169303|0.216066838|0.331323185|0.325423928,0.57985714|0.59485714|0.334169303|0.336066838|0.451323185|0.445423928,0.57985714|0.59485714|0.334169303|0.336066838|0.451323185|0.445423928,0|0|0|0|0|0,0|0|-0.0759512895|-0.0858217151|-0.104497959|-0.0852643938,0.0447698075|0|0.146857753|0.172794102|0.234825364|0.256097835,1.88419837|1.89942856|0.927583676|0.951239741|1.45562015|1.47252915,0.593377113|-0.0489502959|0.502590179,0.0349684916|-0.273589045|-0.00408786954,0.003498312085866928,0.000945238396525383,0.0009981347247958183,0.0014916220679879189
149,7.5,-0.040091570900152806,0.09342709183692932,0.2016526311635971,0.34219494462013245,0.09342708438634872,0.35,2,0,0,0,0.47678014636039734,2.749567747116089,30.74921226501465,0.49763017892837524,1.0,0.2179584442741513,0,1,1,0,0.3446689396179114,0.0,filtered,0.13621253054785187,0,1,12,workspace_y_upper,workspace_y_upper,0,0,1,solved,osqp,1.751337121852492e-08,valid,0.2179584442741513,0.462222611|0.477222611|0.217958444|0.220620807|0.33798016|0.334059185,0.582222611|0.597222611|0.337958444|0.340620807|0.45798016|0.454059185,0.582222611|0.597222611|0.337958444|0.340620807|0.45798016|0.454059185,0|0|0|0|0|0,0|0|-0.0747580869|-0.0824784241|-0.0963546016|-0.0806821224,0.0498557463|0|0.154378552|0.178027817|0.238706385|0.258363264,1.89874619|1.90889044|0.951454242|0.978032622|1.49427242|1.51391788,0.595125198|-0.0626297444|0.502385616,0.0349684916|-0.273589045|-0.00408786954,0.0034463955089449883,0.0009561395272612572,0.0009386595338582993,0.0014872662723064423
150,7.550000000000001,-0.04255854099742301,0.0903879851102829,0.1947653591632843,0.3469335734844208,0.0903879851102829,0.35,2,0,0,0,0.508010983467102,1.6563864946365356,23.699859619140625,0.5141284465789795,1.0,0.22219492978601973,0,1,1,0,0.3446689396179114,0.0,filtered,0.07356928068440081,0,1,12,workspace_y_upper,workspace_y_upper,0,0,1,solved,osqp,1.551807461089988e-08,valid,0.22219492978601973,0.464841098|0.479841094|0.22219493|0.225607094|0.345225452|0.343027843,0.584841098|0.599841094|0.34219493|0.345607094|0.465225452|0.463027843,0.584841098|0.599841094|0.34219493|0.345607094|0.465225452|0.463027843,0|0|0|0|0|0,0|0|-0.0721168179|-0.0785941197|-0.0912026565|-0.0769575712,0.054889669|0|0.161767767|0.182990787|0.242268269|0.260418884,1.91425406|1.91936437|0.978430668|1.00682504|1.53196742|1.55557269,0.596873283|-0.0763091892|0.502181053,0.0349684916|-0.273589045|-0.00408786954,0.003993132151663303,0.0009412411600351334,0.0010148724541068077,0.001973874866962433
151,7.6000000000000005,-0.058189000838365534,0.08696573972702026,0.1891840100288391,0.3525036871433258,0.08696573227643967,0.35,2,0,0,0,0.5056408643722534,1.0313400030136108,25.96957778930664,0.5056408643722534,1.0,0.2269335764178424,0,1,1,0,0.3446689396179114,0.0,filtered,2.17729670765412e-08,0,0,12,,workspace_y_upper,0,0,1,solved,osqp,0.0,valid,0.2269335764178424,0.467709888|0.482709888|0.226933576|0.231034146|0.352896557|0.352278121,0.587709888|0.602709888|0.346933576|0.351034146|0.472896557|0.472278121,0.587709888|0.602709888|0.346933576|0.351034146|0.472896557|0.472278121,0|0|0|0|0|0,0|0|-0.0622750111|-0.0670324954|-0.0770252611|-0.0634552611,0.0598671416|0|0.168884355|0.187680215|0.245547118|0.262287362,1.93070669|1.93083955|1.01434365|1.0447843|1.58010809|1.60794458,0.598621368|-0.089988634|0.50197649,0.0349684916|-0.273589045|-0.00408786954,0.004194095730781555,0.0016120001673698425,0.0010391976684331894,0.0014422833919525146
152,7.65,-0.059400742687623326,0.0834759771823883,0.18407712876796722,0.3584631085395813,0.0834759771823883,0.35,2,0,0,0,0.5171407461166382,0.8935856819152832,19.06387710571289,0.5171407461166382,1.0,0.23250367872016048,0,1,1,0,0.3446689396179114,0.0,passthrough,1.1040099281547175e-09,0,0,12,,workspace_y_upper,0,0,1,solved,osqp,0.0,valid,0.23250367872016048,0.470826053|0.485826033|0.232503679|0.237252055|0.361415975|0.362277919,0.590826053|0.605826033|0.352503679|0.357252055|0.481415975|0.482277919,0.590826053|0.605826033|0.352503679|0.357252055|0.481415975|0.482277919,0|0|0|0|0|0,0|0|-0.0605731877|-0.0653249692|-0.0796216119|-0.0708121604,0.0647840026|0|0.175521832|0.191803153|0.248318542|0.263807331,1.94808822|1.94330413|1.04496336|1.0754864|1.61436083|1.64210685,0.600369453|-0.103668079|0.501771927,0.0349684916|-0.273589045|-0.00408786954,0.003660205751657486,0.0011232374235987663,0.000999901443719864,0.0014706635847687721
153,7.7,-0.05262385896357985,0.08014043420553207,0.17898018658161163,0.3644498884677887,0.08014043420553207,0.35,2,0,0,0,0.5364911556243896,1.2671611309051514,11.629585266113281,0.5364911556243896,1.0,0.23846310870216003,0,1,1,0,0.3446689396179114,0.0,passthrough,1.1994405536735535e-09,0,0,12,,workspace_y_upper,0,0,1,solved,osqp,0.0,valid,0.23846310870216003,0.474186467|0.489186427|0.238463109|0.243739891|0.369919639|0.371965327,0.594186467|0.609186427|0.358463109|0.363739891|0.489919639|0.491965327,0.594186467|0.609186427|0.358463109|0.363739891|0.489919639|0.491965327,0|0|0|0|0|0,0|0|-0.0653943391|-0.0709908602|-0.094743763|-0.0933842787,0.0696363769|0|0.181625803|0.195602159|0.250676953|0.265049353,1.96638224|1.95674571|1.0700839|1.09957086|1.63561175|1.65952638,0.602117538|-0.117347524|0.501567364,0.0349684916|-0.273589045|-0.00408786954,0.003915275447070599,0.0010094419121742249,0.0009928848594427109,0.00184630136936903
154,7.75,-0.043028922631170946,0.077077217400074,0.17372289299964905,0.3702240586280823,0.077077217400074,0.35,2,0,0,0,0.5587635040283203,1.4956691265106201,10.83497428894043,0.5587635040283203,1.0,0.2444498838456764,0,1,1,0,0.3446689396179114,0.0,passthrough,1.2546280355841147e-09,0,0,12,,workspace_y_upper,0,0,1,solved,osqp,0.0,valid,0.2444498838456764,0.477787812|0.492787812|0.244449884|0.250109709|0.377756739|0.380562402,0.597787812|0.612787812|0.364449884|0.370109709|0.497756739|0.500562402,0.597787812|0.612787812|0.364449884|0.370109709|0.497756739|0.500562402,0|0|0|0|0|0,0|0|-0.0743953423|-0.0810444494|-0.117002309|-0.123546565,0.074420685|0|0.187137151|0.199210189|0.252616779|0.266010241,1.98557193|1.97115125|1.09054134|1.11860457|1.64664143|1.66471328,0.603865623|-0.131026968|0.501362801,0.0349684916|-0.273589045|-0.00408786954,0.0034756530076265335,0.0009436877444386482,0.0010148165747523308,0.001449846662580967
155,7.800000000000001,-0.04373518341016409,0.0741775780916214,0.16885100305080414,0.3759583830833435,0.0741775706410408,0.35,2,0,0,0,0.5698175430297852,1.5175701379776,12.334802627563477,0.5698175430297852,1.0,0.25022405605289216,0,1,1,0,0.3446689396179114,0.0,passthrough,1.2674915802972975e-09,0,0,12,,workspace_y_upper,0,0,1,solved,osqp,0.0,valid,0.25022405605289216,0.481626603|0.496626598|0.250224056|0.256131839|0.384552811|0.387675716,0.601626603|0.616626598|0.370224056|0.376131839|0.504552811|0.507675716,0.601626603|0.616626598|0.370224056|0.376131839|0.504552811|0.507675716,0|0|0|0|0|0,0|0|-0.0794957852|-0.0865006562|-0.130826369|-0.143710437,0.0791336497|0|0.192029427|0.202684434|0.254113898|0.266671091,2.00564006|1.98650639|1.11342987|1.14071113|1.66149877|1.67366352,0.605613708|-0.144706413|0.501158237,0.0349684916|-0.273589045|-0.00408786954,0.0037690075114369392,0.0012060757726430893,0.0010065920650959015,0.0014882944524288177
156,7.8500000000000005,-0.05848963093189058,0.07119262218475342,0.16510774195194244,0.3821623623371124,0.07119262218475342,0.35,2,0,0,0,0.5525658130645752,1.2432844638824463,22.457548141479492,0.5525658130645752,1.0,0.25595838737928406,0,1,1,0,0.3446689396179114,0.0,passthrough,1.2377815567745409e-09,0,0,12,,workspace_y_upper,0,0,1,solved,osqp,0.0,valid,0.25595838737928406,0.485699197|0.500699197|0.255958387|0.262032955|0.390719922|0.393804106,0.605699197|0.620699197|0.375958387|0.382032955|0.510719922|0.513804106,0.605699197|0.620699197|0.375958387|0.382032955|0.510719922|0.513804106,0|0|0|0|0|0,0|0|-0.074144577|-0.0803210925|-0.123759849|-0.137849883,0.0837723001|0|0.19633655|0.205904839|0.255147371|0.267037517,2.02656909|2.00279679|1.14602552|1.17371557|1.69426721|1.70440406,0.607361794|-0.158385858|0.500953674,0.0349684916|-0.273589045|-0.00408786954,0.0035950103774666786,0.0010725036263465881,0.0010039601475000381,0.0014471113681793213
157,7.9,-0.076163863626376,0.0680612176656723,0.16260869801044464,0.38903501629829407,0.0680612251162529,0.35,2,0,0,0,0.5299681425094604,1.422179937362671,21.811723709106445,0.5299681425094604,1.0,0.2621623672603516,0,1,1,0,0.3446689396179114,0.0,passthrough,1.2077852740142368e-09,0,0,12,,workspace_y_upper,0,0,1,solved,osqp,0.0,valid,0.2621623672603516,0.490001811|0.505001811|0.262162367|0.268392139|0.397292689|0.400248034,0.610001811|0.625001811|0.382162367|0.388392139|0.517292689|0.520248034,0.610001811|0.625001811|0.382162367|0.388392139|0.517292689|0.520248034,0|0|0|0|0|0,0|0|-0.064531859|-0.0694699022|-0.108106769|-0.121989978,0.088333972|0|0.200241496|0.208749737|0.2559097|0.267272881,2.04834122|2.02000724|1.18435911|1.21284839|1.73697369|1.74627504,0.609109879|-0.172065303|0.500749111,0.0349684916|-0.273589045|-0.00408786954,0.004051069729030132,0.000963912345468998,0.0012000389397144318,0.0018238527700304985
158,7.95,-0.09342585928190494,0.06464595347642899,0.161295086145401,0.39700862765312195,0.06464595347642899,0.35,2,0,0,0,0.4948640465736389,1.981690526008606,23.957630157470703,0.4948640465736389,1.0,0.2690350407913592,0,1,1,0,0.3446689396179114,0.0,passthrough,1.1740943369640122e-09,0,0,12,,workspace_y_upper,0,0,1,solved,osqp,0.0,valid,0.2690350407913592,0.494530536|0.509530536|0.269035041|0.275427596|0.404688498|0.407503002,0.614530536|0.629530536|0.389035041|0.395427596|0.524688498|0.527503002,0.614530536|0.629530536|0.389035041|0.395427596|0.524688498|0.527503002,0|0|0|0|0|0,0|0|-0.0462272972|-0.0492378651|-0.0757144616|-0.0825154349,0.0928163068|0|0.203851943|0.211215862|0.25653489|0.267478808,2.07093845|2.03812214|1.23376481|1.26368838|1.79957442|1.81497538,0.610857964|-0.185744748|0.500544548,0.0349684916|-0.273589045|-0.00408786954,0.004004164598882198,0.0010034479200839996,0.0010211169719696045,0.0019130203872919083
159,8.0,-0.09519097342248764,0.061190180480480194,0.16030946373939514,0.40565505623817444,0.061190180480480194,0.35,2,0,0,0,0.5125587582588196,1.8540440797805786,28.228914260864258,0.5125587582588196,1.0,0.27700866382236167,0,1,1,0,0.3446689396179114,0.0,passthrough,1.2240113789110564e-09,0,0,12,,workspace_y_upper,0,0,1,solved,osqp,0.0,valid,0.27700866382236167,0.499281351|0.51428132|0.277008664|0.28359504|0.413741168|0.416750975,0.619281351|0.63428132|0.397008664|0.40359504|0.533741168|0.536750975,0.619281351|0.63428132|0.397008664|0.40359504|0.533741168|0.536750975,0|0|0|0|0|0,0|0|-0.0366251021|-0.0385190577|-0.0587786584|-0.0537461647,0.0972172479|0|0.20740827|0.213340633|0.257327719|0.267864257,2.09434265|2.05712528|1.27881782|1.30920173|1.85351373|1.88112199,0.612606049|-0.199424192|0.500339985,0.0349684916|-0.273589045|-0.00408786954,0.005661336705088615,0.0016072839498519897,0.0016161510720849037,0.0023243194445967674
160,8.05,-0.0886533506498097,0.05809075012803078,0.15917138755321503,0.4139781892299652,0.058090753853321075,0.35,2,0,0,0,0.5869421362876892,1.9414186477661133,46.47194290161133,0.5869421362876892,1.0,0.2856550529542823,0,1,1,0,0.3446689396179114,0.0,filtered,1.7277321744156812e-08,0,0,12,,workspace_y_upper,0,0,1,solved,osqp,0.0,valid,0.2856550529542823,0.504250143|0.519250143|0.285655053|0.292415642|0.423697571|0.427474648,0.624250143|0.639250143|0.405655053|0.412415642|0.543697571|0.547474648,0.624250143|0.639250143|0.405655053|0.412415642|0.543697571|0.547474648,0|0|0|0|0|0,0|0|-0.0464767218|-0.0484381806|-0.0772662603|-0.0708063045,0.101535035|0|0.211022418|0.215440224|0.258480151|0.268519212,2.11853561|2.07700057|1.30716591|1.33666461|1.87600417|1.9076115,0.614354134|-0.213103637|0.500135422,0.0349684916|-0.273589045|-0.00408786954,0.005172519013285637,0.0012736525386571884,0.0015947166830301285,0.0022044265642762184
161,8.1,-0.09834156208365899,0.055055148899555206,0.1587568074464798,0.4227308928966522,0.05505514144897461,0.35,2,0,0,0,0.6138948202133179,1.847720980644226,36.045936584472656,0.6138947606086731,1.0,0.29397819728817665,0,1,1,0,0.3446689396179114,0.0,filtered,7.862039906951037e-08,0,0,12,,workspace_y_upper,0,0,1,solved,osqp,0.0,valid,0.29397819728817665,0.509432716|0.524432716|0.293978197|0.300843434|0.432777549|0.437371655,0.629432716|0.644432716|0.413978197|0.420843434|0.552777549|0.557371655,0.629432716|0.644432716|0.413978197|0.420843434|0.552777549|0.557371655,0|0|0|0|0|0,0|0|-0.0409987175|-0.0423385169|-0.069255278|-0.0613566252,0.105768195|0|0.214389819|0.217632581|0.259539127|0.269097968,2.14349906|2.09773087|1.34930389|1.3786678|1.92139404|1.95722796,0.616102219|-0.226783082|0.499930859,0.0349684916|-0.273589045|-0.00408786954,0.005569706670939922,0.001784459687769413,0.0017166147008538246,0.0019579436630010605
162,8.15,-0.11489930031574204,0.05191952735185623,0.1593940258026123,0.4324966371059418,0.05191952735185623,0.35,2,0,0,0,0.6261125206947327,2.639946222305298,31.629566192626953,0.6261124014854431,1.0,0.30273087255861875,0,1,1,0,0.3446689396179114,0.0,filtered,2.4401366401111014e-07,0,0,12,,workspace_y_upper,0,0,1,solved,osqp,0.0,valid,0.30273087255861875,0.514824808|0.529824808|0.302730873|0.309673012|0.442307594|0.447770598,0.634824808|0.649824808|0.422730873|0.429673012|0.562307594|0.567770598,0.634824808|0.649824808|0.422730873|0.429673012|0.562307594|0.567770598,0|0|0|0|0|0,0|0|-0.0237236346|-0.0242450669|-0.0405998797|-0.025683902,0.109915535|0|0.217441456|0.219519917|0.260411804|0.269586866,2.16921477|2.11929923|1.40464131|1.4339669|1.9890423|2.03498536,0.617850304|-0.240462527|0.499726295,0.0349684916|-0.273589045|-0.00408786954,0.00534356664866209,0.0016968026757240295,0.0014474522322416306,0.002094135619699955
163,8.200000000000001,-0.12240706232325466,0.048897262662649155,0.1605978012084961,0.4427269399166107,0.048897258937358856,0.35,2,0,0,0,0.6675048470497131,1.6079018115997314,28.90669059753418,0.667504608631134,1.0,0.3124966443348787,0,1,1,0,0.3446689396179114,0.0,filtered,3.6845079005585505e-07,0,0,12,,workspace_y_upper,0,0,1,solved,osqp,0.0,valid,0.3124966443348787,0.520422117|0.535422117|0.312496644|0.319490071|0.453324846|0.459991164,0.640422117|0.655422117|0.432496644|0.439490071|0.573324846|0.579991164,0.640422117|0.655422117|0.432496644|0.439490071|0.573324846|0.579991164,0|0|0|0|0|0,0|0|-0.0171722183|-0.0173037139|-0.0298701536|-0.0126812303,0.113976143|0|0.220292469|0.220979136|0.261322807|0.270150133,2.19566461|2.14168847|1.45310683|1.48163571|2.04475204|2.09743356,0.619598389|-0.254142016|0.499521732,0.0349684916|-0.273589045|-0.00408786954,0.0035319840535521507,0.0010212166234850883,0.0009817015379667282,0.001462223008275032
164,8.25,-0.131777822162084,0.045970991253852844,0.16242264211177826,0.45353958010673523,0.04597099497914314,0.35,2,0,0,0,0.7055517435073853,1.4052234888076782,9.096918106079102,0.7055513262748718,1.0,0.32272694212833414,0,1,1,0,0.3446689396179114,0.0,filtered,6.037595608672975e-07,0,0,12,,workspace_y_upper,0,0,1,solved,osqp,0.0,valid,0.32272694212833414,0.526220322|0.541220322|0.322726942|0.329726942|0.464925787|0.472893038,0.646220322|0.661220322|0.442726942|0.449726942|0.584925787|0.592893038,0.646220322|0.661220322|0.442726942|0.449726942|0.584925787|0.592893038,0|0|0|0|0|0,0|0|-0.00811076162|-0.00811076162|-0.0143694742|0.00514641575,0.117949375|0|0.222945021|0.222945021|0.262188733|0.270697439,2.22283066|2.16488129|1.50574203|1.53374203|2.10752241|2.16741601,0.621346474|-0.26782164|0.499317169,0.0349684916|-0.273589045|-0.00408786954,0.005526289343833923,0.0015775375068187714,0.0015681711956858635,0.002273763529956341
165,8.3,-0.15034997834738095,0.04301894083619118,0.16533242166042328,0.4655340015888214,0.04301894083619118,0.35,2,0,0,0,0.7242810726165771,1.6893380880355835,27.878589630126953,0.7242810130119324,1.0,0.33353959790641435,0,1,1,0,0.3446689396179114,0.0,filtered,8.562238684311319e-08,0,0,12,,workspace_y_upper,0,0,1,solved,osqp,0.0,valid,0.33353959790641435,0.532214997|0.547214997|0.333539598|0.340539598|0.477346728|0.486715295,0.652214997|0.667214997|0.453539598|0.460539598|0.597346728|0.606715295,0.652214997|0.667214997|0.453539598|0.460539598|0.597346728|0.606715295,0|0|0|0|0|0,0|0|0.0128355929|0.0128355929|0.0218302143|0.0502028868,0.121834765|0|0.22544011|0.22544011|0.263011304|0.271225384,2.25069475|2.18885999|1.57243409|1.60043409|2.19422843|2.26828945,0.623094559|-0.281501263|0.499112606,0.0349684916|-0.273589045|-0.00408786954,0.003963179886341095,0.000995442271232605,0.0009886948391795158,0.0019121430814266205
166,8.35,-0.16294035712759872,0.04019884765148163,0.1689680516719818,0.47823330760002136,0.040198858827352524,0.35,2,0,0,0,0.7319772839546204,1.4133799076080322,28.11195945739746,0.7319772839546204,1.0,0.3455339988360146,0,1,1,0,0.3446689396179114,0.0,filtered,1.2113334867242756e-08,0,0,12,,workspace_y_upper,0,0,1,solved,osqp,0.0,valid,0.3455339988360146,0.538401746|0.553401746|0.345533999|0.352533999|0.491637535|0.502830626,0.658401746|0.673401746|0.465533999|0.472533999|0.611637535|0.622830626,0.658401746|0.673401746|0.465533999|0.472533999|0.611637535|0.622830626,0|0|0|0|0|0,0|0|0.0240940204|0.0240940204|0.0407496756|0.077975342,0.125632116|0|0.227904915|0.227904915|0.263934874|0.271819457,2.2792391|2.21360699|1.63413493|1.66213493|2.27123469|2.3611173,0.624842644|-0.295180887|0.498908043,0.0349684916|-0.273589045|-0.00408786954,0.0057509951293468475,0.0016929619014263153,0.0016659190878272057,0.0022794632241129875
167,8.4,-0.16580779108193838,0.037685561925172806,0.1727616786956787,0.49080803990364075,0.0376855731010437,0.35,2,0,0,0,0.7400534749031067,1.1989473104476929,27.948301315307617,0.7422316670417786,1.0,0.3582333322121158,0,1,1,0,0.3446689396179114,0.0,filtered,0.009375232883374284,0,1,12,workspace_y_upper,workspace_y_upper,0,0,1,solved,osqp,8.912688638507138e-08,valid,0.3582333322121158,0.544776166|0.559776166|0.358233332|0.365233332|0.506949117|0.5203839,0.664776166|0.679776166|0.478233332|0.485233332|0.626949117|0.6403839,0.664776166|0.679776166|0.478233332|0.485233332|0.626949117|0.6403839,0|0|0|0|0|0,0|0|0.0190416604|0.0190416604|0.0309322757|0.0695838185,0.129341446|0|0.230384445|0.230384445|0.265011895|0.272461837,2.30844611|2.23910467|1.68235943|1.71035943|2.32374064|2.42358126,0.626590729|-0.308860511|0.49870348,0.0349684916|-0.273589045|-0.00408786954,0.004458647221326828,0.0009601600468158722,0.0011316463351249695,0.0023004747927188873
168,8.450000000000001,-0.16850964121834694,0.035474762320518494,0.17667774856090546,0.5030760169029236,0.035474762320518494,0.35,2,0,0,0,0.7663933038711548,1.075023889541626,23.046768188476562,0.7694703936576843,1.0,0.3708080684650637,0,1,1,0,0.3446689396179114,0.0,filtered,0.016572684461641434,0,0,12,,workspace_y_upper,0,0,1,solved,osqp,1.4651355650929787e-07,valid,0.3708080684650637,0.551333861|0.566333861|0.370808068|0.377808068|0.521827819|0.537550505,0.671333861|0.686333861|0.490808068|0.497808068|0.641827819|0.657550505,0.671333861|0.686333861|0.490808068|0.497808068|0.641827819|0.657550505,0|0|0|0|0|0,0|0|0.0107465611|0.0107465611|0.0155440897|0.0521347938,0.132962976|0|0.232770638|0.232770638|0.266092487|0.273049168,2.33829842|2.26533544|1.72674947|1.75474947|2.36894785|2.47538598,0.628338814|-0.322540134|0.498498917,0.0349684916|-0.273589045|-0.00408786954,0.0058671338483691216,0.0017511360347270966,0.0017196573317050934,0.002284923568367958
169,8.5,-0.16402633585587814,0.03352393954992294,0.18030783534049988,0.5150521993637085,0.03352394327521324,0.35,2,0,0,0,0.7887510061264038,1.1789965629577637,19.60536766052246,0.7887504696846008,1.0,0.3830760149558682,0,1,1,0,0.3446689396179114,0.0,filtered,6.004460625990558e-07,0,0,12,,workspace_y_upper,0,0,1,solved,osqp,0.0,valid,0.3830760149558682,0.55807045|0.57307045|0.383076015|0.390076015|0.535976311|0.553862779,0.67807045|0.69307045|0.503076015|0.510076015|0.655976311|0.673862779,0.67807045|0.69307045|0.503076015|0.510076015|0.655976311|0.673862779,0|0|0|0|0|0,0|0|0.00312028194|0.00312028194|0.00193019432|0.0340500716,0.136497111|0|0.234976074|0.234976074|0.267055575|0.273539347,2.36877891|2.2922818|1.77040042|1.79840042|2.41289101|2.52304054,0.630086899|-0.336219758|0.498294353,0.0349684916|-0.273589045|-0.00408786954,0.005271503701806068,0.0013374416157603264,0.0015804311260581017,0.0022511333227157593
170,8.55,-0.14955229374677742,0.03178422525525093,0.18311052024364471,0.5268443822860718,0.03178422898054123,0.35,2,0,0,0,0.7997382879257202,1.6149767637252808,18.394926071166992,0.7997375130653381,1.0,0.39505218926461494,0,1,1,0,0.3446689396179114,0.0,filtered,8.930345150791012e-07,0,0,12,,workspace_y_upper,0,0,1,solved,osqp,0.0,valid,0.39505218926461494,0.564981577|0.579981577|0.395052189|0.402052189|0.54946674|0.56927525,0.684981577|0.699981577|0.515052189|0.522052189|0.66946674|0.68927525,0.684981577|0.699981577|0.515052189|0.522052189|0.66946674|0.68927525,0|0|0|0|0|0,0|0|-0.00214288591|-0.00214288591|-0.00696029894|0.0202578942,0.139944429|0|0.236939278|0.236939278|0.267791749|0.273896376,2.39987074|2.31992631|1.81500515|1.84300515|2.45869841|2.57125527,0.631834984|-0.349899381|0.49808979,0.0349684916|-0.273589045|-0.00408786954,0.005591534078121185,0.0017909817397594452,0.001514539122581482,0.0021685492247343063
171,8.6,-0.14016969272292046,0.030163150280714035,0.18538951873779297,0.5389842987060547,0.030163155868649483,0.35,2,0,0,0,0.8016456365585327,1.568509578704834,20.433990478515625,0.8016447424888611,1.0,0.4068443667502696,0,1,1,0,0.3446689396179114,0.0,filtered,9.970822110270285e-07,0,0,12,,workspace_y_upper,0,0,1,solved,osqp,0.0,valid,0.4068443667502696,0.572062918|0.587062907|0.406844367|0.413844367|0.562526126|0.584001402,0.692062918|0.707062907|0.526844367|0.533844367|0.682526126|0.704001402,0.692062918|0.707062907|0.526844367|0.533844367|0.682526126|0.704001402,0|0|0|0|0|0,0|0|0.00329393368|0.00329393368|0.00238201864|0.0300929582,0.143305664|0|0.238648509|0.238648509|0.268243774|0.27410985,2.43155734|2.34825163|1.86931991|1.89731991|2.5207303|2.64020842,0.633583069|-0.363579005|0.497885227,0.0349684916|-0.273589045|-0.00408786954,0.005393384024500847,0.0016446569934487343,0.001518620178103447,0.0021258769556879997
172,8.65,-0.14034447541882872,0.028644993901252747,0.1876751035451889,0.5515877604484558,0.028644997626543045,0.35,2,0,0,0,0.7979792952537537,1.0726882219314575,18.508983612060547,0.8007792234420776,1.0,0.418984282014207,0,1,1,0,0.3446689396179114,0.0,filtered,0.026621038322186125,0,0,12,,workspace_y_upper,0,0,1,solved,osqp,2.76188243400477e-07,valid,0.418984282014207,0.579310192|0.594310192|0.418984282|0.425984282|0.576064014|0.599220464,0.699310192|0.714310192|0.538984282|0.545984282|0.696064014|0.719220464,0.699310192|0.714310192|0.538984282|0.545984282|0.696064014|0.719220464,0|0|0|0|0|0,0|0|0.0110780786|0.0110780786|0.0153440037|0.0470547479,0.146581692|0|0.240182928|0.240182928|0.268496435|0.274229208,2.46382246|2.37724077|1.92719813|1.95519813|2.58809649|2.71816581,0.635331154|-0.377258629|0.497680664,0.0349684916|-0.273589045|-0.00408786954,0.0034970976412296295,0.0009834719821810722,0.0009608641266822815,0.0014854436740279198
173,8.700000000000001,-0.13448714724014393,0.027317294850945473,0.1896270513534546,0.5638117790222168,0.027317291125655174,0.35,2,0,0,0,0.7979398965835571,1.0860692262649536,28.317176818847656,0.8070576190948486,1.0,0.4315877551520676,0,1,1,0,0.3446689396179114,0.0,filtered,0.07681494725939847,0,0,12,,workspace_y_upper,0,0,1,solved,osqp,7.112398744332782e-07,valid,0.4315877551520676,0.586719162|0.601719162|0.431587755|0.438587755|0.590259227|0.615290084,0.706719162|0.721719162|0.551587755|0.558587755|0.710259227|0.735290084,0.706719162|0.721719162|0.551587755|0.558587755|0.710259227|0.735290084,0|0|0|0|0|0,0|0|0.0020649533|0.0020649533|-0.000327643163|0.0333647191,0.149773519|0|0.24162433|0.24162433|0.268696156|0.274319,2.49665017|2.40687665|1.9700403|1.9980403|2.62940542|2.76884405,0.637079239|-0.390938252|0.497476101,0.0349684916|-0.273589045|-0.00408786954,0.005428595468401909,0.0015359856188297272,0.0015274956822395325,0.002260829322040081
174,8.75,-0.1272092879089383,0.026137307286262512,0.19117441773414612,0.5758306384086609,0.026137305423617363,0.35,2,0,0,0,0.826723575592041,1.1138660907745361,20.09981346130371,0.8280084729194641,1.0,0.4438117453006224,0,1,1,0,0.3446689396179114,0.0,filtered,0.019239231809386158,0,0,12,,workspace_y_upper,0,0,1,solved,osqp,1.7444918873343873e-07,valid,0.4438117453006224,0.594285646|0.609285646|0.443811745|0.450811745|0.603684863|0.63067992,0.714285646|0.729285646|0.563811745|0.570811745|0.723684863|0.75067992,0.714285646|0.729285646|0.563811745|0.570811745|0.723684863|0.75067992,0|0|0|0|0|0,0|0|-0.00341478731|-0.00341478731|-0.0110582052|0.0249846835,0.152882264|0|0.243011634|0.243011634|0.268976744|0.274424876,2.53002485|2.43714258|2.01484383|2.04284383|2.67265799|2.82212924,0.638827324|-0.404617876|0.497271538,0.0349684916|-0.273589045|-0.00408786954,0.003754718229174614,0.0009967712685465813,0.0009478973224759102,0.0017429012805223465
175,8.8,-0.11875547726362136,0.02508457377552986,0.19226685166358948,0.5876743793487549,0.02508457936346531,0.35,2,0,0,0,0.8521201610565186,0.8602805733680725,9.602897644042969,0.8521201610565186,1.0,0.45583056792178966,0,1,1,0,0.3446689396179114,0.0,passthrough,6.588480840894851e-12,0,0,12,,workspace_y_upper,0,0,1,solved,osqp,0.0,valid,0.45583056792178966,0.60200552|0.6170055|0.455830568|0.462830568|0.616588298|0.645655917,0.72200552|0.7370055|0.575830568|0.582830568|0.736588298|0.765655917,0.72200552|0.7370055|0.575830568|0.582830568|0.736588298|0.765655917,0|0|0|0|0|0,0|0|-0.00819740989|-0.00819740989|-0.0199734749|0.0174860038,0.155909151|0|0.244350569|0.244350569|0.269269514|0.274523206,2.56393123|2.468022|2.05947543|2.08747543|2.71564923|2.87463288,0.640575409|-0.418297499|0.497066975,0.0349684916|-0.273589045|-0.00408786954,0.005827196873724461,0.0016654636710882187,0.0016976017504930496,0.0023540453985333443
176,8.85,-0.10799781941583776,0.024148359894752502,0.1927907019853592,0.599289059638977,0.024148358032107353,0.35,2,0,0,0,0.8639385104179382,0.9145719408988953,16.98617172241211,0.8639385104179382,1.0,0.46767440147251194,0,1,1,0,0.3446689396179114,0.0,passthrough,7.705014946750881e-12,0,0,12,,workspace_y_upper,0,0,1,solved,osqp,0.0,valid,0.46767440147251194,0.609874722|0.624874712|0.467674401|0.474674401|0.629059847|0.660261586,0.729874722|0.744874712|0.587674401|0.594674401|0.749059847|0.780261586,0.729874722|0.744874712|0.587674401|0.594674401|0.749059847|0.780261586,0|0|0|0|0|0,0|0|-0.0139376177|-0.0139376177|-0.0289679617|0.00771571543,0.158855491|0|0.245616977|0.245616977|0.269538722|0.274603066,2.59835438|2.49949885|2.10237696|2.13037696|2.75681015|2.92336513,0.642323494|-0.431977123|0.496862411,0.0349684916|-0.273589045|-0.00408786954,0.005730639211833477,0.0016929879784584045,0.0016671111807227135,0.0022645192220807076
177,8.9,-0.09465030004476789,0.023318100720643997,0.19262327253818512,0.6106228828430176,0.023318100720643997,0.35,2,0,0,0,0.8673577308654785,1.1767715215682983,7.9228925704956055,0.8673577308654785,1.0,0.47928902672630136,0,1,1,0,0.3446689396179114,0.0,passthrough,7.763765665850175e-12,0,0,12,,workspace_y_upper,0,0,1,solved,osqp,0.0,valid,0.47928902672630136,0.617889262|0.632889245|0.479289027|0.486289027|0.641093111|0.674345388,0.737889262|0.752889245|0.599289027|0.606289027|0.761093111|0.794345388,0.737889262|0.752889245|0.599289027|0.606289027|0.761093111|0.794345388,0|0|0|0|0|0,0|0|-0.0206226755|-0.0206226755|-0.0386951974|-0.00783565254,0.161722675|0|0.246777913|0.246777913|0.269744673|0.274411272,2.63327972|2.53155698|2.14331134|2.17131134|2.79542192|2.96395717,0.644071579|-0.445656747|0.496657848,0.0349684916|-0.273589045|-0.00408786954,0.0059021636843681335,0.0018144380301237106,0.0016999784857034683,0.0022733891382813454
178,8.950000000000001,-0.0849057008366434,0.022572994232177734,0.19198249280452728,0.6217943429946899,0.022572997957468033,0.35,2,0,0,0,0.8686898350715637,1.2336398363113403,6.038878917694092,0.8686898350715637,1.0,0.4906228746731053,0,1,1,0,0.3446689396179114,0.0,passthrough,7.016243910096529e-12,0,0,12,,workspace_y_upper,0,0,1,solved,osqp,0.0,valid,0.4906228746731053,0.626045216|0.641045216|0.490622875|0.497622875|0.652649411|0.687353313,0.746045216|0.761045216|0.610622875|0.617622875|0.772649411|0.807353313,0.746045216|0.761045216|0.610622875|0.617622875|0.772649411|0.807353313,0|0|0|0|0|0,0|0|-0.0248775768|-0.0248775768|-0.0437992447|-0.02629342,0.164512159|0|0.247828682|0.247828682|0.269873818|0.273589764,2.66869302|2.56418086|2.1854426|2.2134426|2.83667222|2.9967096,0.645819664|-0.45933637|0.496453285,0.0349684916|-0.273589045|-0.00408786954,0.0054228706285357475,0.0015659267082810402,0.0014576539397239685,0.0022965427488088608
179,9.0,-0.08113167840557367,0.021893210709095,0.19120585918426514,0.6329815983772278,0.02189321257174015,0.35,2,0,0,0,0.8695803880691528,0.9925305247306824,7.765990734100342,0.8695803880691528,1.0,0.5017943287315593,0,1,1,0,0.3446689396179114,0.0,passthrough,6.6670785304973e-12,0,0,12,,workspace_y_upper,0,0,1,solved,osqp,0.0,valid,0.5017943287315593,0.634338737|0.649338725|0.501794329|0.508794329|0.663957486|0.699387642,0.754338737|0.769338725|0.621794329|0.628794329|0.783957486|0.819387642,0.754338737|0.769338725|0.621794329|0.628794329|0.783957486|0.819387642,0|0|0|0|0|0,0|0|-0.0254941444|-0.0254941444|-0.0431287679|-0.0379599223,0.167225457|0|0.248781703|0.248781703|0.269944558|0.272546559,2.70458041|2.5973549|2.23046487|2.25846487|2.88264573|3.0321372,0.647567749|-0.473015994|0.496248722,0.0349684916|-0.273589045|-0.00408786954,0.003585321828722954,0.0010735196992754936,0.0009760251268744469,0.0014616800472140312
180,9.05,-0.07848585900561608,0.021274887025356293,0.19035634398460388,0.6441508531570435,0.021274888888001442,0.35,2,0,0,0,0.8727100491523743,0.5583025813102722,14.393378257751465,0.8727100491523743,1.0,0.5129815837345509,0,1,1,0,0.3446689396179114,0.0,passthrough,6.676324505241119e-12,0,0,12,,workspace_y_upper,0,0,1,solved,osqp,0.0,valid,0.5129815837345509,0.642766055|0.657766055|0.512981584|0.519981584|0.675302834|0.710769506,0.762766055|0.777766055|0.632981584|0.639981584|0.795302834|0.830769506,0.762766055|0.777766055|0.632981584|0.639981584|0.795302834|0.830769506,0|0|0|0|0|0,0|0|-0.0267177622|-0.0267177622|-0.0447746682|-0.0516072235,0.16986413|0|0.24966438|0.24966438|0.269997225|0.271336048,2.74092835|2.63106422|2.27487295|2.30287295|2.92643389|3.06280685,0.649315834|-0.486695617|0.496044159,0.0349684916|-0.273589045|-0.00408786954,0.005704295821487904,0.001619158312678337,0.0015661725774407387,0.00240889098495245
181,9.1,-0.06976286993887307,0.020727211609482765,0.1891023814678192,0.6549944877624512,0.020727211609482765,0.35,2,0,0,0,0.8818650245666504,0.9357471466064453,19.53960609436035,0.8818650245666504,1.0,0.5241508650316579,0,1,1,0,0.3446689396179114,0.0,passthrough,6.104677172298013e-12,0,0,12,,workspace_y_upper,0,0,1,solved,osqp,0.0,valid,0.5241508650316579,0.651323462|0.666323462|0.524150865|0.531150865|0.686567381|0.721757489,0.771323462|0.786323462|0.644150865|0.651150865|0.806567381|0.841757489,0.771323462|0.786323462|0.644150865|0.651150865|0.806567381|0.841757489,0|0|0|0|0|0,0|0|-0.0340496844|-0.0340496844|-0.058178474|-0.06570408,0.172429768|0|0.250513475|0.250513475|0.270081119|0.271375276,2.77772362|2.66529385|2.31306725|2.34106725|2.95817217|3.09270115,0.651063919|-0.500375211|0.495839596,0.0349684916|-0.273589045|-0.00408786954,0.004015262238681316,0.0009533325210213661,0.0009993622079491615,0.001996699720621109
182,9.15,-0.05697301571393041,0.020242352038621902,0.18724334239959717,0.6654871702194214,0.020242352038621902,0.35,2,0,0,0,0.8899708390235901,0.8557356595993042,9.034027099609375,0.8899708390235901,1.0,0.5349944976468338,0,1,1,0,0.3446689396179114,0.0,passthrough,5.72497653984579e-12,0,0,12,,workspace_y_upper,0,0,1,solved,osqp,0.0,valid,0.5349944976468338,0.660007182|0.675007165|0.534994498|0.541994498|0.697165313|0.732040661,0.780007182|0.795007165|0.654994498|0.661994498|0.817165313|0.852040661,0.780007182|0.795007165|0.654994498|0.661994498|0.817165313|0.852040661,0|0|0|0|0|0,0|0|-0.0418778318|-0.0418778318|-0.072184642|-0.0811157144,0.174923943|0|0.251351872|0.251351872|0.270210405|0.271435711,2.81495267|2.70002866|2.34945203|2.37745203|2.98668702|3.11848264,0.652812004|-0.514054477|0.495635033,0.0349684916|-0.273589045|-0.00408786954,0.005872189998626709,0.0016941018402576447,0.0017432216554880142,0.002319181337952614
183,9.200000000000001,-0.039343383324824704,0.019814206287264824,0.1845373660326004,0.6755826473236084,0.019814206287264824,0.35,2,0,0,0,0.8946687579154968,1.1343399286270142,22.04120635986328,0.8946687579154968,1.0,0.5454871835742955,0,1,1,0,0.3446689396179114,0.0,passthrough,5.740633190304438e-12,0,0,12,,workspace_y_upper,0,0,1,solved,osqp,0.0,valid,0.5454871835742955,0.668813859|0.683813859|0.545487184|0.552487184|0.7070699|0.741556259,0.788813859|0.803813859|0.665487184|0.672487184|0.8270699|0.861556259,0.788813859|0.803813859|0.665487184|0.672487184|0.8270699|0.861556259,0|0|0|0|0|0,0|0|-0.0506505178|-0.0506505178|-0.0859391699|-0.0972974769,0.177348369|0|0.252157698|0.252157698|0.270325641|0.271471388,2.85260381|2.73525544|2.38345591|2.41145591|3.01266607|3.14039895,0.654560089|-0.527733743|0.49543047,0.0349684916|-0.273589045|-0.00408786954,0.004903330467641354,0.000950315035879612,0.0016021383926272392,0.0022624554112553596
184,9.25,-0.026972614194091873,0.019427169114351273,0.1812877655029297,0.6855026483535767,0.019427169114351273,0.35,2,0,0,0,0.9010692834854126,1.7542712688446045,20.180068969726562,0.9010692834854126,1.0,0.5555826061808508,0,1,1,0,0.3446689396179114,0.0,passthrough,5.824278090906591e-12,0,0,12,,workspace_y_upper,0,0,1,solved,osqp,0.0,valid,0.5555826061808508,0.677740049|0.692740049|0.555582606|0.562582606|0.716297572|0.750269899,0.797740049|0.812740049|0.675582606|0.682582606|0.836297572|0.870269899,0.797740049|0.812740049|0.675582606|0.682582606|0.836297572|0.870269899,0|0|0|0|0|0,0|0|-0.0550212843|-0.0550212843|-0.0905553269|-0.103956425,0.179704709|0|0.252883187|0.252883187|0.270337804|0.271413569,2.89066491|2.7709602|2.42019233|2.44819233|3.04497277|3.16853674,0.656308174|-0.541413009|0.495225906,0.0349684916|-0.273589045|-0.00408786954,0.005938957445323467,0.0018238667398691177,0.0016693025827407837,0.002333124168217182
185,9.3,-0.03588591374515609,0.019049987196922302,0.17866304516792297,0.6960293054580688,0.01904998905956745,0.35,2,0,0,0,0.8992174863815308,1.5489517450332642,24.073335647583008,0.8992174863815308,1.0,0.5655026419594419,0,1,1,0,0.3446689396179114,0.0,passthrough,6.077739729747955e-12,0,0,12,,workspace_y_upper,0,0,1,solved,osqp,0.0,valid,0.5655026419594419,0.68678239|0.701782383|0.565502642|0.572502642|0.725307788|0.758661993,0.80678239|0.821782383|0.685502642|0.692502642|0.845307788|0.878661993,0.80678239|0.821782383|0.685502642|0.692502642|0.845307788|0.878661993,0|0|0|0|0|0,0|0|-0.0435396282|-0.0435396282|-0.0692271481|-0.0808086122,0.181994634|0|0.253500951|0.253500951|0.27020452|0.271235823,2.92912419|2.80712953|2.47197189|2.49997189|3.10220852|3.22507518,0.658056259|-0.555092275|0.495021343,0.0349684916|-0.273589045|-0.00408786954,0.005604775622487068,0.001675478182733059,0.0016805799677968025,0.002139105461537838
186,9.35,-0.06020802147314754,0.01866590790450573,0.17745155096054077,0.7077907919883728,0.01866590976715088,0.35,2,0,0,0,0.8820310235023499,1.9258854389190674,39.382808685302734,0.8820310235023499,1.0,0.57602928553075,0,1,1,0,0.3446689396179114,0.0,passthrough,6.304591601936975e-12,0,0,12,,workspace_y_upper,0,0,1,solved,osqp,0.0,valid,0.57602928553075,0.695937602|0.710937602|0.576029286|0.583029286|0.735377707|0.768204782,0.815937602|0.830937602|0.696029286|0.703029286|0.855377707|0.888204782,0.815937602|0.830937602|0.696029286|0.703029286|0.855377707|0.888204782,0|0|0|0|0|0,0|0|-0.019184752|-0.019184752|-0.02905558|-0.0341631216,0.184219817|0|0.254051935|0.254051935|0.27001365|0.271025192,2.96797023|2.84375041|2.53898433|2.56698433|3.1824689|3.3096812,0.659804344|-0.568771541|0.49481678,0.0349684916|-0.273589045|-0.00408786954,0.004207504913210869,0.0010243086144328117,0.0010701585561037064,0.0020412011072039604
187,9.4,-0.07897464810770019,0.01828857883810997,0.17728279531002045,0.7205897569656372,0.01828857883810997,0.35,2,0,0,0,0.8686130046844482,2.941584587097168,43.55887985229492,0.8686130046844482,1.0,0.5877908139557572,0,1,1,0,0.3446689396179114,0.0,passthrough,6.624882113647195e-12,0,0,12,,workspace_y_upper,0,0,1,solved,osqp,0.0,valid,0.5877908139557572,0.705202491|0.720202473|0.587790814|0.594790814|0.747428381|0.780050595,0.825202491|0.840202473|0.707790814|0.714790814|0.867428381|0.900050595,0.825202491|0.840202473|0.707790814|0.714790814|0.867428381|0.900050595,0|0|0|0|0|0,0|0|0.00116290113|0.00116290113|0.000953511289|0.00289514931,0.186381928|0|0.254635366|0.254635366|0.269970528|0.270958534,3.00719189|2.88080989|2.60696152|2.63496152|3.26063756|3.39405606,0.661552429|-0.582450807|0.494612217,0.0349684916|-0.273589045|-0.00408786954,0.005391244776546955,0.0017142025753855705,0.0014763996005058289,0.0020959265530109406
188,9.450000000000001,-0.08709026007819234,0.01794419065117836,0.17754419147968292,0.7335970401763916,0.01794419251382351,0.35,2,0,0,0,0.8671609163284302,3.737724781036377,42.048851013183594,0.867272675037384,1.0,0.6005896820978686,0,1,1,0,0.3446689396179114,0.0,filtered,0.0008078225842495682,0,1,12,workspace_y_upper,workspace_y_upper,0,0,1,solved,osqp,0.0,valid,0.6005896820978686,0.714573943|0.729573933|0.600589682|0.607589682|0.760972424|0.793730298,0.834573943|0.849573933|0.720589682|0.727589682|0.880972424|0.913730298,0.834573943|0.849573933|0.720589682|0.727589682|0.880972424|0.913730298,0|0|0|0|0|0,0|0|0.00431793923|0.00431793923|0.000560834088|0.00492952388,0.188482629|0|0.255331088|0.255331088|0.270200616|0.271130947,3.0467784|2.91829573|2.66200776|2.69000776|3.31465115|3.45098166,0.663300514|-0.596130073|0.494407654,0.0349684916|-0.273589045|-0.00408786954,0.0035350527614355087,0.0009998288005590439,0.0009770290926098824,0.0014891838654875755
189,9.5,-0.08791468236201626,0.017646534368395805,0.17788316309452057,0.7461007833480835,0.017646536231040955,0.35,2,0,0,0,0.8785018920898438,2.9695446491241455,27.999555587768555,0.880824863910675,1.0,0.613597078634963,0,1,1,0,0.3446689396179114,0.0,filtered,0.01933243601657812,0,0,12,,workspace_y_upper,0,0,1,solved,osqp,1.8699404664979102e-07,valid,0.613597078634963,0.72404893|0.739048891|0.613597079|0.620597079|0.774528382|0.807539607,0.84404893|0.859048891|0.733597079|0.740597079|0.894528382|0.927539607,0.84404893|0.859048891|0.733597079|0.740597079|0.894528382|0.927539607,0|0|0|0|0|0,0|0|-0.00681710645|-0.00681710645|-0.0222389244|-0.0195916735,0.19052357|0|0.256135855|0.256135855|0.270659433|0.271491816,3.08671929|2.95619556|2.70370706|2.73170706|3.34653404|3.48205857,0.665048599|-0.609809339|0.494203091,0.0349684916|-0.273589045|-0.00408786954,0.005550083704292774,0.0015825144946575165,0.001555311493575573,0.0023199329152703285
190,9.55,-0.08252073701034691,0.017390679568052292,0.17796657979488373,0.7579993605613708,0.017390679568052292,0.35,2,0,0,0,0.8957232236862183,1.686267375946045,41.43563461303711,0.8957232236862183,1.0,0.6261007613133925,0,1,1,0,0.3446689396179114,0.0,passthrough,6.68897135915778e-12,0,0,12,,workspace_y_upper,0,0,1,solved,osqp,0.0,valid,0.6261007613133925,0.733624506|0.748624506|0.626100761|0.633100761|0.786977587|0.820156387,0.853624506|0.868624506|0.746100761|0.753100761|0.906977587|0.940156387,0.853624506|0.868624506|0.746100761|0.753100761|0.906977587|0.940156387,0|0|0|0|0|0,0|0|-0.0195968277|-0.0195968277|-0.0458673732|-0.0470060969,0.192506386|0|0.256972668|0.256972668|0.271230539|0.271931054,3.12700441|2.99449803|2.74177889|2.76977889|3.37327351|3.50555051,0.666796684|-0.623488605|0.493998528,0.0349684916|-0.273589045|-0.00408786954,0.0037215007469058037,0.000950871966779232,0.0009601600468158722,0.0017463769763708115
191,9.600000000000001,-0.04934808512802192,0.017179757356643677,0.17626047134399414,0.7687811851501465,0.017179757356643677,0.35,2,0,0,0,0.8850919008255005,2.7253849506378174,51.04971694946289,0.8850919008255005,1.0,0.6379993481641896,0,1,1,0,0.3446689396179114,0.0,passthrough,6.424791963212044e-12,0,0,12,,workspace_y_upper,0,0,1,solved,osqp,0.0,valid,0.6379993481641896,0.743297804|0.758297793|0.637999348|0.644999348|0.79825747|0.831409605,0.863297804|0.878297793|0.757999348|0.764999348|0.91825747|0.951409605,0.863297804|0.878297793|0.757999348|0.764999348|0.91825747|0.951409605,0|0|0|0|0|0,0|0|-0.0425465127|-0.0425465127|-0.083399626|-0.0918500997,0.194432692|0|0.25774767|0.25774767|0.271714892|0.272287036,3.16762391|3.03319117|2.76719855|2.79519855|3.38134515|3.50607536,0.668544769|-0.637167871|0.493793964,0.0349684916|-0.273589045|-0.00408786954,0.005718805827200413,0.0016667712479829788,0.001609133556485176,0.0023377658799290657
192,9.65,-0.0006924565543002352,0.01700996235013008,0.17195087671279907,0.7782245874404907,0.01700996421277523,0.35,2,0,0,0,0.8670068979263306,4.605420112609863,50.61821365356445,0.8675329089164734,1.0,0.6487811261311519,0,1,1,0,0.3446689396179114,0.0,filtered,0.0169588090889745,0,0,12,joint_1_acceleration_lower,workspace_y_upper,0,0,1,solved,osqp,0.0,valid,0.6487811261311519,0.753066038|0.768066038|0.648781126|0.655781126|0.807677667|0.840438212,0.873066038|0.888066038|0.768781126|0.775781126|0.927677667|0.960438212,0.873066038|0.888066038|0.768781126|0.775781126|0.927677667|0.960438212,0|0|0|0|0|0,0|0|-0.0706248872|-0.0706248872|-0.124343914|-0.141796077,0.196304081|0|0.258396406|0.258396406|0.271948591|0.272423725,3.20856823|3.07226415|2.78289602|2.81089602|3.37831534|3.4923805,0.670292854|-0.650847137|0.493589401,0.0349684916|-0.273589045|-0.00408786954,0.00431861262768507,0.0009460505098104477,0.0011341441422700882,0.002172846347093582
193,9.700000000000001,0.007905708689145835,0.016853393986821175,0.1673392802476883,0.7876443862915039,0.016853395849466324,0.35,2,0,0,0,0.8651526570320129,4.737894058227539,56.64064407348633,0.8651515245437622,1.0,0.6582245536558126,0,1,1,0,0.3446689396179114,0.0,filtered,1.3994581658137525e-06,0,0,12,,workspace_y_upper,0,0,1,solved,osqp,0.0,valid,0.6582245536558126,0.762926503|0.777926475|0.658224554|0.665224554|0.815124327|0.847058461,0.882926503|0.897926475|0.778224554|0.785224554|0.935124327|0.967058461,0.882926503|0.897926475|0.778224554|0.785224554|0.935124327|0.967058461,0|0|0|0|0|0,0|0|-0.0717614235|-0.0717614235|-0.116184825|-0.135984457,0.198122121|0|0.258890442|0.258890442|0.271850223|0.27227683,3.24982813|3.1117059|2.82002723|2.84802723|3.41616271|3.52452622,0.672040939|-0.664526403|0.493384838,0.0349684916|-0.273589045|-0.00408786954,0.005391798913478851,0.0017559202387928963,0.0017413124442100525,0.0017759380862116814
194,9.75,-0.06131554198977142,0.01666630245745182,0.16655218601226807,0.7999657392501831,0.01666630245745182,0.35,2,0,0,0,0.873790979385376,5.777261257171631,104.52924346923828,0.8739801049232483,1.0,0.6676443915326481,0,1,1,0,0.3446689396179114,0.0,filtered,0.013941478022868777,0,0,12,joint_0_acceleration_upper,workspace_y_upper,0,0,1,solved,osqp,0.0,valid,0.6676443915326481,0.772876568|0.787876568|0.667644392|0.674644392|0.823001882|0.853982759,0.892876568|0.907876568|0.787644392|0.794644392|0.943001882|0.973982759,0.892876568|0.907876568|0.787644392|0.794644392|0.943001882|0.973982759,0|0|0|0|0|0,0|0|-0.010832076|-0.010832076|-0.00801864334|-0.0160842674,0.199888356|0|0.259241157|0.259241157|0.271486099|0.271923565,3.29139463|3.15150627|2.91898665|2.94698665|3.55547499|3.67177033,0.673789024|-0.678205669|0.493180275,0.0349684916|-0.273589045|-0.00408786954,0.005532481707632542,0.0017713038250803947,0.00154147669672966,0.002112201415002346
195,9.8,-0.166016142239328,0.07114318758249283,0.16849707067012787,0.8059436678886414,0.07059844583272934,0.35,2,0,0,0,0.8644987940788269,5.55203104019165,118.80030059814453,0.8795007467269897,1.0,0.679965766119924,0,1,1,0,0.3446689396179114,0.0,filtered,0.06536801322568675,0,0,12,,workspace_y_upper,0,0,1,solved,osqp,1.1155769402693139e-07,valid,0.679965766119924,0.782913683|0.797913683|0.679965766|0.686965766|0.835986703|0.866567234,0.902913683|0.917913683|0.799965766|0.806965766|0.955986703|0.986567234,0.902913683|0.917913683|0.799965766|0.806965766|0.955986703|0.986567234,0|0|0|0|0|0,0|0|0.0433036472|0.0433036472|0.0769431072|0.0852658359,0.201604298|0|0.259524898|0.259524898|0.27109406|0.271621219,3.33325903|3.19165473|3.02269161|3.05069161|3.69198398|3.82315599,0.675537109|-0.691884935|0.492975712,0.0349684916|-0.273589045|-0.00408786954,0.004194785840809345,0.0015488872304558754,0.0010337680578231812,0.0015293871983885765
196,9.850000000000001,-0.1683205443200132,0.07627575099468231,0.17011108994483948,0.7958860397338867,0.07613185048103333,0.35,2,0,0,0,0.7405475974082947,7.153237819671631,176.63917541503906,0.7521328926086426,1.0,0.651638730402503,0,1,1,0,0.3446689396179114,0.0,filtered,0.056718753371609164,0,0,12,joint_2_acceleration_lower|joint_1_acceleration_upper,workspace_y_upper,0,0,1,solved,osqp,0.0,valid,0.651638730402503,0.762860801|0.777860796|0.65163873|0.65863873|0.805440328|0.835318957,0.882860801|0.897860796|0.77163873|0.77863873|0.925440328|0.955318957,0.882860801|0.897860796|0.77163873|0.77863873|0.925440328|0.955318957,0.15|0.15|0.15|0.15|0.15|0.15,0|0|0.0284258379|0.0284258379|0.0419128539|0.047596878,-0.152566894|0|-0.226703052|-0.226703052|-0.253176862|-0.259934197,2.89887631|3.11144319|2.40827771|2.43627771|3.0104973|3.12893851,0.677285194|-0.695440233|0.492771149,0.0349684916|0.273589045|-0.00408786954,0.005486686713993549,0.0015475871041417122,0.0015186220407485962,0.0023233406245708466
197,9.9,-0.16439451219965762,0.08452479541301727,0.17115484178066254,0.7853012084960938,0.08436542004346848,0.35,2,0,0,0,0.769636869430542,4.99422025680542,54.142311096191406,0.7722042798995972,1.0,0.6417482914253881,0,1,1,0,0.3446689396179114,0.0,filtered,0.015474371359147457,0,0,12,,workspace_y_upper,0,0,1,solved,osqp,2.071820394272672e-07,valid,0.6417482914253881,0.755296984|0.770296984|0.641748291|0.648748291|0.794880692|0.824692348,0.875296984|0.890296984|0.761748291|0.768748291|0.914880692|0.944692348,0.875296984|0.890296984|0.761748291|0.768748291|0.914880692|0.944692348,0.15|0.15|0.15|0.15|0.15|0.15,0|0|0.0157371475|0.0157371475|0.0124362262|0.0175261511,-0.149969148|0|-0.225522756|-0.225522756|-0.252830601|-0.259786886,2.87121879|3.08118794|2.35720756|2.38520756|2.93912839|3.05650866,0.679033279|-0.681760967|0.492566586,0.0349684916|0.273589045|-0.00408786954,0.004158719442784786,0.0009528808295726776,0.0009561646729707718,0.002182973548769951
198,9.950000000000001,-0.15539623871095531,0.10941341519355774,0.17035071551799774,0.7729184031486511,0.10918591171503067,0.35,2,0,0,0,0.7856478095054626,4.9176859855651855,108.23436737060547,0.7856476306915283,1.0,0.6312845497367193,0,1,1,0,0.3446689396179114,0.0,filtered,2.991182308949261e-07,0,0,12,,workspace_y_upper,0,0,1,solved,osqp,0.0,valid,0.6312845497367193,0.747864496|0.762864496|0.63128455|0.63828455|0.782849954|0.812558713,0.867864496|0.882864496|0.75128455|0.75828455|0.902849954|0.932558713,0.867864496|0.882864496|0.75128455|0.75828455|0.902849954|0.932558713,0.15|0.15|0.15|0.15|0.15|0.15,0|0|-0.0223678826|-0.0223678826|-0.0555648975|-0.0532883147,-0.147313494|0|-0.224659441|-0.224659441|-0.252988322|-0.260100074,2.84414449|3.05145798|2.27811087|2.30611087|2.8228466|2.93684646,0.680781364|-0.668081701|0.492362022,0.0349684916|0.273589045|-0.00408786954,0.005868582986295223,0.0017490051686763763,0.0017173858359456062,0.0022815996780991554
199,10.0,-0.17765159731767002,0.141649067401886,0.16905467212200165,0.7588002681732178,0.14143513143062592,0.35,2,0,0,0,0.7639573216438293,4.660843849182129,45.271995544433594,0.7639573216438293,1.0,0.6189953069147024,0,1,1,0,0.3446689396179114,0.0,passthrough,1.6972997285402963e-09,0,0,12,,workspace_y_upper,0,0,1,solved,osqp,0.0,valid,0.6189953069147024,0.740566247|0.755566247|0.618995307|0.625995307|0.767449748|0.796923538,0.860566247|0.875566247|0.738995307|0.745995307|0.887449748|0.916923538,0.860566247|0.875566247|0.738995307|0.745995307|0.887449748|0.916923538,0.15|0.15|0.15|0.15|0.15|0.15,0|0|-0.0571676567|-0.0571676567|-0.11644844|-0.117511557,-0.144599271|0|-0.223980899|-0.223980899|-0.253761263|-0.260924907,2.81766572|3.02226499|2.19483267|2.22283267|2.69958929|2.80925769,0.682529449|-0.654402435|0.492157459,0.0349684916|0.273589045|-0.00408786954,0.004804295487701893,0.0009854799136519432,0.0015445994213223457,0.002202233299612999
200,10.05,-0.20352925676550712,0.15773385763168335,0.16839225590229034,0.7439028024673462,0.15747961401939392,0.35,2,0,0,0,0.6845859885215759,3.173306465148926,76.2269515991211,0.6845859885215759,1.0,0.6049665709298667,0,1,1,0,0.3446689396179114,0.0,passthrough,1.4194576163066058e-09,0,0,12,,workspace_y_upper,0,0,1,solved,osqp,0.0,valid,0.6049665709298667,0.733405182|0.74840516|0.604966571|0.611966571|0.748876746|0.777950794,0.853405182|0.86840516|0.724966571|0.731966571|0.868876746|0.897950794,0.853405182|0.86840516|0.724966571|0.731966571|0.868876746|0.897950794,0.15|0.15|0.15|0.15|0.15|0.15,0|0|-0.0720484755|-0.0720484755|-0.139224566|-0.142951348,-0.141825871|0|-0.223325061|-0.223325061|-0.254894904|-0.262029314,2.79179486|2.99362064|2.12449275|2.15249275|2.60138751|2.70682251,0.684277534|-0.640723169|0.491952896,0.0349684916|0.273589045|-0.00408786954,0.004219459369778633,0.0014694230630993843,0.0010320963338017464,0.0016390224918723106
201,10.100000000000001,-0.2088702533732442,0.1580009162425995,0.16801290214061737,0.7290725708007812,0.15769970417022705,0.35,2,0,0,0,0.6492416858673096,3.522831678390503,43.743202209472656,0.6492414474487305,1.0,0.5901933985405557,0,1,1,0,0.3446689396179114,0.0,filtered,5.091824712330662e-07,0,0,12,,workspace_y_upper,0,0,1,solved,osqp,0.0,valid,0.5901933985405557,0.726384273|0.741384272|0.590193399|0.597193399|0.729051325|0.757586354,0.846384273|0.861384272|0.710193399|0.717193399|0.849051325|0.877586354,0.846384273|0.861384272|0.710193399|0.717193399|0.849051325|0.877586354,0.15|0.15|0.15|0.15|0.15|0.15,0|0|-0.0710827303|-0.0710827303|-0.133557721|-0.137075392,-0.138992747|0|-0.222423313|-0.222423313|-0.255857858|-0.262957528,2.76654435|2.96553709|2.06726755|2.09526755|2.52678972|2.6303125,0.68602562|-0.627043903|0.491748333,0.0349684916|0.273589045|-0.00408786954,0.00527116097509861,0.0016236566007137299,0.001465492881834507,0.0020750900730490685
202,10.15,-0.21984277230593563,0.1699567586183548,0.16764062643051147,0.7137985825538635,0.169597327709198,0.35,2,0,0,0,0.6977737545967102,1.949915885925293,46.708709716796875,0.6977734565734863,1.0,0.5755273214909734,0,1,1,0,0.3446689396179114,0.0,filtered,5.98136402464917e-07,0,0,12,,workspace_y_upper,0,0,1,solved,osqp,0.0,valid,0.5755273214909734,0.71950652|0.73450652|0.575527321|0.582527321|0.709486596|0.737493552,0.83950652|0.85450652|0.695527321|0.702527321|0.829486596|0.857493552,0.83950652|0.85450652|0.695527321|0.702527321|0.829486596|0.857493552,0.15|0.15|0.15|0.15|0.15|0.15,0|0|-0.0807113573|-0.0807113573|-0.149681945|-0.154726794,-0.136099415|0|-0.221242457|-0.221242457|-0.25653832|-0.263609655,2.74192666|2.93802608|2.00015547|2.02815547|2.43172612|2.53163776,0.687773705|-0.613364637|0.49154377,0.0349684916|0.273589045|-0.00408786954,0.0035191280767321587,0.0009799981489777565,0.0009459927678108215,0.00152543094009161
203,10.200000000000001,-0.21242732148541002,0.17996057868003845,0.16634544730186462,0.698212742805481,0.17952978610992432,0.35,2,0,0,0,0.6988475322723389,2.093684196472168,30.104124069213867,0.6988472938537598,1.0,0.5604415648390227,0,1,1,0,0.3446689396179114,0.0,filtered,3.8154516098941e-07,0,0,12,,workspace_y_upper,0,0,1,solved,osqp,0.0,valid,0.5604415648390227,0.712774942|0.727774942|0.560441565|0.567441565|0.689082114|0.716482496,0.832774942|0.847774942|0.680441565|0.687441565|0.809082114|0.836482496,0.832774942|0.847774942|0.680441565|0.687441565|0.809082114|0.836482496,0.15|0.15|0.15|0.15|0.15|0.15,0|0|-0.0878950113|-0.0878950113|-0.159536171|-0.167767546,-0.133145466|0|-0.219890386|-0.219890386|-0.257097483|-0.264129859,2.7179543|2.91109977|1.93398086|1.96198086|2.3396948|2.43403258,0.68952179|-0.599685371|0.491339207,0.0349684916|0.273589045|-0.00408786954,0.005355376750230789,0.0015627313405275345,0.0014506364241242409,0.002241811715066433
204,10.25,-0.2021751606114674,0.17600533366203308,0.16476507484912872,0.6830356121063232,0.17549249529838562,0.35,2,0,0,0,0.6890290379524231,1.7929620742797852,28.43762969970703,0.689028799533844,1.0,0.5450793116562528,0,1,1,0,0.3446689396179114,0.0,filtered,3.341614962477005e-07,0,0,12,,workspace_y_upper,0,0,1,solved,osqp,0.0,valid,0.5450793116562528,0.70619258|0.72119258|0.545079312|0.552079312|0.668182978|0.694821892,0.82619258|0.84119258|0.665079312|0.672079312|0.788182978|0.814821892,0.82619258|0.84119258|0.665079312|0.672079312|0.788182978|0.814821892,0.15|0.15|0.15|0.15|0.15|0.15,0|0|-0.0809271488|-0.0809271488|-0.145423311|-0.153627974,-0.130130565|0|-0.218288041|-0.218288041|-0.257301826|-0.264319097,2.69463976|2.88477032|1.88110206|1.90910206|2.27000677|2.3613405,0.691269875|-0.586006105|0.491134644,0.0349684916|0.273589045|-0.00408786954,0.003512270748615265,0.0009952690452337265,0.0009895823895931244,0.0014582276344299316
205,10.3,-0.20635862348196143,0.16956886649131775,0.1638161987066269,0.6684964299201965,0.16896316409111023,0.35,2,0,0,0,0.6663902997970581,1.407244324684143,43.95076370239258,0.6663901209831238,1.0,0.5301548743066508,0,1,1,0,0.3446689396179114,0.0,filtered,2.2742811838353053e-07,0,0,12,,workspace_y_upper,0,0,1,solved,osqp,0.0,valid,0.5301548743066508,0.699762487|0.714762487|0.530154874|0.537154874|0.648007829|0.673885084,0.819762487|0.834762487|0.650154874|0.657154874|0.768007829|0.793885084,0.819762487|0.834762487|0.650154874|0.657154874|0.768007829|0.793885084,0.15|0.15|0.15|0.15|0.15|0.15,0|0|-0.0698368017|-0.0698368017|-0.128377632|-0.135295814,-0.127054461|0|-0.216481163|-0.216481163|-0.257244428|-0.264270705,2.67199549|2.85904995|1.83430153|1.86230153|2.20640926|2.29597382,0.69301796|-0.572326839|0.49093008,0.0349684916|0.273589045|-0.00408786954,0.003506091423332691,0.0009920522570610046,0.0009861486032605171,0.0014632418751716614
206,10.350000000000001,-0.19917092342747839,0.15991570055484772,0.16301856935024261,0.6547412276268005,0.15920788049697876,0.35,2,0,0,0,0.6055143475532532,2.150449514389038,23.620153427124023,0.6055143475532532,1.0,0.5158791518129636,0,1,1,0,0.3446689396179114,0.0,passthrough,1.438282178887681e-09,0,0,12,,workspace_y_upper,0,0,1,solved,osqp,0.0,valid,0.5158791518129636,0.693487729|0.708487729|0.515879152|0.522879152|0.628698874|0.653878198,0.813487729|0.828487729|0.635879152|0.642879152|0.748698874|0.773878198,0.813487729|0.828487729|0.635879152|0.642879152|0.748698874|0.773878198,0.15|0.15|0.15|0.15|0.15|0.15,0|0|-0.0558914311|-0.0558914311|-0.10525898|-0.111301297,-0.123916992|0|-0.214597721|-0.214597721|-0.25710193|-0.264152924,2.65003393|2.83395092|1.79302746|1.82102746|2.15243458|2.24005857,0.694766045|-0.558647573|0.490725517,0.0349684916|0.273589045|-0.00408786954,0.0034445999190211296,0.000942593440413475,0.0009701363742351532,0.0014391504228115082
207,10.4,-0.19779561313920227,0.14319007098674774,0.16304807364940643,0.6421369910240173,0.14237534999847412,0.35,2,0,0,0,0.5460526943206787,3.008514642715454,27.578264236450195,0.5460526943206787,1.0,0.5023992965868292,0,1,1,0,0.3446689396179114,0.0,passthrough,1.386359991533303e-09,0,0,12,,workspace_y_upper,0,0,1,solved,osqp,0.0,valid,0.5023992965868292,0.687371376|0.702371355|0.502399297|0.509329627|0.610570374|0.635094101,0.807371376|0.822371355|0.622399297|0.629329627|0.730570374|0.755094101,0.807371376|0.822371355|0.622399297|0.629329627|0.730570374|0.755094101,0.15|0.15|0.15|0.15|0.15|0.15,0|0|-0.0348995006|-0.0360667829|-0.0718578147|-0.0749889047,-0.120718091|0|-0.212630356|-0.214610657|-0.256787169|-0.263901883,2.62876741|2.80948542|1.76206733|1.78664107|2.11363651|2.20148562,0.69651413|-0.544968307|0.490520954,0.0349684916|0.273589045|-0.00408786954,0.0035198479890823364,0.0009653856977820396,0.0010176356881856918,0.0014676610007882118
208,10.450000000000001,-0.19642250791013574,0.1219867467880249,0.16409674286842346,0.6309342384338379,0.12100036442279816,0.35,2,0,0,0,0.5261693000793457,4.128235816955566,23.703716278076172,0.5261693000793457,1.0,0.490070123254429,0,1,1,0,0.3446689396179114,0.0,filtered,1.167137416922805e-08,0,0,12,,workspace_y_upper,0,0,1,solved,osqp,0.0,valid,0.490070123254429,0.681416497|0.696416497|0.490070123|0.496752625|0.594130817|0.61813875,0.801416497|0.816416497|0.610070123|0.616752625|0.714130817|0.73813875,0.801416497|0.816416497|0.610070123|0.616752625|0.714130817|0.73813875,0.15|0.15|0.15|0.15|0.15|0.15,0|0|-0.00916713795|-0.0105961199|-0.0319230283|-0.0315714015,-0.117457793|0|-0.210665795|-0.214947172|-0.256461812|-0.263680798,2.6082082|2.78566599|1.74044756|1.76146721|2.08813843|2.1773028,0.698262215|-0.531289041|0.490316391,0.0349684916|0.273589045|-0.00408786954,0.0034541375935077667,0.000939657911658287,0.0009811492636799812,0.0014713536947965622
209,10.5,-0.1904739489513368,0.09179513156414032,0.16640008985996246,0.6216676235198975,0.09058913588523865,0.35,2,0,0,0,0.5540821552276611,4.2902116775512695,22.20909881591797,0.5540820956230164,1.0,0.4791334985335155,0,1,1,0,0.3446689396179114,0.0,filtered,2.774486500077327e-07,0,0,12,,workspace_y_upper,0,0,1,solved,osqp,0.0,valid,0.4791334985335155,0.675626162|0.690626161|0.479133499|0.485463116|0.579706998|0.603365086,0.795626162|0.810626161|0.599133499|0.605463116|0.699706998|0.723365086,0.795626162|0.810626161|0.599133499|0.605463116|0.699706998|0.723365086,0.15|0.15|0.15|0.15|0.15|0.15,0|0|0.027274904|0.0274935637|0.0264457402|0.0322284374,-0.114136238|0|-0.208765595|-0.215068762|-0.256170262|-0.263549356,2.58836841|2.76250464|1.7350433|1.75427727|2.08910347|2.18213942,0.7000103|-0.517609775|0.490111828,0.0349684916|0.273589045|-0.00408786954,0.003440363332629204,0.0009485092014074326,0.0009787417948246002,0.0014317193999886513
210,10.55,-0.1940149746806131,0.07812318205833435,0.16951210796833038,0.6133792996406555,0.07681280374526978,0.35,2,0,0,0,0.5934365391731262,4.9058709144592285,50.35303497314453,0.5934364199638367,1.0,0.47011987744432704,0,1,1,0,0.3446689396179114,0.0,filtered,2.877713564077154e-07,0,0,12,,workspace_y_upper,0,0,1,solved,osqp,0.0,valid,0.47011987744432704,0.670003426|0.685003426|0.470119877|0.476104628|0.568208411|0.591777098,0.790003426|0.805003426|0.590119877|0.596104628|0.688208411|0.711777098,0.790003426|0.805003426|0.590119877|0.596104628|0.688208411|0.711777098,0.15|0.15|0.15|0.15|0.15|0.15,0|0|0.0447396121|0.0463384275|0.054356877|0.0609055008,-0.11075368|0|-0.206963365|-0.214831929|-0.255944413|-0.263553022,2.56926002|2.7400137|1.71825576|1.73592501|2.07124611|2.16446087,0.701758385|-0.503930509|0.489907265,0.0349684916|0.273589045|-0.00408786954,0.0034520020708441734,0.0009519588202238083,0.0009770849719643593,0.0014596031978726387
211,10.600000000000001,-0.19830489836548798,0.07723487168550491,0.17284205555915833,0.6052049994468689,0.075814388692379,0.35,2,0,0,0,0.6138275265693665,3.7178187370300293,46.55374526977539,0.6138266324996948,1.0,0.46208794849691215,0,1,1,0,0.3446689396179114,0.0,filtered,1.3225043437534625e-06,0,0,12,,workspace_y_upper,0,0,1,solved,osqp,0.0,valid,0.46208794849691215,0.664551201|0.679551187|0.462087948|0.467728532|0.558140161|0.58164802,0.784551201|0.799551187|0.582087948|0.587728532|0.678140161|0.70164802,0.784551201|0.799551187|0.582087948|0.587728532|0.678140161|0.70164802,0.15|0.15|0.15|0.15|0.15|0.15,0|0|0.045774122|0.0480040572|0.0584463372|0.0628756181,-0.107310426|0|-0.205139514|-0.214373348|-0.255647765|-0.263567084,2.55089438|2.71820475|1.6889864|1.70454484|2.03535922|2.12590062,0.70350647|-0.490250975|0.489702702,0.0349684916|0.273589045|-0.00408786954,0.003655548207461834,0.0009547406807541847,0.001035858877003193,0.0015941252931952477
212,10.65,-0.2057336518568107,0.07515579462051392,0.1765781044960022,0.5971912145614624,0.07385467737913132,0.35,2,0,0,0,0.6327338814735413,3.113394260406494,87.78999328613281,0.6327328085899353,1.0,0.4541921043084475,0,1,1,0,0.3446689396179114,0.0,filtered,1.3004162073516905e-06,0,0,12,,workspace_y_upper,0,0,1,solved,osqp,0.0,valid,0.4541921043084475,0.6592726|0.674272596|0.454192104|0.459453549|0.548292256|0.571616541,0.7792726|0.794272596|0.574192104|0.579453549|0.668292256|0.691616541,0.7792726|0.794272596|0.574192104|0.579453549|0.668292256|0.691616541,0.15|0.15|0.15|0.15|0.15|0.15,0|0|0.0475524437|0.0507494761|0.0650272764|0.0687657884,-0.103807011|0|-0.203160103|-0.213745383|-0.255196994|-0.263500629,2.53328339|2.69709039|1.66116076|1.67481829|2.00299931|2.09173132,0.705254555|-0.476571351|0.489498138,0.0349684916|0.273589045|-0.00408786954,0.0034626517444849014,0.0009475536644458771,0.0009878464043140411,0.0014631403610110283
213,10.700000000000001,-0.21379819517169557,0.07112395763397217,0.1808471381664276,0.5897073745727539,0.06924478709697723,0.35,2,0,0,0,0.684813380241394,2.050016403198242,30.106483459472656,0.6848124265670776,1.0,0.44647826346834607,0,1,1,0,0.3446689396179114,0.0,filtered,1.250369055272592e-06,0,0,12,,workspace_y_upper,0,0,1,solved,osqp,0.0,valid,0.44647826346834607,0.654170661|0.669170661|0.446478263|0.451344723|0.538799034|0.561885162,0.774170661|0.789170661|0.566478263|0.571344723|0.658799034|0.681885162,0.774170661|0.789170661|0.566478263|0.571344723|0.658799034|0.681885162,0.15|0.15|0.15|0.15|0.15|0.15,0|0|0.0562122136|0.0609624465|0.0807323771|0.0857515878,-0.10024408|0|-0.201030772|-0.212928825|-0.254692703|-0.263432869,2.51643856|2.67668264|1.6410945|1.65341251|1.98123581|2.06985937,0.70700264|-0.462891728|0.489293575,0.0349684916|0.273589045|-0.00408786954,0.0036532068625092506,0.0011603543534874916,0.0009658057242631912,0.0014582229778170586
214,10.75,-0.21472400836393832,0.0683189183473587,0.1851590871810913,0.5828167200088501,0.06526708602905273,0.35,2,0,0,0,0.7354378700256348,1.4907468557357788,21.494565963745117,0.7373769283294678,1.0,0.4393046388981682,0,1,1,0,0.3446689396179114,0.0,filtered,0.007282075229383394,0,0,12,,workspace_y_upper,0,0,1,solved,osqp,5.690752756942752e-07,valid,0.4393046388981682,0.649248341|0.664248341|0.439304639|0.443792567|0.530119749|0.553010149,0.769248341|0.784248341|0.559304639|0.563792567|0.650119749|0.673010149,0.769248341|0.784248341|0.559304639|0.563792567|0.650119749|0.673010149,0.15|0.15|0.15|0.15|0.15|0.15,0|0|0.0660765506|0.0728448117|0.0994124546|0.105513214,-0.0966223877|0|-0.198830909|-0.211941|-0.254183094|-0.263386941,2.50037098|2.65699336|1.6244642|1.63607408|1.96570836|2.05416687,0.708750725|-0.449212104|0.489089012,0.0349684916|0.273589045|-0.00408786954,0.0034060953184962273,0.0009465869516134262,0.0009514018893241882,0.0014461381360888481
215,10.8,-0.21150335631782155,0.07689034938812256,0.1886618733406067,0.5750418305397034,0.07364610582590103,0.35,2,0,0,0,0.7559918165206909,1.9397194385528564,37.57632064819336,0.7559906244277954,1.0,0.4327342122843364,0,1,1,0,0.3446689396179114,0.0,filtered,1.4792554922233868e-06,0,0,12,,workspace_y_upper,0,0,1,solved,osqp,0.0,valid,0.4327342122843364,0.644508555|0.659508555|0.432734212|0.436888718|0.522402663|0.545126804,0.764508555|0.779508555|0.552734212|0.556888718|0.642402663|0.665126804,0.764508555|0.779508555|0.552734212|0.556888718|0.642402663|0.665126804,0.15|0.15|0.15|0.15|0.15|0.15,0|0|0.0468567494|0.0521023733|0.0713802904|0.0726541788,-0.0929428293|0|-0.196562737|-0.210727209|-0.253567771|-0.26326313,2.48509139|2.63803422|1.58123086|1.58893004|1.90742317|1.98989827,0.71049881|-0.43553248|0.488884449,0.0349684916|0.273589045|-0.00408786954,0.0035176631063222885,0.0009916983544826508,0.0010036798194050789,0.0014577992260456085
216,10.850000000000001,-0.1690882370306565,0.08649910986423492,0.18924129009246826,0.5666866898536682,0.08473893254995346,0.35,2,0,0,0,0.7578078508377075,2.3132095336914062,44.081275939941406,0.7578071355819702,1.0,0.42531282942287796,0,1,1,0,0.3446689396179114,0.0,filtered,9.166475265460962e-07,0,0,12,,workspace_y_upper,0,0,1,solved,osqp,0.0,valid,0.42531282942287796,0.639954173|0.654954173|0.425312829|0.428997852|0.513313521|0.535600201,0.759954173|0.774954173|0.545312829|0.548997852|0.633313521|0.655600201,0.759954173|0.774954173|0.545312829|0.548997852|0.633313521|0.655600201,0.15|0.15|0.15|0.15|0.15|0.15,0|0|0.0332812799|0.0390879209|0.0605150196|0.0545548209,-0.0892064388|0|-0.19405612|-0.20956394|-0.252793367|-0.263017929,2.47061025|2.61981669|1.54047648|1.54551539|1.86097573|1.93393769,0.712246895|-0.421852857|0.488679886,0.0349684916|0.273589045|-0.00408786954,0.004063950851559639,0.0009747585281729698,0.0014741048216819763,0.001552307978272438
217,10.9,-0.1637856953863343,0.09864122420549393,0.18888454139232635,0.5578091144561768,0.09671290963888168,0.35,2,0,0,0,0.7534923553466797,1.4532991647720337,35.75481414794922,0.7534915208816528,1.0,0.4173523008507195,0,1,1,0,0.3446689396179114,0.0,filtered,9.54484997121394e-07,0,0,12,,workspace_y_upper,0,0,1,solved,osqp,0.0,valid,0.4173523008507195,0.635588007|0.650588007|0.417352301|0.420528847|0.503737125|0.525193236,0.755588007|0.770588007|0.537352301|0.540528847|0.623737125|0.645193236,0.755588007|0.770588007|0.537352301|0.540528847|0.623737125|0.645193236,0.15|0.15|0.15|0.15|0.15|0.15,0|0|0.020772927|0.0261729365|0.0455625056|0.035450462,-0.085414395|0|-0.191257549|-0.208068401|-0.251361319|-0.262229878,2.45693763|2.60235203|1.49892458|1.50021992|1.80914969|1.87399353,0.71399498|-0.408173233|0.488475323,0.0349684916|0.273589045|-0.00408786954,0.0035124588757753372,0.000971820205450058,0.0010148463770747185,0.0014629671350121498
218,10.950000000000001,-0.14335575083119284,0.10157688707113266,0.18729589879512787,0.5488435626029968,0.09946601837873459,0.35,2,0,0,0,0.7500421404838562,1.4660255908966064,28.166128158569336,0.7500413656234741,1.0,0.40890493094728286,0,1,1,0,0.3446689396179114,0.0,filtered,9.8074774478588e-07,0,0,12,,workspace_y_upper,0,0,1,solved,osqp,0.0,valid,0.40890493094728286,0.631412807|0.646412807|0.408904931|0.41148953|0.493511258|0.51388059,0.751412807|0.766412807|0.528904931|0.53148953|0.613511258|0.63388059,0.751412807|0.766412807|0.528904931|0.53148953|0.613511258|0.63388059,0.15|0.15|0.15|0.15|0.15|0.15,0|0|0.0163819024|0.0232787061|0.0471559198|0.0328144086,-0.0815680232|0|-0.188205397|-0.206417742|-0.249647158|-0.261226403,2.4440832|2.58565123|1.46379623|1.46281908|1.77155379|1.82711037,0.715743065|-0.39449361|0.48827076,0.0349684916|0.273589045|-0.00408786954,0.003587868995964527,0.0009640473872423172,0.0009917002171278,0.0015678303316235542
219,11.0,-0.1566438959397695,0.1131703108549118,0.18585950136184692,0.5394877195358276,0.11084532737731934,0.35,2,0,0,0,0.728858470916748,1.553159236907959,33.98918151855469,0.728858470916748,1.0,0.40040561739754665,0,1,1,0,0.3446689396179114,0.0,passthrough,4.436271249610647e-12,0,0,12,,workspace_y_upper,0,0,1,solved,osqp,0.0,valid,0.40040561739754665,0.627431253|0.642431253|0.400405617|0.402410933|0.483486964|0.50251418,0.747431253|0.762431253|0.520405617|0.522410933|0.603486964|0.62251418,0.747431253|0.762431253|0.520405617|0.522410933|0.603486964|0.62251418,0.15|0.15|0.15|0.15|0.15|0.15,0|0|0.00571515352|0.0119020446|0.0329507437|0.0157961936,-0.0776687963|0|-0.184898933|-0.204371312|-0.247435955|-0.259824435,2.43205622|2.56972501|1.42243869|1.41717446|1.71946264|1.76602848,0.71749115|-0.380813986|0.488066196,0.0349684916|0.273589045|-0.00408786954,0.0036586057394742966,0.0009994255378842354,0.001123424619436264,0.0014679133892059326
220,11.05,-0.16565237306986205,0.10129192471504211,0.18559229373931885,0.5308678150177002,0.09875652194023132,0.35,2,0,0,0,0.7318913340568542,1.6768618822097778,29.930381774902344,0.731890082359314,1.0,0.3915537914659649,0,1,1,0,0.3446689396179114,0.0,filtered,1.504786985262093e-06,0,0,12,,workspace_y_upper,0,0,1,solved,osqp,0.0,valid,0.3915537914659649,0.623645949|0.638645949|0.391553791|0.392877633|0.472875193|0.490375634,0.743645949|0.758645949|0.511553791|0.512877633|0.592875193|0.610375634,0.743645949|0.758645949|0.511553791|0.512877633|0.592875193|0.610375634,0.15|0.15|0.15|0.15|0.15|0.15,0|0|0.0171663991|0.0262325515|0.0535467108|0.0387529326,-0.0737183374|0|-0.181324172|-0.202204519|-0.245098826|-0.258341256,2.42086546|2.5545838|1.40205739|1.39553856|1.69994866|1.74191421,0.719239235|-0.367134362|0.487861633,0.0349684916|0.273589045|-0.00408786954,0.0034639546647667885,0.0009413072839379311,0.0009532282128930092,0.0015063909813761711
221,11.100000000000001,-0.17209371629030223,0.10305921733379364,0.18558630347251892,0.5224316120147705,0.10029643028974533,0.35,2,0,0,0,0.7711942195892334,1.6055269241333008,46.04822540283203,0.7711942195892334,1.0,0.38345518861304584,0,1,1,0,0.3446689396179114,0.0,passthrough,4.43392892802266e-12,0,0,12,,workspace_y_upper,0,0,1,solved,osqp,0.0,valid,0.38345518861304584,0.620059413|0.635059413|0.383455189|0.38417294|0.463392529|0.479443348,0.740059413|0.755059413|0.503455189|0.50417294|0.583392529|0.599443348,0.740059413|0.755059413|0.503455189|0.50417294|0.583392529|0.599443348,0.15|0.15|0.15|0.15|0.15|0.15,0|0|0.0175429467|0.0270776761|0.054061598|0.0384312483,-0.0697184187|0|-0.177631619|-0.199767311|-0.242780519|-0.256890036,2.41051923|2.54023765|1.37373208|1.36400212|1.6648512|1.69931461,0.72098732|-0.353454739|0.48765707,0.0349684916|0.273589045|-0.00408786954,0.003506682813167572,0.000971461646258831,0.0009840326383709908,0.0014870110899209976
222,11.15,-0.19495715077345013,0.09249919652938843,0.1873532086610794,0.5149049162864685,0.08742186427116394,0.35,2,0,0,0,0.8043187260627747,2.124173402786255,35.29335021972656,0.8043187260627747,1.0,0.37556492833910265,0,1,1,0,0.3446689396179114,0.0,passthrough,4.412031138793337e-12,0,0,12,,workspace_y_upper,0,0,1,solved,osqp,0.0,valid,0.37556492833910265,0.616674069|0.631674069|0.375564928|0.375636476|0.454053689|0.468569966,0.736674069|0.751674069|0.495564928|0.495636476|0.574053689|0.588569966,0.736674069|0.751674069|0.495564928|0.495636476|0.574053689|0.588569966,0.15|0.15|0.15|0.15|0.15|0.15,0|0|0.032070575|0.0433749238|0.0717443032|0.0619877103,-0.065670961|0|-0.173766263|-0.197191569|-0.240350275|-0.255361116,2.40102532|2.52669628|1.36056402|1.34872926|1.64760879|1.68090646,0.722735405|-0.339775115|0.487452507,0.0349684916|0.273589045|-0.00408786954,0.003686266951262951,0.0010820748284459114,0.0010530799627304077,0.0014614677056670189
223,11.200000000000001,-0.1657063110591453,0.08458701521158218,0.18789590895175934,0.5079437494277954,0.07929390668869019,0.35,2,0,0,0,0.8493197560310364,2.7220311164855957,81.2688980102539,0.8493185639381409,1.0,0.36802708869680717,0,1,1,0,0.3446689396179114,0.0,filtered,1.5318937087578393e-06,0,0,12,,workspace_y_upper,0,0,1,solved,osqp,0.0,valid,0.36802708869680717,0.613492245|0.628492245|0.368581963|0.368027089|0.44568378|0.458923553,0.733492245|0.748492245|0.488581963|0.488027089|0.56568378|0.578923553,0.733492245|0.748492245|0.488581963|0.488027089|0.56568378|0.578923553,0.15|0.15|0.15|0.15|0.15|0.15,0|0|0.0398378661|0.057295567|0.0999117854|0.0839169919,-0.0615780327|0|-0.169922317|-0.194670782|-0.238331029|-0.254181611,2.39239095|2.51396898|1.3442434|1.33473314|1.64431587|1.66542959,0.72448349|-0.326095492|0.487247944,0.0349684916|0.273589045|-0.00408786954,0.003930810838937759,0.0010742219164967537,0.0012612435966730118,0.0015038400888442993
224,11.25,-0.20555288025211044,0.10372204333543777,0.18947739899158478,0.5003397464752197,0.1002684235572815,0.35,2,0,0,0,0.8049290180206299,3.9505021572113037,123.62983703613281,0.825253427028656,1.0,0.3612776960228225,0,1,1,0,0.3446689396179114,0.0,filtered,0.12319017126767985,0,1,12,workspace_y_upper,workspace_y_upper,0,0,1,solved,osqp,2.6641559403017823e-08,valid,0.3612776960228225,0.610516158|0.625516158|0.362206765|0.361277696|0.438857603|0.450471967,0.730516158|0.745516158|0.482206765|0.481277696|0.558857603|0.570471967,0.730516158|0.745516158|0.482206765|0.481277696|0.558857603|0.570471967,0.15|0.15|0.15|0.15|0.15|0.15,0|0|0.0235937827|0.03254524|0.0532098829|0.0435991436,-0.0574418466|0|-0.165788944|-0.191242462|-0.235203124|-0.252058751,2.38462279|2.50206463|1.3066319|1.28641356|1.57343717|1.59342826,0.726231575|-0.312415868|0.487043381,0.0349684916|0.273589045|-0.00408786954,0.00376155786216259,0.0009476011618971825,0.0011932700872421265,0.001555727794766426
225,11.3,-0.1716639240537842,0.08302482962608337,0.1902913600206375,0.4938451945781708,0.07724446803331375,0.35,2,0,0,0,0.8438131809234619,3.957514762878418,154.6407012939453,0.8539044857025146,1.0,0.35343353584391407,0,1,1,0,0.3446689396179114,0.0,filtered,0.08434006121374281,0,1,12,workspace_y_upper,workspace_y_upper,0,0,1,solved,osqp,1.8042806033957692e-08,valid,0.35343353584391407,0.607747914|0.622747914|0.355204341|0.353433536|0.429863131|0.440092732,0.727747914|0.742747914|0.475204341|0.473433536|0.549863131|0.560092732,0.727747914|0.742747914|0.475204341|0.473433536|0.549863131|0.560092732,0.15|0.15|0.15|0.15|0.15|0.15,0|0|0.0415829849|0.0622965281|0.108683142|0.0898650467,-0.053264757|0|-0.161539713|-0.188662505|-0.233137057|-0.250843436,2.3777269|2.49099166|1.30086064|1.28736817|1.59499861|1.59939254,0.72797966|-0.298736244|0.486838818,0.0349684916|0.273589045|-0.00408786954,0.0038727018982172012,0.0011047031730413437,0.0010168440639972687,0.0016553057357668877
226,11.350000000000001,-0.19408258979162674,0.10318437218666077,0.19121238589286804,0.4866723120212555,0.09923463314771652,0.35,2,0,0,0,0.7714688181877136,3.457453966140747,142.70994567871094,0.8101696968078613,1.0,0.34724299969892686,0,1,1,0,0.3446689396179114,0.0,filtered,0.20439923643630037,0,1,12,workspace_y_upper,workspace_y_upper,0,0,1,solved,osqp,3.2404145401676576e-08,valid,0.34724299969892686,0.605189496|0.620189496|0.34935895|0.347243|0.423627237|0.432105395,0.725189496|0.740189496|0.46935895|0.467243|0.543627237|0.552105395,0.725189496|0.740189496|0.46935895|0.467243|0.543627237|0.552105395,0.15|0.15|0.15|0.15|0.15|0.15,0|0|0.0242799159|0.0364681253|0.0616920691|0.0490461893,-0.0490492547|0|-0.156971152|-0.184668409|-0.23159101|-0.2482275,2.37170873|2.48075799|1.26474456|1.24077171|1.52461001|1.52924027,0.729727745|-0.285056621|0.486634254,0.0349684916|0.273589045|-0.00408786954,0.0037315329536795616,0.001129915937781334,0.001019226387143135,0.0015034480020403862
227,11.4,-0.1850635033988408,0.08868322521448135,0.19242925941944122,0.4802619516849518,0.08385007828474045,0.35,2,0,0,0,0.7948602437973022,2.0457637310028076,106.17754364013672,0.8157786726951599,1.0,0.33996173974164373,0,1,1,0,0.3446689396179114,0.0,filtered,0.14878544807823346,0,1,12,workspace_y_upper,workspace_y_upper,0,0,1,solved,osqp,2.116812358385345e-08,valid,0.33996173974164373,0.602842761|0.617842754|0.342866563|0.33996174|0.415142001|0.422221471,0.722842761|0.737842754|0.462866563|0.45996174|0.535142001|0.542221471,0.722842761|0.737842754|0.462866563|0.45996174|0.535142001|0.542221471,0.15|0.15|0.15|0.15|0.15|0.15,0|0|0.0351726495|0.0544409914|0.0902820289|0.0752992366,-0.0447979621|0|-0.152177764|-0.181294818|-0.231489168|-0.246241108,2.36657308|2.47137102|1.25446114|1.23299313|1.51936087|1.51794401,0.73147583|-0.271376997|0.486429691,0.0349684916|0.273589045|-0.00408786954,0.0034868083894252777,0.0009835930541157722,0.0009759990498423576,0.0014631450176239014
228,11.450000000000001,-0.19985684338938087,0.10816403478384018,0.19331753253936768,0.4732946753501892,0.10364392399787903,0.35,3,0,0,0,0.7087618112564087,3.099283456802368,95.69329833984375,0.7496764063835144,1.0,0.33377831823738385,0,1,1,0,0.3446689396179114,0.0,filtered,0.2146761713018629,0,1,12,workspace_y_upper,workspace_y_upper,0,0,1,solved,osqp,2.376547426907738e-08,valid,0.33377831823738385,0.600709429|0.615709429|0.337181331|0.333778318|0.408068133|0.413780394,0.720709429|0.735709429|0.457181331|0.453778318|0.528068133|0.533780394,0.720709429|0.735709429|0.457181331|0.453778318|0.528068133|0.533780394,0.15|0.15|0.15|0.15|0.15|0.15,0|0|0.0225634232|0.0348224421|0.0543071615|0.0454340739,-0.0405136257|0|-0.147083538|-0.176983714|-0.230943858|-0.243361078,2.36232409|2.46283771|1.22420521|1.192952|1.45563583|1.45719457,0.733223915|-0.257697374|0.486225128,0.0349684916|0.273589045|-0.00408786954,0.003603307530283928,0.001091047190129757,0.000957069918513298,0.0014850310981273651
229,11.5,-0.20078303995753488,0.10217280685901642,0.19457858800888062,0.46633756160736084,0.09734329581260681,0.35,3,0,0,0,0.6776040196418762,1.3768835067749023,74.8315200805664,0.7143751382827759,1.0,0.32680770238096807,0,1,1,0,0.3446689396179114,0.0,filtered,0.20189147926727205,0,1,12,workspace_y_upper,workspace_y_upper,0,0,1,solved,osqp,1.9451177200174863e-08,valid,0.32680770238096807,0.598791102|0.613791102|0.331109608|0.326807702|0.399237306|0.403974546,0.718791102|0.733791102|0.451109608|0.446807702|0.519237306|0.523974546,0.718791102|0.733791102|0.451109608|0.446807702|0.519237306|0.523974546,0.15|0.15|0.15|0.15|0.15|0.15,0|0|0.0273731053|0.0430076339|0.0650267828|0.0570393393,-0.0361991376|0|-0.141886623|-0.173255502|-0.230770068|-0.240973728,2.35896527|2.45516441|1.20992492|1.17698294|1.43120594|1.4319638,0.734972|-0.244017839|0.486020565,0.0349684916|0.273589045|-0.00408786954,0.003703462891280651,0.0009910659864544868,0.0011752499267458916,0.0014743749052286148
230,11.55,-0.2111127659624718,0.11905123293399811,0.19539235532283783,0.45882850885391235,0.1138400062918663,0.35,3,0,0,0,0.5332676768302917,3.251732349395752,62.87071990966797,0.5963407754898071,1.0,0.3204479464717585,0,1,1,0,0.3446689396179114,0.0,filtered,0.2466791622117324,0,1,12,workspace_y_upper,workspace_y_upper,0,0,1,solved,osqp,1.9455169787685467e-08,valid,0.3204479464717585,0.597089212|0.612089212|0.325547001|0.320447946|0.390949144|0.394886735,0.717089212|0.732089212|0.445547001|0.440447946|0.510949144|0.514886735,0.717089212|0.732089212|0.445547001|0.440447946|0.510949144|0.514886735,0.15|0.15|0.15|0.15|0.15|0.15,0|0|0.0170382976|0.0267972111|0.0379770043|0.0341250624,-0.0318574716|0|-0.136465912|-0.169030416|-0.230392738|-0.238102208,2.35649938|2.44835685|1.18276039|1.13955858|1.37138084|1.37556979,0.736720085|-0.230338395|0.485816002,0.0349684916|0.273589045|-0.00408786954,0.005696862004697323,0.0015589240938425064,0.0017016781494021416,0.0023266300559043884
231,11.600000000000001,-0.21874998572353954,0.1381186693906784,0.19559648633003235,0.45072001218795776,0.13243481516838074,0.35,3,0,0,0,0.4660170078277588,2.0999696254730225,33.11360168457031,0.543136715888977,1.0,0.3134569763786002,0,1,1,0,0.3446689396179114,0.0,filtered,0.2623959860170617,0,1,12,workspace_y_upper,workspace_y_upper,0,0,1,solved,osqp,1.8248414463545304e-08,valid,0.3134569763786002,0.59560502|0.610605013|0.319722892|0.313456976|0.381329564|0.384773163,0.71560502|0.730605013|0.439722892|0.433456976|0.501329564|0.504773163,0.71560502|0.730605013|0.439722892|0.433456976|0.501329564|0.504773163,0.15|0.15|0.15|0.15|0.15|0.15,0|0|0.00645507164|0.0102633395|0.011560548|0.00982402507,-0.0274916735|0|-0.13104917|-0.165359301|-0.230210283|-0.235643484,2.35492841|2.44242005|1.15429747|1.09873194|1.30666852|1.31327319,0.73846817|-0.21665895|0.485611439,0.0349684916|0.273589045|-0.00408786954,0.0037800949066877365,0.0011329054832458496,0.001040779985487461,0.0015412913635373116
232,11.65,-0.22581949964841758,0.16642677783966064,0.19464628398418427,0.4415523409843445,0.16012097895145416,0.35,3,0,0,0,0.4332996904850006,2.687028408050537,24.44400978088379,0.5108979940414429,1.0,0.3057922699253678,0,1,1,0,0.3446689396179114,0.0,filtered,0.25724617498012087,0,1,12,workspace_y_upper,workspace_y_upper,0,0,1,solved,osqp,1.690307478360853e-08,valid,0.3057922699253678,0.594339654|0.609339638|0.313633412|0.30579227|0.370385203|0.373540628,0.714339654|0.729339638|0.433633412|0.42579227|0.490385203|0.493540628,0.714339654|0.729339638|0.433633412|0.42579227|0.490385203|0.493540628,0.15|0.15|0.15|0.15|0.15|0.15,0|0|-0.0097158525|-0.0157888523|-0.026555254|-0.0267172385,-0.0231049059|0|-0.12558027|-0.162206572|-0.230330606|-0.233615426,2.35425371|2.43735855|1.11923753|1.04517366|1.22465495|1.23382985,0.740216255|-0.202979505|0.485406876,0.0349684916|0.273589045|-0.00408786954,0.005431906320154667,0.0018073292449116707,0.0017432291060686111,0.0017664572224020958
233,11.700000000000001,-0.2340628148918529,0.19868025183677673,0.19244642555713654,0.43108081817626953,0.19154541194438934,0.35,3,0,0,0,0.4783623218536377,3.0145668983459473,18.05755615234375,0.5177931189537048,1.0,0.29694387060078253,0,1,1,0,0.3446689396179114,0.0,filtered,0.18726845813324414,0,1,12,workspace_y_upper,workspace_y_upper,0,0,1,solved,osqp,1.2755372126582731e-08,valid,0.29694387060078253,0.593294082|0.608294082|0.307007075|0.296943871|0.357527615|0.360557554,0.713294082|0.728294082|0.427007075|0.416943871|0.477527615|0.480557554,0.713294082|0.728294082|0.427007075|0.416943871|0.477527615|0.480557554,0.15|0.15|0.15|0.15|0.15|0.15,0|0|-0.0275147978|-0.0460738069|-0.0678688726|-0.067500286,-0.0187004103|0|-0.12010462|-0.159920717|-0.230830489|-0.232296876,2.35447592|2.43317633|1.08040888|0.981780958|1.1314111|1.14243306,0.74196434|-0.18930006|0.485202312,0.0349684916|0.273589045|-0.00408786954,0.005550491623580456,0.0015915296971797943,0.00158633291721344,0.0022665075957775116
234,11.75,-0.2565529197997365,0.22850997745990753,0.18993869423866272,0.4194648861885071,0.22014477849006653,0.35,3,0,0,0,0.4905441999435425,3.2073211669921875,67.49691009521484,0.49869784712791443,1.0,0.28664165493065596,0,1,1,0,0.3446689396179114,0.0,filtered,0.08093656718675575,0,1,12,workspace_y_upper,workspace_y_upper,2,0,0,inaccurate_solution,,0.0,valid,0.28664165493065596,0.592469108|0.607469106|0.299769408|0.286641655|0.342567248|0.345567414,0.712469108|0.727469106|0.419769408|0.406641655|0.462567248|0.465567414,0.712469108|0.727469106|0.419769408|0.406641655|0.462567248|0.465567414,0.15|0.15|0.15|0.15|0.15|0.15,0|0|-0.0404213875|-0.0718290332|-0.10218362|-0.102131902,-0.0142814954|0|-0.114613406|-0.158676782|-0.231712992|-0.231823491,2.35559494|2.42987642|1.04404284|0.916060804|1.03637238|1.04831426,0.743712425|-0.175620615|0.484997749,0.0349684916|0.273589045|-0.00408786954,0.006172827444970608,0.0017882771790027618,0.0017899982631206512,0.0024769101291894913
235,11.8,-0.2773280243671252,0.23597517609596252,0.18825988471508026,0.4079722762107849,0.2263384610414505,0.35,3,0,0,0,0.4676471948623657,2.6226918697357178,50.47999572753906,0.4717186987400055,1.0,0.2750562197383568,0,1,1,0,0.3446689396179114,0.0,filtered,0.05438716393844224,0,0,12,,workspace_y_upper,0,0,1,solved,osqp,9.025595968381595e-07,valid,0.2750562197383568,0.59186537|0.60686537|0.292172216|0.27505622|0.325836905|0.328836905,0.71186537|0.72686537|0.412172216|0.39505622|0.445836905|0.448836905,0.71186537|0.72686537|0.412172216|0.39505622|0.445836905|0.448836905,0.15|0.15|0.15|0.15|0.15|0.15,0|0|-0.0363164392|-0.0693003914|-0.0971017507|-0.0971017507,-0.00985152526|0|-0.109008954|-0.158402436|-0.232190242|-0.232190242,2.35760995|2.42746148|1.02336347|0.872522051|0.974055626|0.986055626,0.74546051|-0.161941171|0.484793186,0.0349684916|0.273589045|-0.00408786954,0.0057402923703193665,0.0016870107501745224,0.0016921637579798698,0.0022466350346803665
236,11.850000000000001,-0.29521126242136764,0.24942362308502197,0.1868947595357895,0.3963553309440613,0.23831474781036377,0.35,3,0,0,0,0.4923264682292938,2.2373874187469482,33.36830520629883,0.4923264682292938,1.0,0.2636078486361312,0,1,1,0,0.3446689396179114,0.0,filtered,2.407908514675008e-08,0,0,12,,workspace_y_upper,0,0,1,solved,osqp,0.0,valid,0.2636078486361312,0.591483334|0.606483334|0.285064222|0.263607849|0.309336217|0.312336217,0.711483334|0.726483334|0.405064222|0.383607849|0.429336217|0.432336217,0.711483334|0.726483334|0.405064222|0.383607849|0.429336217|0.432336217,0.15|0.15|0.15|0.15|0.15|0.15,0|0|-0.0352730045|-0.0717849857|-0.0999994888|-0.0999994888,-0.00541390611|0|-0.103115707|-0.158033084|-0.232497155|-0.232497155,2.36051943|2.42593334|1.00186817|0.824613325|0.904848225|0.916848225,0.747208595|-0.148261726|0.484588623,0.0349684916|0.273589045|-0.00408786954,0.005967175588011742,0.0018175579607486725,0.001760784536600113,0.002276715822517872
237,11.9,-0.3011152970277226,0.2701186537742615,0.1847832202911377,0.38440003991127014,0.2572872042655945,0.35,3,0,0,0,0.5436129570007324,2.6733360290527344,29.080581665039062,0.5436126589775085,1.0,0.252050967583215,0,1,1,0,0.3446689396179114,0.0,filtered,3.7706089534218853e-07,0,0,12,,workspace_y_upper,0,0,1,solved,osqp,0.0,valid,0.252050967583215,0.591323298|0.606323297|0.278313096|0.252050968|0.292674561|0.295674561,0.711323298|0.726323297|0.398313096|0.372050968|0.412674561|0.415674561,0.711323298|0.726323297|0.398313096|0.372050968|0.412674561|0.415674561,0.15|0.15|0.15|0.15|0.15|0.15,0|0|-0.0384700624|-0.077506928|-0.110429804|-0.110429804,-0.000972074487|0|-0.0967767252|-0.157553418|-0.232741274|-0.232741274,2.36432112|2.42529319|0.978005595|0.773143524|0.827527164|0.839527164,0.74895668|-0.134582281|0.48438406,0.0349684916|0.273589045|-0.00408786954,0.0036162277683615685,0.0009734807536005974,0.0011132508516311646,0.0014644693583250046
238,11.950000000000001,-0.2974907902894736,0.2819667160511017,0.1819172501564026,0.37277114391326904,0.2672494649887085,0.35,3,0,0,0,0.6080620884895325,3.0393500328063965,27.795574188232422,0.6080615520477295,1.0,0.24025041048063167,0,1,1,0,0.3446689396179114,0.0,filtered,6.66520674275035e-07,0,0,12,,workspace_y_upper,0,0,1,solved,osqp,0.0,valid,0.24025041048063167,0.591317604|0.606317604|0.271747822|0.24025041|0.27548003|0.27848003,0.711317604|0.726317604|0.391747822|0.36025041|0.39548003|0.39848003,0.711317604|0.726317604|0.391747822|0.36025041|0.39548003|0.39848003,0.110939915|0.110939915|0.15|0.15|0.15|0.15,0|0|-0.0341247672|-0.0702734882|-0.105067412|-0.105067412,1.38866264e-18|0|-0.0896568482|-0.156391446|-0.232363924|-0.232363924,2.36527042|2.42527042|0.963209672|0.734336708|0.764488785|0.776488785,0.750704765|-0.120902836|0.484179497,0.0349684916|0.273589045|-0.00408786954,0.003458939492702484,0.0009780889376997948,0.0009734248742461205,0.0014392677694559097
239,12.0,-0.2646021184744241,0.2362845540046692,0.17979158461093903,0.36449873447418213,0.22009703516960144,0.35,3,0,0,0,0.7091740369796753,4.3926262855529785,61.877628326416016,0.7091729640960693,1.0,0.22891932104313029,0,1,1,0,0.3446689396179114,0.0,filtered,1.1499419659716991e-06,0,0,12,,workspace_y_upper,0,0,1,solved,osqp,0.0,valid,0.22891932104313029,0.591317228|0.606317225|0.265797834|0.228919321|0.258592036|0.261592036,0.711317228|0.726317225|0.385797834|0.348919321|0.378592036|0.381592036,0.711317228|0.726317225|0.385797834|0.348919321|0.378592036|0.381592036,0.0609400878|0.060940097|0.15|0.15|0.15|0.15,0|0|0.00399822818|-0.00115718254|-0.0165551976|-0.0165551976,1.64056207e-18|0|-0.0817883474|-0.154213681|-0.231130892|-0.231130892,2.36526891|2.4252689|0.985401217|0.760306421|0.786682053|0.798682053,0.75245285|-0.107223392|0.483974934,0.0349684916|0.273589045|-0.00408786954,0.0035158097743988037,0.0009419936686754227,0.0009525176137685776,0.0015578633174300194
