step,time,reward,cost,goal_error_norm,d_min,risk_global,beta,closest_link,safety_violation,collision,collision_capsule_overlap,collision_pybullet_contact,collision_contact_link_indices,collision_contact_link_names,collision_min_contact_distance,success,qdot_norm,acc_norm,jerk_norm,qdot_requested_norm,risk_speed_scale,risk_speed_h_min_m,recovery_active,recovery_triggered,recovery_success,recovery_initially_unsafe,recovery_initial_h_min_m,recovery_command_norm,safety_filter_status,safety_filter_intervention_norm,safety_filter_safe_stop,safety_filter_active_constraints,safety_filter_constraint_count,safety_filter_active_constraint_categories,safety_filter_max_constraint_category,safety_filter_projection_iterations,safety_filter_fallback_used,safety_filter_qp_solver_used,safety_filter_qp_solver_status,safety_filter_fallback_stage,safety_filter_max_constraint_violation,predictive_risk_status,predictive_h_min_m,predictive_h_by_link_m,predictive_distance_by_link_m,predictive_robust_distance_by_link_m,predictive_time_by_link_s,safety_jacobian_command_by_link_mps,safety_drift_by_link_mps,safety_constraint_residual_by_link_mps,filter_obstacle_position_m,filter_obstacle_velocity_mps,safety_filter_solve_time_s,safety_filter_predictive_risk_time_s,safety_filter_jacobian_workspace_time_s,safety_filter_projection_time_s
0,0.05,-0.7923680303867797,0.13349971175193787,0.6027470827102661,0.5271700620651245,0.13270732760429382,0.35,1,0,0,0,0,,,nan,0,0.4024641513824463,8.049283027648926,160.98565673828125,0.4518284499645233,1.0,nan,0,0,0,0,0.3600187667836142,0.0,filtered,0.0605585803125749,0,0,12,joint_4_acceleration_lower,workspace_x_upper,0,0,1,solved,osqp,0.0,valid,0.3600187667836142,0.469795458|0.360018767|0.368050028|0.502806421|0.532511888|0.565289399,0.619795458|0.510018767|0.518050028|0.652806421|0.682511888|0.715289399,0.589795458|0.480018767|0.488050028|0.622806421|0.652511888|0.685289399,0.15|0.15|0.15|0.15|0.15|0.15,0|-0.00963633989|-0.0097814595|-0.109112094|-0.125927063|0,-0.136660235|-0.176267773|-0.176455038|-0.180845533|-0.17528156|0,1.7425216|1.25417095|1.28596361|1.72126806|1.82883893|2.2611576,0.390189826|-0.604026079|0.405308634,-0.00661799964|0.185324654|0.0152236633,0.005554835312068462,0.0014605335891246796,0.0015501528978347778,0.002500418573617935
1,0.1,-0.7730156375563527,0.18608099222183228,0.5957068800926208,0.5180374979972839,0.18514609336853027,0.35,1,0,0,0,0,,,nan,0,0.6934091448783875,6.264917373657227,79.38213348388672,0.6934083104133606,1.0,nan,0,0,0,0,0.3600187667836142,0.0,filtered,1.2239052508175827e-06,0,0,12,,workspace_x_upper,0,0,1,solved,osqp,0.0,valid,0.3507635203073628,0.462988796|0.35076352|0.358780745|0.488561069|0.517749088|0.54989737,0.612988796|0.50076352|0.508780745|0.638561069|0.667749088|0.69989737,0.582988796|0.47076352|0.478780745|0.608561069|0.637749088|0.66989737,0.15|0.15|0.15|0.15|0.15|0.15,0|-0.00782214888|-0.00790868062|-0.179015863|-0.206015342|0,-0.13560373|-0.175655162|-0.175791206|-0.180744037|-0.175056549|0,1.71635146|1.21957677|1.25142309|1.59448438|1.68992446|2.19958948,0.389859021|-0.594759941|0.406069666,-0.00661799964|0.185324654|0.0152236633,0.004804806783795357,0.0013996437191963196,0.0013132542371749878,0.0020588040351867676
2,0.15000000000000002,-0.7868482015202838,0.19961577653884888,0.5896409153938293,0.5097108483314514,0.19850364327430725,0.35,1,0,0,0,0,,,nan,0,0.8076692819595337,3.2664527893066406,102.59068298339844,0.8076687455177307,1.0,nan,0,0,0,0,0.3600187667836142,0.0,filtered,9.267273250731086e-07,0,0,12,,workspace_x_upper,0,0,1,solved,osqp,0.0,valid,0.3417771293001661,0.456235675|0.341777129|0.349636536|0.470714371|0.49882024|0.530009091,0.606235675|0.491777129|0.499636536|0.620714371|0.64882024|0.680009091,0.576235675|0.461777129|0.469636536|0.590714371|0.61882024|0.650009091,0.15|0.15|0.15|0.15|0.15|0.15,0|0.00655099373|-0.00119979164|-0.191109568|-0.223671664|0,-0.134518491|-0.174628585|-0.1760759|-0.180685838|-0.174866432|0,1.69042421|1.19903093|1.22127045|1.51106208|1.59674286|2.12003637,0.389528215|-0.585493803|0.406830698,-0.00661799964|0.185324654|0.0152236633,0.004412941634654999,0.0014164233580231667,0.0011679679155349731,0.0017971796914935112
3,0.2,-0.8040155875677195,0.2110634446144104,0.5845882296562195,0.5022991895675659,0.20973269641399384,0.35,1,0,0,0,0,,,nan,0,0.8879924416542053,2.0339362621307373,41.45621109008789,0.8879924416542053,1.0,nan,0,0,0,0,0.3600187667836142,0.0,filtered,3.14616930027888e-08,0,0,12,,workspace_x_upper,0,0,1,solved,osqp,0.0,valid,0.33364319016988864,0.449537549|0.33364319|0.340707065|0.452367998|0.479116985|0.509188468,0.599537549|0.48364319|0.490707065|0.602367998|0.629116985|0.659188468,0.569537549|0.45364319|0.460707065|0.572367998|0.599116985|0.629188468,0.15|0.15|0.15|0.15|0.15|0.15,0|0.0226833199|0.00216119829|-0.192244763|-0.230296439|0,-0.133403709|-0.173278077|-0.176799773|-0.180634365|-0.174717049|0,1.66474649|1.183978|1.18818968|1.43659286|1.51145445|2.03675387,0.389197409|-0.576227665|0.40759173,-0.00661799964|0.185324654|0.0152236633,0.004795285873115063,0.001481638289988041,0.0013517346233129501,0.0019312631338834763
4,0.25,-0.8117009363833176,0.22512537240982056,0.5798017978668213,0.495722234249115,0.22352248430252075,0.35,1,0,0,0,0,,,nan,0,0.9262241125106812,1.977590799331665,38.31159973144531,0.926223874092102,1.0,nan,0,0,0,0,0.3600187667836142,0.0,filtered,6.069100804227482e-07,0,0,12,,workspace_x_upper,0,0,1,solved,osqp,0.0,valid,0.32646724949430905,0.442895918|0.326467249|0.331974164|0.434074035|0.45919535|0.48768542,0.592895918|0.476467249|0.481974164|0.584074035|0.60919535|0.63768542,0.562895918|0.446467249|0.451974164|0.554074035|0.57919535|0.60768542,0.15|0.15|0.15|0.15|0.15|0.15,0|0.0374920857|0.00259934869|-0.193397597|-0.237061446|0,-0.13225856|-0.171628312|-0.177397762|-0.180527321|-0.174545109|0,1.63932511|1.17173277|1.15309824|1.36237122|1.42517484|1.95074168,0.388866603|-0.566961527|0.408352762,-0.00661799964|0.185324654|0.0152236633,0.0039427196606993675,0.0011531850323081017,0.001107870601117611,0.0016555273905396461
5,0.30000000000000004,-0.8144649672993799,0.23610436916351318,0.5751438736915588,0.4899991750717163,0.23416736721992493,0.35,1,0,0,0,0,,,nan,0,0.9252986907958984,2.494558811187744,27.299976348876953,0.9252983331680298,1.0,nan,0,0,0,0,0.3600187667836142,0.0,filtered,6.509014028846806e-07,0,0,12,,workspace_z_upper,0,0,1,solved,osqp,0.0,valid,0.3201625870611129,0.436312319|0.320162587|0.323277185|0.415822821|0.439045699|0.465370652,0.586312319|0.470162587|0.473277185|0.565822821|0.589045699|0.615370652,0.556312319|0.440162587|0.443277185|0.535822821|0.559045699|0.585370652,0.15|0.15|0.15|0.15|0.15|0.15,0|0.0528199769|0.0034477899|-0.18786348|-0.2364053|0,-0.131082207|-0.169725651|-0.177874309|-0.180305426|-0.174270998|0,1.61416707|1.16374467|1.11868222|1.29512238|1.3455065|1.86148261,0.388535798|-0.557695389|0.409113795,-0.00661799964|0.185324654|0.0152236633,0.003927759826183319,0.0011605853214859962,0.0010983236134052277,0.0016418937593698502
6,0.35000000000000003,-0.8163259262363783,0.2353089302778244,0.5711420774459839,0.4831347167491913,0.2329830527305603,0.35,2,0,0,0,0,,,nan,0,0.887332022190094,2.5353167057037354,30.105571746826172,0.8873318433761597,1.0,nan,0,0,0,0,0.3600187667836142,0.0,filtered,4.077395248008702e-07,0,0,12,,workspace_z_upper,0,0,1,solved,osqp,0.0,valid,0.3146408410052468,0.429788335|0.314741787|0.314640841|0.397921873|0.419008699|0.442637893,0.579788335|0.464741787|0.464640841|0.547921873|0.569008699|0.592637893,0.549788335|0.434741787|0.434640841|0.517921873|0.539008699|0.562637893,0.15|0.15|0.15|0.15|0.15|0.15,0|0.070087954|0.0104575669|-0.164089498|-0.214533171|0,-0.129873798|-0.16761482|-0.178194293|-0.179950931|-0.173876998|0,1.58927954|1.16144028|1.09082664|1.24764706|1.28762463|1.77055157,0.388204992|-0.548429251|0.409874827,-0.00661799964|0.185324654|0.0152236633,0.0038980748504400253,0.0011956151574850082,0.0010920893400907516,0.0015837354585528374
7,0.4,-0.8055413366929045,0.23063284158706665,0.5672761797904968,0.4752015769481659,0.22786694765090942,0.35,2,0,0,0,0,,,nan,0,0.8529347777366638,2.9834954738616943,31.830774307250977,0.8529343008995056,1.0,nan,0,0,0,0,0.3600187667836142,0.0,filtered,7.468454451834617e-07,0,0,12,,workspace_z_upper,0,0,1,solved,osqp,0.0,valid,0.30637552673947765,0.42332559|0.310263938|0.306375527|0.381225209|0.400083896|0.420663257,0.57332559|0.460263938|0.456375527|0.531225209|0.550083896|0.570663257,0.54332559|0.430263938|0.426375527|0.501225209|0.520083896|0.540663257,0.15|0.15|0.15|0.15|0.15|0.15,0|0.0828402884|0.0174198455|-0.137054834|-0.186182082|0,-0.128632471|-0.165362316|-0.178290999|-0.179502399|-0.173422427|0,1.56466989|1.15853373|1.06463095|1.2083436|1.24073107|1.68265303,0.387874186|-0.539163113|0.410635859,-0.00661799964|0.185324654|0.0152236633,0.00469055213034153,0.001158648170530796,0.0018525198101997375,0.0016528358682990074
8,0.45,-0.7729561955288298,0.2405393421649933,0.5617217421531677,0.46678367257118225,0.23724870383739471,0.35,2,0,0,0,0,,,nan,0,0.8692783117294312,3.6525325775146484,53.75473403930664,0.8692774772644043,1.0,nan,0,0,0,0,0.3600187667836142,0.0,filtered,1.1793473442644976e-06,0,0,12,,workspace_z_upper,0,0,1,solved,osqp,0.0,valid,0.2984477078403339,0.416925751|0.306476356|0.298447708|0.36582116|0.382515405|0.399853928,0.566925751|0.456476356|0.448447708|0.51582116|0.532515405|0.549853928,0.536925751|0.426476356|0.418447708|0.48582116|0.502515405|0.519853928,0.15|0.15|0.15|0.15|0.15|0.15,0|0.084817634|0.00852629463|-0.139452478|-0.186919748|0,-0.127357349|-0.163062606|-0.178220601|-0.179032682|-0.172971078|0,1.54034565|1.14766045|1.02409653|1.14479948|1.17017079|1.59941571,0.38754338|-0.529896975|0.411396891,-0.00661799964|0.185324654|0.0152236633,0.0038884319365024567,0.0011687129735946655,0.001085120253264904,0.001607540063560009
9,0.5,-0.742128642981559,0.2602235972881317,0.5543059706687927,0.4574258029460907,0.2562805414199829,0.35,2,0,0,0,0,,,nan,0,0.9311040043830872,2.964311122894287,41.99177932739258,0.9311040043830872,1.0,nan,0,0,0,0,0.3600187667836142,0.0,passthrough,4.4381006044756305e-12,0,0,12,,workspace_z_upper,0,0,1,solved,osqp,0.0,valid,0.29003038477861953,0.410590531|0.302878822|0.290030385|0.350226158|0.364830548|0.378956077,0.560590531|0.452878822|0.440030385|0.500226158|0.514830548|0.528956077,0.530590531|0.422878822|0.410030385|0.470226158|0.484830548|0.498956077,0.15|0.15|0.15|0.15|0.15|0.15,0|0.0844332688|-0.00904754128|-0.157814355|-0.204729836|0,-0.12604755|-0.160779242|-0.178182012|-0.178589514|-0.17250087|0,1.51631457|1.13516932|0.972891986|1.06450076|1.08209149|1.51582431,0.387212574|-0.520630836|0.412157923,-0.00661799964|0.185324654|0.0152236633,0.003994910046458244,0.0012314561754465103,0.0010911161080002785,0.0016449978575110435
10,0.55,-0.7258601982291591,0.2756507396697998,0.5461392998695374,0.4473118484020233,0.2709101140499115,0.35,2,0,0,0,0,,,nan,0,0.9853775501251221,2.594731569290161,29.279695510864258,0.985376238822937,1.0,nan,0,0,0,0,0.3600187667836142,0.0,filtered,1.8535367966374236e-06,0,0,12,,workspace_z_upper,0,0,1,solved,osqp,0.0,valid,0.28066297613844327,0.404321685|0.299345691|0.280662976|0.333685477|0.346234787|0.357134108,0.554321685|0.449345691|0.430662976|0.483685477|0.496234787|0.507134108,0.524321685|0.419345691|0.400662976|0.453685477|0.466234787|0.477134108,0.15|0.15|0.15|0.15|0.15|0.15,0|0.086781963|-0.0234307859|-0.16829829|-0.213702503|0,-0.12470218|-0.158500687|-0.178210936|-0.178136341|-0.171934321|0,1.49258456|1.12566404|0.921010183|0.988307276|0.999302325|1.42853643,0.386881769|-0.511364698|0.412918955,-0.00661799964|0.185324654|0.0152236633,0.004819659516215324,0.001155671663582325,0.0012862412258982658,0.0023513315245509148
11,0.6000000000000001,-0.7207991765058899,0.2882823348045349,0.5379811525344849,0.4363693296909332,0.28258249163627625,0.35,2,0,0,0,0,,,nan,0,0.9839866161346436,2.271679401397705,40.01803207397461,0.9839857816696167,1.0,nan,0,0,0,0,0.3600187667836142,0.0,filtered,1.19516565062863e-06,0,0,12,,predictive_link_2,0,0,1,solved,osqp,0.0,valid,0.27054237115430735,0.398121015|0.296030564|0.270542371|0.316629117|0.327159846|0.334844752,0.548121015|0.446030564|0.420542371|0.466629117|0.477159846|0.484844752,0.518121015|0.416030564|0.390542371|0.436629117|0.447159846|0.454844752,0.15|0.15|0.15|0.15|0.15|0.15,0|0.0841408142|-0.0395788175|-0.173588211|-0.222440657|0,-0.123320341|-0.156204422|-0.178218622|-0.177647223|-0.171880611|0,1.46916372|1.11205865|0.864372045|0.915281034|0.914318116|1.33937901,0.386550963|-0.50209856|0.413679987,-0.00661799964|0.185324654|0.0152236633,0.005022434517741203,0.0016490519046783447,0.0013578394427895546,0.0019855033606290817
12,0.65,-0.714712969001271,0.2953559160232544,0.5300204157829285,0.4244605600833893,0.2885401248931885,0.35,2,0,0,0,0,,,nan,0,0.9209482669830322,2.8408310413360596,33.497032165527344,0.9209479093551636,1.0,nan,0,0,0,0,0.3600187667836142,0.0,filtered,5.898372779257484e-07,0,0,12,,predictive_link_2,0,0,1,solved,osqp,0.0,valid,0.2596068771551413,0.391990365|0.292675356|0.259606877|0.299291628|0.307205203|0.312447583,0.541990365|0.442675356|0.409606877|0.449291628|0.457205203|0.462447583,0.511990365|0.412675356|0.379606877|0.419291628|0.427205203|0.432447583,0.15|0.15|0.15|0.15|0.15|0.15,0|0.0706329306|-0.058590016|-0.175916554|-0.231967392|0,-0.121901129|-0.153954864|-0.178130312|-0.176721556|-0.172902243|0,1.44606033|1.08737949|0.80170718|0.844528401|0.823951177|1.24979033,0.386220157|-0.492832422|0.414441019,-0.00661799964|0.185324654|0.0152236633,0.005114725790917873,0.001443995162844658,0.001398005522787571,0.0022383248433470726
13,0.7000000000000001,-0.69370185548715,0.30411648750305176,0.521425187587738,0.41140928864479065,0.2960071563720703,0.35,2,0,0,0,0,,,nan,0,0.8551924228668213,2.3043935298919678,31.63367462158203,0.8551923632621765,1.0,nan,0,0,0,0,0.3600187667836142,0.0,filtered,6.768717014638274e-08,0,0,12,,predictive_link_2,0,0,1,solved,osqp,0.0,valid,0.24771964862986295,0.385931629|0.288710322|0.247719649|0.281793853|0.286774401|0.290578577,0.535931629|0.438710322|0.397719649|0.431793853|0.436774401|0.440578577,0.505931629|0.408710322|0.367719649|0.401793853|0.406774401|0.410578577,0.15|0.15|0.15|0.15|0.15|0.15,0|0.0497400294|-0.0809986257|-0.180917801|-0.237255233|0,-0.120443638|-0.151885842|-0.177941406|-0.17542509|-0.173439371|0,1.42328288|1.05269547|0.731938563|0.77083252|0.736403001|1.16231431,0.385889351|-0.483566284|0.415202051,-0.00661799964|0.185324654|0.0152236633,0.004634675569832325,0.0013356693089008331,0.0011730166152119637,0.0020937565714120865
14,0.75,-0.6842607614971737,0.3155927062034607,0.5126929879188538,0.39793410897254944,0.30574920773506165,0.35,2,0,0,0,0,,,nan,0,0.8205671906471252,1.1808878183364868,37.872833251953125,0.8205671906471252,1.0,nan,0,0,0,0,0.3600187667836142,0.0,passthrough,1.5537602670652496e-09,0,0,12,,predictive_link_4,0,0,1,solved,osqp,0.0,valid,0.23469312361634298,0.379946742|0.283748889|0.234693124|0.264075505|0.266067203|0.269205184,0.529946742|0.433748889|0.384693124|0.414075505|0.416067203|0.419205184,0.499946742|0.403748889|0.354693124|0.384075505|0.386067203|0.389205184,0.15|0.15|0.15|0.15|0.15|0.15,0|0.0424777482|-0.0893850456|-0.176767595|-0.236915447|0,-0.118946961|-0.150065384|-0.177732747|-0.174125246|-0.173554234|0,1.40084001|1.02740792|0.671654702|0.70540918|0.653799131|1.07682074,0.385558546|-0.474300146|0.415963084,-0.00661799964|0.185324654|0.0152236633,0.004957713186740875,0.001422431319952011,0.0013915961608290672,0.002109341323375702
15,0.8,-0.6653658957620021,0.31941959261894226,0.5036967396736145,0.38415291905403137,0.3078765273094177,0.35,2,0,0,0,0,,,nan,0,0.8029224872589111,2.140001058578491,34.62775802612305,0.8029220700263977,1.0,nan,0,0,0,0,0.3600187667836142,0.0,filtered,6.339707335194711e-07,0,0,12,,predictive_link_4,0,0,1,solved,osqp,0.0,valid,0.2212529296988015,0.374037687|0.278487739|0.22125293|0.246611506|0.245384157|0.248384157,0.524037687|0.428487739|0.37125293|0.396611506|0.395384157|0.398384157,0.494037687|0.398487739|0.34125293|0.366611506|0.365384157|0.368384157,0.15|0.15|0.15|0.15|0.15|0.15,0|0.0336913635|-0.0956202548|-0.168960371|-0.220913515|0,-0.117410194|-0.148327486|-0.177455776|-0.172841724|-0.173238208|0,1.37874055|0.999314835|0.611935688|0.644643927|0.587384903|0.993536626,0.38522774|-0.465034008|0.416724116,-0.00661799964|0.185324654|0.0152236633,0.004651081748306751,0.001410490833222866,0.0013651167973876,0.001843547448515892
16,0.8500000000000001,-0.6440621897891472,0.3261462450027466,0.4941871762275696,0.36986014246940613,0.31271642446517944,0.35,2,0,0,0,0,,,nan,0,0.7892788052558899,2.5419609546661377,22.70087432861328,0.7892780900001526,1.0,nan,0,0,0,0,0.3600187667836142,0.0,filtered,9.823965319705874e-07,0,0,12,,predictive_link_4,0,0,1,solved,osqp,0.0,valid,0.20749881546687288,0.368206489|0.272845999|0.207498815|0.229564674|0.225710922|0.228710922,0.518206489|0.422845999|0.357498815|0.379564674|0.375710922|0.378710922,0.488206489|0.392845999|0.327498815|0.349564674|0.345710922|0.348710922,0.15|0.15|0.15|0.15|0.15|0.15,0|0.0242809325|-0.106108464|-0.168599906|-0.202525415|0,-0.11583244|-0.146684892|-0.177237971|-0.171813311|-0.172259561|0,1.35699352|0.968980037|0.546648827|0.57784548|0.528058711|0.914843686,0.384896934|-0.45576787|0.417485148,-0.00661799964|0.185324654|0.0152236633,0.004769272170960903,0.001471138559281826,0.0014230720698833466,0.001844562590122223
17,0.9,-0.6303899171182042,0.32627278566360474,0.48488375544548035,0.3553132712841034,0.31084564328193665,0.35,2,0,0,0,0,,,nan,0,0.7453476786613464,3.679935932159424,38.38816833496094,0.7453466653823853,1.0,nan,0,0,0,0,0.3600187667836142,0.0,filtered,1.2867377336885693e-06,0,0,12,,predictive_link_4,0,0,1,solved,osqp,0.0,valid,0.1932169601449938,0.362455221|0.266796586|0.19321696|0.212557348|0.206987796|0.209987796,0.512455221|0.416796586|0.34321696|0.362557348|0.356987796|0.359987796,0.482455221|0.386796586|0.31321696|0.332557348|0.326987796|0.329987796,0.15|0.15|0.15|0.15|0.15|0.15,0|0.014342541|-0.111788788|-0.162299464|-0.172924571|0,-0.114212808|-0.145120505|-0.177136645|-0.1710671|-0.171289798|0,1.33560808|0.936408381|0.483942408|0.516862827|0.483736815|0.839951184,0.384566128|-0.446501732|0.41824618,-0.00661799964|0.185324654|0.0152236633,0.004754064604640007,0.001421070657670498,0.0013881716877222061,0.0019137104973196983
18,0.9500000000000001,-0.626588240697157,0.3151702284812927,0.47686588764190674,0.34153035283088684,0.29777422547340393,0.35,2,0,0,0,0,,,nan,0,0.7302364706993103,3.0618345737457275,28.055891036987305,0.7302364706993103,1.0,nan,0,0,0,0,0.3600187667836142,0.0,passthrough,4.497903971348665e-12,0,0,12,,predictive_link_2,0,0,1,solved,osqp,0.0,valid,0.1786654049967673,0.356785999|0.26031353|0.178665405|0.195888916|0.189793916|0.192793916,0.506785999|0.41031353|0.328665405|0.345888916|0.339793916|0.342793916,0.476785999|0.38031353|0.298665405|0.315888916|0.309793916|0.312793916,0.15|0.15|0.15|0.15|0.15|0.15,0|0.0132711252|-0.0974533948|-0.13556246|-0.128290081|0,-0.112550421|-0.14362769|-0.17714732|-0.170610626|-0.170321474|0,1.31459357|0.910897554|0.440060906|0.477382579|0.460564107|0.771175663,0.384235322|-0.437235594|0.419007212,-0.00661799964|0.185324654|0.0152236633,0.004597177729010582,0.0013953987509012222,0.00143520999699831,0.0017360271885991096
19,1.0,-0.6521019577424989,0.29846689105033875,0.4717475175857544,0.3298320174217224,0.2767932116985321,0.35,2,0,0,0,0,,,nan,0,0.6987156271934509,2.5967037677764893,44.59330749511719,0.6987144351005554,1.0,nan,0,0,0,0,0.3600187667836142,0.0,filtered,1.4079210581870234e-06,0,0,12,,predictive_link_2,0,0,1,solved,osqp,0.0,valid,0.16486381729943733,0.351200981|0.253845373|0.164863817|0.180579799|0.174890324|0.177890324,0.501200981|0.403845373|0.314863817|0.330579799|0.324890324|0.327890324,0.471200981|0.373845373|0.284863817|0.300579799|0.294890324|0.297890324,0.15|0.15|0.15|0.15|0.15|0.15,0|0.0213496171|-0.0566112328|-0.0810383002|-0.0648580773|0,-0.110844415|-0.142126551|-0.177260624|-0.170521016|-0.169468934|0,1.29395951|0.894604559|0.425583412|0.470759882|0.465234283|0.711561295,0.383904517|-0.427969456|0.419768244,-0.00661799964|0.185324654|0.0152236633,0.004638107493519783,0.00138167105615139,0.0012884028255939484,0.001935741864144802
20,1.05,-0.6689851516804698,0.29836195707321167,0.4679661691188812,0.3191494643688202,0.2746562361717224,0.35,2,0,0,0,0,,,nan,0,0.5904894471168518,2.6510303020477295,60.65599060058594,0.5904893279075623,1.0,nan,0,0,0,0,0.3600187667836142,0.0,filtered,1.1760933105811297e-07,0,0,12,,predictive_link_2,0,0,1,solved,osqp,0.0,valid,0.15314143635167554,0.345702372|0.247853456|0.153141436|0.167999286|0.163200394|0.166200394,0.495702372|0.397853456|0.303141436|0.317999286|0.313200394|0.316200394,0.465702372|0.367853456|0.273141436|0.287999286|0.283200394|0.286200394,0.15|0.15|0.15|0.15|0.15|0.15,0|0.0259945857|-0.0361648315|-0.0561194302|-0.0451247486|0,-0.109093947|-0.140541642|-0.177415774|-0.170812778|-0.168847826|0,1.27371554|0.876866769|0.39898514|0.445064937|0.438829001|0.664801576,0.383573711|-0.418703318|0.420529276,-0.00661799964|0.185324654|0.0152236633,0.004702125675976276,0.001379493623971939,0.0013168640434741974,0.0019748136401176453
21,1.1,-0.6564475348008898,0.32621824741363525,0.46247467398643494,0.30784234404563904,0.30013376474380493,0.35,2,0,0,0,0,,,nan,0,0.5159493088722229,3.6201539039611816,45.006996154785156,0.5159490704536438,1.0,nan,0,0,0,0,0.3600187667836142,0.0,filtered,3.5421685529471784e-07,0,0,12,,predictive_link_2,0,0,1,solved,osqp,0.0,valid,0.14244460926594427,0.340292412|0.242173474|0.142444609|0.156649623|0.152520702|0.155520702,0.490292412|0.392173474|0.292444609|0.306649623|0.302520702|0.305520702,0.460292412|0.362173474|0.262444609|0.276649623|0.272520702|0.275520702,0.15|0.15|0.15|0.15|0.15|0.15,0|0.0139736169|-0.0491284507|-0.067888184|-0.060315358|0,-0.107298199|-0.138871221|-0.17750325|-0.171071407|-0.168325912|0,1.25387145|0.843796291|0.343146736|0.387638901|0.381441536|0.622082806,0.383242905|-0.40943718|0.421290308,-0.00661799964|0.185324654|0.0152236633,0.004480235278606415,0.0012535899877548218,0.0012685004621744156,0.0019313925877213478
22,1.1500000000000001,-0.6536755510770084,0.33477187156677246,0.4569374918937683,0.29715320467948914,0.306174099445343,0.35,2,0,0,0,0,,,nan,0,0.5325083136558533,3.1451773643493652,45.76895523071289,0.5325083136558533,1.0,nan,0,0,0,0,0.3600187667836142,0.0,passthrough,1.0449665627190582e-09,0,0,12,,predictive_link_2,0,0,1,solved,osqp,0.0,valid,0.13110399242421,0.334973388|0.23597353|0.131103992|0.144713564|0.141130947|0.144130925,0.484973388|0.38597353|0.281103992|0.294713564|0.291130947|0.294130925,0.454973388|0.35597353|0.251103992|0.264713564|0.261130947|0.264130925,0.15|0.15|0.15|0.15|0.15|0.15,0|0.00382525986|-0.0379747154|-0.0490420215|-0.0325069677|0,-0.10545638|-0.137250287|-0.17772643|-0.171320907|-0.167831583|0,1.23443717|0.810469094|0.308714824|0.358491329|0.364185237|0.5765237,0.382912099|-0.400171041|0.42205134,-0.00661799964|0.185324654|0.0152236633,0.007516008801758289,0.004221376962959766,0.0013543544337153435,0.001908719539642334
23,1.2000000000000002,-0.6591742978451702,0.3377264142036438,0.45203709602355957,0.28738075494766235,0.306572288274765,0.35,2,0,0,0,0,,,nan,0,0.5206644535064697,3.130394458770752,48.343963623046875,0.5206644535064697,1.0,nan,0,0,0,0,0.3600187667836142,0.0,passthrough,8.511297383083641e-10,0,0,12,,predictive_link_2,0,0,1,solved,osqp,0.0,valid,0.12034493917542102,0.32974762|0.2293427|0.120344939|0.133737362|0.131198776|0.134198776,0.47974762|0.3793427|0.270344939|0.283737362|0.281198776|0.284198776,0.44974762|0.3493427|0.240344939|0.253737362|0.251198776|0.254198776,0.15|0.15|0.15|0.15|0.15|0.15,0|-0.0118086815|-0.0206739151|-0.0207747943|0.00680334877|0,-0.103567733|-0.13568444|-0.178209675|-0.171918332|-0.167520689|0,1.21542275|0.769877677|0.282496166|0.342256324|0.364077762|0.536795102,0.382581294|-0.390904903|0.422812372,-0.00661799964|0.185324654|0.0152236633,0.005209033377468586,0.0014134673401713371,0.001343986950814724,0.002419017255306244
24,1.25,-0.6652954310181667,0.3564479947090149,0.44687461853027344,0.277667373418808,0.32253238558769226,0.35,2,0,0,0,0,,,nan,0,0.5107920169830322,4.876660346984863,67.60104370117188,0.5107914805412292,1.0,nan,0,0,0,0,0.3600187667836142,0.0,filtered,7.813652994465066e-07,0,0,12,,predictive_link_2,0,0,1,solved,osqp,0.0,valid,0.11047189804539695,0.324617469|0.222004617|0.110471898|0.124191704|0.123305951|0.126305939,0.474617469|0.372004617|0.260471898|0.274191704|0.273305951|0.276305939,0.444617469|0.342004617|0.230471898|0.244191704|0.243305951|0.246305939,0.15|0.15|0.15|0.15|0.15|0.15,0|-0.0285050303|-0.0187708389|-0.012382047|0.00673587467|0,-0.101631537|-0.134226565|-0.178914475|-0.172857647|-0.167296406|0,1.19683834|0.725286874|0.244202278|0.311527122|0.332663271|0.505223756,0.382250488|-0.381638765|0.423573405,-0.00661799964|0.185324654|0.0152236633,0.004366914741694927,0.0010909726843237877,0.0012390268966555595,0.0020092958584427834
25,1.3,-0.6907272907166857,0.3314175009727478,0.44474175572395325,0.27020150423049927,0.2952055335044861,0.35,2,0,0,0,0,,,nan,0,0.6103177070617676,4.594411373138428,89.75399017333984,0.6103168725967407,1.0,nan,0,0,0,0,0.3600187667836142,0.0,filtered,1.2127831024576108e-06,0,0,12,,predictive_link_2,0,0,1,solved,osqp,0.0,valid,0.10066236075641774,0.31958533|0.213899604|0.100662361|0.115033221|0.115440624|0.118444572,0.46958533|0.363899604|0.250662361|0.265033221|0.265440624|0.268444572,0.43958533|0.333899604|0.220662361|0.235033221|0.235440624|0.238444572,0.15|0.15|0.15|0.15|0.15|0.15,0|-0.0284213136|0.0275891438|0.0454452755|0.0567704845|0,-0.0996471178|-0.132865596|-0.179589643|-0.173678083|-0.166837818|0,1.1786942|0.694311505|0.250648944|0.331900075|0.351695163|0.473778286,0.381919682|-0.372372627|0.424334437,-0.00661799964|0.185324654|0.0152236633,0.004775884561240673,0.0015033911913633347,0.0013146456331014633,0.0019240016117691994
26,1.35,-0.7059085594524027,0.35130763053894043,0.44259557127952576,0.2626327574253082,0.31262874603271484,0.35,2,0,0,0,0,,,nan,0,0.6969748139381409,3.808634042739868,67.42987823486328,0.6969735026359558,1.0,nan,0,0,0,0,0.3600187667836142,0.0,filtered,1.5458807330051912e-06,0,0,12,,predictive_link_2,0,0,1,solved,osqp,0.0,valid,0.09311659537398989,0.314653629|0.205871503|0.0931165954|0.108701356|0.11006217|0.113069885,0.464653629|0.355871503|0.243116595|0.258701356|0.26006217|0.263069885,0.434653629|0.325871503|0.213116595|0.228701356|0.23006217|0.233069885,0.15|0.15|0.15|0.15|0.15|0.15,0|-0.0474394532|0.0264460252|0.0525594235|0.0592027347|0,-0.0976138501|-0.13148581|-0.180154739|-0.174609255|-0.166536711|0,1.16100066|0.644560747|0.218757668|0.312755593|0.332914706|0.45227954,0.381588876|-0.363106489|0.425095469,-0.00661799964|0.185324654|0.0152236633,0.004782052710652351,0.0014373287558555603,0.0013882303610444069,0.0019234782084822655
27,1.4000000000000001,-0.7499296836611313,0.3264125883579254,0.4441109895706177,0.25686511397361755,0.28579965233802795,0.35,2,0,0,0,0,,,nan,0,0.7247717976570129,4.207640647888184,69.23796844482422,0.7247710227966309,1.0,nan,0,0,0,0,0.3600187667836142,0.0,filtered,9.645811325414093e-07,0,0,12,,predictive_link_2,0,0,1,solved,osqp,0.0,valid,0.08547912356037382,0.309824822|0.196955741|0.0854791236|0.102684854|0.104832898|0.107834642,0.459824822|0.346955741|0.235479124|0.252684854|0.254832898|0.257834642,0.429824822|0.316955741|0.205479124|0.222684854|0.224832898|0.227834642,0.15|0.15|0.15|0.15|0.15|0.15,0|-0.0449655965|0.0651206707|0.101374569|0.0960192155|0,-0.0955311637|-0.130239212|-0.180642796|-0.175418242|-0.165976985|0,1.14376813|0.612618156|0.226394369|0.336695742|0.349373824|0.431338566,0.38125807|-0.353840351|0.425856501,-0.00661799964|0.185324654|0.0152236633,0.004529103636741638,0.0014088144525885582,0.0014271438121795654,0.0016612261533737183
28,1.4500000000000002,-0.8000709311238098,0.35465705394744873,0.4464553892612457,0.25050273537635803,0.3119966387748718,0.35,2,0,0,0,0,,,nan,0,0.6965884566307068,6.760068893432617,126.2458267211914,0.6906523704528809,1.0,nan,0,0,0,0,0.3600187667836142,0.0,filtered,0.058093499628009616,0,0,12,,predictive_link_2,0,0,1,solved,osqp,0.0,valid,0.07969377636468564,0.305101396|0.188232033|0.0796937764|0.0989983381|0.10137151|0.10437151,0.455101396|0.338232033|0.229693776|0.248998338|0.25137151|0.25437151,0.425101396|0.308232033|0.199693776|0.218998338|0.22137151|0.22437151,0.15|0.15|0.15|0.15|0.15|0.15,0|0.00762595989|0.0575772608|0.0687488|0.00691292031|0,-0.0933985503|-0.128951215|-0.180771696|-0.176052255|-0.165399978|0,1.12700703|0.631602875|0.19558067|0.288689897|0.246998982|0.41748604,0.380927265|-0.344574213|0.426617533,-0.00661799964|0.185324654|0.0152236633,0.004775547422468662,0.0015174895524978638,0.001369432546198368,0.001858232542872429
29,1.5,-0.8350786421639999,0.2381773442029953,0.45623600482940674,0.24882973730564117,0.1951943039894104,0.35,2,0,0,0,0,,,nan,0,0.7017036080360413,6.743614196777344,209.08892822265625,0.6689239144325256,1.0,nan,0,0,0,0,0.3600187667836142,0.0,filtered,0.14021531047351327,0,0,12,joint_3_acceleration_lower,predictive_link_2,0,0,1,solved,osqp,0.0,valid,0.07342449930051734,0.300485855|0.182019689|0.0734244993|0.0935841885|0.0934769033|0.0964769033,0.450485855|0.332019689|0.223424499|0.243584188|0.243476903|0.246476903,0.420485855|0.302019689|0.193424499|0.213584188|0.213476903|0.216476903,0.15|0.15|0.15|0.15|0.15|0.15,0|0.0438018207|0.150585937|0.170540693|0.10353251|0,-0.0912155697|-0.127020891|-0.180099854|-0.175447563|-0.164858158|0,1.11072785|0.644859685|0.26418408|0.369429884|0.312581964|0.385907613,0.380596459|-0.335308075|0.427378565,-0.00661799964|0.185324654|0.0152236633,0.00406122300773859,0.0011767782270908356,0.0011446904391050339,0.001711960881948471
30,1.55,-0.8529797616976429,0.37941551208496094,0.45895957946777344,0.24307532608509064,0.3424853980541229,0.35,2,0,0,0,0,,,nan,0,0.611183762550354,5.702731609344482,224.1876983642578,0.6005643010139465,1.0,nan,0,0,0,0,0.3600187667836142,0.0,filtered,0.14393200100294454,0,0,12,,predictive_link_2,0,0,1,solved,osqp,0.0,valid,0.07190639436005383,0.295980729|0.177819774|0.0719063944|0.0933205462|0.0904475316|0.09344751,0.445980729|0.327819774|0.221906394|0.243320546|0.240447532|0.24344751,0.415980729|0.297819774|0.191906394|0.213320546|0.210447532|0.21344751,0.15|0.15|0.15|0.15|0.15|0.15,0|0.040284123|0.0652431009|0.0636989062|-0.00504422978|0,-0.088981857|-0.124725081|-0.178998804|-0.175097739|-0.165059516|0,1.09494106|0.626838139|0.173869875|0.261883352|0.191686381|0.37379004,0.380265653|-0.326041937|0.428139597,-0.00661799964|0.185324654|0.0152236633,0.023647925816476345,0.0011672023683786392,0.0206505274400115,0.0018025683239102364
31,1.6,-0.8579318062062956,0.30486881732940674,0.46538156270980835,0.239578977227211,0.25884345173835754,0.35,2,0,0,0,0,,,nan,0,0.6096937656402588,6.5629963874816895,209.24208068847656,0.6068204641342163,1.0,nan,0,0,0,0,0.3600187667836142,0.0,filtered,0.08674089910306,0,0,12,joint_3_acceleration_lower,predictive_link_2,0,0,1,solved,osqp,0.0,valid,0.06626676134924206,0.291588562|0.173671931|0.0662667613|0.0877870679|0.0819482035|0.0849482035,0.441588562|0.323671931|0.216266761|0.237787068|0.231948204|0.234948204,0.411588562|0.293671931|0.186266761|0.207787068|0.201948204|0.204948204,0.15|0.15|0.15|0.15|0.15|0.15,0|0.0263135039|0.110439826|0.128070784|0.0957725293|0,-0.0866971286|-0.122248103|-0.178170323|-0.174409467|-0.16484044|0,1.07965712|0.598753126|0.197336548|0.304809589|0.258724903|0.339792814,0.379934847|-0.316775799|0.428900629,-0.00661799964|0.185324654|0.0152236633,0.004146795719861984,0.0012696152552962303,0.001127137802541256,0.0017195604741573334
32,1.6500000000000001,-0.8518875578740523,0.4334152936935425,0.46440961956977844,0.231939896941185,0.3850466012954712,0.35,2,0,0,0,0,,,nan,0,0.5597835779190063,6.793122291564941,248.8517608642578,0.5607912540435791,1.0,nan,0,0,0,0,0.3600187667836142,0.0,filtered,0.10234978641098139,0,0,12,joint_2_acceleration_upper,predictive_link_2,0,0,1,solved,osqp,0.0,valid,0.06286477573287638,0.287311909|0.168927509|0.0628647757|0.0854340515|0.0784699011|0.0814699011,0.437311909|0.318927509|0.212864776|0.235434052|0.228469901|0.231469901,0.407311909|0.288927509|0.182864776|0.205434052|0.198469901|0.201469901,0.15|0.15|0.15|0.15|0.15|0.15,0|0.0239508611|0.0251403677|0.020237688|-0.0206934171|0,-0.0843611893|-0.119915306|-0.177503078|-0.174388676|-0.164811366|0,1.06488645|0.579745589|0.0990963924|0.187585218|0.128374821|0.325879605,0.379604042|-0.307509661|0.429661661,-0.00661799964|0.185324654|0.0152236633,0.003989073447883129,0.0011812709271907806,0.0010706102475523949,0.0017081806436181068
33,1.7000000000000002,-0.8895444019445018,0.3771320581436157,0.46829405426979065,0.22726978361606598,0.32626858353614807,0.35,2,0,0,0,0,,,nan,0,0.5775628685951233,6.240093231201172,243.6594696044922,0.5809853076934814,1.0,nan,0,0,0,0,0.3600187667836142,0.0,filtered,0.0070542200576457935,0,0,12,joint_0_acceleration_upper,predictive_link_2,0,0,1,solved,osqp,0.0,valid,0.05526036765359979,0.283153334|0.164207779|0.0552603677|0.0777283938|0.0691955726|0.0721955726,0.433153334|0.314207779|0.205260368|0.227728394|0.219195573|0.222195573,0.403153334|0.284207779|0.175260368|0.197728394|0.189195573|0.192195573,0.15|0.15|0.15|0.15|0.15|0.15,0|0.0265187884|0.0846129027|0.094569749|0.0834872572|0,-0.0819739395|-0.117417881|-0.17724442|-0.17424467|-0.16444432|0,1.0506394|0.565932025|0.128409953|0.231238654|0.195825228|0.28878229,0.379273236|-0.298243523|0.430422693,-0.00661799964|0.185324654|0.0152236633,0.003992017358541489,0.0011371113359928131,0.0011406727135181427,0.001687571406364441
34,1.75,-0.8978203548381907,0.44464367628097534,0.46883320808410645,0.22078661620616913,0.3908627927303314,0.35,2,0,0,0,0,,,nan,0,0.6099304556846619,6.215106964111328,225.12399291992188,0.6022104024887085,1.0,nan,0,0,0,0,0.3600187667836142,0.0,filtered,0.04255399410024402,0,0,12,joint_5_acceleration_lower,predictive_link_2,0,0,1,solved,osqp,0.0,valid,0.050618364926937415,0.279115402|0.159720678|0.0506183649|0.0737193954|0.0651175451|0.0681175194,0.429115402|0.309720678|0.200618365|0.223719395|0.215117545|0.218117519,0.399115402|0.279720678|0.170618365|0.193719395|0.185117545|0.188117519,0.15|0.15|0.15|0.15|0.15|0.15,0|-0.0183070544|0.0446470976|0.0662506159|0.072883178|0,-0.0795353815|-0.11489257|-0.177053198|-0.174514797|-0.164609416|0,1.03692623|0.505683086|0.0700673595|0.186613401|0.168743942|0.272470078,0.37894243|-0.288977385|0.431183726,-0.00661799964|0.185324654|0.0152236633,0.004825085401535034,0.0014776652678847313,0.001407400704920292,0.0019072825089097023
35,1.8,-0.9350706473725268,0.44217830896377563,0.4714071750640869,0.21524997055530548,0.3857840299606323,0.35,2,0,0,0,0,,,nan,0,0.7013304233551025,4.595088005065918,119.87418365478516,0.7013299465179443,1.0,nan,0,0,0,0,0.3600187667836142,0.0,filtered,8.128267208814245e-07,0,0,12,,predictive_link_2,0,0,1,solved,osqp,0.0,valid,0.04409343707946958,0.275200678|0.1532026|0.0440934371|0.0683943533|0.0605843193|0.0635843193,0.425200678|0.3032026|0.194093437|0.218394353|0.210584319|0.213584319,0.395200678|0.2732026|0.164093437|0.188394353|0.180584319|0.183584319,0.15|0.15|0.15|0.15|0.15|0.15,0|-0.0506853161|0.0653420669|0.110331192|0.129988858|0,-0.077045627|-0.11273152|-0.177364665|-0.175034703|-0.164389206|0,1.02375708|0.449393563|0.06435115|0.208873903|0.207936929|0.254337277,0.378611624|-0.279711246|0.431944758,-0.00661799964|0.185324654|0.0152236633,0.003908324986696243,0.0012063859030604362,0.0010585635900497437,0.0016163615509867668
36,1.85,-0.9708447267797096,0.46844717860221863,0.4742474853992462,0.20948900282382965,0.409302294254303,0.35,2,0,0,0,0,,,nan,0,0.6956802606582642,3.8086841106414795,86.71092224121094,0.6956795454025269,1.0,nan,0,0,0,0,0.3600187667836142,0.0,filtered,1.139509768837535e-06,0,0,12,,predictive_link_2,0,0,1,solved,osqp,0.0,valid,0.038525386776719656,0.271411715|0.145084962|0.0385253868|0.065265741|0.0589548114|0.0619548114,0.421411715|0.295084962|0.188525387|0.215265741|0.208954811|0.211954811,0.391411715|0.265084962|0.158525387|0.185265741|0.178954811|0.181954811,0.15|0.15|0.15|0.15|0.15|0.15,0|-0.0495257888|0.0624096372|0.108697036|0.114482344|0,-0.0745049031|-0.110919315|-0.177618265|-0.175478193|-0.164029527|0,1.01114196|0.419894743|0.038892919|0.194281807|0.186272063|0.247819246,0.378280818|-0.270445108|0.43270579,-0.00661799964|0.185324654|0.0152236633,0.013190166093409061,0.010014096274971962,0.001399025321006775,0.0017491206526756287
37,1.9000000000000001,-0.9895010521353845,0.35720163583755493,0.48321759700775146,0.20729883015155792,0.2973434329032898,0.35,2,0,0,0,0,,,nan,0,0.7729273438453674,6.195897579193115,95.21781921386719,0.7750136852264404,1.0,nan,0,0,0,0,0.3600187667836142,0.0,filtered,0.008372443914413441,0,0,12,joint_2_acceleration_lower,predictive_link_2,1,0,0,inaccurate_solution,,0.0,valid,0.03277366104711624,0.267751053|0.137113635|0.032773661|0.061995712|0.0565258621|0.0595258603,0.417751053|0.287113635|0.182773661|0.211995712|0.206525862|0.20952586,0.387751053|0.257113635|0.152773661|0.181995712|0.176525862|0.17952586,0.15|0.15|0.15|0.15|0.15|0.15,0|0.00263741425|0.140867679|0.183632726|0.144846343|0,-0.0719135591|-0.109017958|-0.177578658|-0.175581386|-0.163551339|0,0.999090654|0.442073998|0.0943836659|0.256034188|0.207398453|0.238103441,0.377950013|-0.26117897|0.433466822,-0.00661799964|0.185324654|0.0152236633,0.004407359287142754,0.0012014852836728096,0.001349734142422676,0.0018270853906869888
38,1.9500000000000002,-1.0392822539646671,0.428199827671051,0.490246444940567,0.20355446636676788,0.36698877811431885,0.35,2,0,0,0,0,,,nan,0,0.6699226498603821,6.228972434997559,179.94422912597656,0.6387589573860168,1.0,nan,0,0,0,0,0.3600187667836142,0.0,filtered,0.14764711547550075,0,0,12,,predictive_link_2,0,0,1,solved,osqp,0.0,valid,0.030733142324516766,0.264221213|0.131613927|0.0307331423|0.0623050965|0.0556029418|0.0586029418,0.414221213|0.281613927|0.180733142|0.212305097|0.205602942|0.208602942,0.384221213|0.251613927|0.150733142|0.182305097|0.175602942|0.178602942,0.15|0.15|0.15|0.15|0.15|0.15,0|0.0269340536|0.10479346|0.122846296|0.0600979412|0,-0.0692720723|-0.106554523|-0.176546911|-0.175338742|-0.164079402|0,0.98761278|0.446835241|0.0511791183|0.19672794|0.118430306|0.234411767,0.377619207|-0.251912832|0.434227854,-0.00661799964|0.185324654|0.0152236633,0.0039340658113360405,0.001202322542667389,0.0010637389495968819,0.0016412241384387016
39,2.0,-1.076461585973989,0.33527642488479614,0.5030743479728699,0.20369704067707062,0.28564202785491943,0.35,2,0,0,0,0,,,nan,0,0.7178614735603333,6.415066242218018,194.85540771484375,0.7055071592330933,1.0,nan,0,0,0,0,0.3600187667836142,0.0,filtered,0.028356629610358623,0,0,12,joint_3_acceleration_lower,predictive_link_2,0,0,1,solved,osqp,0.0,valid,0.027199017636116235,0.260824629|0.127705129|0.0271990176|0.0597263323|0.0503956368|0.0533956368,0.410824629|0.277705129|0.177199018|0.209726332|0.200395637|0.203395637,0.380824629|0.247705129|0.147199018|0.179726332|0.170395637|0.173395637,0.15|0.15|0.15|0.15|0.15|0.15,0|0.0855235291|0.185842869|0.193888368|0.0909345165|0,-0.0665810114|-0.103517583|-0.17505106|-0.1744603|-0.164431092|0,0.976717505|0.49282646|0.11958788|0.258333397|0.128085972|0.213582547,0.377288401|-0.242646545|0.434988886,-0.00661799964|0.185324654|0.0152236633,0.0050369733944535255,0.0014324598014354706,0.0013426942750811577,0.00222587026655674
40,2.0500000000000003,-1.1509928159739786,0.4744492173194885,0.5114327669143677,0.20129592716693878,0.421663761138916,0.35,2,0,0,0,0,,,nan,0,0.5944423675537109,5.445280075073242,161.03912353515625,0.5859329700469971,1.0,nan,0,0,0,0,0.3600187667836142,0.0,filtered,0.08290267183950836,0,0,12,,predictive_link_4,0,0,1,solved,osqp,0.0,valid,0.027713919578070872,0.25756381|0.126626485|0.0277139196|0.0607783658|0.0469466326|0.0499466074,0.40756381|0.276626485|0.17771392|0.210778366|0.196946633|0.199946607,0.37756381|0.246626485|0.14771392|0.180778366|0.166946633|0.169946607,0.15|0.15|0.15|0.15|0.15|0.15,0|0.0831245863|0.127466841|0.11699973|0.0130064009|0,-0.0638411588|-0.0997859164|-0.17241079|-0.173171045|-0.165466747|0,0.966414082|0.48984461|0.0659117295|0.186942149|0.0353261847|0.19978643,0.376957595|-0.233380228|0.435749918,-0.00661799964|0.185324654|0.0152236633,0.004228353500366211,0.0013999277725815773,0.0012473417446017265,0.001550617627799511
41,2.1,-1.24330218611623,0.4907044768333435,0.5226748585700989,0.20115794241428375,0.4347922205924988,0.35,2,0,0,0,0,,,nan,0,0.7811186909675598,6.214534282684326,112.87046813964844,0.7871289849281311,1.0,nan,0,0,0,0,0.3600187667836142,0.0,filtered,0.07970565264275496,0,0,12,,predictive_link_4,0,0,1,solved,osqp,1.9497174189725408e-07,valid,0.025693696176294217,0.254441186|0.125887107|0.0256936962|0.0582158194|0.0395537973|0.0425537973,0.404441186|0.275887107|0.175693696|0.208215819|0.189553797|0.192553797,0.374441186|0.245887107|0.145693696|0.178215819|0.159553797|0.162553797,0.15|0.15|0.15|0.15|0.15|0.15,0|0.126840905|0.17109414|0.146298214|0.00720048111|0,-0.0610534174|-0.0957981749|-0.169672926|-0.171284205|-0.165415866|0,0.956711328|0.534591158|0.104195999|0.207877287|-1.96195646e-07|0.170215189,0.37662679|-0.224113911|0.43651095,-0.00661799964|0.185324654|0.0152236633,0.020559942349791527,0.0010129576548933983,0.017428205348551273,0.0020931633189320564
42,2.15,-1.2973981158162795,0.45284736156463623,0.5373654961585999,0.20162731409072876,0.3949570953845978,0.35,4,0,0,0,0,,,nan,0,0.9549781680107117,5.095021724700928,39.00519561767578,0.9635785818099976,1.0,nan,0,0,0,0,0.3600187667836142,0.0,filtered,0.15600325890597225,0,1,12,predictive_link_4|joint_3_acceleration_lower,predictive_link_4,5,0,0,inaccurate_solution,,5.097163663370097e-11,valid,0.026124074473866193,0.251459126|0.127422623|0.0261240745|0.0574530531|0.0322735668|0.0352735548,0.401459126|0.277422623|0.176124074|0.207453053|0.182273567|0.185273555,0.371459126|0.247422623|0.146124074|0.177453053|0.152273567|0.155273555,0.15|0.15|0.15|0.15|0.15|0.15,0|0.156249261|0.218257885|0.189426478|0.0356526792|0,-0.0582188285|-0.0912369599|-0.16558704|-0.168238721|-0.164746943|0,0.947617675|0.574702795|0.157167143|0.250999969|3.67493255e-09|0.141094219,0.376295984|-0.214847594|0.437271982,-0.00661799964|0.185324654|0.0152236633,0.024591957218945026,0.001010129228234291,0.02127130050212145,0.0022832676768302917
43,2.2,-1.2959660985561463,0.38214027881622314,0.5539447665214539,0.1977187693119049,0.32381024956703186,0.35,4,0,0,0,0,,,nan,0,1.0656380653381348,4.11016321182251,64.12876892089844,1.0656371116638184,1.0,nan,0,0,0,0,0.3600187667836142,0.0,filtered,1.7968236082686494e-06,0,0,12,,predictive_link_4,0,0,1,solved,osqp,0.0,valid,0.026923400494089783,0.248619942|0.130704789|0.029387189|0.0593164278|0.0269234005|0.0299233957,0.398619942|0.280704789|0.179387189|0.209316428|0.1769234|0.179923396,0.368619942|0.250704789|0.149387189|0.179316428|0.1469234|0.149923396,0.15|0.15|0.15|0.15|0.15|0.15,0|0.175974225|0.250089176|0.218436668|0.0645295487|0,-0.0553385846|-0.0862947731|-0.160014774|-0.163801024|-0.16275358|0,0.939141185|0.612498609|0.207623157|0.291901355|0.00946957079|0.119693583,0.375965178|-0.205581278|0.438033015,-0.00661799964|0.185324654|0.0152236633,0.013239318504929543,0.009775943122804165,0.0014238245785236359,0.0020089317113161087
44,2.25,-1.3292365928407257,0.3336580693721771,0.5727559924125671,0.19736894965171814,0.2773352563381195,0.35,4,0,0,0,0,,,nan,0,1.1151244640350342,2.962437629699707,47.606563568115234,1.1151244640350342,1.0,nan,0,0,0,0,0.3600187667836142,0.0,passthrough,5.6951637419679255e-12,0,0,12,,predictive_link_4,0,0,1,solved,osqp,0.0,valid,0.023567433068708926,0.245925886|0.135262262|0.0347410207|0.063110838|0.0235674331|0.0265674331,0.395925886|0.285262262|0.184741021|0.213110838|0.173567433|0.176567433,0.365925886|0.255262262|0.154741021|0.183110838|0.143567433|0.146567433,0.15|0.15|0.15|0.15|0.15|0.15,0|0.179893219|0.28690446|0.263840229|0.133356641|0,-0.0524140312|-0.0811397803|-0.15319203|-0.157977534|-0.158732784|0,0.931289512|0.639802488|0.272676513|0.358306046|0.0688935889|0.106269732,0.375634372|-0.196314961|0.438794047,-0.00661799964|0.185324654|0.0152236633,0.004925799556076527,0.0014745984226465225,0.0014304956421256065,0.0019852574914693832
45,2.3000000000000003,-1.3842468623403537,0.3239196538925171,0.5926288962364197,0.2000540792942047,0.27152901887893677,0.35,4,0,0,0,0,,,nan,0,1.1077077388763428,1.403290033340454,39.52933883666992,1.1077077388763428,1.0,nan,0,0,0,0,0.3600187667836142,0.0,passthrough,5.39894341787134e-12,0,0,12,,predictive_link_5,0,0,1,solved,osqp,0.0,valid,0.024034676967696816,0.243379134|0.140252247|0.0422699317|0.0694605694|0.024034677|0.027034677,0.393379134|0.290252247|0.192269932|0.219460569|0.174034677|0.177034677,0.363379134|0.260252247|0.162269932|0.189460569|0.144034677|0.147034677,0.15|0.15|0.15|0.15|0.15|0.15,0|0.178078176|0.308528523|0.292760877|0.192707155|0,-0.0494466679|-0.0759907186|-0.145597467|-0.151332551|-0.152838694|0,0.924069869|0.663096447|0.332010783|0.419270604|0.136007168|0.108138708,0.375303566|-0.187048644|0.439555079,-0.00661799964|0.185324654|0.0152236633,0.004188653081655502,0.0012878449633717537,0.0011821510270237923,0.0016881879419088364
46,2.35,-1.4278722072267964,0.3078226149082184,0.6130506992340088,0.2051531970500946,0.2608540952205658,0.35,4,0,0,0,0,,,nan,0,1.1345181465148926,2.8192529678344727,40.44662094116211,1.1345173120498657,1.0,nan,0,0,0,0,0.3600187667836142,0.0,filtered,1.4729288164641436e-06,0,0,12,,workspace_z_upper,0,0,1,solved,osqp,0.0,valid,0.0277584080397609,0.240981788|0.145394225|0.0511964169|0.077512296|0.027758408|0.030758408,0.390981788|0.295394225|0.201196417|0.227512296|0.177758408|0.180758408,0.360981788|0.265394225|0.171196417|0.197512296|0.147758408|0.150758408,0.15|0.15|0.15|0.15|0.15|0.15,0|0.180073328|0.322637169|0.309434102|0.236094268|0,-0.0464381493|-0.0709092859|-0.137643244|-0.144217797|-0.14540627|0,0.917489003|0.690740944|0.389779592|0.475265489|0.20172163|0.123033632,0.374972761|-0.177782327|0.440316111,-0.00661799964|0.185324654|0.0152236633,0.0046987030655145645,0.0014794226735830307,0.0013439785689115524,0.0018430091440677643
47,2.4000000000000004,-1.3922549201289451,0.29335978627204895,0.6299015283584595,0.20978277921676636,0.25154730677604675,0.35,4,0,0,0,0,,,nan,0,1.0464667081832886,4.503708362579346,64.82239532470703,1.1767334938049316,1.0,nan,0,0,0,0,0.3600187667836142,0.0,filtered,0.16656424460996172,0,1,12,workspace_z_upper,workspace_z_upper,0,0,1,solved,osqp,1.9658367711450353e-09,valid,0.03417875273399315,0.23873586|0.150877312|0.0612686109|0.086815749|0.0341787527|0.0371787527,0.38873586|0.300877312|0.211268611|0.236815749|0.184178753|0.187178753,0.35873586|0.270877312|0.181268611|0.206815749|0.154178753|0.157178753,0.15|0.15|0.15|0.15|0.15|0.15,0|0.149556462|0.269579193|0.258518888|0.2247651|0,-0.0433902836|-0.0659174784|-0.129186893|-0.136327573|-0.136026841|0,0.911553158|0.687148232|0.385466744|0.46945431|0.22545327|0.148715011,0.374641955|-0.16851601|0.441077143,-0.00661799964|0.185324654|0.0152236633,0.003476218320429325,0.0010136272758245468,0.000952892005443573,0.0014848047867417336
48,2.45,-1.341949105961319,0.2825945019721985,0.6427221894264221,0.21303224563598633,0.24522611498832703,0.35,4,0,0,0,0,,,nan,0,0.9578254818916321,4.8980393409729,24.62584114074707,1.1323596239089966,1.0,nan,0,0,0,0,0.3600187667836142,0.0,filtered,0.23841880114415864,0,1,12,workspace_z_upper,workspace_z_upper,0,0,1,solved,osqp,3.6562843308551862e-09,valid,0.04025569468120846,0.23664327|0.155172677|0.0690848083|0.0938838824|0.0402556947|0.0432556947,0.38664327|0.305172677|0.219084808|0.243883882|0.190255695|0.193255695,0.35664327|0.275172677|0.189084808|0.213883882|0.160255695|0.163255695,0.15|0.15|0.15|0.15|0.15|0.15,0|0.119783843|0.208355858|0.196471836|0.193380227|0,-0.040305031|-0.061330074|-0.121353204|-0.128639081|-0.125809525|0,0.906268049|0.679144477|0.363341887|0.443368285|0.228593481|0.173022779,0.374311149|-0.159249693|0.441838175,-0.00661799964|0.185324654|0.0152236633,0.004566567949950695,0.001286008395254612,0.0013388879597187042,0.0019105831161141396
49,2.5,-1.2990727140178933,0.27500179409980774,0.6522130966186523,0.2149997353553772,0.24148112535476685,0.35,4,0,0,0,0,,,nan,0,0.8727179765701294,4.9706573486328125,46.54965591430664,1.0320792198181152,1.0,nan,0,0,0,0,0.3600187667836142,0.0,filtered,0.2510927736722618,0,1,12,workspace_z_upper|joint_4_acceleration_upper,workspace_z_upper,0,0,1,solved,osqp,1.1129497323736359e-10,valid,0.044987599747440626,0.234705834|0.158231712|0.074133941|0.0981010518|0.0449875997|0.0479875979,0.384705834|0.308231712|0.224133941|0.248101052|0.1949876|0.197987598,0.354705834|0.278231712|0.194133941|0.218101052|0.1649876|0.167987598,0.15|0.15|0.15|0.15|0.15|0.15,0|0.0960691636|0.157713693|0.144715487|0.162459653|0,-0.0371844999|-0.0571414392|-0.114254866|-0.121324667|-0.115390982|0,0.901638837|0.671854572|0.339994591|0.415795028|0.22701907|0.191950392,0.373980343|-0.149983376|0.442599207,-0.00661799964|0.185324654|0.0152236633,0.004392196424305439,0.0012509562075138092,0.001156570389866829,0.001953265629708767
50,2.5500000000000003,-1.2693023919584654,0.26996251940727234,0.6591877341270447,0.21587350964546204,0.23983752727508545,0.35,4,0,0,0,0,,,nan,0,0.7315114140510559,6.884373188018799,102.49811553955078,0.8447554707527161,1.0,nan,0,0,0,0,0.3600187667836142,0.0,filtered,0.19324441353162244,0,1,12,workspace_z_upper|joint_4_acceleration_upper|joint_5_acceleration_upper,workspace_z_upper,0,0,1,solved,osqp,3.320550945318246e-09,valid,0.048440868718931024,0.232925261|0.160282014|0.076875501|0.0999556335|0.0484408687|0.0514408687,0.382925261|0.310282014|0.226875501|0.249955634|0.198440869|0.201440869,0.352925261|0.280282014|0.196875501|0.219955634|0.168440869|0.171440869,0.15|0.15|0.15|0.15|0.15|0.15,0|0.082912325|0.130512281|0.117201227|0.133761887|0,-0.0340309431|-0.0532865173|-0.107645911|-0.114225894|-0.104989829|0,0.897670103|0.670753862|0.330368374|0.402797867|0.222535533|0.205763475,0.373649538|-0.140717059|0.443360239,-0.00661799964|0.185324654|0.0152236633,0.004626917652785778,0.0013211052864789963,0.0013191653415560722,0.001955721527338028
51,2.6,-1.2520057228920658,0.2663511037826538,0.6646056771278381,0.21613746881484985,0.23934337496757507,0.35,4,0,0,0,0,,,nan,0,0.7243149280548096,6.877668857574463,24.698360443115234,0.7737070918083191,1.0,nan,0,0,0,0,0.3600187667836142,0.0,filtered,0.13623577175832208,0,1,12,workspace_z_upper|joint_3_acceleration_upper|joint_5_acceleration_upper,workspace_z_upper,0,0,1,solved,osqp,0.0,valid,0.05078891300260188,0.231303144|0.161811627|0.0784788932|0.100686959|0.050788913|0.053788913,0.381303144|0.311811627|0.228478893|0.250686959|0.200788913|0.203788913,0.351303144|0.281811627|0.198478893|0.220686959|0.170788913|0.173788913,0.15|0.15|0.15|0.15|0.15|0.15,0|0.0821496992|0.124477883|0.109586509|0.112477597|0,-0.0308467522|-0.0496674|-0.101154205|-0.107064709|-0.0947064553|0,0.894365822|0.679728806|0.33723925|0.405269635|0.220926794|0.215155652,0.373318732|-0.131450742|0.444121271,-0.00661799964|0.185324654|0.0152236633,0.015843202359974384,0.0010106703266501427,0.013218488544225693,0.0015879329293966293
52,2.6500000000000004,-1.2461397837453003,0.2632136642932892,0.669218122959137,0.216242253780365,0.23914749920368195,0.35,4,0,0,0,0,,,nan,0,0.8427656888961792,6.477887153625488,21.293237686157227,0.8690400719642639,1.0,nan,0,0,0,0,0.3600187667836142,0.0,filtered,0.06054294048941965,0,1,12,workspace_z_upper|joint_3_acceleration_upper|joint_5_acceleration_upper,workspace_z_upper,0,0,1,solved,osqp,0.0,valid,0.052500376654494224,0.229840955|0.163468764|0.080091398|0.101386852|0.0525003767|0.0555003767,0.379840955|0.313468764|0.230091398|0.251386852|0.202500377|0.205500377,0.349840955|0.283468764|0.200091398|0.221386852|0.172500377|0.175500377,0.15|0.15|0.15|0.15|0.15|0.15,0|0.0889214203|0.133541923|0.116856384|0.0996309794|0,-0.0276344597|-0.0461801722|-0.0946185685|-0.0997576249|-0.0846488848|0,0.891729361|0.696616304|0.359288947|0.422646166|0.224983601|0.222001507,0.372987926|-0.122184455|0.444882303,-0.00661799964|0.185324654|0.0152236633,0.00470240693539381,0.0014058612287044525,0.0013344986364245415,0.0019375309348106384
53,2.7,-1.2442777598518844,0.25996220111846924,0.6733753085136414,0.2164754569530487,0.23871220648288727,0.35,4,0,0,0,0,,,nan,0,0.9935301542282104,5.116254806518555,31.42584228515625,1.0136162042617798,1.0,nan,0,0,0,0,0.3600187667836142,0.0,filtered,0.07381573462080243,0,1,12,workspace_z_upper,workspace_z_upper,0,0,1,solved,osqp,5.056436575001655e-09,valid,0.05400730894246139,0.22854004|0.165617453|0.0824699691|0.102807251|0.0540073089|0.0570073089,0.37854004|0.315617453|0.232469969|0.252807251|0.204007309|0.207007309,0.34854004|0.285617453|0.202469969|0.222807251|0.174007309|0.177007309,0.15|0.15|0.15|0.15|0.15|0.15,0|0.0913299084|0.143997798|0.12850108|0.0927967501|0,-0.0243967221|-0.0427756837|-0.0880499822|-0.0923809328|-0.0749495605|0,0.889763437|0.711024035|0.385827692|0.44734915|0.233876425|0.228029236,0.37265712|-0.112918228|0.445643336,-0.00661799964|0.185324654|0.0152236633,0.004474839195609093,0.0014106780290603638,0.0012114206328988075,0.00182381272315979
54,2.75,-1.2357930408409856,0.25667843222618103,0.6768324375152588,0.21678438782691956,0.23813684284687042,0.35,4,0,0,0,0,,,nan,0,1.0831352472305298,2.6114931106567383,60.23047637939453,1.1152814626693726,1.0,nan,0,0,0,0,0.3600187667836142,0.0,filtered,0.13523111705108226,0,1,12,workspace_z_upper,workspace_z_upper,0,0,1,solved,osqp,1.0586688997671345e-08,valid,0.05558919763126066,0.22740159|0.168037501|0.085672938|0.105149444|0.0555891976|0.0585891976,0.37740159|0.318037501|0.235672938|0.255149444|0.205589198|0.208589198,0.34740159|0.288037501|0.205672938|0.225149444|0.175589198|0.178589198,0.15|0.15|0.15|0.15|0.15|0.15,0|0.0801786738|0.134724349|0.123046555|0.0859529028|0,-0.0211362785|-0.0394739179|-0.0815360877|-0.0850700174|-0.0656647844|0,0.888470081|0.712854759|0.395880013|0.458574313|0.242644909|0.234356791,0.372326314|-0.103652|0.446404368,-0.00661799964|0.185324654|0.0152236633,0.005004203878343105,0.0014250772073864937,0.0013233572244644165,0.0022206399589776993
55,2.8000000000000003,-1.2249964940349356,0.25350651144981384,0.679487943649292,0.21708476543426514,0.2375788390636444,0.35,4,0,0,0,0,,,nan,0,1.129679799079895,1.682679533958435,26.493629455566406,1.1680763959884644,1.0,nan,0,0,0,0,0.3600187667836142,0.0,filtered,0.17810555883212592,0,1,12,workspace_z_upper,workspace_z_upper,0,0,1,solved,osqp,1.662642815092319e-08,valid,0.05720829019210591,0.22642667|0.170060769|0.0886908808|0.107523726|0.0572082902|0.0602082326,0.37642667|0.320060769|0.238690881|0.257523726|0.20720829|0.210208233,0.34642667|0.290060769|0.208690881|0.227523726|0.17720829|0.180208233,0.15|0.15|0.15|0.15|0.15|0.15,0|0.0646856742|0.117772315|0.110439801|0.0777982494|0,-0.0178559914|-0.0363221963|-0.0752046728|-0.0779577698|-0.0566863595|0,0.887850689|0.708606554|0.397331165|0.462576937|0.249945051|0.240832931,0.371995509|-0.0943857729|0.4471654,-0.00661799964|0.185324654|0.0152236633,0.011792486533522606,0.0014531193301081657,0.0014166701585054398,0.008877187967300415
56,2.85,-1.2089789375175772,0.2506457269191742,0.6811620593070984,0.2172521948814392,0.23726841807365417,0.35,4,0,0,0,0,,,nan,0,1.143045425415039,1.5350135564804077,20.79335594177246,1.180103063583374,1.0,nan,0,0,0,0,0.3600187667836142,0.0,filtered,0.19117455844067663,0,1,12,workspace_z_upper,workspace_z_upper,0,0,1,solved,osqp,2.0583437065901933e-08,valid,0.05879325287422313,0.225616199|0.171469376|0.0911324376|0.109563678|0.0587932529|0.0617932529,0.375616199|0.321469376|0.241132438|0.259563678|0.208793253|0.211793253,0.345616199|0.291469376|0.211132438|0.229563678|0.178793253|0.181793253,0.15|0.15|0.15|0.15|0.15|0.15,0|0.0455915203|0.0932515434|0.0904999044|0.067374535|0,-0.0145588146|-0.033314437|-0.069051532|-0.0710376359|-0.0479199754|0,0.887905981|0.698154589|0.388729762|0.457716982|0.254627571|0.247173011,0.371664703|-0.0851195455|0.447926432,-0.00661799964|0.185324654|0.0152236633,0.004600811749696732,0.0012714806944131851,0.0015774145722389221,0.0017260964959859848
57,2.9000000000000004,-1.1857461778405813,0.24827377498149872,0.6816005110740662,0.21715867519378662,0.237441748380661,0.35,4,0,0,0,0,,,nan,0,1.137654185295105,2.0536739826202393,18.56161117553711,1.1664808988571167,1.0,nan,0,0,0,0,0.3600187667836142,0.0,filtered,0.17304040505183965,0,1,12,workspace_z_upper,workspace_z_upper,0,0,1,solved,osqp,1.9904626634426048e-08,valid,0.060240905685650575,0.224970945|0.172080135|0.0926207367|0.110906358|0.0602409057|0.0632408476,0.374970945|0.322080135|0.242620737|0.260906358|0.210240906|0.213240848,0.344970945|0.292080135|0.212620737|0.230906358|0.180240906|0.183240848,0.15|0.15|0.15|0.15|0.15|0.15,0|0.023408731|0.060658413|0.0623877535|0.0544729599|0,-0.0112477811|-0.0304389675|-0.0630100367|-0.064227147|-0.0392159013|0,0.888636001|0.681290302|0.368131323|0.441786038|0.256220681|0.25296339,0.371333897|-0.075853318|0.448687464,-0.00661799964|0.185324654|0.0152236633,0.002947285771369934,0.0008187098428606987,0.0007846681401133537,0.0012862933799624443
58,2.95,-1.1498647123466053,0.24724790453910828,0.6802682280540466,0.21662700176239014,0.2390698939561844,0.35,4,0,0,0,0,,,nan,0,1.1198983192443848,3.2682993412017822,27.150978088378906,1.138522982597351,1.0,nan,0,0,0,0,0.3600187667836142,0.0,filtered,0.13686471198549996,0,1,12,workspace_z_upper,workspace_z_upper,0,0,1,solved,osqp,1.4541623703789863e-08,valid,0.0614545897544361,0.224491525|0.171732349|0.0927629638|0.11115918|0.0614545898|0.0644545897,0.374491525|0.321732349|0.242762964|0.26115918|0.21145459|0.21445459,0.344491525|0.291732349|0.212762964|0.23115918|0.18145459|0.18445459,0.15|0.15|0.15|0.15|0.15|0.15,0|-0.00754816772|0.0129157709|0.020552096|0.0374725171|0,-0.00792598882|-0.0276774405|-0.0569566602|-0.0573745003|-0.0303586153|0,0.890040112|0.651703789|0.327010966|0.407814316|0.252932261|0.257818359,0.371003091|-0.0665870905|0.449448496,-0.00661799964|0.185324654|0.0152236633,0.01170265581458807,0.001000216230750084,0.0010144002735614777,0.009663269855082035
59,3.0,-1.1604527081004405,0.3073098659515381,0.6766849160194397,0.2156745195388794,0.29574689269065857,0.35,4,0,0,0,0,,,nan,0,1.1016925573349,4.28661584854126,32.1939811706543,1.1126747131347656,1.0,nan,0,0,0,0,0.3600187667836142,0.0,filtered,0.10200140901258765,0,1,12,workspace_z_upper,workspace_z_upper,0,0,1,solved,osqp,7.514752112247614e-09,valid,0.062314424204200386,0.224178398|0.169997631|0.0908649468|0.109707399|0.0623144242|0.0653144242,0.374178398|0.319997631|0.240864947|0.259707399|0.212314424|0.215314424,0.344178398|0.289997631|0.210864947|0.229707399|0.182314424|0.185314424,0.15|0.15|0.15|0.15|0.15|0.15,0|-0.0470957366|-0.0443621013|-0.0281018178|0.0198684439|0,-0.00459658683|-0.0250082929|-0.0506391261|-0.050179445|-0.020959428|0,0.892117003|0.607886493|0.26845856|0.360548334|0.248166713|0.261257697,0.370672286|-0.057320863|0.450209528,-0.00661799964|0.185324654|0.0152236633,0.004728957079350948,0.0013939645141363144,0.0012498926371335983,0.0020500486716628075
60,3.0500000000000003,-1.1760780362704328,0.3810728192329407,0.6706892848014832,0.21468192338943481,0.3706549108028412,0.35,4,0,0,0,0,,,nan,0,1.0944405794143677,5.725683689117432,48.27464294433594,1.0925092697143555,1.0,nan,0,0,0,0,0.3600187667836142,0.0,filtered,0.07621545341147173,0,1,12,workspace_z_upper|joint_5_acceleration_lower,workspace_z_upper,0,0,1,solved,osqp,1.3756484840143912e-10,valid,0.06290359581282859,0.224031864|0.16643879|0.0865173534|0.106297899|0.0629035958|0.0659035958,0.374031864|0.31643879|0.236517353|0.256297899|0.212903596|0.215903596,0.344031864|0.28643879|0.206517353|0.226297899|0.182903596|0.185903596,0.15|0.15|0.15|0.15|0.15|0.15,0|-0.0898814917|-0.0998214938|-0.0724076437|0.00925581287|0,-0.00126276116|-0.0223671333|-0.0436961788|-0.0422190783|-0.0105841168|0,0.894864693|0.553506537|0.202551741|0.310564876|0.250286079|0.263614383,0.37034148|-0.0480546355|0.45097056,-0.00661799964|0.185324654|0.0152236633,0.004524984396994114,0.0012134974822402,0.001161905936896801,0.0021189162507653236
61,3.1,-1.1339146501031245,0.45393306016921997,0.6599469184875488,0.21157291531562805,0.4449782371520996,0.35,4,0,0,0,0,,,nan,0,1.0870355367660522,4.779448509216309,75.34197998046875,1.0866080522537231,1.0,nan,0,0,0,0,0.3600187667836142,0.0,filtered,0.013095903399476444,0,0,12,joint_5_acceleration_lower,workspace_z_upper,0,0,1,solved,osqp,0.0,valid,0.06364645574302039,0.224019872|0.160860991|0.0798363459|0.101203785|0.0636464557|0.0666464557,0.374019872|0.310860991|0.229836346|0.251203785|0.213646456|0.216646456,0.344019872|0.280860991|0.199836346|0.221203785|0.183646456|0.186646456,0.11893132|0.15|0.15|0.15|0.139894102|0.139894102,0|-0.119906097|-0.164830369|-0.136570155|-0.0465344672|0,1.30039203e-18|-0.0196190396|-0.0357670611|-0.0330691414|-1.52937423e-19|0,0.896079487|0.503918829|0.118747954|0.235175842|0.208051356|0.266585823,0.370010674|-0.038788408|0.451731592,-0.00661799964|0.185324654|0.0152236633,0.004969220608472824,0.001398187130689621,0.0013286750763654709,0.002208901569247246
62,3.1500000000000004,-1.0849682308812225,0.5131545662879944,0.6452813148498535,0.20799291133880615,0.5063753724098206,0.35,4,0,0,0,0,,,nan,0,1.1404534578323364,5.494159698486328,58.581825256347656,1.1404534578323364,1.0,nan,0,0,0,0,0.3600187667836142,0.0,passthrough,1.0418268947030992e-10,0,0,12,,predictive_link_2,0,0,1,solved,osqp,0.0,valid,0.06156209171917612,0.224019833|0.153930919|0.070479066|0.093572997|0.0615620917|0.0645620917,0.374019833|0.303930919|0.220479066|0.243572997|0.211562092|0.214562092,0.344019833|0.273930919|0.190479066|0.213572997|0.181562092|0.184562092,0.0689314325|0.15|0.15|0.15|0.0142361983|0.0142361983,0|-0.144368969|-0.216028818|-0.18725197|-0.0936545977|0,-2.67120153e-18|-0.0166021993|-0.0264946169|-0.0223130815|-4.31560391e-19|0,0.896079332|0.454752507|0.0393928295|0.164726937|0.152593769|0.258248367,0.369679868|-0.0295221806|0.452492625,-0.00661799964|0.185324654|0.0152236633,0.004870343022048473,0.0014294721186161041,0.0014264276251196861,0.001982247456908226
63,3.2,-1.0476740849039754,0.5430419445037842,0.6292566061019897,0.1999397724866867,0.539509654045105,0.35,2,0,0,0,0,,,nan,0,1.1737055778503418,3.389904260635376,120.51242065429688,1.1875044107437134,1.0,nan,0,0,0,0,0.3600187667836142,0.0,filtered,0.036781131254666685,0,1,12,predictive_link_2,predictive_link_2,0,0,1,solved,osqp,9.030164579981736e-08,valid,0.057992910271995185,0.224019794|0.145925616|0.0591902522|0.0841623125|0.0579929103|0.0609929103,0.374019794|0.295925616|0.209190252|0.234162313|0.20799291|0.21099291,0.344019794|0.265925616|0.179190252|0.204162313|0.17799291|0.18099291,0.0189315442|0.15|0.15|0.15|0|0,0|-0.154966623|-0.221280785|-0.187493075|-0.07407632|0,-7.12058578e-19|-0.0131526054|-0.0154803144|-0.0095408347|0.013743966|0,0.896079176|0.415583237|-9.08712133e-08|0.13961534|0.171639287|0.243971641,0.369349062|-0.0202559531|0.453253657,-0.00661799964|0.185324654|0.0152236633,0.004870789125561714,0.0014021815732121468,0.001383502036333084,0.0020530810579657555
64,3.25,-1.0115293681656659,0.5465535521507263,0.6132416725158691,0.18935473263263702,0.5461692214012146,0.35,2,0,0,0,0,,,nan,0,1.1526397466659546,3.33754825592041,65.21882629394531,1.1989322900772095,1.0,nan,0,0,0,0,0.3600187667836142,0.0,filtered,0.12152263522237303,0,0,12,,predictive_link_2,0,0,1,solved,osqp,2.0505995657060794e-07,valid,0.048300627853349626,0.224051947|0.137572765|0.0483006279|0.0754167949|0.056437816|0.0594378141,0.374051947|0.287572765|0.198300628|0.225416795|0.206437816|0.209437814,0.344051947|0.257572765|0.168300628|0.195416795|0.176437816|0.179437814,0|0.15|0.15|0.101617143|0|0,0|-0.142680793|-0.190233105|-0.164146216|-0.042626818|0,0.00207225973|-0.00917022579|-0.0029696118|1.15548115e-18|0.0301702029|0,0.898280048|0.398440041|-2.05618214e-07|0.137520963|0.213294649|0.237751257,0.369018257|-0.0109897256|0.454014689,-0.00661799964|0.185324654|0.0152236633,0.004675096832215786,0.001273185946047306,0.0012757647782564163,0.002094382420182228
65,3.3000000000000003,-0.9760484941935331,0.5264851450920105,0.5984103083610535,0.18179909884929657,0.526485025882721,0.35,2,0,0,0,0,,,nan,0,1.1118415594100952,1.838775634765625,56.27144241333008,1.173899531364441,1.0,nan,0,0,0,0,0.3600187667836142,0.0,filtered,0.17166885570480678,0,0,12,,predictive_link_2,0,0,1,solved,osqp,2.550088385733229e-07,valid,0.03919042592874575,0.224238862|0.130096329|0.0391904259|0.0674938845|0.0572938551|0.0602938551,0.374238862|0.280096329|0.189190426|0.217493885|0.207293855|0.210293855,0.344238862|0.250096329|0.159190426|0.187493885|0.177293855|0.180293855,0|0.15|0.0550381637|0|0|0,0|-0.1238051|-0.15676196|-0.133312785|-0.00149334071|0,0.00540530907|-0.00477511599|-1.84884921e-17|0.00470127535|0.0466304893|0,0.902360757|0.391805098|-2.56654676e-07|0.141364028|0.274312569|0.24117542,0.368687451|-0.00172349438|0.454775721,-0.00661799964|0.185324654|0.0152236633,0.004699140787124634,0.001409042626619339,0.0011659180745482445,0.002090737223625183
66,3.35,-0.9177973774696605,0.4990454614162445,0.5837839245796204,0.17644445598125458,0.4990455210208893,0.35,2,0,0,0,0,,,nan,0,1.0825251340866089,2.048128128051758,25.81768226623535,1.1498541831970215,1.0,nan,0,0,0,0,0.3600187667836142,0.0,filtered,0.19256129796516516,0,0,12,,predictive_link_2,0,0,1,solved,osqp,2.2460465781692918e-07,valid,0.03179905236988681,0.224592312|0.123829707|0.0317990524|0.0623225143|0.0609172064|0.0639172062,0.374592312|0.273829707|0.181799052|0.212322514|0.210917206|0.213917206,0.344592312|0.243829707|0.151799052|0.182322514|0.180917206|0.183917206,0|0.15|0|0|0|0,0|-0.105532117|-0.134417726|-0.104391459|0.0176778288|0,0.00873316027|-9.00105267e-05|0.0072212859|0.0200457718|0.0621957846|0,0.907102409|0.389696699|-2.30886347e-07|0.16494437|0.323542439|0.255668825,0.368356645|0.00754273869|0.455536753,-0.00661799964|0.185324654|0.0152236633,0.004636374302208424,0.001519717276096344,0.0011719167232513428,0.0019134823232889175
67,3.4000000000000004,-0.8274778763910262,0.4780910611152649,0.5673983097076416,0.17225264012813568,0.4780910611152649,0.35,2,0,0,0,0,,,nan,0,1.0840197801589966,2.1123428344726562,21.00020980834961,1.1405879259109497,1.0,nan,0,0,0,0,0.3600187667836142,0.0,filtered,0.1645526168742373,0,0,12,,predictive_link_2,0,0,1,solved,osqp,1.2746442257238755e-07,valid,0.026444469419999922,0.225111959|0.118602961|0.0264444694|0.0593679305|0.0661843031|0.0691843022,0.375111959|0.268602961|0.176444469|0.209367931|0.216184303|0.219184302,0.345111959|0.238602961|0.146444469|0.179367931|0.186184303|0.189184302,0|0.0932216728|0|0|0|0,0|-0.0995600441|-0.126290238|-0.0972496482|0.0204818887|0,0.0120526325|5.28497677e-18|0.0205122286|0.0354512415|0.076775902|0,0.912500467|0.374851798|-1.31963433e-07|0.175673315|0.361995003|0.276737209,0.368025839|0.0168089662|0.456297785,-0.00661799964|0.185324654|0.0152236633,0.004696889780461788,0.0015047965571284294,0.001328747719526291,0.001828881911933422
68,3.45,-0.7128499584003032,0.445236474275589,0.5487605333328247,0.16901986300945282,0.4452364444732666,0.35,2,0,0,0,0,,,nan,0,1.1208523511886597,2.8586935997009277,39.54701232910156,1.1659305095672607,1.0,nan,0,0,0,0,0.3600187667836142,0.0,filtered,0.13251699514213966,0,1,12,predictive_link_2,predictive_link_2,0,0,1,solved,osqp,5.024361302008451e-08,valid,0.022252634122526677,0.225797303|0.11368459|0.0222526341|0.0576481156|0.0723629759|0.0753629676,0.375797303|0.26368459|0.172252634|0.207648116|0.222362976|0.225362968,0.345797303|0.23368459|0.142252634|0.177648116|0.192362976|0.195362968,0|0.0333288696|0|0|0|0,0|-0.10174257|-0.123323489|-0.0915784068|0.0288391312|0,0.0153605896|-5.56801146e-18|0.0343129021|0.0514142917|0.09105049|0,0.918549803|0.352995791|-5.05333689e-08|0.190428347|0.409341525|0.30145187,0.367695034|0.0260751937|0.457058817,-0.00661799964|0.185324654|0.0152236633,0.003005577251315117,0.000880013220012188,0.0007895529270172119,0.0013146959245204926
69,3.5,-0.5644002824263887,0.3986583650112152,0.5270494818687439,0.16656236350536346,0.39865830540657043,0.35,2,0,0,0,0,,,nan,0,1.157607078552246,3.128148078918457,21.295909881591797,1.1887331008911133,1.0,nan,0,0,0,0,0.3600187667836142,0.0,filtered,0.08928914707318761,0,1,12,predictive_link_2,predictive_link_2,0,0,1,solved,osqp,9.094052302871525e-09,valid,0.01901985378045759,0.226647694|0.108709674|0.0190198538|0.0571560506|0.079741582|0.082741582,0.376647694|0.258709674|0.169019854|0.207156051|0.229741582|0.232741582,0.346647694|0.228709674|0.139019854|0.177156051|0.199741582|0.202741582,0|0|0|0|0|0,0|-0.109599381|-0.124751928|-0.0875944278|0.0329443479|0,0.0186539488|0.00264132098|0.048672507|0.0679943103|0.105012748|0,0.925244723|0.327880635|-6.14061496e-09|0.209024085|0.456923424|0.330966328,0.367364228|0.035341423|0.457819849,-0.00661799964|0.185324654|0.0152236633,0.003177069127559662,0.0009050648659467697,0.0008096024394035339,0.0014400463551282883
70,3.5500000000000003,-0.3857589297696953,0.3609212636947632,0.5005314946174622,0.164862260222435,0.36092129349708557,0.35,2,0,0,0,0,,,nan,0,1.2252631187438965,3.3134310245513916,21.35468101501465,1.2289386987686157,1.0,nan,0,0,0,0,0.3600187667836142,0.0,filtered,0.010440631330207078,0,1,12,predictive_link_2,predictive_link_2,0,0,1,solved,osqp,1.332592924896403e-10,valid,0.01656232903153257,0.227662323|0.103662697|0.016562329|0.0578474166|0.0881029588|0.0911029588,0.377662323|0.253662697|0.166562329|0.207847417|0.238102959|0.241102959,0.347662323|0.223662697|0.136562329|0.177847417|0.208102959|0.211102959,0|0|0|0|0|0,0|-0.124943804|-0.129782569|-0.0819028091|0.0430978477|0,0.0219296939|0.00883165607|0.0635332554|0.0850550861|0.11855688|0,0.932578987|0.298538639|2.88363189e-09|0.234541943|0.514066562|0.364411835,0.367033422|0.0446076505|0.458580881,-0.00661799964|0.185324654|0.0152236633,0.004034542478621006,0.0011744964867830276,0.001414937898516655,0.0014126058667898178
71,3.6,-0.26988235289255613,0.36071622371673584,0.4707831144332886,0.16425661742687225,0.36071622371673584,0.35,2,0,0,0,0,,,nan,0,1.2241219282150269,3.692547559738159,42.9695930480957,1.2241207361221313,1.0,nan,0,0,0,0,0.3600187667836142,0.0,filtered,1.605242925713059e-06,0,0,12,,predictive_link_2,0,0,1,solved,osqp,0.0,valid,0.014862240178612568,0.228840238|0.0982941205|0.0148622402|0.0599779566|0.097832405|0.100832405,0.378840238|0.24829412|0.16486224|0.209977957|0.247832405|0.250832405,0.348840238|0.21829412|0.13486224|0.179977957|0.217832405|0.220832405,0|0|0|0|0|0,0|-0.127141073|-0.122407651|-0.068717854|0.0440678365|0,0.0251848925|0.0159911208|0.0791386969|0.102892063|0.131978053|0,0.940545845|0.28202653|0.0161800067|0.274086036|0.567375509|0.40332962,0.366702616|0.053873878|0.459341913,-0.00661799964|0.185324654|0.0152236633,0.004499001428484917,0.0009955549612641335,0.0013476153835654259,0.002130568027496338
72,3.6500000000000004,-0.21730926632840245,0.3594680726528168,0.44114264845848083,0.1646905392408371,0.35946813225746155,0.35,2,0,0,0,0,,,nan,0,1.1509746313095093,4.643176078796387,49.23670196533203,1.1509746313095093,1.0,nan,0,0,0,0,0.3600187667836142,0.0,passthrough,5.875016740620365e-12,0,0,12,,predictive_link_2,0,0,1,solved,osqp,0.0,valid,0.01425659630345702,0.23018034|0.0931815342|0.0142565963|0.0636183439|0.108226255|0.111226255,0.38018034|0.243181534|0.164256596|0.213618344|0.258226255|0.261226255,0.35018034|0.213181534|0.134256596|0.183618344|0.228226255|0.231226255,0|0|0|0|0|0,0|-0.109683125|-0.110115261|-0.0648356209|0.02247668|0,0.0284167077|0.024032272|0.0942177618|0.119833499|0.143995973|0,0.94913807|0.287075283|0.0411288857|0.309471253|0.599377674|0.444905022,0.36637181|0.0631401092|0.460102946,-0.00661799964|0.185324654|0.0152236633,0.004385524429380894,0.0012734048068523407,0.0012415321543812752,0.0018377918750047684
73,3.7,-0.22988293133020882,0.35489314794540405,0.41481050848960876,0.16629467904567719,0.35489311814308167,0.35,2,0,0,0,0,,,nan,0,1.0020835399627686,6.95182466506958,86.51265716552734,0.9840438365936279,1.0,nan,0,0,0,0,0.3600187667836142,0.0,filtered,0.05266763582250518,0,0,12,joint_4_acceleration_lower,predictive_link_2,0,0,1,solved,osqp,0.0,valid,0.014690556186365639,0.231681391|0.0892997278|0.0146905562|0.0678774621|0.117767241|0.120767241,0.381681391|0.239299728|0.164690556|0.217877462|0.267767241|0.270767241,0.351681391|0.209299728|0.134690556|0.187877462|0.237767241|0.240767241,0|0|0|0|0|0,0|-0.0700178203|-0.0901739183|-0.0703742764|-0.0240311096|0,0.0316224036|0.0322507502|0.10732094|0.134032138|0.153471562|0,0.958347966|0.319431841|0.0759092466|0.33516771|0.600509415|0.483068964,0.366041005|0.0724063367|0.460863978,-0.00661799964|0.185324654|0.0152236633,0.004589961841702461,0.0014147460460662842,0.0012163324281573296,0.001926211640238762
74,3.75,-0.1833599168164222,0.3509358763694763,0.38852277398109436,0.16769973933696747,0.35093584656715393,0.35,2,0,0,0,0,,,nan,0,0.982466459274292,6.085531711578369,53.32505798339844,0.9775785207748413,1.0,nan,0,0,0,0,0.3600187667836142,0.0,filtered,0.03181435474992902,0,0,12,joint_4_acceleration_lower,predictive_link_2,0,0,1,solved,osqp,0.0,valid,0.016294664711683476,0.233342018|0.0876343945|0.0162946647|0.0720065054|0.125062429|0.128062429,0.383342018|0.237634395|0.166294665|0.222006505|0.275062429|0.278062429,0.353342018|0.207634395|0.136294665|0.192006505|0.245062429|0.248062429,0|0|0|0|0|0,0|-0.0619463951|-0.100899425|-0.0942894795|-0.0658417091|0,0.0347993653|0.0394832343|0.11743295|0.144547475|0.160377665|0,0.968167437|0.328074417|0.0817121845|0.338284017|0.594785672|0.512249715,0.365710199|0.0816725641|0.46162501,-0.00661799964|0.185324654|0.0152236633,0.00468542892485857,0.0016144579276442528,0.0012040548026561737,0.0018355390056967735
75,3.8000000000000003,-0.10580351280352779,0.3469412326812744,0.36055585741996765,0.1691349297761917,0.3469412326812744,0.35,2,0,0,0,0,,,nan,0,1.003187894821167,4.759963512420654,54.985477447509766,1.0058872699737549,1.0,nan,0,0,0,0,0.3600187667836142,0.0,filtered,0.04739090364361493,0,0,12,joint_4_acceleration_lower,predictive_link_2,0,0,1,solved,osqp,0.0,valid,0.01769972926807359,0.235160723|0.086740499|0.0176997293|0.075199566|0.130383718|0.133383718,0.385160723|0.236740499|0.167699729|0.225199566|0.280383718|0.283383718,0.355160723|0.206740499|0.137699729|0.195199566|0.250383718|0.253383718,0|0|0|0|0|0,0|-0.0680480861|-0.108259874|-0.100573879|-0.0700942336|0,0.0379451012|0.0464423379|0.126281806|0.153113802|0.165831982|0,0.978587992|0.325356248|0.0888208494|0.353338187|0.617272619|0.53353487,0.365379393|0.0909387916|0.462386042,-0.00661799964|0.185324654|0.0152236633,0.0032071229070425034,0.0008176229894161224,0.00086265429854393,0.001505131833255291
76,3.85,-0.030944115960393204,0.3394121527671814,0.33113229274749756,0.1718875616788864,0.3394121825695038,0.35,2,0,0,0,0,,,nan,0,1.0320886373519897,4.3115386962890625,47.01783752441406,1.035575270652771,1.0,nan,0,0,0,0,0.3600187667836142,0.0,filtered,0.014956799323937606,0,0,12,,predictive_link_2,0,0,1,solved,osqp,0.0,valid,0.019134936046871748,0.237135884|0.085882131|0.019134936|0.0784516089|0.135728464|0.138728464,0.387135884|0.235882131|0.169134936|0.228451609|0.285728464|0.288728464,0.357135884|0.205882131|0.139134936|0.198451609|0.255728464|0.258728464,0|0|0|0|0|0,0|-0.0706841847|-0.0902269225|-0.0713464265|-0.0329389494|0,0.0410572531|0.053668371|0.134571729|0.160682957|0.170335954|0,0.989600788|0.32651271|0.12088455|0.403142966|0.680310862|0.554913858,0.365048587|0.100205019|0.463147074,-0.00661799964|0.185324654|0.0152236633,0.0029685935005545616,0.0007747123017907143,0.0008412124589085579,0.0013312110677361488
77,3.9000000000000004,0.0378704683484784,0.3289891183376312,0.3006618022918701,0.17580555379390717,0.3289891481399536,0.35,2,0,0,0,0,,,nan,0,1.0872313976287842,2.853423833847046,36.06661605834961,1.0872305631637573,1.0,nan,0,0,0,0,0.3600187667836142,0.0,filtered,1.690725835508961e-06,0,0,12,,predictive_link_2,0,0,1,solved,osqp,0.0,valid,0.021887560624521823,0.239265766|0.0852780337|0.0218875606|0.0835527503|0.14315304|0.14615304,0.389265766|0.235278034|0.171887561|0.23355275|0.29315304|0.29615304,0.359265766|0.205278034|0.141887561|0.20355275|0.26315304|0.26615304,0|0|0|0|0|0,0|-0.0735379715|-0.0738265044|-0.0436919086|0.00297712493|0,0.0441336026|0.0611002646|0.141871408|0.167304019|0.174037877|0,1.00119667|0.328674428|0.155595147|0.457823111|0.749627161|0.584612159,0.364717782|0.109471247|0.463908106,-0.00661799964|0.185324654|0.0152236633,0.002959989942610264,0.0008171042427420616,0.0008235014975070953,0.0012987395748496056
78,3.95,0.09838555939172211,0.3139837086200714,0.2696377635002136,0.18168066442012787,0.313983678817749,0.35,2,0,0,0,0,,,nan,0,1.1187165975570679,2.558091402053833,33.10660171508789,1.118715524673462,1.0,nan,0,0,0,0,0.3600187667836142,0.0,filtered,1.5618400327802077e-06,0,0,12,,predictive_link_2,0,0,1,solved,osqp,0.0,valid,0.025805554622527732,0.241548527|0.0849277634|0.0258055546|0.0903538837|0.152522462|0.155522462,0.391548527|0.234927763|0.175805555|0.240353884|0.302522462|0.305522462,0.361548527|0.204927763|0.145805555|0.210353884|0.272522462|0.275522462,0|0|0|0|0|0,0|-0.0694251441|-0.0402025953|0.00570890123|0.0569984783|0,0.0471720769|0.068761594|0.148136873|0.172854496|0.176750984|0,1.01336619|0.339047504|0.211156496|0.539978932|0.843839309|0.622089847,0.364386976|0.118737474|0.464669138,-0.00661799964|0.185324654|0.0152236633,0.0031643519178032875,0.0007849764078855515,0.0007983660325407982,0.001561840996146202
79,4.0,0.15382955829768208,0.2947201430797577,0.23836879432201385,0.18967081606388092,0.2947201728820801,0.35,2,0,0,0,0,,,nan,0,1.1188828945159912,2.5541722774505615,24.081390380859375,1.1188822984695435,1.0,nan,0,0,0,0,0.3600187667836142,0.0,filtered,1.1829457494165648e-06,0,0,12,,predictive_link_2,0,0,1,solved,osqp,0.0,valid,0.03168063304970256,0.243982232|0.0852115893|0.031680633|0.0998779535|0.164669233|0.167669233,0.393982232|0.235211589|0.181680633|0.249877954|0.314669233|0.317669233,0.363982232|0.205211589|0.151680633|0.219877954|0.284669233|0.287669233,0|0|0|0|0|0,0|-0.0617548989|-0.001381265|0.0631447181|0.117437912|0,0.0501707621|0.0764755408|0.152970972|0.177263809|0.178609485|0,1.02609969|0.355566999|0.278312239|0.639920341|0.954724329|0.670676932,0.36405617|0.128003731|0.46543017,-0.00661799964|0.185324654|0.0152236633,0.003059329465031624,0.000786694698035717,0.0007813926786184311,0.0014698272570967674
80,4.05,0.18319628840446256,0.275234192609787,0.20805734395980835,0.19833369553089142,0.275234192609787,0.35,2,0,0,0,0,,,nan,0,1.0923041105270386,2.449303388595581,60.306209564208984,1.0923033952713013,1.0,nan,0,0,0,0,0.3600187667836142,0.0,filtered,1.3208643256634547e-06,0,0,12,,predictive_link_2,0,0,1,solved,osqp,0.0,valid,0.03967080585634705,0.246564854|0.0863215296|0.0396708059|0.11244409|0.179842069|0.182842059,0.396564854|0.23632153|0.189670806|0.26244409|0.329842069|0.332842059,0.366564854|0.20632153|0.159670806|0.23244409|0.299842069|0.302842059,0|0|0|0|0|0,0|-0.0575597514|0.0104955432|0.08339942|0.141664667|0,0.053127896|0.0841989132|0.156303427|0.180564139|0.179710694|0,1.03938731|0.37192528|0.325482194|0.713739918|1.04074364|0.731368237,0.363725364|0.137270048|0.466191202,-0.00661799964|0.185324654|0.0152236633,0.003386027179658413,0.0008502770215272903,0.0009762747213244438,0.001521010883152485
81,4.1000000000000005,0.20795608149157596,0.25685015320777893,0.17866340279579163,0.20712308585643768,0.25685015320777893,0.35,2,0,0,0,0,,,nan,0,1.079437494277954,2.1059041023254395,33.237239837646484,1.0794367790222168,1.0,nan,0,0,0,0,0.3600187667836142,0.0,filtered,9.876971242069497e-07,0,0,12,,workspace_z_lower,0,0,1,solved,osqp,0.0,valid,0.048333664187423214,0.24929426|0.0880401818|0.0483336642|0.126085762|0.196168484|0.199168484,0.39929426|0.238040182|0.198333664|0.276085762|0.346168484|0.349168484,0.36929426|0.208040182|0.168333664|0.246085762|0.316168484|0.319168484,0|0|0|0|0|0,0|-0.0562455755|0.0119906367|0.0907263362|0.149046361|0,0.0560418424|0.0918828084|0.158694374|0.182770594|0.179928097|0,1.05321888|0.38779796|0.364019667|0.777839977|1.1136484|0.796673937,0.363394558|0.146536365|0.466952235,-0.00661799964|0.185324654|0.0152236633,0.003490854986011982,0.0008692052215337753,0.0007891692221164703,0.001810949295759201
82,4.15,0.22227646395999856,0.2396516650915146,0.15046380460262299,0.21597273647785187,0.2396516650915146,0.35,2,0,0,0,0,,,nan,0,1.050601840019226,1.9644984006881714,34.56633377075195,1.0506017208099365,1.0,nan,0,0,0,0,0.3600187667836142,0.0,filtered,1.8982843546578777e-07,0,0,12,,workspace_z_lower,0,0,1,solved,osqp,0.0,valid,0.05712307439967859,0.252168255|0.0902104973|0.0571230744|0.140113533|0.212779413|0.215785811,0.402168255|0.240210497|0.207123074|0.290113533|0.362779413|0.365785811,0.372168255|0.210210497|0.177123074|0.260113533|0.332779413|0.335785811,0|0|0|0|0|0,0|-0.0554598385|0.012475219|0.0980110465|0.149167124|0,0.058911139|0.099556451|0.160519482|0.184030085|0.179459102|0,1.06758416|0.404938601|0.401486999|0.842495263|1.17974388|0.863143244,0.363063753|0.155802682|0.467713267,-0.00661799964|0.185324654|0.0152236633,0.002964095212519169,0.00078575499355793,0.0008109044283628464,0.001347995363175869
83,4.2,0.21750484645835938,0.22287338972091675,0.12426535785198212,0.2252846211194992,0.22287335991859436,0.35,2,0,0,0,0,,,nan,0,1.004688024520874,1.7608152627944946,20.778888702392578,1.004688024520874,1.0,nan,0,0,0,0,0.3600187667836142,0.0,passthrough,1.437677427027568e-09,0,0,12,,workspace_z_lower,0,0,1,solved,osqp,0.0,valid,0.06597272020695008,0.255184572|0.092806867|0.0659727202|0.154489888|0.229228673|0.232363622,0.405184572|0.242806867|0.21597272|0.304489888|0.379228673|0.382363622,0.375184572|0.212806867|0.18597272|0.274489888|0.349228673|0.352363622,0|0|0|0|0|0,0|-0.0500252906|0.0213600612|0.117294338|0.159298459|0,0.0617344774|0.107217844|0.161945946|0.184457678|0.178742422|0,1.08247277|0.428420021|0.447196888|0.919711567|1.25495557|0.929454487,0.362732947|0.165068999|0.468474299,-0.00661799964|0.185324654|0.0152236633,0.003463250584900379,0.0009202836081385612,0.0008233282715082169,0.0016999859362840652
84,4.25,0.18341904797058417,0.206740140914917,0.1014220267534256,0.23497606813907623,0.20674017071723938,0.35,2,0,0,0,0,,,nan,0,0.9558589458465576,2.1164023876190186,29.89288902282715,0.9561732411384583,1.0,nan,0,0,0,0,0.3600187667836142,0.0,filtered,0.00038332140543383716,0,1,12,workspace_z_lower,workspace_z_lower,0,0,1,solved,osqp,0.0,valid,0.07528459018180997,0.258340884|0.0960748539|0.0752845902|0.169778678|0.246126973|0.249477232,0.408340884|0.246074854|0.22528459|0.319778678|0.396126973|0.399477232,0.378340884|0.216074854|0.19528459|0.289778678|0.366126973|0.369477232,0|0|0|0|0|0,0|-0.0415979293|0.0288935848|0.132251244|0.170138796|0,0.0645107022|0.114736541|0.162926575|0.184206543|0.177656014|0,1.09787424|0.457438028|0.492958521|0.995572497|1.3323027|0.997908926,0.362402141|0.174335316|0.469235331,-0.00661799964|0.185324654|0.0152236633,0.003086472861468792,0.0007852315902709961,0.0008144471794366837,0.0014666933566331863
85,4.3,0.06489874103646032,0.19237913191318512,0.08620963245630264,0.2443150132894516,0.1923791766166687,0.35,2,0,0,0,0,,,nan,0,0.7938957214355469,4.100028038024902,54.12751770019531,0.8864889144897461,1.0,nan,0,0,0,0,0.3600187667836142,0.0,filtered,0.11290124823606051,0,0,12,,workspace_z_lower,0,0,1,solved,osqp,1.055957222773074e-07,valid,0.08497606739043825,0.261634809|0.100143547|0.0849760674|0.185731978|0.263471644|0.26710912,0.411634809|0.250143547|0.234976067|0.335731978|0.413471644|0.41710912,0.381634809|0.220143547|0.204976067|0.305731978|0.383471644|0.38710912,0|0|0|0|0|0,0|-0.0306239483|0.0218175157|0.109604901|0.140818808|0,0.0672388078|0.121906036|0.16357696|0.183440449|0.176394192|0,1.11377805|0.491856277|0.525298746|1.03597326|1.37109958|1.06843648,0.362071335|0.183601633|0.469996363,-0.00661799964|0.185324654|0.0152236633,0.0029705362394452095,0.0007947767153382301,0.0008270125836133957,0.0013277828693389893
86,4.3500000000000005,-0.0704952209277096,0.18083570897579193,0.07924551516771317,0.25238701701164246,0.18083573877811432,0.35,2,0,0,0,0,,,nan,0,0.6458979249000549,4.953705310821533,67.2497329711914,0.7518444061279297,1.0,nan,0,0,0,0,0.3600187667836142,0.0,filtered,0.13959280607678454,0,1,12,workspace_z_lower|joint_5_acceleration_lower,workspace_z_lower,0,0,1,solved,osqp,1.661732307312036e-09,valid,0.09431501653683252,0.26506392|0.105027139|0.0943150165|0.20046757|0.279297774|0.283284259,0.41506392|0.255027139|0.244315017|0.35046757|0.429297774|0.433284259,0.38506392|0.225027139|0.214315017|0.32046757|0.399297774|0.403284259,0|0|0|0|0|0,0|-0.031262882|-0.00375798339|0.0546471073|0.0783629709|0,0.0699179352|0.128001493|0.164097923|0.182484892|0.175327207|0,1.13017361|0.516847167|0.537600006|1.03900228|1.37088127|1.13313704,0.36174053|0.19286795|0.470757395,-0.00661799964|0.185324654|0.0152236633,0.005017068237066269,0.0015013311058282852,0.0014027468860149384,0.0020789364352822304
87,4.4,-0.17951193668419158,0.17122964560985565,0.0789005383849144,0.2595446705818176,0.17122964560985565,0.35,2,0,0,0,0,,,nan,0,0.5914686918258667,4.518056392669678,34.72926712036133,0.6705757975578308,1.0,nan,0,0,0,0,0.3600187667836142,0.0,filtered,0.10757200783858697,0,0,12,,workspace_z_lower,0,0,1,solved,osqp,1.5062610725369296e-07,valid,0.1023870380582447,0.268625748|0.110073464|0.102387038|0.212358341|0.291940919|0.29631633,0.418625748|0.260073464|0.252387038|0.362358341|0.441940919|0.44631633,0.388625748|0.230073464|0.222387038|0.332358341|0.411940919|0.41631633,0|0|0|0|0|0,0|-0.0313852673|-0.0225209483|0.00669156671|0.0250469155|0,0.0725473685|0.13304628|0.164861953|0.181461334|0.17433904|0,1.14705036|0.541954867|0.551889157|1.03758626|1.36714963|1.18526532,0.361409724|0.202134266|0.471518427,-0.00661799964|0.185324654|0.0152236633,0.003292577341198921,0.0007800096645951271,0.0011373236775398254,0.0013560065999627113
88,4.45,-0.21406638984102755,0.16197001934051514,0.08100128173828125,0.26687338948249817,0.16197000443935394,0.35,2,0,0,0,0,,,nan,0,0.5849711298942566,3.4067211151123047,74.24054718017578,0.6228837370872498,1.0,nan,0,0,0,0,0.3600187667836142,0.0,filtered,0.06321097452500213,0,1,12,workspace_z_lower,workspace_z_lower,0,0,1,solved,osqp,9.467069017610186e-08,valid,0.10954466813556277,0.272317795|0.115288176|0.109544668|0.221761817|0.301846763|0.306692958,0.422317795|0.265288176|0.259544668|0.371761817|0.451846763|0.456692958,0.392317795|0.235288176|0.229544668|0.341761817|0.421846763|0.426692958,0|0|0|0|0|0,0|-0.0228074709|-0.0196950102|-0.00418288391|0.0121327021|0,0.075126529|0.137036692|0.16572367|0.180512484|0.17356891|0,1.16439771|0.575381924|0.584207332|1.06337687|1.39308866|1.22677183,0.361078918|0.211400583|0.472279459,-0.00661799964|0.185324654|0.0152236633,0.0033844206482172012,0.0009618932381272316,0.0008131405338644981,0.0015884358435869217
89,4.5,-0.1873205696994144,0.15209221839904785,0.08214126527309418,0.2752186059951782,0.15209221839904785,0.35,2,0,0,0,0,,,nan,0,0.5503681898117065,3.4846415519714355,60.17258071899414,0.57301265001297,1.0,nan,0,0,0,0,0.3600187667836142,0.0,filtered,0.04409628232839806,0,1,12,workspace_z_lower,workspace_z_lower,0,0,1,solved,osqp,7.412719466026729e-08,valid,0.11687339136224903,0.276137534|0.121098767|0.116873391|0.230556576|0.311036429|0.316557643,0.426137534|0.271098767|0.266873391|0.380556576|0.461036429|0.466557643,0.396137534|0.241098767|0.236873391|0.350556576|0.431036429|0.436557643,0|0|0|0|0|0,0|-0.00791059011|0.000282089733|0.0214627654|0.0350755626|0,0.077654971|0.14016119|0.166364782|0.179769085|0.173268727|0,1.18220511|0.61664567|0.634140437|1.12345815|1.45249|1.26623057,0.360748112|0.2206669|0.473040491,-0.00661799964|0.185324654|0.0152236633,0.003266364336013794,0.000943012535572052,0.0008604340255260468,0.0014335950836539268
90,4.55,-0.1364265316180031,0.141688272356987,0.08103535324335098,0.2846849262714386,0.141688272356987,0.35,2,0,0,0,0,,,nan,0,0.4956876039505005,3.887439727783203,35.55915451049805,0.4956873059272766,1.0,nan,0,0,0,0,0.3600187667836142,0.0,filtered,3.3716570890820274e-07,0,0,12,,workspace_z_lower,0,0,1,solved,osqp,0.0,valid,0.1252186039019765,0.280082422|0.127804333|0.125218604|0.240594574|0.32135094|0.327694983,0.430082422|0.277804333|0.275218604|0.390594574|0.47135094|0.477694983,0.400082422|0.247804333|0.245218604|0.360594574|0.44135094|0.447694983,0|0|0|0|0|0,0|0.00969313219|0.0228949326|0.0504515263|0.0594781689|0,0.0801323756|0.142795057|0.166640137|0.179279563|0.173412967|0,1.20046206|0.663705519|0.690409485|1.19210938|1.5182949|1.31077993,0.360417306|0.229933217|0.473801523,-0.00661799964|0.185324654|0.0152236633,0.0032237814739346504,0.0009443741291761398,0.0008530067279934883,0.0014042435213923454
91,4.6000000000000005,-0.09933940664288209,0.13245083391666412,0.0784701481461525,0.2937653660774231,0.13245081901550293,0.35,1,0,0,0,0,,,nan,0,0.4751370847225189,2.7333791255950928,37.3795166015625,0.4751370847225189,1.0,nan,0,0,0,0,0.3600187667836142,0.0,passthrough,1.1134807889374606e-09,0,0,12,,workspace_z_lower,0,0,1,solved,osqp,0.0,valid,0.1346849172653407,0.284149901|0.135504824|0.134684917|0.252061547|0.332921503|0.340041498,0.434149901|0.285504824|0.284684917|0.402061547|0.482921503|0.490041498,0.404149901|0.255504824|0.254684917|0.372061547|0.452921503|0.460041498,0|0|0|0|0|0,0|0.0195751095|0.0307303863|0.0517962248|0.0565038911|0,0.0825585439|0.144890393|0.16650826|0.179134984|0.173953232|0,1.21915815|0.706484797|0.735978315|1.2391774|1.56214314|1.36016599,0.360086501|0.239199534|0.474562556,-0.00661799964|0.185324654|0.0152236633,0.0033173616975545883,0.0008572153747081757,0.0009959917515516281,0.0014430945739150047
92,4.65,-0.0880575478750815,0.12448641657829285,0.07578542083501816,0.30218690633773804,0.12448643147945404,0.35,1,0,0,0,0,,,nan,0,0.47400903701782227,2.0232717990875244,38.34315490722656,0.47400903701782227,1.0,nan,0,0,0,0,0.3600187667836142,0.0,passthrough,1.1458717013839334e-09,0,0,12,,workspace_z_lower,0,0,1,solved,osqp,0.0,valid,0.14376536747349733,0.288337407|0.143765367|0.144517234|0.263599176|0.344402057|0.352227885,0.438337407|0.293765367|0.294517234|0.413599176|0.494402057|0.502227885,0.408337407|0.263765367|0.264517234|0.383599176|0.464402057|0.472227885,0|0|0|0|0|0,0|0.0215692102|0.0317298656|0.0515792222|0.0537786174|0,0.0849333919|0.146358222|0.166123825|0.17930203|0.174798642|0,1.23828302|0.742988902|0.775922628|1.28527796|1.60618549|1.40891154,0.359755695|0.248465851|0.475323588,-0.00661799964|0.185324654|0.0152236633,0.004661816172301769,0.001469912938773632,0.0012006023898720741,0.0019429810345172882
93,4.7,-0.09733637675294227,0.11717528104782104,0.07405658811330795,0.3104752004146576,0.11717528104782104,0.35,1,0,0,0,0,,,nan,0,0.4865223467350006,1.7644495964050293,20.77977180480957,0.4865223467350006,1.0,nan,0,0,0,0,0.3600187667836142,0.0,passthrough,1.2213122744099689e-09,0,0,12,,workspace_z_lower,0,0,1,solved,osqp,0.0,valid,0.15218691595461498,0.292642301|0.152186916|0.154375226|0.275137482|0.355805708|0.364215942,0.442642301|0.302186916|0.304375226|0.425137482|0.505805708|0.514215942,0.412642301|0.272186916|0.274375226|0.395137482|0.475805708|0.484215942,0|0|0|0|0|0,0|0.0177663043|0.0246036562|0.0380640385|0.0382626922|0,0.0872569009|0.147614751|0.165679014|0.179534757|0.175627318|0,1.25782611|0.77412872|0.807783573|1.31814872|1.63711284|1.45686377,0.359424889|0.257732004|0.47608462,-0.00661799964|0.185324654|0.0152236633,0.00483329314738512,0.0014272667467594147,0.0013197911903262138,0.002054300159215927
94,4.75,-0.1198364356036085,0.11059354990720749,0.07395356148481369,0.3184601664543152,0.11059355735778809,0.35,1,0,0,0,0,,,nan,0,0.49239128828048706,1.2613742351531982,36.22382354736328,0.49239128828048706,1.0,nan,0,0,0,0,0.3600187667836142,0.0,passthrough,1.241351955005532e-09,0,0,12,,workspace_z_lower,0,0,1,solved,osqp,0.0,valid,0.16047519618934925,0.297062084|0.160475196|0.163860682|0.28601211|0.366494651|0.375390606,0.447062084|0.310475196|0.313860682|0.43601211|0.516494651|0.525390606,0.417062084|0.280475196|0.283860682|0.40601211|0.486494651|0.495390606,0|0|0|0|0|0,0|0.0106814422|0.0125673305|0.0136385304|0.0124778467|0,0.089529234|0.148739635|0.165311132|0.179741029|0.176119481|0,1.27777757|0.801321862|0.833321192|1.337428|1.65457593|1.50156242,0.359094083|0.266998142|0.476845652,-0.00661799964|0.185324654|0.0152236633,0.004707167856395245,0.0014328975230455399,0.0013688048347830772,0.0018730154260993004
95,4.800000000000001,-0.14802091895290181,0.10461239516735077,0.07571360468864441,0.3262082040309906,0.10461241006851196,0.35,1,0,0,0,0,,,nan,0,0.5003047585487366,1.6206364631652832,22.009950637817383,0.5003047585487366,1.0,nan,0,0,0,0,0.3600187667836142,0.0,passthrough,1.2168676086735365e-09,0,0,12,,workspace_z_lower,0,0,1,solved,osqp,0.0,valid,0.1684601626270027,0.301594207|0.168460163|0.172736241|0.295674885|0.375917986|0.385319005,0.451594207|0.318460163|0.322736241|0.445674885|0.525917986|0.535319005,0.421594207|0.288460163|0.292736241|0.415674885|0.495917986|0.505319005,0|0|0|0|0|0,0|0.00493019443|0.00378246812|-0.00354016694|-0.0056152493|0,0.0917506122|0.149722476|0.16509018|0.179885337|0.176497086|0,1.29812744|0.828493321|0.859817612|1.35904471|1.67455378|1.54127602,0.358763278|0.27626428|0.477606684,-0.00661799964|0.185324654|0.0152236633,0.004729233682155609,0.0013956837356090546,0.001378629356622696,0.0019238609820604324
96,4.8500000000000005,-0.17213209049226663,0.09922405332326889,0.0790587067604065,0.333644300699234,0.09922407567501068,0.35,1,0,0,0,0,,,nan,0,0.5111128091812134,1.3987195491790771,10.77000904083252,0.5137664079666138,1.0,nan,0,0,0,0,0.3600187667836142,0.0,filtered,0.012518491148531338,0,1,12,workspace_z_lower,workspace_z_lower,0,0,1,solved,osqp,1.8531465861837404e-08,valid,0.17620821281717358,0.30623613|0.176208213|0.181170415|0.30448135|0.384449436|0.39440983,0.45623613|0.326208213|0.331170415|0.45448135|0.534449436|0.54440983,0.42623613|0.296208213|0.301170415|0.42448135|0.504449436|0.51440983,0|0|0|0|0|0,0|-0.00226730221|-0.00715045697|-0.0262876447|-0.0296620261|0,0.0939213392|0.150670413|0.165016389|0.179917942|0.176727281|0,1.31886586|0.853235962|0.882547593|1.3715557|1.684863|1.57763932,0.358432472|0.285530418|0.478367716,-0.00661799964|0.185324654|0.0152236633,0.004600632935762405,0.0011834120377898216,0.0014044838026165962,0.0019819606095552444
97,4.9,-0.17064642518605325,0.09423688799142838,0.08254295587539673,0.3409632444381714,0.09423688799142838,0.35,1,0,0,0,0,,,nan,0,0.5107395052909851,0.8147023320198059,21.52985954284668,0.5183214545249939,1.0,nan,0,0,0,0,0.3600187667836142,0.0,filtered,0.038396762503962935,0,1,12,workspace_z_lower,workspace_z_lower,0,0,1,solved,osqp,7.020967836279812e-08,valid,0.18364432571195333,0.31098533|0.183644326|0.189063142|0.312152379|0.391788314|0.402392171,0.46098533|0.333644326|0.339063142|0.462152379|0.541788314|0.552392171,0.43098533|0.303644326|0.309063142|0.432152379|0.511788314|0.522392171,0|0|0|0|0|0,0|-0.00544599923|-0.0120344958|-0.0376758966|-0.0420123257|0,0.0960417991|0.15155096|0.165111325|0.179880996|0.176855084|0,1.33998312|0.880682264|0.909329397|1.39081462|1.70199601|1.60956868,0.358101666|0.294796556|0.479128748,-0.00661799964|0.185324654|0.0152236633,0.004567328840494156,0.0015492122620344162,0.0011800574138760567,0.0018082503229379654
98,4.95,-0.15904610591410884,0.08952151238918304,0.08558975905179977,0.3483196198940277,0.08952151238918304,0.35,1,0,0,0,0,,,nan,0,0.4957485795021057,0.556081235408783,15.092537879943848,0.5024311542510986,1.0,nan,0,0,0,0,0.3600187667836142,0.0,filtered,0.03889208388436041,0,1,12,workspace_z_lower,workspace_z_lower,0,0,1,solved,osqp,6.977847238909263e-08,valid,0.19096324591049796,0.315839304|0.190963246|0.196718493|0.319256331|0.398519495|0.40983934,0.465839304|0.340963246|0.346718493|0.469256331|0.548519495|0.55983934,0.435839304|0.310963246|0.316718493|0.439256331|0.518519495|0.52983934,0|0|0|0|0|0,0|-0.00545191884|-0.0116830326|-0.0366941593|-0.0413354178|0,0.098112449|0.152325619|0.165250387|0.179866384|0.176999809|0,1.36146967|0.910726684|0.940441327|1.42019755|1.72974237|1.63935736,0.35777086|0.304062694|0.47988978,-0.00661799964|0.185324654|0.0152236633,0.004655679687857628,0.0015267934650182724,0.0013666758313775063,0.0017320085316896439
99,5.0,-0.14422563443100103,0.08502713590860367,0.08801517635583878,0.3557775914669037,0.08502715080976486,0.35,1,0,0,0,0,,,nan,0,0.47435271739959717,0.690250039100647,10.058510780334473,0.47831955552101135,1.0,nan,0,0,0,0,0.3600187667836142,0.0,filtered,0.028052987888568963,0,1,12,workspace_z_lower,workspace_z_lower,0,0,1,solved,osqp,4.8175811902251287e-08,valid,0.19831960860322884,0.320795576|0.198319609|0.204398073|0.326410526|0.405293743|0.417345622,0.470795576|0.348319609|0.354398073|0.476410526|0.555293743|0.567345622,0.440795576|0.318319609|0.324398073|0.446410526|0.525293743|0.537345622,0|0|0|0|0|0,0|-0.0041504851|-0.0092311946|-0.0306561356|-0.0352751674|0,0.100133813|0.153065788|0.16538036|0.17987831|0.177172307|0,1.38331612|0.942193738|0.973741459|1.45486428|1.76307211|1.66938249,0.357440054|0.313328832|0.480650812,-0.00661799964|0.185324654|0.0152236633,0.0044997623190283775,0.0014745788648724556,0.0011659488081932068,0.0018284814432263374
100,5.050000000000001,-0.13284936199304895,0.08076553046703339,0.09000664949417114,0.3633049726486206,0.08076553046703339,0.35,1,0,0,0,0,,,nan,0,0.4534394443035126,0.5909410119056702,6.017728805541992,0.45628055930137634,1.0,nan,0,0,0,0,0.3600187667836142,0.0,filtered,0.023633643300465402,0,1,12,workspace_z_lower,workspace_z_lower,0,0,1,solved,osqp,3.9365475858199606e-08,valid,0.20577762104709463,0.325851695|0.205777621|0.212205683|0.333868142|0.412381218|0.425150219,0.475851695|0.355777621|0.362205683|0.483868142|0.562381218|0.575150219,0.445851695|0.325777621|0.332205683|0.453868142|0.532381218|0.545150219,0|0|0|0|0|0,0|-0.00348670168|-0.00782122051|-0.0270154158|-0.0316591386|0,0.102106474|0.153799541|0.165481151|0.179915679|0.177372078|0,1.40551325|0.973423324|1.00648266|1.48837283|1.79523781|1.70060088,0.357109249|0.32259497|0.481411844,-0.00661799964|0.185324654|0.0152236633,0.0037520360201597214,0.001142207533121109,0.0009421464055776596,0.0016364548355340958
101,5.1000000000000005,-0.12503716910134022,0.07675221562385559,0.09175223857164383,0.3708533048629761,0.07675222307443619,0.35,1,0,0,0,0,,,nan,0,0.4340454041957855,0.5234836935997009,4.539953231811523,0.4369576573371887,1.0,nan,0,0,0,0,0.3600187667836142,0.0,filtered,0.026573493346788418,0,1,12,workspace_z_lower,workspace_z_lower,0,0,1,solved,osqp,4.333270210363227e-08,valid,0.2133049652971274,0.331005241|0.213304965|0.22008808|0.341510505|0.419661139|0.433137109,0.481005241|0.363304965|0.37008808|0.491510505|0.569661139|0.583137109,0.451005241|0.333304965|0.34008808|0.461510505|0.539661139|0.553137109,0|0|0|0|0|0,0|-0.00378446236|-0.00784744294|-0.0264016595|-0.0311922988|0,0.104031072|0.154516388|0.165563235|0.179972536|0.177588852|0,1.42805204|1.00395179|1.03806811|1.5196129|1.82504111|1.73254844,0.356778443|0.331861109|0.482172877,-0.00661799964|0.185324654|0.0152236633,0.002910192124545574,0.0007714349776506424,0.0008331360295414925,0.0012861071154475212
102,5.15,-0.11885841168814296,0.07297875732183456,0.09333181381225586,0.3784116506576538,0.07297874987125397,0.35,1,0,0,0,0,,,nan,0,0.4189606308937073,0.5064098834991455,3.6865711212158203,0.4221748113632202,1.0,nan,0,0,0,0,0.3600187667836142,0.0,filtered,0.031230746526186518,0,1,12,workspace_z_lower,workspace_z_lower,0,0,1,solved,osqp,4.962725272394941e-08,valid,0.22085330637218992,0.33625383|0.220853306|0.227973742|0.349187431|0.426976553|0.441161043,0.48625383|0.370853306|0.377973742|0.499187431|0.576976553|0.591161043,0.45625383|0.340853306|0.347973742|0.469187431|0.546976553|0.561161043,0|0|0|0|0|0,0|-0.00428561646|-0.00822683395|-0.0267250013|-0.0317022612|0,0.105908293|0.155218207|0.165650343|0.180039317|0.177808244|0,1.45092361|1.03434582|1.06931848|1.55006404|1.85401219|1.76464417,0.356447637|0.341127247|0.482933909,-0.00661799964|0.185324654|0.0152236633,0.0029543135315179825,0.0007796734571456909,0.0008410410955548286,0.0013123350217938423
103,5.2,-0.11330020751969568,0.06943349540233612,0.09476972371339798,0.3859747052192688,0.06943348050117493,0.35,1,0,0,0,0,,,nan,0,0.4079134166240692,0.4661848247051239,2.0816380977630615,0.41178351640701294,1.0,nan,0,0,0,0,0.3600187667836142,0.0,filtered,0.038322344487986874,0,1,12,workspace_z_lower,workspace_z_lower,0,0,1,solved,osqp,5.9050665876178576e-08,valid,0.22841163487417004,0.341595109|0.228411635|0.235845368|0.356852359|0.434278549|0.44918754,0.491595109|0.378411635|0.385845368|0.506852359|0.584278549|0.59918754,0.461595109|0.348411635|0.355845368|0.476852359|0.554278549|0.56918754,0|0|0|0|0|0,0|-0.00488159898|-0.00873775792|-0.0272694533|-0.0324698516|0,0.107738864|0.155900973|0.16574524|0.180112517|0.178026542|0,1.4741193|1.06466591|1.10038895|1.5802525|1.88267089|1.79675016,0.356116831|0.350393385|0.483694941,-0.00661799964|0.185324654|0.0152236633,0.0029291752725839615,0.0008146697655320168,0.000796792097389698,0.0012986492365598679
104,5.25,-0.10787768851173751,0.06609984487295151,0.09606415033340454,0.39354926347732544,0.0660998523235321,0.35,1,0,0,0,0,,,nan,0,0.3981459140777588,0.4639236629009247,0.8796724677085876,0.40234020352363586,1.0,nan,0,0,0,0,0.3600187667836142,0.0,filtered,0.042773433658884766,0,1,12,workspace_z_lower,workspace_z_lower,0,0,1,solved,osqp,6.352453503499778e-08,valid,0.23597467738310896,0.347026765|0.235974677|0.243697154|0.364494352|0.44155364|0.457214188,0.497026765|0.385974677|0.393697154|0.514494352|0.59155364|0.607214188,0.467026765|0.355974677|0.363697154|0.484494352|0.56155364|0.577214188,0|0|0|0|0|0,0|-0.00533297953|-0.00905199633|-0.0273840025|-0.0327790341|0,0.109523554|0.156572696|0.165855116|0.180187464|0.178238711|0,1.49763061|1.09513843|1.13159174|1.61078087|1.91167424|1.82885675,0.355786026|0.359659523|0.484455973,-0.00661799964|0.185324654|0.0152236633,0.0031044939532876015,0.0008120499551296234,0.0009190738201141357,0.001352975144982338
105,5.300000000000001,-0.1027535068220595,0.0629614070057869,0.09722339361906052,0.4011456370353699,0.06296141445636749,0.35,1,0,0,0,0,,,nan,0,0.3890865445137024,0.4576476812362671,1.275389552116394,0.39342164993286133,1.0,nan,0,0,0,0,0.3600187667836142,0.0,filtered,0.04563026580705825,0,1,12,workspace_z_lower,workspace_z_lower,0,0,1,solved,osqp,6.530621420898497e-08,valid,0.24354926003011246,0.352546525|0.24354926|0.251539701|0.37213478|0.448824239|0.465264947,0.502546525|0.39354926|0.401539701|0.52213478|0.598824239|0.615264947,0.472546525|0.36354926|0.371539701|0.49213478|0.568824239|0.585264947,0|0|0|0|0|0,0|-0.00556723375|-0.00909397342|-0.0270142888|-0.0325419076|0,0.111263159|0.157238001|0.16598018|0.180262547|0.178443084|0,1.52144926|1.12586781|1.16304501|1.64178738|1.94119813|1.86105979,0.35545522|0.368925661|0.485217005,-0.00661799964|0.185324654|0.0152236633,0.0030510928481817245,0.0009227162227034569,0.0007720403373241425,0.001336377114057541
106,5.3500000000000005,-0.09834430827559049,0.060007963329553604,0.09827850759029388,0.40876203775405884,0.0600079670548439,0.35,1,0,0,0,0,,,nan,0,0.3864579498767853,0.5192624926567078,3.2835588455200195,0.3908693492412567,1.0,nan,0,0,0,0,0.3600187667836142,0.0,filtered,0.048140663141922016,0,1,12,workspace_z_lower,workspace_z_lower,0,0,1,solved,osqp,6.6398129348888e-08,valid,0.25114565405233913,0.358152154|0.251145654|0.259387005|0.379797742|0.45611733|0.473362192,0.508152154|0.401145654|0.409387005|0.529797742|0.60611733|0.623362192,0.478152154|0.371145654|0.379387005|0.499797742|0.57611733|0.593362192,0|0|0|0|0|0,0|-0.00582427506|-0.00921185886|-0.0269966028|-0.0326876485|0,0.112958504|0.157894443|0.166114479|0.180338298|0.178640753|0,1.54556712|1.15665278|1.19445064|1.67253266|1.97042243|1.89344877,0.355124414|0.378191799|0.485978037,-0.00661799964|0.185324654|0.0152236633,0.003307693637907505,0.0010694758966565132,0.0009282128885388374,0.0012889746576547623
107,5.4,-0.0941452109290249,0.057227954268455505,0.09923336654901505,0.4164016842842102,0.057227957993745804,0.35,1,0,0,0,0,,,nan,0,0.38855382800102234,0.5939135551452637,2.2369089126586914,0.3927997946739197,1.0,nan,0,0,0,0,0.3600187667836142,0.0,filtered,0.04905202780346813,0,1,12,workspace_z_lower,workspace_z_lower,0,0,1,solved,osqp,6.513979856036245e-08,valid,0.2587620298152049,0.363841462|0.25876203|0.26723559|0.387465621|0.463413323|0.481505509,0.513841462|0.40876203|0.41723559|0.537465621|0.613413323|0.631505509,0.483841462|0.37876203|0.38723559|0.507465621|0.583413323|0.601505509,0|0|0|0|0|0,0|-0.00600079081|-0.00923891389|-0.026846811|-0.0326937294|0,0.114610439|0.15853695|0.166255826|0.180413925|0.178832135|0,1.56997629|1.18758428|1.22595927|1.7034296|1.9997917|1.92602204,0.354793608|0.387457937|0.486739069,-0.00661799964|0.185324654|0.0152236633,0.0029618246480822563,0.0008389698341488838,0.0008006924763321877,0.0013030292466282845
108,5.45,-0.08941046960978243,0.054608091711997986,0.10005243122577667,0.4240756034851074,0.05460808426141739,0.35,1,0,0,0,0,,,nan,0,0.39168205857276917,0.6183504462242126,1.3933550119400024,0.39556771516799927,1.0,nan,0,0,0,0,0.3600187667836142,0.0,filtered,0.04832340420553883,0,1,12,workspace_z_lower,workspace_z_lower,0,0,1,solved,osqp,6.174373832698588e-08,valid,0.2664016729398305,0.369612297|0.266401673|0.275090244|0.395144887|0.470718749|0.489713835,0.519612297|0.416401673|0.425090244|0.545144887|0.620718749|0.639713835,0.489612297|0.386401673|0.395090244|0.515144887|0.590718749|0.609713835,0|0|0|0|0|0,0|-0.00594708586|-0.00894888346|-0.0259007922|-0.0318428114|0,0.11621983|0.159164952|0.166402262|0.180488872|0.179017418|0,1.59466902|1.21882456|1.25781436|1.73516763|2.0300496|1.95885534,0.354462802|0.396724075|0.487500101,-0.00661799964|0.185324654|0.0152236633,0.002897399477660656,0.0008246134966611862,0.0007840385660529137,0.001269153319299221
109,5.5,-0.08540850167778828,0.05214390903711319,0.10076949745416641,0.43177080154418945,0.05214390903711319,0.35,1,0,0,0,0,,,nan,0,0.39125359058380127,0.6958253383636475,3.54113507270813,0.3950180113315582,1.0,nan,0,0,0,0,0.3600187667836142,0.0,filtered,0.048691191219305395,0,1,12,workspace_z_lower,workspace_z_lower,0,0,1,solved,osqp,5.974485582475875e-08,valid,0.27407556052794135,0.375462556|0.274075561|0.282967094|0.402875227|0.478076104|0.498029968,0.525462556|0.424075561|0.432967094|0.552875227|0.628076104|0.648029968,0.495462556|0.394075561|0.402967094|0.522875227|0.598076104|0.618029968,0|0|0|0|0|0,0|-0.00615378805|-0.00902137849|-0.0257624676|-0.0317898524|0,0.117787557|0.159785398|0.166554077|0.180562504|0.179195573|0,1.61963778|1.24993385|1.28940107|1.76630094|2.05971014|1.99211987,0.354131997|0.405990213|0.488261133,-0.00661799964|0.185324654|0.0152236633,0.0031410297378897667,0.0009390190243721008,0.0007866984233260155,0.0013879798352718353
110,5.550000000000001,-0.08246709420018333,0.049830060452222824,0.1014358401298523,0.439475417137146,0.04983005300164223,0.35,1,0,0,0,0,,,nan,0,0.392984002828598,0.8025351166725159,2.738152503967285,0.39654541015625,1.0,nan,0,0,0,0,0.3600187667836142,0.0,filtered,0.048355965529627815,0,1,12,workspace_z_lower,workspace_z_lower,0,0,1,solved,osqp,5.696246662984655e-08,valid,0.2817708001385959,0.381390179|0.2817708|0.290848959|0.410616178|0.485445104|0.506402113,0.531390179|0.4317708|0.440848959|0.560616178|0.635445104|0.656402113,0.501390179|0.4017708|0.410848959|0.530616178|0.605445104|0.626402113,0|0|0|0|0|0,0|-0.00660078134|-0.00944265503|-0.0265791914|-0.03268438|0,0.119314514|0.160406726|0.166725224|0.180632885|0.179361073|0,1.64487523|1.28088915|1.32067841|1.7965184|2.08845711|2.02560845,0.353801191|0.415256351|0.489022166,-0.00661799964|0.185324654|0.0152236633,0.0029351450502872467,0.0007909098640084267,0.0008345162495970726,0.0012882640585303307
111,5.6000000000000005,-0.08073103546047636,0.0476619154214859,0.10211022198200226,0.4471733570098877,0.0476619116961956,0.35,1,0,0,0,0,,,nan,0,0.4015905559062958,0.8789302706718445,2.3058717250823975,0.40508466958999634,1.0,nan,0,0,0,0,0.3600187667836142,0.0,filtered,0.04926261547183847,0,1,12,workspace_z_lower,workspace_z_lower,0,0,1,solved,osqp,5.5773229013476866e-08,valid,0.28947538090022307,0.387393147|0.289475381|0.298719539|0.418319836|0.492777764|0.514779996,0.537393147|0.439475381|0.448719539|0.568319836|0.642777764|0.664779996,0.507393147|0.409475381|0.418719539|0.538319836|0.612777764|0.634779996,0|0|0|0|0|0,0|-0.00736337901|-0.0103094388|-0.0286545291|-0.0349065235|0,0.120801601|0.161027504|0.166921476|0.180699718|0.179512069|0,1.67037419|1.31156565|1.35149019|1.82532453|2.1157166|2.05911999,0.353470385|0.424522489|0.489783198,-0.00661799964|0.185324654|0.0152236633,0.0031615598127245903,0.0010031135752797127,0.0007794946432113647,0.0013543693348765373
112,5.65,-0.07990660253539314,0.0456332266330719,0.10283481329679489,0.45485275983810425,0.0456332303583622,0.35,1,0,0,0,0,,,nan,0,0.4148007035255432,0.898524284362793,1.096977710723877,0.41819971799850464,1.0,nan,0,0,0,0,0.3600187667836142,0.0,filtered,0.05006324428049598,0,1,12,workspace_z_lower,workspace_z_lower,0,0,1,solved,osqp,5.446441922506498e-08,valid,0.2971733393193763,0.393469492|0.297173339|0.306557906|0.425922957|0.500006768|0.523103961,0.543469492|0.447173339|0.456557906|0.575922957|0.650006768|0.673103961,0.513469492|0.417173339|0.426557906|0.545922957|0.620006768|0.643103961,0|0|0|0|0|0,0|-0.0083614185|-0.0115007544|-0.0316854423|-0.0381432394|0,0.122249721|0.161644972|0.167149065|0.180761927|0.179647118|0,1.69612769|1.34197691|1.38187993|1.85276831|2.14153095|2.09241584,0.353139579|0.433788627|0.49054423,-0.00661799964|0.185324654|0.0152236633,0.004533962346613407,0.0013712048530578613,0.0011871755123138428,0.001945173367857933
113,5.7,-0.07978062752395981,0.043735165148973465,0.10363937169313431,0.46251189708709717,0.04373516887426376,0.35,1,0,0,0,0,,,nan,0,0.43098440766334534,0.9009578824043274,1.552091360092163,0.43438637256622314,1.0,nan,0,0,0,0,0.3600187667836142,0.0,filtered,0.051655637424067424,0,1,12,workspace_z_lower,workspace_z_lower,0,0,1,solved,osqp,5.423974025345682e-08,valid,0.3048527474674101,0.399617286|0.304852747|0.314349538|0.433377544|0.507080545|0.531322344,0.549617286|0.454852747|0.464349538|0.583377544|0.657080545|0.681322344,0.519617286|0.424852747|0.434349538|0.553377544|0.627080545|0.651322344,0|0|0|0|0|0,0|-0.00938398266|-0.0127310136|-0.0349520458|-0.0415750228|0,0.123659782|0.162259186|0.167414359|0.180818438|0.17976467|0,1.72212893|1.37228619|1.4120815|1.87937657|2.16651183|2.12528938,0.352808774|0.443054765|0.491305262,-0.00661799964|0.185324654|0.0152236633,0.004162730649113655,0.001441027969121933,0.0012144790962338448,0.0014720577746629715
114,5.75,-0.08072539199533355,0.04196227341890335,0.10457397997379303,0.4701364040374756,0.041962265968322754,0.35,1,0,0,0,0,,,nan,0,0.4457959532737732,0.8290654420852661,2.8885085582733154,0.45016932487487793,1.0,nan,0,0,0,0,0.3600187667836142,0.0,filtered,0.06041826208535662,0,1,12,workspace_z_lower,workspace_z_lower,0,0,1,solved,osqp,6.180931051203743e-08,valid,0.3125118991951943,0.405834651|0.312511899|0.322093993|0.440671529|0.513988397|0.53941551,0.555834651|0.462511899|0.472093993|0.590671529|0.663988397|0.68941551,0.525834651|0.432511899|0.442093993|0.560671529|0.633988397|0.65941551,0|0|0|0|0|0,0|-0.0106886558|-0.0143398563|-0.03929247|-0.0461511091|0,0.125032689|0.1628657|0.167713608|0.180870188|0.179866336|0,1.74837129|1.40222464|1.44174972|1.90426383|2.18966882|2.15766204,0.352477968|0.452320904|0.492066294,-0.00661799964|0.185324654|0.0152236633,0.003865920938551426,0.0007980326190590858,0.0011622859165072441,0.0018856124952435493
115,5.800000000000001,-0.08377459383937436,0.04031159356236458,0.10574283450841904,0.4776989817619324,0.04031159728765488,0.35,1,0,0,0,0,,,nan,0,0.46084704995155334,0.7779752612113953,2.9474048614501953,0.4665851593017578,1.0,nan,0,0,0,0,0.3600187667836142,0.0,filtered,0.07110631652802804,0,1,12,workspace_z_lower,workspace_z_lower,0,0,1,solved,osqp,7.100820761333365e-08,valid,0.3201363697174886,0.41211975|0.32013637|0.329774122|0.44775089|0.52067221|0.547311819,0.56211975|0.47013637|0.479774122|0.59775089|0.67067221|0.697311819,0.53211975|0.44013637|0.449774122|0.56775089|0.64067221|0.667311819,0|0|0|0|0|0,0|-0.0125273083|-0.01666134|-0.0455799213|-0.0528118476|0,0.126369345|0.163466694|0.168055324|0.180915803|0.179949758|0,1.77484834|1.43148486|1.47049047|1.92633944|2.20982675|2.18924727,0.352147162|0.461587042|0.492827326,-0.00661799964|0.185324654|0.0152236633,0.004835505038499832,0.0014125928282737732,0.0013901172205805779,0.0020019151270389557
116,5.8500000000000005,-0.0890443904444368,0.03877865523099899,0.10725407302379608,0.4851764440536499,0.03877865523099899,0.35,1,0,0,0,0,,,nan,0,0.4778156578540802,0.752127468585968,2.885605812072754,0.48453596234321594,1.0,nan,0,0,0,0,0.3600187667836142,0.0,filtered,0.07883492275695464,0,1,12,workspace_z_lower,workspace_z_lower,0,0,1,solved,osqp,7.669964970525439e-08,valid,0.3276989892541553,0.418470794|0.327698989|0.337356177|0.454517716|0.527026265|0.554898143,0.568470794|0.477698989|0.487356177|0.604517716|0.677026265|0.704898143,0.538470794|0.447698989|0.457356177|0.574517716|0.647026265|0.674898143,0|0|0|0|0|0,0|-0.0148203851|-0.0195997872|-0.0535166181|-0.0612360467|0,0.127670648|0.164058238|0.168446928|0.180953964|0.180013426|0,1.80155382|1.46003381|1.49827185|1.94550821|2.22688244|2.21959257,0.351816356|0.47085318|0.493588358,-0.00661799964|0.185324654|0.0152236633,0.002892867662012577,0.0007762778550386429,0.0007972028106451035,0.0012990571558475494
117,5.9,-0.09561141540108922,0.03735597804188728,0.10916338860988617,0.4925593137741089,0.03735598176717758,0.35,1,0,0,0,0,,,nan,0,0.4987601935863495,0.7380107045173645,2.245959997177124,0.5063648819923401,1.0,nan,0,0,0,0,0.3600187667836142,0.0,filtered,0.08604602574137368,0,1,12,workspace_z_lower,workspace_z_lower,0,0,1,solved,osqp,8.166466245428106e-08,valid,0.33517641884360394,0.424886037|0.335176419|0.344811367|0.460889365|0.532961672|0.562081607,0.574886037|0.485176419|0.494811367|0.610889365|0.682961672|0.712081607,0.544886037|0.455176419|0.464811367|0.580889365|0.652961672|0.682081607,0|0|0|0|0|0,0|-0.0172841951|-0.0228096247|-0.0621337185|-0.0704225229|0,0.128937488|0.164632668|0.168888664|0.180984346|0.180058014|0,1.82848164|1.48805415|1.52532451|1.96240809|2.24148218|2.24832643,0.35148555|0.480119318|0.49434939,-0.00661799964|0.185324654|0.0152236633,0.0045144278556108475,0.0012761084362864494,0.0012219781056046486,0.00198470801115036
118,5.95,-0.10204954884342556,0.036032721400260925,0.11144793033599854,0.4998595118522644,0.03603272885084152,0.35,1,0,0,0,0,,,nan,0,0.5222870707511902,0.733444094657898,1.0190974473953247,0.5305570960044861,1.0,nan,0,0,0,0,0.3600187667836142,0.0,filtered,0.09208411755442994,0,1,12,workspace_z_lower,workspace_z_lower,0,0,1,solved,osqp,8.532874251534345e-08,valid,0.34255930550204083,0.431363778|0.342559306|0.352128161|0.466831774|0.538439742|0.568829492,0.581363778|0.492559306|0.502128161|0.616831774|0.688439742|0.718829492,0.551363778|0.462559306|0.472128161|0.586831774|0.658439742|0.688829492,0|0|0|0|0|0,0|-0.0194887757|-0.0257596865|-0.0699539221|-0.0787543934|0,0.130170748|0.165184495|0.169375833|0.181007056|0.180085518|0,1.85562586|1.51593294|1.55212879|1.97838023|2.25509009|2.27531797,0.351154745|0.489385456|0.495110422,-0.00661799964|0.185324654|0.0152236633,0.0031031370162963867,0.0009530708193778992,0.0007842695340514183,0.001335611566901207
119,6.0,-0.10841700019534194,0.0347997322678566,0.11408868432044983,0.5070862770080566,0.034799724817276,0.35,1,0,0,0,0,,,nan,0,0.5439603328704834,0.7158241868019104,1.995019555091858,0.5528387427330017,1.0,nan,0,0,0,0,0.3600187667836142,0.0,filtered,0.0975684280520658,0,1,12,workspace_z_lower,workspace_z_lower,0,0,1,solved,osqp,8.829300367479281e-08,valid,0.3498595348630611,0.437902361|0.349859535|0.359321345|0.472384467|0.543502273|0.575186444,0.587902361|0.499859535|0.509321345|0.622384467|0.693502273|0.725186444,0.557902361|0.469859535|0.479321345|0.592384467|0.663502273|0.695186444,0|0|0|0|0|0,0|-0.0214892518|-0.0285411987|-0.0771634913|-0.0863977555|0,0.131371299|0.165713736|0.169899821|0.181023138|0.180098231|0,1.88298074|1.54366262|1.578644|1.99339751|2.26770957|2.30074578,0.350823939|0.498651594|0.495871454,-0.00661799964|0.185324654|0.0152236633,0.00459571648389101,0.001392086036503315,0.0012682797387242317,0.0019027581438422203
120,6.050000000000001,-0.1153109519478858,0.03365014120936394,0.11709899455308914,0.5142402052879333,0.03365014120936394,0.35,1,0,0,0,0,,,nan,0,0.56438148021698,0.7132846713066101,1.4654953479766846,0.5737401247024536,1.0,nan,0,0,0,0,0.3600187667836142,0.0,filtered,0.10217541258794054,0,1,12,workspace_z_lower,workspace_z_lower,0,0,1,solved,osqp,9.026143841118356e-08,valid,0.3570862423279263,0.444500192|0.357086242|0.366400799|0.477577535|0.548182896|0.581177203,0.594500192|0.507086242|0.516400799|0.627577535|0.698182896|0.731177203,0.564500192|0.477086242|0.486400799|0.597577535|0.668182896|0.701177203,0|0|0|0|0|0,0|-0.0234554712|-0.0313948998|-0.084352759|-0.0940033371|0,0.132540005|0.166223518|0.170456837|0.181033365|0.180096566|0,1.91054077|1.57111302|1.60466513|2.00699075|2.27882481|2.32470881,0.350493133|0.507917762|0.496632487,-0.00661799964|0.185324654|0.0152236633,0.004911182448267937,0.0014799023047089577,0.001405489630997181,0.001991500146687031
121,6.1000000000000005,-0.12351902226038095,0.03257907181978226,0.12053404748439789,0.5213125944137573,0.032579075545072556,0.35,1,0,0,0,0,,,nan,0,0.5848145484924316,0.7216957807540894,2.4008641242980957,0.5945286750793457,1.0,nan,0,0,0,0,0.3600187667836142,0.0,filtered,0.10606217370543605,0,1,12,workspace_z_lower,workspace_z_lower,0,0,1,solved,osqp,9.141824199726534e-08,valid,0.36424021055410793,0.451155658|0.364240211|0.373364143|0.482411658|0.552482617|0.586793394,0.601155658|0.514240211|0.523364143|0.632411658|0.702482617|0.736793394,0.571155658|0.484240211|0.493364143|0.602411658|0.672482617|0.706793394,0|0|0|0|0|0,0|-0.0255843207|-0.0346072435|-0.0922010451|-0.102331313|0,0.133677708|0.166715104|0.171044943|0.18103804|0.180080493|0,1.93830034|1.59809163|1.62989427|2.01848363|2.28767965|2.34717358,0.350162327|0.5171839|0.497393519,-0.00661799964|0.185324654|0.0152236633,0.0029149129986763,0.0007719062268733978,0.0008399467915296555,0.0012833280488848686
122,6.15,-0.13202331815303833,0.031579796224832535,0.12439285963773727,0.5283092856407166,0.03157980367541313,0.35,1,0,0,0,0,,,nan,0,0.6044962406158447,0.6142972111701965,2.8809592723846436,0.6155838966369629,1.0,nan,0,0,0,0,0.3600187667836142,0.0,filtered,0.11537610724739684,0,1,12,workspace_z_lower,workspace_z_lower,0,0,1,solved,osqp,9.759666159958602e-08,valid,0.37131257432455056,0.457867252|0.371312574|0.380194561|0.486853857|0.55636469|0.59199156,0.607867252|0.521312574|0.530194561|0.636853857|0.70636469|0.74199156,0.577867252|0.491312574|0.500194561|0.606853857|0.67636469|0.71199156,0|0|0|0|0|0,0|-0.0275764093|-0.0378197921|-0.0997497508|-0.110458044|0,0.134785245|0.167185793|0.171662021|0.181037238|0.180050453|0,1.96625425|1.62485968|1.65462047|2.02870292|2.29505117|2.36796624,0.349831522|0.526450038|0.498154551,-0.00661799964|0.185324654|0.0152236633,0.004554031416773796,0.001473945565521717,0.001252841204404831,0.0018030935898423195
123,6.2,-0.14007670632276764,0.030644748359918594,0.1286325752735138,0.535247802734375,0.030644742771983147,0.35,1,0,0,0,0,,,nan,0,0.6221609711647034,0.4939400255680084,3.159945487976074,0.6347814798355103,1.0,nan,0,0,0,0,0.3600187667836142,0.0,filtered,0.12504113686250956,0,0,12,,workspace_z_lower,0,0,1,solved,osqp,1.0388313175999087e-07,valid,0.3783093155866436,0.464633485|0.378309316|0.386893223|0.490919233|0.559838766|0.596789725,0.614633485|0.528309316|0.536893223|0.640919233|0.709838766|0.746789725,0.584633485|0.498309316|0.506893223|0.610919233|0.679838766|0.716789725,0|0|0|0|0|0,0|-0.0292006803|-0.0407331569|-0.106184741|-0.117489514|0,0.135863436|0.167633198|0.172300512|0.181030922|0.180008762|0,1.99439738|1.65166978|1.67914025|2.03852311|2.30187431|2.3871589,0.349500716|0.535716176|0.498915583,-0.00661799964|0.185324654|0.0152236633,0.004639590159058571,0.0014985771849751472,0.0014052437618374825,0.0017052525654435158
124,6.25,-0.14694509941289433,0.029766138643026352,0.1331711709499359,0.5421545505523682,0.0297661405056715,0.35,1,0,0,0,0,,,nan,0,0.636649489402771,0.3888065218925476,2.8272864818573,0.6504949927330017,1.0,nan,0,0,0,0,0.3600187667836142,0.0,filtered,0.1326023405223995,0,0,12,,workspace_z_lower,0,0,1,solved,osqp,1.0849922879759e-07,valid,0.3852477603051244,0.47145291|0.38524776|0.393476135|0.494663659|0.562959591|0.60125037,0.62145291|0.53524776|0.543476135|0.644663659|0.712959591|0.75125037,0.59145291|0.50524776|0.513476135|0.614663659|0.682959591|0.72125037,0|0|0|0|0|0,0|-0.0302674008|-0.0430674235|-0.110807565|-0.12261901|0,0.136913088|0.168055007|0.172948489|0.181019941|0.179959037|0,2.02272473|1.67877865|1.7037856|2.04886701|2.30917839|2.40500148,0.34916991|0.544982314|0.499676615,-0.00661799964|0.185324654|0.0152236633,0.002996438182890415,0.000782521441578865,0.0007907925173640251,0.0014036912471055984
125,6.300000000000001,-0.15206054035664068,0.02893666923046112,0.1378980129957199,0.5490613579750061,0.02893667295575142,0.35,1,0,0,0,0,,,nan,0,0.6476351022720337,0.29983872175216675,2.692620038986206,0.6625431776046753,1.0,nan,0,0,0,0,0.3600187667836142,0.0,filtered,0.138872618176155,0,0,12,,workspace_z_lower,0,0,1,solved,osqp,1.1172311674065294e-07,valid,0.39215453219243057,0.478324136|0.392154532|0.399973038|0.498177872|0.565822396|0.605470208,0.628324136|0.542154532|0.549973038|0.648177872|0.715822396|0.755470208,0.598324136|0.512154532|0.519973038|0.618177872|0.685822396|0.725470208,0|0|0|0|0|0,0|-0.0306707803|-0.0446216196|-0.113206519|-0.125374544|0,0.137934986|0.168450361|0.173592307|0.181005954|0.179905335|0,2.05123153|1.70639771|1.72886284|2.06051092|2.31782038|2.42188083,0.348839104|0.554248452|0.500437677,-0.00661799964|0.185324654|0.0152236633,0.004304034635424614,0.0013310732319951057,0.001167510636150837,0.0017754212021827698
126,6.3500000000000005,-0.15519294665421401,0.028150126338005066,0.14269323647022247,0.5559996962547302,0.028150126338005066,0.35,1,0,0,0,0,,,nan,0,0.6553470492362976,0.24654221534729004,2.5039875507354736,0.6712008714675903,1.0,nan,0,0,0,0,0.3600187667836142,0.0,filtered,0.14414023918678873,0,0,12,,workspace_z_lower,0,0,1,solved,osqp,1.1379599254741912e-07,valid,0.39906133474487937,0.485245764|0.399061335|0.40642324|0.50157307|0.568546132|0.609566842,0.635245764|0.549061335|0.55642324|0.65157307|0.718546132|0.759566842,0.605245764|0.519061335|0.52642324|0.62157307|0.688546132|0.729566842,0|0|0|0|0|0,0|-0.0304112732|-0.045315929|-0.113320583|-0.125669933|0,0.138929908|0.168820125|0.174218904|0.1809908|0.179851602|0,2.07991296|1.73465419|1.75459593|2.0739625|2.3283662|2.43826737,0.348508298|0.56351459|0.501198709,-0.00661799964|0.185324654|0.0152236633,0.005035649985074997,0.0015327325090765953,0.0014522271230816841,0.0020150914788246155
127,6.4,-0.15616231073422712,0.027401231229305267,0.14743120968341827,0.5630009174346924,0.027401234954595566,0.35,1,0,0,0,0,,,nan,0,0.6600857377052307,0.23745504021644592,2.5261149406433105,0.6767137050628662,1.0,nan,0,0,0,0,0.3600187667836142,0.0,filtered,0.14821328047341173,0,0,12,,workspace_z_lower,0,0,1,solved,osqp,1.145850220714284e-07,valid,0.4059997147860973,0.492216478|0.405999715|0.412869407|0.504963399|0.571254016|0.61366084,0.642216478|0.555999715|0.562869407|0.654963399|0.721254016|0.76366084,0.612216478|0.525999715|0.532869407|0.624963399|0.691254016|0.73366084,0|0|0|0|0|0,0|-0.0294976746|-0.0450683651|-0.111104904|-0.123451077|0,0.13989861|0.169166296|0.174817204|0.180976162|0.179801359|0,2.10876452|1.76366748|1.78122647|2.08972486|2.34136634|2.45464336,0.348177493|0.572780728|0.501959741,-0.00661799964|0.185324654|0.0152236633,0.00447995588183403,0.0011603282764554024,0.0013103419914841652,0.0019864896312355995
128,6.45,-0.15512082684589537,0.02668602019548416,0.15199896693229675,0.5700916051864624,0.02668602019548416,0.35,1,0,0,0,0,,,nan,0,0.6620454788208008,0.2793612778186798,2.151094913482666,0.6791977286338806,1.0,nan,0,0,0,0,0.3600187667836142,0.0,filtered,0.15079730976962774,0,0,12,,workspace_z_lower,0,0,1,solved,osqp,1.1392572799723277e-07,valid,0.41300090494004016,0.499234987|0.413000905|0.419357876|0.5084651|0.574071999|0.617874973,0.649234987|0.563000905|0.569357876|0.6584651|0.724071999|0.767874973,0.619234987|0.533000905|0.539357876|0.6284651|0.694071999|0.737874973,0|0|0|0|0|0,0|-0.0280209658|-0.0439114045|-0.106779353|-0.118914914|0,0.140841831|0.169491751|0.175377942|0.180963436|0.179757796|0,2.13778178|1.7934744|1.80889804|2.10804448|2.35713088|2.47149989,0.347846687|0.582046866|0.502720773,-0.00661799964|0.185324654|0.0152236633,0.004233683459460735,0.0014678603038191795,0.001192367635667324,0.0015412364155054092
129,6.5,-0.1522855950284192,0.026001576334238052,0.15629969537258148,0.5772935748100281,0.0260015781968832,0.35,1,0,0,0,0,,,nan,0,0.6616314053535461,0.3423042893409729,1.9297938346862793,0.6791195869445801,1.0,nan,0,0,0,0,0.3600187667836142,0.0,filtered,0.1522468294218904,0,0,12,,workspace_z_lower,0,0,1,solved,osqp,1.1220596914107706e-07,valid,0.42009158422052717,0.506300035|0.420091584|0.425932689|0.512183461|0.57711624|0.622318563,0.656300035|0.570091584|0.575932689|0.662183461|0.72711624|0.772318563,0.626300035|0.540091584|0.545932689|0.632183461|0.69711624|0.742318563,0|0|0|0|0|0,0|-0.0260835026|-0.041910746|-0.10063046|-0.112355623|0,0.141760294|0.169799368|0.175894025|0.180953946|0.179723593|0,2.16696044|1.8240822|1.83771404|2.12905733|2.37583293|2.48927425,0.347515881|0.591313004|0.503481805,-0.00661799964|0.185324654|0.0152236633,0.003935643471777439,0.0014624251052737236,0.0010796897113323212,0.0013641482219099998
130,6.550000000000001,-0.14793535992852258,0.025345973670482635,0.1602557748556137,0.5846226811408997,0.025345969945192337,0.35,1,0,0,0,0,,,nan,0,0.6596968173980713,0.4016069173812866,1.6855074167251587,0.6773715019226074,1.0,nan,0,0,0,0,0.3600187667836142,0.0,filtered,0.15285151830827273,0,0,12,,workspace_z_lower,0,0,1,solved,osqp,1.0972577033432906e-07,valid,0.4272935756343822,0.513410402|0.427293576|0.432634152|0.516209338|0.580488205|0.627085441,0.663410402|0.577293576|0.582634152|0.666209338|0.730488205|0.777085441,0.633410402|0.547293576|0.552634152|0.636209338|0.700488205|0.747085441,0|0|0|0|0|0,0|-0.0238098225|-0.039193133|-0.09306079|-0.10421053|0,0.142654705|0.170092028|0.17636073|0.180948688|0.179700772|0,2.19629631|1.85545651|1.86770421|2.15272525|2.39744306|2.50834176,0.347185075|0.600579143|0.504242837,-0.00661799964|0.185324654|0.0152236633,0.0047511206939816475,0.001394147053360939,0.0013425732031464577,0.0019823983311653137
131,6.6000000000000005,-0.1423009510270029,0.024717912077903748,0.1638055443763733,0.5920902490615845,0.024717912077903748,0.35,1,0,0,0,0,,,nan,0,0.6557743549346924,0.4761810600757599,2.3743910789489746,0.6726561784744263,1.0,nan,0,0,0,0,0.3600187667836142,0.0,filtered,0.14888487431431113,0,0,12,,workspace_z_lower,0,0,1,solved,osqp,1.0389587426842817e-07,valid,0.43462264242751136,0.520564902|0.434622642|0.439495754|0.520613535|0.584267545|0.632248716,0.670564902|0.584622642|0.589495754|0.670613535|0.734267545|0.782248716,0.640564902|0.554622642|0.559495754|0.640613535|0.704267545|0.752248716,0|0|0|0|0|0,0|-0.0212919863|-0.0358563824|-0.0843425739|-0.0947318152|0,0.143525753|0.170373513|0.176776722|0.180947985|0.179690161|0,2.22578536|1.8875721|1.89890336|2.17905955|2.42202853|2.52899486,0.34685427|0.609845281|0.50500387,-0.00661799964|0.185324654|0.0152236633,0.004597550258040428,0.0014440203085541725,0.0014028148725628853,0.00171616580337286
132,6.65,-0.13572009388102088,0.02411660924553871,0.16690880060195923,0.599703311920166,0.02411660924553871,0.35,1,0,0,0,0,,,nan,0,0.6506724953651428,0.5270401835441589,1.7178163528442383,0.6661617159843445,1.0,nan,0,0,0,0,0.3600187667836142,0.0,filtered,0.14195094668422314,0,1,12,workspace_z_lower,workspace_z_lower,0,0,1,solved,osqp,9.623662808322386e-08,valid,0.44209024893937443,0.527762384|0.442090249|0.446545847|0.52545313|0.588520917|0.637866494,0.677762384|0.592090249|0.596545847|0.67545313|0.738520917|0.787866494,0.647762384|0.562090249|0.566545847|0.64545313|0.708520917|0.757866494,0|0|0|0|0|0,0|-0.0186256169|-0.0320329035|-0.0748021669|-0.0842528547|0,0.144374108|0.170647226|0.177142027|0.180952225|0.179692044|0,2.25542364|1.9203826|1.93129251|2.20796258|2.44952286|2.55146598,0.346523464|0.619111419|0.505764902,-0.00661799964|0.185324654|0.0152236633,0.004524783231317997,0.001417575404047966,0.0013131611049175262,0.001762552186846733
133,6.7,-0.12906418273730225,0.02354222908616066,0.1695745587348938,0.6074562668800354,0.023542232811450958,0.35,1,0,0,0,0,,,nan,0,0.6451272964477539,0.5219705104827881,1.5999668836593628,0.6585569381713867,1.0,nan,0,0,0,0,0.3600187667836142,0.0,filtered,0.13145005880398206,0,1,12,workspace_z_lower,workspace_z_lower,0,0,1,solved,osqp,8.652642720721748e-08,valid,0.4497033403155627,0.535001729|0.44970334|0.453806041|0.530769055|0.593298427|0.643977372,0.685001729|0.59970334|0.603806041|0.680769055|0.743298427|0.793977372,0.655001729|0.56970334|0.573806041|0.650769055|0.713298427|0.763977372,0|0|0|0|0|0,0|-0.0160703375|-0.0281686607|-0.0654577773|-0.0739104982|0,0.145200425|0.170916425|0.177458244|0.180961665|0.179706021|0,2.28520734|1.95365945|1.96451375|2.23858011|2.47898923|2.57590949,0.346192658|0.628377557|0.506525934,-0.00661799964|0.185324654|0.0152236633,0.002918996848165989,0.0008082380518317223,0.0007833568379282951,0.0013080574572086334
134,6.75,-0.12321630814924106,0.022995490580797195,0.17185938358306885,0.6153327226638794,0.022995490580797195,0.35,1,0,0,0,0,,,nan,0,0.6404845118522644,0.47618117928504944,1.2984596490859985,0.6523305773735046,1.0,nan,0,0,0,0,0.3600187667836142,0.0,filtered,0.1228819643517899,0,1,12,workspace_z_lower,workspace_z_lower,0,0,1,solved,osqp,7.864604073884451e-08,valid,0.4574562396059044,0.542281853|0.45745624|0.46127554|0.536551414|0.598593479|0.65056563,0.692281853|0.60745624|0.61127554|0.686551414|0.748593479|0.80056563,0.662281853|0.57745624|0.58127554|0.656551414|0.718593479|0.77056563,0|0|0|0|0|0,0|-0.0138455426|-0.0246814527|-0.0572036587|-0.0647257281|0,0.146005342|0.171184951|0.177732011|0.180975584|0.179729623|0,2.31513275|1.98716437|1.99815272|2.26997758|2.50937781|2.60226252,0.345861852|0.637643695|0.507286966,-0.00661799964|0.185324654|0.0152236633,0.004556187428534031,0.0014154594391584396,0.0012096501886844635,0.001900363713502884
135,6.800000000000001,-0.11915583832378675,0.022477438673377037,0.1738705188035965,0.6233053207397461,0.022477440536022186,0.35,1,0,0,0,0,,,nan,0,0.637304425239563,0.40063777565956116,2.110644817352295,0.6476413011550903,1.0,nan,0,0,0,0,0.3600187667836142,0.0,filtered,0.11437381270316542,0,1,12,workspace_z_lower,workspace_z_lower,0,0,1,solved,osqp,7.122229171707684e-08,valid,0.46533270916396374,0.5496017|0.465332709|0.468933111|0.542745922|0.604348396|0.657570136,0.6996017|0.615332709|0.618933111|0.692745922|0.754348396|0.807570136,0.6696017|0.585332709|0.588933111|0.662745922|0.724348396|0.777570136,0|0|0|0|0|0,0|-0.0121763457|-0.0220192807|-0.0509732974|-0.0577425117|0,0.146789477|0.171454104|0.177971311|0.180992748|0.179760067|0,2.34519628|2.02060859|2.03168447|2.30100314|2.53941114|2.63028054,0.345531046|0.646909833|0.508047998,-0.00661799964|0.185324654|0.0152236633,0.004420077428221703,0.0014506848528981209,0.0013619139790534973,0.001576172187924385
136,6.8500000000000005,-0.11681096378968307,0.021988535299897194,0.17570750415325165,0.6313486099243164,0.021988533437252045,0.35,1,0,0,0,0,,,nan,0,0.6356518268585205,0.32308146357536316,2.2531440258026123,0.6446690559387207,1.0,nan,0,0,0,0,0.3600187667836142,0.0,filtered,0.10656534969659691,0,1,12,workspace_z_lower,workspace_z_lower,0,0,1,solved,osqp,6.459496065466808e-08,valid,0.4733053289388932,0.556960246|0.473305329|0.476735603|0.549251836|0.610453419|0.664880377,0.706960246|0.623305329|0.626735603|0.699251836|0.760453419|0.814880377,0.676960246|0.593305329|0.596735603|0.669251836|0.730453419|0.784880377,0|0|0|0|0|0,0|-0.0110220307|-0.0201754998|-0.0466856368|-0.0528882704|0,0.147553435|0.171722848|0.178185607|0.18101166|0.179794103|0,2.37539442|2.05392213|2.06495252|2.33133337|2.56871951|2.65952151,0.345200241|0.656175971|0.50880903,-0.00661799964|0.185324654|0.0152236633,0.003889096900820732,0.0012679938226938248,0.0012299185618758202,0.001362181268632412
137,6.9,-0.116335874152948,0.02152877487242222,0.1774744838476181,0.6394382119178772,0.021528776735067368,0.35,1,0,0,0,0,,,nan,0,0.6359198093414307,0.26608172059059143,2.8981266021728516,0.6437885165214539,1.0,nan,0,0,0,0,0.3600187667836142,0.0,filtered,0.09945845701767275,0,1,12,workspace_z_lower,workspace_z_lower,0,0,1,solved,osqp,5.872148401558919e-08,valid,0.4813485739922535,0.564356499|0.481348574|0.484640758|0.555972317|0.616802338|0.672390699,0.714356499|0.631348574|0.634640758|0.705972317|0.766802338|0.822390699,0.684356499|0.601348574|0.604640758|0.675972317|0.736802338|0.792390699,0|0|0|0|0|0,0|-0.0103546145|-0.0191284531|-0.0442068802|-0.0499757276|0,0.148297801|0.171990598|0.178383684|0.181030912|0.179828568|0,2.4057238|2.08703028|2.09781826|2.3607133|2.59706219|2.6895628,0.344869435|0.665442109|0.509570062,-0.00661799964|0.185324654|0.0152236633,0.003010932356119156,0.0007775351405143738,0.0007862076163291931,0.0014260364696383476
138,6.95,-0.11752745813601478,0.021097784861922264,0.17926090955734253,0.647551417350769,0.021097781136631966,0.35,1,0,0,0,0,,,nan,0,0.6377120614051819,0.22501350939273834,1.970327377319336,0.6448663473129272,1.0,nan,0,0,0,0,0.3600187667836142,0.0,filtered,0.0948915495217398,0,1,12,workspace_z_lower,workspace_z_lower,0,0,1,solved,osqp,5.4535040580616645e-08,valid,0.48943823750905346,0.571789491|0.489438238|0.492607976|0.562817386|0.623298233|0.680002218,0.721789491|0.639438238|0.642607976|0.712817386|0.773298233|0.830002218,0.691789491|0.609438238|0.612607976|0.682817386|0.743298233|0.800002218,0|0|0|0|0|0,0|-0.010143692|-0.018875388|-0.0435317565|-0.0491000854|0,0.149023148|0.172253302|0.178570323|0.181050116|0.179862027|0,2.43618111|2.11986256|2.13012684|2.38878791|2.62395487|2.72000887,0.344538629|0.674708247|0.510331094,-0.00661799964|0.185324654|0.0152236633,0.002872973680496216,0.0007849801331758499,0.0007777828723192215,0.0012904917821288109
139,7.0,-0.12074179676681134,0.020695142447948456,0.18117162585258484,0.65566086769104,0.020695142447948456,0.35,1,0,0,0,0,,,nan,0,0.6409120559692383,0.27285483479499817,2.2365729808807373,0.6474409699440002,1.0,nan,0,0,0,0,0.3600187667836142,0.0,filtered,0.09080915835348663,0,1,12,workspace_z_lower,workspace_z_lower,0,0,1,solved,osqp,5.070270328588755e-08,valid,0.49755137451133435,0.579258286|0.497551375|0.500596996|0.569697098|0.629839488|0.687619055,0.729258286|0.647551375|0.650596996|0.719697098|0.779839488|0.837619055,0.699258286|0.617551375|0.620596996|0.689697098|0.749839488|0.807619055,0|0|0|0|0|0,0|-0.0104730018|-0.0195907039|-0.0450056522|-0.0506377009|0,0.149730027|0.17251004|0.178752247|0.181067857|0.179892112|0,2.46676317|2.15224254|2.16154953|2.4148506|2.64861236|2.75047622,0.344207823|0.683974385|0.511092126,-0.00661799964|0.185324654|0.0152236633,0.0030758557841181755,0.0007741134613752365,0.00087752565741539,0.001405002549290657
140,7.050000000000001,-0.19100022742707579,0.08523032814264297,0.18331319093704224,0.6591968536376953,0.08448629081249237,0.35,1,0,0,0,0,,,nan,0,0.645867645740509,0.3778335452079773,2.6797189712524414,0.6517817974090576,1.0,nan,0,0,0,0,0.3600187667836142,0.0,filtered,0.08669637284402955,0,1,12,workspace_z_lower,workspace_z_lower,0,0,1,solved,osqp,4.689348119535364e-08,valid,0.5056608400888968,0.586761975|0.50566084|0.508559158|0.576504268|0.636305475|0.695126441,0.736761975|0.65566084|0.658559158|0.726504268|0.786305475|0.845126441,0.706761975|0.62566084|0.628559158|0.696504268|0.756305475|0.815126441,0|0|0|0|0|0,0|-0.0113564857|-0.021329638|-0.0486971306|-0.0546508246|0,0.150418979|0.172759468|0.178936684|0.18108282|0.17991623|0,2.49746688|2.18404634|2.19184368|2.43840276|2.6704873|2.78050576,0.343877017|0.693240523|0.511853158,-0.00661799964|0.185324654|0.0152236633,0.004205751232802868,0.001268995925784111,0.0012197252362966537,0.001688459888100624
141,7.1000000000000005,-0.09264006749541778,0.06900127232074738,0.18071240186691284,0.6510365009307861,0.0675317719578743,0.35,1,0,0,0,0,,,nan,0,0.4709658920764923,7.168719291687012,149.6539764404297,0.39210978150367737,1.0,nan,0,0,0,0,0.3600187667836142,0.0,filtered,0.2664118813773283,0,1,12,workspace_z_lower|joint_4_acceleration_upper,workspace_z_lower,0,0,1,solved,osqp,9.544207368872293e-10,valid,0.48282519477239927,0.569489428|0.482825195|0.484872154|0.553011529|0.612838447|0.672983607,0.719489428|0.632825195|0.634872154|0.703011529|0.762838447|0.822983607,0.689489428|0.602825195|0.604872154|0.673011529|0.732838447|0.792983607,0.15|0.15|0.15|0.15|0.15|0.15,0|0.0126960149|0.02230047|0.0471068731|0.0510076358|0,-0.138731455|-0.175562368|-0.179122641|-0.169735717|-0.167445468|0,2.13922626|1.76843443|1.78266644|2.08941727|2.33491595|2.69193443,0.343546212|0.697683454|0.512614191,-0.00661799964|-0.185324654|0.0152236633,0.004168602637946606,0.0012187492102384567,0.001149892807006836,0.0017711585387587547
142,7.15,-0.05462730477624932,0.0672692209482193,0.17638792097568512,0.6432679891586304,0.06570243835449219,0.35,1,0,0,0,0,,,nan,0,0.38240861892700195,5.452836036682129,88.96317291259766,0.37674248218536377,1.0,nan,0,0,0,0,0.3600187667836142,0.0,filtered,0.15562419288079382,0,1,12,workspace_z_lower|joint_4_acceleration_upper,workspace_z_lower,0,0,1,solved,osqp,4.1909340234291825e-10,valid,0.47469021092978625,0.562575301|0.474690211|0.477032445|0.546888151|0.607019722|0.667832897,0.712575301|0.624690211|0.627032445|0.696888151|0.757019722|0.817832897,0.682575301|0.594690211|0.597032445|0.666888151|0.727019722|0.787832897,0.15|0.15|0.15|0.15|0.15|0.15,0|0.0199877208|0.0347291768|0.0742360838|0.0794286331|0,-0.137831462|-0.175387291|-0.178917666|-0.169321274|-0.167090022|0,2.11246974|1.74336127|1.76394129|2.09246741|2.3404175|2.67133159,0.343215406|0.688417315|0.513375223,-0.00661799964|-0.185324654|0.0152236633,0.0032518990337848663,0.000782206654548645,0.000800836831331253,0.0016482295468449593
143,7.2,-0.01610917350986584,0.06519313156604767,0.1702887862920761,0.635949969291687,0.06352847069501877,0.35,1,0,0,0,0,,,nan,0,0.4852507412433624,5.199927806854248,39.6042366027832,0.49428704380989075,1.0,nan,0,0,0,0,0.3600187667836142,0.0,filtered,0.09341663819177598,0,1,12,workspace_z_lower,workspace_z_lower,0,0,1,solved,osqp,5.8940308514041084e-08,valid,0.46693681182451285,0.555706719|0.466936812|0.469824253|0.542152458|0.602645431|0.663871589,0.705706719|0.616936812|0.619824253|0.692152458|0.752645431|0.813871589,0.675706719|0.586936812|0.589824253|0.662152458|0.722645431|0.783871589,0.15|0.15|0.15|0.15|0.15|0.15,0|0.0284957083|0.048280071|0.104559064|0.11149138|0,-0.136909508|-0.17528562|-0.178754313|-0.168906747|-0.16675994|0,2.08591737|1.72095734|1.74882277|2.10426215|2.35531317|2.65548635,0.3428846|0.679151177|0.514136255,-0.00661799964|-0.185324654|0.0152236633,0.00388527475297451,0.0012729242444038391,0.0011429237201809883,0.001448032446205616
144,7.25,-0.0014876115086801395,0.06482372432947159,0.1637326031923294,0.6287868618965149,0.06305721402168274,0.35,1,0,0,0,0,,,nan,0,0.5884129405021667,3.2533864974975586,45.652191162109375,0.5933915376663208,1.0,nan,0,0,0,0,0.3600187667836142,0.0,filtered,0.07622627897556426,0,1,12,workspace_z_lower,workspace_z_lower,0,0,1,solved,osqp,5.320579219049307e-08,valid,0.4596278880152399,0.548884794|0.459627888|0.463300795|0.538967093|0.59989733|0.661354675,0.698884794|0.609627888|0.613300795|0.688967093|0.74989733|0.811354675,0.668884794|0.579627888|0.583300795|0.658967093|0.71989733|0.781354675,0.15|0.15|0.15|0.15|0.15|0.15,0|0.0314213766|0.051043999|0.111862234|0.118079023|0,-0.135965028|-0.175228266|-0.178610139|-0.168505242|-0.166477083|0,2.05957415|1.69470466|1.72563704|2.09922536|2.35119126|2.6454187,0.342553794|0.669885039|0.514897287,-0.00661799964|-0.185324654|0.0152236633,0.0035531921312212944,0.0008244067430496216,0.0009775897487998009,0.0017299037426710129
145,7.300000000000001,0.020530446750092593,0.06356323510408401,0.15632431209087372,0.6219366788864136,0.06169372424483299,0.35,1,0,0,0,0,,,nan,0,0.6695053577423096,1.9518629312515259,31.714981079101562,0.6700875759124756,1.0,nan,0,0,0,0,0.3600187667836142,0.0,filtered,0.02761994111240681,0,1,12,workspace_z_lower,workspace_z_lower,0,0,1,solved,osqp,2.5724788006373234e-08,valid,0.4524720851587912,0.542110668|0.452472085|0.456923722|0.536172454|0.597495407|0.659138431,0.692110668|0.602472085|0.606923722|0.686172454|0.747495407|0.809138431,0.662110668|0.572472085|0.576923722|0.656172454|0.717495407|0.779138431,0.15|0.15|0.15|0.15|0.15|0.15,0|0.0374989447|0.0584987585|0.130127999|0.13736411|0,-0.134997445|-0.175184517|-0.178471834|-0.168096727|-0.166202853|0,2.03344523|1.67220277|1.70772181|2.10672109|2.36114289|2.63655372,0.342222989|0.660618901|0.515658319,-0.00661799964|-0.185324654|0.0152236633,0.0031648846343159676,0.0009958390146493912,0.0008026827126741409,0.0013444870710372925
146,7.3500000000000005,0.04969547225426339,0.06214205175638199,0.14767736196517944,0.61542809009552,0.06016945838928223,0.35,1,0,0,0,0,,,nan,0,0.7192915678024292,1.3797528743743896,25.623079299926758,0.7192915081977844,1.0,nan,0,0,0,0,0.3600187667836142,0.0,filtered,9.575556723625944e-08,0,0,12,,workspace_z_lower,0,0,1,solved,osqp,0.0,valid,0.44563164928086485,0.53538551|0.445631649|0.450923816|0.534316757|0.596072612|0.65783791,0.68538551|0.595631649|0.600923816|0.684316757|0.746072612|0.80783791,0.65538551|0.565631649|0.570923816|0.654316757|0.716072612|0.77783791,0.15|0.15|0.15|0.15|0.15|0.15,0|0.0441487356|0.0659630115|0.149721126|0.158023668|0,-0.134006171|-0.175125134|-0.178312954|-0.167708376|-0.16597369|0,2.00753587|1.6515502|1.69134532|2.11927978|2.37634043|2.63135164,0.341892183|0.651352763|0.516419351,-0.00661799964|-0.185324654|0.0152236633,0.0031601591035723686,0.000996595248579979,0.0008637085556983948,0.0012790560722351074
147,7.4,0.07302505316210095,0.0617951899766922,0.13806387782096863,0.609076201915741,0.059717126190662384,0.35,1,0,0,0,0,,,nan,0,0.7385246753692627,0.9960057139396667,15.755647659301758,0.7385246753692627,1.0,nan,0,0,0,0,0.3600187667836142,0.0,passthrough,1.4880758167822609e-09,0,0,12,,workspace_z_lower,0,0,1,solved,osqp,0.0,valid,0.4391364001176442,0.528710519|0.4391364|0.445300947|0.533467656|0.595697173|0.657536409,0.678710519|0.5891364|0.595300947|0.683467656|0.745697173|0.807536409,0.648710519|0.5591364|0.565300947|0.653467656|0.715697173|0.777536409,0.15|0.15|0.15|0.15|0.15|0.15,0|0.0473345095|0.0675783274|0.15774054|0.16554997|0,-0.132990609|-0.175043398|-0.178129281|-0.167372139|-0.165818261|0,1.98185147|1.62883671|1.67065283|2.12423902|2.3825204|2.63014564,0.341561377|0.642086625|0.517180383,-0.00661799964|-0.185324654|0.0152236633,0.003543432801961899,0.001042448915541172,0.0009165909141302109,0.0015622526407241821
148,7.45,0.0896872481003109,0.06165018677711487,0.12783615291118622,0.6028487086296082,0.05946385860443115,0.35,1,0,0,0,0,,,nan,0,0.752154529094696,0.8800540566444397,7.373596668243408,0.752154529094696,1.0,nan,0,0,0,0,0.3600187667836142,0.0,passthrough,1.4866923146385221e-09,0,0,12,,workspace_z_lower,0,0,1,solved,osqp,0.0,valid,0.4328044749843668,0.522086925|0.432804475|0.439762532|0.533036658|0.595702961|0.657622833,0.672086925|0.582804475|0.589762532|0.683036658|0.745702961|0.807622833,0.642086925|0.552804475|0.559762532|0.653036658|0.715702961|0.777622833,0.15|0.15|0.15|0.15|0.15|0.15,0|0.0498497858|0.0678713243|0.16322324|0.170248843|0,-0.131950153|-0.174917606|-0.177905068|-0.167123261|-0.165769731|0,1.95639755|1.60615008|1.64901638|2.12824661|2.38729095|2.63049133,0.341230571|0.632820487|0.517941415,-0.00661799964|-0.185324654|0.0152236633,0.004980020225048065,0.0014146342873573303,0.001348850317299366,0.002179178409278393
149,7.5,0.10117758187020331,0.06129901111125946,0.11727762967348099,0.5967836976051331,0.05900237336754799,0.35,1,0,0,0,0,,,nan,0,0.7698806524276733,0.829098641872406,6.965758323669434,0.7698806524276733,1.0,nan,0,0,0,0,0.3600187667836142,0.0,passthrough,1.5076590110000284e-09,0,0,12,,workspace_z_lower,0,0,1,solved,osqp,0.0,valid,0.42660312396574274,0.515515988|0.426603124|0.434245075|0.532890175|0.595941655|0.65794487,0.665515988|0.576603124|0.584245075|0.682890175|0.745941655|0.80794487,0.635515988|0.546603124|0.554245075|0.652890175|0.715941655|0.77794487,0.15|0.15|0.15|0.15|0.15|0.15,0|0.053015709|0.0686751746|0.169780298|0.176081904|0,-0.130884187|-0.174749229|-0.177632177|-0.166944015|-0.165805398|0,1.93117976|1.58467898|1.6280233|2.13439698|2.39404313|2.63177948,0.340899765|0.623554349|0.518702447,-0.00661799964|-0.185324654|0.0152236633,0.0043765343725681305,0.0012547103688120842,0.0011639045551419258,0.0019257869571447372
150,7.550000000000001,0.10867326557374415,0.06096046417951584,0.10658728331327438,0.5908809304237366,0.05855169519782066,0.35,1,0,0,0,0,,,nan,0,0.7901278138160706,0.8414677977561951,5.01377534866333,0.7901278138160706,1.0,nan,0,0,0,0,0.3600187667836142,0.0,passthrough,1.5481629292257265e-09,0,0,12,,workspace_z_lower,0,0,1,solved,osqp,0.0,valid,0.420569210120194,0.508998999|0.42056921|0.428778342|0.533079453|0.596467014|0.658550055,0.658998999|0.57056921|0.578778342|0.683079453|0.746467014|0.808550055,0.628998999|0.54056921|0.548778342|0.653079453|0.716467014|0.778550055,0.15|0.15|0.15|0.15|0.15|0.15,0|0.0561306884|0.0690986202|0.175410561|0.180602789|0,-0.129792086|-0.17454765|-0.177311348|-0.166797386|-0.165883412|0,1.90620391|1.56385988|1.60690064|2.14093099|2.40058743|2.63420022,0.34056896|0.614288211|0.51946348,-0.00661799964|-0.185324654|0.0152236633,0.004671513102948666,0.001345028169453144,0.0013504046946763992,0.0019437838345766068
151,7.6000000000000005,0.11155570292646066,0.061026934534311295,0.09597190469503403,0.5850725769996643,0.05850299820303917,0.35,1,0,0,0,0,,,nan,0,0.8081092834472656,0.8541936278343201,4.819173336029053,0.8081092834472656,1.0,nan,0,0,0,0,0.3600187667836142,0.0,passthrough,1.604253287549581e-09,0,0,12,,workspace_z_lower,0,0,1,solved,osqp,0.0,valid,0.41470213243442056,0.502537281|0.414702132|0.423347247|0.533556389|0.59721105|0.659387704,0.652537281|0.564702132|0.573347247|0.683556389|0.74721105|0.809387704,0.622537281|0.534702132|0.543347247|0.653556389|0.71721105|0.779387704,0.15|0.15|0.15|0.15|0.15|0.15,0|0.0579015333|0.0677539349|0.176827316|0.180212984|0,-0.128673218|-0.174316171|-0.17694436|-0.166662171|-0.165982032|0,1.8814759|1.54239389|1.58419856|2.1443907|2.40307515|2.63755082,0.340238154|0.605022073|0.520224512,-0.00661799964|-0.185324654|0.0152236633,0.004793331027030945,0.001337006688117981,0.00133589468896389,0.002088627777993679
152,7.65,0.11007473437547705,0.06146432086825371,0.08562339097261429,0.579297661781311,0.058820877224206924,0.35,1,0,0,0,0,,,nan,0,0.822258710861206,0.8453496098518372,3.8315696716308594,0.822258710861206,1.0,nan,0,0,0,0,0.3600187667836142,0.0,passthrough,1.663663422663375e-09,0,0,12,,workspace_z_lower,0,0,1,solved,osqp,0.0,valid,0.4089338180754455,0.496132187|0.408933818|0.417867114|0.534107713|0.597925586|0.660236448,0.646132187|0.558933818|0.567867114|0.684107713|0.747925586|0.810236448,0.616132187|0.528933818|0.537867114|0.654107713|0.717925586|0.780236448,0.15|0.15|0.15|0.15|0.15|0.15,0|0.0584352785|0.0650772145|0.174549764|0.175638049|0,-0.127526943|-0.174055348|-0.176533808|-0.16653289|-0.16609552|0,1.8570018|1.5201152|1.56001186|2.14444773|2.40124487|2.64094579,0.339907348|0.595755935|0.520985544,-0.00661799964|-0.185324654|0.0152236633,0.004674587398767471,0.0014478927478194237,0.001327143982052803,0.001866205595433712
153,7.7,0.10161845926742571,0.06282962113618851,0.07584569603204727,0.5734007358551025,0.060058340430259705,0.35,1,0,0,0,0,,,nan,0,0.8166397213935852,0.6729733347892761,12.394396781921387,0.8166397213935852,1.0,nan,0,0,0,0,0.3600187667836142,0.0,passthrough,1.6888655588828136e-09,0,0,12,,workspace_z_lower,0,0,1,solved,osqp,0.0,valid,0.4032025559724782,0.489785105|0.403202556|0.412305516|0.534547658|0.598400108|0.660905063,0.639785105|0.553202556|0.562305516|0.684547658|0.748400108|0.810905063,0.609785105|0.523202556|0.532305516|0.654547658|0.718400108|0.780905063,0.15|0.15|0.15|0.15|0.15|0.15,0|0.0558530652|0.0613712029|0.163558|0.161625916|0,-0.126352616|-0.173770535|-0.176365276|-0.166399084|-0.166211235|0,1.8327878|1.49489275|1.53422799|2.13534955|2.38901511|2.64362025,0.339576542|0.586489797|0.521746576,-0.00661799964|-0.185324654|0.0152236633,0.004903904162347317,0.0014516543596982956,0.001392824575304985,0.0020225737243890762
154,7.75,0.08597064528380369,0.06491589546203613,0.06696004420518875,0.5672659873962402,0.062004536390304565,0.35,1,0,0,0,0,,,nan,0,0.7969498038291931,0.937534511089325,9.93975830078125,0.7969498038291931,1.0,nan,0,0,0,0,0.3600187667836142,0.0,passthrough,1.688302832717958e-09,0,0,12,,workspace_z_lower,0,0,1,solved,osqp,0.0,valid,0.39735045120104606,0.483497452|0.397350451|0.406606078|0.534438983|0.598163147|0.660956745,0.633497452|0.547350451|0.556606078|0.684438983|0.748163147|0.810956745,0.603497452|0.517350451|0.526606078|0.654438983|0.718163147|0.780956745,0.15|0.15|0.15|0.15|0.15|0.15,0|0.0508983757|0.0562670359|0.145717649|0.140407295|0,-0.125149583|-0.173477329|-0.1763375|-0.166246382|-0.166307684|0,1.80884023|1.46682285|1.50635385|2.1172272|2.3667522|2.64382698,0.339245737|0.577223659|0.522507608,-0.00661799964|-0.185324654|0.0152236633,0.0028670020401477814,0.0007792385295033455,0.0008066827431321144,0.0012609027326107025
155,7.800000000000001,0.07288468258259131,0.06650181859731674,0.058826692402362823,0.5609914064407349,0.06343930959701538,0.35,1,0,0,0,0,,,nan,0,0.7891175150871277,0.9626619219779968,10.248422622680664,0.7891174554824829,1.0,nan,0,0,0,0,0.3600187667836142,0.0,filtered,1.3468418939370485e-07,0,0,12,,workspace_z_lower,0,0,1,solved,osqp,0.0,valid,0.3912581193323875,0.477270682|0.391258119|0.400643148|0.533440978|0.596858105|0.660046431,0.627270682|0.541258119|0.550643148|0.683440978|0.746858105|0.810046431,0.597270682|0.511258119|0.520643148|0.653440978|0.716858105|0.780046431,0.15|0.15|0.15|0.15|0.15|0.15,0|0.0478405204|0.0531360421|0.133023526|0.124622441|0,-0.12391719|-0.173200333|-0.176297891|-0.166037878|-0.166339698|0,1.78516554|1.43967266|1.47941074|2.10074956|2.34571516|2.64018572,0.338914931|0.56795752|0.52326864,-0.00661799964|-0.185324654|0.0152236633,0.002955792471766472,0.0007782243192195892,0.0008880132809281349,0.0012684185057878494
156,7.8500000000000005,20.05467239715185,0.0686696395277977,0.051670610904693604,0.5544883012771606,0.06544134765863419,0.35,1,0,0,0,0,,,nan,1,0.7792493104934692,1.1301602125167847,6.062168598175049,0.7792491316795349,1.0,nan,0,0,0,0,0.3600187667836142,0.0,filtered,2.354115985009328e-07,0,0,12,,workspace_z_lower,0,0,1,solved,osqp,0.0,valid,0.38502271968907087,0.471106278|0.38502272|0.394520168|0.531818055|0.594761903|0.658435477,0.621106278|0.53502272|0.544520168|0.681818055|0.744761903|0.808435477,0.591106278|0.50502272|0.514520168|0.651818055|0.714761903|0.778435477,0.15|0.15|0.15|0.15|0.15|0.15,0|0.0430391008|0.0479839117|0.115905487|0.104194793|0,-0.122654776|-0.172945644|-0.176264191|-0.16574832|-0.16628591|0,1.76177034|1.41018434|1.44980039|2.07742939|2.31695649|2.63374191,0.338584125|0.558691382|0.524029672,-0.00661799964|-0.185324654|0.0152236633,0.0029119495302438736,0.0007761688902974129,0.0008579781278967857,0.0012565255165100098
