step,time,reward,cost,goal_error_norm,d_min,risk_global,beta,closest_link,safety_violation,collision,collision_capsule_overlap,collision_pybullet_contact,collision_contact_link_indices,collision_contact_link_names,collision_min_contact_distance,success,qdot_norm,acc_norm,jerk_norm,qdot_requested_norm,risk_speed_scale,risk_speed_h_min_m,recovery_active,recovery_triggered,recovery_success,recovery_initially_unsafe,recovery_initial_h_min_m,recovery_command_norm,safety_filter_status,safety_filter_intervention_norm,safety_filter_safe_stop,safety_filter_active_constraints,safety_filter_constraint_count,safety_filter_active_constraint_categories,safety_filter_max_constraint_category,safety_filter_projection_iterations,safety_filter_fallback_used,safety_filter_qp_solver_used,safety_filter_qp_solver_status,safety_filter_fallback_stage,safety_filter_max_constraint_violation,predictive_risk_status,predictive_h_min_m,predictive_h_by_link_m,predictive_distance_by_link_m,predictive_robust_distance_by_link_m,predictive_time_by_link_s,safety_jacobian_command_by_link_mps,safety_drift_by_link_mps,safety_constraint_residual_by_link_mps,filter_obstacle_position_m,filter_obstacle_velocity_mps,safety_filter_solve_time_s,safety_filter_predictive_risk_time_s,safety_filter_jacobian_workspace_time_s,safety_filter_projection_time_s
0,0.05,-0.7115870643442099,0.3981347978115082,0.4193058907985687,0.24743883311748505,0.33790716528892517,0.35,2,0,0,0,0,,,nan,0,0.44399940967559814,8.879987716674805,177.59974670410156,0.5304226875305176,1.0,nan,0,0,0,0,0.06852872226822568,0.0,filtered,0.1500348184231116,0,1,12,workspace_z_lower|joint_0_acceleration_lower|joint_3_acceleration_lower|joint_5_acceleration_lower,workspace_z_lower,0,0,1,solved,osqp,7.315518089218154e-08,valid,0.06852872226822568,0.451724358|0.268006399|0.0685287223|0.0755287223|0.0939190701|0.0969190651,0.601724358|0.418006399|0.218528722|0.225528722|0.24391907|0.246919065,0.571724358|0.388006399|0.188528722|0.195528722|0.21391907|0.216919065,0.15|0.15|0.15|0.15|0.15|0.15,0|0.0245407178|0.100006288|0.100006288|0.0837239314|0,-0.143861141|-0.239846052|-0.236286841|-0.236286841|-0.169073405|0,1.66303629|0.856720261|0.137834336|0.165834336|0.290326806|0.387676261,0.538600147|0.473505706|0.367225051,-0.0243393518|-0.270267934|0.0780353025,0.004351249895989895,0.001042206771671772,0.0012670299038290977,0.0020174458622932434
1,0.1,-0.6746682985121197,0.40343233942985535,0.4149444103240967,0.24073763191699982,0.3406134843826294,0.35,2,0,0,0,0,,,nan,0,0.6681133508682251,7.338173866271973,186.3928985595703,0.6662886738777161,1.0,nan,0,0,0,0,0.06852872226822568,0.0,filtered,0.04051946609291247,0,1,12,workspace_z_lower|joint_4_acceleration_upper,workspace_z_lower,0,0,1,solved,osqp,3.4925773384486547e-10,valid,0.06157112938849782,0.444631322|0.257220554|0.0615711294|0.0685711294|0.0896001458|0.0926001458,0.594631322|0.407220554|0.211571129|0.218571129|0.239600146|0.242600146,0.564631322|0.377220554|0.181571129|0.188571129|0.209600146|0.212600146,0.15|0.15|0.15|0.15|0.15|0.15,0|-0.0135585433|0.105101657|0.105101657|0.0837670156|0,-0.139851182|-0.238177678|-0.234048151|-0.234048151|-0.164718336|0,1.63867411|0.777145996|0.117338023|0.145338023|0.277449263|0.370400583,0.537383497|0.459992379|0.371126771,-0.0243393518|-0.270267934|0.0780353025,0.002857774496078491,0.0007890015840530396,0.0007759882137179375,0.0012734327465295792
2,0.15000000000000002,-0.7148570011688173,0.4928886890411377,0.408500999212265,0.2307242900133133,0.4257502853870392,0.35,2,0,0,0,0,,,nan,0,0.8873079419136047,6.483501434326172,62.97163009643555,0.8862684965133667,1.0,nan,0,0,0,0,0.06852872226822568,0.0,filtered,0.046297801759511335,0,0,12,,workspace_z_lower,0,0,1,solved,osqp,3.122349057915752e-07,valid,0.055293141066797086,0.437741664|0.244694838|0.0552931411|0.0622931411|0.0858312082|0.0888312082,0.587741664|0.394694838|0.205293141|0.212293141|0.235831208|0.238831208,0.557741664|0.364694838|0.175293141|0.182293141|0.205831208|0.208831208,0.15|0.15|0.15|0.15|0.15|0.15,0|-0.0628360287|0.0386196542|0.0386196542|0.0266918025|0,-0.135725886|-0.23688479|-0.230822137|-0.230822137|-0.159091964|0,1.61524077|0.679058534|0.0289700811|0.0569700811|0.210924672|0.355324833,0.536166847|0.446479052|0.375028491,-0.0243393518|-0.270267934|0.0780353025,0.0036345310509204865,0.001044522039592266,0.0010005198419094086,0.0015625720843672752
3,0.2,-0.6148142772546158,0.38733696937561035,0.40293702483177185,0.22640682756900787,0.31771859526634216,0.35,2,0,0,0,0,,,nan,0,1.0976195335388184,5.396623611450195,132.7021942138672,1.097172737121582,1.0,nan,0,0,0,0,0.06852872226822568,0.0,filtered,0.04534564073123802,0,0,12,,workspace_z_lower,0,0,1,solved,osqp,3.3026253008078266e-07,valid,0.04579650695203011,0.431061173|0.229759678|0.045796507|0.0529123192|0.0796124863|0.0826124863,0.581061173|0.379759678|0.195796507|0.202912319|0.229612486|0.232612486,0.551061173|0.349759678|0.165796507|0.172912319|0.199612486|0.202612486,0.15|0.15|0.15|0.15|0.15|0.15,0|-0.049715065|0.145392456|0.150184432|0.124076229|0,-0.131484387|-0.235594794|-0.229259916|-0.225977581|-0.150530558|0,1.5927603|0.633728853|0.0993185679|0.135856128|0.291995617|0.330449945,0.534950197|0.432965726|0.378930211,-0.0243393518|-0.270267934|0.0780353025,0.0035103140398859978,0.0010425867512822151,0.0009662909433245659,0.0014767823740839958
4,0.25,-0.5368351225676293,0.2909334599971771,0.39882364869117737,0.22658990323543549,0.23115956783294678,0.35,2,0,0,0,0,,,nan,0,1.2528361082077026,4.268287181854248,35.45192337036133,1.2528361082077026,1.0,nan,0,0,0,0,0.06852872226822568,0.0,passthrough,6.697868348469535e-12,0,0,12,,workspace_z_lower,0,0,1,solved,osqp,0.0,valid,0.04147014324530643,0.424595674|0.215572036|0.0414701432|0.0493363588|0.0787142132|0.0817142095,0.574595674|0.365572036|0.191470143|0.199336359|0.228714213|0.23171421,0.544595674|0.335572036|0.161470143|0.169336359|0.198714213|0.20171421,0.15|0.15|0.15|0.15|0.15|0.15,0|-0.0236227935|0.230166551|0.245740248|0.205556219|0,-0.127126119|-0.23475097|-0.229993436|-0.220808917|-0.142992894|0,1.57125658|0.603914379|0.166053688|0.222276766|0.377420177|0.326856838,0.533733547|0.419452399|0.382831931,-0.0243393518|-0.270267934|0.0780353025,0.0037192199379205704,0.0010165655985474586,0.0009857229888439178,0.0016927924007177353
5,0.30000000000000004,-0.4873200978279983,0.2885691523551941,0.3925972282886505,0.2280912548303604,0.21806642413139343,0.35,2,0,0,0,0,,,nan,0,1.2096410989761353,5.06097412109375,131.88125610351562,1.1993379592895508,1.0,nan,0,0,0,0,0.06852872226822568,0.0,filtered,0.08847834542805631,0,0,12,,workspace_z_lower,0,0,1,solved,osqp,0.0,valid,0.04137963837967071,0.418351015|0.202826141|0.0413796384|0.0509027371|0.082375359|0.0853753441,0.568351015|0.352826141|0.191379638|0.200902737|0.232375359|0.235375344,0.538351015|0.322826141|0.161379638|0.170902737|0.202375359|0.205375344,0.15|0.15|0.15|0.15|0.15|0.15,0|0.0495797305|0.249571208|0.266215261|0.191601451|0,-0.122650841|-0.234169486|-0.231742437|-0.216004266|-0.137244935|0,1.55075322|0.62671481|0.183347324|0.253821944|0.383857952|0.341501376,0.532516897|0.405939072|0.386733651,-0.0243393518|-0.270267934|0.0780353025,0.004445166327059269,0.0011956235393881798,0.0013178074732422829,0.0019026780501008034
6,0.35000000000000003,-0.5172839278504745,0.28279608488082886,0.38874027132987976,0.23125024139881134,0.21278882026672363,0.35,2,0,0,0,0,,,nan,0,1.1719133853912354,4.0927629470825195,83.62033081054688,1.1719127893447876,1.0,nan,0,0,0,0,0.06852872226822568,0.0,filtered,1.097194886216831e-06,0,0,12,,workspace_z_lower,0,0,1,solved,osqp,0.0,valid,0.04233842294963955,0.412333042|0.193651982|0.0423384229|0.0537487313|0.0857129891|0.0887129745,0.562333042|0.343651982|0.192338423|0.203748731|0.235712989|0.238712974,0.532333042|0.313651982|0.162338423|0.173748731|0.205712989|0.208712974,0.15|0.15|0.15|0.15|0.15|0.15,0|0.0731481264|0.28708075|0.309119602|0.233635914|0,-0.118058671|-0.233093204|-0.235404185|-0.215112398|-0.136641924|0,1.5312735|0.61466285|0.221030257|0.309002129|0.439845946|0.354851898,0.531300247|0.392425746|0.390635371,-0.0243393518|-0.270267934|0.0780353025,0.004725339822471142,0.0014138054102659225,0.0013452712446451187,0.0019333083182573318
7,0.4,-0.5399889235048057,0.27594155073165894,0.38673606514930725,0.23496605455875397,0.20675617456436157,0.35,2,0,0,0,0,,,nan,0,1.1194511651992798,3.1520087718963623,65.98033905029297,1.119450569152832,1.0,nan,0,0,0,0,0.06852872226822568,0.0,filtered,1.184254954616011e-06,0,0,12,,predictive_link_2,0,0,1,solved,osqp,0.0,valid,0.04489724833805661,0.406547591|0.185805488|0.0448972483|0.0586478843|0.0909531669|0.0939531456,0.556547591|0.335805488|0.194897248|0.208647884|0.240953167|0.243953146,0.526547591|0.305805488|0.164897248|0.178647884|0.210953167|0.213953146,0.15|0.15|0.15|0.15|0.15|0.15,0|0.0924708629|0.302538008|0.327650908|0.247371176|0,-0.113350108|-0.231966143|-0.23948533|-0.215351239|-0.138150512|0,1.51284026|0.603726671|0.242641671|0.346891207|0.473033331|0.375812582,0.530083597|0.378912419|0.394537091,-0.0243393518|-0.270267934|0.0780353025,0.004323718138039112,0.0012263311073184013,0.001160469837486744,0.0019071120768785477
8,0.45,-0.5405507786523507,0.2694237530231476,0.3851739764213562,0.23865048587322235,0.20095610618591309,0.35,2,0,0,0,0,,,nan,0,1.0496567487716675,5.0265679359436035,60.99862289428711,1.0455368757247925,1.0,nan,0,0,0,0,0.06852872226822568,0.0,filtered,0.012719172242597443,0,0,12,joint_5_acceleration_upper,workspace_x_upper,0,0,1,solved,osqp,0.0,valid,0.048008016919272006,0.40100046|0.178973817|0.0480080169|0.0644093059|0.0967335558|0.0997335472,0.55100046|0.328973817|0.198008017|0.214409306|0.246733556|0.249733547,0.52100046|0.298973817|0.168008017|0.184409306|0.216733556|0.219733547,0.15|0.15|0.15|0.15|0.15|0.15,0|0.123054047|0.304980803|0.325920311|0.230317636|0,-0.108526067|-0.23068687|-0.243616824|-0.216535328|-0.141044407|0,1.49547577|0.608262444|0.253396047|0.367022206|0.476207451|0.398934189,0.528866947|0.365399092|0.398438811,-0.0243393518|-0.270267934|0.0780353025,0.004954992793500423,0.001613924279808998,0.0013611884787678719,0.0019479058682918549
9,0.5,-0.5362031622787902,0.2636704444885254,0.3838309049606323,0.2420894056558609,0.19570086896419525,0.35,2,0,0,0,0,,,nan,0,1.0412774085998535,4.533957004547119,24.364585876464844,1.0412771701812744,1.0,nan,0,0,0,0,0.06852872226822568,0.0,filtered,6.226541892813008e-07,0,0,12,,workspace_x_upper,0,0,1,solved,osqp,0.0,valid,0.05104270102667194,0.39569739|0.173692923|0.051042701|0.0699705935|0.101466532|0.104466505,0.54569739|0.323692923|0.201042701|0.219970593|0.251466532|0.254466505,0.51569739|0.293692923|0.171042701|0.189970593|0.221466532|0.224466505,0.15|0.15|0.15|0.15|0.15|0.15,0|0.15244278|0.30299099|0.31604355|0.206091937|0,-0.103587895|-0.229013349|-0.248093755|-0.219535675|-0.146040704|0,1.47920167|0.618201125|0.259068039|0.376390249|0.465917363|0.417866018,0.527650297|0.351885766|0.402340531,-0.0243393518|-0.270267934|0.0780353025,0.004634978249669075,0.001478712074458599,0.0013881335034966469,0.0017343824729323387
10,0.55,-0.5317382014832959,0.259021133184433,0.3826643228530884,0.24508987367153168,0.19123707711696625,0.35,2,0,0,0,0,,,nan,0,1.0838401317596436,2.9181814193725586,61.90022659301758,1.083840012550354,1.0,nan,0,0,0,0,0.06852872226822568,0.0,filtered,4.1246929754465053e-07,0,0,12,,workspace_x_upper,0,0,1,solved,osqp,0.0,valid,0.0537867140402882,0.390644045|0.169907141|0.053786714|0.0748817617|0.104751726|0.107751726,0.540644045|0.319907141|0.203786714|0.224881762|0.254751726|0.257751726,0.510644045|0.289907141|0.173786714|0.194881762|0.224751726|0.227751726,0.15|0.15|0.15|0.15|0.15|0.15,0|0.178902543|0.297244937|0.299934141|0.179058662|0,-0.0985374061|-0.22684435|-0.252931843|-0.224388119|-0.153206989|0,1.46403877|0.631686756|0.25945995|0.375073069|0.444858576|0.431006903,0.526433647|0.338372439|0.406242251,-0.0243393518|-0.270267934|0.0780353025,0.004543904215097427,0.001519249752163887,0.0012270091101527214,0.0017647827044129372
11,0.6000000000000001,-0.5724408323430976,0.25432634353637695,0.383943647146225,0.24809671938419342,0.1868743896484375,0.35,2,0,0,0,0,,,nan,0,1.120492935180664,1.6161781549453735,51.840904235839844,1.120492935180664,1.0,nan,0,0,0,0,0.06852872226822568,0.0,filtered,2.256804432023179e-07,0,0,12,,workspace_x_upper,0,0,1,solved,osqp,0.0,valid,0.0560509705081835,0.385845985|0.167504319|0.0560509705|0.0787750892|0.106374654|0.109374654,0.535845985|0.317504319|0.206050971|0.228775089|0.256374654|0.259374654,0.505845985|0.287504319|0.176050971|0.198775089|0.226374654|0.229374654,0.15|0.15|0.15|0.15|0.15|0.15,0|0.184249745|0.304438165|0.307623177|0.193627326|0,-0.0933768927|-0.224057908|-0.258117663|-0.230996749|-0.162583642|0,1.45000705|0.630209114|0.270524384|0.391726786|0.4565423|0.437498616,0.525216997|0.324859113|0.410143971,-0.0243393518|-0.270267934|0.0780353025,0.004697778262197971,0.0014796936884522438,0.0012905988842248917,0.0018963227048516273
12,0.65,-0.6293775311532708,0.24954912066459656,0.38828903436660767,0.2510944902896881,0.18263231217861176,0.35,2,0,0,0,0,,,nan,0,1.1392101049423218,0.8642459511756897,22.72300148010254,1.1392098665237427,1.0,nan,0,0,0,0,0.06852872226822568,0.0,filtered,4.5122051204067695e-07,0,0,12,,workspace_x_upper,0,0,1,solved,osqp,0.0,valid,0.05838157231546762,0.381308644|0.165528391|0.0583815723|0.0826634952|0.108177392|0.111177379,0.531308644|0.315528391|0.208381572|0.232663495|0.258177392|0.261177379,0.501308644|0.285528391|0.178381572|0.202663495|0.228177392|0.231177379,0.15|0.15|0.15|0.15|0.15|0.15,0|0.183878042|0.311544662|0.31793943|0.214419485|0,-0.0881091493|-0.220918556|-0.262922263|-0.237810042|-0.172626788|0,1.43712543|0.625073048|0.282148689|0.410783369|0.474502266|0.444709518,0.524000347|0.311345786|0.414045691,-0.0243393518|-0.270267934|0.0780353025,0.005083220079541206,0.0014873575419187546,0.0014292486011981964,0.0021312739700078964
13,0.7000000000000001,-0.698693662604198,0.24485714733600616,0.39606383442878723,0.2539617419242859,0.1786729097366333,0.35,2,0,0,0,0,,,nan,0,1.1419891119003296,1.2529655694961548,31.87168312072754,1.1419885158538818,1.0,nan,0,0,0,0,0.06852872226822568,0.0,filtered,9.205339733343148e-07,0,0,12,,workspace_x_upper,0,0,1,solved,osqp,0.0,valid,0.060800478523498375,0.377037303|0.163692323|0.0608004785|0.0866916025|0.110474267|0.113474267,0.527037303|0.313692323|0.210800479|0.236691603|0.260474267|0.263474267,0.497037303|0.283692323|0.180800479|0.206691603|0.230474267|0.233474267,0.15|0.15|0.15|0.15|0.15|0.15,0|0.17484861|0.316668214|0.330299709|0.241608224|0,-0.0827374848|-0.21749364|-0.267073528|-0.24433351|-0.182731599|0,1.42541173|0.61212426|0.2927966|0.432732608|0.500773692|0.453897067,0.522783697|0.297832459|0.417947412,-0.0243393518|-0.270267934|0.0780353025,0.0038544628769159317,0.0008681286126375198,0.001180112361907959,0.0017850743606686592
14,0.75,-0.7699395103998279,0.24055695533752441,0.4070347547531128,0.25652116537094116,0.1752176135778427,0.35,2,0,0,0,0,,,nan,0,1.1367475986480713,2.348203659057617,25.278766632080078,1.1367467641830444,1.0,nan,0,0,0,0,0.06852872226822568,0.0,filtered,1.428373738958587e-06,0,0,12,,workspace_x_upper,0,0,1,solved,osqp,0.0,valid,0.0632246573517262,0.373037063|0.161587219|0.0632246574|0.0909578995|0.113549358|0.116549329,0.523037063|0.311587219|0.213224657|0.2409579|0.263549358|0.266549329,0.493037063|0.281587219|0.183224657|0.2109579|0.233549358|0.236549329,0.15|0.15|0.15|0.15|0.15|0.15,0|0.160238291|0.317562097|0.340828305|0.268332606|0,-0.0772657322|-0.213931515|-0.270285303|-0.25002239|-0.192087355|0,1.41488252|0.592655651|0.300175424|0.454637513|0.530442682|0.466197314,0.521567047|0.284319133|0.421849132,-0.0243393518|-0.270267934|0.0780353025,0.002954656258225441,0.0008334647864103317,0.0008005229756236076,0.0013005556538701057
15,0.8,-0.833528964426271,0.23697316646575928,0.4204927086830139,0.2585992217063904,0.17246590554714203,0.35,2,0,0,0,0,,,nan,0,1.1350903511047363,2.616086959838867,10.016709327697754,1.1350903511047363,1.0,nan,0,0,0,0,0.06852872226822568,0.0,passthrough,5.4041007804561076e-12,0,0,12,,predictive_link_2,0,0,1,solved,osqp,0.0,valid,0.06549024806254625,0.369312822|0.158948919|0.0654902481|0.0954126881|0.117404431|0.120404431,0.519312822|0.308948919|0.215490248|0.245412688|0.267404431|0.270404431,0.489312822|0.278948919|0.185490248|0.215412688|0.237404431|0.240404431,0.15|0.15|0.15|0.15|0.15|0.15,0|0.143997028|0.313353307|0.346621439|0.289031922|0,-0.0716982541|-0.21036887|-0.272450503|-0.254632621|-0.200175818|0,1.40555303|0.569423835|0.302863796|0.473639571|0.558473826|0.481617723,0.520350397|0.270805806|0.425750852,-0.0243393518|-0.270267934|0.0780353025,0.003232274204492569,0.0008115386590361595,0.0008344855159521103,0.0015653232112526894
16,0.8500000000000001,-0.8792192318747811,0.2346632182598114,0.4352281093597412,0.2599087953567505,0.17075610160827637,0.35,2,0,0,0,0,,,nan,0,1.1418856382369995,2.1720659732818604,11.62508773803711,1.1418856382369995,1.0,nan,0,0,0,0,0.06852872226822568,0.0,passthrough,5.282204708114685e-12,0,0,12,,predictive_link_2,0,0,1,solved,osqp,0.0,valid,0.06741164860306056,0.365869247|0.155700784|0.0674116486|0.0998909195|0.121816411|0.124816411,0.515869247|0.305700784|0.217411649|0.249890919|0.271816411|0.274816411,0.485869247|0.275700784|0.187411649|0.219890919|0.241816411|0.244816411,0.15|0.15|0.15|0.15|0.15|0.15,0|0.130478159|0.301217809|0.341176861|0.293690596|0,-0.0660399413|-0.206881308|-0.273649175|-0.25822494|-0.206896843|0,1.39743705|0.546399985|0.297215228|0.482515598|0.574059396|0.499265642,0.519133747|0.257292479|0.429652572,-0.0243393518|-0.270267934|0.0780353025,0.0036621270701289177,0.0008578002452850342,0.0012095915153622627,0.0015738597139716148
17,0.9,-0.9091810394528421,0.23426149785518646,0.45017585158348083,0.2601049244403839,0.17050163447856903,0.35,2,0,0,0,0,,,nan,0,1.1543933153152466,2.3314950466156006,7.478724479675293,1.154391884803772,1.0,nan,0,0,0,0,0.06852872226822568,0.0,filtered,1.6486913421599134e-06,0,0,12,,predictive_link_2,0,0,1,solved,osqp,0.0,valid,0.0686666187257193,0.362710745|0.151970192|0.0686666187|0.103904416|0.126083099|0.129083099,0.512710745|0.301970192|0.218666619|0.253904416|0.276083099|0.279083099,0.482710745|0.271970192|0.188666619|0.223904416|0.246083099|0.249083099,0.15|0.15|0.15|0.15|0.15|0.15,0|0.115610512|0.280685585|0.325192792|0.284988725|0,-0.0602962067|-0.203385974|-0.274134075|-0.261141872|-0.212588037|0,1.39054677|0.520105307|0.281217984|0.479668586|0.576733085|0.516332398,0.517917097|0.243779153|0.433554292,-0.0243393518|-0.270267934|0.0780353025,0.004616971127688885,0.0011790730059146881,0.0014193560928106308,0.00198404211550951
18,0.9500000000000001,-0.9435277307841915,0.2414751499891281,0.4651031196117401,0.2591933608055115,0.1774144470691681,0.35,2,0,0,0,0,,,nan,0,1.1737079620361328,2.6831560134887695,14.355337142944336,1.1737067699432373,1.0,nan,0,0,0,0,0.06852872226822568,0.0,filtered,1.423309682453664e-06,0,0,12,,predictive_link_2,0,0,1,solved,osqp,0.0,valid,0.06888619366160423,0.359841442|0.14768741|0.0688861937|0.106973125|0.129607519|0.132607519,0.509841442|0.29768741|0.218886194|0.256973125|0.279607519|0.282607519,0.479841442|0.26768741|0.188886194|0.226973125|0.249607519|0.252607519,0.15|0.15|0.15|0.15|0.15|0.15,0|0.0957431155|0.259628285|0.311614675|0.281174065|0,-0.0544729724|-0.199849353|-0.274072505|-0.263492386|-0.217278321|0,1.3848928|0.486643401|0.261100554|0.476014789|0.58232582|0.530430076,0.516700447|0.230265826|0.437456012,-0.0243393518|-0.270267934|0.0780353025,0.004526866599917412,0.001253994181752205,0.001246156170964241,0.001994520425796509
19,1.0,-0.9889172346390004,0.2480190545320511,0.4805508255958557,0.2576115131378174,0.1963135004043579,0.35,2,0,0,0,0,,,nan,0,1.2155126333236694,3.132539749145508,21.13458824157715,1.2155126333236694,1.0,nan,0,0,0,0,0.06852872226822568,0.0,passthrough,7.789800157197323e-12,0,0,12,,predictive_link_2,0,0,1,solved,osqp,0.0,valid,0.06807531651107948,0.357265155|0.142613751|0.0680753165|0.109254045|0.132693934|0.135693909,0.507265155|0.292613751|0.218075317|0.259254045|0.282693934|0.285693909,0.477265155|0.262613751|0.188075317|0.229254045|0.252693934|0.255693909,0.15|0.15|0.15|0.15|0.15|0.15,0|0.0730446988|0.247070962|0.312955002|0.297726344|0,-0.0485766507|-0.196452462|-0.273457648|-0.265078902|-0.220612116|0,1.38048397|0.447047239|0.24591458|0.484892281|0.607889966|0.542775635,0.515483797|0.216752499|0.441357732,-0.0243393518|-0.270267934|0.0780353025,0.004788337275385857,0.0014585303142666817,0.0013367896899580956,0.0019600586965680122
20,1.05,-1.0393599411253354,0.2525010108947754,0.49678587913513184,0.2557588219642639,0.21671795845031738,0.35,2,0,0,0,0,,,nan,0,1.2751470804214478,3.217991828918457,13.880565643310547,1.2751470804214478,1.0,nan,0,0,0,0,0.06852872226822568,0.0,passthrough,5.188615074054025e-12,0,0,12,,predictive_link_2,0,0,1,solved,osqp,0.0,valid,0.0666834718323697,0.354985367|0.136645554|0.0666834718|0.111513457|0.136385953|0.139385925,0.504985367|0.286645554|0.216683472|0.261513457|0.286385953|0.289385925,0.474985367|0.256645554|0.186683472|0.231513457|0.256385953|0.259385925,0.15|0.15|0.15|0.15|0.15|0.15,0|0.0568952542|0.241174113|0.321316386|0.317566825|0,-0.0426141183|-0.193479289|-0.27218871|-0.265676321|-0.222285686|0,1.37732735|0.409998183|0.235719291|0.501693892|0.640824952|0.557543702,0.514267147|0.203239173|0.445259452,-0.0243393518|-0.270267934|0.0780353025,0.003001675009727478,0.000880710780620575,0.000779738649725914,0.0013134954497218132
21,1.1,-1.1253889677466602,0.2443869411945343,0.5161033272743225,0.25534284114837646,0.20989620685577393,0.35,2,0,0,0,0,,,nan,0,1.3527789115905762,2.3720693588256836,37.476112365722656,1.3527789115905762,1.0,nan,0,0,0,0,0.06852872226822568,0.0,passthrough,5.795010216513644e-12,0,0,12,,predictive_link_2,0,0,1,solved,osqp,0.0,valid,0.06510943082155288,0.353005208|0.130078361|0.0651094308|0.114208106|0.141013808|0.144013808,0.503005208|0.280078361|0.215109431|0.264208106|0.291013808|0.294013808,0.473005208|0.250078361|0.185109431|0.234208106|0.261013808|0.264013808,0.15|0.15|0.15|0.15|0.15|0.15,0|0.0663447312|0.269055309|0.36371205|0.365287919|0,-0.0365926845|-0.190943644|-0.270266737|-0.265380935|-0.22251358|0,1.37542815|0.395714532|0.259226295|0.555163539|0.70682957|0.576055231,0.513050497|0.189725846|0.449161172,-0.0243393518|-0.270267934|0.0780353025,0.0029003098607063293,0.0007923394441604614,0.0007793838158249855,0.0013096099719405174
22,1.1500000000000001,-1.22160745143196,0.23833438754081726,0.5384886264801025,0.256437748670578,0.1940259039402008,0.35,2,0,0,0,0,,,nan,0,1.4214071035385132,1.9941827058792114,12.167036056518555,1.4214071035385132,1.0,nan,0,0,0,0,0.06852872226822568,0.0,passthrough,8.677825075497409e-12,0,0,12,,predictive_link_2,0,0,1,solved,osqp,0.0,valid,0.06507843852969983,0.351327432|0.124174031|0.0650784385|0.119095729|0.148067915|0.151067915,0.501327432|0.274174031|0.215078439|0.269095729|0.298067915|0.301067915,0.471327432|0.244174031|0.185078439|0.239095729|0.268067915|0.271067915,0.15|0.15|0.15|0.15|0.15|0.15,0|0.0816229124|0.297904145|0.406386349|0.412667068|0,-0.0305200518|-0.188732488|-0.267588906|-0.264752194|-0.22256745|0,1.37478968|0.38958655|0.290628993|0.61801707|0.782371277|0.60427166,0.511833847|0.176212519|0.453062892,-0.0243393518|-0.270267934|0.0780353025,0.004586425609886646,0.0013921530917286873,0.001303243450820446,0.001858588308095932
23,1.2000000000000002,-1.3122834998007356,0.23301810026168823,0.5631929039955139,0.2587032914161682,0.1733892858028412,0.35,2,0,0,0,0,,,nan,0,1.4714502096176147,1.4693877696990967,11.975226402282715,1.4714502096176147,1.0,nan,0,0,0,0,0.06852872226822568,0.0,passthrough,9.848535096823694e-12,0,0,12,,workspace_y_lower,0,0,1,solved,osqp,0.0,valid,0.06667823002425957,0.349954399|0.119235309|0.06667823|0.126185432|0.157501523|0.160501523,0.499954399|0.269235309|0.21667823|0.276185432|0.307501523|0.310501523,0.469954399|0.239235309|0.18667823|0.246185432|0.277501523|0.280501523,0.15|0.15|0.15|0.15|0.15|0.15,0|0.0993783068|0.319035651|0.438080596|0.44744914|0,-0.0244042735|-0.186744708|-0.264063853|-0.263840132|-0.222571347|0,1.37541332|0.389574833|0.321684718|0.678982194|0.854883885|0.642006092,0.510617197|0.162699193|0.456964612,-0.0243393518|-0.270267934|0.0780353025,0.004485101439058781,0.001525205560028553,0.0011535929515957832,0.001775657758116722
24,1.25,-1.3910441184253413,0.22629237174987793,0.5893087983131409,0.2617258131504059,0.16841447353363037,0.35,2,0,0,0,0,,,nan,0,1.4971996545791626,0.9794355630874634,13.753955841064453,1.4971996545791626,1.0,nan,0,0,0,0,0.06852872226822568,0.0,passthrough,5.242505078125498e-12,0,0,12,,workspace_y_lower,0,0,1,solved,osqp,0.0,valid,0.06956845277839044,0.348888057|0.11536604|0.0695684528|0.134938082|0.168689338|0.171689338,0.498888057|0.26536604|0.219568453|0.284938082|0.318689338|0.321689338,0.468888057|0.23536604|0.189568453|0.254938082|0.288689338|0.291689338,0.15|0.15|0.15|0.15|0.15|0.15,0|0.117603856|0.330950481|0.456502348|0.467750759|0,-0.0182537014|-0.184800115|-0.259693732|-0.262651053|-0.222482774|0,1.37729853|0.3942679|0.349530559|0.733603623|0.920025336|0.686757352,0.509400547|0.149185866|0.460866332,-0.0243393518|-0.270267934|0.0780353025,0.00438810046762228,0.0012504840269684792,0.0011688312515616417,0.0019380738958716393
25,1.3,-1.4416772348923406,0.2197824865579605,0.6151399612426758,0.2646530270576477,0.16471590101718903,0.35,2,0,0,0,0,,,nan,0,1.4980970621109009,1.1809816360473633,22.53952407836914,1.4980970621109009,1.0,nan,0,0,0,0,0.06852872226822568,0.0,passthrough,3.6142976448189006e-11,0,0,12,,workspace_y_lower,0,0,1,solved,osqp,0.0,valid,0.0733275537792348,0.348129934|0.11256478|0.0733275538|0.144697218|0.18091252|0.183912493,0.498129934|0.26256478|0.223327554|0.294697218|0.33091252|0.333912493,0.468129934|0.23256478|0.193327554|0.264697218|0.30091252|0.303912493,0.15|0.15|0.15|0.15|0.15|0.15,0|0.128440354|0.324556167|0.451269467|0.462794692|0,-0.0120769328|-0.182702178|-0.254535499|-0.261165155|-0.22220381|0,1.3804428|0.395997296|0.363330883|0.768893186|0.964240961|0.735649973,0.508183897|0.135672539|0.464768052,-0.0243393518|-0.270267934|0.0780353025,0.004944521002471447,0.001426173374056816,0.0013616029173135757,0.002122946083545685
26,1.35,-1.451674474824695,0.21538467705249786,0.638502299785614,0.2663767337799072,0.16257981956005096,0.35,2,0,0,0,0,,,nan,0,1.472678780555725,1.993314504623413,23.146394729614258,1.472678780555725,1.0,nan,0,0,0,0,0.06852872226822568,0.0,passthrough,1.1312866017161604e-10,0,0,12,,workspace_y_lower,0,0,1,solved,osqp,0.0,valid,0.07708173095187074,0.347681116|0.110431542|0.077081731|0.154302541|0.19293898|0.19593898,0.497681116|0.260431542|0.227081731|0.304302541|0.34293898|0.34593898,0.467681116|0.230431542|0.197081731|0.274302541|0.31293898|0.31593898,0.15|0.15|0.15|0.15|0.15|0.15,0|0.125200496|0.294635679|0.416268825|0.428620122|0,-0.00588274287|-0.180243469|-0.248727491|-0.259197588|-0.221292007|0,1.38484172|0.386683195|0.354235112|0.7742814|0.979084034|0.783755919,0.506967247|0.12215919|0.468669772,-0.0243393518|-0.270267934|0.0780353025,0.0046560075134038925,0.0013866741210222244,0.0012682434171438217,0.001971546560525894
27,1.4000000000000001,-1.4489509223940198,0.21319463849067688,0.6588929295539856,0.2667761445045471,0.16208921372890472,0.35,2,0,0,0,0,,,nan,0,1.4567314386367798,2.1098883152008057,9.528532981872559,1.4567314386367798,1.0,nan,0,0,0,0,0.06852872226822568,0.0,passthrough,3.3081204624746324e-11,0,0,12,,workspace_y_lower,0,0,1,solved,osqp,0.0,valid,0.07968605512802554,0.347541836|0.108240668|0.0796860551|0.162296349|0.203358302|0.206358302,0.497541836|0.258240668|0.229686055|0.312296349|0.353358302|0.356358302,0.467541836|0.228240668|0.199686055|0.282296349|0.323358302|0.326358302,0.147421194|0.15|0.15|0.15|0.15|0.15,0|0.117689103|0.261503827|0.375043293|0.387619881|0,3.4232729e-18|-0.177221722|-0.24250314|-0.256506811|-0.2192285|0,1.39016734|0.373430054|0.337744907|0.767721879|0.981824588|0.825433207,0.505750597|0.108645774|0.472571492,-0.0243393518|-0.270267934|0.0780353025,0.0044972458854317665,0.0012035490944981575,0.0012446437031030655,0.0020188186317682266
28,1.4500000000000002,-1.4263650983514324,0.22086575627326965,0.6751757264137268,0.2653345763683319,0.18207040429115295,0.35,2,0,0,0,0,,,nan,0,1.4472233057022095,2.616248369216919,13.70354175567627,1.4472233057022095,1.0,nan,0,0,0,0,0.06852872226822568,0.0,passthrough,9.148173967944997e-11,0,0,12,,workspace_y_lower,0,0,1,solved,osqp,0.0,valid,0.08100434348242039,0.347542055|0.105811819|0.0810043435|0.168413149|0.21190088|0.21490088,0.497542055|0.255811819|0.231004343|0.318413149|0.36190088|0.36490088,0.467542055|0.225811819|0.201004343|0.288413149|0.33190088|0.33490088,0.0974212689|0.15|0.15|0.15|0.15|0.15,0|0.0999161317|0.216688552|0.317889436|0.331670072|0,-7.14282949e-18|-0.173537174|-0.235964262|-0.253094831|-0.216034368|0,1.39016822|0.349626232|0.304741663|0.738447202|0.963239223|0.859603519,0.504533947|0.0951323584|0.476473212,-0.0243393518|-0.270267934|0.0780353025,0.0044802092015743256,0.0012226635590195656,0.001166696660220623,0.0020604468882083893
29,1.5,-1.4116950199022948,0.24114003777503967,0.6876356601715088,0.26231464743614197,0.20785118639469147,0.35,2,0,0,0,0,,,nan,0,1.45561945438385,2.4301693439483643,8.887015342712402,1.45561945438385,1.0,nan,0,0,0,0,0.06852872226822568,0.0,passthrough,6.185032964605421e-10,0,0,12,,workspace_y_lower,0,0,1,solved,osqp,0.0,valid,0.08049880517744393,0.347542273|0.10268545|0.0804988052|0.171935715|0.217922788|0.220922763,0.497542273|0.25268545|0.230498805|0.321935715|0.367922788|0.370922763,0.467542273|0.22268545|0.200498805|0.291935715|0.337922788|0.340922763,0.0474213443|0.15|0.15|0.15|0.15|0.15,0|0.0836067452|0.178851975|0.267447329|0.282349373|0,-5.86092288e-18|-0.169051805|-0.229240006|-0.248851786|-0.211509098|0,1.39016909|0.325296741|0.271607189|0.7063384|0.942531427|0.883691051,0.503317297|0.0816189423|0.480374932,-0.0243393518|-0.270267934|0.0780353025,0.0032823290675878525,0.0009824037551879883,0.0008915001526474953,0.0013885674998164177
30,1.55,-1.4028889966673341,0.33407092094421387,0.6934895515441895,0.25621476769447327,0.2834336459636688,0.35,2,0,0,0,0,,,nan,0,1.4619460105895996,3.9906322956085205,36.06039810180664,1.4619460105895996,1.0,nan,0,0,0,0,0.06852872226822568,0.0,passthrough,1.9765238864853864e-09,0,0,12,,workspace_x_upper,0,0,1,solved,osqp,0.0,valid,0.07844681073058798,0.347542904|0.0989395555|0.0784468107|0.173153186|0.221739294|0.224739294,0.497542904|0.248939556|0.228446811|0.323153186|0.371739294|0.374739294,0.467542904|0.218939556|0.198446811|0.293153186|0.341739294|0.344739294,0|0.15|0.15|0.15|0.15|0.15,0|0.0397565842|0.105487846|0.175566082|0.197045975|0,0.000319950026|-0.163683417|-0.222220565|-0.243733087|-0.20568026|0,1.39049157|0.27183139|0.197054525|0.624445738|0.878322892|0.898957176,0.502100646|0.0681055263|0.484276652,-0.0243393518|-0.270267934|0.0780353025,0.003291713073849678,0.0010391371324658394,0.0008477363735437393,0.0013720719143748283
31,1.6,-1.3733329202348432,0.411495178937912,0.693356990814209,0.2474035769701004,0.3590724468231201,0.35,2,0,0,0,0,,,nan,0,1.4153258800506592,5.230679512023926,90.04926300048828,1.4133760929107666,1.0,nan,0,0,0,0,0.06852872226822568,0.0,filtered,0.007819128664886096,0,0,12,,workspace_x_upper,0,0,1,solved,osqp,0.0,valid,0.07334329155214,0.347714197|0.0934151046|0.0733432916|0.170366793|0.221942208|0.224942208,0.497714197|0.243415105|0.223343292|0.320366793|0.371942208|0.374942208,0.467714197|0.213415105|0.193343292|0.290366793|0.341942208|0.344942208,0|0.15|0.15|0.15|0.15|0.15,0|0.00285582588|0.046705242|0.101620623|0.135830695|0,0.00652219756|-0.157077531|-0.214859146|-0.237071039|-0.197518652|0,1.39737898|0.219438713|0.125219262|0.546016757|0.826080876|0.899768833,0.500883996|0.0545921102|0.488178372,-0.0243393518|-0.270267934|0.0780353025,0.0038293972611427307,0.0014831004664301872,0.0009777583181858063,0.0013352027162909508
32,1.6500000000000001,-1.3729549892271837,0.4274260103702545,0.6925770044326782,0.23890499770641327,0.3735543489456177,0.35,2,0,0,0,0,,,nan,0,1.3740164041519165,1.5585877895355225,94.39677429199219,1.4209225177764893,1.0,nan,0,0,0,0,0.06852872226822568,0.0,filtered,0.12095779438474165,0,1,12,workspace_x_upper,workspace_x_upper,2,0,0,inaccurate_solution,,0.0,valid,0.0656306722251572,0.34819531|0.0863347345|0.0656306722|0.164209852|0.219507116|0.222507116,0.49819531|0.236334735|0.215630672|0.314209852|0.369507116|0.372507116,0.46819531|0.206334735|0.185630672|0.284209852|0.339507116|0.342507116,0|0.15|0.15|0.15|0.15|0.15,0|0.0130509817|0.0501487862|0.0922247108|0.123738656|0,0.012715017|-0.148972851|-0.206610362|-0.228477632|-0.187002739|0,1.40549626|0.209417068|0.106061113|0.520586486|0.814764382|0.890028464,0.499667227|0.0410786942|0.492080092,-0.0243393518|-0.270267934|0.0780353025,0.003187107853591442,0.0008662845939397812,0.0008390340954065323,0.0014618933200836182
33,1.7000000000000002,-1.389033561074248,0.42933669686317444,0.6925765872001648,0.23138858377933502,0.37455493211746216,0.35,2,0,0,0,0,,,nan,0,1.3318549394607544,1.948630690574646,30.68593406677246,1.4144798517227173,1.0,nan,0,0,0,0,0.06852872226822568,0.0,filtered,0.22567101325050695,0,1,12,workspace_x_upper,workspace_x_upper,0,0,1,solved,osqp,1.5572759526349955e-08,valid,0.05832779417211534,0.348985458|0.0800569578|0.0583277942|0.157793142|0.216773178|0.219773178,0.498985458|0.230056958|0.208327794|0.307793142|0.366773178|0.369773178,0.468985458|0.200056958|0.178327794|0.277793142|0.336773178|0.339773178,0|0.15|0.15|0.15|0.15|0.15,0|0.0315839202|0.0622200334|0.0886112251|0.1117692|0,0.0188895157|-0.139799937|-0.19765519|-0.219582395|-0.176571731|0,1.41483135|0.212011814|0.0978760198|0.500201399|0.802290183|0.879092713,0.49845022|0.0275652856|0.495981812,-0.0243393518|-0.270267934|0.0780353025,0.004936348646879196,0.0013868901878595352,0.0014414312317967415,0.0020776130259037018
34,1.75,-1.4040111383255023,0.43115973472595215,0.6932162642478943,0.2246961146593094,0.3759366571903229,0.35,2,0,0,0,0,,,nan,0,1.3028101921081543,1.5480268001556396,8.308072090148926,1.385041356086731,1.0,nan,0,0,0,0,0.06852872226822568,0.0,filtered,0.25110283584447063,0,1,12,workspace_x_upper,workspace_x_upper,0,0,1,solved,osqp,1.9566538139725864e-08,valid,0.05202806520485434,0.35008369|0.0751445595|0.0520280652|0.151560678|0.213865132|0.216865132,0.50008369|0.22514456|0.202028065|0.301560678|0.363865132|0.366865132,0.47008369|0.19514456|0.172028065|0.271560678|0.333865132|0.336865132,0|0.15|0.15|0.15|0.15|0.15,0|0.0464170055|0.0709505801|0.0833112644|0.0995998141|0,0.0250369118|-0.129963844|-0.188600828|-0.211358925|-0.167348049|0,1.42537167|0.217031399|0.0904620126|0.478195052|0.787712293|0.867460528,0.497233212|0.0140518919|0.499883533,-0.0243393518|-0.270267934|0.0780353025,0.002955125644803047,0.000781254842877388,0.0008198954164981842,0.0013346653431653976
35,1.8,-1.4179437639010621,0.4321925640106201,0.6943957805633545,0.2187216728925705,0.3769533634185791,0.35,2,0,0,0,0,,,nan,0,1.2813782691955566,1.2202707529067993,7.526007175445557,1.3600378036499023,1.0,nan,0,0,0,0,0.06852872226822568,0.0,filtered,0.2682947481914267,0,1,12,workspace_x_upper,workspace_x_upper,0,0,1,solved,osqp,2.296748721763997e-08,valid,0.046556118865658386,0.351488435|0.0714349778|0.0465561189|0.145391059|0.210710764|0.213710764,0.501488435|0.221434978|0.196556119|0.295391059|0.360710764|0.363710764,0.471488435|0.191434978|0.166556119|0.265391059|0.330710764|0.333710764,0|0.15|0.15|0.15|0.15|0.15,0|0.0583035146|0.0771246851|0.077191325|0.0879092087|0,0.0311486382|-0.119644621|-0.17957019|-0.203765731|-0.15918311|0,1.43710238|0.224398805|0.0837789701|0.454989828|0.771569156|0.854843057,0.496016204|0.000538495136|0.503785253,-0.0243393518|-0.270267934|0.0780353025,0.003032536245882511,0.000779464840888977,0.0007741749286651611,0.0014598844572901726
36,1.85,-1.430553847736483,0.43179604411125183,0.6960456967353821,0.21339519321918488,0.37694042921066284,0.35,2,0,0,0,0,,,nan,0,1.2654063701629639,1.0004431009292603,6.901562690734863,1.338377833366394,1.0,nan,0,0,0,0,0.06852872226822568,0.0,filtered,0.2777540045451675,0,1,12,workspace_x_upper,workspace_x_upper,0,0,1,solved,osqp,2.547021417387274e-08,valid,0.0417991363917781,0.353197701|0.0688142873|0.0417991364|0.139239655|0.207312127|0.210312115,0.503197701|0.218814287|0.191799136|0.289239655|0.357312127|0.360312115,0.473197701|0.188814287|0.161799136|0.259239655|0.327312127|0.330312115,0|0.15|0.15|0.15|0.15|0.15,0|0.0681653962|0.0817961021|0.0713198977|0.0774940214|0,0.0372163699|-0.108971846|-0.170611151|-0.196699844|-0.151904689|0,1.45000717|0.234450699|0.078381497|0.431578674|0.754837839|0.841248461,0.494799197|-0.0129749021|0.507686973,-0.0243393518|-0.270267934|0.0780353025,0.003970845602452755,0.001472880132496357,0.0011310810223221779,0.0013327011838555336
37,1.9000000000000001,-1.442346763186795,0.4290468394756317,0.6981649994850159,0.20868270099163055,0.37494999170303345,0.35,2,0,0,0,0,,,nan,0,1.246099829673767,1.6844618320465088,22.183881759643555,1.3145387172698975,1.0,nan,0,0,0,0,0.06852872226822568,0.0,filtered,0.2863022064629026,0,1,12,workspace_x_upper,workspace_x_upper,0,0,1,solved,osqp,2.761092859904224e-08,valid,0.03768599377769846,0.355209086|0.0672027301|0.0376859938|0.133107449|0.203703496|0.206703449,0.505209086|0.21720273|0.187685994|0.283107449|0.353703496|0.356703449,0.475209086|0.18720273|0.157685994|0.253107449|0.323703496|0.326703449,0|0.15|0.15|0.15|0.15|0.15,0|0.076849461|0.0857128409|0.0661221265|0.0682460898|0,0.043232087|-0.098043883|-0.161730415|-0.19003385|-0.145347091|0,1.46406843|0.247616498|0.074726401|0.408518071|0.737712983|0.826813798,0.493582189|-0.0264882967|0.511588693,-0.0243393518|-0.270267934|0.0780353025,0.0029268069192767143,0.0007880106568336487,0.0008251834660768509,0.0012935400009155273
38,1.9500000000000002,-1.452643895859126,0.4241673946380615,0.7007092833518982,0.20453859865665436,0.3711797893047333,0.35,2,0,0,0,0,,,nan,0,1.2286937236785889,2.6313345432281494,21.271587371826172,1.2929425239562988,1.0,nan,0,0,0,0,0.06852872226822568,0.0,filtered,0.2925632824407631,0,1,12,workspace_x_upper,workspace_x_upper,0,0,1,solved,osqp,2.921884229012406e-08,valid,0.034178497654143575,0.357519796|0.0665552239|0.0341784977|0.127017023|0.199906261|0.202906226,0.507519796|0.216555224|0.184178498|0.277017023|0.349906261|0.352906226,0.477519796|0.186555224|0.154178498|0.247017023|0.319906261|0.322906226,0|0.15|0.15|0.15|0.15|0.15,0|0.0840745017|0.0887477036|0.0617606785|0.0595368888|0,0.0491881318|-0.0869622647|-0.152959608|-0.183690434|-0.13948345|0,1.47926732|0.263333133|0.0725020862|0.386138338|0.719678484|0.811624903,0.492365181|-0.0400017053|0.515490413,-0.0243393518|-0.270267934|0.0780353025,0.0028738947585225105,0.000787658616900444,0.0007854877039790154,0.0012797117233276367
39,2.0,-1.4573232216176806,0.4159218966960907,0.7035549283027649,0.20093508064746857,0.3644537031650543,0.35,2,0,0,0,0,,,nan,0,1.2122288942337036,1.4164799451828003,27.79073143005371,1.2712054252624512,1.0,nan,0,0,0,0,0.06852872226822568,0.0,filtered,0.2919575587373615,0,1,12,workspace_x_upper,workspace_x_upper,0,0,1,solved,osqp,2.955506379215267e-08,valid,0.03123174935956971,0.360126666|0.0668067203|0.0312317494|0.121004764|0.195911639|0.198911619,0.510126666|0.21680672|0.181231749|0.271004764|0.345911639|0.348911619,0.480126666|0.18680672|0.151231749|0.241004764|0.315911639|0.318911619,0|0.15|0.15|0.15|0.15|0.15,0|0.0888354963|0.0916722545|0.0609449209|0.0546991843|0,0.0550772358|-0.0758111295|-0.144293677|-0.177555287|-0.134258477|0,1.4955839|0.280251248|0.0723055754|0.367408689|0.704087262|0.795646475,0.491148174|-0.0535151213|0.519392133,-0.0243393518|-0.270267934|0.0780353025,0.004881976172327995,0.0014911619946360588,0.0014338092878460884,0.001925438642501831
40,2.0500000000000003,-1.4568023872102094,0.40299317240715027,0.7066178321838379,0.19786973297595978,0.35349851846694946,0.35,2,0,0,0,0,,,nan,0,1.19275963306427,0.7708659172058105,24.508136749267578,1.2474093437194824,1.0,nan,0,0,0,0,0.06852872226822568,0.0,filtered,0.290416586321263,0,1,12,workspace_x_upper,workspace_x_upper,0,0,1,solved,osqp,2.9530187975468358e-08,valid,0.028850550707374606,0.363026174|0.0678418527|0.0288505507|0.115256609|0.191912631|0.194912631,0.513026174|0.217841853|0.178850551|0.265256609|0.341912631|0.344912631,0.483026174|0.187841853|0.148850551|0.235256609|0.311912631|0.314912631,0|0.15|0.15|0.15|0.15|0.15,0|0.0919742981|0.0946262538|0.0625213885|0.0530006259|0,0.0608925657|-0.0646043532|-0.135495011|-0.171274733|-0.129219894|0,1.51299726|0.298737356|0.0745334459|0.352273092|0.691431257|0.779650525,0.489931166|-0.0670285374|0.523293853,-0.0243393518|-0.270267934|0.0780353025,0.0030092522501945496,0.0007808348163962364,0.0008500693365931511,0.00135728158056736
41,2.1,-1.4510468106152237,0.3855879008769989,0.7098245024681091,0.19533388316631317,0.3384976089000702,0.35,2,0,0,0,0,,,nan,0,1.179027795791626,0.6098853349685669,5.61526346206665,1.2303566932678223,1.0,nan,0,0,0,0,0.06852872226822568,0.0,filtered,0.2901177237761002,0,1,12,workspace_x_upper,workspace_x_upper,0,0,1,solved,osqp,2.9672179647360908e-08,valid,0.02705461190398925,0.366214471|0.0695844059|0.0270546119|0.109914289|0.188085098|0.191085098,0.516214471|0.219584406|0.177054612|0.259914289|0.338085098|0.341085098,0.486214471|0.189584406|0.147054612|0.229914289|0.308085098|0.311085098,0|0.15|0.15|0.15|0.15|0.15,0|0.0947174798|0.0970485513|0.0637902587|0.0513151696|0,0.0666277585|-0.05336381|-0.126407224|-0.164616884|-0.124054549|0,1.53148564|0.319691293|0.0788597752|0.338830531|0.679601013|0.764340393,0.488714159|-0.0805419534|0.527195573,-0.0243393518|-0.270267934|0.0780353025,0.003449142910540104,0.0007795710116624832,0.0008202949538826942,0.0018285904079675674
42,2.15,-1.4387613240466919,0.3606380224227905,0.7132006883621216,0.19338028132915497,0.31638553738594055,0.35,2,0,0,0,0,,,nan,0,1.1662354469299316,0.6442962884902954,2.4606666564941406,1.2150152921676636,1.0,nan,0,0,0,0,0.06852872226822568,0.0,filtered,0.29014860586202207,0,1,12,workspace_x_upper,workspace_x_upper,0,0,1,solved,osqp,3.003014893698808e-08,valid,0.025834440598967362,0.369687402|0.0720174916|0.0258344406|0.104984958|0.184442307|0.187442307,0.519687402|0.222017492|0.175834441|0.254984958|0.334442307|0.337442307,0.489687402|0.192017492|0.145834441|0.224984958|0.304442307|0.307442307,0|0.15|0.15|0.15|0.15|0.15,0|0.0973820921|0.100279303|0.0667693437|0.0516631986|0,0.0722769441|-0.0421346384|-0.117043723|-0.157540935|-0.118711187|0,1.55102655|0.34331742|0.086573342|0.32916824|0.670721239|0.749769228,0.487497151|-0.0940553695|0.531097293,-0.0243393518|-0.270267934|0.0780353025,0.0029075946658849716,0.0007850658148527145,0.0008080741390585899,0.001294182613492012
43,2.2,-1.429671038394022,0.33577755093574524,0.7168671488761902,0.19212333858013153,0.294818639755249,0.35,2,0,0,0,0,,,nan,0,1.1511974334716797,1.0008991956710815,8.917984008789062,1.1982572078704834,1.0,nan,0,0,0,0,0.06852872226822568,0.0,filtered,0.29077596506717457,0,1,12,workspace_x_upper,workspace_x_upper,0,0,1,solved,osqp,3.0580470728597264e-08,valid,0.025246286619096087,0.373440529|0.0751364307|0.0252462866|0.100576912|0.18109752|0.184097507,0.523440529|0.225136431|0.175246287|0.250576912|0.33109752|0.334097507,0.493440529|0.195136431|0.145246287|0.220576912|0.30109752|0.304097507,0|0.15|0.15|0.15|0.15|0.15,0|0.100094694|0.105596058|0.0733997785|0.0564568414|0,0.0778347633|-0.0309730414|-0.107388835|-0.149986995|-0.11313495|0,1.57159688|0.369667375|0.0991923694|0.325720431|0.667711971|0.736390026,0.486280143|-0.107568786|0.534999013,-0.0243393518|-0.270267934|0.0780353025,0.0028313305228948593,0.0007817847654223442,0.0007721381261944771,0.0012574000284075737
44,2.25,-1.444431750000141,0.32726964354515076,0.7211359739303589,0.19180206954479218,0.2901087999343872,0.35,2,0,0,0,0,,,nan,0,1.1303194761276245,1.5781941413879395,11.69718074798584,1.1767938137054443,1.0,nan,0,0,0,0,0.06852872226822568,0.0,filtered,0.2930444071079948,0,1,12,workspace_x_upper,workspace_x_upper,0,0,1,solved,osqp,3.181748099712056e-08,valid,0.025412685590044864,0.377469162|0.0789394712|0.0254126856|0.0969001038|0.178292497|0.181292497,0.527469162|0.228939471|0.175412686|0.246900104|0.328292497|0.331292497,0.497469162|0.198939471|0.145412686|0.216900104|0.298292497|0.301292497,0|0.15|0.15|0.15|0.15|0.15,0|0.103199931|0.115512417|0.0873088573|0.069634493|0,0.0832963794|-0.0199425352|-0.09739905|-0.141879293|-0.107237506|0,1.59317303|0.39901528|0.11976411|0.33302998|0.675566977|0.72516999,0.485063136|-0.121082202|0.538900733,-0.0243393518|-0.270267934|0.0780353025,0.004915461875498295,0.001432596705853939,0.0014012157917022705,0.0020482586696743965
45,2.3000000000000003,-1.4579879151855701,0.3217172920703888,0.7257389426231384,0.19230736792087555,0.28863999247550964,0.35,2,0,0,0,0,,,nan,0,1.1252567768096924,0.48125845193862915,22.479679107666016,1.1698639392852783,1.0,nan,0,0,0,0,0.06852872226822568,0.0,filtered,0.29163903658164514,0,1,12,workspace_x_upper,workspace_x_upper,0,0,1,solved,osqp,3.398503274285036e-08,valid,0.02658503541104365,0.381768369|0.0834369604|0.0265850354|0.0943505663|0.176471996|0.179471996,0.531768369|0.23343696|0.176585035|0.244350566|0.326471996|0.329471996,0.501768369|0.20343696|0.146585035|0.214350566|0.296471996|0.299471996,0|0.15|0.15|0.15|0.15|0.15,0|0.107607424|0.122247995|0.0945750682|0.0751870266|0,0.0886574628|-0.00913346951|-0.087010066|-0.133148582|-0.100941432|0,1.61573094|0.432221796|0.141578071|0.338828752|0.680133578|0.717887983,0.483846128|-0.134595558|0.542802453,-0.0243393518|-0.270267934|0.0780353025,0.003033905290067196,0.0009306175634264946,0.000791618600487709,0.0012914128601551056
46,2.35,-1.4586459900119875,0.31585681438446045,0.7300131916999817,0.19309444725513458,0.28685063123703003,0.35,2,0,0,0,0,,,nan,0,1.112999677658081,0.37645891308784485,11.592976570129395,1.1601777076721191,1.0,nan,0,0,0,0,0.06852872226822568,0.0,filtered,0.2916465327684784,0,2,12,workspace_x_upper|workspace_y_lower,workspace_x_upper,30,0,0,inaccurate_solution,,4.315569072238512e-09,valid,0.028616802164148553,0.38633303|0.0886804707|0.0286168022|0.0926224131|0.175262398|0.178262398,0.53633303|0.238680471|0.178616802|0.242622413|0.325262398|0.328262398,0.50633303|0.208680471|0.148616802|0.212622413|0.295262398|0.298262398,0|0.143398124|0.15|0.15|0.15|0.15,0|0.106918749|0.11747805|0.0883761999|0.0677022521|0,0.093914247|-2.91792511e-18|-0.0764870823|-0.123980985|-0.0944432406|0,1.63924637|0.461640632|0.155458177|0.334884868|0.674308605|0.713049593,0.48262912|-0.148108885|0.546704173,-0.0243393518|-0.270267934|0.0780353025,0.003890065476298332,0.0008077174425125122,0.0008053667843341827,0.0022572828456759453
47,2.4000000000000004,-1.4458218918432078,0.31113409996032715,0.7332998514175415,0.19347871840000153,0.28598129749298096,0.35,2,0,0,0,0,,,nan,0,1.0871342420578003,0.8400761485099792,12.457719802856445,1.1391185522079468,1.0,nan,0,0,0,0,0.06852872226822568,0.0,filtered,0.2982915852185172,0,0,12,,workspace_y_lower,0,0,1,solved,osqp,9.72753590400277e-07,valid,0.03093135343340317,0.391157853|0.0940879161|0.0309313534|0.0910588799|0.174018072|0.177018072,0.541157853|0.244087916|0.180931353|0.24105888|0.324018072|0.327018072,0.511157853|0.214087916|0.150931353|0.21105888|0.294018072|0.297018072,0|0.0946508603|0.15|0.15|0.15|0.15,0|0.0974719725|0.0988447478|0.0686300161|0.0474034598|0,0.0990634883|-2.35247668e-17|-0.0660240885|-0.114477206|-0.0877514361|0,1.6636949|0.473823637|0.156546073|0.318388329|0.65572431|0.708072286,0.481412113|-0.161622211|0.550605893,-0.0243393518|-0.270267934|0.0780353025,0.003323703072965145,0.0010951440781354904,0.0008366098627448082,0.0013613570481538773
48,2.45,-1.4345071112010601,0.3072676360607147,0.7357637882232666,0.19354023039340973,0.2858423888683319,0.35,2,0,0,0,0,,,nan,0,1.0587564706802368,1.385310411453247,17.24954605102539,1.1139345169067383,1.0,nan,0,0,0,0,0.06852872226822568,0.0,filtered,0.3044998509417544,0,2,12,workspace_x_upper|workspace_y_lower,workspace_x_upper,32,0,0,inaccurate_solution,,3.859276594478378e-09,valid,0.0328296104808877,0.396237391|0.0990096351|0.0328296105|0.0889996826|0.172107889|0.175110253,0.546237391|0.249009635|0.18282961|0.238999683|0.322107889|0.325110253,0.516237391|0.219009635|0.15282961|0.208999683|0.292107889|0.295110253,0|0.0450511758|0.15|0.15|0.15|0.15,0|0.0868310741|0.0821882504|0.0531256462|0.0299439561|0,0.104102445|-1.6772532e-17|-0.0556796189|-0.104660225|-0.0813955847|0,1.68905201|0.482869614|0.157827073|0.304464151|0.636979928|0.700441013,0.480195105|-0.175135538|0.554507613,-0.0243393518|-0.270267934|0.0780353025,0.0042761219665408134,0.0009771408513188362,0.000780126079916954,0.002497924491763115
49,2.5,-1.4256238405249235,0.30399301648139954,0.7376080751419067,0.1933569461107254,0.28625649213790894,0.35,2,0,0,0,0,,,nan,0,1.0228679180145264,1.7387193441390991,11.271336555480957,1.0819352865219116,1.0,nan,0,0,0,0,0.06852872226822568,0.0,filtered,0.3140092290466184,0,2,12,workspace_x_upper|workspace_y_lower,workspace_x_upper,32,0,0,inaccurate_solution,,3.983493422274331e-09,valid,0.034406360835299715,0.40156607|0.103390345|0.0344063608|0.0866689918|0.169638427|0.17266417,0.55156607|0.253390345|0.184406361|0.236668992|0.319638427|0.32266417,0.52156607|0.223390345|0.154406361|0.206668992|0.289638427|0.29266417,0|0|0.15|0.15|0.15|0.15,0|0.0737424491|0.067322969|0.0423538631|0.0179548703|0,0.109028874|0.00108041093|-0.0453553529|-0.0944812368|-0.0755319118|0,1.71529315|0.488384238|0.159593059|0.294548593|0.620976666|0.69065668,0.478978097|-0.188648865|0.558409333,-0.0243393518|-0.270267934|0.0780353025,0.00692338403314352,0.0012575117871165276,0.0014174794778227806,0.004219871014356613
50,2.5500000000000003,-1.4188673394414517,0.3015179932117462,0.7389864325523376,0.1930195540189743,0.28748494386672974,0.35,2,0,0,0,0,,,nan,0,0.9845640063285828,1.8358044624328613,6.5339765548706055,1.0469460487365723,1.0,nan,0,0,0,0,0.06852872226822568,0.0,filtered,0.321741986790511,0,2,12,workspace_x_upper|workspace_y_lower,workspace_x_upper,32,0,0,inaccurate_solution,,3.5900560857449193e-09,valid,0.03575813628869759,0.407138219|0.107420863|0.0357581363|0.0843242984|0.16687897|0.1699446,0.557138219|0.257420863|0.185758136|0.234324298|0.31687897|0.3199446,0.527138219|0.227420863|0.155758136|0.204324298|0.28687897|0.2899446,0|0|0.15|0.15|0.15|0.15,0|0.0598887849|0.0542431064|0.0346405621|0.00963014662|0,0.113841013|0.0114984195|-0.0349280373|-0.0838989291|-0.069160097|0,1.74239389|0.501070657|0.162347614|0.288038827|0.60798593|0.6797784,0.47776109|-0.202162191|0.562311053,-0.0243393518|-0.270267934|0.0780353025,0.004111814312636852,0.0008327160030603409,0.0007861796766519547,0.0024715429171919823
51,2.6,-1.4131335968131316,0.29891905188560486,0.7400188446044922,0.19262804090976715,0.2886311113834381,0.35,2,0,0,0,0,,,nan,0,0.9406699538230896,1.9373880624771118,8.106379508972168,1.0067498683929443,1.0,nan,0,0,0,0,0.06852872226822568,0.0,filtered,0.32902003705746136,0,2,12,workspace_x_upper|workspace_y_lower,workspace_x_upper,31,0,0,inaccurate_solution,,5.091240750168535e-09,valid,0.03698471357518082,0.412948089|0.111266877|0.0369847136|0.0821394493|0.164041558|0.167156203,0.562948089|0.261266877|0.186984714|0.232139449|0.314041558|0.317156203,0.532948089|0.231266877|0.156984714|0.202139449|0.284041558|0.287156203,0|0|0.15|0.15|0.15|0.15,0|0.0460421344|0.0430434116|0.0292412205|0.00430656216|0,0.118537559|0.0217639825|-0.0243430759|-0.0729279477|-0.0622999472|0,1.77032991|0.512873624|0.16663919|0.28487107|0.598172847|0.668624813,0.476544082|-0.215675518|0.566212773,-0.0243393518|-0.270267934|0.0780353025,0.005800766870379448,0.0013909079134464264,0.0014291247352957726,0.002950510010123253
52,2.6500000000000004,-1.406030136954503,0.29478442668914795,0.7407693266868591,0.19246883690357208,0.2882719337940216,0.35,2,0,0,0,0,,,nan,0,0.9044697284698486,1.608235239982605,19.521764755249023,0.968684196472168,1.0,nan,0,0,0,0,0.06852872226822568,0.0,filtered,0.32540503450673786,0,0,12,,workspace_y_lower,0,0,1,solved,osqp,9.942995747164174e-07,valid,0.03818857021634245,0.418989876|0.114922477|0.0381885702|0.0802457442|0.161298766|0.164469304,0.568989876|0.264922477|0.18818857|0.230245744|0.311298766|0.314469304,0.538989876|0.234922477|0.15818857|0.200245744|0.281298766|0.284469304,0|0|0.15|0.15|0.15|0.15,0|0.0390306965|0.0372224824|0.0263476707|0.000120761095|0,0.123117642|0.0318631999|-0.0135929224|-0.0616195588|-0.0550102459|0,1.79907715|0.530583806|0.176383841|0.285711089|0.59030558|0.657877214,0.475327075|-0.229188845|0.570114493,-0.0243393518|-0.270267934|0.0780353025,0.0031919963657855988,0.0009578652679920197,0.0008245194330811501,0.001389545388519764
53,2.7,-1.3991967396255476,0.290723979473114,0.7412804961204529,0.19274942576885223,0.2876335680484772,0.35,2,0,0,0,0,,,nan,0,0.8859305381774902,1.6678203344345093,12.614959716796875,0.949226975440979,1.0,nan,0,0,0,0,0.06852872226822568,0.0,filtered,0.3236808771656006,0,0,12,,workspace_y_lower,0,0,1,solved,osqp,8.141499749855785e-07,valid,0.03964324229201974,0.425257745|0.118725203|0.0396432423|0.0787829505|0.158723822|0.161952048,0.575257745|0.268725203|0.189643242|0.22878295|0.308723822|0.311952048,0.545257745|0.238725203|0.159643242|0.19878295|0.278723822|0.281952048,0|0|0.15|0.15|0.15|0.15,0|0.0362407542|0.0353633195|0.0260665551|-0.00364134534|0,0.127580804|0.0417794663|-0.00278318452|-0.0500316069|-0.0473208897|0,1.82861179|0.552921033|0.191153104|0.29116675|0.583933053|0.64780819,0.474110067|-0.242702171|0.574016213,-0.0243393518|-0.270267934|0.0780353025,0.0033949511125683784,0.001071135513484478,0.0009234873577952385,0.0013709934428334236
54,2.75,-1.3926269381498344,0.28661346435546875,0.7416020631790161,0.1936035305261612,0.2856995165348053,0.35,2,0,0,0,0,,,nan,0,0.8850486874580383,1.6674126386642456,6.5841755867004395,0.9477290511131287,1.0,nan,0,0,0,0,0.06852872226822568,0.0,filtered,0.3248247453371694,0,0,12,,workspace_y_lower,0,0,1,solved,osqp,6.796333067368709e-07,valid,0.04139713867978942,0.431745851|0.122877343|0.0413971387|0.0778945119|0.156352777|0.159628875,0.581745851|0.272877343|0.191397139|0.227894512|0.306352777|0.309628875,0.551745851|0.242877343|0.161397139|0.197894512|0.276352777|0.279628875,0|0|0.112536735|0.15|0.15|0.15,0|0.0351650268|0.0359782908|0.0282359976|-0.00640061211|0,0.13192697|0.0514853719|-2.14677175e-17|-0.0382078028|-0.0392148167|0,1.85891038|0.578159771|0.201566845|0.301606242|0.579795679|0.638515499,0.472893059|-0.256215513|0.577917933,-0.0243393518|-0.270267934|0.0780353025,0.0035219043493270874,0.000870581716299057,0.0007853060960769653,0.0018440792337059975
55,2.8000000000000003,-1.3863720575187066,0.2823817729949951,0.7417828440666199,0.19509394466876984,0.28235742449760437,0.35,2,0,0,0,0,,,nan,0,0.8967069983482361,1.5895063877105713,6.1205573081970215,0.9589059352874756,1.0,nan,0,0,0,0,0.06852872226822568,0.0,filtered,0.32783719287619006,0,0,12,,workspace_y_lower,0,0,1,solved,osqp,5.704946855721038e-07,valid,0.043199151103390426,0.43844834|0.127454532|0.0431991511|0.077712539|0.154253136|0.157556088,0.58844834|0.277454532|0.193199151|0.227712539|0.304253136|0.307556088,0.55844834|0.247454532|0.163199151|0.197712539|0.274253136|0.277556088,0|0|0.0616613062|0.15|0.15|0.15,0|0.0337267248|0.0376689838|0.0323079477|-0.00789868807|0,0.136156406|0.0609529549|-4.28976106e-17|-0.0261989849|-0.030677754|0,1.88994976|0.604497808|0.210465588|0.316959119|0.578436102|0.630224353,0.471676052|-0.269728839|0.581819654,-0.0243393518|-0.270267934|0.0780353025,0.004206131212413311,0.0008814316242933273,0.0012029604986310005,0.002098245546221733
56,2.85,-1.3805078218942264,0.2778707444667816,0.7418760061264038,0.19712434709072113,0.27787071466445923,0.35,2,0,0,0,0,,,nan,0,0.907021701335907,1.4147205352783203,15.254172325134277,0.9703936576843262,1.0,nan,0,0,0,0,0.06852872226822568,0.0,filtered,0.33240946468312904,0,2,12,workspace_x_upper|workspace_y_lower,workspace_x_upper,29,0,0,inaccurate_solution,,3.6954644041034546e-09,valid,0.0450830000508122,0.445359393|0.132426062|0.0450830001|0.0783351256|0.152502904|0.155804998,0.595359393|0.282426062|0.195083|0.228335126|0.302502904|0.305804998,0.565359393|0.252426062|0.165083|0.198335126|0.272502904|0.275804998,0|0|0.0101552594|0.15|0.15|0.15,0|0.0279813423|0.0370908309|0.036036514|-0.00816981141|0,0.140269716|0.0701626894|2.04940052e-17|-0.0140739514|-0.0217138057|0,1.92170729|0.627848281|0.217422831|0.335303065|0.580127999|0.62321999,0.470459044|-0.283242166|0.585721374,-0.0243393518|-0.270267934|0.0780353025,0.003879401832818985,0.0007816581055521965,0.0008010482415556908,0.0022750254720449448
57,2.9000000000000004,-1.3737896678254957,0.27218180894851685,0.7419077157974243,0.1997491866350174,0.27218180894851685,0.35,2,0,0,0,0,,,nan,0,0.9257215261459351,1.352653980255127,4.150900840759277,0.9852921962738037,1.0,nan,0,0,0,0,0.06852872226822568,0.0,filtered,0.32661122926929687,0,2,12,workspace_x_upper|workspace_y_lower,workspace_x_upper,28,0,0,inaccurate_solution,,4.541320366632795e-09,valid,0.04712432401959818,0.452473226|0.137562908|0.047124324|0.0797503935|0.151189943|0.154468741,0.602473226|0.287562908|0.197124324|0.229750394|0.301189943|0.304468741,0.572473226|0.257562908|0.167124324|0.199750394|0.271189943|0.274468741,0|0|0|0.15|0.15|0.15,0|0.022577904|0.037754287|0.0406105227|-0.00801714496|0,0.144267795|0.0791208713|0.0088916338|-0.00192651978|-0.0123959129|0,1.9541607|0.651950409|0.235143217|0.357685577|0.584346715|0.617874962,0.469242036|-0.296755493|0.589623094,-0.0243393518|-0.270267934|0.0780353025,0.005986139178276062,0.001474049873650074,0.0013683522120118141,0.003111007623374462
58,2.95,-1.3661671605792574,0.26524361968040466,0.7419030070304871,0.20303015410900116,0.26524361968040466,0.35,2,0,0,0,0,,,nan,0,0.9504342079162598,1.296746015548706,3.099202871322632,1.0029221773147583,1.0,nan,0,0,0,0,0.06852872226822568,0.0,filtered,0.31353687943352876,0,0,12,,workspace_y_lower,0,0,1,solved,osqp,8.373576513807934e-07,valid,0.049749175220227454,0.459784105|0.142870486|0.0497491752|0.0817755636|0.15035235|0.153577799,0.609784105|0.292870486|0.199749175|0.231775564|0.30035235|0.303577799,0.579784105|0.262870486|0.169749175|0.201775564|0.27035235|0.273577799,0|0|0|0.105769417|0.15|0.141088726,0|0.017786843|0.0397588565|0.0456353138|-0.00731825426|0,0.148151803|0.0878259183|0.0199713807|2.16466292e-17|-0.00274080345|0,1.98728822|0.677094707|0.258726938|0.372737568|0.591350342|0.614311197,0.468025029|-0.310268819|0.593524814,-0.0243393518|-0.270267934|0.0780353025,0.004084842279553413,0.0008956585079431534,0.0011801207438111305,0.0019861645996570587
59,3.0,-1.3578871864872053,0.25715523958206177,0.7418899536132812,0.20697186887264252,0.257155179977417,0.35,2,0,0,0,0,,,nan,0,0.974157452583313,1.286475419998169,3.74676251411438,1.0202348232269287,1.0,nan,0,0,0,0,0.06852872226822568,0.0,filtered,0.29527886224757866,0,2,12,workspace_x_upper|workspace_y_lower,workspace_x_upper,27,0,0,inaccurate_solution,,2.886846036526114e-09,valid,0.05303015430475708,0.467286361|0.148367268|0.0530301543|0.0840542359|0.149859101|0.152889283,0.617286361|0.298367268|0.203030154|0.234054236|0.299859101|0.302889283,0.587286361|0.268367268|0.173030154|0.204054236|0.269859101|0.272889283,0|0|0|0.0528967952|0.102422985|0.0932386733,0|0.0122820766|0.0419124305|0.0507879068|-0.00833623657|0,0.15192314|0.096274977|0.0310381754|-8.73857918e-18|2.61551615e-18|0,2.02106858|0.702026124|0.285071223|0.38700485|0.591100169|0.611557132,0.466808021|-0.323782146|0.597426534,-0.0243393518|-0.270267934|0.0780353025,0.004139040596783161,0.0009792186319828033,0.0008369162678718567,0.0022892868146300316
60,3.0500000000000003,-1.3489234945965471,0.24804630875587463,0.7418866157531738,0.2115716189146042,0.24804632365703583,0.35,2,0,0,0,0,,,nan,0,0.9976107478141785,1.2073360681533813,4.673403263092041,1.0357109308242798,1.0,nan,0,0,0,0,0.06852872226822568,0.0,filtered,0.2748377846337811,0,0,12,,workspace_y_lower,0,0,1,solved,osqp,5.946473407483083e-07,valid,0.056971839423033604,0.474974399|0.154004996|0.0569718394|0.0865893614|0.149310411|0.152310404,0.624974399|0.304004996|0.206971839|0.236589361|0.299310411|0.302310404,0.594974399|0.274004996|0.176971839|0.206589361|0.269310411|0.272310404,0|0|0|0|0.0449980576|0.0449979566,0|0.00660817762|0.0441208676|0.0558003218|-0.00795406565|0,0.155583419|0.104470731|0.0420419404|5.91058977e-05|-3.23812589e-17|0,2.05548102|0.727098893|0.314050166|0.402216873|0.589287578|0.609241614,0.465591013|-0.337295473|0.601328254,-0.0243393518|-0.270267934|0.0780353025,0.004623435437679291,0.00142698734998703,0.0012045744806528091,0.001959306187927723
61,3.1,-1.3204833931243047,0.23964303731918335,0.7409286499023438,0.21597735583782196,0.23964300751686096,0.35,2,0,0,0,0,,,nan,0,1.016595721244812,1.1541777849197388,11.856844902038574,1.048061728477478,1.0,nan,0,0,0,0,0.06852872226822568,0.0,filtered,0.2520547078191971,0,1,12,workspace_x_upper,workspace_x_upper,0,0,1,solved,osqp,1.4236002633671863e-08,valid,0.06157161285207732,0.482842712|0.159763339|0.0615716129|0.0896978794|0.148868499|0.151868499,0.632842712|0.309763339|0.211571613|0.239697879|0.298868499|0.301868499,0.602842712|0.279763339|0.181571613|0.209697879|0.268868499|0.271868499,0|0|0|0|0|0,0|-0.00629368166|0.0288428331|0.0418221293|-0.0230578142|0,0.159134437|0.112419563|0.0529325494|0.0120770472|0.000703035747|0,2.09050528|0.745179236|0.328061834|0.412690694|0.573119219|0.607473997,0.464374006|-0.350808799|0.605229974,-0.0243393518|-0.270267934|0.0780353025,0.004194843582808971,0.0014441022649407387,0.0013697752729058266,0.0013481266796588898
62,3.1500000000000004,-1.2706935443455272,0.23335300385951996,0.7380269169807434,0.2193842977285385,0.23335303366184235,0.35,2,0,0,0,0,,,nan,0,1.0334128141403198,1.4292399883270264,11.441841125488281,1.059758186340332,1.0,nan,0,0,0,0,0.06852872226822568,0.0,filtered,0.2321280219033917,0,1,12,workspace_x_upper,workspace_x_upper,0,0,1,solved,osqp,1.1421037452580274e-08,valid,0.06597732753413546,0.490885883|0.165279612|0.0659773275|0.0927368821|0.147975692|0.150975692,0.640885883|0.315279612|0.215977328|0.242736882|0.297975692|0.300975692,0.610885883|0.285279612|0.185977328|0.212736882|0.267975692|0.270975692,0|0|0|0|0|0,0|-0.0261026291|-0.00296243319|0.00920942755|-0.0551261743|0,0.162578151|0.120319356|0.0638989769|0.0242157763|0.0104852279|0,2.12612168|0.755335174|0.324845854|0.404372732|0.547261821|0.603902767,0.463156998|-0.364322126|0.609131694,-0.0243393518|-0.270267934|0.0780353025,0.004300769418478012,0.0011947955936193466,0.001168486662209034,0.0019086990505456924
63,3.2,-1.2034215310879517,0.2298857569694519,0.7324790954589844,0.2213045209646225,0.2298857718706131,0.35,2,0,0,0,0,,,nan,0,1.050269365310669,1.8582544326782227,10.387359619140625,1.0718563795089722,1.0,nan,0,0,0,0,0.06852872226822568,0.0,filtered,0.21139985715295226,0,1,12,workspace_x_upper,workspace_x_upper,0,0,1,solved,osqp,8.048853328626593e-09,valid,0.06938430456312525,0.499098601|0.170219869|0.0693843046|0.09479924|0.146029969|0.149029969,0.649098601|0.320219869|0.219384305|0.24479924|0.296029969|0.299029969,0.619098601|0.290219869|0.189384305|0.21479924|0.266029969|0.269029969,0|0|0|0|0|0,0|-0.0513406469|-0.0455121928|-0.035029718|-0.0964449982|0,0.165916657|0.128377078|0.0752292719|0.0368232073|0.0209953535|0,2.16231106|0.757915909|0.307254297|0.380990449|0.508670232|0.596119876,0.461939991|-0.377835453|0.613033414,-0.0243393518|-0.270267934|0.0780353025,0.0045145433396101,0.0012918757274746895,0.001154203899204731,0.0020335279405117035
64,3.25,-1.1275982634102255,0.22905108332633972,0.7241097092628479,0.22177140414714813,0.22905108332633972,0.35,2,0,0,0,0,,,nan,0,1.0661696195602417,2.2943179607391357,12.414862632751465,1.0849947929382324,1.0,nan,0,0,0,0,0.06852872226822568,0.0,filtered,0.19174282253469285,0,1,12,workspace_x_upper,workspace_x_upper,2,0,0,inaccurate_solution,,0.0,valid,0.07130451464527202,0.50747566|0.174352948|0.0713045146|0.095354254|0.142632585|0.145632585,0.65747566|0.324352948|0.221304515|0.245354254|0.292632585|0.295632585,0.62747566|0.294352948|0.191304515|0.215354254|0.262632585|0.265632585,0|0|0|0|0|0,0|-0.0785276442|-0.0886442099|-0.0790911273|-0.134573684|0,0.169152168|0.136759308|0.0872531431|0.0502573441|0.0325968972|0,2.19905481|0.755643457|0.283826992|0.352583233|0.468553554|0.582530341,0.460722983|-0.391348779|0.616935134,-0.0243393518|-0.270267934|0.0780353025,0.0033742357045412064,0.0011354396119713783,0.0008273916319012642,0.0013809511438012123
65,3.3000000000000003,-1.0565865718714589,0.22972574830055237,0.7134445905685425,0.2213938981294632,0.22972573339939117,0.35,2,0,0,0,0,,,nan,0,1.062912940979004,2.875051975250244,25.173120498657227,1.079560399055481,1.0,nan,0,0,0,0,0.06852872226822568,0.0,filtered,0.1858050520971027,0,0,12,,workspace_x_upper,0,0,1,solved,osqp,8.547805657524443e-07,valid,0.0717714104684031,0.516011967|0.177610889|0.0717714105|0.0944820093|0.138036689|0.141036689,0.666011967|0.327610889|0.22177141|0.244482009|0.288036689|0.291036689,0.636011967|0.297610889|0.19177141|0.214482009|0.258036689|0.261036689,0|0|0|0|0|0,0|-0.102689346|-0.119974787|-0.109167119|-0.155631268|0,0.172286989|0.145551367|0.100255197|0.0647587964|0.0455561823|0,2.23633485|0.753305577|0.267366052|0.333519715|0.44207167|0.564146755,0.459505975|-0.404862106|0.620836854,-0.0243393518|-0.270267934|0.0780353025,0.004497913643717766,0.001345519907772541,0.0011982554569840431,0.0019215457141399384
66,3.35,-0.9692941203640214,0.23143567144870758,0.6999396085739136,0.22059477865695953,0.23143570125102997,0.35,2,0,0,0,0,,,nan,0,1.0685739517211914,3.3424744606018066,22.703550338745117,1.0811575651168823,1.0,nan,0,0,0,0,0.06852872226822568,0.0,filtered,0.16081334012672033,0,0,12,,workspace_x_upper,0,0,1,solved,osqp,3.9773101378516584e-07,valid,0.07139387588942683,0.524702546|0.180150599|0.0713938759|0.0928978836|0.133137194|0.136137194,0.674702546|0.330150599|0.221393876|0.242897884|0.283137194|0.286137194,0.644702546|0.300150599|0.191393876|0.212897884|0.253137194|0.256137194,0|0|0|0|0|0,0|-0.12138995|-0.145503903|-0.134186163|-0.172381582|0,0.175323503|0.154715973|0.114314008|0.0802984516|0.0598322699|0,2.27413369|0.75392842|0.254385609|0.317703823|0.419999463|0.544548775,0.458288968|-0.418375432|0.624738574,-0.0243393518|-0.270267934|0.0780353025,0.0037691276520490646,0.0011313501745462418,0.0011260351166129112,0.001481187529861927
67,3.4000000000000004,-0.8675631171485182,0.23226496577262878,0.6832446455955505,0.2199835330247879,0.23226505517959595,0.35,2,0,0,0,0,,,nan,0,1.0689059495925903,4.648648738861084,33.52964782714844,1.0777568817138672,1.0,nan,0,0,0,0,0.06852872226822568,0.0,filtered,0.13321602547943398,0,0,12,,workspace_x_upper,0,0,1,solved,osqp,1.3151456194557265e-07,valid,0.07059478241279013,0.533542544|0.182306911|0.0705947824|0.0909912722|0.128301546|0.131301546,0.683542544|0.332306911|0.220594782|0.240991272|0.278301546|0.281301546,0.653542544|0.302306911|0.190594782|0.210991272|0.248301546|0.251301546,0|0|0|0|0|0,0|-0.133583451|-0.161143119|-0.149345143|-0.176122403|0,0.178264151|0.164315578|0.129694637|0.0972101259|0.0758087968|0,2.31243433|0.759959769|0.250930647|0.311830071|0.412892576|0.525206182,0.45707196|-0.431888759|0.628640294,-0.0243393518|-0.270267934|0.0780353025,0.004553920589387417,0.0014313068240880966,0.0013099182397127151,0.001782471314072609
68,3.45,-0.7477201600469243,0.2315380871295929,0.6629469394683838,0.2203855961561203,0.2315381020307541,0.35,2,0,0,0,0,,,nan,0,1.071704626083374,5.043306350708008,34.18415451049805,1.0742374658584595,1.0,nan,0,0,0,0,0.06852872226822568,0.0,filtered,0.10810448389018323,0,1,12,workspace_x_upper|joint_5_acceleration_upper,workspace_x_upper,0,0,1,solved,osqp,1.7914317564093896e-09,valid,0.06998355739101544,0.542527229|0.184450124|0.0699835574|0.0893746165|0.124151469|0.127325686,0.692527229|0.334450124|0.219983557|0.239374616|0.274151469|0.277325686,0.662527229|0.304450124|0.189983557|0.209374616|0.244151469|0.247325686,0|0|0|0|0|0,0|-0.132915791|-0.162422589|-0.151582868|-0.167924784|0,0.18111142|0.174354201|0.146527526|0.115656552|0.0900691284|0,2.35122033|0.779238908|0.264039166|0.321572151|0.418750219|0.509302742,0.455854952|-0.445402086|0.632542014,-0.0243393518|-0.270267934|0.0780353025,0.003936680033802986,0.0014807339757680893,0.00112950149923563,0.001291097141802311
69,3.5,-0.627676050964092,0.22582998871803284,0.639687716960907,0.22359035909175873,0.22583001852035522,0.35,2,0,0,0,0,,,nan,0,1.0802834033966064,4.594906806945801,34.741188049316406,1.0847066640853882,1.0,nan,0,0,0,0,0.06852872226822568,0.0,filtered,0.07579930595517352,0,1,12,workspace_x_upper|joint_5_acceleration_upper,workspace_x_upper,0,0,1,solved,osqp,9.248900777192315e-11,valid,0.07038559478792691,0.551651995|0.187245196|0.0703855948|0.0888159032|0.121151555|0.12532302,0.701651995|0.337245196|0.220385595|0.238815903|0.271151555|0.27532302,0.671651995|0.307245196|0.190385595|0.208815903|0.241151555|0.24532302,0|0|0|0|0|0,0|-0.111558497|-0.128333363|-0.117696335|-0.137420592|0,0.183867821|0.184699737|0.164643525|0.135591756|0.104007777|0,2.3904758|0.822122024|0.317852542|0.373159034|0.451193404|0.501292082,0.454637945|-0.458915412|0.636443734,-0.0243393518|-0.270267934|0.0780353025,0.004481437616050243,0.001272851601243019,0.0012590307742357254,0.0019274251535534859
70,3.5500000000000003,-0.4960568771196202,0.21362200379371643,0.6134714484214783,0.23074592649936676,0.2136220633983612,0.35,2,0,0,0,0,,,nan,0,1.1033204793930054,4.041374683380127,28.82740020751953,1.104048490524292,1.0,nan,0,0,0,0,0.06852872226822568,0.0,filtered,0.030711342678427633,0,1,12,workspace_x_upper,workspace_x_upper,0,0,1,solved,osqp,0.0,valid,0.07359036212447082,0.560912361|0.191686371|0.0735903621|0.0911618064|0.12038964|0.127005529,0.710912361|0.341686371|0.223590362|0.241161806|0.27038964|0.277005529,0.680912361|0.311686371|0.193590362|0.211161806|0.24038964|0.247005529,0|0|0|0|0|0,0|-0.0790434998|-0.0705213026|-0.0587011198|-0.0932031378|0,0.186535884|0.194954266|0.183162808|0.156137776|0.117603531|0,2.43018533|0.88265625|0.407002954|0.462083882|0.505958952|0.508022117,0.453420937|-0.472428739|0.640345454,-0.0243393518|-0.270267934|0.0780353025,0.0049665505066514015,0.0014304639771580696,0.0014044735580682755,0.00209962110966444
71,3.6,-0.38102436833079334,0.19510403275489807,0.5856290459632874,0.24248625338077545,0.19510404765605927,0.35,2,0,0,0,0,,,nan,0,1.1360467672348022,3.4070820808410645,36.52444839477539,1.1363341808319092,1.0,nan,0,0,0,0,0.06852872226822568,0.0,filtered,0.015304056286697091,0,1,12,workspace_x_upper,workspace_x_upper,0,0,1,solved,osqp,0.0,valid,0.08074594028180118,0.570303975|0.198289098|0.0807459403|0.0976444716|0.122504061|0.133548848,0.720303975|0.348289098|0.23074594|0.247644472|0.272504061|0.283548848,0.690303975|0.318289098|0.20074594|0.217644472|0.242504061|0.253548848,0|0|0|0|0|0,0|-0.0449321424|0.0036460826|0.0199094684|-0.0351286724|0,0.189118143|0.204893329|0.201331227|0.176453605|0.130560375|0,2.47033404|0.953117579|0.527961071|0.58694096|0.585447947|0.534195391,0.452203929|-0.485942066|0.644247174,-0.0243393518|-0.270267934|0.0780353025,0.00308994110673666,0.0007797963917255402,0.0009703813120722771,0.0013205939903855324
72,3.6500000000000004,-0.3025190102915033,0.17210182547569275,0.5582234263420105,0.25887686014175415,0.17210185527801514,0.35,2,0,0,0,0,,,nan,0,1.1327258348464966,2.2170939445495605,44.52770233154297,1.1333129405975342,1.0,nan,0,0,0,0,0.06852872226822568,0.0,filtered,0.023670260817777997,0,1,12,workspace_x_upper,workspace_x_upper,0,0,1,solved,osqp,0.0,valid,0.09248625396306656,0.579822609|0.207079252|0.092486254|0.109051562|0.1289019|0.145881004,0.729822609|0.357079252|0.242486254|0.259051562|0.2789019|0.295881004,0.699822609|0.327079252|0.212486254|0.229051562|0.2489019|0.265881004,0|0|0|0|0|0,0|-0.00744189644|0.0860277081|0.108154943|0.0611517349|0,0.191617125|0.214169573|0.217865032|0.194971099|0.151173757|0,2.51090756|1.03504468|0.673837756|0.73933229|0.727933093|0.583524017,0.450986922|-0.499455392|0.648148894,-0.0243393518|-0.270267934|0.0780353025,0.003132430836558342,0.0008260151371359825,0.0008674077689647675,0.001418869011104107
73,3.7,-0.23654226954393381,0.14767742156982422,0.5317163467407227,0.2791447043418884,0.14767742156982422,0.35,2,0,0,0,0,,,nan,0,1.1001083850860596,2.34037184715271,37.499916076660156,1.100107192993164,1.0,nan,0,0,0,0,0.06852872226822568,0.0,filtered,1.6325536665065163e-06,0,0,12,,workspace_x_upper,0,0,1,solved,osqp,0.0,valid,0.10887687576447616,0.589464163|0.218103638|0.108876876|0.125499475|0.141124875|0.163430731,0.739464163|0.368103638|0.258876876|0.275499475|0.291124875|0.313430731,0.709464163|0.338103638|0.228876876|0.245499475|0.261124875|0.283430731,0|0|0|0|0|0,0|0.0267205589|0.156424003|0.184370603|0.150714518|0,0.194035341|0.222364352|0.23153227|0.210310624|0.17049762|0,2.55189199|1.12149946|0.823463776|0.896679128|0.885711638|0.653722924,0.449769914|-0.512968719|0.652050614,-0.0243393518|-0.270267934|0.0780353025,0.003134152851998806,0.0008470630273222923,0.0008600587025284767,0.0014060437679290771
74,3.75,-0.1687101426598454,0.1257944107055664,0.5056762099266052,0.30076268315315247,0.12579436600208282,0.35,2,0,0,0,0,,,nan,0,1.0569924116134644,1.4877365827560425,45.73096466064453,1.0569920539855957,1.0,nan,0,0,0,0,0.06852872226822568,0.0,filtered,7.779498635960974e-07,0,0,12,,workspace_x_upper,0,0,1,solved,osqp,0.0,valid,0.1291447296276659,0.599224659|0.231126943|0.12914473|0.146198629|0.158472968|0.184982968,0.749224659|0.381126943|0.27914473|0.296198629|0.308472968|0.334982968,0.719224659|0.351126943|0.24914473|0.266198629|0.278472968|0.304982968,0|0|0|0|0|0,0|0.0441793156|0.175161259|0.2034786|0.177821955|0,0.196375279|0.229457988|0.242350447|0.221794415|0.186884817|0,2.59327392|1.19814508|0.934090624|1.01006753|0.998598643|0.739931872,0.448552907|-0.526482046|0.655952334,-0.0243393518|-0.270267934|0.0780353025,0.004679178819060326,0.001842530444264412,0.001520935446023941,0.001272875815629959
75,3.8000000000000003,-0.10563217289128551,0.10654940456151962,0.4800078570842743,0.3236437737941742,0.10654943436384201,0.35,2,0,0,0,0,,,nan,0,1.0244088172912598,1.7263654470443726,44.97439193725586,1.0244088172912598,1.0,nan,0,0,0,0,0.06852872226822568,0.0,passthrough,4.699290040384301e-12,0,0,12,,workspace_x_upper,0,0,1,solved,osqp,0.0,valid,0.15076265657546273,0.609100247|0.245318112|0.150762657|0.168191136|0.177866348|0.208157053,0.759100247|0.395318112|0.300762657|0.318191136|0.327866348|0.358157053,0.729100247|0.365318112|0.270762657|0.288191136|0.297866348|0.328157053,0|0|0|0|0|0,0|0.0556888754|0.194046348|0.225102304|0.211555735|0,0.198639398|0.235675303|0.251217916|0.22895132|0.200981533|0,2.63504039|1.27263662|1.04831489|1.12681817|1.12400266|0.83262821,0.447335899|-0.539995372|0.659854054,-0.0243393518|-0.270267934|0.0780353025,0.0034741945564746857,0.000813949853181839,0.0008000833913683891,0.0018400168046355247
76,3.85,-0.04295457626250432,0.08980415761470795,0.4544195830821991,0.3478657603263855,0.08980412781238556,0.35,2,0,0,0,0,,,nan,0,0.9738777279853821,2.729534387588501,22.194578170776367,0.9738777279853821,1.0,nan,0,0,0,0,0.06852872226822568,0.0,passthrough,1.631154766714842e-09,0,0,12,,workspace_x_upper,0,0,1,solved,osqp,0.0,valid,0.17364380144701164,0.619087196|0.260366746|0.173643801|0.19158457|0.199490933|0.2332158,0.769087196|0.410366746|0.323643801|0.34158457|0.349490933|0.3832158,0.739087196|0.380366746|0.293643801|0.31158457|0.319490933|0.3532158,0|0|0|0|0|0,0|0.0692446972|0.215650412|0.253148311|0.249773555|0,0.20083012|0.241217486|0.258575208|0.235707014|0.213018477|0,2.6771789|1.35192917|1.16880083|1.2551936|1.26075576|0.932863201,0.446118891|-0.553508699|0.663755774,-0.0243393518|-0.270267934|0.0780353025,0.0029298728331923485,0.000798332504928112,0.000820700079202652,0.0012818975374102592
77,3.9000000000000004,0.012070691996770438,0.07545416057109833,0.4290444552898407,0.3733999729156494,0.07545416802167892,0.35,2,0,0,0,0,,,nan,0,0.915864884853363,3.269798994064331,18.01581573486328,0.915864884853363,1.0,nan,0,0,0,0,0.06852872226822568,0.0,passthrough,1.37891302439148e-09,0,0,12,,workspace_x_upper,0,0,1,solved,osqp,0.0,valid,0.19786573332120705,0.629181895|0.276348774|0.197865733|0.216674533|0.223484047|0.260334635,0.779181895|0.426348774|0.347865733|0.366674533|0.373484047|0.410334635,0.749181895|0.396348774|0.317865733|0.336674533|0.343484047|0.380334635,0|0|0|0|0|0,0|0.0851781889|0.238216332|0.284312026|0.288665248|0,0.202949824|0.246162449|0.264684975|0.242165143|0.223273996|0,2.7196774|1.43673573|1.29436424|1.3931753|1.40587543|1.04133854,0.444901884|-0.567022026|0.667657495,-0.0243393518|-0.270267934|0.0780353025,0.0031684767454862595,0.0009938795119524002,0.0008134935051202774,0.0013398341834545135
78,3.95,0.06022872267322775,0.06318596750497818,0.4040294587612152,0.400585800409317,0.06318598240613937,0.35,2,0,0,0,0,,,nan,0,0.9030839204788208,1.9381439685821533,43.279090881347656,0.9030839204788208,1.0,nan,0,0,0,0,0.06852872226822568,0.0,filtered,6.61383064720457e-08,0,0,12,,workspace_x_upper,0,0,1,solved,osqp,0.0,valid,0.2233999912227126,0.639380852|0.29333858|0.223399991|0.243558689|0.249777248|0.289446033,0.789380852|0.44333858|0.373399991|0.393558689|0.399777248|0.439446033,0.759380852|0.41333858|0.343399991|0.363558689|0.369777248|0.409446033,0|0|0|0|0|0,0|0.104252627|0.269949702|0.32828675|0.338124207|0,0.205000846|0.250504194|0.269629666|0.248183417|0.23188424|0,2.76252426|1.52811114|1.43317933|1.55070493|1.56911744|1.15778413,0.443684876|-0.580535352|0.671559215,-0.0243393518|-0.270267934|0.0780353025,0.002816631458699703,0.0007807137444615364,0.0007710270583629608,0.001243647187948227
79,4.0,0.09876503133490411,0.052906908094882965,0.3795643150806427,0.4293349087238312,0.052906908094882965,0.35,2,0,0,0,0,,,nan,0,0.8783519864082336,2.3717257976531982,35.51289749145508,0.8783519864082336,1.0,nan,0,0,0,0,0.06852872226822568,0.0,passthrough,1.3092747107653098e-09,0,0,12,,workspace_x_upper,0,0,1,solved,osqp,0.0,valid,0.2505858296593573,0.649680692|0.311443081|0.25058583|0.272776008|0.278765846|0.32052833,0.799680692|0.461443081|0.40058583|0.422776008|0.428765846|0.47052833,0.769680692|0.431443081|0.37058583|0.392776008|0.398765846|0.44052833,0|0|0|0|0|0,0|0.124301109|0.30180748|0.374820313|0.389877734|0,0.20698547|0.254248701|0.27341467|0.253486351|0.238919291|0,2.80570824|1.62432213|1.57756547|1.71941069|1.74386041|1.28211332,0.442467868|-0.594048679|0.675460935,-0.0243393518|-0.270267934|0.0780353025,0.002843942493200302,0.0007736347615718842,0.0008156951516866684,0.0012344541028141975
80,4.05,0.13785768356515177,0.04453156888484955,0.3553551435470581,0.4592384994029999,0.04453156888484955,0.35,2,0,0,0,0,,,nan,0,0.8223157525062561,2.8657968044281006,29.545469284057617,0.8223157525062561,1.0,nan,0,0,0,0,0.06852872226822568,0.0,passthrough,1.1410737238843824e-09,0,0,12,,workspace_x_upper,0,0,1,solved,osqp,0.0,valid,0.2793349140122381,0.660078149|0.330656818|0.279334914|0.304374865|0.310459583|0.353263678,0.810078149|0.480656818|0.429334914|0.454374865|0.460459583|0.503263678,0.780078149|0.450656818|0.399334914|0.424374865|0.430459583|0.473263678,0|0|0|0|0|0,0|0.143049838|0.325781031|0.413881217|0.434577707|0,0.20890593|0.257412818|0.276102334|0.25801912|0.244504647|0,2.84921852|1.72308993|1.71922302|1.8893998|1.92092068|1.41305471,0.441250861|-0.607562006|0.679362655,-0.0243393518|-0.270267934|0.0780353025,0.00298201572149992,0.000895264558494091,0.0008167549967765808,0.0012502800673246384
81,4.1000000000000005,0.17024833848390897,0.03799626976251602,0.331540048122406,0.48918023705482483,0.03799626976251602,0.35,2,0,0,0,0,,,nan,0,0.7925865650177002,2.427966833114624,33.473628997802734,0.7925865650177002,1.0,nan,0,0,0,0,0.06852872226822568,0.0,passthrough,1.0278563308746163e-09,0,0,12,,workspace_x_upper,0,0,1,solved,osqp,0.0,valid,0.30923848892743266,0.67057007|0.350896938|0.309238489|0.337984719|0.344496695|0.387433179,0.82057007|0.500896938|0.459238489|0.487984719|0.494496695|0.537433179,0.79057007|0.470896938|0.429238489|0.457984719|0.464496695|0.507433179,0|0|0|0|0|0,0|0.153532031|0.325439165|0.422884788|0.448849868|0,0.210764404|0.260068803|0.277867493|0.261910476|0.248914048|0,2.89304468|1.81718859|1.84026061|2.03673414|2.0757507|1.54973272,0.440033853|-0.621075332|0.683264375,-0.0243393518|-0.270267934|0.0780353025,0.003010915592312813,0.0008001364767551422,0.000817200168967247,0.0013727322220802307
82,4.15,0.19553263026369672,0.032937269657850266,0.308236688375473,0.5189006924629211,0.032937273383140564,0.35,2,0,0,0,0,,,nan,0,0.7908947467803955,3.115868091583252,17.580238342285156,0.7908947467803955,1.0,nan,0,0,0,0,0.06852872226822568,0.0,passthrough,1.068628879231453e-09,0,0,12,,workspace_x_upper,0,0,1,solved,osqp,0.0,valid,0.3391802480757966,0.681153409|0.371770882|0.339180248|0.372217337|0.379464276|0.422095596,0.831153409|0.521770882|0.489180248|0.522217337|0.529464276|0.572095596,0.801153409|0.491770882|0.459180248|0.492217337|0.499464276|0.542095596,0|0|0|0|0|0,0|0.161836741|0.320978316|0.427226976|0.460497694|0,0.212563016|0.262345038|0.279051845|0.265437342|0.252629816|0,2.93717665|1.91126531|1.95675115|2.18153367|2.23098461|1.68838238,0.438816845|-0.634588659|0.687166095,-0.0243393518|-0.270267934|0.0780353025,0.0057786740362644196,0.0018311915919184685,0.0017830384895205498,0.002107490785419941
83,4.2,0.21681680853879215,0.029030166566371918,0.2854573130607605,0.5482627153396606,0.02903016470372677,0.35,2,0,0,0,0,,,nan,0,0.8298311233520508,3.478541851043701,11.784683227539062,0.8298310041427612,1.0,nan,0,0,0,0,0.06852872226822568,0.0,filtered,4.200323440725919e-07,0,0,12,,workspace_x_upper,0,0,1,solved,osqp,0.0,valid,0.36890066900386664,0.691825226|0.393144333|0.368900669|0.40677228|0.415160551|0.45704138,0.841825226|0.543144333|0.518900669|0.55677228|0.565160551|0.60704138,0.811825226|0.513144333|0.488900669|0.52677228|0.535160551|0.57704138,0|0|0|0|0|0,0|0.168924837|0.314160916|0.428222671|0.471209962|0,0.214303829|0.264301378|0.279739336|0.268680421|0.255793793|0,2.98160473|2.00580355|2.06950293|2.32399221|2.38764596|1.82816552,0.437599838|-0.648101985|0.691067815,-0.0243393518|-0.270267934|0.0780353025,0.004658957943320274,0.0014533400535583496,0.001369335688650608,0.001804715022444725
84,4.25,0.23327643530224323,0.026025138795375824,0.2632904648780823,0.5770383477210999,0.026025140658020973,0.35,2,0,0,0,0,,,nan,0,0.9010782837867737,3.252622604370117,7.991155624389648,0.9010776281356812,1.0,nan,0,0,0,0,0.06852872226822568,0.0,filtered,1.2051874135586878e-06,0,0,12,,workspace_x_upper,0,0,1,solved,osqp,0.0,valid,0.39826268391383535,0.70258268|0.414945818|0.398262684|0.441570533|0.451524203|0.49215253,0.85258268|0.564945818|0.548262684|0.591570533|0.601524203|0.64215253,0.82258268|0.534945818|0.518262684|0.561570533|0.571524203|0.61215253,0|0|0|0|0|0,0|0.174126573|0.303023316|0.428970059|0.477037836|0,0.215988851|0.26598627|0.279978741|0.270441227|0.258513516|0,3.02631957|2.09989612|2.17605279|2.46569342|2.54164816|1.96861012,0.43638283|-0.661615312|0.694969535,-0.0243393518|-0.270267934|0.0780353025,0.004321522079408169,0.0012883562594652176,0.0012197764590382576,0.0017824303358793259
85,4.3,0.24612057700725126,0.0237115565687418,0.24176421761512756,0.6051182746887207,0.0237115528434515,0.35,2,0,0,0,0,,,nan,0,0.9729553461074829,2.721108913421631,13.497520446777344,0.9729543924331665,1.0,nan,0,0,0,0,0.06852872226822568,0.0,filtered,1.5527483331788962e-06,0,0,12,,workspace_x_upper,0,0,1,solved,osqp,0.0,valid,0.42703835145773106,0.713423031|0.437069938|0.427038351|0.476512204|0.488298055|0.527264586,0.863423031|0.587069938|0.577038351|0.626512204|0.638298055|0.677264586,0.833423031|0.557069938|0.547038351|0.596512204|0.608298055|0.647264586,0|0|0|0|0|0,0|0.178731429|0.289955102|0.428926567|0.480307114|0,0.217620028|0.26744266|0.279828703|0.27180783|0.260905763|0,3.07131215|2.19445384|2.27793721|2.60678321|2.6944051|2.10905835,0.435165823|-0.675128639|0.698871255,-0.0243393518|-0.270267934|0.0780353025,0.004888397641479969,0.0013889027759432793,0.001438322477042675,0.002028302289545536
86,4.3500000000000005,0.2292282044499771,0.05799710378050804,0.22038309276103973,0.629341185092926,0.05782804265618324,0.35,1,0,0,0,0,,,nan,0,1.0327647924423218,2.2305245399475098,21.523618698120117,1.0327636003494263,1.0,nan,0,0,0,0,0.06852872226822568,0.0,filtered,1.8284107284436942e-06,0,0,12,,workspace_x_upper,0,0,1,solved,osqp,0.0,valid,0.45511822281738123,0.724343634|0.459478816|0.455118223|0.51150771|0.525341511|0.562345545,0.874343634|0.609478816|0.605118223|0.66150771|0.675341511|0.712345545,0.844343634|0.579478816|0.575118223|0.63150771|0.645341511|0.682345545,0|0|0|0|0|0,0|0.184475531|0.27921406|0.435066429|0.489934877|0,0.21919925|0.268702126|0.279317071|0.273012225|0.263034142|0,3.11657379|2.29109292|2.37900402|2.75410949|2.85433506|2.24938218,0.433948815|-0.688641965|0.702772975,-0.0243393518|-0.270267934|0.0780353025,0.0030680084601044655,0.0007748426869511604,0.0008720289915800095,0.001401035115122795
87,4.4,0.274354887075887,0.05724193528294563,0.19756759703159332,0.6289957761764526,0.057066336274147034,0.35,1,0,0,0,0,,,nan,0,1.053892731666565,3.1877732276916504,46.65533447265625,1.0538915395736694,1.0,nan,0,0,0,0,0.06852872226822568,0.0,filtered,1.6670157771526873e-06,0,0,12,,workspace_x_upper,0,0,1,solved,osqp,0.0,valid,0.44767785213146694,0.711693958|0.449090534|0.447677852|0.511050763|0.527946918|0.560193479,0.861693958|0.599090534|0.597677852|0.661050763|0.677946918|0.710193479,0.831693958|0.569090534|0.567677852|0.631050763|0.647946918|0.680193479,0.15|0.15|0.15|0.15|0.15|0.15,0|0.193489716|0.280160596|0.453834266|0.51371954|0,-0.138342527|-0.197653619|-0.209487211|-0.215596602|-0.210732809|0,2.7084333|1.79219823|1.86138479|2.28244072|2.4147744|2.24077392,0.432731807|-0.698873878|0.706674695,-0.0243393518|0.270267934|0.0780353025,0.0032925140112638474,0.0011818194761872292,0.0007964028045535088,0.0012820204719901085
88,4.45,0.2853577510658215,0.05647136643528938,0.17515258491039276,0.6286726593971252,0.056289367377758026,0.35,1,0,0,0,0,,,nan,0,1.09401273727417,1.6859557628631592,79.64215850830078,1.09401273727417,1.0,nan,0,0,0,0,0.06852872226822568,0.0,passthrough,6.5380801168121285e-12,0,0,12,,workspace_x_upper,0,0,1,solved,osqp,0.0,valid,0.4489409213073442,0.70485258|0.448940921|0.450866768|0.52281955|0.542950779|0.571769368,0.85485258|0.598940921|0.600866768|0.67281955|0.692950779|0.721769368,0.82485258|0.568940921|0.570866768|0.64281955|0.662950779|0.691769368,0.15|0.15|0.15|0.15|0.15|0.15,0|0.192431673|0.261215456|0.445256348|0.506293127|0,-0.13530222|-0.19629315|-0.206360877|-0.21511305|-0.210052819|0,2.6841081|1.79190221|1.85832165|2.3214215|2.46804343|2.28707747,0.4315148|-0.685360551|0.710576415,-0.0243393518|0.270267934|0.0780353025,0.0029576709493994713,0.0007837759330868721,0.0007928125560283661,0.0013598417863249779
89,4.5,0.28120995080373445,0.055685192346572876,0.1538001447916031,0.6281431913375854,0.055496979504823685,0.35,1,0,0,0,0,,,nan,0,1.112391710281372,1.1824123859405518,17.699899673461914,1.1123906373977661,1.0,nan,0,0,0,0,0.06852872226822568,0.0,filtered,1.3029005523897948e-06,0,0,12,,workspace_x_upper,0,0,1,solved,osqp,0.0,valid,0.448809917109409,0.698164774|0.448809917|0.453299553|0.534224121|0.557659682|0.583194055,0.848164774|0.598809917|0.603299553|0.684224121|0.707659682|0.733194055,0.818164774|0.568809917|0.573299553|0.654224121|0.677659682|0.703194055,0.15|0.15|0.15|0.15|0.15|0.15,0|0.18718664|0.238082022|0.429224481|0.490187478|0,-0.132199576|-0.194959132|-0.20304926|-0.214742316|-0.209483749|0,2.66045952|1.78746718|1.84823097|2.35137865|2.51134246|2.33277622,0.430297792|-0.671847224|0.714478135,-0.0243393518|0.270267934|0.0780353025,0.003096373751759529,0.0007688878104090691,0.000766201876103878,0.0015419581905007362
90,4.55,0.28205551077655483,0.0548832044005394,0.13311021029949188,0.6275314092636108,0.05468900874257088,0.35,1,0,0,0,0,,,nan,0,1.1203962564468384,0.6591624617576599,19.103036880493164,1.1203962564468384,1.0,nan,0,0,0,0,0.06852872226822568,0.0,passthrough,6.128795624029024e-12,0,0,12,,workspace_x_upper,0,0,1,solved,osqp,0.0,valid,0.4484619728987925,0.691633662|0.448461973|0.454753169|0.544829559|0.57156919|0.594088777,0.841633662|0.598461973|0.604753169|0.694829559|0.72156919|0.744088777,0.811633662|0.568461973|0.574753169|0.664829559|0.69156919|0.714088777,0.15|0.15|0.15|0.15|0.15|0.15,0|0.184513407|0.219807781|0.421406505|0.482727024|0,-0.129034367|-0.19369759|-0.199654782|-0.214548596|-0.209099913|0,2.63750028|1.78466371|1.83916567|2.38617615|2.55990387|2.37635511,0.429080784|-0.658333898|0.718379855,-0.0243393518|0.270267934|0.0780353025,0.0029867757111787796,0.0007744263857603073,0.0008855145424604416,0.0013078618794679642
91,4.6000000000000005,0.2735530115051604,0.05406519025564194,0.11347318440675735,0.6266844272613525,0.053865302354097366,0.35,1,0,0,0,0,,,nan,0,1.124821662902832,0.9794750809669495,9.497769355773926,1.1248207092285156,1.0,nan,0,0,0,0,0.06852872226822568,0.0,filtered,1.2880000560500806e-06,0,0,12,,workspace_x_upper,0,0,1,solved,osqp,0.0,valid,0.4480375289794235,0.685262377|0.448037529|0.455473973|0.555055152|0.585121131|0.604811886,0.835262377|0.598037529|0.605473973|0.705055152|0.735121131|0.754811886,0.805262377|0.568037529|0.575473973|0.675055152|0.705121131|0.724811886,0.15|0.15|0.15|0.15|0.15|0.15,0|0.178744911|0.198841732|0.410386553|0.47162107|0,-0.125806459|-0.192395237|-0.195992689|-0.214295256|-0.208655761|0,2.61524305|1.77849979|1.82474493|2.41631191|2.60344983|2.41924754,0.427863777|-0.644820571|0.722281575,-0.0243393518|0.270267934|0.0780353025,0.0028750114142894745,0.0007790159434080124,0.0008130241185426712,0.00125849898904562
92,4.65,0.2506892863618658,0.05323095992207527,0.0955655425786972,0.6254693865776062,0.05302571877837181,0.35,1,0,0,0,0,,,nan,0,1.1288150548934937,1.2319122552871704,6.678577423095703,1.1288150548934937,1.0,nan,0,0,0,0,0.06852872226822568,0.0,passthrough,7.386375976147607e-12,0,0,12,,workspace_x_upper,0,0,1,solved,osqp,0.0,valid,0.44737992837540086,0.679054054|0.447379928|0.455337766|0.564745742|0.598138014|0.615229134,0.829054054|0.597379928|0.605337766|0.714745742|0.748138014|0.765229134,0.799054054|0.567379928|0.575337766|0.684745742|0.718138014|0.735229134,0.15|0.15|0.15|0.15|0.15|0.15,0|0.170276401|0.175708434|0.396367798|0.45699042|0,-0.122515815|-0.191078169|-0.192108784|-0.213967198|-0.208129486|0,2.5937004|1.76871795|1.80495071|2.44138357|2.64141299|2.46091654,0.426646769|-0.631307244|0.726183295,-0.0243393518|0.270267934|0.0780353025,0.004923321306705475,0.0014872681349515915,0.0013935230672359467,0.0020087575539946556
93,4.7,0.2215666979007982,0.05238031968474388,0.0796356275677681,0.6240100860595703,0.052170127630233765,0.35,1,0,0,0,0,,,nan,0,1.1418513059616089,1.0382015705108643,13.054452896118164,1.1418509483337402,1.0,nan,0,0,0,0,0.06852872226822568,0.0,filtered,8.772065943583636e-07,0,0,12,,workspace_x_upper,0,0,1,solved,osqp,0.0,valid,0.4463519664331833,0.67301183|0.446351966|0.454351966|0.573752408|0.610443958|0.625217314,0.82301183|0.596351966|0.604351966|0.723752408|0.760443958|0.775217314,0.79301183|0.566351966|0.574351966|0.693752408|0.730443958|0.745217314,0.15|0.15|0.15|0.15|0.15|0.15,0|0.164333591|0.164333591|0.38867788|0.449018649|0,-0.119162505|-0.189774599|-0.189774599|-0.213585022|-0.207539707|0,2.57288482|1.75996686|1.79196686|2.47010249|2.68325478|2.50086925,0.425429761|-0.617793918|0.730085015,-0.0243393518|0.270267934|0.0780353025,0.004803097806870937,0.001427309587597847,0.0013784803450107574,0.001965784467756748
94,4.75,0.15870923759528355,0.05151309072971344,0.06744443625211716,0.6223328709602356,0.05129840597510338,0.35,1,0,0,0,0,,,nan,0,1.1596370935440063,1.1027754545211792,11.245001792907715,1.1596370935440063,1.0,nan,0,0,0,0,0.06852872226822568,0.0,passthrough,1.037036937729836e-11,0,0,12,,workspace_x_upper,0,0,1,solved,osqp,0.0,valid,0.4450893952207938,0.667138833|0.445089395|0.453089395|0.582403288|0.622384192|0.635042721,0.817138833|0.595089395|0.603089395|0.732403288|0.772384192|0.785042721,0.787138833|0.565089395|0.573089395|0.702403288|0.742384192|0.755042721,0.15|0.15|0.15|0.15|0.15|0.15,0|0.158807641|0.158807641|0.381027383|0.440486959|0,-0.115746708|-0.188403152|-0.188403152|-0.213009567|-0.206741736|0,2.55280863|1.75076207|1.78276207|2.49763097|2.72328199|2.54017088,0.424212754|-0.604280591|0.733986735,-0.0243393518|0.270267934|0.0780353025,0.006055237725377083,0.0014415914192795753,0.0029514608904719353,0.0016282601282000542
95,4.800000000000001,0.05241203587255375,0.05062909796833992,0.06129928305745125,0.6202930212020874,0.0504104308784008,0.35,1,0,0,0,0,,,nan,0,1.1601753234863281,0.7511289119720459,13.67751407623291,1.1601743698120117,1.0,nan,0,0,0,0,0.06852872226822568,0.0,filtered,1.3531304723638386e-06,0,0,12,,workspace_x_upper,0,0,1,solved,osqp,0.0,valid,0.44361555483082105,0.661438182|0.443615555|0.451615555|0.590705342|0.633935377|0.644719726,0.811438182|0.593615555|0.601615555|0.740705342|0.783935377|0.794719726,0.781438182|0.563615555|0.571615555|0.710705342|0.753935377|0.764719726,0.15|0.15|0.15|0.15|0.15|0.15,0|0.150397538|0.150397538|0.366677279|0.424233727|0,-0.11226872|-0.186984601|-0.186984601|-0.212314658|-0.205820701|0,2.53348401|1.73787516|1.76987516|2.51718399|2.75415453|2.5788789,0.422995746|-0.590767264|0.737888455,-0.0243393518|0.270267934|0.0780353025,0.004506281577050686,0.001251285895705223,0.001232292503118515,0.0019914349541068077
96,4.8500000000000005,-0.07460575586296345,0.04972818121314049,0.062245529145002365,0.6175728440284729,0.049506112933158875,0.35,1,0,0,0,0,,,nan,0,1.141616702079773,0.9804757237434387,11.140469551086426,1.1416159868240356,1.0,nan,0,0,0,0,0.06852872226822568,0.0,filtered,1.0256481613927578e-06,0,0,12,,workspace_x_upper,0,0,1,solved,osqp,0.0,valid,0.4417910432893005,0.655912974|0.441791043|0.449791043|0.598332978|0.644721945|0.653893504,0.805912974|0.591791043|0.599791043|0.748332978|0.794721945|0.803893504,0.775912974|0.561791043|0.569791043|0.718332978|0.764721945|0.773893504,0.15|0.15|0.15|0.15|0.15|0.15,0|0.135665263|0.135665263|0.338209319|0.392261708|0,-0.10872896|-0.185480756|-0.185480756|-0.211471793|-0.204741106|0,2.51492294|1.71734868|1.74934868|2.52006944|2.76640838|2.61557401,0.421778738|-0.577253938|0.741790175,-0.0243393518|0.270267934|0.0780353025,0.0032583745196461678,0.000833938829600811,0.0008329963311553001,0.0015701884403824806
97,4.9,-0.16861589428377927,0.04881017655134201,0.06836874783039093,0.6136412620544434,0.04858534783124924,0.35,1,0,0,0,0,,,nan,0,1.1077780723571777,1.5466415882110596,13.627346992492676,1.1077780723571777,1.0,nan,0,0,0,0,0.06852872226822568,0.0,passthrough,7.593645883602128e-12,0,0,12,,workspace_x_upper,0,0,1,solved,osqp,0.0,valid,0.43930647637697573,0.650566287|0.439306476|0.447306476|0.604594769|0.653975459|0.661801047,0.800566287|0.589306476|0.597306476|0.754594769|0.803975459|0.811801047,0.770566287|0.559306476|0.567306476|0.724594769|0.773975459|0.781801047,0.15|0.15|0.15|0.15|0.15|0.15,0|0.110212758|0.110212758|0.287447357|0.33579014|0,-0.105127972|-0.183832521|-0.183832521|-0.210433732|-0.203439763|0,2.49713717|1.68360614|1.71560614|2.4953927|2.74825221|2.64720419,0.420561731|-0.563740611|0.745691895,-0.0243393518|0.270267934|0.0780353025,0.004663930274546146,0.0013278685510158539,0.0012988727539777756,0.002008507028222084
98,4.95,-0.21814366119265255,0.05626963451504707,0.07669102400541306,0.6082637310028076,0.054046791046857834,0.35,1,0,0,0,0,,,nan,0,1.0777493715286255,1.7607645988464355,9.381987571716309,1.0777493715286255,1.0,nan,0,0,0,0,0.06852872226822568,0.0,passthrough,6.71751608259432e-12,0,0,12,,workspace_x_upper,0,0,1,solved,osqp,0.0,valid,0.43563247475245814,0.645401165|0.435632475|0.443632475|0.608389617|0.660490421|0.667240949,0.795401165|0.585632475|0.593632475|0.758389617|0.810490421|0.817240949,0.765401165|0.555632475|0.563632475|0.728389617|0.780490421|0.787240949,0.15|0.15|0.15|0.15|0.15|0.15,0|0.0797912935|0.0797912935|0.225797691|0.267184836|0,-0.101466436|-0.182024018|-0.182024018|-0.209234421|-0.201932355|0,2.48013822|1.64029717|1.67229717|2.45012174|2.70721417|2.6689638,0.419344723|-0.550227284|0.749593616,-0.0243393518|0.270267934|0.0780353025,0.003534390591084957,0.0010194452479481697,0.0008415225893259048,0.0016527026891708374
99,5.0,-0.23293925397069068,0.06502382457256317,0.08519033342599869,0.601455807685852,0.06269791722297668,0.35,1,0,0,0,0,,,nan,0,1.0367023944854736,2.0324223041534424,21.68839454650879,1.0367012023925781,1.0,nan,0,0,0,0,0.06852872226822568,0.0,filtered,1.5253273120208734e-06,0,0,12,,workspace_x_upper,0,0,1,solved,osqp,0.0,valid,0.4305274311464299,0.640420615|0.430527431|0.438527431|0.609173803|0.663627516|0.669578042,0.790420615|0.580527431|0.588527431|0.759173803|0.813627516|0.819578042,0.760420615|0.550527431|0.558527431|0.729173803|0.783627516|0.789578042,0.15|0.15|0.15|0.15|0.15|0.15,0|0.0493898577|0.0493898577|0.160984046|0.194809237|0,-0.0977451651|-0.180102077|-0.180102077|-0.208019275|-0.201912838|0,2.46393729|1.59139751|1.62339751|2.38965998|2.64740646|2.67831217,0.418127716|-0.536713958|0.753495336,-0.0243393518|0.270267934|0.0780353025,0.004524563439190388,0.0012685181573033333,0.0012864219024777412,0.0019307099282741547
100,5.050000000000001,-0.23218220691800603,0.07529153674840927,0.09288720041513443,0.5932581424713135,0.072829969227314,0.35,1,0,0,0,0,,,nan,0,0.9799384474754333,3.3030295372009277,36.04362487792969,0.9799384474754333,1.0,nan,0,0,0,0,0.06852872226822568,0.0,passthrough,6.5976422239591655e-12,0,0,12,,workspace_x_upper,0,0,1,solved,osqp,0.0,valid,0.4240007599452117,0.635627601|0.42400076|0.43200076|0.606783208|0.663171816|0.668566097,0.785627601|0.57400076|0.58200076|0.756783208|0.813171816|0.818566097,0.755627601|0.54400076|0.55200076|0.726783208|0.783171816|0.788566097,0.15|0.15|0.15|0.15|0.15|0.15,0|0.0192213526|0.0192213526|0.0936557611|0.119356984|0,-0.093965116|-0.178109146|-0.178109146|-0.206960169|-0.201802566|0,2.44854529|1.53711525|1.56911525|2.31382843|2.57024168|2.67426439,0.416910708|-0.523200631|0.757397056,-0.0243393518|0.270267934|0.0780353025,0.0031350282952189445,0.0008167177438735962,0.0008269976824522018,0.0014619529247283936
101,5.1000000000000005,-0.24691360194457168,0.08030093461275101,0.10098013281822205,0.5847822427749634,0.0776895135641098,0.35,1,0,0,0,0,,,nan,0,0.9744391441345215,2.33647084236145,64.15150451660156,0.9744391441345215,1.0,nan,0,0,0,0,0.06852872226822568,0.0,passthrough,6.0209911849453525e-12,0,0,12,,workspace_y_upper,0,0,1,solved,osqp,0.0,valid,0.4160871416374451,0.631025036|0.416087142|0.424087142|0.601108225|0.658996565|0.663959795,0.781025036|0.566087142|0.574087142|0.751108225|0.808996565|0.813959795,0.751025036|0.536087142|0.544087142|0.721108225|0.778996565|0.783959795,0.15|0.15|0.15|0.15|0.15|0.15,0|0.0118518766|0.0118518766|0.0892120541|0.11128512|0,-0.0901273889|-0.176085201|-0.176085201|-0.2062197|-0.201809367|0,2.43397276|1.50011524|1.53211524|2.28742525|2.54546201|2.65583918,0.4156937|-0.509687304|0.761298776,-0.0243393518|0.270267934|0.0780353025,0.004889095202088356,0.001468823291361332,0.0014056405052542686,0.0019841287285089493
102,5.15,-0.2603093562493718,0.07695809751749039,0.10979033261537552,0.5767327547073364,0.0741998553276062,0.35,1,0,0,0,0,,,nan,0,0.925117552280426,2.568711996078491,36.64234924316406,0.9251166582107544,1.0,nan,0,0,0,0,0.06852872226822568,0.0,filtered,1.0533600335817817e-06,0,0,12,,workspace_y_upper,0,0,1,solved,osqp,0.0,valid,0.40789042390607555,0.626615772|0.407890424|0.415890424|0.595207637|0.654372321|0.658903768,0.776615772|0.557890424|0.565890424|0.745207637|0.804372321|0.808903768,0.746615772|0.527890424|0.535890424|0.715207637|0.774372321|0.778903768,0.15|0.15|0.15|0.15|0.15|0.15,0|0.0187353354|0.0187353354|0.11129132|0.130874516|0,-0.0862332319|-0.174090466|-0.174090466|-0.205505724|-0.201978112|0,2.42022986|1.47620656|1.50820656|2.28661614|2.54638569|2.63561507,0.414476693|-0.496173978|0.765200496,-0.0243393518|0.270267934|0.0780353025,0.004385954700410366,0.0014518331736326218,0.001221589744091034,0.001680193468928337
103,5.2,-0.27566838901504376,0.07709132134914398,0.11918898671865463,0.5688179731369019,0.07418381422758102,0.35,1,0,0,0,0,,,nan,0,0.8121241331100464,3.1452579498291016,38.03234100341797,0.8121240735054016,1.0,nan,0,0,0,0,0.06852872226822568,0.0,filtered,1.8178310326018177e-07,0,0,12,,workspace_y_upper,0,0,1,solved,osqp,0.0,valid,0.4001376800568882,0.622402596|0.40013768|0.40813768|0.590447051|0.650716879|0.654814902,0.772402596|0.55013768|0.55813768|0.740447051|0.800716879|0.804814902,0.742402596|0.52013768|0.52813768|0.710447051|0.770716879|0.774814902,0.15|0.15|0.15|0.15|0.15|0.15,0|0.0196064734|0.0196064734|0.107644868|0.121311868|0,-0.0822840429|-0.171975488|-0.171975488|-0.204534861|-0.20211052|0,2.40732634|1.44818171|1.48018171|2.26489821|2.52206886|2.61925961,0.413259685|-0.482660651|0.769102216,-0.0243393518|0.270267934|0.0780353025,0.004859051667153835,0.0014779819175601006,0.0013921316713094711,0.0019549960270524025
104,5.25,-0.24602893892142702,0.09438303858041763,0.12571221590042114,0.5596891641616821,0.09129364788532257,0.35,1,0,0,0,0,,,nan,0,0.650372326374054,5.1192307472229,54.18082809448242,0.6503722667694092,1.0,nan,0,0,0,0,0.06852872226822568,0.0,filtered,1.949412958729265e-07,0,0,12,,workspace_y_upper,0,0,1,solved,osqp,0.0,valid,0.392537453778954,0.618388223|0.392537454|0.400537454|0.585557327|0.646578872|0.650274039,0.768388223|0.542537454|0.550537454|0.735557327|0.796578872|0.800274039,0.738388223|0.512537454|0.520537454|0.705557327|0.766578872|0.770274039,0.15|0.15|0.15|0.15|0.15|0.15,0|-0.00645867915|-0.00645867915|0.052494422|0.0562166877|0,-0.0782813714|-0.169735561|-0.169735561|-0.20359572|-0.202545695|0,2.39527152|1.39395557|1.42595557|2.19112801|2.43998648|2.60109615,0.412042677|-0.469147325|0.773003936,-0.0243393518|0.270267934|0.0780353025,0.004473714157938957,0.0014121290296316147,0.0012252526357769966,0.0018041739240288734
105,5.300000000000001,-0.1775744938666887,0.12463782727718353,0.1265908032655716,0.5484997034072876,0.12131084501743317,0.35,1,0,0,0,0,,,nan,0,0.5601382851600647,7.1215386390686035,52.071895599365234,0.5618711709976196,1.0,nan,0,0,0,0,0.06852872226822568,0.0,filtered,0.011937375413715546,0,0,12,joint_3_acceleration_lower,workspace_y_upper,0,0,1,solved,osqp,0.0,valid,0.3837697197350739,0.614575284|0.38376972|0.39176972|0.577986472|0.639183495|0.642533199,0.764575284|0.53376972|0.54176972|0.727986472|0.789183495|0.792533199,0.734575284|0.50376972|0.51176972|0.697986472|0.759183495|0.762533199,0.15|0.15|0.15|0.15|0.15|0.15,0|-0.0510579701|-0.0510579701|-0.0362117259|-0.0426721689|0,-0.0742269189|-0.167162087|-0.167162087|-0.202388875|-0.203029463|0,2.38407422|1.31685882|1.34885882|2.07334529|2.31103235|2.5701328,0.41082567|-0.455633998|0.776905656,-0.0243393518|0.270267934|0.0780353025,0.004769566468894482,0.0014246515929698944,0.0013896282762289047,0.0019218428060412407
106,5.3500000000000005,-0.12103451026496373,0.15604092180728912,0.12276589870452881,0.5352843999862671,0.15240994095802307,0.35,1,0,0,0,0,,,nan,0,0.614299476146698,6.081890106201172,37.48100280761719,0.6142992377281189,1.0,nan,0,0,0,0,0.06852872226822568,0.0,filtered,5.117152897972926e-07,0,0,12,,workspace_x_upper,0,0,1,solved,osqp,0.0,valid,0.3730232755094144,0.610966322|0.373023276|0.381023276|0.566238317|0.627021886|0.630142414,0.760966322|0.523023276|0.531023276|0.716238317|0.777021886|0.780142414,0.730966322|0.493023276|0.501023276|0.686238317|0.747021886|0.750142414,0.15|0.15|0.15|0.15|0.15|0.15,0|-0.0938198725|-0.0938198725|-0.132115938|-0.147379415|0,-0.0701225391|-0.163999193|-0.163999193|-0.2004721|-0.20295028|0,2.37374275|1.23427404|1.26627404|1.93236523|2.15775785|2.52056965,0.409608662|-0.442120671|0.780807376,-0.0243393518|0.270267934|0.0780353025,0.004655634984374046,0.0014342507347464561,0.0012468388304114342,0.0019430331885814667
107,5.4,-0.01574082743220248,0.15285176038742065,0.11358751356601715,0.5226569771766663,0.14893800020217896,0.35,1,0,0,0,0,,,nan,0,0.5708982348442078,4.791401386260986,128.2023468017578,0.570898175239563,1.0,nan,0,0,0,0,0.06852872226822568,0.0,filtered,6.408659167584573e-08,0,0,12,,workspace_x_upper,0,0,1,solved,osqp,0.0,valid,0.36032420741600724,0.607563785|0.360324207|0.368324207|0.549770926|0.609608594|0.612625099,0.757563785|0.510324207|0.518324207|0.699770926|0.759608594|0.762625099,0.727563785|0.480324207|0.488324207|0.669770926|0.729608594|0.732625099,0.15|0.15|0.15|0.15|0.15|0.15,0|-0.0804023855|-0.0804023855|-0.106717902|-0.124415824|0,-0.0659702371|-0.160306367|-0.160306367|-0.198192012|-0.202524893|0,2.3642849|1.20058808|1.23258808|1.89417379|2.11149366|2.4505004,0.408391654|-0.428607345|0.784709096,-0.0243393518|0.270267934|0.0780353025,0.004884436726570129,0.0014844750985503197,0.0013629607856273651,0.002003457397222519
108,5.45,-0.06761894756272305,0.19847363233566284,0.10495539754629135,0.5088531374931335,0.19773657619953156,0.35,1,0,0,0,0,,,nan,0,0.5744178891181946,4.99212646484375,151.61717224121094,0.574417769908905,1.0,nan,0,0,0,0,0.06852872226822568,0.0,filtered,2.496910024744677e-07,0,0,12,,workspace_x_upper,0,0,1,solved,osqp,0.0,valid,0.348369723513434,0.604370015|0.348369724|0.356369724|0.534477395|0.593118299|0.596118299,0.754370015|0.498369724|0.506369724|0.684477395|0.743118299|0.746118299,0.724370015|0.468369724|0.476369724|0.654477395|0.713118299|0.716118299,0.15|0.15|0.15|0.15|0.15|0.15,0|-0.114088|-0.114088|-0.206579372|-0.241070083|0,-0.0617721672|-0.155528057|-0.155528057|-0.194044475|-0.199610722|0,2.35570789|1.12386284|1.15586284|1.73728574|1.93179239|2.3844732,0.407174647|-0.415094018|0.788610816,-0.0243393518|0.270267934|0.0780353025,0.0042673880234360695,0.0010866988450288773,0.001270228996872902,0.0018899589776992798
109,5.5,-0.09457757006444809,0.16242308914661407,0.0999760627746582,0.4972742199897766,0.16157716512680054,0.35,1,0,0,0,0,,,nan,0,0.5252782702445984,4.233297348022461,133.73532104492188,0.525277853012085,1.0,nan,0,0,0,0,0.06852872226822568,0.0,filtered,5.96490129942749e-07,0,0,12,,workspace_x_upper,0,0,1,solved,osqp,0.0,valid,0.3352400088440164,0.601387244|0.335240009|0.343240009|0.514934978|0.571581856|0.574581856,0.751387244|0.485240009|0.493240009|0.664934978|0.721581856|0.724581856,0.721387244|0.455240009|0.463240009|0.634934978|0.691581856|0.694581856,0.15|0.15|0.15|0.15|0.15|0.15,0|-0.0697445941|-0.0697445941|-0.130861477|-0.160328517|0,-0.0575306302|-0.150723109|-0.150723109|-0.190838349|-0.196947938|0,2.34801834|1.12049233|1.15249233|1.73804008|1.92905097|2.29832742,0.405957639|-0.401580691|0.792512536,-0.0243393518|0.270267934|0.0780353025,0.0041945213451981544,0.0014310022816061974,0.0013599768280982971,0.0013432735577225685
110,5.550000000000001,-0.23105785718765248,0.17440424859523773,0.1018945574760437,0.4860786199569702,0.17341797053813934,0.35,1,0,0,0,0,,,nan,0,0.5497548580169678,3.6819863319396973,107.51399993896484,0.5497548580169678,1.0,nan,0,0,0,0,0.06852872226822568,0.0,passthrough,1.2298196671017492e-09,0,0,12,,workspace_x_upper,0,0,1,solved,osqp,0.0,valid,0.3243745785359944,0.598617584|0.324374579|0.332374579|0.498943316|0.553775362|0.556775362,0.748617584|0.474374579|0.482374579|0.648943316|0.703775362|0.706775362,0.718617584|0.444374579|0.452374579|0.618943316|0.673775362|0.676775362,0.15|0.15|0.15|0.15|0.15|0.15,0|-0.0694177335|-0.0694177335|-0.152590281|-0.184442779|0,-0.0532480693|-0.14566294|-0.14566294|-0.187491475|-0.194372687|0,2.34122227|1.08241764|1.11441764|1.65569151|1.83628598|2.22710145,0.404740632|-0.388067365|0.796414256,-0.0243393518|0.270267934|0.0780353025,0.004742945544421673,0.0014181528240442276,0.0014189621433615685,0.0018734857439994812
111,5.6000000000000005,-0.28543765537689597,0.13239730894565582,0.10900749266147614,0.4767686128616333,0.13128215074539185,0.35,1,0,0,0,0,,,nan,0,0.5882359147071838,3.5245511531829834,69.48300170898438,0.5882355570793152,1.0,nan,0,0,0,0,0.06852872226822568,0.0,filtered,4.6337156586347705e-07,0,0,12,,workspace_y_upper,0,0,1,solved,osqp,0.0,valid,0.31382788358403757,0.596063023|0.313827884|0.321827884|0.482123612|0.534997675|0.537997675,0.746063023|0.463827884|0.471827884|0.632123612|0.684997675|0.687997675,0.716063023|0.433827884|0.441827884|0.602123612|0.654997675|0.657997675,0.15|0.15|0.15|0.15|0.15|0.15,0|-0.0343229557|-0.0343229557|-0.0759816984|-0.100402556|0,-0.0489270656|-0.14104801|-0.14104801|-0.185698862|-0.193590985|0,2.33532503|1.07994057|1.11194057|1.66681389|1.84599716|2.1519907,0.403523624|-0.374554038|0.800315976,-0.0243393518|0.270267934|0.0780353025,0.003792249597609043,0.0014835651963949203,0.0009824419394135475,0.0012925025075674057
112,5.65,-0.30417773407499277,0.12068847566843033,0.11761287599802017,0.46812838315963745,0.11542979627847672,0.35,1,0,0,0,0,,,nan,0,0.6545533537864685,3.0443081855773926,81.68186950683594,0.6545522809028625,1.0,nan,0,0,0,0,0.06852872226822568,0.0,filtered,1.2003915145473808e-06,0,0,12,,workspace_y_upper,0,0,1,solved,osqp,0.0,valid,0.3051418750467645,0.593725416|0.305141875|0.313141875|0.468972004|0.520182387|0.523182387,0.743725416|0.455141875|0.463141875|0.618972004|0.670182387|0.673182387,0.713725416|0.425141875|0.433141875|0.588972004|0.640182387|0.643182387,0.15|0.15|0.15|0.15|0.15|0.15,0|-0.0260389057|-0.0260389057|-0.0370146001|-0.0636310749|0,-0.0445703323|-0.136623769|-0.136623769|-0.184286789|-0.193373235|0,2.33033133|1.05790483|1.08990483|1.65458663|1.82372524|2.09272955,0.402306616|-0.361040711|0.804217696,-0.0243393518|0.270267934|0.0780353025,0.004293483681976795,0.0011348053812980652,0.0012604473158717155,0.00187692791223526
113,5.7,-0.2278029465568868,0.11715224385261536,0.1220402866601944,0.4599739909172058,0.11172503978013992,0.35,1,0,0,0,0,,,nan,0,0.7143938541412354,3.420011281967163,55.39225769042969,0.7143938541412354,1.0,nan,0,0,0,0,0.06852872226822568,0.0,passthrough,5.507629950127331e-12,0,0,12,,workspace_y_upper,0,0,1,solved,osqp,0.0,valid,0.2971180794773207,0.591606479|0.297118079|0.305118079|0.457911159|0.507287404|0.510287404,0.741606479|0.447118079|0.455118079|0.607911159|0.657287404|0.660287404,0.711606479|0.417118079|0.425118079|0.577911159|0.627287404|0.630287404,0.15|0.15|0.15|0.15|0.15|0.15,0|-0.0181621437|-0.0181621437|0.0160218968|-0.00873962094|0,-0.0401807069|-0.132257581|-0.132257581|-0.182752888|-0.193095951|0,2.32624521|1.03805259|1.07005259|1.66491365|1.82731404|2.04114962,0.401089609|-0.347527385|0.808119416,-0.0243393518|0.270267934|0.0780353025,0.004799641668796539,0.0014532338827848434,0.0013735946267843246,0.001943100243806839
114,5.75,-0.2221734159449148,0.11282241344451904,0.12631043791770935,0.4523463249206543,0.107258141040802,0.35,1,0,0,0,0,,,nan,0,0.7742769122123718,2.407543182373047,52.09526443481445,0.7742769122123718,1.0,nan,0,0,0,0,0.06852872226822568,0.0,passthrough,6.134499293989045e-12,0,0,12,,workspace_y_upper,0,0,1,solved,osqp,0.0,valid,0.2896547928725357,0.589707783|0.289654793|0.297654793|0.449470969|0.497021493|0.500021471,0.739707783|0.439654793|0.447654793|0.599470969|0.647021493|0.650021471,0.709707783|0.409654793|0.417654793|0.569470969|0.617021493|0.620021471,0.15|0.15|0.15|0.15|0.15|0.15,0|-0.0133153511|-0.0133153511|0.0427402858|0.0206615205|0,-0.035761145|-0.127380572|-0.127380572|-0.179682095|-0.191226632|0,2.32306999|1.01792325|1.04992325|1.66094207|1.81752086|2.00008588,0.399872601|-0.334014058|0.812021136,-0.0243393518|0.270267934|0.0780353025,0.00456675048917532,0.0013946425169706345,0.0012234346941113472,0.0019185785204172134
115,5.800000000000001,-0.22275656868423754,0.11294520646333694,0.13049007952213287,0.44494736194610596,0.10726754367351532,0.35,1,0,0,0,0,,,nan,0,0.8003541827201843,2.2858076095581055,25.51607894897461,0.8003541827201843,1.0,nan,0,0,0,0,0.06852872226822568,0.0,passthrough,5.137910849857575e-12,0,0,12,,workspace_y_upper,0,0,1,solved,osqp,0.0,valid,0.28273736518124726,0.588030748|0.282737365|0.290737365|0.442699072|0.488509566|0.491509543,0.738030748|0.432737365|0.440737365|0.592699072|0.638509566|0.641509543,0.708030748|0.402737365|0.410737365|0.562699072|0.608509566|0.611509543,0.15|0.15|0.15|0.15|0.15|0.15,0|-0.0133007908|-0.0133007908|0.0489279357|0.030008194|0,-0.0313147093|-0.122378338|-0.122378338|-0.176206637|-0.188981867|0,2.32080828|0.995270332|1.02727033|1.64351759|1.79506459|1.96603817,0.398655593|-0.320500731|0.815922856,-0.0243393518|0.270267934|0.0780353025,0.004867536947131157,0.0014206627383828163,0.0013691717758774757,0.0020469073206186295
116,5.8500000000000005,-0.22484953139026068,0.10820210725069046,0.1349293291568756,0.43807661533355713,0.10244888812303543,0.35,1,0,0,0,0,,,nan,0,0.7958287000656128,1.814064383506775,30.995956420898438,0.7958278656005859,1.0,nan,0,0,0,0,0.06852872226822568,0.0,filtered,1.1527700647483625e-06,0,0,12,,workspace_y_upper,0,0,1,solved,osqp,0.0,valid,0.2760758228781369,0.586576641|0.276075823|0.284075823|0.436418608|0.480586581|0.483586581,0.736576641|0.426075823|0.434075823|0.586418608|0.630586581|0.633586581,0.706576641|0.396075823|0.404075823|0.556418608|0.600586581|0.603586581,0.15|0.15|0.15|0.15|0.15|0.15,0|-0.00756155215|-0.00756155215|0.0682470697|0.0517576299|0,-0.0268445627|-0.117192071|-0.117192071|-0.172489961|-0.18650807|0,2.319462|0.979549668|1.01154967|1.64143154|1.78759588|1.93434632,0.397438586|-0.306987405|0.819824576,-0.0243393518|0.270267934|0.0780353025,0.004633585922420025,0.0014154352247714996,0.0012931721284985542,0.0018931347876787186
117,5.9,-0.1764322072667996,0.10751798003911972,0.13664521276950836,0.4314544200897217,0.1017356887459755,0.35,1,0,0,0,0,,,nan,0,0.7264742851257324,2.616283416748047,44.724002838134766,0.7264742851257324,1.0,nan,0,0,0,0,0.06852872226822568,0.0,passthrough,1.479942882062991e-09,0,0,12,,workspace_y_upper,0,0,1,solved,osqp,0.0,valid,0.26995972064927176,0.585346564|0.269959721|0.277959721|0.431291225|0.473879826|0.476879826,0.735346564|0.419959721|0.427959721|0.581291225|0.623879826|0.626879826,0.705346564|0.389959721|0.397959721|0.551291225|0.593879826|0.596879826,0.15|0.15|0.15|0.15|0.15|0.15,0|-0.0067740433|-0.0067740433|0.0770082833|0.0605940234|0,-0.0223539548|-0.111896102|-0.111896102|-0.16861003|-0.183824257|0,2.3190323|0.961168737|0.993168737|1.63356315|1.77228907|1.9075193,0.396221578|-0.293474078|0.823726296,-0.0243393518|0.270267934|0.0780353025,0.004269507713615894,0.0014700023457407951,0.001368480734527111,0.001398969441652298
118,5.95,-0.1475190386938875,0.11617398262023926,0.13629433512687683,0.42450857162475586,0.11038913577795029,0.35,1,0,0,0,0,,,nan,0,0.6380805969238281,2.255131959915161,47.78701400756836,0.6380805969238281,1.0,nan,0,0,0,0,0.06852872226822568,0.0,passthrough,1.27996402868894e-09,0,0,12,,workspace_y_upper,0,0,1,solved,osqp,0.0,valid,0.26416279442335244,0.584341459|0.264162794|0.272162794|0.426837765|0.46779876|0.47079876,0.734341459|0.414162794|0.422162794|0.576837765|0.61779876|0.62079876,0.704341459|0.384162794|0.392162794|0.546837765|0.58779876|0.59079876,0.15|0.15|0.15|0.15|0.15|0.15,0|-0.0179609118|-0.0179609118|0.0428883817|0.0252198208|0,-0.0178462135|-0.106120537|-0.106120537|-0.163863221|-0.180102998|0,2.31951962|0.932569729|0.964569729|1.58637622|1.71631186|1.88319504,0.39500457|-0.279960752|0.827628016,-0.0243393518|0.270267934|0.0780353025,0.00437679048627615,0.0012893183156847954,0.0011821966618299484,0.0018722591921687126
119,6.0,-0.1751906708947656,0.12684428691864014,0.13687828183174133,0.4171677231788635,0.12106680124998093,0.35,1,0,0,0,0,,,nan,0,0.6049053072929382,1.9079183340072632,41.31951141357422,0.6049053072929382,1.0,nan,0,0,0,0,0.06852872226822568,0.0,passthrough,1.1801426745984725e-09,0,0,12,,workspace_y_upper,0,0,1,solved,osqp,0.0,valid,0.2581192326665127,0.583562097|0.258119233|0.266119233|0.420947062|0.460172281|0.463172281,0.733562097|0.408119233|0.416119233|0.570947062|0.610172281|0.613172281,0.703562097|0.378119233|0.386119233|0.540947062|0.580172281|0.583172281,0.15|0.15|0.15|0.15|0.15|0.15,0|-0.0320577244|-0.0320577244|-0.00674026857|-0.0272052007|0,-0.0133247308|-0.0998142923|-0.0998142923|-0.158617488|-0.175816445|0,2.32092366|0.900604914|0.932604914|1.51843049|1.63766748|1.85268912,0.393787563|-0.266447425|0.831529737,-0.0243393518|0.270267934|0.0780353025,0.002910800278186798,0.0008252300322055817,0.0007833810523152351,0.001280234195291996
120,6.050000000000001,-0.2511274827335774,0.11538450419902802,0.14212346076965332,0.4107624292373657,0.10965336114168167,0.35,1,0,0,0,0,,,nan,0,0.6606681942939758,3.0522146224975586,82.256591796875,0.660668134689331,1.0,nan,0,0,0,0,0.06852872226822568,0.0,filtered,8.125045519962733e-08,0,0,12,,workspace_y_upper,0,0,1,solved,osqp,0.0,valid,0.25170936525719456,0.58300908|0.251709365|0.259709365|0.412839647|0.450139489|0.453139489,0.73300908|0.401709365|0.409709365|0.562839647|0.600139489|0.603139489,0.70300908|0.371709365|0.379709365|0.532839647|0.570139489|0.573139489,0.15|0.15|0.15|0.15|0.15|0.15,0|-0.0201050172|-0.0201050172|0.0197350583|-0.000593360641|0,-0.00879295187|-0.093308196|-0.093308196|-0.153757236|-0.172011594|0,2.32324337|0.893424248|0.925424248|1.51733641|1.627953|1.81255796,0.392570555|-0.252934098|0.835431457,-0.0243393518|0.270267934|0.0780353025,0.004458404146134853,0.0012916391715407372,0.0012080781161785126,0.0019243983551859856
121,6.1000000000000005,-0.27569686942377414,0.09659707546234131,0.14956128597259521,0.40570735931396484,0.09098412841558456,0.35,1,0,0,0,0,,,nan,0,0.7129202485084534,2.1949574947357178,45.999027252197266,0.712920069694519,1.0,nan,0,0,0,0,0.06852872226822568,0.0,filtered,2.262621076346033e-07,0,0,12,,workspace_y_upper,0,0,1,solved,osqp,0.0,valid,0.2461714044954627,0.582682836|0.246171404|0.254171404|0.406172113|0.441491472|0.444491472,0.732682836|0.396171404|0.404171404|0.556172113|0.591491472|0.594491472,0.702682836|0.366171404|0.374171404|0.526172113|0.561491472|0.564491472,0.15|0.15|0.15|0.15|0.15|0.15,0|0.000412800145|0.000412800145|0.0824597896|0.0673670215|0,-0.0042543609|-0.0872581368|-0.0872581368|-0.149939627|-0.169341602|0,2.32647698|0.897840281|0.929840281|1.55720862|1.66399131|1.77796589,0.391353548|-0.239420772|0.839333177,-0.0243393518|0.270267934|0.0780353025,0.003273243084549904,0.0007862746715545654,0.000888860784471035,0.0015773233026266098
122,6.15,-0.27833313496231127,0.09112177789211273,0.15719129145145416,0.40157902240753174,0.08569406718015671,0.35,1,0,0,0,0,,,nan,0,0.6844907402992249,2.128506898880005,53.312679290771484,0.6844907402992249,1.0,nan,0,0,0,0,0.06852872226822568,0.0,passthrough,1.1984602798236524e-09,0,0,12,,workspace_y_upper,0,0,1,solved,osqp,0.0,valid,0.24195764531218888,0.582583162|0.241957645|0.249957645|0.402860938|0.436410714|0.439410714,0.732583162|0.391957645|0.399957645|0.552860938|0.586410714|0.589410714,0.702583162|0.361957645|0.369957645|0.522860938|0.556410714|0.559410714,0.146835032|0.15|0.15|0.15|0.15|0.15,0|0.0135075267|0.0135075267|0.125971319|0.118112712|0,-8.84609529e-18|-0.0814163641|-0.0814163641|-0.146188189|-0.166748106|0,2.33033265|0.899921744|0.931921744|1.59122688|1.69700746|1.75764286,0.39013654|-0.225907445|0.843234897,-0.0243393518|0.270267934|0.0780353025,0.004665949381887913,0.0013672420755028725,0.0012778565287590027,0.001988600939512253
123,6.2,-0.3409839162939696,0.20880521833896637,0.1615346223115921,0.39538025856018066,0.19376257061958313,0.35,1,0,0,0,0,,,nan,0,0.5772472023963928,4.256611347198486,72.0693359375,0.5772472023963928,1.0,nan,0,0,0,0,0.06852872226822568,0.0,passthrough,1.0409102475425026e-09,0,0,12,,workspace_y_upper,0,0,1,solved,osqp,0.0,valid,0.23868593639212643,0.58258312|0.238685936|0.246685936|0.40192133|0.434011117|0.437011116,0.73258312|0.388685936|0.396685936|0.55192133|0.584011117|0.587011116,0.70258312|0.358685936|0.366685936|0.52192133|0.554011117|0.557011116,0.096835301|0.15|0.15|0.15|0.15|0.15,0|-0.00055031112|-0.00055031112|0.0821188765|0.0770044346|0,-6.5742396e-18|-0.075493899|-0.075493899|-0.142031904|-0.163679241|0,2.33033248|0.878699535|0.910699535|1.54777229|1.64936966|1.74804447,0.388919532|-0.212394118|0.847136617,-0.0243393518|0.270267934|0.0780353025,0.0038892151787877083,0.0007906416431069374,0.0011952770873904228,0.0018819291144609451
124,6.25,-0.2152161300818046,0.21117261052131653,0.1585957109928131,0.3850785493850708,0.19511806964874268,0.35,1,0,0,0,0,,,nan,0,0.7341606020927429,8.147836685180664,213.24627685546875,0.7436311841011047,1.0,nan,0,0,0,0,0.06852872226822568,0.0,filtered,0.04649209056455004,0,0,12,joint_5_acceleration_lower|joint_4_acceleration_upper,workspace_y_upper,0,0,1,solved,osqp,0.0,valid,0.2140322815760557,0.560751851|0.214032282|0.222032282|0.383096634|0.417270032|0.420270032,0.710751851|0.364032282|0.372032282|0.533096634|0.567270032|0.570270032,0.680751851|0.334032282|0.342032282|0.503096634|0.537270032|0.540270032,0.15|0.15|0.15|0.15|0.15|0.15,0|0.00978915958|0.00978915958|0.166569783|0.145323105|0,-0.12915528|-0.203513707|-0.203513707|-0.239638629|-0.240179257|0,2.11385213|0.662404579|0.694404579|1.45931769|1.57422398|1.68108013,0.387702525|-0.198880792|0.849024594,-0.0243393518|0.270267934|-0.0780353025,0.004858297295868397,0.001481872983276844,0.0013603102415800095,0.0019821710884571075
125,6.300000000000001,-0.12756438711607643,0.23062016069889069,0.15018725395202637,0.3741857409477234,0.21349385380744934,0.35,1,0,0,0,0,,,nan,0,0.8858594298362732,5.642721652984619,83.01773834228516,0.8858581781387329,1.0,nan,0,0,0,0,0.06852872226822568,0.0,filtered,1.6453768515240709e-06,0,0,12,,workspace_x_upper,0,0,1,solved,osqp,0.0,valid,0.20429833736461966,0.554386907|0.204298337|0.212298337|0.378964989|0.411974568|0.414974568,0.704386907|0.354298337|0.362298337|0.528964989|0.561974568|0.564974568,0.674386907|0.324298337|0.332298337|0.498964989|0.531974568|0.534974568,0.15|0.15|0.15|0.15|0.15|0.15,0|-0.00877688106|-0.00877688106|0.141467263|0.104280502|0,-0.125429951|-0.199375807|-0.199375807|-0.235948854|-0.237081361|0,2.09211768|0.609040661|0.641040661|1.42137836|1.51509741|1.65989827,0.386485517|-0.185367465|0.845122874,-0.0243393518|0.270267934|-0.0780353025,0.00454877782613039,0.0013145701959729195,0.0013262201100587845,0.0018859747797250748
126,6.3500000000000005,-0.14542868209025273,0.26292455196380615,0.14134223759174347,0.36201992630958557,0.24455071985721588,0.35,1,0,0,0,0,,,nan,0,0.8935752511024475,4.194244384765625,107.364013671875,0.8935748338699341,1.0,nan,0,0,0,0,0.06852872226822568,0.0,filtered,8.435956793263458e-07,0,0,12,,workspace_x_upper,0,0,1,solved,osqp,0.0,valid,0.1941083028927617,0.548210314|0.194108303|0.202108303|0.374630892|0.405726683|0.408726683,0.698210314|0.344108303|0.352108303|0.524630892|0.555726683|0.558726683,0.668210314|0.314108303|0.322108303|0.494630892|0.525726683|0.528726683,0.15|0.15|0.15|0.15|0.15|0.15,0|-0.0378809697|-0.0378809697|0.0369464507|-0.0175224346|0,-0.121621195|-0.194264487|-0.194264487|-0.230417574|-0.231963591|0,2.07122006|0.544287755|0.576287755|1.30505245|1.3734207|1.63490673,0.385268509|-0.171854138|0.841221154,-0.0243393518|0.270267934|-0.0780353025,0.004173462279140949,0.001458238810300827,0.0013506151735782623,0.001330430619418621
127,6.4,-0.2761641048552863,0.26280099153518677,0.13974100351333618,0.35074999928474426,0.24320822954177856,0.35,1,0,0,0,0,,,nan,0,0.8515450954437256,5.594846248626709,120.10420227050781,0.8456048369407654,1.0,nan,0,0,0,0,0.06852872226822568,0.0,filtered,0.10053867705822161,0,0,12,,workspace_x_upper,0,0,1,solved,osqp,0.0,valid,0.18275916304322581,0.54222624|0.182759163|0.190759163|0.365450001|0.393755048|0.396755032,0.69222624|0.332759163|0.340759163|0.515450001|0.543755048|0.546755032,0.66222624|0.302759163|0.310759163|0.485450001|0.513755048|0.516755032,0.15|0.15|0.15|0.15|0.15|0.15,0|-0.0237700955|-0.0237700955|0.0638708037|0.0189364455|0,-0.117729151|-0.18831753|-0.18831753|-0.224784476|-0.226520839|0,2.05117581|0.518949027|0.550949027|1.30088633|1.3674358|1.58702013,0.384051502|-0.158340812|0.837319434,-0.0243393518|0.270267934|-0.0780353025,0.0033082403242588043,0.001031806692481041,0.0007891692221164703,0.0014594225212931633
128,6.45,-0.38589675486811703,0.24172493815422058,0.14527325332164764,0.34148281812667847,0.2211083471775055,0.35,1,0,0,0,0,,,nan,0,0.8785827159881592,4.881274223327637,63.559486389160156,0.885922372341156,1.0,nan,0,0,0,0,0.06852872226822568,0.0,filtered,0.05163416207057267,0,0,12,,workspace_y_upper,0,0,1,solved,osqp,0.0,valid,0.17225107289619623,0.536438844|0.172251073|0.180251073|0.357398112|0.383351211|0.386351211,0.686438844|0.322251073|0.330251073|0.507398112|0.533351211|0.536351211,0.656438844|0.292251073|0.300251073|0.477398112|0.503351211|0.506351211,0.15|0.15|0.15|0.15|0.15|0.15,0|0.00941961669|0.00941961669|0.159863079|0.132672765|0,-0.113754154|-0.182757568|-0.182757568|-0.22067813|-0.222560296|0,2.03200122|0.51566634|0.54766634|1.3687774|1.44351731|1.54540484,0.382834494|-0.144827485|0.833417714,-0.0243393518|0.270267934|-0.0780353025,0.0030310675501823425,0.0008391765877604485,0.0008251043036580086,0.0013369154185056686
129,6.5,-0.43160224712012707,0.23823778331279755,0.1533777117729187,0.3330234885215759,0.21668967604637146,0.35,1,0,0,0,0,,,nan,0,0.8702521324157715,2.085106134414673,66.3729476928711,0.870251476764679,1.0,nan,0,0,0,0,0.06852872226822568,0.0,filtered,9.00500620002354e-07,0,0,12,,workspace_y_upper,0,0,1,solved,osqp,0.0,valid,0.1636439523042701,0.530852259|0.163643952|0.171643952|0.354280417|0.37877961|0.38177961,0.680852259|0.313643952|0.321643952|0.504280417|0.52877961|0.53177961,0.650852259|0.283643952|0.291643952|0.474280417|0.49877961|0.50177961,0.15|0.15|0.15|0.15|0.15|0.15,0|0.0196592213|0.0196592213|0.184165849|0.166651863|0,-0.109696752|-0.177937379|-0.177937379|-0.217742543|-0.219826487|0,2.01371228|0.496297651|0.528297651|1.38354497|1.46194382|1.52711844,0.381617486|-0.131314158|0.829515994,-0.0243393518|0.270267934|-0.0780353025,0.0030332766473293304,0.0009493567049503326,0.0007807128131389618,0.0012836381793022156
130,6.550000000000001,-0.41803342660658016,0.2611563503742218,0.15923452377319336,0.32395505905151367,0.23864516615867615,0.35,1,0,0,0,0,,,nan,0,0.8262001276016235,2.7261569499969482,70.52161407470703,0.8261994123458862,1.0,nan,0,0,0,0,0.06852872226822568,0.0,filtered,8.302611811906089e-07,0,0,12,,workspace_y_upper,0,0,1,solved,osqp,0.0,valid,0.15583133358258816,0.525470583|0.155831334|0.163831334|0.352609975|0.376151917|0.37915189,0.675470583|0.305831334|0.313831334|0.502609975|0.526151917|0.52915189,0.645470583|0.275831334|0.283831334|0.472609975|0.496151917|0.49915189,0.15|0.15|0.15|0.15|0.15|0.15,0|0.00449453695|0.00449453695|0.14329149|0.129244831|0,-0.105557696|-0.173216607|-0.173216607|-0.2151569|-0.217408604|0,1.99632463|0.454603265|0.486603265|1.33857449|1.41644389|1.51660756,0.380400479|-0.11780078|0.825614274,-0.0243393518|0.270267934|-0.0780353025,0.003049568273127079,0.0007696785032749176,0.000836334191262722,0.0014242948964238167
131,6.6000000000000005,-0.40257334834256087,0.2828586995601654,0.1629040688276291,0.314405620098114,0.2594025433063507,0.35,1,0,0,0,0,,,nan,0,0.8039929866790771,2.4235644340515137,11.900383949279785,0.8039922714233398,1.0,nan,0,0,0,0,0.06852872226822568,0.0,filtered,8.324286583682261e-07,0,0,12,,predictive_link_1,0,0,1,solved,osqp,0.0,valid,0.14752798785611232,0.520297877|0.147527988|0.155527988|0.349081748|0.371843913|0.374843913,0.670297877|0.297527988|0.305527988|0.499081748|0.521843913|0.524843913,0.640297877|0.267527988|0.275527988|0.469081748|0.491843913|0.494843913,0.15|0.15|0.15|0.15|0.15|0.15,0|-0.00883577668|-0.00883577668|0.106229344|0.0948733908|0,-0.10133799|-0.167639366|-0.167639366|-0.21173152|-0.213965069|0,1.97985352|0.413636808|0.445636808|1.29082481|1.36828397|1.49937565,0.379183471|-0.104287364|0.821712554,-0.0243393518|0.270267934|-0.0780353025,0.003072146326303482,0.0007743686437606812,0.0009374255314469337,0.0013405364006757736
132,6.65,-0.407975561403578,0.29903799295425415,0.16587640345096588,0.30476024746894836,0.2746886909008026,0.35,1,0,0,0,0,,,nan,0,0.7452118992805481,2.013908624649048,47.020748138427734,0.7452114820480347,1.0,nan,0,0,0,0,0.06852872226822568,0.0,filtered,6.752574189281921e-07,0,0,12,,predictive_link_1,0,0,1,solved,osqp,0.0,valid,0.13887679637195138,0.515338147|0.138876796|0.146876796|0.343933363|0.366063856|0.369063856,0.665338147|0.288876796|0.296876796|0.493933363|0.516063856|0.519063856,0.635338147|0.258876796|0.266876796|0.463933363|0.486063856|0.489063856,0.15|0.15|0.15|0.15|0.15|0.15,0|-0.0162066752|-0.0162066752|0.0610189754|0.0503097853|0,-0.0970388873|-0.161103641|-0.161103641|-0.207357981|-0.209371556|0,1.9643137|0.378196869|0.410196869|1.22939445|1.30519365|1.47625542,0.377966464|-0.0907739475|0.817810833,-0.0243393518|0.270267934|-0.0780353025,0.0028967028483748436,0.0007738349959254265,0.0008391113951802254,0.0012642405927181244
133,6.7,-0.4708423613391986,0.29836520552635193,0.172122061252594,0.2959705889225006,0.27325668931007385,0.35,1,0,0,0,0,,,nan,0,0.7653656601905823,2.8342678546905518,61.570343017578125,0.7653647661209106,1.0,nan,0,0,0,0,0.06852872226822568,0.0,filtered,1.2089148649746312e-06,0,0,12,,predictive_link_1,0,0,1,solved,osqp,0.0,valid,0.1302034025820641,0.510595327|0.130203403|0.138203403|0.336739082|0.358276159|0.361276149,0.660595327|0.280203403|0.288203403|0.486739082|0.508276159|0.511276149,0.630595327|0.250203403|0.258203403|0.456739082|0.478276159|0.481276149,0.15|0.15|0.15|0.15|0.15|0.15,0|-0.00633022943|-0.00633022943|0.0784593513|0.076978862|0,-0.0926618781|-0.154035689|-0.154035689|-0.203134093|-0.20483699|0,1.94971943|0.360447691|0.392447691|1.22228159|1.30524651|1.4451046,0.376749456|-0.0772605315|0.813909113,-0.0243393518|0.270267934|-0.0780353025,0.0028756512328982353,0.000770818442106247,0.0008262544870376587,0.0012584179639816284
134,6.75,-0.5139655835591679,0.29698646068573,0.18054653704166412,0.28797751665115356,0.27130648493766785,0.35,1,0,0,0,0,,,nan,0,0.7656252384185791,1.201892614364624,47.237388610839844,0.7656244039535522,1.0,nan,0,0,0,0,0.06852872226822568,0.0,filtered,1.0884632896825345e-06,0,0,12,,predictive_link_1,0,0,1,solved,osqp,0.0,valid,0.12234225095213938,0.506073269|0.122342251|0.130342251|0.330537163|0.351948137|0.354948137,0.656073269|0.272342251|0.280342251|0.480537163|0.501948137|0.504948137,0.626073269|0.242342251|0.250342251|0.450537163|0.471948137|0.474948137,0.15|0.15|0.15|0.15|0.15|0.15,0|0.00290914775|0.00290914775|0.112553652|0.117730249|0,-0.0882087102|-0.147285961|-0.147285961|-0.199988269|-0.201439714|0,1.93608437|0.34499219|0.37699219|1.23471403|1.32408308|1.41979255,0.375532448|-0.0637471154|0.810007393,-0.0243393518|0.270267934|-0.0780353025,0.002957712858915329,0.0008891085162758827,0.0007761446759104729,0.0012637516483664513
135,6.800000000000001,-0.5254068981134724,0.308762788772583,0.18862248957157135,0.2800832986831665,0.2826802134513855,0.35,1,0,0,0,0,,,nan,0,0.7641556859016418,1.095794916152954,37.0314826965332,0.7641549706459045,1.0,nan,0,0,0,0,0.06852872226822568,0.0,filtered,1.0580653766249607e-06,0,0,12,,predictive_link_1,0,0,1,solved,osqp,0.0,valid,0.11527817089444778,0.501775733|0.115278171|0.123278171|0.326201954|0.347834132|0.350834112,0.651775733|0.265278171|0.273278171|0.476201954|0.497834132|0.500834112,0.621775733|0.235278171|0.243278171|0.446201954|0.467834132|0.470834112,0.15|0.15|0.15|0.15|0.15|0.15,0|-0.000490771285|-0.000490771285|0.10541291|0.115607336|0,-0.0836813936|-0.14054659|-0.14054659|-0.196949163|-0.198206756|0,1.92342154|0.320075322|0.352075322|1.21327156|1.30873711|1.40333645,0.374315441|-0.0502336994|0.806105673,-0.0243393518|0.270267934|-0.0780353025,0.004429609514772892,0.0012600338086485863,0.0011958051472902298,0.0019418075680732727
136,6.8500000000000005,-0.52693009172017,0.3182153105735779,0.19594599306583405,0.27241021394729614,0.2919588088989258,0.35,1,0,0,0,0,,,nan,0,0.7348156571388245,1.0102170705795288,22.72654151916504,0.7348150014877319,1.0,nan,0,0,0,0,0.06852872226822568,0.0,filtered,8.687845870921385e-07,0,0,12,,predictive_link_1,0,0,1,solved,osqp,0.0,valid,0.10840138938894137,0.49770637|0.108401389|0.116401389|0.321684086|0.343804119|0.346804103,0.64770637|0.258401389|0.266401389|0.471684086|0.493804119|0.496804103,0.61770637|0.228401389|0.236401389|0.441684086|0.463804119|0.466804103,0.15|0.15|0.15|0.15|0.15|0.15,0|-0.00199390645|-0.00199390645|0.0982472444|0.10851279|0,-0.079082205|-0.133185405|-0.133185405|-0.193408522|-0.194377785|0,1.91174328|0.298426247|0.330426247|1.19157507|1.28935148|1.38721641,0.373098433|-0.0367202833|0.802203953,-0.0243393518|0.270267934|-0.0780353025,0.0047009773552417755,0.0013209683820605278,0.0013217693194746971,0.002029193565249443
137,6.9,-0.5201827805693455,0.32567518949508667,0.2021971195936203,0.26504752039909363,0.29951345920562744,0.35,1,0,0,0,0,,,nan,0,0.6839815378189087,1.483115792274475,17.490657806396484,0.6839810609817505,1.0,nan,0,0,0,0,0.06852872226822568,0.0,filtered,5.90485053608728e-07,0,0,12,,predictive_link_1,0,0,1,solved,osqp,0.0,valid,0.10183800089032277,0.493868711|0.101838001|0.109838001|0.317012764|0.33964506|0.34264506,0.643868711|0.251838001|0.259838001|0.467012764|0.48964506|0.49264506,0.613868711|0.221838001|0.229838001|0.437012764|0.45964506|0.46264506,0.15|0.15|0.15|0.15|0.15|0.15,0|-0.00243782485|-0.00243782485|0.0868992327|0.0929161131|0,-0.074413695|-0.125182921|-0.125182921|-0.189314|-0.189920578|0,1.90106115|0.279731258|0.311731258|1.16563629|1.26157578|1.37058024,0.371881425|-0.0232068822|0.798302233,-0.0243393518|0.270267934|-0.0780353025,0.00447137001901865,0.0012218672782182693,0.001345152035355568,0.0018751192837953568
138,6.95,-0.515168899954733,0.32810595631599426,0.20777533948421478,0.258193701505661,0.30234968662261963,0.35,1,0,0,0,0,,,nan,0,0.6248802542686462,1.7714462280273438,11.149415016174316,0.6248800754547119,1.0,nan,0,0,0,0,0.06852872226822568,0.0,filtered,2.062747784764624e-07,0,0,12,,predictive_link_1,0,0,1,solved,osqp,0.0,valid,0.09567051600820284,0.490266152|0.095670516|0.103670516|0.312000054|0.334951471|0.337951455,0.640266152|0.245670516|0.253670516|0.462000054|0.484951471|0.487951455,0.610266152|0.215670516|0.223670516|0.432000054|0.454951471|0.457951455,0.15|0.15|0.15|0.15|0.15|0.15,0|0.000260689284|0.000260689284|0.0869243225|0.0891142874|0,-0.0696786757|-0.116594643|-0.116594643|-0.184814417|-0.185013989|0,1.89138593|0.266348111|0.298348111|1.15011012|1.24390618|1.35180582,0.370664418|-0.00969348848|0.794400513,-0.0243393518|0.270267934|-0.0780353025,0.004669236019253731,0.0014738086611032486,0.001407751813530922,0.0017546247690916061
139,7.0,-0.5115276734410061,0.32834962010383606,0.21290145814418793,0.25187817215919495,0.3033405542373657,0.35,1,0,0,0,0,,,nan,0,0.5825392603874207,1.5932849645614624,7.21099328994751,0.5825392603874207,1.0,nan,0,0,0,0,0.06852872226822568,0.0,passthrough,1.3097728815364807e-09,0,0,12,,predictive_link_1,0,0,1,solved,osqp,0.0,valid,0.09007856865696381,0.486901943|0.0900785687|0.0980785687|0.307229012|0.330328984|0.333328963,0.636901943|0.240078569|0.248078569|0.457229012|0.480328984|0.483328963,0.606901943|0.210078569|0.218078569|0.427229012|0.450328984|0.453328963,0.15|0.15|0.15|0.15|0.15|0.15,0|0.00311671563|0.00311671563|0.0919609747|0.0918672026|0,-0.0648802254|-0.107565883|-0.107565883|-0.17995746|-0.17973128|0,1.88272755|0.255865107|0.287865107|1.14091956|1.23345186|1.33331585,0.36944741|0.00381990988|0.790498793,-0.0243393518|0.270267934|-0.0780353025,0.004753732122480869,0.001385977491736412,0.0013180067762732506,0.002018020488321781
140,7.050000000000001,-0.5006141520548261,0.32848939299583435,0.21720805764198303,0.24603059887886047,0.3046102821826935,0.35,1,0,0,0,0,,,nan,0,0.5576467514038086,1.5725376605987549,8.566840171813965,0.5576467514038086,1.0,nan,0,0,0,0,0.06852872226822568,0.0,passthrough,1.2499071288233442e-09,0,0,12,,predictive_link_1,0,0,1,solved,osqp,0.0,valid,0.08509523341356015,0.483779173|0.0850952334|0.0930952334|0.302971619|0.326129151|0.329129151,0.633779173|0.235095233|0.243095233|0.452971619|0.476129151|0.479129151,0.603779173|0.205095233|0.213095233|0.422971619|0.446129151|0.449129151,0.15|0.15|0.15|0.15|0.15|0.15,0|0.00439698959|0.00439698959|0.0913213007|0.0879840886|0,-0.0600216917|-0.0980798931|-0.0980798931|-0.174630721|-0.173938801|0,1.875095|0.24669803|0.27869803|1.12857706|1.21856189|1.31651661,0.368230402|0.0173333064|0.786597073,-0.0243393518|0.270267934|-0.0780353025,0.004651921801269054,0.0014042221009731293,0.0013440987095236778,0.0018704403191804886
141,7.1000000000000005,-0.4829496068903892,0.32821258902549744,0.22039388120174408,0.2406022846698761,0.3058747947216034,0.35,1,0,0,0,0,,,nan,0,0.5423715114593506,1.5661035776138306,7.360692024230957,0.5423715114593506,1.0,nan,0,0,0,0,0.06852872226822568,0.0,passthrough,1.2016888594467294e-09,0,0,12,,predictive_link_1,0,0,1,solved,osqp,0.0,valid,0.08067501052868967,0.480900757|0.0806750105|0.0886750105|0.298981501|0.322064041|0.325064041,0.630900757|0.230675011|0.238675011|0.448981501|0.472064041|0.475064041,0.600900757|0.200675011|0.208675011|0.418981501|0.442064041|0.445064041,0.15|0.15|0.15|0.15|0.15|0.15,0|0.00427116986|0.00427116986|0.0818839403|0.0736205348|0,-0.0551066781|-0.0879711359|-0.0879711359|-0.168648985|-0.167406679|0,1.86849635|0.239000076|0.271000076|1.10916096|1.19447002|1.30025616,0.367013395|0.0308467001|0.782695353,-0.0243393518|0.270267934|-0.0780353025,0.005701618269085884,0.0022422047331929207,0.0014228830114006996,0.0020030587911605835
142,7.15,-0.4679761809460615,0.32328081130981445,0.22290325164794922,0.23570159077644348,0.3028596043586731,0.35,1,0,0,0,0,,,nan,0,0.5292704105377197,1.2449193000793457,13.259563446044922,0.5292704105377197,1.0,nan,0,0,0,0,0.06852872226822568,0.0,passthrough,1.180021310225407e-09,0,0,12,,predictive_link_1,0,0,1,solved,osqp,0.0,valid,0.07678318112078839,0.478269426|0.0767831811|0.0847831811|0.294852556|0.31764581|0.32064581,0.628269426|0.226783181|0.234783181|0.444852556|0.46764581|0.47064581,0.598269426|0.196783181|0.204783181|0.414852556|0.43764581|0.44064581,0.15|0.15|0.15|0.15|0.15|0.15,0|0.0051501673|0.0051501673|0.0739057229|0.0611140293|0,-0.0501390277|-0.0771519077|-0.0771519077|-0.162019052|-0.160132633|0,1.86293868|0.235130984|0.267130984|1.09129689|1.17156464|1.28258324,0.365796387|0.0443601161|0.778793633,-0.0243393518|0.270267934|-0.0780353025,0.0044883666560053825,0.0013589467853307724,0.0012625092640519142,0.0018382780253887177
143,7.2,-0.4729663619867268,0.30902987718582153,0.22631248831748962,0.23155555129051208,0.29076698422431946,0.35,1,0,0,0,0,,,nan,0,0.5282119512557983,1.1642165184020996,26.563108444213867,0.5282118916511536,1.0,nan,0,0,0,0,0.06852872226822568,0.0,filtered,6.060063410796099e-08,0,0,12,,predictive_link_1,0,0,1,solved,osqp,0.0,valid,0.07349069340558337,0.475887709|0.0734906934|0.0814906934|0.290667565|0.312977434|0.315977403,0.625887709|0.223490693|0.231490693|0.440667565|0.462977434|0.465977403,0.595887709|0.193490693|0.201490693|0.410667565|0.432977434|0.435977403,0.15|0.15|0.15|0.15|0.15|0.15,0|0.00895483786|0.00895483786|0.0859551454|0.0725664153|0,-0.0451228378|-0.0658964591|-0.0658964591|-0.155116963|-0.152545641|0,1.858428|0.237021152|0.269021152|1.09350844|1.17193051|1.26390961,0.36457938|0.0578735322|0.774891913,-0.0243393518|0.270267934|-0.0780353025,0.0045761726796627045,0.0014297915622591972,0.001154853031039238,0.0019558193162083626
144,7.25,-0.5010365116055618,0.28966158628463745,0.2320566177368164,0.2281985878944397,0.2736688256263733,0.35,1,0,0,0,0,,,nan,0,0.5559271574020386,1.6734637022018433,25.692886352539062,0.5559267997741699,1.0,nan,0,0,0,0,0.06852872226822568,0.0,filtered,4.536900671583344e-07,0,0,12,,predictive_link_1,0,0,1,solved,osqp,0.0,valid,0.07093482560136424,0.473757925|0.0709348256|0.0789348256|0.287400843|0.309224808|0.312224808,0.623757925|0.220934826|0.228934826|0.437400843|0.459224808|0.462224808,0.593757925|0.190934826|0.198934826|0.407400843|0.429224808|0.432224808,0.15|0.15|0.15|0.15|0.15|0.15,0|0.0128342987|0.0128342987|0.113920127|0.105088647|0,-0.0400624227|-0.054837424|-0.054837424|-0.148550342|-0.145354099|0,1.85496928|0.241736177|0.273736177|1.11497316|1.19663378|1.24889923,0.363362372|0.0713869482|0.770990193,-0.0243393518|0.270267934|-0.0780353025,0.004913908429443836,0.0014515584334731102,0.0016328571364283562,0.001796855591237545
145,7.300000000000001,-0.5248933647427387,0.2812419831752777,0.23921948671340942,0.2252306044101715,0.2676478624343872,0.35,1,0,0,0,0,,,nan,0,0.5841240286827087,1.6365033388137817,28.800708770751953,0.584123432636261,1.0,nan,0,0,0,0,0.06852872226822568,0.0,filtered,6.699051489669693e-07,0,0,12,,predictive_link_1,0,0,1,solved,osqp,0.0,valid,0.06909643917696942,0.471882175|0.0690964392|0.0770964392|0.285814099|0.307403551|0.310403551,0.621882175|0.219096439|0.227096439|0.435814099|0.457403551|0.460403551,0.591882175|0.189096439|0.197096439|0.405814099|0.427403551|0.430403551,0.15|0.15|0.15|0.15|0.15|0.15,0|0.0101834279|0.0101834279|0.115899844|0.112832544|0,-0.0349623055|-0.0443435659|-0.0443435659|-0.142620418|-0.138913988|0,1.85256639|0.242225619|0.274225619|1.11653582|1.20353276|1.2416142,0.362145364|0.0849003643|0.767088473,-0.0243393518|0.270267934|-0.0780353025,0.004059680737555027,0.0014847535640001297,0.0011420520022511482,0.0013988427817821503
146,7.3500000000000005,-0.5506164198227061,0.2720242440700531,0.24785903096199036,0.22263267636299133,0.26092278957366943,0.35,1,0,0,0,0,,,nan,0,0.6102617979049683,1.456642746925354,9.274442672729492,0.6102613806724548,1.0,nan,0,0,0,0,0.06852872226822568,0.0,filtered,5.168799424919609e-07,0,0,12,,predictive_link_1,0,0,1,solved,osqp,0.0,valid,0.06763457028156208,0.470262325|0.0676345703|0.0756345703|0.284593313|0.306260408|0.309260408,0.620262325|0.21763457|0.22563457|0.434593313|0.456260408|0.459260408,0.590262325|0.18763457|0.19563457|0.404593313|0.426260408|0.429260408,0.15|0.15|0.15|0.15|0.15|0.15,0|0.00714491002|0.00714491002|0.119658566|0.121359146|0,-0.0298272003|-0.0339928328|-0.0339928328|-0.137113752|-0.132945482|0,1.8512221|0.243690358|0.275690358|1.12091807|1.2134553|1.23704163,0.360928357|0.0984137803|0.763186753,-0.0243393518|0.270267934|-0.0780353025,0.004471250809729099,0.0012125298380851746,0.0012724148109555244,0.0019551096484065056
147,7.4,-0.5699674003259545,0.26315298676490784,0.2575276494026184,0.22036629915237427,0.2546064257621765,0.35,1,0,0,0,0,,,nan,0,0.6272233128547668,1.1760153770446777,10.184398651123047,0.6272228956222534,1.0,nan,0,0,0,0,0.06852872226822568,0.0,filtered,4.6939716357805937e-07,0,0,12,,predictive_link_1,0,0,1,solved,osqp,0.0,valid,0.06652420912682264,0.468900004|0.0665242091|0.0745242091|0.283810338|0.305810645|0.308810621,0.618900004|0.216524209|0.224524209|0.433810338|0.455810645|0.458810621,0.588900004|0.186524209|0.194524209|0.403810338|0.425810645|0.428810621,0.15|0.15|0.15|0.15|0.15|0.15,0|0.00341891419|0.00341891419|0.118474304|0.12236147|0,-0.024661993|-0.0238265121|-0.0238265121|-0.132007292|-0.12747427|0,1.85093802|0.245689239|0.277689239|1.12170836|1.21812978|1.23524248,0.359711349|0.111927196|0.759285033,-0.0243393518|0.270267934|-0.0780353025,0.00481510441750288,0.0014193663373589516,0.0015344098210334778,0.0018266784027218819
148,7.45,-0.5799675797659578,0.25623002648353577,0.2675536274909973,0.21835288405418396,0.2503293752670288,0.35,1,0,0,0,0,,,nan,0,0.6341973543167114,1.0003025531768799,9.152480125427246,0.6341971158981323,1.0,nan,0,0,0,0,0.06852872226822568,0.0,filtered,2.6838711687497117e-07,0,0,12,,workspace_z_lower,0,0,1,solved,osqp,0.0,valid,0.06572316881637316,0.467796592|0.0657231688|0.0737231688|0.283202072|0.305654814|0.308654814,0.617796592|0.215723169|0.223723169|0.433202072|0.455654814|0.458654814,0.587796592|0.185723169|0.193723169|0.403202072|0.425654814|0.428654814,0.15|0.15|0.15|0.15|0.15|0.15,0|-0.00131223987|-0.00131223987|0.108540289|0.112958932|0,-0.0194717185|-0.0138664667|-0.0138664667|-0.127317032|-0.122541134|0,1.85171465|0.247713969|0.279713969|1.11403154|1.21303705|1.23461925,0.358494341|0.125440612|0.755383313,-0.0243393518|0.270267934|-0.0780353025,0.004898237995803356,0.0014125322923064232,0.0013439273461699486,0.0021102093160152435
149,7.5,-0.5785424019478685,0.25029855966567993,0.27724355459213257,0.2166188359260559,0.2470642775297165,0.35,1,0,0,0,0,,,nan,0,0.6261366605758667,0.9857856631278992,18.833240509033203,0.6261366605758667,1.0,nan,0,0,0,0,0.06852872226822568,0.0,passthrough,1.266849054308713e-09,0,0,12,,workspace_z_lower,0,0,1,solved,osqp,0.0,valid,0.06518104836739644,0.466953192|0.0651810484|0.0731810484|0.282324494|0.305263126|0.308263095,0.616953192|0.215181048|0.223181048|0.432324494|0.455263126|0.458263095,0.586953192|0.185181048|0.193181048|0.402324494|0.425263126|0.428263095,0.15|0.15|0.15|0.15|0.15|0.15,0|-0.0046860947|-0.0046860947|0.0956807736|0.100274053|0,-0.0142615697|-0.0039198496|-0.0039198496|-0.122840794|-0.117916971|0,1.8535512|0.252118249|0.284118249|1.10213796|1.20340959|1.23305238,0.357277334|0.138953939|0.751481593,-0.0243393518|0.270267934|-0.0780353025,0.004731425084173679,0.001453380100429058,0.0013514244928956032,0.0018954342231154442
150,7.550000000000001,-0.5709764471420602,0.2475264072418213,0.2861069142818451,0.21539661288261414,0.2462843805551529,0.35,1,0,0,0,0,,,nan,0,0.5756427645683289,1.397256851196289,23.9180908203125,0.5756427645683289,1.0,nan,0,0,0,0,0.06852872226822568,0.0,passthrough,1.12061946237861e-09,0,0,12,,workspace_z_lower,0,0,1,solved,osqp,0.0,valid,0.06489479435699888,0.466370686|0.0648947944|0.0728947944|0.281043837|0.304482321|0.307482321,0.616370686|0.214894794|0.222894794|0.431043837|0.454482321|0.457482321,0.586370686|0.184894794|0.192894794|0.401043837|0.424482321|0.427482321,0.15|0.12228533|0.12228533|0.15|0.15|0.15,0|-0.00314651846|-0.00314651846|0.0901081329|0.0958707714|0,-0.00903677626|9.78953862e-18|9.78953862e-18|-0.11801843|-0.11296174|0,1.85644597|0.256432659|0.288432659|1.09626505|1.20083832|1.22992928,0.356060326|0.152467266|0.747579873,-0.0243393518|0.270267934|-0.0780353025,0.004575122147798538,0.0014074286445975304,0.001293863169848919,0.0018447022885084152
151,7.6000000000000005,-0.5429031484495233,0.2443295419216156,0.29311487078666687,0.21474319696426392,0.2441667914390564,0.35,1,0,0,0,0,,,nan,0,0.48435866832733154,2.4448609352111816,32.55430603027344,0.48435866832733154,1.0,nan,0,0,0,0,0.06852872226822568,0.0,passthrough,9.311121371044515e-10,0,0,12,,workspace_z_lower,0,0,1,solved,osqp,0.0,valid,0.06473833629567452,0.466049673|0.0647383363|0.0727383363|0.279756465|0.303760453|0.306760453,0.616049673|0.214738336|0.222738336|0.429756465|0.453760453|0.456760453,0.586049673|0.184738336|0.192738336|0.399756465|0.423760453|0.426760453,0.15|0.0754882631|0.0754882631|0.15|0.15|0.15,0|-0.00162833752|-0.00162833752|0.0753202088|0.0750855802|0,-0.00380267499|1.74075685e-17|1.74075685e-17|-0.112445789|-0.107225602|0,1.86039602|0.257325008|0.289325008|1.08190028|1.18290179|1.22704181,0.354843318|0.165980592|0.743678153,-0.0243393518|0.270267934|-0.0780353025,0.004305815324187279,0.0011929189786314964,0.0011878684163093567,0.0018956586718559265
152,7.65,-0.5478095314908253,0.24207279086112976,0.30008190870285034,0.21468675136566162,0.24207279086112976,0.35,1,0,0,0,0,,,nan,0,0.43751803040504456,1.5223479270935059,26.285219192504883,0.43751803040504456,1.0,nan,0,0,0,0,0.06852872226822568,0.0,passthrough,8.006223927496718e-10,0,0,12,,workspace_z_lower,0,0,1,solved,osqp,0.0,valid,0.06465720029738106,0.465980653|0.0646572003|0.0726572003|0.278033698|0.302307659|0.305307659,0.615980653|0.2146572|0.2226572|0.428033698|0.452307659|0.455307659,0.585980653|0.1846572|0.1926572|0.398033698|0.422307659|0.425307659,0.136299599|0.0272670968|0.0272670968|0.15|0.15|0.15,0|-0.000392961377|-0.000392961377|0.0781601903|0.0769329239|0,-2.15574269e-18|-1.6422695e-18|-1.6422695e-18|-0.106375182|-0.101020759|0,1.86392261|0.25823584|0.29023584|1.0839198|1.1851428|1.22123064,0.353626311|0.179493919|0.739776433,-0.0243393518|0.270267934|-0.0780353025,0.004708611406385899,0.0014010034501552582,0.0014464305713772774,0.0018290868028998375
153,7.7,-0.5329769365548398,0.24111607670783997,0.3058862090110779,0.2151932418346405,0.24111612141132355,0.35,1,0,0,0,0,,,nan,0,0.424336314201355,1.5833779573440552,22.789146423339844,0.424336314201355,1.0,nan,0,0,0,0,0.06852872226822568,0.0,passthrough,7.618698209970084e-10,0,0,12,,workspace_z_lower,0,0,1,solved,osqp,0.0,valid,0.06468673374615805,0.465980652|0.0646867337|0.0726867337|0.276756854|0.301250292|0.304250279,0.615980652|0.214686734|0.222686734|0.426756854|0.451250292|0.454250279,0.585980652|0.184686734|0.192686734|0.396756854|0.421250292|0.424250279,0.0862998676|0|0|0.15|0.15|0.15,0|-0.000277213411|-0.000277213411|0.068322768|0.0613088286|0,2.12212946e-17|0.0047526591|0.0047526591|-0.100224512|-0.0948556654|0,1.86392261|0.263222381|0.295222381|1.07512567|1.17145433|1.21700112,0.352409303|0.193007246|0.735874712,-0.0243393518|0.270267934|-0.0780353025,0.004830875433981419,0.001409183256328106,0.0014400193467736244,0.0019492357969284058
154,7.75,-0.5146228965402091,0.23878049850463867,0.3104807734489441,0.21643882989883423,0.23878052830696106,0.35,1,0,0,0,0,,,nan,0,0.42347782850265503,1.8536903858184814,14.99424934387207,0.42347782850265503,1.0,nan,0,0,0,0,0.06852872226822568,0.0,passthrough,7.447079012295163e-10,0,0,12,,workspace_z_lower,0,0,1,solved,osqp,0.0,valid,0.06519323930892221,0.465980652|0.0651932393|0.0731932393|0.275319832|0.299743837|0.302743837,0.615980652|0.215193239|0.223193239|0.425319832|0.449743837|0.452743837,0.585980652|0.185193239|0.193193239|0.395319832|0.419743837|0.422743837,0.0363001381|0|0|0.15|0.15|0.15,0|0.00259677178|0.00259677178|0.0664166769|0.0538387851|0,-1.55254439e-17|0.0161718958|0.0161718958|-0.0935537793|-0.0881558974|0,1.86392261|0.279541625|0.311541625|1.07414223|1.16465824|1.21097535,0.351192296|0.206520572|0.731972992,-0.0243393518|0.270267934|-0.0780353025,0.004941530525684357,0.0014078691601753235,0.0013362448662519455,0.002168090082705021
155,7.800000000000001,-0.4773965825173516,0.23509159684181213,0.31303077936172485,0.21843290328979492,0.23509158194065094,0.35,1,0,0,0,0,,,nan,0,0.44604432582855225,2.069641590118408,15.510114669799805,0.4460441768169403,1.0,nan,0,0,0,0,0.06852872226822568,0.0,filtered,2.0547792343205305e-07,0,0,12,,workspace_z_lower,0,0,1,solved,osqp,0.0,valid,0.06643884199651398,0.465990483|0.066438842|0.074438842|0.274159007|0.298240176|0.301240176,0.615990483|0.216438842|0.224438842|0.424159007|0.448240176|0.451240176,0.585990483|0.186438842|0.194438842|0.394159007|0.418240176|0.421240176,0|0|0|0.15|0.15|0.15,0|0.00524725252|0.00524725252|0.0532425864|0.0315567272|0,0.00143526483|0.0280177066|0.0280177066|-0.0860580383|-0.0805599308|0,1.8653972|0.299020327|0.331020327|1.06382058|1.1439575|1.2049607,0.349975288|0.220033899|0.728071272,-0.0243393518|0.270267934|-0.0780353025,0.0046784533187747,0.0014468664303421974,0.0013265563175082207,0.001872408203780651
156,7.8500000000000005,-0.44540169358912973,0.2302880436182022,0.31400787830352783,0.22108015418052673,0.2302880436182022,0.35,1,0,0,0,0,,,nan,0,0.48190996050834656,1.799926996231079,18.058246612548828,0.48190954327583313,1.0,nan,0,0,0,0,0.06852872226822568,0.0,filtered,5.233077220688588e-07,0,0,12,,workspace_z_lower,0,0,1,solved,osqp,0.0,valid,0.0684328841371605,0.466193175|0.0684328841|0.0764328841|0.272753546|0.296046707|0.29904669,0.616193175|0.218432884|0.226432884|0.422753546|0.446046707|0.44904669,0.586193175|0.188432884|0.196432884|0.392753546|0.416046707|0.41904669,0|0|0|0.15|0.15|0.15,0|0.00614450541|0.00614450541|0.039640763|0.00784723951|0,0.00667180819|0.040210787|0.040210787|-0.0778413932|-0.0721116395|0,1.87144451|0.320086829|0.352086829|1.05281355|1.11992243|1.19618676,0.34875828|0.233547226|0.724169552,-0.0243393518|0.270267934|-0.0780353025,0.0028402982279658318,0.0007727136835455894,0.0007817083969712257,0.0012661274522542953
157,7.9,-0.4445102866047253,0.2248692363500595,0.31514638662338257,0.2241382598876953,0.22486931085586548,0.35,1,0,0,0,0,,,nan,0,0.5267080068588257,2.2658562660217285,31.676090240478516,0.5267073512077332,1.0,nan,0,0,0,0,0.06852872226822568,0.0,filtered,7.662267374291554e-07,0,0,12,,workspace_z_lower,0,0,1,solved,osqp,0.0,valid,0.0710801391616743,0.466657544|0.0710801392|0.0790801392|0.271087261|0.293100613|0.296100613,0.616657544|0.221080139|0.229080139|0.421087261|0.443100613|0.446100613,0.586657544|0.191080139|0.199080139|0.391087261|0.413100613|0.416100613,0|0|0|0.15|0.15|0.15,0|0.00323144198|0.00323144198|0.0395288321|-0.00223217654|0,0.0119014732|0.0522589242|0.0522589242|-0.0694680909|-0.0634292814|0,1.87853165|0.339810923|0.371810923|1.05440978|1.106741|1.18440245,0.347541273|0.247060552|0.720267832,-0.0243393518|0.270267934|-0.0780353025,0.002939146012067795,0.0008005807176232338,0.0008137291297316551,0.0013048648834228516
158,7.95,-0.4737361133379762,0.2190282642841339,0.31803783774375916,0.22752436995506287,0.2190282940864563,0.35,1,0,0,0,0,,,nan,0,0.5804498195648193,1.9120575189590454,22.560279846191406,0.580449104309082,1.0,nan,0,0,0,0,0.06852872226822568,0.0,filtered,8.110373949476139e-07,0,0,12,,workspace_z_lower,0,0,1,solved,osqp,0.0,valid,0.07413828397698105,0.467383116|0.074138284|0.082138284|0.269786625|0.290027035|0.293027004,0.617383116|0.224138284|0.232138284|0.419786625|0.440027035|0.443027004,0.587383116|0.194138284|0.202138284|0.389786625|0.410027035|0.413027004,0|0|0|0.15|0.15|0.15,0|-0.000318556487|-0.000318556487|0.0582010286|0.0115606931|0,0.0171189032|0.0633130574|0.0633130574|-0.0619315517|-0.0557092274|0,1.88665137|0.359547637|0.391547637|1.07541598|1.1159596|1.17210802,0.346324265|0.260573894|0.716366112,-0.0243393518|0.270267934|-0.0780353025,0.002879294566810131,0.0008112108334898949,0.0007804520428180695,0.0012687509879469872
159,8.0,-0.5137879536203585,0.2125317007303238,0.323159396648407,0.23140624165534973,0.21253177523612976,0.35,1,0,0,0,0,,,nan,0,0.6294881105422974,1.4289902448654175,28.07525634765625,0.6294874548912048,1.0,nan,0,0,0,0,0.06852872226822568,0.0,filtered,7.536605030172827e-07,0,0,12,,workspace_z_lower,0,0,1,solved,osqp,0.0,valid,0.07752438651570628,0.468369137|0.0775243865|0.0855243865|0.269746575|0.287968022|0.290968022,0.618369137|0.227524387|0.235524387|0.419746575|0.437968022|0.440968022,0.588369137|0.197524387|0.205524387|0.389746575|0.407968022|0.410968022,0|0|0|0.15|0.15|0.15,0|9.70752356e-05|9.70752356e-05|0.0904331273|0.0458182809|0,0.022318789|0.0732436856|0.0732436856|-0.0553187489|-0.0490798035|0,1.89579534|0.383438307|0.415438307|1.11410068|1.14861056|1.16387209,0.345107257|0.27408722|0.712464392,-0.0243393518|0.270267934|-0.0780353025,0.002875436097383499,0.0008075982332229614,0.0007757684215903282,0.0012728739529848099
160,8.05,-0.5359871429614106,0.2049841582775116,0.3294737637042999,0.23607972264289856,0.20498420298099518,0.35,1,0,0,0,0,,,nan,0,0.6670494079589844,1.5442012548446655,28.31119155883789,0.6670485138893127,1.0,nan,0,0,0,0,0.06852872226822568,0.0,filtered,1.0954233998828696e-06,0,0,12,,workspace_z_lower,0,0,1,solved,osqp,0.0,valid,0.08140627675929221,0.469614603|0.0814062768|0.0894062768|0.271628584|0.287933254|0.290933254,0.619614603|0.231406277|0.239406277|0.421628584|0.437933254|0.440933254,0.589614603|0.201406277|0.209406277|0.391628584|0.407933254|0.410933254,0|0|0|0.15|0.15|0.15,0|0.00648258562|0.00648258562|0.120244306|0.0803643147|0,0.0274959261|0.0824726964|0.0824726964|-0.0489686851|-0.0427543555|0,1.90595434|0.414580389|0.446580389|1.15778996|1.18934298|1.16373302,0.34389025|0.287600547|0.708562672,-0.0243393518|0.270267934|-0.0780353025,0.0028710635378956795,0.0007797777652740479,0.0007732938975095749,0.0012981807813048363
161,8.1,-0.5184074314910119,0.19649961590766907,0.33488455414772034,0.24156028032302856,0.19649969041347504,0.35,1,0,0,0,0,,,nan,0,0.6850407123565674,1.477357029914856,25.36493492126465,0.6850394606590271,1.0,nan,0,0,0,0,0.06852872226822568,0.0,filtered,1.472594251641844e-06,0,0,12,,workspace_z_lower,0,0,1,solved,osqp,0.0,valid,0.08607973998501953,0.47111825|0.08607974|0.09407974|0.275334615|0.289967587|0.292967587,0.62111825|0.23607974|0.24407974|0.425334615|0.439967587|0.442967587,0.59111825|0.20607974|0.21407974|0.395334615|0.409967587|0.412967587,0|0|0|0.15|0.15|0.15,0|0.0130399728|0.0130399728|0.119951111|0.0800689506|0,0.0326452197|0.0916356796|0.0916356796|-0.0419840823|-0.0356665804|0,1.91711822|0.448994612|0.480994612|1.17930549|1.20427272|1.17187035,0.342673242|0.301113874|0.704660952,-0.0243393518|0.270267934|-0.0780353025,0.003011357970535755,0.0007826061919331551,0.0009016497060656548,0.0013053389266133308
162,8.15,-0.46173760863634017,0.18770772218704224,0.33743810653686523,0.2475164830684662,0.18770776689052582,0.35,1,0,0,0,0,,,nan,0,0.6849753260612488,1.8357341289520264,33.504695892333984,0.6849753260612488,1.0,nan,0,0,0,0,0.06852872226822568,0.0,passthrough,5.007213735793097e-12,0,0,12,,workspace_z_lower,0,0,1,solved,osqp,0.0,valid,0.09156030325465356,0.47287856|0.0915603033|0.0995602923|0.279414589|0.292392134|0.295392134,0.62287856|0.241560303|0.249560292|0.429414589|0.442392134|0.445392134,0.59287856|0.211560303|0.219560292|0.399414589|0.412392134|0.415392134,0|0|0|0.15|0.15|0.15,0|0.0129521956|0.0129739988|0.0785214949|0.0300925358|0,0.0377617141|0.101048295|0.10100773|-0.0341425973|-0.0275243277|0,1.92927595|0.480241704|0.512222898|1.16203725|1.17213675|1.18156854,0.341456234|0.3146272|0.700759232,-0.0243393518|0.270267934|-0.0780353025,0.003025069832801819,0.0009438274428248405,0.0008071120828390121,0.001254301518201828
163,8.200000000000001,-0.40373696646329915,0.17938220500946045,0.33723291754722595,0.25344303250312805,0.17938221991062164,0.35,1,0,0,0,0,,,nan,0,0.6888687610626221,2.441478729248047,30.06392478942871,0.6888687610626221,1.0,nan,0,0,0,0,0.06852872226822568,0.0,passthrough,5.268784025561676e-12,0,0,12,,workspace_z_lower,0,0,1,solved,osqp,0.0,valid,0.09751650545339188,0.474893773|0.0975165055|0.105495971|0.281851187|0.292766174|0.295766144,0.624893773|0.247516505|0.255495971|0.431851187|0.442766174|0.445766144,0.594893773|0.217516505|0.225495971|0.401851187|0.412766174|0.415766144,0|0|0|0.15|0.15|0.15,0|0.0028560014|0.00302904992|0.0161889192|-0.0466028129|0,0.0428406147|0.110616956|0.1088842|-0.0258823402|-0.0188006278|0,1.94241571|0.503538979|0.533897134|1.11771133|1.10566126|1.18306458,0.340239227|0.328140527|0.696857512,-0.0243393518|0.270267934|-0.0780353025,0.003009328618645668,0.0008026231080293655,0.0008647115901112556,0.001321643590927124
164,8.25,-0.3584805306562402,0.1713617891073227,0.33512017130851746,0.2594432532787323,0.1713618040084839,0.35,1,0,0,0,0,,,nan,0,0.6945582628250122,2.317574977874756,20.336139678955078,0.6945582628250122,1.0,nan,0,0,0,0,0.06852872226822568,0.0,passthrough,5.331472546012509e-12,0,0,12,,workspace_z_lower,0,0,1,solved,osqp,0.0,valid,0.10344302930630381,0.477161894|0.103443029|0.111272785|0.281586821|0.289739664|0.292739659,0.627161894|0.253443029|0.261272785|0.431586821|0.439739664|0.442739659,0.597161894|0.223443029|0.231272785|0.401586821|0.409739664|0.412739659,0|0|0|0.15|0.15|0.15,0|-0.00501203401|-0.00609121915|-0.0293485721|-0.104962046|0,0.0478773102|0.119940197|0.115031412|-0.0179780129|-0.0104307546|0,1.95652489|0.52870028|0.554031333|1.0790207|1.04356585|1.17095864,0.339022219|0.341653854|0.692955792,-0.0243393518|0.270267934|-0.0780353025,0.002865893766283989,0.0007673539221286774,0.0008083954453468323,0.0012712711468338966
165,8.3,-0.25782440029532505,0.16262724995613098,0.3283492624759674,0.26633819937705994,0.16262724995613098,0.35,1,0,0,0,0,,,nan,0,0.7377697229385376,3.8039886951446533,51.828670501708984,0.7377684712409973,1.0,nan,0,0,0,0,0.06852872226822568,0.0,filtered,1.4878630047772466e-06,0,0,12,,workspace_z_lower,0,0,1,solved,osqp,0.0,valid,0.10944325996677254,0.479680701|0.10944326|0.116846142|0.279424886|0.284187781|0.287187781,0.629680701|0.25944326|0.266846142|0.429424886|0.434187781|0.437187781,0.599680701|0.22944326|0.236846142|0.399424886|0.404187781|0.407187781,0|0|0|0.15|0.15|0.15,0|0.00280333484|-0.00396050018|-0.0844518854|-0.173243162|0,0.0528673897|0.128888547|0.119854884|-0.0103657428|-0.0023999667|0,1.97159019|0.569464921|0.583278953|1.02288192|0.961107994|1.14875112,0.337805212|0.35516718|0.689054072,-0.0243393518|0.270267934|-0.0780353025,0.0030779410153627396,0.0007951883599162102,0.0008043479174375534,0.0014594141393899918
166,8.35,-0.2290709171636343,0.16843247413635254,0.3202745020389557,0.2740735113620758,0.1684056520462036,0.35,1,0,0,0,0,,,nan,0,0.7660020589828491,2.8855113983154297,48.88337326049805,0.766001284122467,1.0,nan,0,0,0,0,0.06852872226822568,0.0,filtered,8.492219043460139e-07,0,0,12,,workspace_z_lower,0,0,1,solved,osqp,0.0,valid,0.11633820976530965,0.482447757|0.11633821|0.122709578|0.275000974|0.275582721|0.278582721,0.632447757|0.26633821|0.272709578|0.425000974|0.425582721|0.428582721,0.602447757|0.23633821|0.242709578|0.395000974|0.395582721|0.398582721,0|0|0|0.15|0.100945774|0.100945774,0|0.010184597|-0.00297520141|-0.0954899569|-0.193849069|0,0.0578066603|0.13824509|0.123732247|-0.00144908578|1.11706498e-17|0,1.98759769|0.613782526|0.611595359|1.00306485|0.908481815|1.11433088,0.336588204|0.368680507|0.685152352,-0.0243393518|0.270267934|-0.0780353025,0.00468897819519043,0.0013673780485987663,0.0013637812808156013,0.0019266540184617043
167,8.4,-0.22609893851697968,0.1440618932247162,0.31386223435401917,0.2824585437774658,0.1440618932247162,0.35,1,0,0,0,0,,,nan,0,0.7600380778312683,2.0948967933654785,42.8858642578125,0.7600375413894653,1.0,nan,0,0,0,0,0.06852872226822568,0.0,filtered,6.441127183718827e-07,0,0,12,,workspace_z_lower,0,0,1,solved,osqp,0.0,valid,0.12407351105921807,0.485460422|0.124073511|0.128792354|0.270238919|0.265874282|0.268874276,0.635460422|0.274073511|0.278792354|0.420238919|0.415874282|0.418874276,0.605460422|0.244073511|0.248792354|0.390238919|0.385874282|0.388874276,0|0|0|0.0951363377|0.0317077246|0.0317078256,0|0.0148344888|0.000505877277|-0.0705116575|-0.1680073|0,0.0626911614|0.147354876|0.127421669|2.37350982e-17|-8.99298437e-18|0,2.00453285|0.658483409|0.643096964|1.01044402|0.895489828|1.07549711,0.335371196|0.382193834|0.681250632,-0.0243393518|0.270267934|-0.0780353025,0.004513297230005264,0.001192229799926281,0.0014387881383299828,0.0018524397164583206
168,8.450000000000001,-0.2630857005625018,0.1351650208234787,0.31025102734565735,0.2910252809524536,0.1351650208234787,0.35,1,0,0,0,0,,,nan,0,0.7773553133010864,2.0273280143737793,56.50405502319336,0.777354896068573,1.0,nan,0,0,0,0,0.06852872226822568,0.0,filtered,5.680433970377968e-07,0,0,12,,workspace_z_lower,0,0,1,solved,osqp,0.0,valid,0.13245854305136995,0.488715863|0.132458543|0.135271085|0.266712959|0.257564738|0.260564725,0.638715863|0.282458543|0.285271085|0.416712959|0.407564738|0.410564725,0.608715863|0.252458543|0.255271085|0.386712959|0.377564738|0.380564725,0|0|0|0.0309635545|0|0,0|0.0106596319|-0.00259415724|-0.0548436193|-0.151049992|0,0.0675171766|0.15574776|0.131498428|6.72816799e-18|0.00557451323|0,2.02238063|0.696241564|0.66998861|1.01200822|0.884783473|1.0422589,0.334154189|0.39570716|0.677348912,-0.0243393518|0.270267934|-0.0780353025,0.0046966802328825,0.0014059767127037048,0.0013855872675776482,0.0018737288191914558
169,8.5,-0.27692556613877006,0.12805791199207306,0.30796578526496887,0.2983371615409851,0.12805791199207306,0.35,2,0,0,0,0,,,nan,0,0.8122907280921936,1.778093934059143,19.660377502441406,0.8122901916503906,1.0,nan,0,0,0,0,0.06852872226822568,0.0,filtered,7.950206959991008e-07,0,0,12,,workspace_z_lower,0,0,1,solved,osqp,0.0,valid,0.14102528179743457,0.49221107|0.141025282|0.141820911|0.264040426|0.250595926|0.253595926,0.64221107|0.291025282|0.291820911|0.414040426|0.400595926|0.403595926,0.61221107|0.261025282|0.261820911|0.384040426|0.370595926|0.373595926,0|0|0|0|0|0,0|0.00885055176|-0.0073691178|-0.0601965985|-0.158239607|0,0.0722812426|0.163366005|0.135613325|0.0043631453|0.0152782801|0,2.04112552|0.736317684|0.695527852|1.00032825|0.859422378|1.01438371,0.332937181|0.409220487|0.673447192,-0.0243393518|0.270267934|-0.0780353025,0.004617927595973015,0.0013413876295089722,0.0013462211936712265,0.0018989602103829384
170,8.55,-0.28711470140124334,0.1326170712709427,0.3061307668685913,0.304865300655365,0.1326170563697815,0.35,2,0,0,0,0,,,nan,0,0.8328718543052673,0.9791242480278015,21.282859802246094,0.8328711986541748,1.0,nan,0,0,0,0,0.06852872226822568,0.0,filtered,1.034961196026641e-06,0,0,12,,workspace_z_lower,0,0,1,solved,osqp,0.0,valid,0.14833717267363422,0.495942862|0.149879127|0.148337173|0.26152134|0.243748813|0.246748782,0.645942862|0.299879127|0.298337173|0.41152134|0.393748813|0.396748782,0.615942862|0.269879127|0.268337173|0.38152134|0.363748813|0.366748782,0|0|0|0|0|0,0|0.0109524665|-0.0108265998|-0.0705502098|-0.17053001|0,0.0769801576|0.170490038|0.13944154|0.0131839495|0.0247761664|0,2.0607516|0.780959013|0.721963631|0.9887191|0.82924141|0.98699513,0.331720173|0.422733814|0.669545472,-0.0243393518|0.270267934|-0.0780353025,0.004525120370090008,0.0012546684592962265,0.0012174006551504135,0.002022555097937584
171,8.6,-0.28564140842934715,0.13074342906475067,0.30443498492240906,0.31159791350364685,0.13074342906475067,0.35,2,0,0,0,0,,,nan,0,0.8341103792190552,0.7793222069740295,17.52281379699707,0.8341095447540283,1.0,nan,0,0,0,0,0.06852872226822568,0.0,filtered,1.2739311188625898e-06,0,0,12,,workspace_z_lower,0,0,1,solved,osqp,0.0,valid,0.15486529049584108,0.499907908|0.15919767|0.15486529|0.258939111|0.236783368|0.239783368,0.649907908|0.30919767|0.30486529|0.408939111|0.386783368|0.389783368,0.619907908|0.27919767|0.27486529|0.378939111|0.356783368|0.359783368,0|0|0|0|0|0,0|0.0173531983|-0.0101948512|-0.0754847378|-0.17413138|0,0.081610986|0.177224357|0.14294964|0.0221131095|0.0345006941|0,2.08124262|0.831368236|0.752215951|0.982384815|0.807502788|0.959133474,0.330503166|0.43624714|0.665643752,-0.0243393518|0.270267934|-0.0780353025,0.005028985440731049,0.0014336900785565376,0.0014011571183800697,0.0021614450961351395
172,8.65,-0.2803582208350111,0.1102505549788475,0.30363622307777405,0.3188912570476532,0.11025051772594452,0.35,2,0,0,0,0,,,nan,0,0.8257461786270142,0.9770728349685669,14.397527694702148,0.8257452249526978,1.0,nan,0,0,0,0,0.06852872226822568,0.0,filtered,1.4738151066187876e-06,0,0,12,,workspace_z_lower,0,0,1,solved,osqp,0.0,valid,0.16159791179576188,0.504102736|0.169172571|0.161597912|0.256582083|0.23016585|0.233165826,0.654102736|0.319172571|0.311597912|0.406582083|0.38016585|0.383165826,0.624102736|0.289172571|0.281597912|0.376582083|0.35016585|0.353165826,0|0|0|0|0|0,0|0.0245168032|-0.00263327166|-0.0598007205|-0.152843838|0,0.0861710603|0.18360963|0.146305614|0.0313995114|0.0448113515|0,2.10258201|0.884816717|0.790063989|0.997927123|0.812630913|0.932663305,0.329286158|0.449760467|0.661742032,-0.0243393518|0.270267934|-0.0780353025,0.004664372652769089,0.001415272243320942,0.0013268627226352692,0.0018898304551839828
173,8.700000000000001,-0.32007491907051877,0.10386361926794052,0.3052748739719391,0.3272143602371216,0.10386364161968231,0.35,2,0,0,0,0,,,nan,0,0.8139908313751221,1.8168278932571411,35.279327392578125,0.8139908313751221,1.0,nan,0,0,0,0,0.06852872226822568,0.0,passthrough,4.564010144377852e-12,0,0,12,,workspace_z_lower,0,0,1,solved,osqp,0.0,valid,0.16889123611016787,0.508523747|0.179806374|0.168891236|0.25548841|0.225155247|0.228155247,0.658523747|0.329806374|0.318891236|0.40548841|0.375155247|0.378155247,0.628523747|0.299806374|0.288891236|0.37548841|0.345155247|0.348155247,0|0|0|0|0|0,0|0.0257773543|0.0139245581|-0.011468863|-0.0942642115|0,0.0906579827|0.189574283|0.149814988|0.0409257334|0.0555297876|0,2.12475297|0.934577133|0.839304491|1.05141051|0.861886565|0.912620988,0.32806915|0.463273793|0.657840312,-0.0243393518|0.270267934|-0.0780353025,0.004731255583465099,0.0014032917097210884,0.0013467837125062943,0.0019484860822558403
174,8.75,-0.35533162418137926,0.09731143712997437,0.30898311734199524,0.3363986313343048,0.09731145948171616,0.35,2,0,0,0,0,,,nan,0,0.7991845011711121,1.8184410333633423,17.9807071685791,0.7991845011711121,1.0,nan,0,0,0,0,0.06852872226822568,0.0,passthrough,4.479787998319648e-12,0,0,12,,workspace_z_lower,0,0,1,solved,osqp,0.0,valid,0.17721437650220817,0.51316723|0.190755588|0.177214377|0.257256231|0.223576456|0.226576456,0.66316723|0.340755588|0.327214377|0.407256231|0.373576456|0.376576456,0.63316723|0.310755588|0.297214377|0.377256231|0.343576456|0.346576456,0|0|0|0|0|0,0|0.025760245|0.0270348833|0.0233178849|-0.0494763349|0,0.0950696232|0.194950809|0.153772761|0.0500291502|0.0657396777|0,2.14773854|0.983733406|0.88966515|1.10237196|0.910569167|0.906305824,0.326852143|0.47678712|0.653938591,-0.0243393518|0.270267934|-0.0780353025,0.004443124867975712,0.0013082874938845634,0.0012252368032932281,0.0018799668177962303
175,8.8,-0.369554630977332,0.09067472815513611,0.3135426640510559,0.3464783728122711,0.0906747430562973,0.35,2,0,0,0,0,,,nan,0,0.7971751689910889,1.3786141872406006,19.47134780883789,0.7971742749214172,1.0,nan,0,0,0,0,0.06852872226822568,0.0,filtered,1.4012450864513922e-06,0,0,12,,workspace_z_lower,0,0,1,solved,osqp,0.0,valid,0.18639866386437187,0.518029372|0.201946174|0.186398664|0.261187627|0.22471185|0.22771185,0.668029372|0.351946174|0.336398664|0.411187627|0.37471185|0.37771185,0.638029372|0.321946174|0.306398664|0.381187627|0.34471185|0.34771185,0|0|0|0|0|0,0|0.031836086|0.0406999756|0.0463896291|-0.0172834563|0,0.0994041159|0.199854186|0.157931072|0.058648654|0.0753637655|0,2.1715216|1.03947497|0.944225703|1.14978879|0.956927708|0.910847398,0.325635135|0.490300447|0.650036871,-0.0243393518|0.270267934|-0.0780353025,0.004591698758304119,0.0013927025720477104,0.001190347597002983,0.0019758306443691254
176,8.85,-0.37539084036950954,0.08412934839725494,0.3184471130371094,0.35732460021972656,0.08412934839725494,0.35,2,0,0,0,0,,,nan,0,0.795387327671051,1.2817277908325195,15.817325592041016,0.7953864932060242,1.0,nan,0,0,0,0,0.06852872226822568,0.0,filtered,1.3113136383758033e-06,0,0,12,,workspace_z_lower,0,0,1,solved,osqp,0.0,valid,0.19647839314893056,0.523106293|0.213672663|0.196478393|0.266698845|0.22793652|0.23093652,0.673106293|0.363672663|0.346478393|0.416698845|0.37793652|0.38093652,0.643106293|0.333672663|0.316478393|0.386698845|0.34793652|0.35093652,0|0|0|0|0|0,0|0.0383651376|0.0517201031|0.0616390811|0.0050952907|0,0.103659863|0.204457883|0.162250242|0.0672477444|0.0849971779|0,2.19608503|1.09751367|0.999883918|1.19568221|1.00183855|0.923746081,0.324418128|0.503813803|0.646135151,-0.0243393518|0.270267934|-0.0780353025,0.004560787230730057,0.0013216007500886917,0.001312384381890297,0.0018959445878863335
177,8.9,-0.3825830954744424,0.07789502292871475,0.32372450828552246,0.36865514516830444,0.07789500057697296,0.35,2,0,0,0,0,,,nan,0,0.788599967956543,0.9992174506187439,16.857948303222656,0.7885992527008057,1.0,nan,0,0,0,0,0.06852872226822568,0.0,filtered,1.0907611336840464e-06,0,0,12,,workspace_z_lower,0,0,1,solved,osqp,0.0,valid,0.2073246028865693,0.528393984|0.225945144|0.207324603|0.273401146|0.232764586|0.235764564,0.678393984|0.375945144|0.357324603|0.423401146|0.382764586|0.385764564,0.648393984|0.345945144|0.327324603|0.393401146|0.352764586|0.355764564,0|0|0|0|0|0,0|0.0419741517|0.0571677865|0.0682324694|0.0180030972|0,0.107835495|0.208787043|0.166611082|0.0758504401|0.0946675883|0,2.22141143|1.15454177|1.05307728|1.23768749|1.04372903|0.943058257,0.32320112|0.51732713|0.642233431,-0.0243393518|0.270267934|-0.0780353025,0.004327778704464436,0.0011990880593657494,0.001377960667014122,0.0017204340547323227
178,8.950000000000001,-0.3920636956829305,0.07203307747840881,0.32944175601005554,0.38038286566734314,0.07203307747840881,0.35,2,0,0,0,0,,,nan,0,0.7732545137405396,0.7511188983917236,9.495231628417969,0.7732540965080261,1.0,nan,0,0,0,0,0.06852872226822568,0.0,filtered,6.882550038010972e-07,0,0,12,,workspace_z_lower,0,0,1,solved,osqp,0.0,valid,0.21865512256771258,0.53388843|0.238604557|0.218655123|0.280856384|0.238715919|0.241715903,0.68388843|0.388604557|0.368655123|0.430856384|0.388715919|0.391715903,0.65388843|0.358604557|0.338655123|0.400856384|0.358715919|0.361715903,0|0|0|0|0|0,0|0.0432189892|0.0610972714|0.074654398|0.0302309582|0,0.111929913|0.212821023|0.170820536|0.084257905|0.104137882|0,2.24748363|1.21045824|1.1065383|1.28233784|1.08923252|0.966863611,0.321984112|0.530840456|0.638331711,-0.0243393518|0.270267934|-0.0780353025,0.0029907813295722008,0.0008973944932222366,0.0007820464670658112,0.0012885984033346176
179,9.0,-0.39531358661759697,0.06652796268463135,0.33521801233291626,0.3925493657588959,0.06652794778347015,0.35,2,0,0,0,0,,,nan,0,0.7502376437187195,0.8412997722625732,13.786885261535645,0.7502375245094299,1.0,nan,0,0,0,0,0.06852872226822568,0.0,filtered,3.0939420001645974e-07,0,0,12,,workspace_z_lower,0,0,1,solved,osqp,0.0,valid,0.2303828804262742,0.539585546|0.251516491|0.23038288|0.289036213|0.245731259|0.248731259,0.689585546|0.401516491|0.38038288|0.439036213|0.395731259|0.398731259,0.659585546|0.371516491|0.35038288|0.409036213|0.365731259|0.368731259,0|0|0|0|0|0,0|0.0456906714|0.0660229059|0.0811849453|0.0429775687|0,0.115942245|0.216549063|0.174842762|0.0922513555|0.113155257|0,2.27428443|1.2683057|1.16239719|1.32958115|1.13905786|0.994925034,0.320767105|0.544353783|0.634429991,-0.0243393518|0.270267934|-0.0780353025,0.0029684649780392647,0.0009226202964782715,0.0007802434265613556,0.0012452108785510063
180,9.05,-0.39565017700526395,0.061419639736413956,0.34087294340133667,0.4050612151622772,0.061419643461704254,0.35,2,0,0,0,0,,,nan,0,0.7270823121070862,0.7283608317375183,4.917294979095459,0.7270823121070862,1.0,nan,0,0,0,0,0.06852872226822568,0.0,passthrough,7.998670004817431e-10,0,0,12,,workspace_z_lower,0,0,1,solved,osqp,0.0,valid,0.2425493421945525,0.545481212|0.264727366|0.242549342|0.297834527|0.25381691|0.25681691,0.695481212|0.414727366|0.392549342|0.447834527|0.40381691|0.40681691,0.665481212|0.384727366|0.362549342|0.417834527|0.37381691|0.37681691,0|0|0|0|0|0,0|0.0482005554|0.069201696|0.0813925064|0.0510298278|0,0.119871845|0.220008002|0.178730241|0.099391359|0.121816503|0,2.30179669|1.32711802|1.21812931|1.37212197|1.18811397|1.02726764,0.319550097|0.55786711|0.630528271,-0.0243393518|0.270267934|-0.0780353025,0.004532309249043465,0.001310829073190689,0.0011819154024124146,0.0020078476518392563
181,9.1,-0.3979692396902187,0.05676548182964325,0.34648749232292175,0.41772112250328064,0.056765489280223846,0.35,2,0,0,0,0,,,nan,0,0.7056989669799805,0.5891740322113037,13.170619010925293,0.7056989669799805,1.0,nan,0,0,0,0,0.06852872226822568,0.0,passthrough,7.683400590514877e-10,0,0,12,,workspace_z_lower,0,0,1,solved,osqp,0.0,valid,0.25506120384109243,0.551571279|0.278226912|0.255061204|0.307015226|0.26272576|0.26572576,0.701571279|0.428226912|0.405061204|0.457015226|0.41272576|0.41572576,0.671571279|0.398226912|0.375061204|0.427015226|0.38272576|0.38572576,0|0|0|0|0|0,0|0.0491839503|0.0686131625|0.0764067428|0.0518363289|0,0.123718284|0.223220893|0.182449236|0.106528703|0.130151862|0,2.3300034|1.38531249|1.27130721|1.41099635|1.23289123|1.06290304,0.318333089|0.571380436|0.626626551,-0.0243393518|0.270267934|-0.0780353025,0.004850083030760288,0.0013964278623461723,0.0013413457199931145,0.0020780274644494057
182,9.15,-0.40919184168263684,0.05244862660765648,0.3524993062019348,0.4307920038700104,0.052448637783527374,0.35,2,0,0,0,0,,,nan,0,0.7064910531044006,0.43638864159584045,14.5517578125,0.7064910531044006,1.0,nan,0,0,0,0,0.06852872226822568,0.0,passthrough,7.710101856151082e-10,0,0,12,,workspace_z_lower,0,0,1,solved,osqp,0.0,valid,0.2677211237645234,0.557851583|0.29192795|0.267721124|0.316310931|0.272080273|0.275080273,0.707851583|0.44192795|0.417721124|0.466310931|0.422080273|0.425080273,0.677851583|0.41192795|0.387721124|0.436310931|0.392080273|0.395080273,0|0|0|0|0|0,0|0.0498817207|0.0735649147|0.0836627544|0.0638715638|0,0.127481334|0.226194848|0.185908782|0.113550131|0.138095321|0,2.35888767|1.44378837|1.33035819|1.46245661|1.29028798|1.10032109,0.317116082|0.584893763|0.622724831,-0.0243393518|0.270267934|-0.0780353025,0.004770815372467041,0.0014629624783992767,0.0013118144124746323,0.001960834488272667
183,9.200000000000001,-0.42424653522725586,0.048542968928813934,0.35904476046562195,0.44398537278175354,0.04854297265410423,0.35,4,0,0,0,0,,,nan,0,0.7140754461288452,0.7688271403312683,7.285342693328857,0.7140754461288452,1.0,nan,0,0,0,0,0.06852872226822568,0.0,passthrough,7.866990475821355e-10,0,0,12,,workspace_z_lower,0,0,1,solved,osqp,0.0,valid,0.2807920254287434,0.564317953|0.305803555|0.280792025|0.326315817|0.28240611|0.2854061,0.714317953|0.455803555|0.430792025|0.476315817|0.43240611|0.4354061,0.684317953|0.425803555|0.400792025|0.446315817|0.40240611|0.4054061,0|0|0|0|0|0,0|0.0505731263|0.0814202146|0.0973759414|0.0821824859|0,0.131160962|0.228948557|0.189268458|0.12035361|0.145527922|0,2.38843277|1.5027359|1.39385677|1.52299282|1.35733485|1.1416244,0.315899074|0.59840709|0.618823111,-0.0243393518|0.270267934|-0.0780353025,0.004599555395543575,0.001423434354364872,0.001161777414381504,0.0019821925088763237
184,9.25,-0.4411372665187608,0.045099008828401566,0.36614710092544556,0.4569595158100128,0.04509900137782097,0.35,4,0,0,0,0,,,nan,0,0.7139774560928345,0.8290379047393799,9.04909896850586,0.7139774560928345,1.0,nan,0,0,0,0,0.06852872226822568,0.0,passthrough,7.884852005450702e-10,0,0,12,,workspace_z_lower,0,0,1,solved,osqp,0.0,valid,0.2939853593420171,0.57096622|0.319843314|0.2944125|0.337336396|0.293985359|0.296985359,0.72096622|0.469843314|0.4444125|0.487336396|0.443985359|0.446985359,0.69096622|0.439843314|0.4144125|0.457336396|0.413985359|0.416985359,0|0|0|0|0|0,0|0.0504999229|0.0900788369|0.114649626|0.103988392|0,0.134757314|0.231505688|0.192609621|0.12689286|0.152413114|0,2.41862219|1.56137887|1.46033846|1.59088807|1.43234294|1.18794144,0.314682066|0.611920416|0.614921391,-0.0243393518|0.270267934|-0.0780353025,0.004718049429357052,0.0014099441468715668,0.001355496235191822,0.0019208109006285667
185,9.3,-0.4588245922085685,0.04169612005352974,0.3737916052341461,0.47132399678230286,0.04169611632823944,0.35,4,0,0,0,0,,,nan,0,0.7107354998588562,0.933093249797821,7.872476577758789,0.7107354998588562,1.0,nan,0,0,0,0,0.06852872226822568,0.0,passthrough,7.874137854129011e-10,0,0,12,,workspace_z_lower,0,0,1,solved,osqp,0.0,valid,0.3069594993221416,0.577792228|0.334001644|0.308619288|0.349533144|0.306959499|0.309959488,0.727792228|0.484001644|0.458619288|0.499533144|0.456959499|0.459959488,0.697792228|0.454001644|0.428619288|0.469533144|0.426959499|0.429959488,0|0|0|0|0|0,0|0.0500508038|0.0987336176|0.133564661|0.12636315|0,0.138270701|0.233885118|0.195962499|0.133099838|0.15868866|0,2.44943961|1.6199425|1.52917327|1.66479708|1.51288981|1.23983795,0.313465059|0.625433743|0.611019671,-0.0243393518|0.270267934|-0.0780353025,0.0048790983855724335,0.0014835260808467865,0.001432201825082302,0.001929418183863163
186,9.35,-0.475872615013169,0.03841473534703255,0.3818854093551636,0.48702219128608704,0.03841473162174225,0.35,4,0,0,0,0,,,nan,0,0.705593466758728,0.9822103977203369,2.970950126647949,0.705593466758728,1.0,nan,0,0,0,0,0.06852872226822568,0.0,passthrough,7.850504326485188e-10,0,0,12,,workspace_z_lower,0,0,1,solved,osqp,0.0,valid,0.3213239659257331,0.58479184|0.348254472|0.323410766|0.362965429|0.321323966|0.324323966,0.73479184|0.498254472|0.473410766|0.512965429|0.471323966|0.474323966,0.70479184|0.468254472|0.443410766|0.482965429|0.441323966|0.444323966,0|0|0|0|0|0,0|0.0501296366|0.106979946|0.152399745|0.148157619|0,0.141701593|0.236106113|0.199336618|0.138923613|0.164338341|0,2.48086895|1.67925364|1.59995963|1.74318507|1.59779182|1.29729586,0.312248051|0.63894707|0.607117951,-0.0243393518|0.270267934|-0.0780353025,0.004935842007398605,0.0014210985973477364,0.001451008953154087,0.002029355615377426
187,9.4,-0.4924703129470317,0.0353795550763607,0.3903455436229706,0.5036335587501526,0.035379558801651,0.35,4,0,0,0,0,,,nan,0,0.696684718132019,0.8309884667396545,5.53229284286499,0.696684718132019,1.0,nan,0,0,0,0,0.06852872226822568,0.0,passthrough,7.870127249853053e-10,0,0,12,,workspace_z_lower,0,0,1,solved,osqp,0.0,valid,0.3370221862192836,0.591960945|0.362624084|0.33876767|0.377606436|0.337022186|0.340022186,0.741960945|0.512624084|0.48876767|0.527606436|0.487022186|0.490022186,0.711960945|0.482624084|0.45876767|0.497606436|0.457022186|0.460022186,0|0|0|0|0|0,0|0.0488804688|0.110930874|0.164605952|0.162028129|0,0.1450506|0.2381877|0.202730645|0.144365342|0.169421867|0,2.51289438|1.7375645|1.6687322|1.81939704|1.67953874|1.36008874,0.311031044|0.652460396|0.603216231,-0.0243393518|0.270267934|-0.0780353025,0.00470947939902544,0.001328587532043457,0.001354701817035675,0.0019961437210440636
188,9.450000000000001,-0.5106951712956806,0.032741691917181015,0.39918991923332214,0.5202115774154663,0.03274169936776161,0.35,2,0,0,0,0,,,nan,0,0.6907174587249756,0.7038121819496155,12.76712703704834,0.6907174587249756,1.0,nan,0,0,0,0,0.06852872226822568,0.0,passthrough,8.175145390364306e-10,0,0,12,,workspace_z_lower,0,0,1,solved,osqp,0.0,valid,0.35363354280572434,0.599295469|0.377038829|0.354477869|0.393101761|0.353633543|0.356633543,0.749295469|0.527038829|0.504477869|0.543101761|0.503633543|0.506633543,0.719295469|0.497038829|0.474477869|0.513101761|0.473633543|0.476633543,0|0|0|0|0|0,0|0.0445757869|0.108305062|0.166222908|0.162386745|0,0.148318463|0.240135241|0.206061356|0.149369674|0.173961341|0,2.54550034|1.79286634|1.73227789|1.88799963|1.75088226|1.42653417,0.309814036|0.665973723|0.599314511,-0.0243393518|0.270267934|-0.0780353025,0.002937518060207367,0.0007799072191119194,0.0008024200797080994,0.0013343552127480507
189,9.5,-0.5272619164715747,0.030614808201789856,0.40825513005256653,0.5354766845703125,0.030614811927080154,0.35,2,0,0,0,0,,,nan,0,0.6865537762641907,1.134949803352356,19.85967445373535,0.6865537762641907,1.0,nan,0,0,0,0,0.06852872226822568,0.0,passthrough,8.54681526761861e-10,0,0,12,,workspace_z_lower,0,0,1,solved,osqp,0.0,valid,0.3702115893995245,0.606791373|0.391337999|0.370211589|0.408901152|0.370462846|0.373462846,0.756791373|0.541337999|0.520211589|0.558901152|0.520462846|0.523462846,0.726791373|0.511337999|0.490211589|0.528901152|0.490462846|0.493462846,0|0|0|0|0|0,0|0.0377547028|0.0958732365|0.148967424|0.14068586|0,0.151506042|0.241946505|0.20920696|0.153845301|0.177931361|0,2.57867153|1.8450532|1.78592655|1.93841733|1.8004686|1.49385138,0.308597028|0.67948705|0.595412791,-0.0243393518|0.270267934|-0.0780353025,0.002857659012079239,0.0007811663672327995,0.0007812147960066795,0.0012743035331368446
190,9.55,-0.6586885194964737,0.1433262825012207,0.4175022840499878,0.5388385057449341,0.13784724473953247,0.35,2,0,0,0,0,,,nan,0,0.6985170841217041,1.7238057851791382,15.733479499816895,0.6985170841217041,1.0,nan,0,0,0,0,0.06852872226822568,0.0,passthrough,9.070290630925678e-10,0,0,12,,workspace_z_lower,0,0,1,solved,osqp,0.0,valid,0.38547671390265015,0.614444668|0.405380155|0.385476714|0.424051458|0.386399373|0.389399373,0.764444668|0.555380155|0.535476714|0.574051458|0.536399373|0.539399373,0.734444668|0.525380155|0.505476714|0.544051458|0.506399373|0.509399373,0|0|0|0|0|0,0|0.0281382035|0.0766033399|0.118301803|0.103169213|0,0.154614303|0.243619685|0.211976571|0.15783161|0.18142582|0,2.61239298|1.89327851|1.83048677|1.97233924|1.83019253|1.55759749,0.307380021|0.693000376|0.591511071,-0.0243393518|0.270267934|-0.0780353025,0.0029262518510222435,0.0008087353780865669,0.0008081085979938507,0.0012893415987491608
191,9.600000000000001,-0.6420952421905668,0.17376138269901276,0.4233117997646332,0.5254220366477966,0.16757982969284058,0.35,2,0,0,0,0,,,nan,0,0.6444955468177795,7.332678318023682,139.60140991210938,0.6080780029296875,1.0,nan,0,0,0,0,0.06852872226822568,0.0,filtered,0.17641012158184305,0,0,12,joint_2_acceleration_lower|joint_0_acceleration_upper,workspace_z_lower,0,0,1,solved,osqp,0.0,valid,0.34697747251792255,0.574440631|0.365236511|0.346977473|0.39199367|0.353229076|0.356229068,0.724440631|0.515236511|0.496977473|0.54199367|0.503229076|0.506229068,0.694440631|0.485236511|0.466977473|0.51199367|0.473229076|0.476229068,0.15|0.15|0.15|0.15|0.15|0.15,0|-0.0102905223|0.0105506995|0.019484552|-0.0174544474|0,-0.255400217|-0.279732389|-0.27906952|-0.243191675|-0.248623741|0,2.04236231|1.17092313|1.11939107|1.34426756|1.14683812|1.42491627,0.306163013|0.694369435|0.587609351,-0.0243393518|-0.270267934|-0.0780353025,0.00414456520229578,0.0014955224469304085,0.0009950604289770126,0.0016217315569519997
192,9.65,-0.614888193947263,0.2014131247997284,0.42597198486328125,0.5107175707817078,0.19444994628429413,0.35,2,0,0,0,0,,,nan,0,0.6514444947242737,5.184084892272949,140.46263122558594,0.6474514007568359,1.0,nan,0,0,0,0,0.06852872226822568,0.0,filtered,0.10029781178791211,0,0,12,joint_2_acceleration_lower,workspace_z_lower,0,0,1,solved,osqp,0.0,valid,0.33353599299174963,0.561691837|0.350735891|0.333535993|0.380806873|0.33995871|0.34295871,0.711691837|0.500735891|0.483535993|0.530806873|0.48995871|0.49295871,0.681691837|0.470735891|0.453535993|0.500806873|0.45995871|0.46295871,0.15|0.15|0.15|0.15|0.15|0.15,0|-0.0249263768|-0.0148592502|-0.022487094|-0.0637635978|0,-0.25454779|-0.279657507|-0.279235373|-0.240875769|-0.247654913|0,1.99221956|1.09835968|1.04004935|1.25986463|1.04841633|1.37183484,0.304946005|0.680856109|0.583707631,-0.0243393518|-0.270267934|-0.0780353025,0.004950111731886864,0.0014118300750851631,0.0013932893052697182,0.002112957648932934
193,9.700000000000001,-0.5695578189000946,0.1893509030342102,0.4266127347946167,0.49756523966789246,0.18141525983810425,0.35,2,0,0,0,0,,,nan,0,0.7585441470146179,6.8385419845581055,91.1964340209961,0.7714444994926453,1.0,nan,0,0,0,0,0.06852872226822568,0.0,filtered,0.06338760563718593,0,0,12,joint_2_acceleration_lower,workspace_z_lower,0,0,1,solved,osqp,0.0,valid,0.3188306208827585,0.548986627|0.335501989|0.318830621|0.367626182|0.324450423|0.327450415,0.698986627|0.485501989|0.468830621|0.517626182|0.474450423|0.477450415,0.668986627|0.455501989|0.438830621|0.487626182|0.444450423|0.447450415,0.15|0.15|0.15|0.15|0.15|0.15,0|-0.0147880931|0.0158177413|0.038391474|0.00387435726|0,-0.253656509|-0.279622661|-0.279240578|-0.23776495|-0.246280629|0,1.94229|1.0475972|1.01189965|1.27113125|1.05539542|1.30980166,0.303728998|0.667342782|0.579805911,-0.0243393518|-0.270267934|-0.0780353025,0.00323675200343132,0.0007727853953838348,0.0007726363837718964,0.0016719140112400055
194,9.75,-0.5353717133291997,0.19336730241775513,0.42535921931266785,0.48528119921684265,0.18440590798854828,0.35,2,0,0,0,0,,,nan,0,0.8800222873687744,5.202651500701904,54.7633056640625,0.8800222873687744,1.0,nan,0,0,0,0,0.06852872226822568,0.0,passthrough,6.2900787009697984e-12,0,0,12,,workspace_z_lower,0,0,1,solved,osqp,0.0,valid,0.30566170679285054,0.536326998|0.320802471|0.305661707|0.357732207|0.312412512|0.315412509,0.686326998|0.470802471|0.455661707|0.507732207|0.462412512|0.465412509,0.656326998|0.440802471|0.425661707|0.477732207|0.432412512|0.435412509,0.15|0.15|0.15|0.15|0.15|0.15,0|-0.0115022567|0.0323006983|0.08092339|0.0519927976|0,-0.252724127|-0.279774777|-0.279352623|-0.234824021|-0.244342685|0,1.89258386|0.991932852|0.975594902|1.2770282|1.05730016|1.26165004,0.30251199|0.653829455|0.575904191,-0.0243393518|-0.270267934|-0.0780353025,0.003078097477555275,0.0007944824174046516,0.0009298194199800491,0.001331971026957035
195,9.8,-0.5401066115385745,0.21223807334899902,0.4235144257545471,0.4722415506839752,0.20204590260982513,0.35,2,0,0,0,0,,,nan,0,0.9275771975517273,4.843433380126953,93.65760803222656,0.9275771975517273,1.0,nan,0,0,0,0,0.06852872226822568,0.0,passthrough,6.719867047163824e-12,0,0,12,,workspace_z_lower,0,0,1,solved,osqp,0.0,valid,0.29335650901557464,0.523715065|0.30631965|0.293356509|0.350209671|0.302946283|0.305946273,0.673715065|0.45631965|0.443356509|0.500209671|0.452946283|0.455946273,0.643715065|0.42631965|0.413356509|0.470209671|0.422946283|0.425946273,0.15|0.15|0.15|0.15|0.15|0.15,0|-0.0280081759|0.0172537779|0.0738973212|0.0535631742|0,-0.251748241|-0.2800839|-0.279496086|-0.231784504|-0.24175655|0,1.84311202|0.917186524|0.911183728|1.2429515|1.02359175|1.22378509,0.301294982|0.640316129|0.57200247,-0.0243393518|-0.270267934|-0.0780353025,0.003089597448706627,0.0008211852982640266,0.0008021248504519463,0.0014445092529058456
196,9.850000000000001,-0.5534722952261666,0.2305670827627182,0.42161116003990173,0.45857474207878113,0.21890632808208466,0.35,2,0,0,0,0,,,nan,0,0.9967820644378662,4.064547538757324,29.57173728942871,0.9967820644378662,1.0,nan,0,0,0,0,0.06852872226822568,0.0,passthrough,6.282036738693768e-12,0,0,12,,workspace_z_lower,0,0,1,solved,osqp,0.0,valid,0.2803090648895519,0.511153067|0.291007645|0.280309065|0.342546626|0.293739098|0.296739098,0.661153067|0.441007645|0.430309065|0.492546626|0.443739098|0.446739098,0.631153067|0.411007645|0.400309065|0.462546626|0.413739098|0.416739098,0.15|0.15|0.15|0.15|0.15|0.15,0|-0.0417653018|0.00483488033|0.0693824211|0.055771958|0,-0.250726288|-0.280473576|-0.279549568|-0.227852088|-0.23847154|0,1.79388598|0.841791702|0.846521572|1.21171684|0.992256811|1.18695639,0.300077975|0.626802802|0.56810075,-0.0243393518|-0.270267934|-0.0780353025,0.004418767057359219,0.0013690618798136711,0.001274915412068367,0.0017454670742154121
197,9.9,-0.5636351835344806,0.23948338627815247,0.41995298862457275,0.4451771676540375,0.22615590691566467,0.35,2,0,0,0,0,,,nan,0,1.0495246648788452,3.5747129917144775,50.12917709350586,1.0495234727859497,1.0,nan,0,0,0,0,0.06852872226822568,0.0,filtered,1.485787888547365e-06,0,0,12,,workspace_z_lower,0,0,1,solved,osqp,0.0,valid,0.26664672905153675,0.498643374|0.274998172|0.266646729|0.334902172|0.284850159|0.287850149,0.648643374|0.424998172|0.416646729|0.484902172|0.434850159|0.437850149,0.618643374|0.394998172|0.386646729|0.454902172|0.404850159|0.407850149,0.15|0.15|0.15|0.15|0.15|0.15,0|-0.0397580259|0.00992223615|0.0873545717|0.0802264132|0,-0.249655526|-0.280903671|-0.279519998|-0.222948623|-0.234510889|0,1.74491797|0.779330992|0.796989154|1.20401464|0.98511616|1.1514006,0.298860967|0.613289475|0.56419903,-0.0243393518|-0.270267934|-0.0780353025,0.004682154394686222,0.0013763736933469772,0.001266048289835453,0.002007831819355488
198,9.950000000000001,-0.5927566823662027,0.2616216242313385,0.41876769065856934,0.4308048188686371,0.24629150331020355,0.35,2,0,0,0,0,,,nan,0,1.1027714014053345,4.168529510498047,42.551876068115234,1.1027700901031494,1.0,nan,0,0,0,0,0.06852872226822568,0.0,filtered,1.4806915169979168e-06,0,0,12,,workspace_z_lower,0,0,1,solved,osqp,0.0,valid,0.25325807932068567,0.4861885|0.25910532|0.253258079|0.328445275|0.277419971|0.280419951,0.6361885|0.40910532|0.403258079|0.478445275|0.427419971|0.430419951,0.6061885|0.37910532|0.373258079|0.448445275|0.397419971|0.400419951,0.15|0.15|0.15|0.15|0.15|0.15,0|-0.0548104481|-0.00907978696|0.0676575698|0.0629445101|0,-0.248533026|-0.281321398|-0.279458405|-0.21746626|-0.230081239|0,1.69622098|0.700289433|0.724494125|1.16397241|0.942543153|1.1216798,0.29764396|0.599776149|0.56029731,-0.0243393518|-0.270267934|-0.0780353025,0.002911052666604519,0.0008163405582308769,0.0008036922663450241,0.0012702960520982742
199,10.0,-0.6283119615471862,0.28718191385269165,0.41820499300956726,0.4153114855289459,0.26941773295402527,0.35,2,0,0,0,0,,,nan,0,1.17104172706604,3.8311524391174316,15.831298828125,1.17104172706604,1.0,nan,0,0,0,0,0.06852872226822568,0.0,passthrough,7.912037999486502e-12,0,0,12,,workspace_z_lower,0,0,1,solved,osqp,0.0,valid,0.23891109022211254,0.473791109|0.242424002|0.23891109|0.321289136|0.269377977|0.272377975,0.623791109|0.392424002|0.38891109|0.471289136|0.419377977|0.422377975,0.593791109|0.362424002|0.35891109|0.441289136|0.389377977|0.392377975,0.15|0.15|0.15|0.15|0.15|0.15,0|-0.0724780133|-0.0310543283|0.0432354558|0.040105259|0,-0.247355657|-0.281676455|-0.279284553|-0.210710973|-0.224963825|0,1.64780878|0.61554154|0.64530548|1.11768103|0.892653344|1.0895119,0.296426952|0.586262822|0.55639559,-0.0243393518|-0.270267934|-0.0780353025,0.004583375528454781,0.0013372376561164856,0.0013843728229403496,0.001830078661441803
200,10.05,-0.6593931394583444,0.3127453327178955,0.4180213212966919,0.3987918496131897,0.29204145073890686,0.35,1,0,0,0,0,,,nan,0,1.2120583057403564,2.1685190200805664,50.96489334106445,1.2156027555465698,1.0,nan,0,0,0,0,0.06852872226822568,0.0,filtered,0.020534579967936287,0,0,12,,workspace_z_lower,0,0,1,solved,osqp,2.312628130940464e-07,valid,0.22346038747934216,0.461454027|0.22482392|0.223460387|0.313255066|0.260489841|0.263489831,0.611454027|0.37482392|0.373460387|0.463255066|0.410489841|0.413489831,0.581454027|0.34482392|0.343460387|0.433255066|0.380489841|0.383489831,0.15|0.15|0.15|0.15|0.15|0.15,0|-0.0867569411|-0.0510493322|0.01472028|0.0112769839|0,-0.24612007|-0.281930361|-0.278993441|-0.202479771|-0.219016869|0,1.59969604|0.53060838|0.563798777|1.06526078|0.834219477|1.05395932,0.295209944|0.572749496|0.55249387,-0.0243393518|-0.270267934|-0.0780353025,0.0044405460357666016,0.0012353360652923584,0.0011470317840576172,0.002026747912168503
201,10.100000000000001,-0.6693521510975282,0.33071982860565186,0.41744786500930786,0.38052940368652344,0.3066193759441376,0.35,1,0,0,0,0,,,nan,0,1.200601577758789,2.071462392807007,52.08045196533203,1.2172476053237915,1.0,nan,0,0,0,0,0.06852872226822568,0.0,filtered,0.0681547751776741,0,1,12,workspace_z_lower|joint_2_velocity_lower,workspace_z_lower,0,0,1,solved,osqp,3.757356925593314e-11,valid,0.20648252360247754,0.449180254|0.206482524|0.207016092|0.304199905|0.250496921|0.253496886,0.599180254|0.356482524|0.357016092|0.454199905|0.400496921|0.403496886,0.569180254|0.326482524|0.327016092|0.424199905|0.370496921|0.373496886,0.15|0.15|0.15|0.15|0.15|0.15,0|-0.0848114131|-0.0565874771|-0.00837715065|-0.0104088551|0,-0.244822683|-0.282036245|-0.278584164|-0.193072832|-0.212209485|0,1.55189833|0.459082437|0.492892728|1.01534964|0.779369342|1.01398754,0.293992937|0.559236169|0.54859215,-0.0243393518|-0.270267934|-0.0780353025,0.004852293059229851,0.001509849913418293,0.0014683092013001442,0.0018406938761472702
202,10.15,-0.6694139305763758,0.3351728320121765,0.41667211055755615,0.36355113983154297,0.3074372708797455,0.35,1,0,0,0,0,,,nan,0,1.1464041471481323,3.1199090480804443,42.47087860107422,1.1844830513000488,1.0,nan,0,0,0,0,0.06852872226822568,0.0,filtered,0.08629732587914887,0,1,12,workspace_z_lower|joint_2_velocity_lower,workspace_z_lower,0,0,1,solved,osqp,2.402547605306893e-10,valid,0.1882300233355383,0.436972973|0.188230023|0.190320091|0.294541298|0.239765326|0.242765326,0.586972973|0.338230023|0.340320091|0.444541298|0.389765326|0.392765326,0.556972973|0.308230023|0.310320091|0.414541298|0.359765326|0.362765326,0.15|0.15|0.15|0.15|0.15|0.15,0|-0.0592268591|-0.0349674235|0.00906103105|0.00396666364|0,-0.243459664|-0.281963054|-0.278078681|-0.184519755|-0.204894202|0,1.50443223|0.41173018|0.448234259|1.00270647|0.758133766|0.971061305,0.292775929|0.545722842|0.54469043,-0.0243393518|-0.270267934|-0.0780353025,0.0046538738533854485,0.001367129385471344,0.0013139378279447556,0.001943063922226429
203,10.200000000000001,-0.6650433090653871,0.33774304389953613,0.4156290292739868,0.34799107909202576,0.306221604347229,0.35,1,0,0,0,0,,,nan,0,1.1142103672027588,2.409871816635132,28.946252822875977,1.155379295349121,1.0,nan,0,0,0,0,0.06852872226822568,0.0,filtered,0.0965717969422521,0,1,12,workspace_z_lower|joint_2_velocity_lower,workspace_z_lower,0,0,1,solved,osqp,1.1580320036230773e-11,valid,0.17128738583787817,0.424835569|0.171287386|0.174744982|0.286148714|0.230097176|0.233097148,0.574835569|0.321287386|0.324744982|0.436148714|0.380097176|0.383097148,0.544835569|0.291287386|0.294744982|0.406148714|0.350097176|0.353097148,0.15|0.15|0.15|0.15|0.15|0.15,0|-0.0310959833|-0.0102170737|0.0302949248|0.0255042193|0,-0.242026915|-0.281702051|-0.277578103|-0.176145846|-0.19758807|0,1.45731536|0.372351509|0.411184752|0.998743935|0.748304854|0.93238859,0.291558921|0.532209516|0.54078871,-0.0243393518|-0.270267934|-0.0780353025,0.004770866595208645,0.0014056898653507233,0.0013971300795674324,0.0019357521086931229
204,10.25,-0.6727581185176235,0.3504652976989746,0.4144400358200073,0.33309662342071533,0.3148637115955353,0.35,1,0,0,0,0,,,nan,0,1.1013871431350708,1.3176357746124268,40.26398849487305,1.1446672677993774,1.0,nan,0,0,0,0,0.06852872226822568,0.0,filtered,0.10586327290087345,0,1,12,workspace_z_lower|joint_2_velocity_lower,workspace_z_lower,0,0,1,solved,osqp,0.0,valid,0.155788354164617,0.412771635|0.155788354|0.160444377|0.279202056|0.221846059|0.224846059,0.562771635|0.305788354|0.310444377|0.429202056|0.371846059|0.374846059,0.532771635|0.275788354|0.280444377|0.399202056|0.341846059|0.344846059,0.15|0.15|0.15|0.15|0.15|0.15,0|-0.017800611|-0.00106138753|0.031175227|0.0304289363|0,-0.240520052|-0.281253649|-0.277099172|-0.168107643|-0.190448627|0,1.41056649|0.324099157|0.363616947|0.979875808|0.727364545|0.899384236,0.290341914|0.518696189|0.53688699,-0.0243393518|-0.270267934|-0.0780353025,0.004609822295606136,0.001393820159137249,0.0012890808284282684,0.0018962230533361435
205,10.3,-0.6976578146483361,0.3764248490333557,0.4132978022098541,0.3180193305015564,0.3361812233924866,0.35,1,0,0,0,0,,,nan,0,1.0997071266174316,1.2768083810806274,25.131792068481445,1.144731879234314,1.0,nan,0,0,0,0,0.06852872226822568,0.0,filtered,0.11405577787966062,0,1,12,workspace_z_lower|joint_2_velocity_lower|joint_3_velocity_lower,workspace_z_lower,0,0,1,solved,osqp,0.0,valid,0.14097915804871208,0.400784995|0.140979158|0.146625812|0.272682337|0.214183999|0.217183992,0.550784995|0.290979158|0.296625812|0.422682337|0.364183999|0.367183992,0.520784995|0.260979158|0.266625812|0.392682337|0.334183999|0.337183992,0.15|0.15|0.15|0.15|0.15|0.15,0|-0.0213734458|-0.00894689403|0.0116483571|0.0149330275|0,-0.238934383|-0.280624815|-0.276601934|-0.160066761|-0.183270581|0,1.3642056|0.261918372|0.30095442|0.942310944|0.688398444|0.868735967,0.289124906|0.505182862|0.53298527,-0.0243393518|-0.270267934|-0.0780353025,0.005132225342094898,0.0013155201449990273,0.0017765462398529053,0.0020065195858478546
206,10.350000000000001,-0.7195669446398381,0.40021321177482605,0.4121626615524292,0.3031029999256134,0.3548174798488617,0.35,1,0,0,0,0,,,nan,0,1.0895965099334717,0.5490495562553406,21.977445602416992,1.1374164819717407,1.0,nan,0,0,0,0,0.06852872226822568,0.0,filtered,0.12099089847883734,0,1,12,workspace_z_lower|joint_2_velocity_lower|joint_3_velocity_lower,workspace_z_lower,0,0,1,solved,osqp,0.0,valid,0.12601127078568772,0.388879711|0.126011271|0.132431267|0.265589604|0.206112547|0.209112517,0.538879711|0.276011271|0.282431267|0.415589604|0.356112547|0.359112517,0.508879711|0.246011271|0.252431267|0.385589604|0.326112547|0.329112517,0.15|0.15|0.15|0.15|0.15|0.15,0|-0.0184193814|-0.00909705684|0.00328541943|0.00941711215|0,-0.237264893|-0.279814325|-0.276036299|-0.151530546|-0.175652294|0,1.31825395|0.205811376|0.244591711|0.914113287|0.658215006|0.836450067,0.287907898|0.491669536|0.52908355,-0.0243393518|-0.270267934|-0.0780353025,0.004809388890862465,0.001402122899889946,0.0014344966039061546,0.0019394755363464355
207,10.4,-0.7375354584607385,0.42101842164993286,0.410975843667984,0.2887206971645355,0.3700806200504303,0.35,1,0,0,0,0,,,nan,0,1.0751359462738037,0.8801736831665039,16.059762954711914,1.1241549253463745,1.0,nan,0,0,0,0,0.06852872226822568,0.0,filtered,0.12683422254836807,0,1,12,workspace_z_lower|joint_2_velocity_lower|joint_3_velocity_lower,workspace_z_lower,0,0,1,solved,osqp,0.0,valid,0.11123070627467338,0.377060107|0.111230706|0.11825573|0.258503422|0.198149833|0.201149812,0.527060107|0.261230706|0.26825573|0.408503422|0.348149833|0.351149812,0.497060107|0.231230706|0.23825573|0.378503422|0.318149833|0.321149812,0.15|0.15|0.15|0.15|0.15|0.15,0|-0.00829569359|-0.00132694029|0.00522971818|0.0130342902|0,-0.235506218|-0.27880318|-0.275428788|-0.142674961|-0.167692621|0,1.27273421|0.157823952|0.19626719|0.896568446|0.637941|0.804599247,0.286690891|0.478156209|0.52518183,-0.0243393518|-0.270267934|-0.0780353025,0.003869786858558655,0.0011831121519207954,0.0010123532265424728,0.0016459068283438683
208,10.450000000000001,-0.7631569438585764,0.447979599237442,0.4098213016986847,0.2745687663555145,0.3909851014614105,0.35,1,0,0,0,0,,,nan,0,1.0714917182922363,0.7218131422996521,19.482439041137695,1.1209124326705933,1.0,nan,0,0,0,0,0.06852872226822568,0.0,filtered,0.13259864988902045,0,1,12,workspace_z_lower|joint_2_velocity_lower|joint_3_velocity_lower,workspace_z_lower,0,0,1,solved,osqp,0.0,valid,0.0970130324035944,0.365330785|0.0970130324|0.104499484|0.251947336|0.190763028|0.193763017,0.515330785|0.247013032|0.254499484|0.401947336|0.340763028|0.343763017,0.485330785|0.217013032|0.224499484|0.371947336|0.310763028|0.313763017,0.15|0.15|0.15|0.15|0.15|0.15,0|-0.00435220729|0.000359786398|0.000345730605|0.0104678246|0,-0.233652627|-0.277570671|-0.274810979|-0.133749243|-0.159556259|0,1.22767051|0.106129251|0.143546742|0.874385832|0.613963678|0.775052069,0.285473883|0.464642882|0.52128011,-0.0243393518|-0.270267934|-0.0780353025,0.0030582379549741745,0.0009116679430007935,0.0008164076134562492,0.001308090053498745
209,10.5,-0.7909769917540297,0.4887157380580902,0.4080972373485565,0.2598911225795746,0.4246976375579834,0.35,1,0,0,0,0,,,nan,0,1.0806723833084106,1.4411859512329102,24.077037811279297,1.1301157474517822,1.0,nan,0,0,0,0,0.06852872226822568,0.0,filtered,0.13822525014542433,0,1,12,workspace_z_lower|joint_2_velocity_lower,workspace_z_lower,0,0,1,solved,osqp,0.0,valid,0.08305744142902541,0.353696642|0.0830574414|0.0908576583|0.24559209|0.183660333|0.186660333,0.503696642|0.233057441|0.240857658|0.39559209|0.333660333|0.336660333,0.473696642|0.203057441|0.210857658|0.36559209|0.303660333|0.306660333,0.15|0.15|0.15|0.15|0.15|0.15,0|-0.0121886709|-0.00958811762|-0.0171596558|-0.00307535006|0,-0.231697994|-0.276093127|-0.274164196|-0.12456519|-0.151087735|0,1.18308857|0.043947968|0.0796783195|0.840643515|0.580478248|0.746641333,0.284256876|0.451129556|0.51737839,-0.0243393518|-0.270267934|-0.0780353025,0.0029288586229085922,0.0007778368890285492,0.0007646363228559494,0.0013670073822140694
210,10.55,-0.81907393584651,0.516670823097229,0.4065312147140503,0.24588042497634888,0.4452476501464844,0.35,1,0,0,0,0,,,nan,0,1.0702509880065918,0.750087320804596,40.98988723754883,1.1194461584091187,1.0,nan,0,0,0,0,0.06852872226822568,0.0,filtered,0.13472985364388904,0,1,12,workspace_z_lower,predictive_link_1,0,0,1,solved,osqp,2.592519166427776e-07,valid,0.06859349602453665,0.34216289|0.068593496|0.0765440655|0.23789757|0.175444017|0.178444017,0.49216289|0.218593496|0.226544066|0.38789757|0.325444017|0.328444017,0.46216289|0.188593496|0.196544066|0.35789757|0.295444017|0.298444017,0.15|0.15|0.15|0.15|0.15|0.15,0|9.83644678e-05|0.00142174265|-0.00767937457|0.00887914097|0,-0.229635782|-0.274472607|-0.273401066|-0.114713039|-0.142058594|0,1.13901578|-2.5836945e-07|0.0341969391|0.829197865|0.568596615|0.713776067,0.283039868|0.437616229|0.51347667,-0.0243393518|-0.270267934|-0.0780353025,0.0028370628133416176,0.0007731840014457703,0.000759955495595932,0.0012844828888773918
211,10.600000000000001,-0.8076611826708586,0.5135372877120972,0.4046142101287842,0.23460176587104797,0.43573638796806335,0.35,1,0,0,0,0,,,nan,0,1.0695290565490723,3.470820426940918,58.37471008300781,1.1292142868041992,1.0,nan,0,0,0,0,0.06852872226822568,0.0,filtered,0.25543711777948325,0,2,12,predictive_link_1|workspace_z_lower|joint_2_velocity_lower,workspace_z_lower,0,0,1,solved,osqp,2.7463443828118494e-09,valid,0.05483718761166986,0.330735083|0.0548371876|0.0628371876|0.231246921|0.168351376|0.171351376,0.480735083|0.204837188|0.212837188|0.381246921|0.318351376|0.321351376,0.450735083|0.174837188|0.182837188|0.351246921|0.288351376|0.291351376,0.15|0.15|0.15|0.15|0.15|0.15,0|0.0531848735|0.0531848735|0.0431917512|0.0643434154|0,-0.227459017|-0.272533625|-0.272533625|-0.104864548|-0.132874416|0,1.09548131|-1.48031409e-09|0.0319999985|0.863314887|0.604874504|0.685405504,0.28182286|0.424102902|0.50957495,-0.0243393518|-0.270267934|-0.0780353025,0.0028683943673968315,0.000762629322707653,0.0007722685113549232,0.001314748078584671
212,10.65,-0.7954014064012336,0.5059034824371338,0.4026217460632324,0.22564277052879333,0.42288094758987427,0.35,1,0,0,0,0,,,nan,0,1.1070250272750854,3.396669387817383,36.41321563720703,1.1560887098312378,1.0,nan,0,0,0,0,0.06852872226822568,0.0,filtered,0.383448063575657,0,2,12,predictive_link_1|workspace_z_lower|joint_2_velocity_lower,workspace_z_lower,0,0,1,solved,osqp,4.158517457469868e-09,valid,0.04385164527309074,0.319419131|0.0438516453|0.0518516453|0.227793643|0.164630502|0.167630502,0.469419131|0.193851645|0.201851645|0.377793643|0.314630502|0.317630502,0.439419131|0.163851645|0.171851645|0.347793643|0.284630502|0.287630502,0.15|0.15|0.15|0.15|0.15|0.15,0|0.0948890394|0.0948890394|0.0779684169|0.105679627|0,-0.225160266|-0.270295621|-0.270295621|-0.0968173211|-0.125177045|0,1.05251626|-5.39996381e-11|0.0319999999|0.892325668|0.63902459|0.670522008,0.280605853|0.410589576|0.50567323,-0.0243393518|-0.270267934|-0.0780353025,0.0046794964000582695,0.0013803169131278992,0.001344732940196991,0.0019215689972043037
213,10.700000000000001,-0.7808849907699624,0.49797022342681885,0.40045711398124695,0.21843403577804565,0.41071268916130066,0.35,1,0,0,0,0,,,nan,0,1.1263219118118286,3.3857710361480713,63.32571029663086,1.1520119905471802,1.0,nan,0,0,0,0,0.06852872226822568,0.0,filtered,0.4272000035752588,0,2,12,predictive_link_1|workspace_z_lower|joint_2_velocity_lower,workspace_z_lower,0,0,1,solved,osqp,4.453281571628609e-09,valid,0.03522662041660521,0.308221329|0.0352266204|0.0432266204|0.226970412|0.163816062|0.166816056,0.458221329|0.18522662|0.19322662|0.376970412|0.313816062|0.316816056,0.428221329|0.15522662|0.16322662|0.346970412|0.283816062|0.286816056,0.15|0.15|0.15|0.15|0.15|0.15,0|0.126838624|0.126838624|0.0998536462|0.13657202|0,-0.222731618|-0.267745106|-0.267745106|-0.090410074|-0.11895221|0,1.0101537|-3.90770999e-10|0.0319999996|0.917325219|0.672884059|0.667264224,0.279388845|0.397076249|0.50177151,-0.0243393518|-0.270267934|-0.0780353025,0.004474399611353874,0.0013245977461338043,0.001189875416457653,0.0019238675013184547
214,10.75,-0.7708020215013722,0.48901045322418213,0.39842548966407776,0.21257612109184265,0.3983685374259949,0.35,1,0,0,0,0,,,nan,0,1.1449484825134277,2.95814847946167,20.435588836669922,1.1481149196624756,1.0,nan,0,0,0,0,0.06852872226822568,0.0,filtered,0.44072580794762783,0,2,12,predictive_link_1|workspace_z_lower|joint_2_velocity_lower,workspace_z_lower,0,0,1,solved,osqp,4.086127899580183e-09,valid,0.028370735466822866,0.29714838|0.0283707355|0.0363707355|0.227577039|0.164868042|0.167868042,0.44714838|0.178370735|0.186370735|0.377577039|0.314868042|0.317868042,0.41714838|0.148370735|0.156370735|0.347577039|0.284868042|0.287868042,0.15|0.15|0.15|0.15|0.15|0.15,0|0.151565067|0.151565067|0.115026695|0.158683872|0,-0.220164667|-0.265048009|-0.265048009|-0.0854515038|-0.114249085|0,0.968428852|-6.07261741e-11|0.0319999999|0.939883345|0.703906956|0.671472169,0.278171837|0.383562922|0.49786979,-0.0243393518|-0.270267934|-0.0780353025,0.004632863216102123,0.0014979727566242218,0.0012530870735645294,0.0018499856814742088
215,10.8,-0.7654087306174053,0.47828054428100586,0.3968588709831238,0.20779737830162048,0.3849937617778778,0.35,1,0,0,0,0,,,nan,0,1.1659202575683594,1.8259124755859375,24.571157455444336,1.1502530574798584,1.0,nan,0,0,0,0,0.06852872226822568,0.0,filtered,0.44912590582950457,0,2,12,predictive_link_1|workspace_z_lower|joint_2_velocity_lower,workspace_z_lower,0,0,1,solved,osqp,3.2169656114314216e-09,valid,0.022878012497894257,0.28620742|0.0228780125|0.0308780125|0.229151822|0.167221639|0.170221639,0.43620742|0.172878012|0.180878012|0.379151822|0.317221639|0.320221639,0.40620742|0.142878012|0.150878012|0.349151822|0.287221639|0.290221639,0.15|0.15|0.15|0.15|0.15|0.15,0|0.170743699|0.170743699|0.125932572|0.17433767|0,-0.217450491|-0.262255745|-0.262255745|-0.0816760172|-0.110790091|0,0.927379188|3.80274051e-09|0.0320000038|0.960863842|0.732434133|0.680886555,0.27695483|0.370049596|0.49396807,-0.0243393518|-0.270267934|-0.0780353025,0.004597179591655731,0.0012114066630601883,0.0013905614614486694,0.001965113915503025
216,10.850000000000001,-0.7649697158691973,0.4662654995918274,0.3960164189338684,0.20388174057006836,0.3709602355957031,0.35,1,0,0,0,0,,,nan,0,1.1751412153244019,1.450327754020691,12.828207015991211,1.1434406042099,1.0,nan,0,0,0,0,0.06852872226822568,0.0,filtered,0.45360775230021383,0,2,12,predictive_link_1|workspace_z_lower|joint_2_velocity_lower,workspace_z_lower,0,0,1,solved,osqp,2.0036478552698522e-09,valid,0.01847164458220321,0.275406044|0.0184716446|0.0264716446|0.231426643|0.170498899|0.173498859,0.425406044|0.168471645|0.176471645|0.381426643|0.320498899|0.323498859,0.395406044|0.138471645|0.146471645|0.351426643|0.290498899|0.293498859,0.15|0.15|0.15|0.15|0.15|0.15,0|0.185522778|0.185522778|0.13390819|0.18553286|0,-0.214579646|-0.25940936|-0.25940936|-0.0788983475|-0.10833549|0,0.88704453|-3.66891154e-09|0.0319999963|0.980716414|0.759192966|0.693995435,0.275737822|0.356536269|0.49006635,-0.0243393518|-0.270267934|-0.0780353025,0.0045022740960121155,0.0014018788933753967,0.0011420873925089836,0.0019232751801609993
217,10.9,-0.7690664139003005,0.45355987548828125,0.396101176738739,0.20065829157829285,0.35675737261772156,0.35,1,0,0,0,0,,,nan,0,1.1785894632339478,1.3733662366867065,6.999819278717041,1.1350109577178955,1.0,nan,0,0,0,0,0.06852872226822568,0.0,filtered,0.4545622518008024,0,2,12,predictive_link_1|workspace_z_lower|joint_2_velocity_lower,workspace_z_lower,0,0,1,solved,osqp,1.3201337870083485e-09,valid,0.014930855496882417,0.264752333|0.0149308555|0.0229308555|0.234207995|0.174428808|0.177428808,0.414752333|0.164930855|0.172930855|0.384207995|0.324428808|0.327428808,0.384752333|0.134930855|0.142930855|0.354207995|0.294428808|0.297428808,0.15|0.15|0.15|0.15|0.15|0.15,0|0.196821883|0.196821883|0.139691825|0.193789399|0,-0.211542155|-0.256545304|-0.256545304|-0.0769605345|-0.10668752|0,0.847467177|1.45088835e-09|0.0320000015|0.999563272|0.784817111|0.709715232,0.274520814|0.343022943|0.486164629,-0.0243393518|-0.270267934|-0.0780353025,0.004719698801636696,0.0013900995254516602,0.0014875438064336777,0.001806367188692093
218,10.950000000000001,-0.7775381183449644,0.44086766242980957,0.3972587585449219,0.19799137115478516,0.34299424290657043,0.35,1,0,0,0,0,,,nan,0,1.1777490377426147,1.4315757751464844,6.058218955993652,1.1236295700073242,1.0,nan,0,0,0,0,0.06852872226822568,0.0,filtered,0.4508499880605293,0,2,12,predictive_link_1|workspace_z_lower|joint_2_velocity_lower,workspace_z_lower,0,0,1,solved,osqp,9.007010354569744e-10,valid,0.012080851631665862,0.25425488|0.0120808516|0.0200808516|0.237346117|0.178825921|0.181825921,0.40425488|0.162080852|0.170080852|0.387346117|0.328825921|0.331825921,0.37425488|0.132080852|0.140080852|0.357346117|0.298825921|0.301825921,0.15|0.15|0.15|0.15|0.15|0.15,0|0.20537151|0.20537151|0.144000248|0.199915029|0,-0.208327513|-0.253694915|-0.253694915|-0.0757325602|-0.10570493|0,0.808692006|1.45058041e-09|0.0320000015|1.01765216|0.809513785|0.727303686,0.273303807|0.329509616|0.482262909,-0.0243393518|-0.270267934|-0.0780353025,0.0047462210059165955,0.001394561491906643,0.0013665668666362762,0.0019513275474309921
219,11.0,-0.7903639366827804,0.4288400113582611,0.3995887041091919,0.1957738697528839,0.33024144172668457,0.35,1,0,0,0,0,,,nan,0,1.1762511730194092,1.5576914548873901,4.5635457038879395,1.1108988523483276,1.0,nan,0,0,0,0,0.06852872226822568,0.0,filtered,0.4420783309447089,0,2,12,predictive_link_1|workspace_z_lower|joint_2_velocity_lower,workspace_z_lower,0,0,1,solved,osqp,5.65046109728129e-10,valid,0.009782670253417475,0.243922815|0.00978267025|0.0177826703|0.24073331|0.183551262|0.186551262,0.393922815|0.15978267|0.16778267|0.39073331|0.333551262|0.336551262,0.363922815|0.12978267|0.13778267|0.36073331|0.303551262|0.306551262,0.15|0.15|0.15|0.15|0.15|0.15,0|0.211752675|0.211752675|0.14734849|0.204639435|0,-0.20492469|-0.250883356|-0.250883356|-0.075104935|-0.10527115|0,0.770766569|5.12508203e-10|0.0320000005|1.0351768|0.833573333|0.746205048,0.272086799|0.315996289|0.478361189,-0.0243393518|-0.270267934|-0.0780353025,0.004375998862087727,0.001364782452583313,0.001165197230875492,0.0018097525462508202
220,11.05,-0.8076199760030534,0.41818898916244507,0.40315118432044983,0.1939183473587036,0.31914061307907104,0.35,1,0,0,0,0,,,nan,0,1.1766276359558105,1.5639315843582153,2.47176456451416,1.0981664657592773,1.0,nan,0,0,0,0,0.06852872226822568,0.0,filtered,0.4270959206845237,0,2,12,predictive_link_1|workspace_z_lower|joint_2_velocity_lower,predictive_link_1,0,0,1,solved,osqp,5.792348267696923e-10,valid,0.007926837333495335,0.233765834|0.00792683733|0.0159268373|0.244292361|0.188508714|0.191508714,0.383765834|0.157926837|0.165926837|0.394292361|0.338508714|0.341508714,0.353765834|0.127926837|0.135926837|0.364292361|0.308508714|0.311508714,0.15|0.15|0.15|0.15|0.15|0.15,0|0.216421494|0.216421494|0.150000508|0.208357648|0,-0.201322159|-0.248128833|-0.248128833|-0.0749848534|-0.105297035|0,0.733741177|9.73996692e-09|0.0320000097|1.0521851|0.857095469|0.766034855,0.270869792|0.302482963|0.474459469,-0.0243393518|-0.270267934|-0.0780353025,0.004682306200265884,0.0014140186831355095,0.0013191523030400276,0.0019157230854034424
221,11.100000000000001,-0.8293454678807259,0.40931081771850586,0.40797871351242065,0.192356675863266,0.3099687099456787,0.35,1,0,0,0,0,,,nan,0,1.1796808242797852,1.5680030584335327,1.953133463859558,1.0844089984893799,1.0,nan,0,0,0,0,0.06852872226822568,0.0,filtered,0.40208522401189684,0,0,12,,predictive_link_1,0,0,1,solved,osqp,5.710500659561468e-07,valid,0.006424070059009163,0.22379422|0.00642407006|0.0144240701|0.247965384|0.19362469|0.196624687,0.37379422|0.15642407|0.16442407|0.397965384|0.34362469|0.346624687,0.34379422|0.12642407|0.13442407|0.367965384|0.31362469|0.316624687,0.15|0.15|0.15|0.15|0.15|0.15,0|0.21974925|0.21974925|0.152088024|0.211220834|0,-0.19750792|-0.245446109|-0.245446109|-0.0752950307|-0.105713583|0,0.697668959|-5.78676546e-07|0.0319994213|1.06865453|0.88000601|0.78649875,0.269652784|0.288969636|0.470557749,-0.0243393518|-0.270267934|-0.0780353025,0.004702042788267136,0.0013812463730573654,0.0013121357187628746,0.001975366845726967
222,11.15,-0.8609540879126962,0.40487274527549744,0.41424521803855896,0.19113552570343018,0.3046046197414398,0.35,1,0,0,0,0,,,nan,0,1.191035270690918,0.9276843667030334,17.338890075683594,1.0812592506408691,1.0,nan,0,0,0,0,0.06852872226822568,0.0,filtered,0.3414112484268016,0,0,12,,predictive_link_1,0,0,1,solved,osqp,2.626102662828256e-07,valid,0.0051849454852205545,0.214018867|0.00518494549|0.0132048858|0.251703744|0.198837906|0.201837906,0.364018867|0.155184945|0.163204886|0.401703744|0.348837906|0.351837906,0.334018867|0.125184945|0.133204886|0.371703744|0.318837906|0.321837906,0.15|0.15|0.15|0.15|0.15|0.15,0|0.222934404|0.224701892|0.154866103|0.215522794|0,-0.193469558|-0.243674458|-0.242844451|-0.0759710272|-0.106465707|0,0.662605911|-2.72333218e-07|0.0346769835|1.08571005|0.904408711|0.807351625,0.268435776|0.275456309|0.466656029,-0.0243393518|-0.270267934|-0.0780353025,0.0035691335797309875,0.0007788762450218201,0.0010398011654615402,0.0017296718433499336
223,11.200000000000001,-0.9051069022367494,0.4009885787963867,0.4224191904067993,0.1902206838130951,0.29977545142173767,0.35,1,0,0,0,0,,,nan,0,1.2141014337539673,1.0529766082763672,25.329113006591797,1.0973073244094849,1.0,nan,0,0,0,0,0.06852872226822568,0.0,filtered,0.2471304299700742,0,2,12,predictive_link_1|workspace_z_lower,workspace_z_lower,0,0,1,solved,osqp,9.845985919192937e-08,valid,0.003992472231883232,0.2044513|0.00399247223|0.0123446381|0.255522591|0.204202812|0.20720281,0.3544513|0.153992472|0.162344638|0.405522591|0.354202812|0.35720281,0.3244513|0.123992472|0.132344638|0.375522591|0.324202812|0.32720281,0.15|0.15|0.15|0.15|0.15|0.15,0|0.227787314|0.235339165|0.160351121|0.223706609|0,-0.189194308|-0.243757233|-0.240395356|-0.0771312228|-0.107689452|0,0.628610891|-3.05331901e-08|0.0443223616|1.10531026|0.932828406|0.82881124,0.267218769|0.261942983|0.462754309,-0.0243393518|-0.270267934|-0.0780353025,0.003038005903363228,0.0008048154413700104,0.0007925461977720261,0.001419374719262123
224,11.25,-0.9654664219435566,0.4024589955806732,0.4328691363334656,0.18950188159942627,0.3003910183906555,0.35,1,0,0,0,0,,,nan,0,1.225121259689331,1.2530814409255981,11.384618759155273,1.1174585819244385,1.0,nan,0,0,0,0,0.06852872226822568,0.0,filtered,0.19387791056057663,0,1,12,predictive_link_1,workspace_z_lower,0,0,1,solved,osqp,2.971151281273149e-07,valid,0.00302149044595032,0.195103687|0.00302149045|0.0121124829|0.259527626|0.209885673|0.212885673,0.345103687|0.15302149|0.162112483|0.409527626|0.359885673|0.362885673,0.315103687|0.12302149|0.132112483|0.379527626|0.329885673|0.332885673,0.15|0.15|0.15|0.15|0.15|0.15,0|0.231841817|0.245309027|0.165569603|0.230872833|0,-0.18466915|-0.243927867|-0.238293289|-0.0791644892|-0.109760333|0,0.595745596|-8.80789583e-08|0.0554656698|1.12451562|0.960655193|0.851542694,0.266001761|0.248429656|0.458852589,-0.0243393518|-0.270267934|-0.0780353025,0.0029403064399957657,0.0007864981889724731,0.0007940372452139854,0.001338551752269268
225,11.3,-1.0256003427624503,0.40373295545578003,0.445369154214859,0.18892547488212585,0.30095386505126953,0.35,1,0,0,0,0,,,nan,0,1.2328320741653442,1.2637182474136353,20.516956329345703,1.1046584844589233,1.0,nan,0,0,0,0,0.06852872226822568,0.0,filtered,0.1966075536976731,0,1,12,predictive_link_1,workspace_z_lower,0,0,1,solved,osqp,2.1771033449310452e-07,valid,0.0022251792944993076,0.185988852|0.00222517929|0.0124508832|0.263662334|0.215791824|0.218791778,0.335988852|0.152225179|0.162450883|0.413662334|0.365791824|0.368791778,0.305988852|0.122225179|0.132450883|0.383662334|0.335791824|0.338791778,0.15|0.15|0.15|0.15|0.15|0.15,0|0.235376798|0.254829289|0.175084221|0.240272679|0,-0.179880925|-0.244277616|-0.236731083|-0.0822474365|-0.112835835|0,0.564074482|-1.00697001e-07|0.067901739|1.14748612|0.990604138|0.875167111,0.264784753|0.234916329|0.454950869,-0.0243393518|-0.270267934|-0.0780353025,0.003435099497437477,0.0008837524801492691,0.0008208118379116058,0.0016914363950490952
226,11.350000000000001,-1.2315511471233975,0.6961875557899475,0.44930365681648254,0.17899733781814575,0.5853795409202576,0.35,1,0,0,0,0,,,nan,0,0.0,24.656639099121094,497.483642578125,1.1150710582733154,1.0,nan,0,0,0,0,0.06852872226822568,0.0,safe_stop_compute_budget,1.1150710582733154,1,0,12,joint_0_velocity_lower|joint_2_velocity_lower,predictive_link_1,80,0,0,maximum iterations reached,failed,0.0032356383763847696,valid,0.0015801855570576617,0.177120277|0.00158018556|0.0133193779|0.26808821|0.221981481|0.224981435,0.327120277|0.151580186|0.163319378|0.41808821|0.371981481|0.374981435,0.297120277|0.121580186|0.133319378|0.38808821|0.341981481|0.344981435,0.15|0.15|0.15|0.15|0.15|0.15,0|0|0|0|0|0,-0.174816485|-0.244589592|-0.235566378|-0.0860776679|-0.116597704|0,0.533664624|-0.23826885|-0.182288866|0.98627517|0.771328219|0.899925739,0.263567746|0.221403003|0.451049149,-0.0243393518|-0.270267934|-0.0780353025,0.11977676674723625,0.0009271716699004173,0.0008219312876462936,0.11800677888095379
227,11.4,-1.1843414483015682,0.7805962562561035,0.449303537607193,0.16648238897323608,0.659461498260498,0.35,1,0,0,0,0,,,nan,0,0.0,0.0,493.1328125,0.568274974822998,1.0,nan,0,0,0,0,0.06852872226822568,0.0,safe_stop_infeasible,0.5682749631640155,1,0,12,,qp_solver,0,0,0,primal infeasible,osqp,0.0,valid,-0.008107368322622183,0.168512099|-0.00810736832|0.00438148774|0.266097404|0.218575717|0.221575709,0.318512099|0.141892632|0.154381488|0.416097404|0.368575717|0.371575709,0.288512099|0.111892632|0.124381488|0.386097404|0.338575717|0.341575709,0.15|0.15|0.15|0.15|0.15|0.15,0|0|0|0|0|0,-0.16946288|-0.242561919|-0.2325988|-0.082650106|-0.112854842|0,0.504585516|-0.274991393|-0.215072849|0.98173951|0.761448025|0.886302836,0.262350738|0.207889676|0.447147429,-0.0243393518|-0.270267934|-0.0780353025,0.004725683480501175,0.0014511430636048317,0.0014381492510437965,0.0018024332821369171
228,11.450000000000001,-1.2351776598275421,0.8314309120178223,0.4493035078048706,0.15410783886909485,0.7077268958091736,0.35,1,0,0,0,0,,,nan,0,0.0,0.0,0.0,0.5430982112884521,1.0,nan,0,0,0,0,0.06852872226822568,0.0,safe_stop_infeasible,0.5430982058636691,1,0,12,,qp_solver,0,0,0,primal infeasible,osqp,0.0,valid,-0.020140323080544836,0.160179091|-0.0201403231|-0.0071274412|0.262137787|0.213108876|0.216108876,0.310179091|0.129859677|0.142872559|0.412137787|0.363108876|0.366108876,0.280179091|0.0998596769|0.112872559|0.382137787|0.333108876|0.336108876,0.15|0.15|0.15|0.15|0.15|0.15,0|0|0|0|0|0,-0.163807576|-0.238670303|-0.227655459|-0.0757087333|-0.105777958|0,0.476908788|-0.319231596|-0.256165224|0.972842416|0.746657545|0.864435503,0.26113373|0.194376349|0.443245709,-0.0243393518|-0.270267934|-0.0780353025,0.0047622015699744225,0.0014504678547382355,0.0014735693112015724,0.0018014507368206978
229,11.5,-1.2471596239388703,0.8434123396873474,0.4493035078048706,0.14189288020133972,0.7600294351577759,0.35,1,0,0,0,0,,,nan,0,0.0,0.0,0.0,0.5581294894218445,1.0,nan,0,0,0,0,0.06852872226822568,0.0,safe_stop_infeasible,0.558129467376037,1,0,12,,qp_solver,0,0,0,primal infeasible,osqp,0.0,valid,-0.03196468225301197,0.152136638|-0.0319646823|-0.0183725815|0.258529123|0.208001982|0.211001982,0.302136638|0.118035318|0.131627419|0.408529123|0.358001982|0.361001982,0.272136638|0.0880353177|0.101627419|0.378529123|0.328001982|0.331001982,0.15|0.15|0.15|0.15|0.15|0.15,0|0|0|0|0|0,-0.157838713|-0.234203676|-0.222031878|-0.0686162825|-0.0984613962|0,0.450707838|-0.362062405|-0.295522203|0.965500209|0.733546532|0.844007928,0.259916723|0.180863023|0.439343989,-0.0243393518|-0.270267934|-0.0780353025,0.0047645000740885735,0.0014240359887480736,0.0014454079791903496,0.001861770637333393
230,11.55,-1.2597977755845307,0.8560504913330078,0.4493035078048706,0.12985995411872864,0.816609799861908,0.35,1,0,0,0,0,,,nan,0,0.0,0.0,0.0,0.5696306228637695,1.0,nan,0,0,0,0,0.06852872226822568,0.0,safe_stop_infeasible,0.5696306433079833,1,0,12,,qp_solver,0,0,0,primal infeasible,osqp,0.0,valid,-0.043549192711370754,0.144400694|-0.0435491927|-0.0293173028|0.255278644|0.203266771|0.206266771,0.294400694|0.106450807|0.120682697|0.405278644|0.353266771|0.356266771,0.264400694|0.0764508073|0.0906826972|0.375278644|0.323266771|0.326266771,0.15|0.15|0.15|0.15|0.15|0.15,0|0|0|0|0|0,-0.151545413|-0.229057279|-0.215619245|-0.0613830889|-0.090911906|0,0.426057363|-0.40325405|-0.332888457|0.959731487|0.722155178|0.825067084,0.258699715|0.167349696|0.435442269,-0.0243393518|-0.270267934|-0.0780353025,0.004741387441754341,0.0013861507177352905,0.0015215668827295303,0.0017978288233280182
231,11.600000000000001,-4.270662629443478,3.8669153451919556,0.4493035078048706,0.11803559213876724,0.8669153451919556,0.35,1,1,0,0,0,,,nan,0,0.0,0.0,0.0,0.5771666169166565,1.0,nan,0,0,0,0,0.06852872226822568,0.0,safe_stop_infeasible,0.5771666007643289,1,0,12,,qp_solver,0,0,0,primal infeasible,osqp,0.0,valid,-0.05485682790395541,0.136987727|-0.0548568279|-0.039919099|0.252393101|0.198914673|0.201914673,0.286987727|0.0951431721|0.110080901|0.402393101|0.348914673|0.351914673,0.256987727|0.0651431721|0.080080901|0.372393101|0.318914673|0.321914673,0.15|0.15|0.15|0.15|0.15|0.15,0|0|0|0|0|0,-0.144918116|-0.223105917|-0.208292659|-0.0540208175|-0.083138491|0,0.40303279|-0.442533228|-0.367969055|0.955551588|0.712520202|0.807658693,0.257482708|0.15383637|0.431540549,-0.0243393518|-0.270267934|-0.0780353025,0.004047304391860962,0.001497667282819748,0.0012416644021868706,0.0012751845642924309
232,11.65,-4.269192242461514,3.8654449582099915,0.4493035078048706,0.10645108669996262,0.8654449582099915,0.35,1,1,0,0,0,,,nan,0,0.0,0.0,0.0,0.5800842642784119,1.0,nan,0,0,0,0,0.06852872226822568,0.0,safe_stop_infeasible,0.5800842825886907,1,0,12,,qp_solver,0,0,0,primal infeasible,osqp,0.0,valid,-0.0658437255835746,0.12991464|-0.0658437256|-0.0501288059|0.249878631|0.194956611|0.197956611,0.27991464|0.0841562744|0.0998711941|0.399878631|0.344956611|0.347956611,0.24991464|0.0541562744|0.0698711941|0.369878631|0.314956611|0.317956611,0.15|0.15|0.15|0.15|0.15|0.15,0|0|0|0|0|0,-0.137948967|-0.216200852|-0.199910747|-0.0465423984|-0.075152484|0,0.381709592|-0.479575755|-0.40042597|0.952972124|0.704673962|0.791826446,0.2562657|0.140323043|0.427638829,-0.0243393518|-0.270267934|-0.0780353025,0.0029075369238853455,0.0007770834490656853,0.0008084895089268684,0.0013018855825066566
233,11.700000000000001,-4.267491841155362,3.863744556903839,0.4493035078048706,0.0951433852314949,0.8637445569038391,0.35,1,1,0,0,0,,,nan,0,0.0,0.0,0.0,0.5788148641586304,1.0,nan,0,0,0,0,0.06852872226822568,0.0,safe_stop_infeasible,0.5788148681833908,1,0,12,,qp_solver,0,0,0,primal infeasible,osqp,0.0,valid,-0.07645794031992564,0.123198679|-0.0764579403|-0.0598897975|0.247740691|0.191402883|0.194402883,0.273198679|0.0735420597|0.0901102025|0.397740691|0.341402883|0.344402883,0.243198679|0.0435420597|0.0601102025|0.367740691|0.311402883|0.314402883,0.15|0.15|0.15|0.15|0.15|0.15,0|0|0|0|0|0,-0.130632224|-0.20816712|-0.190316749|-0.0389619446|-0.0669675879|0,0.362162492|-0.513998881|-0.429875939|0.95200082|0.698643942|0.77761153,0.255048692|0.126809716|0.423737109,-0.0243393518|-0.270267934|-0.0780353025,0.0030270135030150414,0.0007974328473210335,0.0008632829412817955,0.0013440558686852455
234,11.75,-4.2655189274132965,3.8617716431617737,0.4493035078048706,0.08415643125772476,0.8617716431617737,0.35,1,1,0,0,0,,,nan,0,0.0,0.0,0.0,0.5751824378967285,1.0,nan,0,0,0,0,0.06852872226822568,0.0,safe_stop_infeasible,0.5751824532288998,1,0,12,,qp_solver,0,0,0,primal infeasible,osqp,0.0,valid,-0.08663813427345779,0.116857301|-0.0866381343|-0.0691373372|0.245984003|0.188263027|0.191263027,0.266857301|0.0633618657|0.0808626628|0.395984003|0.338263027|0.341263027,0.236857301|0.0333618657|0.0508626628|0.365984003|0.308263027|0.311263027,0.15|0.15|0.15|0.15|0.15|0.15,0|0|0|0|0|0,-0.122964652|-0.19880206|-0.179341972|-0.0312946006|-0.0585998172|0,0.344464553|-0.545354597|-0.455891321|0.952641411|0.694452291|0.765052108,0.253831685|0.113296308|0.419835389,-0.0243393518|-0.270267934|-0.0780353025,0.0029175523668527603,0.0007882686331868172,0.0008159726858139038,0.0012910803779959679
235,11.8,-4.263223552542996,3.8594762682914734,0.4493035078048706,0.07354215532541275,0.8594762682914734,0.35,1,1,0,0,0,,,nan,0,0.0,0.0,0.0,0.5692645311355591,1.0,nan,0,0,0,0,0.06852872226822568,0.0,safe_stop_infeasible,0.569264499802647,1,0,12,,qp_solver,0,0,0,primal infeasible,osqp,0.0,valid,-0.09631207569428846,0.110908081|-0.0963120757|-0.0777980074|0.244612519|0.185545753|0.188545753,0.260908081|0.0536879243|0.0722019926|0.394612519|0.335545753|0.338545753,0.230908081|0.0236879243|0.0422019926|0.364612519|0.305545753|0.308545753,0.15|0.15|0.15|0.15|0.15|0.15,0|0|0|0|0|0,-0.114946106|-0.187876847|-0.16681319|-0.0235565331|-0.0500675675|0,0.328686219|-0.57312515|-0.47800522|0.954893542|0.692115443|0.75418301,0.252614677|0.0997828916|0.415933669,-0.0243393518|-0.270267934|-0.0780353025,0.003359041176736355,0.0010267142206430435,0.0009540421888232231,0.0013548163697123528
236,11.850000000000001,-4.260547840434384,3.8568005561828613,0.4493035078048706,0.06336196511983871,0.8568005561828613,0.35,1,1,0,0,0,,,nan,0,0.0,0.0,0.0,0.5662424564361572,1.0,nan,0,0,0,0,0.06852872226822568,0.0,safe_stop_infeasible,0.566242459106492,1,0,12,,qp_solver,0,0,0,primal infeasible,osqp,0.0,valid,-0.10539559255740705,0.105368503|-0.105395593|-0.0857898988|0.243629356|0.18325878|0.18625878,0.255368503|0.0446044074|0.0642101012|0.393629356|0.33325878|0.33625878,0.225368503|0.0146044074|0.0342101012|0.363629356|0.30325878|0.30625878,0.15|0.15|0.15|0.15|0.15|0.15,0|0|0|0|0|0,-0.106579856|-0.175142652|-0.152564859|-0.0157646585|-0.0413913619|0,0.314894156|-0.596725022|-0.495724454|0.958752764|0.691643758|0.745035119,0.251397669|0.0862694755|0.412031949,-0.0243393518|-0.270267934|-0.0780353025,0.0029541049152612686,0.0009296983480453491,0.0007796930149197578,0.0012249909341335297
237,11.9,-4.262766802150082,3.8590195178985596,0.4493035078048706,0.05293000862002373,0.8590195178985596,0.35,1,1,0,0,0,,,nan,0,0.0,0.0,0.0,0.5641618371009827,1.0,nan,0,0,0,0,0.06852872226822568,0.0,safe_stop_infeasible,0.5641618434726836,1,0,12,,qp_solver,0,0,0,primal infeasible,osqp,0.0,valid,-0.11379185397471056,0.10025579|-0.113791854|-0.0930233996|0.243036768|0.181408752|0.184408752,0.25025579|0.036208146|0.0569766004|0.393036768|0.331408752|0.334408752,0.22025579|0.00620814603|0.0269766004|0.363036768|0.301408752|0.304408752,0.15|0.15|0.15|0.15|0.15|0.15,0|0|0|0|0|0,-0.0978730286|-0.160345028|-0.13645796|-0.00793649636|-0.0325936932|0,0.303150133|-0.615512444|-0.508551558|0.964210574|0.693041315|0.737635008,0.250180662|0.0727560595|0.408130229,-0.0243393518|-0.270267934|-0.0780353025,0.002980508841574192,0.0009294170886278152,0.0007742606103420258,0.0012565935030579567
238,11.950000000000001,-4.259619974929166,3.855872690677643,0.4493035078048706,0.042869146913290024,0.8558726906776428,0.35,1,1,0,0,0,,,nan,0,0.0,0.0,0.0,0.5617355108261108,1.0,nan,0,0,0,0,0.06852872226822568,0.0,safe_stop_infeasible,0.56173546588681,1,0,12,,qp_solver,0,0,0,primal infeasible,osqp,0.0,valid,-0.12534192304241742,0.101527339|-0.125341923|-0.106155562|0.234288392|0.171822719|0.174822719,0.251527339|0.024658077|0.0438444383|0.384288392|0.321822719|0.324822719,0.221527339|-0.00534192304|0.0138444383|0.354288392|0.291822719|0.294822719,0.15|0.15|0.15|0.15|0.15|0.15,0|0|0|0|0|0,-0.056816786|-0.167083891|-0.15908839|-0.0449631635|-0.0671134217|0,0.349292568|-0.668451583|-0.583710637|0.892190403|0.620177455|0.699290876,0.251014173|0.0592426434|0.404228508,0.0243393518|-0.270267934|-0.0780353025,0.0029524927958846092,0.0007670391350984573,0.0007842769846320152,0.0013791974633932114
239,12.0,-4.255891942817044,3.8521446585655212,0.4493035078048706,0.033408474177122116,0.8521446585655212,0.35,1,1,0,0,0,,,nan,0,0.0,0.0,0.0,0.5561634302139282,1.0,nan,0,0,0,0,0.06852872226822568,0.0,safe_stop_infeasible,0.5561634027020922,1,0,12,,qp_solver,0,0,0,primal infeasible,osqp,0.0,valid,-0.13325481538351935,0.098929376|-0.133254815|-0.113679756|0.232235597|0.168684906|0.171684906,0.248929376|0.0167451846|0.0363202442|0.382235597|0.318684906|0.321684906,0.218929376|-0.0132548154|0.00632024417|0.352235597|0.288684906|0.291684906,0.15|0.15|0.15|0.15|0.15|0.15,0|0|0|0|0|0,-0.0470720742|-0.148956509|-0.141470149|-0.0371317935|-0.0583668876|0,0.34864543|-0.68197577|-0.596189173|0.891810594|0.616372737|0.686739625,0.252231181|0.0457292274|0.400326788,0.0243393518|-0.270267934|-0.0780353025,0.0031681759282946587,0.0007749106734991074,0.0007686084136366844,0.0016040010377764702
