step,total_steps,episode,episode_length,latest_reward,latest_cost,episode_reward,episode_cost,risk_global,d_min,success,collision,lambda,alpha,replay_size
100,100000,2,9,-1.1973900793418681,0.429474800825119,-10.053022294983073,3.238193690776825,0.429474800825119,0.24012257158756256,0,0,0.1006654809372157,0.20000000298023224,100
200,100000,4,45,-0.007202641380299895,0.136981800198555,-5.301925834634071,109.89541184902191,0.136981800198555,0.2892255187034607,0,0,0.10330889771980471,0.20000000298023224,200
300,100000,4,145,-0.3156874772204219,0.2722916305065155,-12.65242225806444,120.74701743014157,0.2722916305065155,0.2907967269420624,0,0,0.10330889771980471,0.20000000298023224,300
400,100000,5,5,-0.993819579594583,0.5262438058853149,-4.184212508762228,2.0932380855083466,0.5262438058853149,0.21175514161586761,0,0,0.10467639051545462,0.20000000298023224,400
500,100000,7,47,-0.243307766722902,3.8403720259666443,-10.825657786599695,58.1929986923933,0.8403720259666443,0.05443548783659935,0,0,0.10987600422639465,0.20000000298023224,500
600,100000,8,3,-0.04557747240635337,0.14767564833164215,-0.05904126865380577,0.4201665669679642,0.14767564833164215,0.45856979489326477,0,0,0.11317347474513825,0.20000000298023224,600
700,100000,9,66,-0.22308877070254568,3.800000011920929,-19.27389311645242,106.506119415164,0.800000011920929,0.10192199796438217,0,0,0.11645913750973544,0.20000000298023224,700
800,100000,10,82,-0.3574854181997864,0.14582020044326782,-46.07403151236018,116.09478759765625,0.14582020044326782,0.47416913509368896,0,0,0.12039773196907214,0.20000000298023224,800
900,100000,10,182,-0.6062131664904882,0.24823430180549622,-126.84727418565068,194.77765722945333,0.24823430180549622,0.5786617994308472,0,0,0.12039773196907214,0.20000000298023224,900
1000,100000,11,42,-0.3181325761163914,0.2825338542461395,-19.887697773567538,69.26533505320549,0.2825338542461395,0.19501478970050812,0,0,0.12453254090690602,0.19993998110294342,1000
1100,100000,11,142,-0.649482067492618,0.023885957896709442,-75.28937638979215,83.74569074064493,0.023885957896709442,0.6027567386627197,0,0,0.12453254090690602,0.19404378533363342,1100
1200,100000,12,2,-0.5821308435945002,0.228785440325737,-1.1512662399435114,0.46283914148807526,0.228785440325737,0.5332244038581848,0,0,0.12837488556124851,0.18833982944488525,1200
1300,100000,14,69,-0.4408827243455404,0.39397671818733215,-16.93725149270209,18.597088433802128,0.39397671818733215,0.1532357782125473,0,0,0.13592723782689298,0.1828281283378601,1300
1400,100000,16,55,-0.4575197566458158,0.38532012701034546,-10.245523923417064,14.783239554613829,0.38532012701034546,0.15600812435150146,0,0,0.14352619464616442,0.1774953454732895,1400
1500,100000,18,11,-0.27948830706018846,0.3381122350692749,-3.563226499070545,2.9722035080194473,0.3381122350692749,0.32254835963249207,0,0,0.15176239597691393,0.17233924567699432,1500
1600,100000,18,111,-0.7640329520995968,3.921907663345337,-72.56336328820434,89.71868255734444,0.9219076633453369,0.09410245716571808,0,0,0.15176239597691393,0.16734707355499268,1600
1700,100000,18,211,-0.8722339151066262,0.05797663331031799,-159.57302750885293,201.3843511044979,0.05797663331031799,0.4142959415912628,0,0,0.15176239597691393,0.16254056990146637,1700
1800,100000,20,44,-0.10519957459716245,0.2994820177555084,-3.7421688249995526,91.00246825814247,0.2994820177555084,0.18764562904834747,0,0,0.1603574861203016,0.15790356695652008,1800
1900,100000,20,144,-0.29074177719943806,0.02683965116739273,-21.343150651662672,125.82911714538932,0.02683965116739273,0.5685327649116516,0,0,0.1603574861203016,0.15342681109905243,1900
2000,100000,21,4,-0.3393004511471216,0.17323453724384308,-1.2572053083914267,0.6788062900304794,0.17323453724384308,0.4327293038368225,0,0,0.16456125267576163,0.1490911990404129,2000
2100,100000,21,104,-0.6069558935653196,0.058766357600688934,-51.20439893544226,145.48884685337543,0.058766357600688934,0.41211408376693726,0,0,0.16456125267576163,0.14488360285758972,2100
2200,100000,21,204,-0.8008274752862234,0.041880857199430466,-116.88796264698045,191.84457014873624,0.041880857199430466,0.4704984128475189,0,0,0.16456125267576163,0.14081832766532898,2200
2300,100000,23,27,-0.15490501750451585,0.1947387307882309,-1.072943582338472,5.6014250963926315,0.1947387307882309,0.27633383870124817,0,0,0.1729942232669065,0.13686829805374146,2300
2400,100000,26,11,-0.14604886199234102,0.08572652190923691,-1.7671374504781108,0.7299402505159378,0.08572652190923691,0.532156765460968,0,0,0.1877093045836982,0.13302232325077057,2400
2500,100000,26,111,0.13834901986152742,3.800000011920929,-9.628253610343378,124.23383991792798,0.800000011920929,0.06840687245130539,0,0,0.1877093045836982,0.12928692996501923,2500
2600,100000,26,211,-0.2820806444765924,0.045189619064331055,-24.102828024018564,312.76921216771007,0.045189619064331055,0.45659953355789185,0,0,0.1877093045836982,0.1256665736436844,2600
2700,100000,29,32,-0.35193470486277256,3.906018316745758,-6.0844367872063705,48.699322521686554,0.9060183167457581,0.07497478276491165,0,0,0.20624969056376827,0.12216724455356598,2700
2800,100000,30,91,-0.23550588808190043,3.800000011920929,-33.03279731511476,92.55521120876074,0.800000011920929,0.03838092461228371,0,0,0.21376782431110425,0.11879707872867584,2800
2900,100000,30,191,-0.6261451469088763,0.04112928360700607,-82.07100936723967,160.50890549086034,0.04112928360700607,0.7079669237136841,0,0,0.21376782431110425,0.11553286761045456,2900
3000,100000,32,21,-0.6328713110089302,0.23186269402503967,-12.912454008114944,3.9748073145747185,0.23186269402503967,0.2857247292995453,0,0,0.2283493212143525,0.11237764358520508,3000
3100,100000,32,121,-0.09953778415058098,0.029628610238432884,-49.88038542439336,35.02707107551396,0.029628610238432884,0.5432726144790649,0,0,0.2283493212143525,0.10932940989732742,3100
3200,100000,32,221,-0.7794637180332393,0.21126337349414825,-81.17909043923962,42.22014643251896,0.21126337349414825,0.29225781559944153,0,0,0.2283493212143525,0.1063636913895607,3200
3300,100000,33,81,-0.08674123800048979,0.03773357346653938,-4.681688448360388,20.794964376837015,0.03773357346653938,0.4905551075935364,0,0,0.23518038841098501,0.10348072648048401,3300
3400,100000,33,181,-0.20219382420744703,0.7601878643035889,-30.751814614603838,50.136145966127515,0.7601878643035889,0.12264423817396164,0,0,0.23518038841098501,0.10066751390695572,3400
3500,100000,34,41,-0.22499304744608822,0.4121719300746918,-11.288860444548023,12.339671075344086,0.4121719300746918,0.17546914517879486,0,0,0.24157369270932566,0.09793494641780853,3500
3600,100000,34,141,-0.15166758453451026,0.4131946861743927,-23.409804284120224,33.28242465481162,0.4131946861743927,0.1476157158613205,0,0,0.24157369270932566,0.09528583288192749,3600
3700,100000,35,1,-0.8499391829236186,0.7083594799041748,-0.8499391829236186,0.7083594799041748,0.7083594799041748,0.13729283213615417,0,0,0.24750524609125046,0.09270761162042618,3700
3800,100000,35,101,0.22241109166673353,0.5621142387390137,-16.021312541030646,30.487990647554398,0.5621142387390137,0.1587436944246292,0,0,0.24750524609125046,0.09018375724554062,3800
3900,100000,35,201,-0.2619420909388566,0.05576464161276817,-29.655005727555306,51.901227530092,0.05576464161276817,0.5251286625862122,0,0,0.24750524609125046,0.08772724866867065,3900
4000,100000,37,23,-0.5779444721986084,0.40667033195495605,-9.811799087415043,7.558244228363037,0.40667033195495605,0.1917382925748825,0,0,0.25798428130019113,0.0853256806731224,4000
4100,100000,37,123,-0.19570964347875366,0.10338211059570312,-74.33366882047588,122.43575773760676,0.10338211059570312,0.5588051080703735,0,0,0.25798428130019113,0.08299712091684341,4100
4200,100000,37,223,-0.6693562216672411,0.1805964857339859,-116.22160970611519,137.4231266155839,0.1805964857339859,0.35901880264282227,0,0,0.25798428130019113,0.08073108643293381,4200
4300,100000,38,83,-0.18622642036218515,0.04358060285449028,-13.132253672111682,23.60248690843582,0.04358060285449028,0.46315765380859375,0,0,0.26275489331892676,0.07852824032306671,4300
4400,100000,38,183,-1.058269344272715,3.8364285230636597,-49.967465302235176,51.91664014942944,0.8364285230636597,0.11966156214475632,0,0,0.26275489331892676,0.07638341188430786,4400
4500,100000,40,12,-0.034530080020985066,0.1599442958831787,-2.058918022757345,2.374541699886322,0.1599442958831787,0.26853814721107483,0,0,0.27147010096527485,0.07430174946784973,4500
4600,100000,40,112,-0.6057347846444384,0.07024280726909637,-20.997129770377168,27.74770273640752,0.07024280726909637,0.4338575303554535,0,0,0.27147010096527485,0.0722946897149086,4600
4700,100000,40,212,-0.34413231692753476,0.02463066205382347,-56.62155772106437,53.343759624287486,0.02463066205382347,0.593165397644043,0,0,0.27147010096527485,0.07034335285425186,4700
4800,100000,41,72,-0.01463298530449066,0.5755452513694763,-6.582724556910122,18.1611315831542,0.5755452513694763,0.15951289236545563,0,0,0.2752956060992784,0.06846275925636292,4800
4900,100000,41,172,-0.41549053436989714,0.07291222363710403,-27.451417892227667,34.20033761113882,0.07291222363710403,0.3785492479801178,0,0,0.2752956060992784,0.06665395200252533,4900
5000,100000,42,32,-0.22250342681695456,3.8656455278396606,-14.664038310150955,23.41954429447651,0.8656455278396606,0.09212008863687515,0,0,0.2787459587377953,0.06490230560302734,5000
5100,100000,44,34,-0.38909921290448696,0.6016457080841064,-4.90532189685801,11.955539494752884,0.6016457080841064,0.16310279071331024,0,0,0.285968424294881,0.06320755928754807,5100
5200,100000,44,134,-0.4377347758354074,0.033578060567379,-70.6980516117039,48.2348271869123,0.033578060567379,0.5147033333778381,0,0,0.285968424294881,0.06157059222459793,5200
5300,100000,46,45,-0.32351083323553326,3.800000011920929,-11.766218453628095,48.89451165497303,0.800000011920929,0.042058300226926804,0,0,0.2920119659339914,0.05998437851667404,5300
5400,100000,46,145,-0.12993572938591114,0.08623047918081284,-41.314754829238254,70.26174648106098,0.08623047918081284,0.5765630602836609,0,0,0.2920119659339914,0.058446332812309265,5400
5500,100000,47,5,-0.17770008129531675,0.12908835709095,-0.91478102270254,0.6068826094269753,0.12908835709095,0.40492555499076843,0,0,0.2947431351029865,0.056965120136737823,5500
5600,100000,47,105,-0.41366023223987014,0.39147740602493286,-20.65441827661753,190.99855456501245,0.39147740602493286,0.15402965247631073,0,0,0.2947431351029865,0.05554290488362312,5600
5700,100000,47,205,-1.159894651440428,0.239434614777565,-61.012389016113715,211.602358546108,0.239434614777565,0.2160886973142624,0,0,0.2947431351029865,0.05415721982717514,5700
5800,100000,48,65,-1.0933439256113346,0.42303338646888733,-21.06260970349919,15.600792795419693,0.42303338646888733,0.16376517713069916,0,0,0.29761349468367326,0.052808672189712524,5800
5900,100000,49,95,-0.37943458845771894,0.24141906201839447,-20.558581961498458,16.558708555996418,0.24141906201839447,0.21503262221813202,0,0,0.30025066094824954,0.05149402096867561,5900
6000,100000,49,195,-0.18221859555095143,0.46289047598838806,-57.03580666631818,49.48565561324358,0.46289047598838806,0.16163967549800873,0,0,0.30025066094824954,0.050230756402015686,6000
6100,100000,50,64,-0.1912932104212112,0.07845087349414825,-15.457971266554054,40.16074959933758,0.07845087349414825,0.36760029196739197,0,0,0.30269473351635695,0.048989392817020416,6100
6200,100000,50,164,-0.04332127292083372,0.13938938081264496,-61.71813253353946,110.02694565057755,0.13938938081264496,0.5918898582458496,0,0,0.30269473351635695,0.0477869026362896,6200
6300,100000,51,24,-0.17258595566820006,0.3145049810409546,-2.054296153995684,4.871206425130367,0.3145049810409546,0.2515815198421478,0,0,0.3050114541178817,0.046628907322883606,6300
6400,100000,52,33,-0.04930153818485117,3.800000011920929,-7.871821090121,73.32116147875786,0.800000011920929,0.09779694676399231,0,0,0.3079616545903081,0.04551771655678749,6400
6500,100000,52,133,-0.1398466315032801,0.06775246560573578,-12.574903727839608,106.98430607654154,0.06775246560573578,0.3897344768047333,0,0,0.3079616545903081,0.04443573206663132,6500
6600,100000,52,233,0.0331463548776216,0.1344425231218338,-29.676818595222496,125.71900539658964,0.1344425231218338,0.42046988010406494,0,0,0.3079616545903081,0.043402187526226044,6600
6700,100000,53,93,0.11476945683515823,0.41599637269973755,-19.13371742986956,19.75982017442584,0.41599637269973755,0.3057985305786133,0,0,0.31075354509975317,0.042392611503601074,6700
6800,100000,53,193,-0.411550878086596,0.1280178725719452,-48.03947519500257,43.28402649611235,0.1280178725719452,0.7691217064857483,0,0,0.31075354509975317,0.04142852500081062,6800
6900,100000,54,53,0.07526953407076142,0.07171135395765305,-1.8714986730292331,11.293133348226547,0.07171135395765305,0.381060928106308,0,0,0.3132669783847817,0.04048197716474533,6900
7000,100000,54,153,-0.19886281949891782,0.42784640192985535,-24.507051190373474,32.12704127468169,0.42784640192985535,0.14296533167362213,0,0,0.3132669783847817,0.03957470506429672,7000
7100,100000,55,13,-0.11217683557384875,0.26585423946380615,-0.7702070963349552,2.717140443623066,0.26585423946380615,0.30219924449920654,0,0,0.31548098076890246,0.03871568664908409,7100
7200,100000,55,113,-0.26328150817123636,0.19341424107551575,-31.390729394107876,56.86558989062905,0.19341424107551575,0.44640615582466125,0,0,0.31548098076890246,0.03786245360970497,7200
7300,100000,55,213,-0.2518853584739714,0.05575649440288544,-55.95290026762963,95.3729159515351,0.05575649440288544,0.7061616778373718,0,0,0.31548098076890246,0.03703221306204796,7300
7400,100000,57,66,0.0396373409301621,0.11158894002437592,0.7206323850685088,18.36119654774666,0.11158894002437592,0.3172179162502289,0,0,0.3193130640503536,0.03621284291148186,7400
7500,100000,58,94,-0.8716855843048734,0.19363726675510406,-37.238718829410764,13.560142904520035,0.19363726675510406,0.24346719682216644,0,0,0.3208764833528187,0.03542677313089371,7500
7600,100000,58,194,-0.15297104859881644,0.055807825177907944,-68.08516639768447,33.40488172695041,0.055807825177907944,0.42050039768218994,0,0,0.3208764833528187,0.034638915210962296,7600
7700,100000,60,32,-0.3987139477906931,3.8159655928611755,-2.5072305104403143,20.440181210637093,0.8159655928611755,0.11582858115434647,0,0,0.32370332557473475,0.03388684242963791,7700
7800,100000,60,132,-0.1170775486116284,0.2035352885723114,-23.927900821910413,108.58904979377985,0.2035352885723114,0.2887933552265167,0,0,0.32370332557473475,0.03316955268383026,7800
7900,100000,60,232,0.01326948739878837,0.1609339565038681,-35.4910563122136,144.5745639577508,0.1609339565038681,0.267721951007843,0,0,0.32370332557473475,0.0324733592569828,7900
8000,100000,61,92,0.1776037837279635,0.28265276551246643,-11.89953203135276,13.85680615901947,0.28265276551246643,0.34280773997306824,0,0,0.32519898463216196,0.031799860298633575,8000
8100,100000,62,90,-0.046174108079505415,0.22629746794700623,-5.89242574427144,23.656415469944477,0.22629746794700623,0.3258269429206848,0,0,0.32642307684680005,0.031129756942391396,8100
8200,100000,62,190,-0.14774186794257746,0.2685779333114624,-10.857838788374577,38.00284145399928,0.2685779333114624,0.22838039696216583,0,0,0.32642307684680005,0.03049936518073082,8200
8300,100000,63,50,-0.1968334078794522,0.2647513151168823,-12.583760557899259,10.6864622682333,0.2647513151168823,0.20326639711856842,0,0,0.3274052947113838,0.029908565804362297,8300
8400,100000,63,150,-0.05151235727674596,0.17906583845615387,-28.63905163727161,86.27359348535538,0.17906583845615387,0.38229116797447205,0,0,0.3274052947113838,0.029340123757719994,8400
8500,100000,64,79,-0.07643209433496098,0.10652808845043182,-5.729768580932375,21.98928877711296,0.10652808845043182,0.32367172837257385,0,0,0.3283235460761066,0.028779879212379456,8500
8600,100000,64,179,-0.3688949727016873,0.03305121883749962,-35.886843427173844,34.30436221882701,0.03305121883749962,0.5181434750556946,0,0,0.3283235460761066,0.02823447249829769,8600
8700,100000,65,39,-0.3094005244983444,3.871970057487488,-4.618974059137438,50.38306596875191,0.8719700574874878,0.01873498596251011,0,0,0.3290149663591065,0.027720965445041656,8700
8800,100000,66,8,-0.2473330953589678,0.24099867045879364,-1.5708604477887134,2.0597495287656784,0.24099867045879364,0.24031375348567963,0,0,0.3299651043935908,0.027229059487581253,8800
8900,100000,66,108,0.07374320348153474,3.800000011920929,-13.875299341486878,91.05266185104847,0.800000011920929,0.11265567690134048,0,0,0.3299651043935908,0.02673938311636448,8900
9000,100000,66,208,-0.21681543889426422,0.03539776802062988,-20.15952054963714,113.71492336317897,0.03539776802062988,0.5035266876220703,0,0,0.3299651043935908,0.026269197463989258,9000
9100,100000,67,68,-0.27851352928135387,3.800000011920929,-9.250593586680234,61.92924115806818,0.800000011920929,0.09816532582044601,0,0,0.33083263237010785,0.02583642117679119,9100
9200,100000,67,168,-0.22450037630258302,0.32804328203201294,-32.35607920640728,92.21410273015499,0.32804328203201294,0.266292005777359,0,0,0.33083263237010785,0.02540995366871357,9200
9300,100000,68,28,-0.4115597175510255,0.3564065992832184,-9.783011138822005,6.108112201094627,0.3564065992832184,0.260856032371521,0,0,0.3316873114501285,0.025005389004945755,9300
9400,100000,68,128,-0.05894279055189914,0.1334405392408371,-16.903733995779056,26.603879138827324,0.1334405392408371,0.3994343876838684,0,0,0.3316873114501285,0.024609416723251343,9400
9500,100000,69,69,-0.10391713372422628,0.06149908900260925,-8.908684594126557,10.847012534737587,0.06149908900260925,0.40485629439353943,0,0,0.3323246720375929,0.024233702570199966,9500
9600,100000,69,169,0.055385075135401515,0.47386857867240906,-18.28034479695888,26.86240234412253,0.47386857867240906,0.1848115175962448,0,0,0.3323246720375929,0.023871397599577904,9600
9700,100000,70,29,0.12718645533521225,0.3694744408130646,2.6093964448972375,5.281103827059269,0.3694744408130646,0.24450449645519257,0,0,0.33275140760417804,0.02352653257548809,9700
9800,100000,70,129,0.05272198892943351,0.07218315452337265,-4.853562040344034,43.84793684631586,0.07218315452337265,0.3800678551197052,0,0,0.33275140760417804,0.023149240761995316,9800
9900,100000,71,25,-0.24962019401141589,0.26498329639434814,-3.801568675008348,7.911456435918808,0.26498329639434814,0.2031550258398056,0,0,0.33299923122995295,0.02280493825674057,9900
10000,100000,71,125,-0.25679376660096587,0.07645009458065033,-24.000258621118043,27.857232626527548,0.07645009458065033,0.720075786113739,0,0,0.33299923122995295,0.02248568646609783,10000
10100,100000,71,225,-0.27321218657712626,0.038408223539590836,-37.41574932314505,40.951378758996725,0.038408223539590836,0.4870554506778717,0,0,0.33299923122995295,0.022160306572914124,10100
10200,100000,73,35,0.2532260049816277,0.3096170723438263,-10.959246157555471,8.775963671505451,0.3096170723438263,0.1987476497888565,0,0,0.3331791990079582,0.021856127306818962,10200
10300,100000,74,10,-0.5057876848410663,0.22542917728424072,-5.3801829914383195,2.440745025873184,0.22542917728424072,0.38274696469306946,0,0,0.3331303460168788,0.021598273888230324,10300
10400,100000,74,110,-0.1557159354542921,0.09192457795143127,-14.78727935969865,15.862466955557466,0.09192457795143127,0.4114421606063843,0,0,0.3331303460168788,0.02131940983235836,10400
10500,100000,74,210,0.008669378058476625,0.16585583984851837,-17.92776598245353,37.34716753102839,0.16585583984851837,0.26374319195747375,0,0,0.3331303460168788,0.02109471708536148,10500
10600,100000,76,19,-0.14893811048991779,0.20738796889781952,-3.3633569229343228,2.7077628821134567,0.20738796889781952,0.2900890111923218,0,0,0.3331282705091456,0.020901277661323547,10600
10700,100000,76,119,-0.05922598230862322,0.319869726896286,-30.052566938119057,150.08122742176056,0.319869726896286,0.17934167385101318,0,0,0.3331282705091456,0.020686008036136627,10700
10800,100000,76,219,-0.3633234935511112,0.33606553077697754,-44.26578534127201,168.28866121172905,0.33606553077697754,0.20108617842197418,0,0,0.3331282705091456,0.020450597628951073,10800
10900,100000,77,79,0.0021345597454711608,0.28251081705093384,0.44336583558402,21.125220984220505,0.28251081705093384,0.19605974853038788,0,0,0.33344428001827503,0.02023819275200367,10900
11000,100000,78,96,-0.12976125074157785,0.11382638663053513,-17.59737812268034,18.6893601231277,0.11382638663053513,0.31447166204452515,0,0,0.3336040154488588,0.020031748339533806,11000
11100,100000,78,196,-0.13979306929308222,0.12151245772838593,-23.383278567154832,24.479216907173395,0.12151245772838593,0.4795624613761902,0,0,0.3336040154488588,0.019854867830872536,11100
11200,100000,79,56,-0.7186573372243632,3.8242611289024353,-31.145423239696626,39.43921555578709,0.8242611289024353,0.10163793712854385,0,0,0.3335549059486821,0.019696876406669617,11200
11300,100000,79,156,-0.06441599129385013,0.02612677961587906,-60.56397077483249,166.03677157312632,0.02612677961587906,0.5759434700012207,0,0,0.3335549059486821,0.019499769434332848,11300
11400,100000,80,20,-0.5182567351464697,0.2810748815536499,-8.600890742328048,4.982143729925156,0.2810748815536499,0.2673163414001465,0,0,0.33361445309085647,0.019297240301966667,11400
11500,100000,80,120,-0.09693735336712166,3.800000011920929,-16.330496159304058,96.68617810495198,0.800000011920929,0.11176381260156631,0,0,0.33361445309085647,0.01914956048130989,11500
11600,100000,80,220,-0.1416234850937554,0.01589691825211048,-26.853236016072586,111.22637628391385,0.01589691825211048,0.8705518841743469,0,0,0.33361445309085647,0.01900193654000759,11600
11700,100000,81,80,0.028865008770225627,0.422929584980011,-18.57034796345465,30.957748889923096,0.422929584980011,0.1706908792257309,0,0,0.3336316079463061,0.018869774416089058,11700
11800,100000,81,180,-0.06018031329162632,0.06774672120809555,-28.185815257267272,42.18619665503502,0.06774672120809555,0.43503686785697937,0,0,0.3336316079463061,0.018722206354141235,11800
11900,100000,82,42,-0.0012067923966084665,0.27630987763404846,-2.716185449510932,9.699183985590935,0.27630987763404846,0.19783879816532135,0,0,0.3334754772699929,0.01852693408727646,11900
12000,100000,82,142,0.009281494346713668,0.1852845847606659,-12.707542880924176,35.80805114284158,0.1852845847606659,0.3804383873939514,0,0,0.3334754772699929,0.018424853682518005,12000
12100,100000,83,77,-0.1640747504640377,0.08927759528160095,-11.781797183712877,31.247315503656864,0.08927759528160095,0.348712682723999,0,0,0.33316962127374133,0.01832452230155468,12100
12200,100000,83,177,-0.09578115685736777,0.1965741068124771,-26.819746946840166,42.070829797536135,0.1965741068124771,0.2723812460899353,0,0,0.33316962127374133,0.018225781619548798,12200
12300,100000,84,37,-0.06696307279869801,0.056302882730960846,-1.3167862922043039,1.8829815424978733,0.056302882730960846,0.4880638122558594,0,0,0.33282034905242386,0.018126042559742928,12300
12400,100000,84,137,-0.2607197335604431,0.18012455105781555,-10.879553768186584,24.773229278624058,0.18012455105781555,0.2529025375843048,0,0,0.33282034905242386,0.01807229407131672,12400
12500,100000,84,237,-0.039678967218205796,0.5328185558319092,-34.235016903140036,40.47783352434635,0.5328185558319092,0.18006156384944916,0,0,0.33282034905242386,0.017994720488786697,12500
12600,100000,85,97,0.06294623022891756,0.31603336334228516,-24.23829590748091,17.4560157507658,0.31603336334228516,0.1808609813451767,0,0,0.33230101495178027,0.017994394525885582,12600
12700,100000,85,197,0.09278504478263995,0.2508711814880371,-36.39054699210912,171.45180387794971,0.2508711814880371,0.21012617647647858,0,0,0.33230101495178027,0.017965486273169518,12700
12800,100000,86,57,-0.1941682446291828,0.3845555782318115,-0.8424922563804158,25.900097221136093,0.3845555782318115,0.15625609457492828,0,0,0.3318971510030111,0.018008429557085037,12800
12900,100000,86,157,-0.42848466211306296,0.041047319769859314,-19.63215820539079,46.27983807399869,0.041047319769859314,0.47426924109458923,0,0,0.3318971510030111,0.018023118376731873,12900
13000,100000,87,17,-0.4899772732201479,0.2313441038131714,-4.400494584263467,4.43010026216507,0.2313441038131714,0.2204931229352951,0,0,0.33135841687406853,0.018014268949627876,13000
13100,100000,87,117,-0.24534073612543586,0.07524637877941132,-27.696104280465256,28.26061492972076,0.07524637877941132,0.6199313402175903,0,0,0.33135841687406853,0.01800987310707569,13100
13200,100000,87,217,-0.8907750634977231,0.01821068488061428,-89.0517250460678,35.43104548193514,0.01821068488061428,0.7234108448028564,0,0,0.33135841687406853,0.018022097647190094,13200
13300,100000,88,77,0.00985740475757865,0.4377487897872925,-3.371487974609719,23.707209326326847,0.4377487897872925,0.1401214748620987,0,0,0.3306462311208164,0.01806025020778179,13300
13400,100000,89,84,-0.15746846997587938,0.38603606820106506,-12.508884360909047,20.872614055871964,0.38603606820106506,0.19847501814365387,0,0,0.32986988000639295,0.018042011186480522,13400
13500,100000,89,184,-0.17174479669527734,0.15516066551208496,-23.74530226815613,40.119762379676104,0.15516066551208496,0.372243732213974,0,0,0.32986988000639295,0.0180660467594862,13500
13600,100000,90,44,-0.13648703988144753,0.14677317440509796,-3.2824577145235563,6.657675698399544,0.14677317440509796,0.27996495366096497,0,0,0.32896428839898195,0.018146729096770287,13600
13700,100000,90,144,-0.09564802201465795,0.09771192073822021,-18.689368181658423,28.0080273617059,0.09771192073822021,0.39407533407211304,0,0,0.32896428839898195,0.01823059655725956,13700
13800,100000,91,4,-0.28264987930366375,0.23194774985313416,-1.8053765255931742,1.0481975376605988,0.23194774985313416,0.22015886008739471,0,0,0.3278984400806783,0.018200257793068886,13800
13900,100000,91,104,-0.23827664784022118,0.31316760182380676,-14.852115285527816,26.044880278408527,0.31316760182380676,0.18318577110767365,0,0,0.3278984400806783,0.018062463030219078,13900
14000,100000,91,204,-0.38898794824767263,0.35315796732902527,-32.185147854431555,58.86233031749725,0.35315796732902527,0.16690872609615326,0,0,0.3278984400806783,0.01822039484977722,14000
14100,100000,92,64,-0.028824356733061905,0.18284359574317932,-9.696039850703238,21.166928753256798,0.18284359574317932,0.2509433925151825,0,0,0.3268657988563022,0.018393248319625854,14100
14200,100000,92,164,0.12454050328746512,0.023600827902555466,-44.9882283130486,43.97561299242079,0.023600827902555466,0.6066420078277588,0,0,0.3268657988563022,0.01850263960659504,14200
14300,100000,93,24,-0.13346276107227525,0.2768387496471405,1.2727187176090538,3.3737951442599297,0.2768387496471405,0.31357789039611816,0,0,0.32571329956291284,0.018573492765426636,14300
14400,100000,93,124,-0.06518725888700154,0.17904654145240784,-8.456614312198726,20.535530172288418,0.17904654145240784,0.2536882162094116,0,0,0.32571329956291284,0.01859358698129654,14400
14500,100000,93,224,-0.7312561105829721,0.1248326376080513,-54.5956704570599,29.154829192906618,0.1248326376080513,0.3541725277900696,0,0,0.32571329956291284,0.018668463453650475,14500
14600,100000,94,84,0.07436530985199369,0.24875862896442413,-20.60464031066495,46.29126773774624,0.24875862896442413,0.21120549738407135,0,0,0.32441012078710985,0.018865851685404778,14600
14700,100000,94,184,-0.5772803734800266,0.04072696343064308,-41.81134839127121,52.94619781523943,0.04072696343064308,0.4757506251335144,0,0,0.32441012078710985,0.01906605437397957,14700
14800,100000,95,44,-0.31895047109062974,0.17409448325634003,-12.023770288782268,6.364730432629585,0.17409448325634003,0.25920921564102173,0,0,0.3230115127883255,0.019227202981710434,14800
14900,100000,95,144,-0.7253420014381493,0.04691317304968834,-58.24227475954579,14.573142537847161,0.04691317304968834,0.6997166872024536,0,0,0.3230115127883255,0.019367219880223274,14900
15000,100000,96,4,-0.20894345373718112,0.282624751329422,-0.6440786043346786,1.0992961525917053,0.282624751329422,0.25521010160446167,0,0,0.3216536729095099,0.01953987218439579,15000
15100,100000,96,104,0.06347890184819774,0.12824220955371857,-11.585303162361303,41.69778786599636,0.12824220955371857,0.29814180731773376,0,0,0.3216536729095099,0.019725101068615913,15100
15200,100000,96,204,-0.10535800091741528,0.06235247105360031,-18.376485390498303,45.74900078214705,0.06235247105360031,0.6473105549812317,0,0,0.3216536729095099,0.01987813040614128,15200
15300,100000,97,64,-0.0827343915728887,0.020190387964248657,2.4037747032854866,10.716608099639416,0.020190387964248657,0.6666681170463562,0,0,0.320191200638631,0.019807172939181328,15300
15400,100000,98,43,-0.725617873275761,0.1675233542919159,-19.419828740654246,13.02346359193325,0.1675233542919159,0.2624245882034302,0,0,0.31860170463980103,0.01995430886745453,15400
15500,100000,98,143,-0.025343797942342424,0.0992879644036293,-50.609347878496315,28.773830683901906,0.0992879644036293,0.6000158190727234,0,0,0.31860170463980103,0.01996205933392048,15500
15600,100000,99,3,-0.07897014424608478,0.25450727343559265,-0.584772727662531,0.6266465187072754,0.25450727343559265,0.3894869089126587,0,0,0.3169529277457516,0.020136086270213127,15600
15700,100000,99,103,-0.10729824312316119,0.15387846529483795,-4.05730983826682,33.79288113117218,0.15387846529483795,0.2736658751964569,0,0,0.3169529277457516,0.020125459879636765,15700
15800,100000,99,203,-0.12669359071180225,0.08970606327056885,-9.18632135680106,41.17156384885311,0.08970606327056885,0.45690757036209106,0,0,0.3169529277457516,0.020173829048871994,15800
15900,100000,100,63,-0.07891356283905297,0.058898959308862686,-8.092064454944254,23.373441215604544,0.058898959308862686,0.4117515981197357,0,0,0.3152038192065732,0.020056677982211113,15900
16000,100000,101,63,-0.01393598746494554,0.05693817511200905,-30.964768484595687,103.36517548188567,0.05693817511200905,0.41722673177719116,0,0,0.313429656109812,0.020090285688638687,16000
16100,100000,101,163,-0.21354107012274953,0.10265571624040604,-35.00081337104886,119.4883446674794,0.10265571624040604,0.49246805906295776,0,0,0.313429656109812,0.0199259202927351,16100
16200,100000,102,23,-0.2196635071504363,0.11823588609695435,-9.550684649261969,2.7002956308424473,0.11823588609695435,0.4836905598640442,0,0,0.3117256769979321,0.01975630223751068,16200
16300,100000,103,63,-0.1055430806861321,0.419251948595047,-5.745992485592102,9.407239228487015,0.419251948595047,0.2155456393957138,0,0,0.3099283927105637,0.019803356379270554,16300
16400,100000,103,163,-0.47351636514159623,0.14862804114818573,-42.04845181895178,42.67748463153839,0.14862804114818573,0.2782883942127228,0,0,0.3099283927105637,0.019881021231412888,16400
16500,100000,104,23,0.31638696078606865,0.3919452726840973,1.2273569059241884,5.8590919971466064,0.3919452726840973,0.2406577318906784,0,0,0.308113434068435,0.019719844684004784,16500
16600,100000,105,96,-0.01831326211568909,3.8340648412704468,-5.09093817028377,25.067365657538176,0.8340648412704468,0.11865894496440887,0,0,0.3062569814381137,0.019707676023244858,16600
16700,100000,106,51,-0.21345850238156466,0.048069871962070465,-2.6797730461253555,13.371426332741976,0.048069871962070465,0.4456866681575775,0,0,0.3044712369903783,0.01958390325307846,16700
16800,100000,106,151,0.05175172287897665,0.08680154383182526,-9.84318713250824,22.81823366880417,0.08680154383182526,0.35277754068374634,0,0,0.3044712369903783,0.01940395124256611,16800
16900,100000,107,11,-0.28279889933449975,0.4580996632575989,-2.477067241802488,7.04747086763382,0.4580996632575989,0.1344803124666214,0,0,0.3025805791323706,0.019284825772047043,16900
17000,100000,107,111,0.08299247827732513,0.07580918818712234,-15.556494065002564,22.04412567615509,0.07580918818712234,0.3726980686187744,0,0,0.3025805791323706,0.01926175318658352,17000
17100,100000,107,211,-0.07957218973333215,0.026905320584774017,-29.507673358399785,28.378500735387206,0.026905320584774017,0.5678725838661194,0,0,0.3025805791323706,0.01922064833343029,17100
17200,100000,108,71,-0.09235644816026978,0.09153536707162857,-2.946538360179689,49.531573697924614,0.09153536707162857,0.34512248635292053,0,0,0.3005722677573538,0.019163955003023148,17200
17300,100000,109,86,-0.1272752592881696,0.0684557557106018,-5.320375465013376,29.731674272567034,0.0684557557106018,0.4640277028083801,0,0,0.2986859365964081,0.019060533493757248,17300
17400,100000,109,186,-0.16905418732219352,0.09840232878923416,-15.469531886952275,37.76953863725066,0.09840232878923416,0.6107127070426941,0,0,0.2986859365964081,0.018939107656478882,17400
17500,100000,110,46,-0.0026757635394237594,0.3355138897895813,-3.011149453822735,23.01604464650154,0.3355138897895813,0.17333798110485077,0,0,0.29672768672845923,0.018908243626356125,17500
17600,100000,110,146,-0.12445448826748312,0.019512873142957687,-18.919597473895553,32.04071516543627,0.019512873142957687,0.6832342147827148,0,0,0.29672768672845923,0.019054416567087173,17600
17700,100000,111,6,0.10871566694219431,0.3645814061164856,0.5826683822350955,1.4406940788030624,0.3645814061164856,0.26284781098365784,0,0,0.2946721374148986,0.01894136518239975,17700
17800,100000,112,60,-0.16649547288300057,0.34156617522239685,-7.94755958445528,18.10602656006813,0.34156617522239685,0.229535773396492,0,0,0.2926364319290627,0.01894107647240162,17800
17900,100000,112,160,-0.0656222005016145,0.01935889944434166,-20.725329814830317,36.6276328638196,0.01935889944434166,0.6873407959938049,0,0,0.2926364319290627,0.019068686291575432,17900
18000,100000,113,20,0.344786027407426,0.344034880399704,-1.4635519419495766,9.138297259807587,0.344034880399704,0.1701900213956833,0,0,0.2905507793075364,0.018980570137500763,18000
18100,100000,114,72,-0.018852738928239906,0.11649416387081146,-6.984090945835592,19.813915783539414,0.11649416387081146,0.6321263909339905,0,0,0.28848008415798126,0.018984556198120117,18100
18200,100000,114,172,-0.31042989806038335,0.16867291927337646,-12.184292253491284,37.15379007719457,0.16867291927337646,0.39409592747688293,0,0,0.28848008415798126,0.0188059713691473,18200
18300,100000,115,32,-0.21927851313580762,0.1807485967874527,-0.028313659083553655,4.969169341027737,0.1807485967874527,0.27925288677215576,0,0,0.2863428690569355,0.018608296290040016,18300
18400,100000,115,132,0.14947439579334393,0.7358632683753967,-12.811697740532145,53.11338137090206,0.7358632683753967,0.13648277521133423,0,0,0.2863428690569355,0.018501274287700653,18400
18500,100000,117,12,-0.008254097142937837,0.05524872988462448,-0.5178849076878729,0.6538391038775444,0.05524872988462448,0.6128336191177368,0,0,0.2823255656219819,0.018246755003929138,18500
18600,100000,117,112,-0.17585587255424287,0.3376024663448334,-7.251736556501032,17.28233364224434,0.3376024663448334,0.20195914804935455,0,0,0.2823255656219819,0.018036892637610435,18600
18700,100000,117,212,-0.427234206273138,0.23175565898418427,-23.538176752471518,45.19585079699755,0.23175565898418427,0.24779286980628967,0,0,0.2823255656219819,0.01811998523771763,18700
18800,100000,118,72,-0.07255269442080807,0.05584701895713806,-0.5302054110679059,17.95479990169406,0.05584701895713806,0.4203853905200958,0,0,0.2803844950536914,0.01806977577507496,18800
18900,100000,118,172,-0.2872860674660936,0.13894397020339966,-9.071354948159117,28.43867308087647,0.13894397020339966,0.5910529494285583,0,0,0.2803844950536914,0.017896708101034164,18900
19000,100000,119,32,-0.3875288156635391,3.800000011920929,-1.3949469578193034,53.044686526060104,0.800000011920929,0.10919200628995895,0,0,0.2783373552115077,0.017910299822688103,19000
19100,100000,119,132,-0.2277082483088593,0.177047461271286,-16.919053699909835,160.37415866740048,0.177047461271286,0.5213589668273926,0,0,0.2783373552115077,0.01781834289431572,19100
19200,100000,119,232,-0.7795854084612802,0.24062103033065796,-72.01256851658133,189.85505335219204,0.24062103033065796,0.21545620262622833,0,0,0.2783373552115077,0.017806656658649445,19200
19300,100000,120,92,-0.5013330758909116,3.800000011920929,-15.976177179129627,58.109925255179405,0.800000011920929,0.11700957268476486,0,0,0.27651787440887476,0.017633499577641487,19300
19400,100000,120,192,0.03515799870690982,0.10940679907798767,-32.51173919994242,72.31049729511142,0.10940679907798767,0.5860282778739929,0,0,0.27651787440887476,0.017658749595284462,19400
19500,100000,121,52,-0.2698394451421521,0.33473581075668335,-12.37240174406134,23.85970728099346,0.33473581075668335,0.17362959682941437,0,0,0.27468689300347926,0.01766011491417885,19500
19600,100000,121,152,-0.14409661665799375,0.05853178724646568,-23.310118144255224,32.52126954868436,0.05853178724646568,0.59573894739151,0,0,0.27468689300347926,0.01751432940363884,19600
19700,100000,122,12,-0.023893159800246123,0.046736158430576324,-1.1097271618238214,0.9855177365243435,0.046736158430576324,0.6013374328613281,0,0,0.2727549150542103,0.017612962052226067,19700
19800,100000,122,112,-0.3343097906115918,0.1602892428636551,-8.50681648733775,17.017715379595757,0.1602892428636551,0.26825302839279175,0,0,0.2727549150542103,0.017826246097683907,19800
19900,100000,122,212,-0.03234257670159877,0.06401672959327698,-18.107543670726994,24.913640946149826,0.06401672959327698,0.5683761835098267,0,0,0.2727549150542103,0.017704321071505547,19900
20000,100000,123,72,0.08255332495054034,0.18823331594467163,-18.93285127021788,167.1253753453493,0.18823331594467163,0.24715201556682587,0,0,0.2707027861767037,0.01774934120476246,20000
20100,100000,123,172,-0.04250961537408843,0.08093775063753128,-20.441916988613634,173.88494382798672,0.08093775063753128,0.7400288581848145,0,0,0.2707027861767037,0.017801417037844658,20100
20200,100000,124,32,0.2198737224530407,0.26061132550239563,-4.044423076214953,15.913004904985428,0.26061132550239563,0.20527173578739166,0,0,0.2688476369468709,0.01785813271999359,20200
20300,100000,124,132,-0.13051644502173027,0.26014575362205505,-11.685568263107667,38.46834944188595,0.26014575362205505,0.22903718054294586,0,0,0.2688476369468709,0.018078336492180824,20300
20400,100000,124,232,-0.09385119108148075,0.18451136350631714,-18.837188510532066,58.88445010408759,0.18451136350631714,0.6141558885574341,0,0,0.2688476369468709,0.017993701621890068,20400
20500,100000,125,92,-0.07659684056791805,0.8214980363845825,-9.616218846015634,23.07288210839033,0.8214980363845825,0.12689922749996185,0,0,0.26693527515847865,0.01811862923204899,20500
20600,100000,125,192,-0.15128452015268096,0.21935702860355377,-31.385428324846874,94.21634542942047,0.21935702860355377,0.2520923316478729,0,0,0.26693527515847865,0.018045805394649506,20600
20700,100000,126,52,-0.20343827663634734,0.24780352413654327,-9.24038160927914,20.454730346798897,0.24780352413654327,0.21169666945934296,0,0,0.2650833652008617,0.01840340346097946,20700
20800,100000,126,152,-0.048448569184009964,0.3982006907463074,-29.029025346863833,37.317767072468996,0.3982006907463074,0.19041843712329865,0,0,0.2650833652008617,0.018223322927951813,20800
20900,100000,127,12,-0.04847921853147,0.1023271307349205,-0.9087241071214275,0.9903322085738182,0.1023271307349205,0.5514639616012573,0,0,0.26316584439673746,0.01809704303741455,20900
21000,100000,127,112,-0.5769229611929814,0.13089078664779663,-20.476844974643022,18.489620987325907,0.13089078664779663,0.4543176293373108,0,0,0.26316584439673746,0.01804829202592373,21000
21100,100000,128,60,0.08398356687942389,0.08279747515916824,-2.2184977524171914,32.678858891129494,0.08279747515916824,0.35965695977211,0,0,0.26121081633000975,0.018035154789686203,21100
21200,100000,128,160,-0.11770587798562936,0.029508106410503387,-12.507411566647118,174.85833191685379,0.029508106410503387,0.5442608594894409,0,0,0.26121081633000975,0.018068287521600723,21200
21300,100000,129,78,-0.25552834730527485,0.025289764627814293,-10.147171363362174,36.85964523628354,0.025289764627814293,0.5852723717689514,0,0,0.25957652473796244,0.017969872802495956,21300
21400,100000,129,178,-0.10978309812898916,0.049518879503011703,-21.222201551809402,74.5337862111628,0.049518879503011703,0.4405503273010254,0,0,0.25957652473796244,0.017961254343390465,21400
21500,100000,130,38,-0.17834825240814553,0.18661917746067047,-2.755362379802518,3.172515533864498,0.18661917746067047,0.3924715220928192,0,0,0.2579212475040682,0.017878973856568336,21500
21600,100000,130,138,-0.15328959849737672,0.16130107641220093,-17.020938581116003,59.24579995498061,0.16130107641220093,0.42666640877723694,0,0,0.2579212475040682,0.017853884026408195,21600
21700,100000,130,238,-0.1633235980903141,0.025091147050261497,-34.17612565930289,78.19439423084259,0.025091147050261497,0.5875967144966125,0,0,0.2579212475040682,0.017823271453380585,21700
21800,100000,132,47,-0.7346809267054243,0.329122930765152,-12.242765492558611,16.755580201745033,0.329122930765152,0.17575444281101227,0,0,0.25532095400796573,0.017766591161489487,21800
21900,100000,132,147,-0.32397049900988806,0.026206124573946,-34.834170682816165,116.37487903423607,0.026206124573946,0.5750955939292908,0,0,0.25532095400796573,0.017888816073536873,21900
22000,100000,133,7,0.11023319143234074,0.07432644069194794,0.4204273807624545,0.576069287955761,0.07432644069194794,0.381794810295105,0,0,0.25442785655187966,0.01775454729795456,22000
22100,100000,134,62,-0.5223448817280143,0.6020703911781311,-7.879986853027321,14.154215067625046,0.6020703911781311,0.16540507972240448,0,0,0.2534027216862722,0.01765991374850273,22100
22200,100000,135,96,-0.14241523845900247,0.5828478336334229,-12.289762591277844,22.696195676922798,0.5828478336334229,0.1591063290834427,0,0,0.25234100214944294,0.01763373427093029,22200
22300,100000,135,196,-0.24817440934013868,0.04702412709593773,-25.4437032043641,46.7735949754715,0.04702412709593773,0.449535071849823,0,0,0.25234100214944294,0.017537763342261314,22300
22400,100000,136,56,-0.2912698097126888,0.27852949500083923,-1.8969556045158735,13.320347346365452,0.27852949500083923,0.1968240588903427,0,0,0.2511686643979498,0.017539385706186295,22400
22500,100000,136,156,-0.1517620127589374,0.02868824638426304,-13.90231865010404,23.577313512563705,0.02868824638426304,0.5512097477912903,0,0,0.2511686643979498,0.01759086176753044,22500
22600,100000,137,79,0.16737817750254763,0.11493682861328125,-4.857603489178178,26.838367454707623,0.11493682861328125,0.3131316900253296,0,0,0.24984793863267712,0.017682097852230072,22600
22700,100000,137,179,-0.22508618587644377,0.23697826266288757,-12.702411378076647,49.85881174914539,0.23697826266288757,0.2174089103937149,0,0,0.24984793863267712,0.017728254199028015,22700
22800,100000,139,1,-0.3799517325716824,0.1818183958530426,-0.3799517325716824,0.1818183958530426,0.1818183958530426,0.5187503099441528,0,0,0.24694819729502812,0.01775776408612728,22800
22900,100000,139,101,-0.32131253789124126,0.20936894416809082,-9.942589904533236,25.33260541036725,0.20936894416809082,0.428902804851532,0,0,0.24694819729502812,0.017862452194094658,22900
23000,100000,139,201,-0.18416706854025608,0.07270237803459167,-14.247953877966756,45.17015813663602,0.07270237803459167,0.4394521415233612,0,0,0.24694819729502812,0.01778739131987095,23000
23100,100000,141,26,0.07952682871435568,0.37946557998657227,0.0013761318226596514,5.246006794273853,0.37946557998657227,0.2559357285499573,0,0,0.24371506399545592,0.017757494002580643,23100
23200,100000,141,126,0.011394120096916462,0.14469429850578308,-5.0031932173426865,18.400404524058104,0.14469429850578308,0.651414155960083,0,0,0.24371506399545592,0.017680421471595764,23200
23300,100000,141,226,-0.38113597249379183,0.03659791499376297,-15.765084874989256,29.272843938320875,0.03659791499376297,0.4966869652271271,0,0,0.24371506399545592,0.01783064939081669,23300
23400,100000,142,86,-0.018083820032543815,0.16110244393348694,-13.65135337227762,22.093320665881038,0.16110244393348694,0.6732092499732971,0,0,0.24193840094858984,0.017719676718115807,23400
23500,100000,143,11,-0.21757058935720608,0.32811999320983887,-2.5916945616185103,25.46118238568306,0.32811999320983887,0.17613811790943146,0,0,0.24017220250599208,0.017750103026628494,23500
23600,100000,143,111,-0.48847019502676203,0.27978283166885376,-40.2571243325165,51.09382742643356,0.27978283166885376,0.19625483453273773,0,0,0.24017220250599208,0.01765388436615467,23600
23700,100000,143,211,-0.07990772140239592,0.024895409122109413,-60.313641776542575,62.656501019373536,0.024895409122109413,0.5899323225021362,0,0,0.24017220250599208,0.01743241772055626,23700
23800,100000,144,71,-0.2921411661137165,0.19140782952308655,-14.145981758831669,26.097775511443615,0.19140782952308655,0.24497370421886444,0,0,0.2383541924198116,0.01725289411842823,23800
23900,100000,144,171,-0.1619564438402543,0.039198946207761765,-30.100451083839303,118.88087185844779,0.039198946207761765,0.4830795228481293,0,0,0.2383541924198116,0.017153300344944,23900
24000,100000,145,31,-0.19187922104420133,0.09047824144363403,-6.045956861898934,1.8190729767084122,0.09047824144363403,0.5150650143623352,0,0,0.23663106705428077,0.017024723812937737,24000
24100,100000,145,131,-0.3880757419400647,0.5689337253570557,-32.39163383509808,59.9181297570467,0.5689337253570557,0.142979696393013,0,0,0.23663106705428077,0.017078321427106857,24100
24200,100000,145,231,-0.14540210093708716,0.2147960215806961,-67.2753042311253,161.41682001948357,0.2147960215806961,0.23003898561000824,0,0,0.23663106705428077,0.017234213650226593,24200
24300,100000,146,91,-0.1694853215885455,0.09838806092739105,-0.8307668255180958,23.4649620950222,0.09838806092739105,0.33484044671058655,0,0,0.2350583252824647,0.0170395877212286,24300
24400,100000,146,191,-0.03321049008807933,3.801609694957733,-16.285102651698203,57.939119797199965,0.8016096949577332,0.106208436191082,0,0,0.2350583252824647,0.01709888130426407,24400
24500,100000,147,83,-0.2733859003943323,0.34087416529655457,-2.648150920997864,15.295166047289968,0.34087416529655457,0.5395200848579407,0,0,0.2334628645267144,0.016945045441389084,24500
24600,100000,147,183,-0.5551999790468342,3.800000011920929,-15.144736399090222,79.46809719316661,0.800000011920929,0.08683266490697861,0,0,0.2334628645267144,0.016995184123516083,24600
24700,100000,148,43,-0.2577682641425284,0.4208839535713196,-12.187177479129057,92.59609842300415,0.4208839535713196,0.14500601589679718,0,0,0.23189336353806259,0.016962476074695587,24700
24800,100000,148,143,-0.22084614233251793,0.02225220948457718,-25.18230158923773,127.20229601860046,0.02225220948457718,0.6269438862800598,0,0,0.23189336353806259,0.016959240660071373,24800
24900,100000,149,3,-0.2606770061557518,0.2637791931629181,-1.2221349236139583,0.7796290516853333,0.2637791931629181,0.43216827511787415,0,0,0.23042542343324754,0.01676664687693119,24900
25000,100000,149,103,-0.27591415803726815,0.5864560604095459,-7.284623490602143,31.07103357464075,0.5864560604095459,0.1488383561372757,0,0,0.23042542343324754,0.016699926927685738,25000
25100,100000,149,203,-0.12095949060915843,0.4602583050727844,-18.949401836414808,55.92641287855804,0.4602583050727844,0.19644753634929657,0,0,0.23042542343324754,0.0166501272469759,25100
25200,100000,150,63,-0.418726118091993,3.8554645776748657,-9.343211243342973,64.61015100777149,0.8554645776748657,0.05483756586909294,0,0,0.22889315103592028,0.016482675448060036,25200
25300,100000,150,163,-0.33569171272563947,0.3663848638534546,-31.411050235016166,192.3432451337576,0.3663848638534546,0.1623053103685379,0,0,0.22889315103592028,0.016249582171440125,25300
25400,100000,151,23,-0.1676144335664529,3.8618348240852356,-6.91509173679842,15.713791131973267,0.8618348240852356,0.11979538947343826,0,0,0.2275770523323102,0.01621520146727562,25400
25500,100000,151,123,0.04805456831365461,0.28983554244041443,-24.367063074601553,125.59704608283937,0.28983554244041443,0.3052062690258026,0,0,0.2275770523323102,0.016309425234794617,25500
25600,100000,151,223,-0.2706625724443564,0.06841494143009186,-31.052443853192347,155.2134030368179,0.06841494143009186,0.38823866844177246,0,0,0.2275770523323102,0.016303734853863716,25600
25700,100000,152,83,0.0032017901618460877,0.0644763857126236,-6.742942336583251,21.210319228470325,0.0644763857126236,0.39741867780685425,0,0,0.22637872729993858,0.016345316544175148,25700
25800,100000,152,183,-0.2575382471167248,0.3300122320652008,-17.995415979233492,30.553541319444776,0.3300122320652008,0.25618845224380493,0,0,0.22637872729993858,0.016454335302114487,25800
25900,100000,153,83,-0.20951174897448205,0.02739758975803852,-15.182932165856236,35.34066890180111,0.02739758975803852,0.5630360245704651,0,0,0.22508159748484963,0.016379810869693756,25900
26000,100000,154,56,0.07141065521536032,0.31347212195396423,1.466065118310589,11.324832290410995,0.31347212195396423,0.1827399879693985,0,0,0.2237468081193104,0.016193294897675514,26000
26100,100000,155,97,-0.040687417136234263,0.017558559775352478,-17.969607068242553,22.409497981891036,0.017558559775352478,0.7500604391098022,0,0,0.2223114110996476,0.016118362545967102,26100
26200,100000,155,197,-0.16781833550006922,0.3496014177799225,-27.10866295011432,32.72736482974142,0.3496014177799225,0.30236169695854187,0,0,0.2223114110996476,0.016084464266896248,26200
26300,100000,156,57,0.20742920961555447,0.1333537995815277,-13.152581306052179,45.83116318285465,0.1333537995815277,0.29284679889678955,0,0,0.22077452656733185,0.015960481017827988,26300
26400,100000,156,157,-0.20554702230114458,0.07214658707380295,-27.553709242803134,53.06541284546256,0.07214658707380295,0.38041913509368896,0,0,0.22077452656733185,0.015848929062485695,26400
26500,100000,157,17,0.15119996183094073,0.06338941305875778,1.82471472108115,0.9093608781695366,0.06338941305875778,0.48733755946159363,0,0,0.2191983422302525,0.015788299962878227,26500
26600,100000,158,23,-0.25863875206439113,0.05513167753815651,1.6291215936609698,1.2970274090766907,0.05513167753815651,0.5292298197746277,0,0,0.21747075481132572,0.01590775139629841,26600
26700,100000,158,123,-0.06659133365096097,0.04760339483618736,-9.6388668296638,11.775399124249816,0.04760339483618736,0.6255923509597778,0,0,0.21747075481132572,0.01595396175980568,26700
26800,100000,158,223,-0.3040309104498276,0.018746137619018555,-16.501974238463347,17.310023764148355,0.018746137619018555,0.7052369713783264,0,0,0.21747075481132572,0.01600079983472824,26800
26900,100000,159,83,-0.1552159972120116,0.14162985980510712,-13.764990987527879,42.30927100777626,0.14162985980510712,0.28474023938179016,0,0,0.21559188581475458,0.015884481370449066,26900
27000,100000,159,183,-0.193599312173632,0.07089436054229736,-19.36001585505813,52.41085566394031,0.07089436054229736,0.38280028104782104,0,0,0.21559188581475458,0.015791386365890503,27000
27100,100000,160,43,0.07000555535028269,0.32256951928138733,-6.396446526427181,10.150914266705513,0.32256951928138733,0.22921501100063324,0,0,0.21364578522950167,0.015819363296031952,27100
27200,100000,160,143,-0.048160102673675806,0.19208939373493195,-11.236316283645388,24.31990298256278,0.19208939373493195,0.28771594166755676,0,0,0.21364578522950167,0.015769055113196373,27200
27300,100000,161,3,-0.03431378868404891,0.10310666263103485,-0.46880611631988056,0.4128175675868988,0.10310666263103485,0.33446356654167175,0,0,0.21159622081424218,0.015835529193282127,27300
27400,100000,161,103,0.030618803252100903,3.8121448159217834,-5.343414061583428,160.92679249495268,0.8121448159217834,0.06907528638839722,0,0,0.21159622081424218,0.015731817111372948,27400
27500,100000,161,203,-0.1326664556931685,0.3215712010860443,-18.75063645705727,221.04108553379774,0.3215712010860443,0.17867396771907806,0,0,0.21159622081424218,0.015695851296186447,27500
27600,100000,162,63,-0.31655513889657216,0.24381497502326965,-12.8808362909572,25.463346898555756,0.24381497502326965,0.2137698382139206,0,0,0.20984477482071198,0.015597599558532238,27600
27700,100000,162,163,-0.0808140248872566,0.23391525447368622,-12.89006167338907,46.51618603989482,0.23391525447368622,0.22004638612270355,0,0,0.20984477482071198,0.015555832535028458,27700
27800,100000,163,23,-0.193440718802168,0.2587638199329376,1.58646103754965,9.947146505117416,0.2587638199329376,0.20617754757404327,0,0,0.20804286748726525,0.01556586567312479,27800
27900,100000,163,123,0.15519709723030467,0.03467376530170441,-4.144897573859966,23.95633354783058,0.03467376530170441,0.5078496336936951,0,0,0.20804286748726525,0.015507715754210949,27900
28000,100000,164,87,-0.06202033788377593,0.3478112816810608,-7.166088654623873,24.659642577171326,0.3478112816810608,0.16882085800170898,0,0,0.20614526466780211,0.01569722220301628,28000
28100,100000,165,21,0.10616769593571944,0.19480745494365692,0.729744352419284,3.538037158548832,0.19480745494365692,0.43578290939331055,0,0,0.2041666900905023,0.01570158638060093,28100
28200,100000,165,121,-0.1372208582108901,0.40526315569877625,-12.73735177099527,44.17434050887823,0.40526315569877625,0.14971478283405304,0,0,0.2041666900905023,0.015623764134943485,28200
28300,100000,165,221,-0.2839601596445198,0.12572506070137024,-23.73868973928282,60.502884367480874,0.12572506070137024,0.3008377254009247,0,0,0.2041666900905023,0.015533425845205784,28300
28400,100000,167,66,-0.06565869525116064,0.05949147790670395,-0.17991773782866965,19.827144145965576,0.05949147790670395,0.4101450741291046,0,0,0.20004479168122843,0.015457875095307827,28400
28500,100000,168,13,-0.38612315476204695,0.2317066639661789,-3.8241042054221976,2.4600210785865784,0.2317066639661789,0.28353601694107056,0,0,0.19788948426526906,0.01541605032980442,28500
28600,100000,169,19,-0.33672372804522893,0.4387465715408325,-4.603306189767643,6.288852825760841,0.4387465715408325,0.19764818251132965,0,0,0.1956374984868958,0.015354601666331291,28600
28700,100000,169,119,-0.020396035985161518,0.2085254043340683,-28.56584034194808,178.56998361833394,0.2085254043340683,0.4502744674682617,0,0,0.1956374984868958,0.01545026246458292,28700
28800,100000,170,40,-0.012925597068534973,0.29806196689605713,2.435015197459012,5.380606420338154,0.29806196689605713,0.2723188102245331,0,0,0.19395401143783117,0.01558978296816349,28800
28900,100000,172,71,-0.47115462823796206,3.807855486869812,-30.20380067338562,100.45318640768528,0.807855486869812,0.09966974705457687,0,0,0.1907656187242394,0.015710677951574326,28900
29000,100000,174,26,-0.1766686705662159,0.3583543300628662,-5.222297762954039,8.344935044646263,0.3583543300628662,0.19418512284755707,0,0,0.18944379680181825,0.015597620978951454,29000
29100,100000,174,126,0.0020534875459225074,0.24102789163589478,-19.597380620594752,54.52392676472664,0.24102789163589478,0.21624036133289337,0,0,0.18944379680181825,0.015447882935404778,29100
29200,100000,174,226,-0.2659276465928094,0.5276229381561279,-22.622013197894514,72.89930013939738,0.5276229381561279,0.17752961814403534,0,0,0.18944379680181825,0.015405725687742233,29200
29300,100000,176,22,-0.20062208613407181,0.6832197904586792,0.441642074718511,9.177242293953896,0.6832197904586792,0.1522822231054306,0,0,0.187840768313757,0.015421719290316105,29300
29400,100000,176,122,0.1305341553673304,0.42601364850997925,-14.602055641388302,160.84618140757084,0.42601364850997925,0.14349915087223053,0,0,0.187840768313757,0.015488057397305965,29400
29500,100000,177,32,0.09122659873161744,0.13895459473133087,-2.4806426620856272,8.012338310480118,0.13895459473133087,0.28730130195617676,0,0,0.18734460695515995,0.01541051547974348,29500
29600,100000,177,132,0.2432261264405099,0.33309200406074524,-12.695844485418178,74.6712327003479,0.33309200406074524,0.18709464371204376,0,0,0.18734460695515995,0.015349170193076134,29600
29700,100000,177,232,-0.10641302176304436,0.19593821465969086,-41.45856748526857,133.12562518566847,0.19593821465969086,0.4097103476524353,0,0,0.18734460695515995,0.015281770378351212,29700
29800,100000,178,92,-0.004521003538980009,0.04227617383003235,-5.6915996899793315,73.65833799168468,0.04227617383003235,0.46875062584877014,0,0,0.18688032888733824,0.015355106443166733,29800
29900,100000,178,192,-0.2597083796177927,0.32013779878616333,-14.80146165058747,82.39947180449963,0.32013779878616333,0.3032799959182739,0,0,0.18688032888733824,0.015326709486544132,29900
30000,100000,179,52,-0.7911201560407062,3.800000011920929,-21.264189154405933,79.60309073328972,0.800000011920929,0.10142777860164642,0,0,0.18639442652103214,0.01518899854272604,30000
30100,100000,180,29,-0.370034080195038,3.8369688391685486,-2.651348221076406,34.94737461209297,0.8369688391685486,0.05093744024634361,0,0,0.18628028680206998,0.015262756496667862,30100
30200,100000,182,25,-0.03855440406157761,0.06781129539012909,2.2574254070795643,2.0551458187401295,0.06781129539012909,0.4588232934474945,0,0,0.18769011077032224,0.015239419415593147,30200
30300,100000,182,125,0.09252801157418097,0.058717142790555954,-8.675196294263642,21.95555667579174,0.058717142790555954,0.4122489094734192,0,0,0.18769011077032224,0.01519682351499796,30300
30400,100000,183,63,-0.3324698342460309,3.800000011920929,-6.870239996950631,43.57953351736069,0.800000011920929,0.10497988760471344,0,0,0.1883566594691276,0.015112405642867088,30400
30500,100000,183,163,-0.02309851917580211,0.3293071389198303,-28.261985281479586,65.92296441458166,0.3293071389198303,0.1756841093301773,0,0,0.1883566594691276,0.015127431601285934,30500
30600,100000,184,23,0.06703635726279528,0.1900518834590912,3.0841886392589872,3.1104206144809723,0.1900518834590912,0.35670801997184753,0,0,0.1888676759682427,0.01507409755140543,30600
30700,100000,186,97,-0.13494675997815675,0.16685040295124054,-14.846056007928519,27.285718709230423,0.16685040295124054,0.5542606711387634,0,0,0.18934069917561605,0.014981657266616821,30700
30800,100000,186,197,0.3502777870584105,0.2690095603466034,-22.291751354472957,50.581595830619335,0.2690095603466034,0.20123817026615143,0,0,0.18934069917561605,0.014884396456182003,30800
30900,100000,187,70,-0.11993826823895411,0.21311604976654053,-5.633986418642335,28.50852145254612,0.21311604976654053,0.23105193674564362,0,0,0.18936701007735335,0.014813097193837166,30900
31000,100000,187,170,-0.484117619987365,0.45693352818489075,-18.512581526939233,46.0085256639868,0.45693352818489075,0.13479648530483246,0,0,0.18936701007735335,0.014663862064480782,31000
31100,100000,188,30,0.2481401879216102,0.34238356351852417,-1.6269916438271572,30.039411425590515,0.34238356351852417,0.17079366743564606,0,0,0.18925371813854835,0.014667246490716934,31100
31200,100000,188,130,-0.19301287488048907,0.29709699749946594,-21.364028151279268,48.46200577914715,0.29709699749946594,0.18865568935871124,0,0,0.18925371813854835,0.014512427151203156,31200
31300,100000,189,21,0.31856994929406296,0.5516182780265808,1.946688040893425,7.590790778398514,0.5516182780265808,0.18188892304897308,0,0,0.18903159417944698,0.014380078762769699,31300
31400,100000,190,95,-0.024894252874385944,0.016687562689185143,-4.768368216850461,15.290420830249786,0.016687562689185143,0.7985002398490906,0,0,0.18875692286290288,0.014354011975228786,31400
31500,100000,190,195,-0.34820111694743017,0.09774816781282425,-29.785398052934752,25.311559153720737,0.09774816781282425,0.3357641398906708,0,0,0.18875692286290288,0.014221617951989174,31500
31600,100000,191,55,-0.26092727636925594,0.36865484714508057,-9.1990544091181,15.490798719227314,0.36865484714508057,0.17547257244586945,0,0,0.18827885197143576,0.014250868000090122,31600
31700,100000,191,155,-0.002187298860252743,0.24509763717651367,-15.22537932038921,35.67976504936814,0.24509763717651367,0.21309921145439148,0,0,0.18827885197143576,0.014100148342549801,31700
31800,100000,192,15,-0.031161393828347244,0.29989370703697205,-1.8872755833264838,3.6057474613189697,0.29989370703697205,0.29853546619415283,0,0,0.18765390279616817,0.014146056957542896,31800
31900,100000,192,115,0.017611220610119743,0.42978739738464355,-12.762593047604703,109.01534350588918,0.42978739738464355,0.23764269053936005,0,0,0.18765390279616817,0.014286336489021778,31900
32000,100000,192,215,-0.11801014540984597,0.11578996479511261,-21.140171964856524,121.94296024553478,0.11578996479511261,0.5443913340568542,0,0,0.18765390279616817,0.014187067747116089,32000
32100,100000,193,75,0.026288364278485098,0.7332546710968018,-4.642058523792698,28.571309089660645,0.7332546710968018,0.12910626828670502,0,0,0.18704681601008802,0.014172827824950218,32100
32200,100000,193,175,-0.11773441834928194,0.024506187066435814,-11.97711342324106,63.1936818100512,0.024506187066435814,0.5947161316871643,0,0,0.18704681601008802,0.014079268090426922,32200
32300,100000,194,35,0.023383254050797275,0.5675046443939209,-4.271105988450258,17.76137274503708,0.5675046443939209,0.160901740193367,0,0,0.1863433677425868,0.014052210375666618,32300
32400,100000,194,135,-0.0775458076156253,0.48085373640060425,-12.127468295221783,34.65661254711449,0.48085373640060425,0.19469207525253296,0,0,0.1863433677425868,0.014136063866317272,32400
32500,100000,194,235,-0.11927501953208479,0.1006651446223259,-26.708031617281026,77.91505952365696,0.1006651446223259,0.3316099941730499,0,0,0.1863433677425868,0.014245657250285149,32500
32600,100000,196,73,-0.2973810276166307,0.42225536704063416,-0.6714897486707984,17.571102127432823,0.42225536704063416,0.15429295599460602,0,0,0.18461070395610232,0.014353197999298573,32600
32700,100000,196,173,-0.04630900792855657,0.174146831035614,-3.381900803814728,56.91609641909599,0.174146831035614,0.25732553005218506,0,0,0.18461070395610232,0.014202073216438293,32700
32800,100000,197,78,-0.21834065935779848,0.18262068927288055,-22.280903352636425,60.95679039508104,0.18262068927288055,0.2511028051376343,0,0,0.18358446310572962,0.014232566580176353,32800
32900,100000,197,178,-0.14313648841560098,0.3041861057281494,-29.134860755091513,71.76816800050437,0.3041861057281494,0.2704055607318878,0,0,0.18358446310572962,0.014123747125267982,32900
33000,100000,198,83,-0.41612398661260563,0.20703156292438507,-13.696457992020484,101.05759761482477,0.20703156292438507,0.2922012209892273,0,0,0.18255956254642236,0.014025508426129818,33000
33100,100000,198,183,-0.3380290550855454,0.14334101974964142,-34.47150485576617,119.69316555932164,0.14334101974964142,0.48615792393684387,0,0,0.18255956254642236,0.013894453644752502,33100
33200,100000,199,43,-0.3419559889462467,3.8241878151893616,-3.3043494266373954,47.9999368339777,0.8241878151893616,0.07651398330926895,0,0,0.18161784283719823,0.013871436007320881,33200
33300,100000,199,143,0.0786009950757922,0.20367130637168884,-20.843939326996374,190.74975052289665,0.20367130637168884,0.4565751552581787,0,0,0.18161784283719823,0.014007068239152431,33300
33400,100000,200,3,0.18533580037129802,0.07191905379295349,0.3181083486549044,0.24107178300619125,0.07191905379295349,0.3806227445602417,0,0,0.18088951688239438,0.014010160230100155,33400
33500,100000,201,26,0.26875559735844007,0.11262436956167221,-3.946128675138804,4.313766039907932,0.11262436956167221,0.319600373506546,0,0,0.18005148881284458,0.013940409757196903,33500
33600,100000,201,126,0.012183662598534966,0.1998184472322464,-10.820763703500779,36.057074807584286,0.1998184472322464,0.2393866330385208,0,0,0.18005148881284458,0.01403062418103218,33600
33700,100000,201,226,-0.30619242402627406,0.11230818927288055,-40.698871207905555,141.61793562024832,0.11230818927288055,0.316328227519989,0,0,0.18005148881284458,0.013991054147481918,33700
33800,100000,202,86,0.1888251605925596,0.22416700422763824,-9.33590285336107,37.510191939771175,0.22416700422763824,0.2245403677225113,0,0,0.17927729374738174,0.013839418068528175,33800
33900,100000,202,186,0.16051582878951082,3.849554479122162,-25.64191317991602,85.29828060045838,0.8495544791221619,0.06486976891756058,0,0,0.17927729374738174,0.01390084158629179,33900
34000,100000,203,46,0.006870226933978927,0.2846534848213196,-2.5617979835658597,6.916684076189995,0.2846534848213196,0.32101690769195557,0,0,0.17850441078849763,0.01388216856867075,34000
34100,100000,203,146,-0.21846571844358864,0.16548876464366913,-11.33944327887129,26.09100029990077,0.16548876464366913,0.26642897725105286,0,0,0.17850441078849763,0.013965912163257599,34100
34200,100000,204,55,-0.13661731497261756,0.19848176836967468,-0.29833439369981685,11.769362211227417,0.19848176836967468,0.2402573674917221,0,0,0.17757186102921696,0.013954736292362213,34200
34300,100000,205,93,-0.015920304508076768,0.13339363038539886,-2.856572368326399,58.71617652103305,0.13339363038539886,0.4371424913406372,0,0,0.17651631326839043,0.01391612272709608,34300
34400,100000,205,193,0.19264848363866774,0.252759724855423,-7.819010015940354,71.62772942520678,0.252759724855423,0.266568124294281,0,0,0.17651631326839043,0.013913527131080627,34400
34500,100000,207,22,-0.1266246261028045,0.35924696922302246,-1.4697204427209032,6.688470840454102,0.35924696922302246,0.2290963977575302,0,0,0.17438278196034257,0.013882823288440704,34500
34600,100000,208,8,-0.16354853751146975,0.2822122275829315,-1.4513167211883902,2.9307748079299927,0.2822122275829315,0.22030848264694214,0,0,0.17322227593127154,0.013774220831692219,34600
34700,100000,208,108,0.16531069191298695,0.055980075150728226,-3.198532331643395,29.344903107732534,0.055980075150728226,0.5499836206436157,0,0,0.17322227593127154,0.01384024415165186,34700
34800,100000,209,3,0.030894644442437807,0.07242735475301743,-0.08997894458188527,0.2828686162829399,0.07242735475301743,0.47242242097854614,0,0,0.17194448206548277,0.013824624940752983,34800
34900,100000,209,103,0.08479630316662444,0.1239134892821312,0.11160846028981694,22.229437552392483,0.1239134892821312,0.4216494560241699,0,0,0.17194448206548277,0.01385132223367691,34900
35000,100000,210,98,-0.2810716996729745,0.20292624831199646,-12.385590397233415,38.703835248947144,0.20292624831199646,0.23738624155521393,0,0,0.17056268700314722,0.013913314789533615,35000
35100,100000,210,198,0.12402001846508368,0.019855275750160217,-19.60644378725026,45.91335796751082,0.019855275750160217,0.6745765805244446,0,0,0.17056268700314722,0.013855939731001854,35100
35200,100000,212,13,-0.27914910985301167,0.26953551173210144,0.8151656889229679,4.36500708758831,0.26953551173210144,0.23563440144062042,0,0,0.16761043342964355,0.013936621136963367,35200
35300,100000,212,113,-0.10087046954778503,0.12636643648147583,-5.436778905438765,23.05644832737744,0.12636643648147583,0.45664626359939575,0,0,0.16761043342964355,0.01384063996374607,35300
35400,100000,212,213,-0.5670997185734632,0.44919875264167786,-28.511101600163833,97.90972780622542,0.44919875264167786,0.2011476308107376,0,0,0.16761043342964355,0.013934276066720486,35400
35500,100000,213,84,0.04392166590796478,0.2573409378528595,-6.801592262962851,16.52214563265443,0.2573409378528595,0.20962010324001312,0,0,0.1662523927762465,0.013992495834827423,35500
35600,100000,213,184,-0.4515730314934808,0.7075265645980835,-35.12728564539817,37.29988681897521,0.7075265645980835,0.14589212834835052,0,0,0.1662523927762465,0.014117923565208912,35600
35700,100000,214,44,-0.07076869035461669,3.8891457319259644,-1.1637161331722647,27.91051083803177,0.8891457319259644,0.10377208143472672,0,0,0.1648551505256046,0.014109235256910324,35700
35800,100000,216,19,-0.23356970409776076,0.3065165877342224,-1.3208344324990917,7.309931367635727,0.3065165877342224,0.19205717742443085,0,0,0.16246275831423557,0.014192886650562286,35800
35900,100000,217,80,-0.10845427920291235,0.2535253167152405,-6.781591181288456,19.77913163602352,0.2535253167152405,0.20878379046916962,0,0,0.16184097412986437,0.014191614463925362,35900
36000,100000,217,180,-0.26427692601327185,0.0814780592918396,-11.761267391807923,39.723744332790375,0.0814780592918396,0.3620130717754364,0,0,0.16184097412986437,0.014082147739827633,36000
36100,100000,218,79,-0.11797289196536895,0.032347869127988815,-8.410602489776712,74.76938647776842,0.032347869127988815,0.5228955745697021,0,0,0.1610772247520751,0.01396486721932888,36100
36200,100000,219,51,0.21569268380590087,0.33124488592147827,-0.8016245851308975,7.935886889696121,0.33124488592147827,0.2550544738769531,0,0,0.16040507528461745,0.013788526877760887,36200
36300,100000,219,151,0.09794917011660545,0.3737638592720032,-5.918248981233614,19.745529597625136,0.3737638592720032,0.2738669514656067,0,0,0.16040507528461745,0.013738328590989113,36300
36400,100000,220,11,-0.10758945115275881,0.11736767739057541,-0.04696819952612528,1.0007706731557846,0.11736767739057541,0.3888339102268219,0,0,0.1595800415729405,0.01373352762311697,36400
36500,100000,220,111,-0.16854721101521883,0.04738647863268852,-13.533888749352313,33.59830489754677,0.04738647863268852,0.44818758964538574,0,0,0.1595800415729405,0.0138118676841259,36500
36600,100000,221,30,0.020998386636673826,0.43683338165283203,-0.7380304543579168,5.750819109380245,0.43683338165283203,0.23342369496822357,0,0,0.1589511537981744,0.013852187432348728,36600
36700,100000,221,130,0.0725110516339393,0.12469304352998734,-8.87106865871552,21.54201957769692,0.12469304352998734,0.4675368070602417,0,0,0.1589511537981744,0.013914276845753193,36700
36800,100000,221,230,0.0830921091415891,0.0633375346660614,-24.877841875417722,36.05086852423847,0.0633375346660614,0.4002094864845276,0,0,0.1589511537981744,0.013912864029407501,36800
36900,100000,222,90,0.0008637222607148765,0.3851115107536316,-11.622992471795524,40.53579993546009,0.3851115107536316,0.19934047758579254,0,0,0.1581547408605439,0.013996985740959644,36900
37000,100000,222,190,-0.14372877672081302,0.046987708657979965,-16.972792471209765,51.18508637882769,0.046987708657979965,0.675875186920166,0,0,0.1581547408605439,0.013917502015829086,37000
37100,100000,223,50,-0.1397833796160239,0.18397606909275055,-2.4215522346199196,7.025658778846264,0.18397606909275055,0.25784778594970703,0,0,0.15723537614260222,0.013927200809121132,37100
37200,100000,223,150,-1.1244835393896222,0.021017996594309807,-51.86075728754421,20.592883966863155,0.021017996594309807,0.6491153836250305,0,0,0.15723537614260222,0.013973565772175789,37200
37300,100000,224,10,-0.17089776782277177,3.872956335544586,-2.4537516158680965,25.248095393180847,0.8729563355445862,0.10898460447788239,0,0,0.1561451213746554,0.013975338079035282,37300
37400,100000,224,110,0.16620547019310805,0.0253556240350008,-11.866959489891217,55.29249658808112,0.0253556240350008,0.5845114588737488,0,0,0.1561451213746554,0.014010348357260227,37400
37500,100000,224,210,-0.14437068361431507,0.19569870829582214,-17.223860668331035,71.59558671712875,0.19569870829582214,0.2420908361673355,0,0,0.1561451213746554,0.013935830444097519,37500
37600,100000,226,15,-0.4764259925747686,0.44907575845718384,-6.344132982774363,5.719437599182129,0.44907575845718384,0.20327217876911163,0,0,0.15370502451734055,0.014040268957614899,37600
37700,100000,226,115,-0.15113444359317904,0.18087899684906006,-24.36791713514409,62.55219575949013,0.18087899684906006,0.505205512046814,0,0,0.15370502451734055,0.014142232947051525,37700
37800,100000,226,215,-0.3094241725046439,0.40516000986099243,-52.47189925904873,89.29605647362769,0.40516000986099243,0.14974649250507355,0,0,0.15370502451734055,0.014128596521914005,37800
37900,100000,228,32,-0.10052769916053485,0.5107483267784119,-5.115141106682234,8.726827666163445,0.5107483267784119,0.21938718855381012,0,0,0.150979793404161,0.01402883231639862,37900
38000,100000,228,132,-0.1637791263031737,0.1292991042137146,-11.52850522543909,23.82895984314382,0.1292991042137146,0.5014989972114563,0,0,0.150979793404161,0.013965525664389133,38000
38100,100000,228,232,-0.19185208708161583,0.22609065473079681,-21.6462505244464,49.66987702809274,0.22609065473079681,0.2279624193906784,0,0,0.150979793404161,0.013968756422400475,38100
38200,100000,230,3,-0.5759239283466195,0.13433177769184113,-1.5921453656612181,0.4502771943807602,0.13433177769184113,0.5742506980895996,0,0,0.14780905577453599,0.014098508283495903,38200
38300,100000,230,103,0.2049653616902111,0.048752278089523315,-39.45871432318847,70.55830720812082,0.048752278089523315,0.5883101224899292,0,0,0.14780905577453599,0.014002073556184769,38300
38400,100000,230,203,-0.6748368267601407,0.4028978943824768,-60.43049864195568,95.55297050625086,0.4028978943824768,0.21666376292705536,0,0,0.14780905577453599,0.013953404501080513,38400
38500,100000,231,63,-0.04240996362618463,0.29246291518211365,-1.466511554242428,15.02055798470974,0.29246291518211365,0.19178025424480438,0,0,0.14630539417095556,0.014058778993785381,38500
38600,100000,231,163,-0.023049694489212146,0.6070942282676697,-8.422866291140831,49.96166808903217,0.6070942282676697,0.16763810813426971,0,0,0.14630539417095556,0.0139838308095932,38600
38700,100000,232,23,-0.06267544713065747,0.3010121285915375,-2.935833240194229,5.5244534611701965,0.3010121285915375,0.2793988287448883,0,0,0.14477011193567788,0.013859732076525688,38700
38800,100000,233,37,0.007903513853940024,0.4242243468761444,-2.7326481254678434,9.041157692670822,0.4242243468761444,0.20839212834835052,0,0,0.1433085301878985,0.013783696107566357,38800
38900,100000,233,137,-0.17851776487163107,3.8409313559532166,-49.90542996624265,83.61388942599297,0.8409313559532166,0.09761694818735123,0,0,0.1433085301878985,0.013786804862320423,38900
39000,100000,233,237,-0.06432335675799329,0.050538912415504456,-61.76135561469046,117.6711648516357,0.050538912415504456,0.4725954234600067,0,0,0.1433085301878985,0.013752130791544914,39000
39100,100000,234,97,-0.2673943114051838,0.0995246022939682,-16.891204537051316,58.323205068707466,0.0995246022939682,0.3367901146411896,0,0,0.14189049497421372,0.013688834384083748,39100
39200,100000,234,197,-0.3197759641593201,0.25324395298957825,-47.79890020726032,74.34420374967158,0.25324395298957825,0.20892538130283356,0,0,0.14189049497421372,0.01363458763808012,39200
39300,100000,236,14,-0.03718822924946039,0.2931537330150604,-1.7640218973523836,2.8185481503605843,0.2931537330150604,0.44628047943115234,0,0,0.13887557547366394,0.013572587631642818,39300
39400,100000,236,114,-0.1261476799863931,0.13670578598976135,-8.437364999347924,20.3438061196357,0.13670578598976135,0.6064309477806091,0,0,0.13887557547366394,0.013553936034440994,39400
39500,100000,237,54,-0.17103466475218576,0.17970824241638184,-0.5370847408772913,5.2328619584441185,0.17970824241638184,0.3127148151397705,0,0,0.13725094112679725,0.013583005405962467,39500
39600,100000,237,154,-0.4055272242929835,0.08485910296440125,-18.251234328193796,72.38290587067604,0.08485910296440125,0.37982603907585144,0,0,0.13725094112679725,0.013570602051913738,39600
39700,100000,240,1,-0.3763118014676923,0.20646829903125763,-0.3763118014676923,0.20646829903125763,0.20646829903125763,0.4771963357925415,0,0,0.13240761949180974,0.013567638583481312,39700
39800,100000,240,101,-0.20117233552160718,0.23534470796585083,-28.076518116123648,20.9472979567945,0.23534470796585083,0.33752816915512085,0,0,0.13240761949180974,0.013522536493837833,39800
39900,100000,240,201,0.0035714416846485617,3.8221938610076904,-48.75703856884094,59.681888829916716,0.8221938610076904,0.11663888394832611,0,0,0.13240761949180974,0.013348879292607307,39900
40000,100000,241,61,-0.1675867762130782,0.26507827639579773,-4.973610158556389,8.081005852669477,0.26507827639579773,0.24471960961818695,0,0,0.13072733326369643,0.01325175166130066,40000
40100,100000,241,161,-0.3013925327376012,0.580995500087738,-15.626189081202526,49.65962366387248,0.580995500087738,0.15410640835762024,0,0,0.13072733326369643,0.013119416311383247,40100
40200,100000,242,21,-0.008847710212277206,0.22550515830516815,-2.556077668589485,4.039152383804321,0.22550515830516815,0.2616572082042694,0,0,0.12903066884834627,0.013102173805236816,40200
40300,100000,242,121,0.026079525811456516,0.517143189907074,-8.558228287874126,65.10222551226616,0.517143189907074,0.18883012235164642,0,0,0.12903066884834627,0.01312432810664177,40300
40400,100000,242,221,-0.17043245641208274,0.019138002768158913,-23.19542355753802,129.0130228511989,0.019138002768158913,0.6934890747070312,0,0,0.12903066884834627,0.013179822824895382,40400
40500,100000,243,81,0.017029181935095533,0.22501099109649658,-13.512763310393268,31.353244438767433,0.22501099109649658,0.22405730187892914,0,0,0.12741331080006935,0.013053128495812416,40500
40600,100000,243,181,-0.021862240737805506,0.022308288142085075,-23.29464518704936,54.16560911387205,0.022308288142085075,0.6260275840759277,0,0,0.12741331080006935,0.013007435016334057,40600
40700,100000,244,41,-0.19820877774190676,0.11932072043418884,-3.4095143373024484,3.092245928943157,0.11932072043418884,0.34789976477622986,0,0,0.12572918885587867,0.01305699348449707,40700
40800,100000,244,141,-0.11765390605578079,0.06834669411182404,-20.332221115461522,11.837494822219014,0.06834669411182404,0.5485590696334839,0,0,0.12572918885587867,0.013086832128465176,40800
40900,100000,245,1,-0.0931198568272896,0.13550934195518494,-0.0931198568272896,0.13550934195518494,0.13550934195518494,0.5422189235687256,0,0,0.1238948959949862,0.013076764531433582,40900
41000,100000,245,101,-0.2183648099883956,0.04633722081780434,-15.09832356638903,61.41886042430997,0.04633722081780434,0.45213180780410767,0,0,0.1238948959949862,0.01307606603950262,41000
41100,100000,245,201,-0.058750588094198565,0.19502919912338257,-27.807024003988747,77.51272732019424,0.19502919912338257,0.30499696731567383,0,0,0.1238948959949862,0.013002783991396427,41100
41200,100000,246,61,-0.014508105849020457,0.3319498598575592,-6.782071283344503,18.66105856001377,0.3319498598575592,0.17467956244945526,0,0,0.12204762098906606,0.012968790717422962,41200
41300,100000,246,161,0.0220280707882921,0.028037047013640404,-16.452476497035686,30.186446469277143,0.028037047013640404,0.5570310354232788,0,0,0.12204762098906606,0.012888443656265736,41300
41400,100000,247,21,0.10693218738887367,0.20822422206401825,-0.7532905884962493,5.401487484574318,0.20822422206401825,0.28814470767974854,0,0,0.12012138394558275,0.012852909043431282,41400
41500,100000,248,44,-0.009800659767444432,0.17843371629714966,-1.5782354961981282,8.570590533316135,0.17843371629714966,0.26264363527297974,0,0,0.11811549887165447,0.012750716879963875,41500
41600,100000,248,144,-0.14575172243350637,0.36244234442710876,-7.337316412487552,19.99188139475882,0.36244234442710876,0.2666979432106018,0,0,0.11811549887165447,0.012683207169175148,41600
41700,100000,249,88,0.0416877102789894,0.18816056847572327,-8.061875692862902,22.439820505678654,0.18816056847572327,0.2662561535835266,0,0,0.11604425192889674,0.012563388794660568,41700
41800,100000,249,188,-0.21023187204232274,0.08217308670282364,-20.525859042198817,33.35640917532146,0.08217308670282364,0.3923908472061157,0,0,0.11604425192889674,0.012523459270596504,41800
41900,100000,250,48,-0.17599199571823448,3.800000011920929,-4.765137244356455,34.094562351703644,0.800000011920929,0.11836248636245728,0,0,0.11394610896055032,0.01263824850320816,41900
42000,100000,250,148,-0.08443144528601834,0.09676528722047806,-32.41350568480457,45.354813668876886,0.09676528722047806,0.3371969163417816,0,0,0.11394610896055032,0.012643329799175262,42000
42100,100000,251,8,0.00921248650076329,0.05886584520339966,-1.6779635484413176,0.5418282933533192,0.05886584520339966,0.42093056440353394,0,0,0.11179506875003882,0.012580798007547855,42100
42200,100000,251,108,-0.07603227701457406,0.22601568698883057,-7.510400749358154,12.56976493448019,0.22601568698883057,0.22893519699573517,0,0,0.11179506875003882,0.012631802819669247,42200
42300,100000,251,208,-0.07076741502201914,0.0935342088341713,-15.881828619765047,29.604705542325974,0.0935342088341713,0.3567129373550415,0,0,0.11179506875003882,0.012624618597328663,42300
42400,100000,252,68,0.1615357154363744,0.3956269323825836,-4.791945772844758,22.653200060129166,0.3956269323825836,0.16840676963329315,0,0,0.10954400230013304,0.01252798642963171,42400
42500,100000,252,168,-0.13850008765467264,0.03150789439678192,-19.649819430012105,41.09027858451009,0.03150789439678192,0.5288288593292236,0,0,0.10954400230013304,0.012560429982841015,42500
42600,100000,253,28,0.2360657382550005,0.5593425631523132,-3.699299468361691,8.109925329685211,0.5593425631523132,0.18400715291500092,0,0,0.10724678047192487,0.012571724131703377,42600
42700,100000,254,30,-0.3056245539052657,3.8118956685066223,-2.8737073718524555,25.608095914125443,0.8118956685066223,0.11056280881166458,0,0,0.10495058256951355,0.0125546520575881,42700
42800,100000,254,130,-0.10166567025725222,0.11747895926237106,-8.243905539712959,89.92246783338487,0.11747895926237106,0.48420366644859314,0,0,0.10495058256951355,0.012400838546454906,42800
42900,100000,254,230,-0.08290464862033567,0.03176850080490112,-25.1033712088926,101.47428686730564,0.03176850080490112,0.5269564390182495,0,0,0.10495058256951355,0.012435797601938248,42900
43000,100000,255,90,-0.14974114450253795,0.3280775249004364,-6.855051496716697,19.849455695599318,0.3280775249004364,0.17615438997745514,0,0,0.10270952671665184,0.012365203350782394,43000
43100,100000,255,190,-0.1273265864032885,0.08625008910894394,-23.593603709239577,29.351299388334155,0.08625008910894394,0.3818713426589966,0,0,0.10270952671665184,0.012367821298539639,43100
43200,100000,257,5,0.26605329974674924,0.21257223188877106,0.147510469462085,1.0144120901823044,0.21257223188877106,0.33529627323150635,0,0,0.09807538087179826,0.01235989760607481,43200
43300,100000,257,105,-0.11455712602501096,0.5096704959869385,-14.525534025596665,42.818246722221375,0.5096704959869385,0.1579621434211731,0,0,0.09807538087179826,0.012365473434329033,43300
43400,100000,258,62,0.12046675848217482,0.06231382489204407,-6.973713799172551,31.56852211803198,0.06231382489204407,0.40277475118637085,0,0,0.09582027903290864,0.01218414306640625,43400
43500,100000,258,162,-0.2849174466967083,0.04044949635863304,-23.620037576927047,37.630316477268934,0.04044949635863304,0.48524996638298035,0,0,0.09582027903290864,0.012094387784600258,43500
43600,100000,259,22,-0.05670781826248941,0.33557358384132385,-0.3878869114898563,4.587898053228855,0.33557358384132385,0.24511800706386566,0,0,0.09348856629243023,0.012006759643554688,43600
43700,100000,261,22,-0.014559863571251129,0.3450072705745697,0.05141706484878369,4.512835785746574,0.3450072705745697,0.2896159887313843,0,0,0.08980196082912063,0.012096862308681011,43700
43800,100000,261,122,-0.1780461278611486,0.6334188580513,-6.059671165874395,86.93354773521423,0.6334188580513,0.15690883994102478,0,0,0.08980196082912063,0.012027760967612267,43800
43900,100000,261,222,-0.6496580703724806,0.05376899614930153,-38.737980524682335,98.78796980343759,0.05376899614930153,0.5125824213027954,0,0,0.08980196082912063,0.012041653506457806,43900
44000,100000,262,82,-0.19639026858515315,0.31934481859207153,-8.84867097891217,16.04740960150957,0.31934481859207153,0.18756555020809174,0,0,0.08804229836561452,0.012063538655638695,44000
44100,100000,262,182,-0.12157650383991978,0.09513819962739944,-12.898703550320446,45.533453568816185,0.09513819962739944,0.33960703015327454,0,0,0.08804229836561452,0.012025019153952599,44100
44200,100000,263,42,-0.22236139376613906,0.8606667518615723,-2.891720507691344,15.791458129882812,0.8606667518615723,0.12193337827920914,0,0,0.08619454535772533,0.012107104994356632,44200
44300,100000,263,142,0.08025600883305348,0.6159311532974243,-6.907862074540428,108.48691481724381,0.6159311532974243,0.16133151948451996,0,0,0.08619454535772533,0.012105932459235191,44300
44400,100000,264,2,0.09103818204850965,0.16361185908317566,0.10999315919710076,0.3418699651956558,0.16361185908317566,0.5067306756973267,0,0,0.08452480382133455,0.012057729996740818,44400
44500,100000,264,102,-0.02558689690892727,0.6300771832466125,-7.301068208529806,105.65800301730633,0.6300771832466125,0.13652701675891876,0,0,0.08452480382133455,0.012123789638280869,44500
44600,100000,264,202,0.011812446389880549,0.4342523217201233,-16.003900021326444,138.4701415207237,0.4342523217201233,0.14111794531345367,0,0,0.08452480382133455,0.012154166586697102,44600
44700,100000,266,12,-0.15560820353194488,0.11653541028499603,0.18178910613782973,1.6660940945148468,0.11653541028499603,0.31122857332229614,0,0,0.08134134265607097,0.012110719457268715,44700
44800,100000,266,112,0.010943050022653562,0.10740498453378677,-6.091137970400305,21.11723443120718,0.10740498453378677,0.6541518568992615,0,0,0.08134134265607097,0.012191453017294407,44800
44900,100000,267,55,0.044436896410703,0.108347587287426,-3.311346973171718,12.066261626780033,0.108347587287426,0.32131126523017883,0,0,0.07961032432724177,0.012242100201547146,44900
45000,100000,268,73,-0.21397003120327437,0.04351367801427841,-2.2014649267710213,24.292407892644405,0.04351367801427841,0.46343836188316345,0,0,0.07777643538152874,0.01230278518050909,45000
45100,100000,268,173,-0.044464229638307415,0.3319470286369324,-10.894798300549471,94.24873879179358,0.3319470286369324,0.17468063533306122,0,0,0.07777643538152874,0.012418092228472233,45100
45200,100000,269,33,-0.09401185861334177,0.41418904066085815,-5.9022795798566365,7.607287168502808,0.41418904066085815,0.22604233026504517,0,0,0.07597341958955858,0.012341240420937538,45200
45300,100000,269,133,-0.23667357036571565,0.05939510092139244,-40.22741454061436,24.96537408605218,0.05939510092139244,0.41040492057800293,0,0,0.07597341958955858,0.012317841872572899,45300
45400,100000,269,233,-0.1804782403508893,0.29918381571769714,-53.06250396796311,70.73044241778553,0.29918381571769714,0.18777145445346832,0,0,0.07597341958955858,0.01225158292800188,45400
45500,100000,270,93,0.08977892619642006,0.1669287085533142,-1.179110541211967,63.948836609721184,0.1669287085533142,0.3365379571914673,0,0,0.07413793816901137,0.012130225077271461,45500
45600,100000,271,92,0.13943355578754946,0.380083292722702,-4.941731293538309,95.24455282837152,0.380083292722702,0.15771691501140594,0,0,0.07244686848962903,0.012059173546731472,45600
45700,100000,271,192,-0.11749038192818155,0.21956568956375122,-13.750911746136806,127.09941700845957,0.21956568956375122,0.22720880806446075,0,0,0.07244686848962903,0.012060410343110561,45700
45800,100000,272,52,-0.022622497127080282,0.04837523400783539,2.526136902932682,14.957619715481997,0.04837523400783539,0.44458580017089844,0,0,0.070839566292057,0.012163055129349232,45800
45900,100000,272,152,-0.05961974315572952,0.1351252943277359,0.07815479432167474,21.54296233691275,0.1351252943277359,0.44058099389076233,0,0,0.070839566292057,0.012142563238739967,45900
46000,100000,274,4,-0.09122625330810735,0.3605864942073822,-1.4165399816444997,1.4711931943893433,0.3605864942073822,0.26753389835357666,0,0,0.06726784126496069,0.012138239108026028,46000
46100,100000,276,19,0.29186343471956205,0.11057696491479874,2.5287238138130523,2.143951937556267,0.11057696491479874,0.39563482999801636,0,0,0.06374386125770555,0.0120553495362401,46100
46200,100000,276,119,-0.05737558968101014,0.22805164754390717,-5.034895772462887,86.44385726004839,0.22805164754390717,0.22233283519744873,0,0,0.06374386125770555,0.011922158300876617,46200
46300,100000,276,219,-0.0007517470644469587,0.6600720882415771,-8.585770875704409,114.00259899906814,0.6600720882415771,0.14051495492458344,0,0,0.06374386125770555,0.011822318658232689,46300
46400,100000,278,62,0.01656449751428978,0.15895701944828033,-2.6453447486621773,10.01184955984354,0.15895701944828033,0.2796373665332794,0,0,0.06054155093828279,0.011879082769155502,46400
46500,100000,278,162,-0.012934820112687807,0.03361630439758301,-7.491665010587299,26.034090977162123,0.03361630439758301,0.5144574046134949,0,0,0.06054155093828279,0.011852188967168331,46500
46600,100000,279,35,-0.15425295909801906,0.39858219027519226,1.1416751272684917,7.596552796661854,0.39858219027519226,0.24093899130821228,0,0,0.058775117876045155,0.01196707971394062,46600
46700,100000,280,42,-0.09163135186864345,0.09249775111675262,-1.0603855419265844,2.907086055725813,0.09249775111675262,0.3778257966041565,0,0,0.05720185443093093,0.011892270296812057,46700
46800,100000,280,142,-0.14550973804274578,0.2853129208087921,-7.213239435583981,29.5658212415874,0.2853129208087921,0.1937749832868576,0,0,0.05720185443093093,0.011915839277207851,46800
46900,100000,281,2,-0.21020681826939863,0.33015477657318115,-0.5689498673998182,0.7624953389167786,0.33015477657318115,0.19234032928943634,0,0,0.0555289726699348,0.011739561334252357,46900
47000,100000,281,102,0.30787573019573455,3.9235123991966248,-5.978798938425604,71.63086350262165,0.9235123991966248,0.009895602241158485,0,0,0.0555289726699348,0.011755291372537613,47000
47100,100000,285,7,0.1844664949980313,0.1107928603887558,-0.10789351300674332,1.1316537410020828,0.1107928603887558,0.3196837902069092,0,0,0.051596272866422876,0.011704035103321075,47100
47200,100000,285,107,0.18950599914948468,0.22106525301933289,-6.456104114824741,18.269969902932644,0.22106525301933289,0.4250371754169464,0,0,0.051596272866422876,0.011776015162467957,47200
47300,100000,286,74,-0.19831938819333372,0.09228683263063431,-5.45859801080852,77.23496183753014,0.09228683263063431,0.3439509868621826,0,0,0.050817269635763336,0.011846042238175869,47300
47400,100000,286,174,0.3722024617087196,0.438396155834198,-7.820519425208112,92.92387648485601,0.438396155834198,0.19128824770450592,0,0,0.050817269635763336,0.01178473886102438,47400
47500,100000,287,34,-0.12258268107782015,0.30640220642089844,-5.0251771026689696,11.791432157158852,0.30640220642089844,0.1847621351480484,0,0,0.050008748181346104,0.011671476997435093,47500
47600,100000,287,134,0.16798407228695805,0.05771833658218384,-8.267216542743858,26.084588648751378,0.05771833658218384,0.4150182604789734,0,0,0.050008748181346104,0.011655649170279503,47600
47700,100000,289,57,0.21229345843345368,0.1954072266817093,1.4360004978086232,13.66100025177002,0.1954072266817093,0.24228449165821075,0,0,0.04793154418076827,0.011560030281543732,47700
47800,100000,289,157,-0.6847128088096158,0.11157922446727753,-9.844389931112733,28.651570953428745,0.11157922446727753,0.3420298993587494,0,0,0.04793154418076827,0.011598891578614712,47800
47900,100000,290,17,0.16607768684692956,0.12940436601638794,0.7961862290770536,4.0958844274282455,0.12940436601638794,0.29691725969314575,0,0,0.04665155834483153,0.011602548882365227,47900
48000,100000,290,117,0.21059955301066502,0.26271021366119385,-2.420925587844653,33.87373251467943,0.26271021366119385,0.20425088703632355,0,0,0.04665155834483153,0.011648314073681831,48000
48100,100000,290,217,-0.18510606033844915,0.05586918815970421,-5.6981198832479,41.71602630801499,0.05586918815970421,0.48185625672340393,0,0,0.04665155834483153,0.011713800020515919,48100
48200,100000,292,49,-0.14315872509050453,0.4100154936313629,-3.754216247580158,25.840174674987793,0.4100154936313629,0.14826256036758423,0,0,0.043739791604229625,0.011727197095751762,48200
48300,100000,292,149,0.17473834492665344,0.11813005059957504,-13.26381880689631,54.333605505526066,0.11813005059957504,0.30935975909233093,0,0,0.043739791604229625,0.011553969234228134,48300
48400,100000,293,40,0.2770461253217543,0.583375096321106,-3.4054054521202652,9.852275863289833,0.583375096321106,0.18474547564983368,0,0,0.042170613431877314,0.011516116559505463,48400
48500,100000,293,140,-0.5691005458252847,3.800000011920929,-15.21791536691828,74.41302363574505,0.800000011920929,0.09021057933568954,0,0,0.042170613431877314,0.01161913014948368,48500
48600,100000,294,14,-0.10133131970507747,0.1280122846364975,-1.911438797690387,2.1496655270457268,0.1280122846364975,0.4009794592857361,0,0,0.040713318752615385,0.011635757982730865,48600
48700,100000,294,114,-0.19906095596613257,0.1133192628622055,-9.88275562261209,76.87168867141008,0.1133192628622055,0.3150886297225952,0,0,0.040713318752615385,0.011646360158920288,48700
48800,100000,295,75,-0.2007101006636527,0.32199445366859436,-3.558531622599144,14.526157096028328,0.32199445366859436,0.18682028353214264,0,0,0.03933802314132342,0.011585647240281105,48800
48900,100000,295,175,-0.07592614889103773,0.10696520656347275,-9.263464441567331,109.8041812852025,0.10696520656347275,0.3735429644584656,0,0,0.03933802314132342,0.011449753306806087,48900
49000,100000,296,35,-2.2100850885152186,11.876222729682922,-5.448318307419285,50.227735966444016,0.8762227296829224,0.024606192484498024,0,1,0.03802090809769436,0.011422030627727509,49000
49100,100000,299,50,-0.039785392029965456,0.195838063955307,-1.3882997806159536,8.454408451914787,0.195838063955307,0.2419983595609665,0,0,0.035405074798276724,0.011451019905507565,49100
49200,100000,299,150,-0.10226847730091437,0.19110721349716187,-11.531391313373692,69.11391221918166,0.19110721349716187,0.24517829716205597,0,0,0.035405074798276724,0.011315868236124516,49200
49300,100000,300,10,0.42162718200907207,0.08067529648542404,1.7210572691734398,0.8248202204704285,0.08067529648542404,0.398461252450943,0,0,0.034343304636628755,0.011244198307394981,49300
49400,100000,300,110,-0.263024035562325,3.8270474672317505,-3.308672126778224,227.72201093286276,0.8270474672317505,0.06647565215826035,0,0,0.034343304636628755,0.011018631048500538,49400
49500,100000,300,210,-0.1677243887081358,3.876447856426239,-15.669047154722419,279.4612572565675,0.876447856426239,0.10901568830013275,0,0,0.034343304636628755,0.01096357498317957,49500
49600,100000,302,32,-0.0375002821696012,3.800000011920929,-1.0378954500074715,69.73103275895119,0.800000011920929,0.09416721016168594,0,0,0.03333978968374246,0.01082590315490961,49600
49700,100000,303,34,-0.37431107084098814,0.30467507243156433,-0.49219967601900705,9.878553077578545,0.30467507243156433,0.18798993527889252,0,0,0.03305556976754828,0.0108341034501791,49700
49800,100000,305,35,-0.056767753859291545,0.7008824348449707,0.2904031583089371,13.526767030358315,0.7008824348449707,0.1425391286611557,0,0,0.033169067872907666,0.010803687386214733,49800
49900,100000,305,135,0.22254360524681657,0.03522744029760361,-1.935281086348167,68.43071535229683,0.03522744029760361,0.5045297741889954,0,0,0.033169067872907666,0.010805727913975716,49900
50000,100000,306,99,-0.19762166282527352,0.04048557206988335,-10.968543447405956,37.020604997873306,0.04048557206988335,0.4768790602684021,0,0,0.03334525575668713,0.010877109132707119,50000
50100,100000,307,22,-0.02216045203009692,0.2569578289985657,-3.910796928222531,3.370775632560253,0.2569578289985657,0.36952483654022217,0,0,0.03341239019558365,0.010951275005936623,50100
50200,100000,307,122,-0.21158701130729363,0.01720857433974743,-12.601974556805779,14.811151199042797,0.01720857433974743,0.7672497630119324,0,0,0.03341239019558365,0.011069455184042454,50200
50300,100000,308,11,0.15026359230566974,0.8172997832298279,-1.5854727793899877,5.660642623901367,0.8172997832298279,0.148154154419899,0,0,0.03331603899019417,0.01106115523725748,50300
50400,100000,308,111,-0.11499485530981163,0.4354777932167053,-6.156434936096877,51.56048414297402,0.4354777932167053,0.2623443901538849,0,0,0.03331603899019417,0.011046997271478176,50400
50500,100000,308,211,-0.08252634627148638,0.07911437004804611,-19.91853676532448,100.77627864293754,0.07911437004804611,0.36635324358940125,0,0,0.03331603899019417,0.011031674221158028,50500
50600,100000,309,71,-0.012111511795235844,0.5141922235488892,-4.050502044569021,20.567277148365974,0.5141922235488892,0.16934387385845184,0,0,0.03316401260024575,0.010906265117228031,50600
50700,100000,310,83,-0.05750204803250144,0.0511842779815197,-1.891079090464211,78.0020501613617,0.0511842779815197,0.43490633368492126,0,0,0.03289479092534497,0.01083309669047594,50700
50800,100000,312,24,0.01599279758404009,0.36583077907562256,-1.0670390140429296,5.86826665699482,0.36583077907562256,0.26317083835601807,0,0,0.03264143773821652,0.010698609054088593,50800
50900,100000,313,55,-0.2424725126412919,0.3007642924785614,-1.715139555867054,11.759756803512573,0.3007642924785614,0.1991211473941803,0,0,0.03240164163714961,0.010749955661594868,50900
51000,100000,314,51,-0.2206859543019659,0.6095749735832214,-0.8478136056866026,26.162387788295746,0.6095749735832214,0.14811216294765472,0,0,0.032369583477314286,0.010766340419650078,51000
51100,100000,315,68,-0.08822179707202629,0.029722440987825394,-3.7641335190416494,53.710460871458054,0.029722440987825394,0.5425086617469788,0,0,0.03229049253679527,0.010611282661557198,51100
51200,100000,316,32,-0.07598771812164545,0.058974917978048325,-1.9482935375114387,1.7575581558048725,0.058974917978048325,0.5369649529457092,0,0,0.03217188473415323,0.010569898411631584,51200
51300,100000,316,132,-0.03218310671808581,0.35671913623809814,-11.212093802630282,23.205340281128883,0.35671913623809814,0.17759181559085846,0,0,0.03217188473415323,0.01047680713236332,51300
51400,100000,316,232,-0.33287116090096625,0.08144580572843552,-24.480647201924036,34.34301645681262,0.08144580572843552,0.4732588231563568,0,0,0.03217188473415323,0.010518508963286877,51400
51500,100000,318,18,-0.8879576228939644,0.5244971513748169,-9.226437605610135,7.764575779438019,0.5244971513748169,0.17717473208904266,0,0,0.032326725403852855,0.010498675517737865,51500
51600,100000,320,20,0.048478032711523705,0.5188155770301819,-0.3795134744879832,6.941429331898689,0.5188155770301819,0.2034071385860443,0,0,0.034551578282815194,0.010491840541362762,51600
51700,100000,320,120,0.010583433631944033,0.021525898948311806,-4.088089084276083,27.354537446051836,0.021525898948311806,0.6394906044006348,0,0,0.034551578282815194,0.01044914685189724,51700
51800,100000,320,220,-0.295722937365272,0.2864563465118408,-12.665284136099222,51.05601138994098,0.2864563465118408,0.1932685822248459,0,0,0.034551578282815194,0.010415652766823769,51800
51900,100000,321,80,0.005083553172464814,0.446645051240921,-8.99639978950503,53.59508115053177,0.446645051240921,0.13762278854846954,0,0,0.03552838506002439,0.010421923361718655,51900
52000,100000,324,8,0.21761724890954012,0.0824035257101059,1.4861504671693981,0.7362880781292915,0.0824035257101059,0.3937752842903137,0,0,0.03774731729812602,0.010430037043988705,52000
52100,100000,324,108,0.09898355060794067,0.06866579502820969,-4.3557625735224805,156.05108433961868,0.06866579502820969,0.3876771032810211,0,0,0.03774731729812602,0.010350803844630718,52100
52200,100000,325,49,-0.008924098247488407,0.2572847902774811,0.5579425651951009,14.419356748461723,0.2572847902774811,0.20690767467021942,0,0,0.03846787398267508,0.010309161618351936,52200
52300,100000,325,149,-0.057336009314099386,0.032358113676309586,-6.296402262947936,22.521810453385115,0.032358113676309586,0.5228250026702881,0,0,0.03846787398267508,0.010363560169935226,52300
52400,100000,326,9,0.21093563813487315,0.17902223765850067,-0.16332375698358448,2.37274332344532,0.17902223765850067,0.42551857233047485,0,0,0.03893295468139815,0.010372582823038101,52400
52500,100000,327,18,-0.01851972333146506,0.7537679076194763,-2.0912188720559493,7.847085550427437,0.7537679076194763,0.14740301668643951,0,0,0.039217615856920025,0.010321428999304771,52500
52600,100000,328,14,-0.013500656265886042,3.8864498138427734,-0.15524756158642966,50.927576541900635,0.8864498138427734,0.05025997757911682,0,0,0.03946798265456829,0.010367562994360924,52600
52700,100000,330,50,-0.2200938206458936,0.4671753942966461,-2.6430266633790414,9.220183983445168,0.4671753942966461,0.2002020925283432,0,0,0.04323670955933759,0.010403621010482311,52700
52800,100000,330,150,-0.07073978289526402,0.2288162261247635,-13.945020994544233,244.367958009243,0.2288162261247635,0.22190310060977936,0,0,0.04323670955933759,0.01026467140763998,52800
52900,100000,331,10,-0.16384769250768044,0.08836779743432999,-0.4049005606532,1.7625248283147812,0.08836779743432999,0.37592509388923645,0,0,0.04515826426165219,0.010234925895929337,52900
53000,100000,331,110,-0.17544618808047846,0.04127725958824158,-6.277950248262866,113.2804878950119,0.04127725958824158,0.4732171297073364,0,0,0.04515826426165219,0.010141254402697086,53000
53100,100000,332,15,-0.20760991106840748,0.21782977879047394,-1.8404471848179642,3.010287329554558,0.21782977879047394,0.29004573822021484,0,0,0.047014967599974686,0.010226856917142868,53100
53200,100000,332,115,0.0006497402212766457,0.7438175082206726,-13.52043423315967,75.5312274415046,0.7438175082206726,0.16429947316646576,0,0,0.047014967599974686,0.010201667435467243,53200
53300,100000,333,88,-0.12314027847940906,0.25675079226493835,-2.338268112812707,55.477520886808634,0.25675079226493835,0.36716124415397644,0,0,0.04899178313693612,0.010112435556948185,53300
53400,100000,333,188,0.022985444911471507,0.22735410928726196,-8.447856186538246,101.86877545900643,0.22735410928726196,0.38715893030166626,0,0,0.04899178313693612,0.010138425044715405,53400
53500,100000,334,48,-0.03520331702308242,0.30775004625320435,-0.4663567306960503,11.384142152965069,0.30775004625320435,0.1969793289899826,0,0,0.050979045646315266,0.010172299109399319,53500
53600,100000,334,148,0.057620884282588276,0.029181769117712975,-7.458367167401443,26.58469796553254,0.029181769117712975,0.546978771686554,0,0,0.050979045646315266,0.010076172649860382,53600
53700,100000,335,12,0.002096050028082743,0.4068528115749359,0.3365112848281797,5.388798028230667,0.4068528115749359,0.17707301676273346,0,0,0.05265636457805536,0.010090937837958336,53700
53800,100000,336,38,-0.37891782024608717,3.800000011920929,-0.9541140151594742,28.790704250335693,0.800000011920929,0.11356868594884872,0,0,0.05455733297501733,0.010124010033905506,53800
53900,100000,336,138,0.042098981997827405,0.1240939199924469,-6.235284935319911,111.21883394755423,0.1240939199924469,0.302617609500885,0,0,0.05455733297501733,0.010145525448024273,53900
54000,100000,336,238,0.038259042085003046,0.055479392409324646,-11.435592927234696,133.66839988157153,0.055479392409324646,0.421468585729599,0,0,0.05455733297501733,0.010149381123483181,54000
54100,100000,338,12,0.26388701752821603,0.11733222752809525,2.168887288912641,1.52406707406044,0.11733222752809525,0.4276713728904724,0,0,0.05806606887894043,0.010143687017261982,54100
54200,100000,338,112,0.1396648511498881,0.44735056161880493,-5.446533106585781,75.89671626314521,0.44735056161880493,0.13742683827877045,0,0,0.05806606887894043,0.01023760624229908,54200
54300,100000,338,212,-0.06747577569616653,0.06038157269358635,-8.205204764242408,86.74227961711586,0.06038157269358635,0.40777143836021423,0,0,0.05806606887894043,0.010253073647618294,54300
54400,100000,339,72,-0.12381842301140587,0.07567598670721054,-3.2143520188073187,6.787794299423695,0.07567598670721054,0.5363459587097168,0,0,0.059588105972056146,0.010228515602648258,54400
54500,100000,339,172,-0.02627857342163253,0.1689138114452362,-11.24321626372453,13.504921358078718,0.1689138114452362,0.4622075855731964,0,0,0.059588105972056146,0.010144862346351147,54500
54600,100000,341,14,-0.06963365323351768,0.1907293200492859,0.2835793102439954,1.7008512765169144,0.1907293200492859,0.3535335063934326,0,0,0.06322960279347285,0.01007661409676075,54600
54700,100000,341,114,0.03873855340851206,0.2052690088748932,-8.524209402267038,82.9579029045999,0.2052690088748932,0.40832453966140747,0,0,0.06322960279347285,0.00996310357004404,54700
54800,100000,342,33,-0.49347550575586474,0.1393079161643982,-14.219737231858003,8.423058211803436,0.1393079161643982,0.2869599163532257,0,0,0.06575422323755782,0.009918488562107086,54800
54900,100000,342,133,-0.20739846863947556,0.04932039976119995,-28.62160845761977,15.405520433560014,0.04932039976119995,0.638354480266571,0,0,0.06575422323755782,0.00983496941626072,54900
55000,100000,342,233,-0.3686646757089011,0.017164185643196106,-96.81617462183493,18.278247701004148,0.017164185643196106,0.7696169018745422,0,0,0.06575422323755782,0.009818349033594131,55000
55100,100000,343,93,-0.15925066867821897,0.05817420408129692,-9.112417226181336,20.719902768731117,0.05817420408129692,0.41374635696411133,0,0,0.06791593518582967,0.009865302592515945,55100
55200,100000,344,27,0.03667407795728364,0.18623074889183044,-1.6321019785801525,5.719844788312912,0.18623074889183044,0.24854676425457,0,0,0.06977043226288938,0.009812925010919571,55200
55300,100000,344,127,-0.38762276388396033,0.0840182676911354,-14.881886173596765,14.926329433918,0.0840182676911354,0.4675714075565338,0,0,0.06977043226288938,0.009880240075290203,55300
55400,100000,344,227,-0.28035033497930384,0.06302933394908905,-45.929774455353034,26.05891822464764,0.06302933394908905,0.4009760320186615,0,0,0.06977043226288938,0.009818896651268005,55400
55500,100000,345,87,-0.49950806995035585,0.4991273581981659,-12.249205984756516,42.54517675936222,0.4991273581981659,0.12385538220405579,0,0,0.07131444889086236,0.009789220988750458,55500
55600,100000,345,187,-0.11586464132662401,0.31282636523246765,-20.53772630361371,240.07959331572056,0.31282636523246765,0.18214596807956696,0,0,0.07131444889086236,0.009779996238648891,55600
55700,100000,347,2,-0.31598516489825784,0.26754146814346313,-0.794403050575321,0.5506722927093506,0.26754146814346313,0.2988121509552002,0,0,0.07452215167318572,0.009798640385270119,55700
55800,100000,347,102,-0.06741112574758262,0.016400134190917015,-0.33464419428476416,12.860607283189893,0.016400134190917015,0.8200111985206604,0,0,0.07452215167318572,0.009924029000103474,55800
55900,100000,347,202,0.10980341686250225,0.035599272698163986,-10.608214336088265,17.405400406569242,0.035599272698163986,0.653016209602356,0,0,0.07452215167318572,0.009935415349900723,55900
56000,100000,348,62,-0.1481382484628196,3.800000011920929,-4.842525699645212,92.48437747359276,0.800000011920929,0.08853358775377274,0,0,0.07571603649701587,0.00992495659738779,56000
56100,100000,349,37,-0.1994406687245048,0.3101661801338196,-3.1180877185106874,8.078765861690044,0.3101661801338196,0.24133233726024628,0,0,0.07712018146170158,0.00992568489164114,56100
56200,100000,349,137,-0.06603539498505626,0.18329232931137085,-9.40261540467336,30.976904368028045,0.18329232931137085,0.2924157381057739,0,0,0.07712018146170158,0.009861930273473263,56200
56300,100000,349,237,0.031436529838775706,0.16776786744594574,-17.245895502502417,41.596250999718904,0.16776786744594574,0.2982131540775299,0,0,0.07712018146170158,0.009805973619222641,56300
56400,100000,350,97,-0.08522780037414698,0.11530815809965134,-5.524569779779342,25.473634861409664,0.11530815809965134,0.3126869201660156,0,0,0.07826730050606502,0.009738574735820293,56400
56500,100000,350,197,-0.3394151730020397,0.03232668340206146,-23.87657546682991,41.7514217980206,0.03232668340206146,0.5230416655540466,0,0,0.07826730050606502,0.009809449315071106,56500
56600,100000,351,57,0.2023480694011321,0.18265436589717865,2.368973632160034,7.360463418066502,0.18265436589717865,0.2535874843597412,0,0,0.07917440437988191,0.009892703965306282,56600
56700,100000,352,92,0.0200509606506019,0.07211466878652573,-8.109236402293995,94.43426185846329,0.07211466878652573,0.3802115023136139,0,0,0.07983699556759269,0.009910046122968197,56700
56800,100000,355,8,0.061603189607275226,0.08333774656057358,-0.4049548461465248,0.9625364020466805,0.08333774656057358,0.3878019154071808,0,0,0.08325622031590432,0.009962371550500393,56800
56900,100000,355,108,-0.05993954816046454,0.16002000868320465,-4.964300219123945,103.75792729854584,0.16002000868320465,0.2684755027294159,0,0,0.08325622031590432,0.01010996662080288,56900
57000,100000,355,208,-0.13268166018426888,0.39858609437942505,-27.22997069732041,117.31606861576438,0.39858609437942505,0.22066545486450195,0,0,0.08325622031590432,0.01004076562821865,57000
57100,100000,356,68,0.33519590468875093,3.800000011920929,-3.639060812077182,90.87612473219633,0.800000011920929,0.08240049332380295,0,0,0.08436512717795884,0.010088369250297546,57100
57200,100000,356,168,-0.45391737114211794,0.45827510952949524,-12.343923379889446,167.78722164407372,0.45827510952949524,0.1344328075647354,0,0,0.08436512717795884,0.010114596225321293,57200
57300,100000,357,28,-0.3772212628001991,0.5016945004463196,-0.7021997043747891,16.097253888845444,0.5016945004463196,0.12322082370519638,0,0,0.08551447120018764,0.010007885284721851,57300
57400,100000,357,128,-0.16325437552238561,0.02100990153849125,-12.689077252073663,27.518827561289072,0.02100990153849125,0.6492752432823181,0,0,0.08551447120018764,0.009908284060657024,57400
57500,100000,357,228,-0.2647427867035097,3.803823709487915,-26.009851504482036,133.23755847103894,0.803823709487915,0.11544159799814224,0,0,0.08551447120018764,0.009865927509963512,57500
57600,100000,359,42,-0.3058344518323485,0.6012300252914429,0.32218065723236655,14.69180266559124,0.6012300252914429,0.14059628546237946,0,0,0.08764860826807283,0.00982538890093565,57600
57700,100000,359,142,-0.13635123585921138,0.12234096229076385,-9.225717742345312,43.9112441316247,0.12234096229076385,0.3045603334903717,0,0,0.08764860826807283,0.009859277866780758,57700
57800,100000,360,61,0.0019377407068294694,0.14687013626098633,-0.904628539117876,49.505609050393105,0.14687013626098633,0.2798767387866974,0,0,0.08845696337248392,0.009874559938907623,57800
57900,100000,360,161,0.014478283019358216,0.5074273943901062,-12.04036212049529,164.54951397143304,0.5074273943901062,0.1218157634139061,0,0,0.08845696337248392,0.009831410832703114,57900
58000,100000,361,61,-0.32756326613709036,0.13486693799495697,-8.832192922944367,57.427990168333054,0.13486693799495697,0.29132315516471863,0,0,0.0893897095146446,0.009934567846357822,58000
58100,100000,362,68,0.04181494746380251,0.16529230773448944,-0.5163433287098813,12.136479767039418,0.16529230773448944,0.5528678894042969,0,0,0.09040548313530845,0.009920233860611916,58100
58200,100000,362,168,-0.09555653209800125,0.08207974582910538,-2.9595091787848262,24.031881717965007,0.08207974582910538,0.509452760219574,0,0,0.09040548313530845,0.009946579113602638,58200
58300,100000,363,28,0.22081711289514716,0.5048515796661377,-2.582380607299548,11.888159185647964,0.5048515796661377,0.20745529234409332,0,0,0.09118334670426764,0.009842959232628345,58300
58400,100000,363,128,-0.10036771006491221,0.10435739904642105,-7.403972054276376,31.787158522754908,0.10435739904642105,0.46994253993034363,0,0,0.09118334670426764,0.00975467823445797,58400
58500,100000,363,228,-0.14568117119485693,0.037426646798849106,-15.074688273499776,135.76154873892665,0.037426646798849106,0.492181658744812,0,0,0.09118334670426764,0.009745324961841106,58500
58600,100000,364,88,0.46872140877225205,0.5048056840896606,-12.87325915073505,77.91778100281954,0.5048056840896606,0.12245627492666245,0,0,0.09193183347611153,0.009773408994078636,58600
58700,100000,364,188,-0.20697472572073827,0.15809044241905212,-22.4489748967833,95.92347769066691,0.15809044241905212,0.27008217573165894,0,0,0.09193183347611153,0.0098542720079422,58700
58800,100000,365,48,0.43476820859010495,0.4754445254802704,-6.322670132000677,33.49420350790024,0.4754445254802704,0.15430153906345367,0,0,0.09257518618693898,0.009777339175343513,58800
58900,100000,366,29,-0.3071272854722986,0.8048877716064453,-5.937537573469774,14.58506864309311,0.8048877716064453,0.13000433146953583,0,0,0.09311836506335303,0.00973222404718399,58900
59000,100000,366,129,-0.0011893530585104627,0.11926062405109406,-9.675463800510693,92.76832264848053,0.11926062405109406,0.6759057641029358,0,0,0.09311836506335303,0.009695799089968204,59000
59100,100000,366,229,0.011450048030414947,0.2700497508049011,-15.28350313813768,115.62519782222807,0.2700497508049011,0.20289191603660583,0,0,0.09311836506335303,0.009777898900210857,59100
59200,100000,368,20,-0.1489364931275891,0.5158870816230774,-1.9636701353095996,7.730509266257286,0.5158870816230774,0.20216421782970428,0,0,0.09439931917199874,0.009852242656052113,59200
59300,100000,368,120,0.003699659689373718,0.1501816213130951,-7.027200701428074,44.44989033229649,0.1501816213130951,0.4463147222995758,0,0,0.09439931917199874,0.009864596650004387,59300
59400,100000,368,220,-0.11790248609220527,0.025070903822779655,-23.774916868460974,78.19701203890145,0.025070903822779655,0.5878361463546753,0,0,0.09439931917199874,0.009769695810973644,59400
59500,100000,370,36,0.045644943003198775,0.3363760709762573,-0.5511226730335382,11.638143435120583,0.3363760709762573,0.22701607644557953,0,0,0.09543202966327256,0.009709340520203114,59500
59600,100000,372,2,0.12186552375888693,0.1767178326845169,0.16333379440585769,0.3605128824710846,0.1767178326845169,0.3678707182407379,0,0,0.09564481211487513,0.00968087650835514,59600
59700,100000,372,102,-0.045997867045121266,0.07045309245586395,-8.429647930396678,84.80848892778158,0.07045309245586395,0.383750319480896,0,0,0.09564481211487513,0.009738733060657978,59700
59800,100000,372,202,-0.141497037747629,0.02415119670331478,-15.319188490313346,92.75062203034759,0.02415119670331478,0.5992520451545715,0,0,0.09564481211487513,0.009741612710058689,59800
59900,100000,374,28,-0.15413354355711165,0.3982071578502655,-0.6431120332803876,12.288767695426941,0.3982071578502655,0.1519038826227188,0,0,0.09531649739120912,0.009738565422594547,59900
60000,100000,376,42,-0.25844321930331915,0.04166888818144798,-1.0131638560510803,5.076643321663141,0.04166888818144798,0.47144615650177,0,0,0.0953997405413277,0.009654788300395012,60000
60100,100000,377,68,0.03393389657298421,0.3630959093570709,-2.3851036259635605,77.97480945289135,0.3630959093570709,0.16343359649181366,0,0,0.09553272802382877,0.009647678583860397,60100
60200,100000,378,8,0.0768693117541499,0.3951742351055145,-0.7326491957237118,2.4285518378019333,0.3951742351055145,0.32428303360939026,0,0,0.09566499869556185,0.009701681323349476,60200
60300,100000,379,10,0.2641796819437938,0.3808460533618927,2.2072864556553835,4.040079295635223,0.3808460533618927,0.1958715170621872,0,0,0.0956737687309038,0.009637379087507725,60300
60400,100000,380,90,-0.05909912481690761,0.19127902388572693,-10.427428022053414,38.45333870872855,0.19127902388572693,0.5686144232749939,0,0,0.09565213312630746,0.009569314308464527,60400
60500,100000,380,190,-0.10544063944362835,0.07546734064817429,-12.634159257409157,48.37879083119333,0.07546734064817429,0.539556622505188,0,0,0.09565213312630746,0.009516856633126736,60500
60600,100000,381,50,0.046294873816738046,0.23264290392398834,2.196820213964555,7.036034293472767,0.23264290392398834,0.25068211555480957,0,0,0.09546989976558451,0.009517441503703594,60600
60700,100000,382,46,-0.642083915077642,0.45563021302223206,-6.511629566172568,15.649308279156685,0.45563021302223206,0.13515086472034454,0,0,0.09516429192070011,0.009493156336247921,60700
60800,100000,383,15,-0.0976238130147113,0.41074851155281067,-5.087650555194762,4.427111521363258,0.41074851155281067,0.25589752197265625,0,0,0.09502709253232164,0.009499016217887402,60800
60900,100000,383,115,-0.14881999789357125,0.016680192202329636,-11.134448900108202,20.86124031059444,0.016680192202329636,0.7990062236785889,0,0,0.09502709253232164,0.009492251090705395,60900
61000,100000,383,215,-0.14145706003565928,0.07699435949325562,-15.837479632673283,30.106040811166167,0.07699435949325562,0.370384156703949,0,0,0.09502709253232164,0.009489698335528374,61000
61100,100000,384,75,-0.0023304247975737447,0.2455420196056366,-1.7102743062492074,10.543021343648434,0.2455420196056366,0.2582089304924011,0,0,0.09469592564298297,0.009494582191109657,61100
61200,100000,384,175,-0.0015117947016209561,0.4861738979816437,-10.679165964953908,49.458836019039154,0.4861738979816437,0.17307664453983307,0,0,0.09469592564298297,0.009681809693574905,61200
61300,100000,386,29,-0.011640412182879362,0.1340196430683136,-2.439595348388108,3.03148739784956,0.1340196430683136,0.3404565155506134,0,0,0.09393392580489252,0.00973345898091793,61300
61400,100000,386,129,-0.1720206277384817,0.08055976033210754,-6.871490054745971,20.830373656004667,0.08055976033210754,0.4129467308521271,0,0,0.09393392580489252,0.009802061133086681,61400
61500,100000,386,229,-0.01967990446896822,0.09671390801668167,-12.872272748242594,43.90403361991048,0.09671390801668167,0.3372722864151001,0,0,0.09393392580489252,0.009780053049325943,61500
61600,100000,388,7,0.050871595230352805,0.413924902677536,1.0000086191461317,4.043111890554428,0.413924902677536,0.14708097279071808,0,0,0.09279795744811177,0.009708109311759472,61600
61700,100000,389,58,0.2847878938719377,0.33514174818992615,-13.22577238971243,53.085872605443,0.33514174818992615,0.17347736656665802,0,0,0.09259070066046525,0.00960307102650404,61700
61800,100000,389,158,-0.36861643914310954,0.029222022742033005,-22.16127185441663,65.77658458612859,0.029222022742033005,0.5767732262611389,0,0,0.09259070066046525,0.009684515185654163,61800
61900,100000,390,18,-0.3236810173559025,0.21177496016025543,-1.4718154350452468,5.259740084409714,0.21177496016025543,0.2318667322397232,0,0,0.09227453252909833,0.009740998968482018,61900
62000,100000,390,118,0.17547019530197416,0.2673221230506897,-5.454144277837147,27.217232735827565,0.2673221230506897,0.3282697796821594,0,0,0.09227453252909833,0.009663410484790802,62000
62100,100000,390,218,0.08739487284997505,0.4021504819393158,-8.974289677354996,45.90671696327627,0.4021504819393158,0.2030666619539261,0,0,0.09227453252909833,0.00960810948163271,62100
62200,100000,391,78,-0.0494390757189983,0.01799708977341652,-7.407383390574875,49.72068659774959,0.01799708977341652,0.7315051555633545,0,0,0.09181531303117596,0.009557589888572693,62200
62300,100000,391,178,-0.18771044289754701,0.17689289152622223,-25.08370820654077,64.3910651281476,0.17689289152622223,0.2552734315395355,0,0,0.09181531303117596,0.00961814820766449,62300
62400,100000,392,38,0.4015764986546989,3.800000011920929,-11.573069669242784,52.039364874362946,0.800000011920929,0.05820625647902489,0,0,0.09134611857237862,0.009598832577466965,62400
62500,100000,394,13,0.08479680727867132,0.07584986835718155,0.6706722331203112,0.8298532254993916,0.07584986835718155,0.48225194215774536,0,0,0.09148336730739867,0.009650476276874542,62500
62600,100000,394,113,0.026129226741408898,0.5973094701766968,-4.268753740664114,21.162560615688562,0.5973094701766968,0.17502109706401825,0,0,0.09148336730739867,0.009790322743356228,62600
62700,100000,395,78,-0.04470935481986551,0.15757709741592407,-8.529484000083642,47.647015422582626,0.15757709741592407,0.27051326632499695,0,0,0.09157775334222268,0.009752972051501274,62700
62800,100000,395,178,-0.12509680696423858,0.05187292769551277,-15.214851977681809,52.84811820462346,0.05187292769551277,0.6730520129203796,0,0,0.09157775334222268,0.009787451475858688,62800
62900,100000,396,38,-0.16599387516929967,3.820997655391693,-0.21000235093071024,73.4837346971035,0.8209976553916931,0.05742669105529785,0,0,0.09151466332277382,0.00975252129137516,62900
63000,100000,397,48,0.1012494094125082,0.6188287734985352,-8.389132302934259,15.582756228744984,0.6188287734985352,0.13880883157253265,0,0,0.09200615497973316,0.009744715876877308,63000
63100,100000,397,148,-0.2073864472521703,0.17554837465286255,-20.750028582791973,81.75151651911438,0.17554837465286255,0.7201378345489502,0,0,0.09200615497973316,0.009814295917749405,63100
63200,100000,398,8,0.013470971997228106,0.16894736886024475,-1.7983304412546048,1.6562984734773636,0.16894736886024475,0.3828604519367218,0,0,0.09249746657408862,0.009732136502861977,63200
63300,100000,399,36,-0.053803990999230555,0.03749711439013481,1.2030185364919237,2.3622273430228233,0.03749711439013481,0.5113521218299866,0,0,0.09275400046333256,0.009708006866276264,63300
63400,100000,400,54,0.16583871416488552,0.44757750630378723,0.8157996123604244,12.963301718235016,0.44757750630378723,0.18301720917224884,0,0,0.09278212554397876,0.009638560004532337,63400
63500,100000,401,99,0.0033194957341175836,0.15307848155498505,-10.481883361441442,64.6653440631926,0.15307848155498505,0.41982734203338623,0,0,0.09265688882347663,0.009673996828496456,63500
63600,100000,402,35,-0.25131757212338934,3.8144041299819946,0.11119942589518572,35.485386699438095,0.8144041299819946,0.09435628354549408,0,0,0.09248691156862202,0.009708845056593418,63600
63700,100000,403,53,0.03520396003198044,0.2975071668624878,0.5188455616766491,7.084870953112841,0.2975071668624878,0.25946542620658875,0,0,0.09249612455906801,0.009675657376646996,63700
63800,100000,403,153,0.07690530821053398,0.14634916186332703,-5.5899909270364585,46.54461919143796,0.14634916186332703,0.28035151958465576,0,0,0.09249612455906801,0.009677300229668617,63800
63900,100000,404,13,0.2511137207521867,0.08544107526540756,-0.5478800645862065,1.284584879875183,0.08544107526540756,0.4439484477043152,0,0,0.09235908316228002,0.009756525047123432,63900
64000,100000,405,52,-0.23088520764696596,3.8742416501045227,-7.501627651567688,19.394780531525612,0.8742416501045227,0.11302732676267624,0,0,0.09202376890215654,0.009779750369489193,64000
64100,100000,406,85,-0.05059961336798591,0.6082770228385925,-3.8445943609924877,30.372806161642075,0.6082770228385925,0.17618997395038605,0,0,0.09206364212137462,0.009888855740427971,64100
64200,100000,406,185,-0.01644839540730207,0.1586434692144394,-8.329861892882713,50.16226362623274,0.1586434692144394,0.32480373978614807,0,0,0.09206364212137462,0.009904093109071255,64200
64300,100000,408,15,-0.08005043107177955,0.2291780412197113,1.5796298079907478,3.598148822784424,0.2291780412197113,0.27756667137145996,0,0,0.09177645950239778,0.009828232228755951,64300
64400,100000,408,115,-0.08568345951049196,0.1214485764503479,-2.609818629319231,16.19827981479466,0.1214485764503479,0.3255231976509094,0,0,0.09177645950239778,0.009831354953348637,64400
64500,100000,408,215,-0.04574577172010248,0.11669381707906723,-5.9537194724437486,29.958406491205096,0.11669381707906723,0.31104162335395813,0,0,0.09177645950239778,0.009938216768205166,64500
64600,100000,410,43,0.004909841296349082,0.22708141803741455,-0.9295852241451152,6.0811808332800865,0.22708141803741455,0.25519806146621704,0,0,0.0908655817272147,0.009975505992770195,64600
64700,100000,410,143,-0.2188596115613627,0.20566397905349731,-7.566818778335017,28.681035567075014,0.20566397905349731,0.39471787214279175,0,0,0.0908655817272147,0.009930395521223545,64700
64800,100000,411,3,-0.429693642816884,0.36670419573783875,-1.4770837722774393,1.089056819677353,0.36670419573783875,0.2943683862686157,0,0,0.09019749162909145,0.009903248399496078,64800
64900,100000,411,103,-0.07475604616476919,0.08987100422382355,-2.2759820583809485,18.29465563595295,0.08987100422382355,0.7612890005111694,0,0,0.09019749162909145,0.009796972386538982,64900
65000,100000,411,203,-0.01544661898219495,0.06347761303186417,-16.19447466121423,25.375751577317715,0.06347761303186417,0.4492097496986389,0,0,0.09019749162909145,0.009807301685214043,65000
65100,100000,412,82,-0.12050291193997119,0.42971253395080566,-1.3218963614288874,24.74752140045166,0.42971253395080566,0.3221313953399658,0,0,0.089350380481216,0.009904938749969006,65100
65200,100000,412,182,-0.021996077004114625,0.1294967085123062,-24.90486029925636,128.27165109757334,0.1294967085123062,0.8998004198074341,0,0,0.089350380481216,0.009960499592125416,65200
65300,100000,413,42,0.17479525864635712,0.5838212370872498,-1.0906048007737312,11.733934342861176,0.5838212370872498,0.17010121047496796,0,0,0.088563038607127,0.009972024708986282,65300
65400,100000,413,142,-0.029752502170187843,0.10867007821798325,-5.438659398134036,41.52153096348047,0.10867007821798325,0.3208976984024048,0,0,0.088563038607127,0.009994527325034142,65400
65500,100000,414,8,-0.022765143170863738,0.1791437417268753,-1.6406943455718392,1.2443951666355133,0.1791437417268753,0.38407519459724426,0,0,0.0876409964567045,0.009935609996318817,65500
65600,100000,415,18,-0.1789460201092931,0.26024138927459717,-1.7721415652410026,2.9036942198872566,0.26024138927459717,0.320715993642807,0,0,0.08687979492344158,0.009930641390383244,65600
65700,100000,417,37,0.2988917860793668,0.4363296926021576,-1.9839781748617593,11.96505030989647,0.4363296926021576,0.1663622409105301,0,0,0.0858843668961893,0.009901944547891617,65700
65800,100000,419,60,0.058344148546071735,0.3383977711200714,-7.411225098078754,22.85916218161583,0.3383977711200714,0.17226330935955048,0,0,0.08499483143949785,0.00990833155810833,65800
65900,100000,419,160,-0.12613302228749973,0.03245687857270241,-15.412218063594784,41.83318058401346,0.03245687857270241,0.5221466422080994,0,0,0.08499483143949785,0.010004058480262756,65900
66000,100000,420,43,-0.179987828143815,0.6033496260643005,-0.3869032257790246,16.836605668067932,0.6033496260643005,0.12781332433223724,0,0,0.08463934561742875,0.010113178752362728,66000
66100,100000,421,69,0.09157075864627728,0.11945239454507828,-3.3299565996300564,25.315963082015514,0.11945239454507828,0.3078318238258362,0,0,0.08432947285940116,0.009987675584852695,66100
66200,100000,421,169,0.004900140854237161,0.17210358381271362,-4.461355315230816,33.34680753201246,0.17210358381271362,0.31645795702934265,0,0,0.08432947285940116,0.00996691919863224,66200
66300,100000,422,90,-0.02271564134903018,0.18867121636867523,-10.216737826883433,6.341795153915882,0.18867121636867523,0.3182990252971649,0,0,0.08386088277612648,0.00994620006531477,66300
66400,100000,422,190,-0.11827167047939674,0.02175796404480934,-13.177330565333015,14.15636745840311,0.02175796404480934,0.6353374123573303,0,0,0.08386088277612648,0.009996738284826279,66400
66500,100000,423,50,-0.02507726860293165,0.1959008276462555,-1.7255313683570952,88.70581932365894,0.1959008276462555,0.24195672571659088,0,0,0.08317724893882475,0.009928691200911999,66500
66600,100000,423,150,-0.04058000165119937,0.20805801451206207,-9.995105237513936,111.45285586081445,0.20805801451206207,0.545808732509613,0,0,0.08317724893882475,0.00990272406488657,66600
66700,100000,424,10,0.11672244047476447,0.09369868040084839,0.1025662389153825,1.2612344771623611,0.09369868040084839,0.341780424118042,0,0,0.08264637655880121,0.009748159907758236,66700
66800,100000,426,13,0.10309174936652475,0.2844224274158478,0.810672563328706,2.146537944674492,0.2844224274158478,0.34531283378601074,0,0,0.08125792677046946,0.009734084829688072,66800
66900,100000,426,113,-0.005016185977535361,0.2045484185218811,-9.255591071198719,42.09407593309879,0.2045484185218811,0.23635520040988922,0,0,0.08125792677046946,0.009726332500576973,66900
67000,100000,426,213,-0.2134296294886917,3.8270395398139954,-14.949762397866252,78.21288982406259,0.8270395398139954,0.0941627100110054,0,0,0.08125792677046946,0.009797201491892338,67000
67100,100000,428,28,-0.15728312255465682,3.8549415469169617,-7.449378962544477,44.82755282521248,0.8549415469169617,0.06114574894309044,0,0,0.0805921220075476,0.009831302799284458,67100
67200,100000,428,128,-0.058715913939541904,0.3319969177246094,-10.685440831839754,102.53014865890145,0.3319969177246094,0.19120386242866516,0,0,0.0805921220075476,0.009790840558707714,67200
67300,100000,428,228,-0.13922672873339992,0.016535919159650803,-16.949898751921996,179.83529533818364,0.016535919159650803,0.8093675971031189,0,0,0.0805921220075476,0.009758907370269299,67300
67400,100000,430,54,-0.07367460688671842,3.836138963699341,-3.24121945954675,33.733181811869144,0.8361389636993408,0.11994898319244385,0,0,0.08138259764640249,0.009736184030771255,67400
67500,100000,430,154,0.021100216052853966,0.09262003749608994,-7.9578724398892895,58.0750357657671,0.09262003749608994,0.38779062032699585,0,0,0.08138259764640249,0.00980229489505291,67500
67600,100000,431,14,0.16166310458009747,0.12018965184688568,2.2098960758144677,1.6662543192505836,0.12018965184688568,0.32466793060302734,0,0,0.08199469188862782,0.009928307496011257,67600
67700,100000,433,4,0.07324956358228285,0.08300196379423141,-0.04559039103729953,0.5005077794194221,0.08300196379423141,0.3974565863609314,0,0,0.08302200615388894,0.009934430941939354,67700
67800,100000,433,104,-0.06307384772256656,0.24532067775726318,-9.588049531011293,51.0535040833056,0.24532067775726318,0.27119165658950806,0,0,0.08302200615388894,0.009855061769485474,67800
67900,100000,433,204,-0.07509923711322308,0.11587823927402496,-12.957670188595932,59.27085841819644,0.11587823927402496,0.4606221914291382,0,0,0.08302200615388894,0.009767170995473862,67900
68000,100000,435,7,-0.24704641106786313,0.27533432841300964,-2.8732167257922447,2.015172064304352,0.27533432841300964,0.412659615278244,0,0,0.08383421942829551,0.00965781882405281,68000
68100,100000,436,37,-0.08638685607450544,0.46371984481811523,-0.1491659799105518,15.380182057619095,0.46371984481811523,0.13296803832054138,0,0,0.08397556951920421,0.009617900475859642,68100
68200,100000,437,89,-0.05956403434003569,0.016349032521247864,-8.95989736553871,53.91065372526646,0.016349032521247864,0.8242747187614441,0,0,0.08404025945744377,0.009680844843387604,68200
68300,100000,437,189,-0.26624859033838966,0.021403448656201363,-20.124324019388343,58.143845504149795,0.021403448656201363,0.6417413949966431,0,0,0.08404025945744377,0.009652616456151009,68300
68400,100000,438,49,-0.03862015952738041,0.2410426139831543,-0.27700760370819505,13.952718190848827,0.2410426139831543,0.2152322381734848,0,0,0.08396802188566006,0.009774127043783665,68400
68500,100000,439,40,-0.2024398412112186,0.7264671325683594,-1.6429053140820482,17.82317189872265,0.7264671325683594,0.12631088495254517,0,0,0.08374919854156665,0.00962271261960268,68500
68600,100000,439,140,-0.23011091667662542,0.24440544843673706,-7.762864114966361,60.88394005596638,0.24440544843673706,0.214480921626091,0,0,0.08374919854156665,0.009493160992860794,68600
68700,100000,439,240,-0.06684966305516328,0.28160253167152405,-20.60002318013339,87.76394753530622,0.28160253167152405,0.19543315470218658,0,0,0.08374919854156665,0.009524342603981495,68700
68800,100000,441,42,-0.08532881577943335,0.23745472729206085,-0.7418889630868484,12.827110037207603,0.23745472729206085,0.2171516865491867,0,0,0.08299080276688822,0.00960339605808258,68800
68900,100000,442,80,-0.0747335372796642,0.01803368143737316,-1.3884223828009674,13.23202451504767,0.01803368143737316,0.730079174041748,0,0,0.0824129555111792,0.009602105244994164,68900
69000,100000,442,180,-0.12202548509940885,0.07155344635248184,-8.284853531487526,28.77985331788659,0.07155344635248184,0.381395161151886,0,0,0.0824129555111792,0.009664632380008698,69000
69100,100000,443,40,-0.14128779442705108,0.25905951857566833,-1.5249296449605994,11.764731347560883,0.25905951857566833,0.2102464884519577,0,0,0.08168121418335128,0.009696686640381813,69100
69200,100000,444,64,0.0440643166134687,0.2456641048192978,-1.6773027206252142,16.472135797142982,0.2456641048192978,0.24772702157497406,0,0,0.08081528672169457,0.00976297166198492,69200
69300,100000,445,92,-0.08811568205062144,0.016601579263806343,-6.589749301006597,17.497332153841853,0.016601579263806343,0.8045408725738525,0,0,0.07984670548499023,0.009804646484553814,69300
69400,100000,447,8,-0.2159302720286405,0.46173930168151855,-1.2895472198691882,2.740776389837265,0.46173930168151855,0.21764035522937775,0,0,0.07757663059118139,0.009741152636706829,69400
69500,100000,448,9,-0.14448136347779617,0.33654066920280457,-2.697865130565318,2.245450235903263,0.33654066920280457,0.35932236909866333,0,0,0.07631517865190983,0.00962736178189516,69500
69600,100000,448,109,-0.05920708004974763,0.24453282356262207,-16.80242087533754,72.02293833345175,0.24453282356262207,0.21339406073093414,0,0,0.07631517865190983,0.009625189937651157,69600
69700,100000,449,65,-0.13809532361128454,0.19613274931907654,0.4529219003145579,16.022596761584282,0.19613274931907654,0.24180303514003754,0,0,0.07511668641880304,0.0096279913559556,69700
69800,100000,449,165,0.2331392123495439,0.42194321751594543,-6.0758737011148165,52.25556015409529,0.42194321751594543,0.1446933001279831,0,0,0.07511668641880304,0.00966331921517849,69800
69900,100000,450,25,-0.059829640306579834,0.0894380733370781,1.8541030338157298,2.463851895183325,0.0894380733370781,0.422130823135376,0,0,0.0738273092769423,0.009602714329957962,69900
70000,100000,450,125,-0.06169420260096832,0.0984029471874237,-1.374559087677843,33.27653146907687,0.0984029471874237,0.3348190486431122,0,0,0.0738273092769423,0.009677992202341557,70000
70100,100000,450,225,-0.14946160671605213,0.07799586653709412,-11.666020843423274,38.576788080856204,0.07799586653709412,0.4290063977241516,0,0,0.0738273092769423,0.009625406935811043,70100
70200,100000,452,30,0.17652135915123537,0.3008745312690735,0.12237104527391288,44.404349237680435,0.3008745312690735,0.18705980479717255,0,0,0.07114566658730569,0.00966920517385006,70200
70300,100000,454,37,-0.015416010687366748,3.800000011920929,-10.343445411907767,33.263595677912235,0.800000011920929,0.10971631109714508,0,0,0.06881500230088208,0.009628798812627792,70300
70400,100000,454,137,-0.2328013510522164,0.06468728184700012,-17.44299303221169,43.047374630346894,0.06468728184700012,0.6584758162498474,0,0,0.06881500230088208,0.009681697934865952,70400
70500,100000,454,237,0.1299191597230222,0.1494530439376831,-36.86648817978121,51.59532495774329,0.1494530439376831,0.2869851589202881,0,0,0.06881500230088208,0.009675431996583939,70500
70600,100000,455,97,-0.009590200969120563,0.016319775953888893,-6.485459716412319,68.1797072570771,0.016319775953888893,0.8267855048179626,0,0,0.06746128946293542,0.00963993463665247,70600
70700,100000,456,81,-0.026099932766054525,0.10730914026498795,-3.4326655972559634,6.574275925755501,0.10730914026498795,0.33190035820007324,0,0,0.06620218264121963,0.009651272557675838,70700
70800,100000,456,181,0.1428204459339019,0.07390504330396652,-10.416655042239613,27.72630563378334,0.07390504330396652,0.37651169300079346,0,0,0.06620218264121963,0.009565253742039204,70800
70900,100000,458,48,0.1516164443111682,3.800000011920929,-3.7352524613431646,54.98724116384983,0.800000011920929,0.10887014865875244,0,0,0.06400745152840528,0.009593816474080086,70900
71000,100000,460,60,-0.0856181969542567,3.80825537443161,0.7761574697453866,38.19806104153395,0.8082553744316101,0.08651339262723923,0,0,0.0628363760432291,0.009624158032238483,71000
71100,100000,461,54,-0.42334044348103883,0.3978765308856964,-8.408450509469596,18.655056089162827,0.3978765308856964,0.15200744569301605,0,0,0.0625846519330363,0.009769556112587452,71100
71200,100000,461,154,0.009891237902091916,0.27461662888526917,-12.367806706694136,47.66266814619303,0.27461662888526917,0.20151738822460175,0,0,0.0625846519330363,0.009840326383709908,71200
71300,100000,462,14,-0.043634363405709566,0.20952342450618744,-0.3513575948124267,4.338524505496025,0.20952342450618744,0.23324726521968842,0,0,0.06219531624146488,0.009865589439868927,71300
71400,100000,462,114,-0.16811390053798966,0.07022355496883392,-3.0972348395106795,25.508589318022132,0.07022355496883392,0.6851382851600647,0,0,0.06219531624146488,0.009786569513380527,71400
71500,100000,462,214,-0.08342734571187471,0.04485483467578888,-6.766426091934522,38.34378776885569,0.04485483467578888,0.4579348564147949,0,0,0.06219531624146488,0.009745227172970772,71500
71600,100000,464,33,0.025887020746205545,0.7170782089233398,-2.500525850322372,13.743894517421722,0.7170782089233398,0.1443505436182022,0,0,0.06096121952633264,0.009730067104101181,71600
71700,100000,464,133,-0.15812369071043605,0.2609555721282959,-9.050178380341677,58.56019180826843,0.2609555721282959,0.20510369539260864,0,0,0.06096121952633264,0.009804341942071915,71700
71800,100000,464,233,-0.13354475062780807,0.03203659877181053,-21.780916694339425,73.17699693515897,0.03203659877181053,0.5250601768493652,0,0,0.06096121952633264,0.009874828159809113,71800
71900,100000,466,27,-0.05610385702020387,0.2539120018482208,-0.9351060533431399,5.904308244585991,0.2539120018482208,0.22855453193187714,0,0,0.05970659762160357,0.00982255395501852,71900
72000,100000,467,16,0.04711033470557531,0.3726750612258911,-0.07270706357806093,3.925266332924366,0.3726750612258911,0.2658485770225525,0,0,0.059273946865924285,0.009769630618393421,72000
72100,100000,467,116,0.05895562764322193,0.25650858879089355,-11.560651357930158,68.87128608673811,0.25650858879089355,0.20899690687656403,0,0,0.059273946865924285,0.009814076125621796,72100
72200,100000,467,216,-0.22378962333796273,0.03281783312559128,-17.955066669698923,75.1108802035451,0.03281783312559128,0.770142674446106,0,0,0.059273946865924285,0.009780972264707088,72200
72300,100000,469,67,0.25975511321266753,0.07637735456228256,1.3990093859791548,54.238914526999,0.07637735456228256,0.3715832233428955,0,0,0.058039363597589017,0.009789865463972092,72300
72400,100000,470,89,-0.059490652031339714,0.4957100450992584,-8.480485003254378,35.75978979840875,0.4957100450992584,0.13805152475833893,0,0,0.057444101585151786,0.00970369391143322,72400
72500,100000,470,189,-0.14133834394148426,0.07353232055902481,-11.807355003844338,57.539675001055,0.07353232055902481,0.3772725760936737,0,0,0.057444101585151786,0.009646118618547916,72500
72600,100000,471,49,0.2323898083559499,0.39601752161979675,-2.156954859422063,90.4859781563282,0.39601752161979675,0.15259140729904175,0,0,0.05672729221963667,0.009570897556841373,72600
72700,100000,472,20,-0.13949986998733935,0.6048599481582642,-2.002309168025944,7.842773377895355,0.6048599481582642,0.17607636749744415,0,0,0.056198665697011464,0.009481105022132397,72700
72800,100000,472,120,-0.0683959215968605,0.1557818353176117,-5.687606508406124,76.98295772075653,0.1557818353176117,0.3933771252632141,0,0,0.056198665697011464,0.009515381418168545,72800
72900,100000,472,220,-0.30986448376886205,0.38102903962135315,-15.324354998036819,98.9298049993813,0.38102903962135315,0.1884939819574356,0,0,0.056198665697011464,0.009601051919162273,72900
73000,100000,473,80,-0.006804831981879329,0.02807329222559929,1.039487765262298,11.479995848610997,0.02807329222559929,0.7195898294448853,0,0,0.055720339592325384,0.009517241269350052,73000
73100,100000,474,49,-0.08493090119940307,0.07725357264280319,-5.312940919380324,20.93830619752407,0.07725357264280319,0.3698839843273163,0,0,0.055050115545732026,0.009641773998737335,73100
73200,100000,475,93,-0.1745331821305017,0.37197959423065186,-9.42525743038587,84.24057631194592,0.37197959423065186,0.2772727608680725,0,0,0.05432899471317124,0.009751707315444946,73200
73300,100000,476,73,-0.10043769754494208,0.28068581223487854,-5.557094422394897,35.97522518783808,0.28068581223487854,0.19584639370441437,0,0,0.053933417176671834,0.009785188362002373,73300
73400,100000,477,18,0.16132110633203564,0.5962550640106201,0.5117017534418686,6.192190185189247,0.5962550640106201,0.19798287749290466,0,0,0.053432049023529625,0.00985040608793497,73400
73500,100000,478,40,-0.3742225346521035,0.39397215843200684,-1.4274953992823187,11.175947785377502,0.39397215843200684,0.18635226786136627,0,0,0.05329176400287302,0.00977471936494112,73500
73600,100000,478,140,-0.12694003445559304,0.3407559394836426,-9.156204890499705,56.361605575308204,0.3407559394836426,0.2852090001106262,0,0,0.05329176400287302,0.00969437975436449,73600
73700,100000,478,240,0.13888749776715267,0.1926308125257492,-12.786767884243083,181.19632911868393,0.1926308125257492,0.41294485330581665,0,0,0.05329176400287302,0.00964879710227251,73700
73800,100000,480,45,-0.10252799328072643,0.41832682490348816,-2.2986254119776968,90.56575957685709,0.41832682490348816,0.1457643061876297,0,0,0.053838495034214125,0.009679372422397137,73800
73900,100000,481,89,-0.04082143536172531,0.03732837364077568,-2.28157519834144,49.01503822952509,0.03732837364077568,0.49270716309547424,0,0,0.05495878429387257,0.009649951010942459,73900
74000,100000,481,189,-0.061663003259753,0.29773902893066406,-7.098593662637791,66.50809958018363,0.29773902893066406,0.19014479219913483,0,0,0.05495878429387257,0.009660609997808933,74000
74100,100000,482,52,-0.3169726049922458,0.4294357895851135,-8.904105400224541,15.980334058403969,0.4294357895851135,0.1829826384782791,0,0,0.055911368925591,0.009631985798478127,74100
74200,100000,482,152,-0.09629269801979384,0.5251082181930542,-17.01133666382008,35.07079611904919,0.5251082181930542,0.1700088232755661,0,0,0.055911368925591,0.009620633907616138,74200
74300,100000,483,12,0.2859899867295715,0.09518719464540482,3.918478972949379,1.741999812424183,0.09518719464540482,0.3395337462425232,0,0,0.05667265038919753,0.009632757864892483,74300
74400,100000,486,53,0.09974264361285058,0.19027312099933624,-1.3568033049088133,16.931891933083534,0.19027312099933624,0.24574778974056244,0,0,0.05790916091563211,0.00963016226887703,74400
74500,100000,487,60,-0.2598421669986199,0.03401731699705124,-3.5561503620564814,86.05909671261907,0.03401731699705124,0.5119085907936096,0,0,0.05812425193685823,0.00964321754872799,74500
74600,100000,489,50,-0.10170221673572151,0.7803354263305664,-6.612164749283815,61.48017843067646,0.7803354263305664,0.12423527985811234,0,0,0.05962220173255302,0.009716375730931759,74600
74700,100000,489,150,-0.06633195463704412,0.37893566489219666,-12.332296438822624,125.44802645593882,0.37893566489219666,0.15809465944766998,0,0,0.05962220173255302,0.009835110045969486,74700
74800,100000,490,10,0.01243541754029792,0.3363809883594513,-1.8200067689806594,2.2685901075601578,0.3363809883594513,0.32671061158180237,0,0,0.0606000424098898,0.009745598770678043,74800
74900,100000,490,110,0.07972721242320795,0.04511728510260582,-7.964749923446686,37.189002715051174,0.04511728510260582,0.45688679814338684,0,0,0.0606000424098898,0.009683458134531975,74900
75000,100000,490,210,-0.3100827549690582,0.07830585539340973,-21.694186082770543,43.032909739762545,0.07830585539340973,0.43187394738197327,0,0,0.0606000424098898,0.009711280465126038,75000
75100,100000,492,6,0.2530867719150853,0.32668203115463257,-0.22212389183000586,1.3340423256158829,0.32668203115463257,0.4386734962463379,0,0,0.06191787245760447,0.009716041386127472,75100
75200,100000,493,51,-0.041581296687396206,0.12496956437826157,1.9473897327542102,4.957639783620834,0.12496956437826157,0.321266233921051,0,0,0.06232510128396205,0.009778742678463459,75200
75300,100000,493,151,-0.28802752753158617,0.03618685156106949,-6.832991646905794,36.93601819500327,0.03618685156106949,0.49898600578308105,0,0,0.06232510128396205,0.009790532290935516,75300
75400,100000,495,14,-0.4805806161973164,0.4123515784740448,-4.41693416838685,5.698003366589546,0.4123515784740448,0.21530668437480927,0,0,0.062538852363149,0.009732024744153023,75400
75500,100000,497,13,-0.2965665324706277,0.244291752576828,0.9565015291522718,5.367696464061737,0.244291752576828,0.21467362344264984,0,0,0.06221547726574613,0.009846973232924938,75500
75600,100000,497,113,-0.09945168217717047,0.35087350010871887,-5.5400131135595325,41.39635958708823,0.35087350010871887,0.23732762038707733,0,0,0.06221547726574613,0.00986498687416315,75600
75700,100000,497,213,-0.11929347314228948,0.29883185029029846,-11.829132947258072,102.22056376375258,0.29883185029029846,0.18792012333869934,0,0,0.06221547726574613,0.009953449480235577,75700
75800,100000,499,20,-0.11840233796327539,0.4051457941532135,-1.474406222761961,5.28263446688652,0.4051457941532135,0.26855066418647766,0,0,0.06167105859082706,0.010030806995928288,75800
75900,100000,499,120,0.10058213214645065,0.22339773178100586,-9.640988501221344,82.53833200968802,0.22339773178100586,0.2249823808670044,0,0,0.06167105859082706,0.009932043962180614,75900
76000,100000,501,50,-0.09929997744338159,0.2881740927696228,-1.8811210081686247,23.27677032351494,0.2881740927696228,0.19251179695129395,0,0,0.060968325082653714,0.00992278940975666,76000
76100,100000,501,150,-0.05082711797568209,0.028081079944968224,-5.25987984702572,41.52014282532036,0.028081079944968224,0.5566283464431763,0,0,0.060968325082653714,0.009963934309780598,76100
76200,100000,502,10,0.04549795728537724,0.07611068338155746,-1.0518366050659684,1.1986603662371635,0.07611068338155746,0.3721051812171936,0,0,0.060389886022785465,0.009908548556268215,76200
76300,100000,502,110,0.016119129255932004,0.6841055154800415,-3.855211787094165,23.77820611000061,0.6841055154800415,0.1611129492521286,0,0,0.060389886022785465,0.009838285855948925,76300
76400,100000,502,210,-0.15990288135196765,0.1308913379907608,-11.31127514624868,39.47317467071116,0.1308913379907608,0.49919620156288147,0,0,0.060389886022785465,0.009831725619733334,76400
76500,100000,503,70,-0.08642248854271004,0.5495649576187134,-10.693568308313852,49.61316627264023,0.5495649576187134,0.13347011804580688,0,0,0.05966285585825357,0.009806324727833271,76500
76600,100000,504,80,-0.2753092983915622,0.44139501452445984,-17.016478746753208,17.59683094918728,0.44139501452445984,0.16341985762119293,0,0,0.059023608710145004,0.009823818691074848,76600
76700,100000,504,180,-0.11949477223630567,0.11246383935213089,-39.250216989741304,51.03196136653423,0.11246383935213089,0.31613656878471375,0,0,0.059023608710145004,0.009904707781970501,76700
76800,100000,505,40,0.16288019248426786,0.7605951428413391,-4.777941843875068,58.96159741282463,0.7605951428413391,0.12829802930355072,0,0,0.058269762481782894,0.00988725759088993,76800
76900,100000,505,140,0.0180913626321464,0.08143960684537888,-8.440175948450335,68.8865115866065,0.08143960684537888,0.4975244700908661,0,0,0.058269762481782894,0.009838773868978024,76900
77000,100000,505,240,-0.303544449319088,0.1995108276605606,-22.925292922857967,87.59701370447874,0.1995108276605606,0.2395864576101303,0,0,0.058269762481782894,0.00984141044318676,77000
77100,100000,507,76,-0.0011254865182447026,0.43325161933898926,-9.645338055012507,114.5375359505415,0.43325161933898926,0.1414046585559845,0,0,0.05647591350235136,0.009751981124281883,77100
77200,100000,507,176,-0.10189643928787577,0.05077977478504181,-19.547193022114893,195.83004755154252,0.05077977478504181,0.43625298142433167,0,0,0.05647591350235136,0.009746425785124302,77200
77300,100000,508,36,0.05846628855827772,0.21070407330989838,-0.29690931748166083,7.414260670542717,0.21070407330989838,0.23252137005329132,0,0,0.055682827718601294,0.009876043535768986,77300
77400,100000,508,136,-0.013416575820085673,0.043678753077983856,-9.455646072743347,23.00223939679563,0.043678753077983856,0.462747186422348,0,0,0.055682827718601294,0.009815779514610767,77400
77500,100000,509,78,-0.17272021725325362,0.022176362574100494,-11.347719920409812,51.07840324565768,0.022176362574100494,0.6281944513320923,0,0,0.05473333327189544,0.00966800656169653,77500
77600,100000,509,178,-0.06157355101640753,0.26033440232276917,-30.07885557431202,74.34256876632571,0.26033440232276917,0.20584656298160553,0,0,0.05473333327189544,0.009631401859223843,77600
77700,100000,510,38,-0.44909992187295933,0.4621335566043854,-5.44696023686847,9.436065763235092,0.4621335566043854,0.17599709331989288,0,0,0.053841889376909105,0.009612655267119408,77700
77800,100000,512,63,-0.015022025122336129,0.14562898874282837,-3.4103470020212803,7.578066609799862,0.14562898874282837,0.3617463707923889,0,0,0.0533411996517712,0.009598501957952976,77800
77900,100000,512,163,-0.15488069388798728,0.748071551322937,-12.06825105097324,128.73157949000597,0.748071551322937,0.13533909618854523,0,0,0.0533411996517712,0.009514891542494297,77900
78000,100000,513,23,-0.10903566862701787,3.8825763463974,-3.1778804230678763,55.429389744997025,0.8825763463973999,0.04713643714785576,0,0,0.05376592384812193,0.009600901044905186,78000
78100,100000,514,95,-0.030363400450710752,0.08838098496198654,-6.074991928786937,137.08348912000656,0.08838098496198654,0.35016876459121704,0,0,0.05537068401267066,0.009619276970624924,78100
78200,100000,515,6,-0.11311532387881876,0.7379193902015686,-0.0677651817257217,3.964057505130768,0.7379193902015686,0.14024753868579865,0,0,0.05702457274656334,0.009682049974799156,78200
78300,100000,515,106,-0.06955707718102888,0.08788818120956421,-5.657821181648876,35.57726282812655,0.08788818120956421,0.41348958015441895,0,0,0.05702457274656334,0.009660863317549229,78300
78400,100000,516,22,-0.025040593490360905,0.16080860793590546,-0.8265759377431996,5.387935183942318,0.16080860793590546,0.2811132073402405,0,0,0.058448232814811985,0.009655438363552094,78400
78500,100000,517,20,0.3162181660713576,0.06480556726455688,0.05509660596905447,1.4793260395526886,0.06480556726455688,0.45011162757873535,0,0,0.05968101725030621,0.009680313989520073,78500
78600,100000,518,78,0.011012862648624586,0.08469920605421066,0.8689601953880417,16.148729940876365,0.08469920605421066,0.6094927191734314,0,0,0.06061613824654076,0.009557854384183884,78600
78700,100000,520,14,0.047501175866216536,0.07711637765169144,0.9987929405634222,1.02946687489748,0.07711637765169144,0.40421539545059204,0,0,0.06186578203984521,0.00957632064819336,78700
78800,100000,520,114,-0.25199848895136256,0.24791806936264038,-2.4015264924781707,42.96858832985163,0.24791806936264038,0.21163766086101532,0,0,0.06186578203984521,0.009647986851632595,78800
78900,100000,523,9,-0.12793153726222734,0.6457431316375732,-0.2032933075348106,4.620031982660294,0.6457431316375732,0.18138109147548676,0,0,0.06412666981328745,0.009714360348880291,78900
79000,100000,523,109,-0.06315328317620017,0.0638909563422203,-4.253440775474831,41.449881631881,0.0638909563422203,0.4857323169708252,0,0,0.06412666981328745,0.009784115478396416,79000
79100,100000,523,209,0.010067567817132996,0.4811694025993347,-10.474243655344454,56.38587808981538,0.4811694025993347,0.19505703449249268,0,0,0.06412666981328745,0.009793721139431,79100
79200,100000,524,69,0.14286480376932076,0.2925906777381897,-3.0027174750405488,17.424216628074646,0.2925906777381897,0.19555579125881195,0,0,0.06482239181049092,0.009816664271056652,79200
79300,100000,525,59,0.03062140822700488,0.23273228108882904,0.8805328788101118,8.729871459305286,0.23273228108882904,0.3030412197113037,0,0,0.06531698151672735,0.009833923541009426,79300
79400,100000,526,65,0.17792145431303538,0.18413877487182617,-1.6215241057094332,19.381141260266304,0.18413877487182617,0.2500213086605072,0,0,0.06557830403177127,0.00974965188652277,79400
79500,100000,526,165,-0.02117668680814127,0.019230622798204422,-3.006054313402707,28.444956440478563,0.019230622798204422,0.6908727288246155,0,0,0.06557830403177127,0.009822760708630085,79500
79600,100000,528,61,0.1029046794703219,0.16676686704158783,-1.131101721216978,21.259515404701233,0.16676686704158783,0.26302099227905273,0,0,0.06553436781543985,0.00977071188390255,79600
79700,100000,529,67,-0.017654101126505357,0.2509160339832306,-1.370471142526088,14.763943083584309,0.2509160339832306,0.42720115184783936,0,0,0.06529168268892345,0.009794104844331741,79700
79800,100000,529,167,-0.02909813741883413,0.28488245606422424,-5.112436535092816,32.03591523133218,0.28488245606422424,0.35155224800109863,0,0,0.06529168268892345,0.00987565703690052,79800
79900,100000,531,11,0.17104388360450684,0.4869452714920044,-1.827444560647392,3.505468785762787,0.4869452714920044,0.2444993406534195,0,0,0.06562571534659922,0.00981128215789795,79900
80000,100000,531,111,-0.002789237226102159,0.19568370282649994,-1.8050590150674555,26.76315671391785,0.19568370282649994,0.3761362135410309,0,0,0.06562571534659922,0.009898130781948566,80000
80100,100000,533,55,0.07980374218297583,0.13576671481132507,-0.7336598698938642,6.43786646425724,0.13576671481132507,0.31444960832595825,0,0,0.06642309802839354,0.009884989820420742,80100
80200,100000,533,155,-0.13561614448072823,0.051327746361494064,-11.706499576990346,24.87406260892749,0.051327746361494064,0.4420233368873596,0,0,0.06642309802839354,0.009785613045096397,80200
80300,100000,534,15,0.08332456894195267,0.4295695722103119,-2.611932164623968,4.447163909673691,0.4295695722103119,0.31534072756767273,0,0,0.06655879326135432,0.00975307822227478,80300
80400,100000,534,115,0.18840644271662071,0.12187285721302032,-2.166162068005889,21.868829602375627,0.12187285721302032,0.3944481611251831,0,0,0.06655879326135432,0.009703352116048336,80400
80500,100000,534,215,0.08040805578278393,0.07842550426721573,-10.476886906738299,98.13378883339465,0.07842550426721573,0.36764824390411377,0,0,0.06655879326135432,0.009724634699523449,80500
80600,100000,536,8,-0.02305860987246918,0.6297264695167542,-0.4088561463220541,3.963456094264984,0.6297264695167542,0.17399422824382782,0,0,0.06644069207049483,0.009715545922517776,80600
80700,100000,537,35,-0.05986577179028309,0.5521686673164368,0.0920532839967942,11.629959672689438,0.5521686673164368,0.15804173052310944,0,0,0.06620532232133786,0.009711405262351036,80700
80800,100000,537,135,0.16467262904832722,0.11250411719083786,-4.136994247632891,29.803284108638763,0.11250411719083786,0.39795011281967163,0,0,0.06620532232133786,0.009735524654388428,80800
80900,100000,539,11,0.042424633521353526,0.23592166602611542,-0.6617025506143587,3.7652620524168015,0.23592166602611542,0.21798129379749298,0,0,0.06568394998965302,0.009707673452794552,80900
81000,100000,539,111,0.13872777668412123,0.12456316500902176,-0.4063740414202805,28.454184658825397,0.12456316500902176,0.30210286378860474,0,0,0.06568394998965302,0.00961313210427761,81000
81100,100000,539,211,0.02122498801327252,0.04966816306114197,-4.709409953602251,36.77994141355157,0.04966816306114197,0.4400334358215332,0,0,0.06568394998965302,0.009517631493508816,81100
81200,100000,541,32,-0.3242314630936906,0.4168907403945923,-1.5252065536348325,17.054171830415726,0.4168907403945923,0.146192267537117,0,0,0.06497257468154319,0.009496510960161686,81200
81300,100000,543,7,0.0749228790184405,0.2781798839569092,0.14380682646544707,2.865468531847,0.2781798839569092,0.19698332250118256,0,0,0.06402822246056628,0.009470251388847828,81300
81400,100000,544,30,0.2695893715921226,0.31590506434440613,-4.167846494383617,9.286598861217499,0.31590506434440613,0.21551747620105743,0,0,0.06368755498002161,0.009621849283576012,81400
81500,100000,545,64,0.18728390651887422,0.037341177463531494,-2.3716855839853315,16.528194293379784,0.037341177463531494,0.49263855814933777,0,0,0.0631846833557417,0.009649274870753288,81500
81600,100000,546,91,0.052294141867865115,0.22950458526611328,-1.5922151985182529,24.013742350041866,0.22950458526611328,0.34311288595199585,0,0,0.06254678412056447,0.00978135410696268,81600
81700,100000,548,7,0.08489556646100588,0.2530359625816345,0.19995307924239913,1.4798230081796646,0.2530359625816345,0.3854822516441345,0,0,0.06092810850443985,0.009833979420363903,81700
81800,100000,548,107,-0.07814255793584493,0.5293175578117371,-8.827397342292747,53.68531173467636,0.5293175578117371,0.1432521492242813,0,0,0.06092810850443985,0.009719864465296268,81800
81900,100000,548,207,-1.5734734776043504,0.0336846224963665,-75.95473947482101,66.61881073191762,0.0336846224963665,0.766478955745697,0,0,0.06092810850443985,0.00960126705467701,81900
82000,100000,550,24,-0.5234709169631344,0.695976972579956,-5.497030788336426,10.924586236476898,0.695976972579956,0.14369116723537445,0,0,0.05887749474132352,0.009524919092655182,82000
82100,100000,550,124,0.13299776672727842,0.11972387135028839,-8.097850179515627,37.89870758168399,0.11972387135028839,0.5043964385986328,0,0,0.05887749474132352,0.009406146593391895,82100
82200,100000,551,18,-0.1634123199599543,0.5072415471076965,-2.7053820221124867,6.184563159942627,0.5072415471076965,0.20697607100009918,0,0,0.05782580046112482,0.009486297145485878,82200
82300,100000,552,10,0.23149066181034414,0.18569299578666687,0.7063820140866959,2.2130595594644547,0.18569299578666687,0.2659866511821747,0,0,0.05703347288086585,0.009488169103860855,82300
82400,100000,553,33,0.0889040789613132,0.5664545893669128,-1.761603430082116,8.96856827288866,0.5664545893669128,0.1825985163450241,0,0,0.05649473763443034,0.009507897309958935,82400
82500,100000,553,133,-0.08900309885969392,0.08373652398586273,-6.32539442164453,21.916362995281816,0.08373652398586273,0.8617717623710632,0,0,0.05649473763443034,0.00945059210062027,82500
82600,100000,553,233,-0.14470084564526992,0.1658264696598053,-11.291327406526271,40.988892229273915,0.1658264696598053,0.2637665569782257,0,0,0.05649473763443034,0.009427106939256191,82600
82700,100000,554,93,-0.10961767433800272,0.034560561180114746,-4.20650673903403,37.86968044936657,0.034560561180114746,0.5085399150848389,0,0,0.05579517673890056,0.009492563083767891,82700
82800,100000,554,193,-0.09564743524126756,0.07900059968233109,-9.802464988206985,45.98323348350823,0.07900059968233109,0.36656615138053894,0,0,0.05579517673890056,0.009546362794935703,82800
82900,100000,555,53,0.17584815461541964,0.20518352091312408,1.1725253562317246,21.657498717308044,0.20518352091312408,0.2359539270401001,0,0,0.05495679212331695,0.009568328969180584,82900
83000,100000,557,21,-0.449880017804262,0.6551278233528137,-0.7625083623241301,9.896211832761765,0.6551278233528137,0.1344047337770462,0,0,0.053204633078901976,0.009563256986439228,83000
83100,100000,559,71,-0.1696339477550101,3.800000011920929,-6.423129630086541,108.82097969204187,0.800000011920929,0.1047181785106659,0,0,0.052168671896494295,0.00955691933631897,83100
83200,100000,560,75,-0.358651939191773,0.44262251257896423,-12.433533631357347,33.76835769414902,0.44262251257896423,0.13874615728855133,0,0,0.05208818798510716,0.009660734795033932,83200
83300,100000,562,7,0.39815695198496426,0.44417718052864075,1.3930253501513274,2.7536302506923676,0.44417718052864075,0.27757278084754944,0,0,0.05158583102126704,0.009604166261851788,83300
83400,100000,564,31,-0.3512243459549157,0.517123281955719,-2.5381142183278005,12.791840702295303,0.517123281955719,0.157026007771492,0,0,0.05069595655718171,0.009633501060307026,83400
83500,100000,564,131,-0.05643749608174845,0.06745331734418869,-11.552541958319951,111.47102360613644,0.06745331734418869,0.6113564968109131,0,0,0.05069595655718171,0.009569885209202766,83500
83600,100000,564,231,-0.03173938346012635,0.11725124716758728,-20.469133911886033,126.1150143686682,0.11725124716758728,0.310386061668396,0,0,0.05069595655718171,0.009596342220902443,83600
83700,100000,565,91,0.05315672144527411,0.20487895607948303,-5.621574752144373,20.61308152973652,0.20487895607948303,0.3589276671409607,0,0,0.05019464772904962,0.009666199795901775,83700
83800,100000,565,191,-0.09953582801061436,0.2878589928150177,-14.076483569690684,32.90589921362698,0.2878589928150177,0.271045982837677,0,0,0.05019464772904962,0.009568260051310062,83800
83900,100000,566,51,-0.08914898952251976,0.327792763710022,2.310823142067994,5.129447992891073,0.327792763710022,0.30138102173805237,0,0,0.04952832530671806,0.009504243731498718,83900
84000,100000,566,151,0.07078660242803828,0.261995792388916,-3.7004333816251345,152.30228104814887,0.261995792388916,0.239333376288414,0,0,0.04952832530671806,0.009464048780500889,84000
84100,100000,567,11,0.20742846070669252,0.06277306377887726,1.0707184327030976,0.67544761672616,0.06277306377887726,0.4952491819858551,0,0,0.048977656572100146,0.009441970847547054,84100
84200,100000,568,42,-0.15653062595043166,0.5157883763313293,0.6944716555920301,14.612336479127407,0.5157883763313293,0.1485065370798111,0,0,0.0482616234260167,0.009462500922381878,84200
84300,100000,570,46,0.07174315779853004,0.35829371213912964,-1.1674134386202435,9.825671061873436,0.35829371213912964,0.17437230050563812,0,0,0.04662882452242943,0.009555074386298656,84300
84400,100000,570,146,-0.2656796704132751,3.8237573504447937,-24.401324331923036,336.00025187432766,0.8237573504447937,0.09344387799501419,0,0,0.04662882452242943,0.00966239720582962,84400
84500,100000,571,6,-0.3261866724119571,0.22807763516902924,-3.2628486841364484,1.073780171573162,0.22807763516902924,0.5275218486785889,0,0,0.04664347609713055,0.009709456004202366,84500
84600,100000,571,106,0.08334133774114633,0.05088955909013748,-6.042883101843001,36.02066943794489,0.05088955909013748,0.4358859956264496,0,0,0.04664347609713055,0.009734869934618473,84600
84700,100000,571,206,0.08532724407088042,0.14105096459388733,-7.469370074967183,45.047652050852776,0.14105096459388733,0.301371306180954,0,0,0.04664347609713055,0.009693016298115253,84700
84800,100000,572,66,-0.002300397539216892,0.31294986605644226,-1.835981530430833,24.865158766508102,0.31294986605644226,0.1820962280035019,0,0,0.046481518091339186,0.009657754562795162,84800
84900,100000,572,166,-0.05395066025513604,0.01780693605542183,-2.267202671879801,33.12989547662437,0.01780693605542183,0.7392014861106873,0,0,0.046481518091339186,0.009648939594626427,84900
85000,100000,573,26,-0.004017686266492283,0.3327922821044922,2.897366393666669,3.4060848727822304,0.3327922821044922,0.3066551089286804,0,0,0.046132770656315804,0.009574143216013908,85000
85100,100000,575,21,0.2422673700705115,0.6644914746284485,-1.6078760454776477,10.116749197244644,0.6644914746284485,0.16302604973316193,0,0,0.0450123134453449,0.009474086575210094,85100
85200,100000,577,50,0.06495712871655794,0.07927670329809189,1.6285002791291483,13.229825802147388,0.07927670329809189,0.3660500943660736,0,0,0.04354992831815184,0.009459334425628185,85200
85300,100000,577,150,-0.17156894103625667,0.574644148349762,-1.4203278695265757,35.756315510720015,0.574644148349762,0.16294190287590027,0,0,0.04354992831815184,0.009447069838643074,85300
85400,100000,579,4,0.13167800882241515,0.6154617667198181,-0.06607882376821145,2.0188064873218536,0.6154617667198181,0.24666711688041687,0,0,0.04154987519079,0.00949598103761673,85400
85500,100000,582,34,0.034857139420539605,0.07094963639974594,-0.16333029710912708,2.4624288752675056,0.07094963639974594,0.453808069229126,0,0,0.039844335201653876,0.009577754884958267,85500
85600,100000,583,37,-0.3811237723806284,0.20813411474227905,0.8313801397173073,7.17868322879076,0.20813411474227905,0.23889155685901642,0,0,0.03904436589288057,0.009544099681079388,85600
85700,100000,586,3,-0.1538180991065736,0.2771133780479431,-0.7029803722772805,0.7289394587278366,0.2771133780479431,0.44298434257507324,0,0,0.03657354989149696,0.0094910878688097,85700
85800,100000,586,103,-0.09659045673717019,0.14548219740390778,-6.3788331815458665,23.16068096458912,0.14548219740390778,0.48818859457969666,0,0,0.03657354989149696,0.009509860537946224,85800
85900,100000,588,38,-0.17775516043977205,0.2966823875904083,0.07936731612992273,10.460829555988312,0.2966823875904083,0.2018713355064392,0,0,0.035566041300700214,0.009654125198721886,85900
86000,100000,589,57,0.006497931859110632,0.5847871899604797,-2.519432295643439,20.619779482483864,0.5847871899604797,0.15640239417552948,0,0,0.0354122916501305,0.009624768048524857,86000
86100,100000,589,157,-0.38281405751613884,0.056324802339076996,-9.849217524016153,52.94232460483909,0.056324802339076996,0.42949166893959045,0,0,0.0354122916501305,0.009634158574044704,86100
86200,100000,590,17,-0.021295283745528783,0.1216215267777443,-0.8583128734605814,3.2201242595911026,0.1216215267777443,0.3451657295227051,0,0,0.035110944547066716,0.00961107388138771,86200
86300,100000,591,42,-0.006367960190218458,0.25759610533714294,-7.513910280619356,36.31176981329918,0.25759610533714294,0.20675362646579742,0,0,0.034886046702744894,0.00965036079287529,86300
86400,100000,591,142,0.10183763525754891,0.0667702928185463,-14.432943923730143,44.69122117012739,0.0667702928185463,0.46155470609664917,0,0,0.034886046702744894,0.00967602152377367,86400
86500,100000,592,2,0.06489086109468012,0.13951312005519867,0.055573957627428054,0.24472017586231232,0.13951312005519867,0.5996742844581604,0,0,0.03453277074956102,0.009653582237660885,86500
86600,100000,595,20,-0.3606265407113705,0.3476291298866272,-3.7931410180513554,27.0825307816267,0.3476291298866272,0.16888654232025146,0,0,0.03252917836074274,0.009701459668576717,86600
86700,100000,597,31,0.008820013302727213,0.7297383546829224,0.29570120722336013,12.378978177905083,0.7297383546829224,0.1354040652513504,0,0,0.03114132452307571,0.00971823837608099,86700
86800,100000,601,20,-0.2461942778707464,0.28714072704315186,-1.213170826647601,6.1938061118125916,0.28714072704315186,0.22882436215877533,0,0,0.027535343696898938,0.00972936674952507,86800
86900,100000,601,120,0.0191251995390847,0.07825504243373871,-5.179976336547085,68.40934079885483,0.07825504243373871,0.6105811595916748,0,0,0.027535343696898938,0.009740334935486317,86900
87000,100000,601,220,-0.16745005390561477,0.06920666247606277,-8.147417245532258,86.25629540532827,0.06920666247606277,0.38647517561912537,0,0,0.027535343696898938,0.009725743904709816,87000
87100,100000,602,80,-0.06094644457725991,0.16681931912899017,-1.0900638100993865,20.957300938665867,0.16681931912899017,0.7572981715202332,0,0,0.026543315490508004,0.009713360108435154,87100
87200,100000,604,14,0.20281930649729218,0.05857118219137192,-2.3978137413819365,1.291444692760706,0.05857118219137192,0.4371890425682068,0,0,0.024944134991193006,0.009640440344810486,87200
87300,100000,605,52,0.12445048715089506,0.4091654121875763,1.177410553121699,15.838101647794247,0.4091654121875763,0.1485210508108139,0,0,0.024203602556361985,0.009681361727416515,87300
87400,100000,606,90,-0.10705871835859916,0.38702282309532166,-8.43587822931759,197.53343069553375,0.38702282309532166,0.1554577350616455,0,0,0.02337621579405265,0.009596219286322594,87400
87500,100000,606,190,-0.01899500222320121,0.30088192224502563,-13.100835372144044,290.4180185124278,0.30088192224502563,0.18705670535564423,0,0,0.02337621579405265,0.009643037803471088,87500
87600,100000,607,50,-0.003200316883119161,0.1267012357711792,-0.13696958911957077,8.32275877147913,0.1267012357711792,0.2997850179672241,0,0,0.022931059555879166,0.00961826741695404,87600
87700,100000,607,150,-0.01214092440790937,0.06932950764894485,-7.51045318228239,13.545861907303333,0.06932950764894485,0.5978714227676392,0,0,0.022931059555879166,0.009632895700633526,87700
87800,100000,608,10,-0.028144590396555313,0.6412380337715149,-0.5912457881363209,6.491799712181091,0.6412380337715149,0.12453743070363998,0,0,0.022292549026926376,0.009563055820763111,87800
87900,100000,608,110,0.18301836352430495,0.17307345569133759,-2.7883485507614765,105.98079143092036,0.17307345569133759,0.3336773216724396,0,0,0.022292549026926376,0.009450934827327728,87900
88000,100000,609,89,-0.08256864254072199,0.14410457015037537,-3.852925791838459,69.47642309218645,0.14410457015037537,0.42191779613494873,0,0,0.021859572696113386,0.009469940327107906,88000
88100,100000,610,67,-0.0034258302948212862,0.10944590717554092,-0.05065929867677395,28.079663179814816,0.10944590717554092,0.3199085593223572,0,0,0.021678461312400362,0.009532970376312733,88100
88200,100000,611,29,-0.5731191793103149,0.480502724647522,-0.24381845248687517,11.690194800496101,0.480502724647522,0.1493150144815445,0,0,0.021384050842395003,0.009596945717930794,88200
88300,100000,612,91,-0.05467312701594425,0.5640803575515747,-2.711628568796786,45.51253344118595,0.5640803575515747,0.1935543268918991,0,0,0.02137450988282082,0.009622886776924133,88300
88400,100000,613,75,0.05541482336858898,0.02587251178920269,-2.0535164028506205,22.737234015017748,0.02587251178920269,0.5787014961242676,0,0,0.02139923358128604,0.009681102819740772,88400
88500,100000,616,4,-0.04333093938159273,0.18476970493793488,-0.5365629926814406,0.8594318330287933,0.18476970493793488,0.3178212344646454,0,0,0.020669357671228912,0.009743480011820793,88500
88600,100000,618,11,0.4991850390248301,0.22039052844047546,3.668757783471923,4.071547597646713,0.22039052844047546,0.22672607004642487,0,0,0.020543737005188547,0.009799925610423088,88600
88700,100000,620,8,0.046522718330124634,0.32250329852104187,-0.38390469640698793,2.173406645655632,0.32250329852104187,0.34134069085121155,0,0,0.020757852056426537,0.009857064113020897,88700
88800,100000,620,108,0.0008712786591979294,0.2546405494213104,-2.437922535438352,36.74349261447787,0.2546405494213104,0.32571685314178467,0,0,0.020757852056426537,0.009896261617541313,88800
88900,100000,620,208,-0.1432489903885267,0.19240263104438782,-17.73911397010243,65.16267232969403,0.19240263104438782,0.26499488949775696,0,0,0.020757852056426537,0.009872672148048878,88900
89000,100000,621,68,0.04735953052005587,0.15535826981067657,-1.5842497443892323,59.57225151360035,0.15535826981067657,0.2723945677280426,0,0,0.020677028585154484,0.00975685566663742,89000
89100,100000,621,168,-0.03403282718732953,0.3302578628063202,-6.67864232954834,70.88197208382189,0.3302578628063202,0.24091435968875885,0,0,0.020677028585154484,0.009687794372439384,89100
89200,100000,623,65,-0.09991605850427007,0.24264682829380035,-0.1954225053979775,20.84091889858246,0.24264682829380035,0.21438385546207428,0,0,0.02022801788053269,0.009634268470108509,89200
89300,100000,623,165,0.02378352062532626,0.09426788240671158,-5.191814398100608,27.36276774480939,0.09426788240671158,0.6376612186431885,0,0,0.02022801788053269,0.009598140604794025,89300
89400,100000,624,25,-0.1269467576544692,0.32415950298309326,1.6514321734331745,11.536580353975296,0.32415950298309326,0.18557430803775787,0,0,0.019745650313348517,0.009582743048667908,89400
89500,100000,625,82,0.024993803981910343,0.15899890661239624,-4.221860459642091,60.94112838432193,0.15899890661239624,0.45269709825515747,0,0,0.019241397697323016,0.00953397061675787,89500
89600,100000,625,182,-0.21788296947394664,0.5731484889984131,-9.987312119766159,89.1432671956718,0.5731484889984131,0.15006034076213837,0,0,0.019241397697323016,0.009538873098790646,89600
89700,100000,628,10,-0.061583910701924933,0.15425384044647217,-4.181852367268973,2.6332108229398727,0.15425384044647217,0.273342102766037,0,0,0.017202362507152062,0.009618474170565605,89700
89800,100000,628,110,-0.5818235624835552,3.8227707147598267,-19.191425746716863,108.52639569342136,0.8227707147598267,0.11458250135183334,0,0,0.017202362507152062,0.009626493789255619,89800
89900,100000,628,210,-0.06583075693572925,0.2183620184659958,-27.107463291393877,176.3198975417763,0.2183620184659958,0.38441652059555054,0,0,0.017202362507152062,0.009531701914966106,89900
90000,100000,629,70,-0.14143452052925398,3.8062286376953125,-6.548403426906617,74.83672744780779,0.8062286376953125,0.1005212590098381,0,0,0.016587944308597422,0.009463069960474968,90000
90100,100000,629,170,-0.17065576605873617,0.33671823143959045,-12.543816319225979,142.37674061581492,0.33671823143959045,0.23941673338413239,0,0,0.016587944308597422,0.009432908147573471,90100
90200,100000,630,30,0.08632073263314105,0.0685696229338646,-0.10692247211694866,3.2652816139161587,0.0685696229338646,0.49301421642303467,0,0,0.016154512905340056,0.009477623738348484,90200
90300,100000,633,32,0.11074391006801654,0.06160534545779228,1.0409803170837089,1.8085577301681042,0.06160534545779228,0.4887670576572418,0,0,0.015021563757935957,0.009530189447104931,90300
90400,100000,635,46,-0.19152101554895837,0.12354239821434021,-0.9333097217072481,13.366609930992126,0.12354239821434021,0.30322545766830444,0,0,0.014300013080838734,0.009555174969136715,90400
90500,100000,635,146,-0.028543737481381372,0.1118476465344429,-2.5412131515607688,19.71066294796765,0.1118476465344429,0.5146790742874146,0,0,0.014300013080838734,0.00951317697763443,90500
90600,100000,637,7,0.05725804477700585,0.7389670014381409,0.30641109508557807,4.075552850961685,0.7389670014381409,0.15856359899044037,0,0,0.014028133401199622,0.009514006786048412,90600
90700,100000,637,107,-0.02302126099959914,0.06330275535583496,-3.3768423529142857,105.20386396534741,0.06330275535583496,0.6678340435028076,0,0,0.014028133401199622,0.009618868120014668,90700
90800,100000,637,207,-0.09086422871403188,0.08154401928186417,-10.733784671687054,150.62745750881732,0.08154401928186417,0.39229828119277954,0,0,0.014028133401199622,0.009597592055797577,90800
90900,100000,638,67,-0.1534930279683141,0.30483371019363403,-2.7386087038854328,10.020372845232487,0.30483371019363403,0.23249836266040802,0,0,0.014184651637880045,0.009616708382964134,90900
91000,100000,639,22,-0.17001538835917063,0.30202993750572205,0.06521171359587549,7.169184073805809,0.30202993750572205,0.22395868599414825,0,0,0.014355263945504034,0.009646772406995296,91000
91100,100000,639,122,-0.013150443660818287,0.0223794374614954,-2.2658086663559835,34.26956044882536,0.0223794374614954,0.624875009059906,0,0,0.014355263945504034,0.009677710942924023,91100
91200,100000,639,222,-0.3404564586219479,0.16225643455982208,-13.319003611088833,43.66149033047259,0.16225643455982208,0.29000943899154663,0,0,0.014355263945504034,0.009577097371220589,91200
91300,100000,642,23,-0.05285008176669239,0.059142787009477615,1.481810543021628,1.3415568843483925,0.059142787009477615,0.5302366614341736,0,0,0.014655614676724995,0.009636928327381611,91300
91400,100000,643,71,-0.04519791167372233,0.16711939871311188,-4.042141419932468,27.488471284508705,0.16711939871311188,0.26274269819259644,0,0,0.014940707627811365,0.009554113261401653,91400
91500,100000,643,171,-2.1355160572759675,8.638228297233582,-8.094956110704699,55.12287439033389,0.6382282972335815,0.14110837876796722,0,1,0.014940707627811365,0.009450087323784828,91500
91600,100000,645,66,-0.31800810227176757,3.800000011920929,-2.178772640624074,75.45917122811079,0.800000011920929,0.10031411796808243,0,0,0.01506326537789907,0.009407810866832733,91600
91700,100000,646,60,-0.12351782415794263,3.814965844154358,-0.9334379703626682,61.511749625205994,0.8149658441543579,0.11414281278848648,0,0,0.015784520649432213,0.009290185756981373,91700
91800,100000,646,160,0.010268806483820878,0.045763179659843445,-8.870273174749924,277.19698825106025,0.045763179659843445,0.45434582233428955,0,0,0.015784520649432213,0.009402125142514706,91800
91900,100000,647,20,0.03847500145812748,0.36604008078575134,2.2718382534895034,8.048642337322235,0.36604008078575134,0.18106083571910858,0,0,0.01678625639888971,0.00938950851559639,91900
92000,100000,648,69,-0.08009255266259693,0.047472935169935226,0.16755650773021485,51.990961112082005,0.047472935169935226,0.447868287563324,0,0,0.01765443762137525,0.009485459886491299,92000
92100,100000,650,45,0.050412888602127094,0.17939311265945435,0.21268186332028158,17.368476152420044,0.17939311265945435,0.25343507528305054,0,0,0.019155683314477978,0.009480571374297142,92100
92200,100000,650,145,0.015812862486320096,0.17290286719799042,-3.179401103730886,23.034832483157516,0.17290286719799042,0.5102662444114685,0,0,0.019155683314477978,0.009528725408017635,92200
92300,100000,651,5,0.1998326009156551,0.29043617844581604,0.7751989987488929,1.1418798565864563,0.29043617844581604,0.27615466713905334,0,0,0.019565296482286713,0.00949386227875948,92300
92400,100000,652,94,-0.011277747955247736,0.2702503204345703,-1.3709135416414189,12.609200283885002,0.2702503204345703,0.20446012914180756,0,0,0.01978236979696138,0.009427997283637524,92400
92500,100000,654,75,0.1699009162322285,0.7989518046379089,-1.2214250418462431,28.903573505580425,0.7989518046379089,0.12277396023273468,0,0,0.01987400668614098,0.00941397249698639,92500
92600,100000,655,93,-0.25158015417912366,3.804346203804016,-4.710891539847732,60.93317457661033,0.8043462038040161,0.08943565934896469,0,0,0.0199145780218732,0.009412805549800396,92600
92700,100000,655,193,-0.018298780187288415,0.07489269971847534,-16.79069053246908,255.66956224665046,0.07489269971847534,0.40035927295684814,0,0,0.0199145780218732,0.009556186385452747,92700
92800,100000,657,46,0.15121144804008904,0.7732349634170532,0.9935073930479732,18.449826076626778,0.7732349634170532,0.12858739495277405,0,0,0.020394741713358096,0.00957926269620657,92800
92900,100000,658,71,-0.056086409962549356,0.06144038215279579,-2.569563848539459,17.353096466511488,0.06144038215279579,0.4050076901912689,0,0,0.02046612541172316,0.009623377583920956,92900
93000,100000,658,171,-0.14756751142826288,0.21866698563098907,-10.586256253551547,32.57804735004902,0.21866698563098907,0.22773699462413788,0,0,0.02046612541172316,0.009649974294006824,93000
93100,100000,660,24,-0.027886074591070523,0.1408146768808365,2.995978802845464,2.707178108394146,0.1408146768808365,0.46817073225975037,0,0,0.020177356022805206,0.009689915925264359,93100
93200,100000,661,90,-0.02616285064198305,0.22621464729309082,-0.6422047987840006,39.26017224788666,0.22621464729309082,0.24750573933124542,0,0,0.019809830600423878,0.00966919120401144,93200
93300,100000,662,93,-0.028052104854343268,0.028622763231396675,-4.1092888862472225,78.9088349249214,0.028622763231396675,0.5517825484275818,0,0,0.019395292157526736,0.009687134064733982,93300
93400,100000,662,193,0.030827630236500293,0.26433292031288147,-8.490585334439881,96.20429307594895,0.26433292031288147,0.22085706889629364,0,0,0.019395292157526736,0.009761299937963486,93400
93500,100000,663,53,0.0014870874380218876,0.5458531975746155,-4.166031021985988,21.385960325598717,0.5458531975746155,0.14753581583499908,0,0,0.018942466980911215,0.009799369610846043,93500
93600,100000,663,153,-0.06180554143997892,0.03356016054749489,-4.6904111244304465,50.12184151262045,0.03356016054749489,0.5148186087608337,0,0,0.018942466980911215,0.00980000477284193,93600
93700,100000,664,13,0.22309958431526064,0.1317160725593567,-0.1927856541287908,3.2429898381233215,0.1317160725593567,0.29451799392700195,0,0,0.018379969678281236,0.009896068833768368,93700
93800,100000,665,84,-0.0937306093210954,0.3589482009410858,-3.607860168845166,120.91729514300823,0.3589482009410858,0.16487175226211548,0,0,0.0176611912244268,0.009772398509085178,93800
93900,100000,665,184,-0.01988556308294692,0.03340911120176315,-13.378376650919364,134.29431627318263,0.03340911120176315,0.52080899477005,0,0,0.0176611912244268,0.009750047698616982,93900
94000,100000,666,44,0.0483203496175909,0.39372390508651733,-0.03879222195709802,7.967381872236729,0.39372390508651733,0.23590384423732758,0,0,0.016989426462420517,0.009716060012578964,94000
94100,100000,667,61,0.020740196553503547,0.03676377981901169,-7.652992674808482,48.99512328580022,0.03676377981901169,0.4957716166973114,0,0,0.0165370102641119,0.00970588717609644,94100
94200,100000,668,47,0.04718562180684529,0.22120094299316406,0.6028032576587401,31.670518442988396,0.22120094299316406,0.2262536734342575,0,0,0.01606334185018623,0.009751493111252785,94200
94300,100000,669,29,0.18952379316461457,0.5274134874343872,-2.976864303860182,56.141932904720306,0.5274134874343872,0.15364991128444672,0,0,0.015509060981507476,0.009813192300498486,94300
94400,100000,671,2,-0.04391539736523846,0.5362982153892517,-0.32174457431369563,1.0052631199359894,0.5362982153892517,0.22695289552211761,0,0,0.01570428769926799,0.00979557167738676,94400
94500,100000,673,20,-0.05010931369616687,0.06594707071781158,2.606545953121372,1.7985320836305618,0.06594707071781158,0.4463399648666382,0,0,0.015375056631378755,0.009705550037324429,94500
94600,100000,674,26,-0.00442874057087467,0.6725184321403503,0.032885412726349525,10.591593250632286,0.6725184321403503,0.15310810506343842,0,0,0.015347819448853304,0.009654190391302109,94600
94700,100000,674,126,-0.05010527613485623,0.02781270258128643,-3.7811928316037875,130.87407714128494,0.02781270258128643,0.5591037273406982,0,0,0.015347819448853304,0.009595938958227634,94700
94800,100000,674,226,-0.585831116911536,0.022203009575605392,-20.85030427993301,135.54521669633687,0.022203009575605392,0.6277535557746887,0,0,0.015347819448853304,0.009570504538714886,94800
94900,100000,677,17,-0.050803003002234955,0.5039774775505066,1.6454344150209905,6.617901772260666,0.5039774775505066,0.20494075119495392,0,0,0.015036252700902171,0.009733342565596104,94900
95000,100000,677,117,-0.2930200040122458,0.3830980360507965,-9.05494772392456,129.37168784067035,0.3830980360507965,0.2553102374076843,0,0,0.015036252700902171,0.009639392606914043,95000
95100,100000,679,5,-0.0027439316255431123,0.3336603045463562,-1.0097430386856516,1.41603285074234,0.3336603045463562,0.5064590573310852,0,0,0.015968706765728292,0.009705257602036,95100
95200,100000,679,105,-0.2418647691197508,0.3069365918636322,-0.9632448400819498,52.765091229230165,0.3069365918636322,0.2994188666343689,0,0,0.015968706765728292,0.009794128127396107,95200
95300,100000,680,50,0.17215720512361457,3.8039148449897766,1.5114888317540194,50.78566752374172,0.8039148449897766,0.05154138430953026,0,0,0.016678084155843313,0.009844494983553886,95300
95400,100000,681,65,0.022496220669906638,0.08397860080003738,-0.7599038629340589,97.6523212864995,0.08397860080003738,0.3575863242149353,0,0,0.01808347787331298,0.009776457212865353,95400
95500,100000,683,48,-0.07495845164489828,0.6962101459503174,0.1447815611928021,19.701178669929504,0.6962101459503174,0.1357349306344986,0,0,0.021344355854543966,0.009726759046316147,95500
95600,100000,683,148,-0.1321243305031823,0.020572740584611893,-4.590594518212939,35.85078677162528,0.020572740584611893,0.6582388281822205,0,0,0.021344355854543966,0.00976219866424799,95600
95700,100000,684,8,0.4189282605276633,0.12197241932153702,1.6985906882342028,1.419804535806179,0.12197241932153702,0.3049727976322174,0,0,0.022600297764037873,0.009717914275825024,95700
95800,100000,686,55,0.175055839816933,0.43222683668136597,3.0715141159438564,16.30970223248005,0.43222683668136597,0.14169900119304657,0,0,0.024414867888205877,0.00966465100646019,95800
95900,100000,687,99,-0.07741488866289431,0.11893787235021591,-0.08099627925442007,16.2905126363039,0.11893787235021591,0.38891375064849854,0,0,0.025059968671056483,0.009637953713536263,95900
96000,100000,689,32,0.0732398824525747,0.31940826773643494,1.6370113518099532,7.238003998994827,0.31940826773643494,0.235678032040596,0,0,0.026044147551441653,0.00970347598195076,96000
96100,100000,692,71,-0.11797609700434152,0.22760999202728271,-1.672010133706048,56.254646584391594,0.22760999202728271,0.22258178889751434,0,0,0.029140384859126525,0.009745640680193901,96100
96200,100000,694,1,-0.46940542423581066,0.08298013359308243,-0.46940542423581066,0.08298013359308243,0.08298013359308243,0.45262542366981506,0,0,0.03178068788063717,0.00961952842772007,96200
96300,100000,694,101,0.05301575925401693,0.0801827609539032,-7.422024933366134,103.28762571513653,0.0801827609539032,0.36437201499938965,0,0,0.03178068788063717,0.009460150264203548,96300
96400,100000,696,36,0.11838933370556814,0.31573858857154846,3.0676707706304502,5.911249443888664,0.31573858857154846,0.2520379424095154,0,0,0.03464303892781576,0.00949261337518692,96400
96500,100000,698,23,0.24532953643217403,0.08933521807193756,-2.912213864191808,4.631246581673622,0.08933521807193756,0.3486196994781494,0,0,0.03729811718553358,0.009516783058643341,96500
96600,100000,699,91,-0.0016853995615714412,0.07189905643463135,-0.7914125288005158,64.99825398623943,0.07189905643463135,0.3806648552417755,0,0,0.03864195578809043,0.009565021842718124,96600
96700,100000,699,191,-0.0642665018989234,0.048733167350292206,-3.840334177485708,69.6696273908019,0.048733167350292206,0.5555493235588074,0,0,0.03864195578809043,0.009565938264131546,96700
96800,100000,700,51,0.020147429022437963,0.11283561587333679,-3.032802518748284,40.224475286901,0.11283561587333679,0.31567999720573425,0,0,0.03979525249408468,0.009657468646764755,96800
96900,100000,700,151,-0.2593108005240078,0.2869285047054291,-7.772728841575736,51.036731692031026,0.2869285047054291,0.24702255427837372,0,0,0.03979525249408468,0.009628767147660255,96900
97000,100000,701,11,-0.23311303852201973,0.2573069930076599,-1.2029836885952057,4.0847307741642,0.2573069930076599,0.20689667761325836,0,0,0.040997008291118416,0.009583958424627781,97000
97100,100000,701,111,-0.25236361916060057,0.1532057821750641,-8.156216784678309,29.604779111221433,0.1532057821750641,0.53144770860672,0,0,0.040997008291118416,0.009543449617922306,97100
97200,100000,702,52,-0.06385665182686154,0.09021507203578949,-0.09120563990878189,17.150143645703793,0.09021507203578949,0.3472088873386383,0,0,0.042182360450674805,0.009570063091814518,97200
97300,100000,704,9,-0.03265358954398842,0.1278751939535141,-2.364823809466086,1.1440027207136154,0.1278751939535141,0.44016095995903015,0,0,0.04462349700304606,0.009556400589644909,97300
97400,100000,704,109,-0.12459093533401465,0.01956290379166603,-1.493101054484169,23.767344141379,0.01956290379166603,0.6819295883178711,0,0,0.04462349700304606,0.00955955870449543,97400
97500,100000,706,19,0.15558787293336507,0.16335123777389526,-0.22372777520988651,2.8264015316963196,0.16335123777389526,0.3130126893520355,0,0,0.04680026532286232,0.009507584385573864,97500
97600,100000,707,57,0.11987256659305892,0.34161320328712463,-0.9864392091187633,53.43478153645992,0.34161320328712463,0.17107631266117096,0,0,0.04763906513791811,0.00954452808946371,97600
97700,100000,711,1,-0.01999199713607341,0.3268270194530487,-0.01999199713607341,0.3268270194530487,0.3268270194530487,0.3824927508831024,0,0,0.05072608414318531,0.00963583029806614,97700
97800,100000,712,55,0.1117013470230404,0.20094196498394012,1.3265682976652207,18.750265419483185,0.20094196498394012,0.2386595904827118,0,0,0.051694629497934796,0.009614076465368271,97800
97900,100000,714,84,-0.028322816572712566,0.7401289939880371,0.73730186618257,66.00624556839466,0.7401289939880371,0.13458050787448883,0,0,0.05320851576182036,0.009648916311562061,97900
98000,100000,714,184,0.0045957349234394184,0.2301911860704422,-3.181841432452016,82.68073457106948,0.2301911860704422,0.22113412618637085,0,0,0.05320851576182036,0.009689314290881157,98000
98100,100000,715,73,-0.029848456343461293,0.05582616105675697,-9.454740012251015,19.44317488744855,0.05582616105675697,0.42044657468795776,0,0,0.05382103123987356,0.009746138006448746,98100
98200,100000,715,173,-0.04077151493358997,0.1498996764421463,-14.023874787912382,57.46582934819162,0.1498996764421463,0.49791809916496277,0,0,0.05382103123987356,0.009862277656793594,98200
98300,100000,718,9,0.06366873188764594,0.19847515225410461,-0.8469995553942955,1.8641106188297272,0.19847515225410461,0.48120489716529846,0,0,0.054944488665867625,0.010023306123912334,98300
98400,100000,718,109,0.1522559931850591,0.1298082023859024,-6.421870675882851,19.47829664684832,0.1298082023859024,0.5803675055503845,0,0,0.054944488665867625,0.010003848932683468,98400
98500,100000,718,209,-0.3879740060266799,0.247789204120636,-9.693269758984162,29.70844677090645,0.247789204120636,0.4392375946044922,0,0,0.054944488665867625,0.009939415380358696,98500
98600,100000,719,69,-0.036539041202661805,0.09806688129901886,0.7039845580491487,21.194683074951172,0.09806688129901886,0.3353031873703003,0,0,0.05500631304154542,0.009877131320536137,98600
98700,100000,719,169,0.006077588193518011,0.22095981240272522,-15.742451799410757,34.4679449852556,0.22095981240272522,0.22745732963085175,0,0,0.05500631304154542,0.00997074507176876,98700
98800,100000,720,29,0.030285229817782363,0.3757505416870117,2.421097124124921,11.176912888884544,0.3757505416870117,0.20250044763088226,0,0,0.05489033745048631,0.009942378848791122,98800
98900,100000,721,13,-0.20353661975159704,3.8517332673072815,-0.8984917964480157,20.83400011062622,0.8517332673072815,0.08030430972576141,0,0,0.05467016960990182,0.009900973178446293,98900
99000,100000,721,113,-0.005084849816880208,0.10862645506858826,-5.969460064863151,92.34957489930093,0.10862645506858826,0.47734740376472473,0,0,0.05467016960990182,0.009997544810175896,99000
99100,100000,721,213,0.23807621708697366,3.800000011920929,-10.451512522676001,127.15021487884223,0.800000011920929,0.09826042503118515,0,0,0.05467016960990182,0.009963436052203178,99100
99200,100000,723,50,0.31464787957336254,3.867529273033142,-2.3646645688218615,33.510783553123474,0.8675292730331421,0.09807068854570389,0,0,0.05437941722464042,0.00995077844709158,99200
99300,100000,726,7,0.0026975454911632828,0.511962890625,-0.5872484495354705,2.966684252023697,0.511962890625,0.22242049872875214,0,0,0.05462154564012098,0.009861930273473263,99300
99400,100000,726,107,-0.03676980713199903,0.020358070731163025,-7.228747742103508,138.03406258672476,0.020358070731163025,0.6628983020782471,0,0,0.05462154564012098,0.009863538667559624,99400
99500,100000,726,207,-0.08341204000249605,3.800000011920929,-13.609512237950977,267.98690229840577,0.800000011920929,0.1119086816906929,0,0,0.05462154564012098,0.009814427234232426,99500
99600,100000,728,53,-0.003459565248591119,0.16359633207321167,1.698252465215659,5.148187778890133,0.16359633207321167,0.324203759431839,0,0,0.05502329156561902,0.009833811782300472,99600
99700,100000,728,153,0.034445747412408995,0.14615485072135925,-11.560989424186586,37.524823911488056,0.14615485072135925,0.28052908182144165,0,0,0.05502329156561902,0.00970638170838356,99700
99800,100000,729,13,-0.03814295838373129,0.36020392179489136,0.2768650064542194,4.096906214952469,0.36020392179489136,0.2571181058883667,0,0,0.0549832973174838,0.009634227491915226,99800
99900,100000,730,65,0.12953775178676832,0.7063523530960083,-2.765363068412182,68.56550780683756,0.7063523530960083,0.13694380223751068,0,0,0.054883768423628916,0.009548738598823547,99900
100000,100000,730,165,-0.023418256944488593,0.19112789630889893,-5.796003226343783,84.74627634324133,0.19112789630889893,0.35019102692604065,0,0,0.054883768423628916,0.009557298384606838,100000
