step,time,reward,cost,goal_error_norm,d_min,risk_global,beta,closest_link,safety_violation,collision,collision_capsule_overlap,collision_pybullet_contact,unavoidable_collision,avoidable_collision,collision_avoidability_reason,collision_contact_link_indices,collision_contact_link_names,collision_min_contact_distance,success,qdot_norm,acc_norm,jerk_norm,qdot_requested_norm,risk_speed_scale,risk_speed_h_min_m,recovery_active,recovery_triggered,recovery_success,recovery_initially_unsafe,recovery_initial_h_min_m,recovery_command_norm,safety_filter_status,safety_filter_intervention_norm,safety_filter_safe_stop,safety_filter_active_constraints,safety_filter_constraint_count,safety_filter_active_constraint_categories,safety_filter_max_constraint_category,safety_filter_projection_iterations,safety_filter_fallback_used,safety_filter_qp_solver_used,safety_filter_qp_solver_status,safety_filter_fallback_stage,safety_filter_max_constraint_violation,predictive_risk_status,predictive_h_min_m,predictive_h_by_link_m,predictive_distance_by_link_m,predictive_robust_distance_by_link_m,predictive_time_by_link_s,safety_jacobian_command_by_link_mps,safety_drift_by_link_mps,safety_constraint_residual_by_link_mps,filter_obstacle_position_m,filter_obstacle_velocity_mps,safety_filter_solve_time_s,safety_filter_predictive_risk_time_s,safety_filter_jacobian_workspace_time_s,safety_filter_projection_time_s
0,0.05,-0.9404135830755251,0.27770429849624634,0.5756341218948364,0.39626213908195496,0.25507232546806335,0.35,1,0,0,0,0,0,0,,,,nan,0,0.0,0.0,0.0,0.4499261975288391,1.0,0.2163588162885901,0,0,0,0,0.2163588162885901,0.0,safe_stop_compute_budget,0.4499261975288391,1,0,12,,workspace_z_lower,0,0,1,solved,osqp,0.0,valid,0.2163588162885901,0.4801681|0.216358816|0.328252982|0.279982128|0.269058683|0.246575932,0.6301681|0.366358816|0.478252982|0.429982128|0.419058683|0.396575932,0.6001681|0.336358816|0.448252982|0.399982128|0.389058683|0.366575932,0.15|0.15|0.15|0.15|0.15|0.15,0|0|0|0|0|0,-0.272138107|-0.298200309|-0.313387558|-0.290625948|-0.277832683|-0.282864275,1.64853429|0.567234956|0.999624371|0.829302563|0.79840205|0.703439452,0.563502252|0.58680743|0.363928527,-0.104824185|-0.296571314|-0.000908213377,0.16559945791959763,0.0017271479591727257,0.0016644792631268501,0.15994876436889172
1,0.1,-0.818226354614809,0.27816399931907654,0.5692845582962036,0.38233956694602966,0.25277069211006165,0.35,1,0,0,0,0,0,0,,,,nan,0,0.39321377873420715,7.864275932312012,157.28550720214844,0.4519815742969513,1.0,0.20147126258586756,0,0,0,0,0.2163588162885901,0.0,filtered,0.06580152934582546,0,0,12,,workspace_z_lower,0,0,1,solved,osqp,0.0,valid,0.20147126258586756,0.466601249|0.201471263|0.312584664|0.265484173|0.255218207|0.232479866,0.616601249|0.351471263|0.462584664|0.415484173|0.405218207|0.382479866,0.586601249|0.321471263|0.432584664|0.385484173|0.375218207|0.352479866,0.15|0.15|0.15|0.15|0.15|0.15,0|0|0.0411779588|0.131122634|0.125260605|0.12830558,-0.270513477|-0.297281285|-0.313338056|-0.28927011|-0.275755793|-0.280947647,1.59589152|0.508603765|0.97817856|0.903789216|0.870377641|0.777277397,0.558260858|0.571978748|0.363883108,-0.104824185|-0.296571314|-0.000908213377,0.007048753090202808,0.0018344279378652573,0.0013763541355729103,0.0024428870528936386
2,0.15000000000000002,-0.6421943029871375,0.26530635356903076,0.5556932687759399,0.3703225553035736,0.2372387945652008,0.35,1,0,0,0,0,0,0,,,,nan,0,0.680945098400116,6.2778520584106445,82.56395721435547,0.680944561958313,1.0,0.18758227539088934,0,0,0,0,0.2163588162885901,0.0,filtered,8.186658916863903e-07,0,0,12,,workspace_z_lower,0,0,1,solved,osqp,0.0,valid,0.18758227539088934,0.453038146|0.187582275|0.300432179|0.257154153|0.247575073|0.224708961,0.603038146|0.337582275|0.450432179|0.407154153|0.397575073|0.374708961,0.573038146|0.307582275|0.420432179|0.377154153|0.367575073|0.344708961,0.15|0.15|0.15|0.15|0.15|0.15,0|0|0.0811521705|0.241730595|0.215520341|0.224302412,-0.268820555|-0.296992568|-0.313342521|-0.28748659|-0.273685535|-0.279021915,1.54333203|0.453336533|0.969538368|0.982860617|0.932135097|0.84411634,0.553019464|0.557150066|0.363837689,-0.104824185|-0.296571314|-0.000908213377,0.006839770823717117,0.0014900928363204002,0.0010700570419430733,0.0022016800940036774
3,0.2,-0.4416369828609641,0.23875707387924194,0.5348811149597168,0.3607688844203949,0.2084200084209442,0.35,1,0,0,0,0,0,0,,,,nan,0,0.9000915288925171,7.28221321105957,149.08773803710938,0.9063448905944824,1.0,0.1755657523160925,0,0,0,0,0.2163588162885901,0.0,filtered,0.0267190113402066,0,0,12,joint_1_acceleration_lower,predictive_link_1,0,0,1,solved,osqp,0.0,valid,0.1755657523160925,0.439490062|0.175565752|0.291603682|0.254249203|0.244747412|0.22175567,0.589490062|0.325565752|0.441603682|0.404249203|0.394747412|0.37175567,0.559490062|0.295565752|0.411603682|0.374249203|0.364747412|0.34175567,0.15|0.15|0.15|0.15|0.15|0.15,0|0|0.114493028|0.308825217|0.250364319|0.273838768,-0.267053921|-0.296938316|-0.313275146|-0.28564948|-0.272274025|-0.277677602,1.49090632|0.405324693|0.96763261|1.04017255|0.957079943|0.883183849,0.54777807|0.542321384|0.36379227,-0.104824185|-0.296571314|-0.000908213377,0.006631429307162762,0.001589280553162098,0.0017630849033594131,0.002024139277637005
4,0.25,-0.2719096706855319,0.22177904844284058,0.5087839961051941,0.352781742811203,0.18948939442634583,0.35,1,0,0,0,0,0,0,,,,nan,0,1.0920511484146118,4.64376163482666,79.3490982055664,1.0920499563217163,1.0,0.16608148267086487,0,0,0,0,0.2163588162885901,0.0,filtered,1.8518216452608386e-06,0,0,12,,predictive_link_1,0,0,1,solved,osqp,0.0,valid,0.16608148267086487,0.425987578|0.166081483|0.285218329|0.254316847|0.244299137|0.221469999,0.575987578|0.316081483|0.435218329|0.404316847|0.394299137|0.371469999,0.545987578|0.286081483|0.405218329|0.374316847|0.364299137|0.341469999,0.15|0.15|0.15|0.15|0.15|0.15,0|0|0.136164463|0.353674024|0.27173453|0.303799901,-0.265203432|-0.296384805|-0.312929777|-0.284385539|-0.271906432|-0.277402604,1.43874688|0.367941126|0.964108002|1.08655587|0.977024646|0.912277293,0.542536676|0.527492702|0.363746852,-0.104824185|-0.296571314|-0.000908213377,0.006222116760909557,0.0010545048862695694,0.0017101969569921494,0.001672603189945221
5,0.30000000000000004,-0.16058349560086932,0.22190430760383606,0.4797497093677521,0.34531548619270325,0.18774598836898804,0.35,1,0,0,0,0,0,0,,,,nan,0,1.205007553100586,3.1253511905670166,53.787601470947266,1.2050063610076904,1.0,0.15825017072173608,0,0,0,0,0.2163588162885901,0.0,filtered,1.8682247761751084e-06,0,0,12,,predictive_link_1,0,0,1,solved,osqp,0.0,valid,0.15825017072173608,0.412555744|0.158250171|0.280333953|0.256255451|0.245054091|0.222610703,0.562555744|0.308250171|0.430333953|0.406255451|0.395054091|0.372610703,0.532555744|0.278250171|0.400333953|0.376255451|0.365054091|0.342610703,0.15|0.15|0.15|0.15|0.15|0.15,0|0|0.146916682|0.385125028|0.298047184|0.33594637,-0.263259354|-0.295207431|-0.312172272|-0.283442741|-0.272481355|-0.278085169,1.38696362|0.337793251|0.95608022|1.12670409|1.00578219|0.948304012,0.537295282|0.51266402|0.363701433,-0.104824185|-0.296571314|-0.000908213377,0.0068493736907839775,0.001583212986588478,0.0015029115602374077,0.002059314399957657
6,0.35000000000000003,-0.11310820009852143,0.2408665269613266,0.45013222098350525,0.3374175727367401,0.20461930334568024,0.35,1,0,0,0,0,0,0,,,,nan,0,1.2425564527511597,1.0882614850997925,51.02427291870117,1.2425552606582642,1.0,0.15100518782552708,0,0,0,0,0.2163588162885901,0.0,filtered,1.7934384741829454e-06,0,0,12,,predictive_link_1,0,0,1,solved,osqp,0.0,valid,0.15100518782552708,0.399212694|0.151005188|0.276163382|0.259336605|0.247105987|0.225153264,0.549212694|0.301005188|0.426163382|0.409336605|0.397105987|0.375153264,0.519212694|0.271005188|0.396163382|0.379336605|0.367105987|0.345153264,0.15|0.15|0.15|0.15|0.15|0.15,0|0|0.147404423|0.404315596|0.327412332|0.367226937,-0.261212655|-0.293557902|-0.310923707|-0.282590313|-0.273338891|-0.279038303,1.33563812|0.310462849|0.941134243|1.1590717|1.04249739|0.988801691,0.532053888|0.497835338|0.363656014,-0.104824185|-0.296571314|-0.000908213377,0.00626269169151783,0.0014268988743424416,0.0013191308826208115,0.0019231392070651054
7,0.4,-0.0926920615264433,0.2648422122001648,0.42086654901504517,0.32889696955680847,0.22618404030799866,0.35,1,0,0,0,0,0,0,,,,nan,0,1.2451226711273193,1.9355634450912476,46.65403747558594,1.2451226711273193,1.0,0.14334603716417826,0,0,0,0,0.2163588162885901,0.0,passthrough,5.98035884751997e-12,0,0,12,,predictive_link_1,0,0,1,solved,osqp,0.0,valid,0.14334603716417826,0.385973568|0.143346037|0.271902631|0.263121631|0.250508294|0.229051845,0.535973568|0.293346037|0.421902631|0.413121631|0.400508294|0.379051845,0.505973568|0.263346037|0.391902631|0.383121631|0.370508294|0.349051845,0.15|0.15|0.15|0.15|0.15|0.15,0|0|0.143702001|0.412290455|0.345830853|0.385380648,-0.259054006|-0.291782004|-0.309203477|-0.281566237|-0.274010311|-0.279784936,1.28484027|0.281602145|0.922109046|1.18321074|1.07385372|1.02180309,0.526812494|0.483006656|0.363610595,-0.104824185|-0.296571314|-0.000908213377,0.005148008465766907,0.0011054808273911476,0.001012003980576992,0.001490127295255661
8,0.45,-0.06866796054411681,0.2853134870529175,0.39174652099609375,0.32001346349716187,0.24398571252822876,0.35,1,0,0,0,0,0,0,,,,nan,0,1.2459803819656372,2.41723895072937,24.252460479736328,1.2459803819656372,1.0,0.13506866476275403,0,0,0,0,0.2163588162885901,0.0,passthrough,5.412612798234587e-12,0,0,12,,predictive_link_1,0,0,1,solved,osqp,0.0,valid,0.13506866476275403,0.372849664|0.135068665|0.267146657|0.267280731|0.254670157|0.233704405,0.522849664|0.285068665|0.417146657|0.417280731|0.404670157|0.383704405,0.492849664|0.255068665|0.387146657|0.387280731|0.374670157|0.353704405,0.15|0.15|0.15|0.15|0.15|0.15,0|0|0.141967303|0.417150818|0.354346395|0.394010499,-0.256774258|-0.289971738|-0.307027115|-0.280299323|-0.274534728|-0.280369206,1.2346244|0.250302921|0.903526815|1.20597442|1.09849229|1.04845891,0.5215711|0.468177974|0.363565177,-0.104824185|-0.296571314|-0.000908213377,0.005460584536194801,0.0014438759535551071,0.0010345112532377243,0.0015222299844026566
9,0.5,-0.048339392935912495,0.3045150935649872,0.3628424108028412,0.3109045922756195,0.26029863953590393,0.35,1,0,0,0,0,0,0,,,,nan,0,1.2321157455444336,2.8090081214904785,32.04576873779297,1.2321146726608276,1.0,0.1264507738862702,0,0,0,0,0.2163588162885901,0.0,filtered,1.638873741527732e-06,0,0,12,,predictive_link_1,0,0,1,solved,osqp,0.0,valid,0.1264507738862702,0.359847438|0.126450774|0.26194141|0.271712179|0.259123751|0.238621609,0.509847438|0.276450774|0.41194141|0.421712179|0.409123751|0.388621609,0.479847438|0.246450774|0.38194141|0.391712179|0.379123751|0.358621609,0.15|0.15|0.15|0.15|0.15|0.15,0|0|0.141172471|0.418717416|0.35634957|0.396939406,-0.254365307|-0.287994881|-0.304331965|-0.278819394|-0.275074164|-0.280937187,1.18502444|0.217808214|0.884606145|1.22674674|1.11777041|1.07048866,0.516329706|0.453349292|0.363519758,-0.104824185|-0.296571314|-0.000908213377,0.004769062623381615,0.001047247089445591,0.0010270364582538605,0.0015321671962738037
10,0.55,-0.05825683607046478,0.329375296831131,0.33524289727211,0.30135107040405273,0.2819107174873352,0.35,1,0,0,0,0,0,0,,,,nan,0,1.182388424873352,2.995300531387329,26.665943145751953,1.182388424873352,1.0,0.11764590679094086,0,0,0,0,0.2163588162885901,0.0,passthrough,5.184099858700557e-12,0,0,12,,predictive_link_1,0,0,1,solved,osqp,0.0,valid,0.11764590679094086,0.346974693|0.117645907|0.256301957|0.276220726|0.263572677|0.243431814,0.496974693|0.267645907|0.406301957|0.426220726|0.413572677|0.393431814,0.466974693|0.237645907|0.376301957|0.396220726|0.383572677|0.363431814,0.15|0.15|0.15|0.15|0.15|0.15,0|0|0.135955611|0.413279983|0.357653311|0.396061185,-0.251818065|-0.285733532|-0.301054272|-0.277118042|-0.275621679|-0.281455195,1.13608071|0.184850095|0.860109165|1.24104484|1.13632234|1.08833324,0.511088312|0.43852061|0.363474339,-0.104824185|-0.296571314|-0.000908213377,0.005037413910031319,0.001059727743268013,0.0012195780873298645,0.0015028929337859154
11,0.6000000000000001,-0.08618772787564927,0.35586661100387573,0.3095584809780121,0.2913665175437927,0.3047446608543396,0.35,1,0,0,0,0,0,0,,,,nan,0,1.113034725189209,3.142775535583496,21.123823165893555,1.1130344867706299,1.0,0.10840831812433424,0,0,0,0,0.2163588162885901,0.0,filtered,5.10537957041829e-07,0,0,12,,predictive_link_1,0,0,1,solved,osqp,0.0,valid,0.10840831812433424,0.334241323|0.108408318|0.249946263|0.280542659|0.267920149|0.247967899,0.484241323|0.258408318|0.399946263|0.430542659|0.417920149|0.397967899,0.454241323|0.228408318|0.369946263|0.400542659|0.387920149|0.367967899,0.15|0.15|0.15|0.15|0.15|0.15,0|0|0.129327378|0.401767888|0.353617539|0.387156185,-0.249121834|-0.283376597|-0.297290637|-0.275206389|-0.275993735|-0.281733324,1.08784346|0.150256675|0.831821795|1.24873213|1.1493044|1.09729446,0.505846918|0.423691928|0.363428921,-0.104824185|-0.296571314|-0.000908213377,0.0050678374245762825,0.0011660214513540268,0.0011829882860183716,0.0015071863308548927
12,0.65,-0.14086075978664694,0.3884546160697937,0.28663140535354614,0.2807367146015167,0.33304062485694885,0.35,1,0,0,0,0,0,0,,,,nan,0,1.0146771669387817,2.7899460792541504,44.8028564453125,1.0146771669387817,1.0,0.09874672972418372,0,0,0,0,0.2163588162885901,0.0,passthrough,6.202307128599508e-09,0,0,12,,predictive_link_1,0,0,1,solved,osqp,0.0,valid,0.09874672972418372,0.32165664|0.0987467297|0.242799557|0.284437171|0.27185663|0.251892554,0.47165664|0.24874673|0.392799557|0.434437171|0.42185663|0.401892554,0.44165664|0.21874673|0.362799557|0.404437171|0.39185663|0.371892554,0.15|0.15|0.15|0.15|0.15|0.15,0|0|0.115883081|0.378852359|0.347220649|0.373582982,-0.246265367|-0.280957437|-0.293113441|-0.273125068|-0.276156729|-0.281736364,1.04036119|0.114029482|0.793967867|1.24347598|1.15849044|1.09941683,0.500605524|0.408863246|0.363383502,-0.104824185|-0.296571314|-0.000908213377,0.005591024644672871,0.00103763397783041,0.001797032542526722,0.001550602726638317
13,0.7000000000000001,-0.19790620116472865,0.41996437311172485,0.26637619733810425,0.269674688577652,0.3596567213535309,0.35,1,0,0,0,0,0,0,,,,nan,0,0.9368526339530945,2.4960274696350098,32.760189056396484,0.9368526339530945,1.0,0.08840179603726026,0,0,0,0,0.2163588162885901,0.0,passthrough,1.1286663785503168e-09,0,0,12,,predictive_link_1,0,0,1,solved,osqp,0.0,valid,0.08840179603726026,0.309232563|0.088401796|0.234544465|0.287512269|0.275274782|0.255178544,0.459232563|0.238401796|0.384544465|0.437512269|0.425274782|0.405178544,0.429232563|0.208401796|0.354544465|0.407512269|0.395274782|0.375178544,0.15|0.15|0.15|0.15|0.15|0.15,0|0|0.104445421|0.351577298|0.32858494|0.347978662,-0.243235135|-0.278804069|-0.288818421|-0.271066241|-0.276063683|-0.281466655,0.993695118|0.0748031152|0.753804859|1.23056013|1.15362038|1.08722618,0.495364457|0.394034564|0.363338083,-0.104824185|-0.296571314|-0.000908213377,0.005938490852713585,0.0015905248001217842,0.0010406887158751488,0.0020799748599529266
14,0.75,-0.25535603966895704,0.4516560137271881,0.24858468770980835,0.25833016633987427,0.3858875334262848,0.35,1,0,0,0,0,0,0,,,,nan,0,0.9043862819671631,1.8934236764907837,32.62588119506836,0.9043862819671631,1.0,0.07760860501284836,0,0,0,0,0.2163588162885901,0.0,passthrough,1.1691504092400322e-09,0,0,12,,predictive_link_1,0,0,1,solved,osqp,0.0,valid,0.07760860501284836,0.296979178|0.077608605|0.225369597|0.289619083|0.277626303|0.257385693,0.446979178|0.227608605|0.375369597|0.439619083|0.427626303|0.407385693,0.416979178|0.197608605|0.345369597|0.409619083|0.397626303|0.377385693,0.15|0.15|0.15|0.15|0.15|0.15,0|0|0.0947257147|0.322423335|0.301741175|0.318536342,-0.240017387|-0.276754827|-0.284457474|-0.269018698|-0.275839739|-0.281074072,0.947899324|0.0336795934|0.711746629|1.21188097|1.13640665|1.06700504,0.490123421|0.379205883|0.363292664,-0.104824185|-0.296571314|-0.000908213377,0.005476061254739761,0.0010206662118434906,0.0015766611322760582,0.0014795605093240738
15,0.8,-0.6421574304674869,0.5176905393600464,0.24690818786621094,0.24463991820812225,0.4448009133338928,0.35,1,0,0,0,0,0,0,,,,nan,0,0.0,18.087724685668945,352.3774108886719,0.8908216953277588,1.0,0.06654209945969222,0,0,0,0,0.2163588162885901,0.0,safe_stop_infeasible,0.89082168958044,1,0,12,,predictive_link_1,0,0,0,,,0.00845411891475617,valid,0.06654209945969222,0.284907199|0.0665420995|0.215486141|0.290655157|0.278639228|0.258354441,0.434907199|0.216542099|0.365486141|0.440655157|0.428639228|0.408354441,0.404907199|0.186542099|0.335486141|0.410655157|0.398639228|0.378354441,0.15|0.15|0.15|0.15|0.15|0.15,0|0|0|0|0|0,-0.236597176|-0.274622517|-0.280046351|-0.266888125|-0.275532255|-0.280635234,0.90303162|-0.00845411891|0.581898212|0.895732503|0.839024659|0.75278253,0.484882385|0.364377201|0.363247246,-0.104824185|-0.296571314|-0.000908213377,0.004288356751203537,0.0017401985824108124,0.0010369811207056046,0.0002935826778411865
16,0.8500000000000001,-0.6820535069733755,0.5601264834403992,0.24690817296504974,0.23070628941059113,0.4792903661727905,0.35,1,0,0,0,0,0,0,,,,nan,0,0.0,0.0,361.7544860839844,0.415667861700058,1.0,0.0532482885885511,0,0,0,0,0.2163588162885901,0.0,safe_stop_infeasible,0.4156678867337613,1,0,12,,predictive_link_1,0,0,0,,,0.05855733943318575,valid,0.0532482885885511,0.273151448|0.0532482886|0.202055411|0.278698038|0.266371348|0.245804607,0.423151448|0.203248289|0.352055411|0.428698038|0.416371348|0.395804607,0.393151448|0.173248289|0.322055411|0.398698038|0.386371348|0.365804607,0.15|0.15|0.15|0.15|0.15|0.15,0|0|0|0|0|0,-0.232863729|-0.271550494|-0.278702867|-0.264558064|-0.273671072|-0.278889117,0.859742062|-0.0585573394|0.529518777|0.850234088|0.791814321|0.704329311,0.479641348|0.349548519|0.363201827,-0.104824185|-0.296571314|-0.000908213377,0.0046008313074707985,0.0011794175952672958,0.0011974601075053215,0.00047548767179250717
17,0.9,-0.723585814836611,0.6016585230827332,0.24690817296504974,0.21690426766872406,0.5122479796409607,0.35,1,0,0,0,0,0,0,,,,nan,0,0.0,0.0,0.0,0.0,1.0,0.039755046758534335,1,1,0,0,0.2163588162885901,0.0,recovery_relaxed,0.0,0,0,12,,predictive_link_1,0,1,1,zero_sensitivity; recovery=solved,recovery_maximin,0.10909776664684806,valid,0.039755046758534335,0.261606829|0.0397550468|0.188145482|0.265536921|0.252744603|0.231912923,0.411606829|0.189755047|0.338145482|0.415536921|0.402744603|0.381912923,0.381606829|0.159755047|0.308145482|0.385536921|0.372744603|0.351912923,0.15|0.15|0.15|0.15|0.15|0.15,0|0|0|0|0|0,-0.228884009|-0.268117954|-0.277681165|-0.26185068|-0.271364704|-0.276744464,0.817543305|-0.109097767|0.474900763|0.800297005|0.739613707|0.650907226,0.474400312|0.334719837|0.363156408,-0.104824185|-0.296571314|-0.000908213377,0.008258409798145294,0.00106122437864542,0.001414252445101738,0.0031594373285770416
18,0.9500000000000001,-0.7687509959965841,0.6468237042427063,0.24690817296504974,0.20324845612049103,0.5482290387153625,0.35,1,0,0,0,0,0,0,,,,nan,0,0.0,0.0,0.0,0.0,1.0,0.02644329043458865,1,1,0,0,0.2163588162885901,0.0,recovery_relaxed,0.0,0,0,12,,predictive_link_1,0,1,1,zero_sensitivity; recovery=solved,recovery_maximin,0.158509994096182,valid,0.02644329043458865,0.250267337|0.0264432904|0.174288877|0.252516181|0.239237707|0.218133015,0.400267337|0.17644329|0.324288877|0.402516181|0.389237707|0.368133015,0.370267337|0.14644329|0.294288877|0.372516181|0.359237707|0.338133015,0.15|0.15|0.15|0.15|0.15|0.15,0|0|0|0|0|0,-0.224656161|-0.264283156|-0.276568431|-0.258939511|-0.268873496|-0.274414236,0.776413187|-0.158509994|0.420587077|0.751125215|0.688077334|0.598117822,0.469159275|0.319891155|0.363110989,-0.104824185|-0.296571314|-0.000908213377,0.014774564653635025,0.0019701169803738594,0.005810379981994629,0.0036013424396514893
19,1.0,-0.8177411264210837,0.6958138346672058,0.24690817296504974,0.18975524604320526,0.5874692797660828,0.35,1,0,0,0,0,0,0,,,,nan,0,0.0,0.0,0.0,0.0,1.0,0.01333452813801228,1,1,0,0,0.2163588162885901,0.0,recovery_relaxed,0.0,0,0,12,,predictive_link_1,0,1,1,zero_sensitivity; recovery=solved,recovery_maximin,0.20664984343967419,valid,0.01333452813801228,0.239145773|0.0133345281|0.160490405|0.239646473|0.225860369|0.204474671,0.389145773|0.163334528|0.310490405|0.389646473|0.375860369|0.354474671,0.359145773|0.133334528|0.280490405|0.359646473|0.345860369|0.324474671,0.15|0.15|0.15|0.15|0.15|0.15,0|0|0|0|0|0,-0.220164302|-0.259987956|-0.275353955|-0.255806197|-0.266179155|-0.271878243,0.736418792|-0.206649843|0.366607667|0.702779694|0.63726232|0.546020442,0.463918239|0.305062473|0.363065571,-0.104824185|-0.296571314|-0.000908213377,0.010072916746139526,0.0018555400893092155,0.0018335739150643349,0.0028690528124570847
20,1.05,-0.8707151716977255,0.7487878799438477,0.24690817296504974,0.17644350230693817,0.6302054524421692,0.35,1,0,0,0,0,0,0,,,,nan,0,0.0,0.0,0.0,0.0,1.0,0.0004534220999418692,1,1,0,0,0.2163588162885901,0.0,recovery_relaxed,0.0,0,0,12,,predictive_link_1,0,1,1,zero_sensitivity; recovery=solved,recovery_maximin,0.25335136759053906,valid,0.0004534220999418692,0.228255748|0.0004534221|0.146755454|0.226939397|0.212623242|0.190948737,0.378255748|0.150453422|0.296755454|0.376939397|0.362623242|0.340948737,0.348255748|0.120453422|0.266755454|0.346939397|0.332623242|0.310948737,0.15|0.15|0.15|0.15|0.15|0.15,0|0|0|0|0|0,-0.215391954|-0.255165056|-0.274025481|-0.252430672|-0.263261371|-0.269113788,0.69763104|-0.253351368|0.312996333|0.655326915|0.587231598|0.494681159,0.458677202|0.290233791|0.363020152,-0.104824185|-0.296571314|-0.000908213377,0.009758536703884602,0.001866959035396576,0.0015420503914356232,0.002639761194586754
21,1.1,-0.9277850693493979,0.80585777759552,0.24690817296504974,0.16333474218845367,0.6766700148582458,0.35,1,0,0,0,0,0,0,,,,nan,0,0.0,0.0,0.0,0.0,1.0,-0.01217174628150508,1,1,0,0,0.2163588162885901,0.0,recovery_relaxed,0.0,0,0,12,,predictive_link_1,0,1,1,zero_sensitivity; recovery=solved,recovery_maximin,0.29842376558776385,valid,-0.01217174628150508,0.217611709|-0.0121717463|0.133090065|0.214407604|0.199538053|0.17756726,0.367611709|0.137828254|0.283090065|0.364407604|0.349538053|0.32756726,0.337611709|0.107828254|0.253090065|0.334407604|0.319538053|0.29756726,0.15|0.15|0.15|0.15|0.15|0.15,0|0|0|0|0|0,-0.210322143|-0.24973678|-0.272568941|-0.248791036|-0.260097619|-0.266095354,0.660124694|-0.298423766|0.259791318|0.60883938|0.538054594|0.444173685,0.453436166|0.275405109|0.362974733,-0.104824185|-0.296571314|-0.000908213377,0.009081739000976086,0.0018334882333874702,0.0015733549371361732,0.002672753296792507
22,1.1500000000000001,-0.9610808795720236,0.8391535878181458,0.24690817296504974,0.15045370161533356,0.7270845174789429,0.35,1,0,0,0,0,0,0,,,,nan,0,0.0,0.0,0.0,0.0,1.0,-0.024508526809086717,1,1,0,0,0.2163588162885901,0.0,recovery_relaxed,0.0,0,0,12,,predictive_link_1,0,1,1,zero_sensitivity; recovery=solved,recovery_maximin,0.34164796543382936,valid,-0.024508526809086717,0.207228961|-0.0245085268|0.119501037|0.202064887|0.186617714|0.164343642,0.357228961|0.125491473|0.269501037|0.352064887|0.336617714|0.314343642,0.327228961|0.0954914732|0.239501037|0.322064887|0.306617714|0.284343642,0.15|0.15|0.15|0.15|0.15|0.15,0|0|0|0|0|0,-0.204937539|-0.243613858|-0.270968155|-0.244863438|-0.256662946|-0.262794264,0.623978306|-0.341647965|0.207035995|0.563396111|0.489807909|0.394580305,0.44819513|0.260576427|0.362929314,-0.104824185|-0.296571314|-0.000908213377,0.009170896373689175,0.001889331266283989,0.00149624515324831,0.002794649451971054
23,1.2000000000000002,-0.9726102656155722,0.8506829738616943,0.24690817296504974,0.13782863318920135,0.7816519737243652,0.35,1,0,0,0,0,0,0,,,,nan,0,0.0,0.0,0.0,0.0,1.0,-0.03651966346685298,1,1,0,0,0.2163588162885901,0.0,recovery_relaxed,0.0,0,0,12,,predictive_link_1,0,1,1,zero_sensitivity; recovery=solved,recovery_maximin,0.38277304846100413,valid,-0.03651966346685298,0.197123703|-0.0365196635|0.105996079|0.189926333|0.173876503|0.151292862,0.347123703|0.113480337|0.255996079|0.339926333|0.323876503|0.301292862,0.317123703|0.0834803365|0.225996079|0.309926333|0.293876503|0.271292862,0.15|0.15|0.15|0.15|0.15|0.15,0|0|0|0|0|0,-0.199220661|-0.236694395|-0.269204462|-0.240622007|-0.252929752|-0.259178313,0.589274152|-0.382773048|0.154779855|0.519083327|0.442576262|0.345993137,0.442954093|0.245747805|0.362883896,-0.104824185|-0.296571314|-0.000908213377,0.009881759993731976,0.001780983991920948,0.0019105775281786919,0.002782026305794716
24,1.25,-0.9848437613278525,0.8629164695739746,0.24690817296504974,0.12549199163913727,0.8405489325523376,0.35,1,0,0,0,0,0,0,,,,nan,0,0.0,0.0,0.0,0.0,1.0,-0.0481624793351621,1,1,0,0,0.2163588162885901,0.0,recovery_relaxed,0.0,0,0,12,,predictive_link_1,0,1,1,zero_sensitivity; recovery=solved,recovery_maximin,0.42151308284867095,valid,-0.0481624793351621,0.187313005|-0.0481624793|0.0925839019|0.178008373|0.161330152|0.138431605,0.337313005|0.101837521|0.242583902|0.328008373|0.311330152|0.288431605,0.307313005|0.0718375207|0.212583902|0.298008373|0.281330152|0.258431605,0.15|0.15|0.15|0.15|0.15|0.15,0|0|0|0|0|0,-0.19315409|-0.228863166|-0.26725629|-0.236038767|-0.248867576|-0.255211382,0.556097931|-0.421513083|0.103079318|0.475994724|0.396453033|0.298515036,0.437713057|0.230919302|0.362838477,-0.104824185|-0.296571314|-0.000908213377,0.009331906214356422,0.0017375191673636436,0.0016957102343440056,0.0027021896094083786
25,1.3,-3.9004442007501043,3.8583239912986755,0.24257038533687592,0.11507851630449295,0.8583239912986755,0.35,1,1,0,0,0,0,0,,,,nan,0,0.2509782314300537,5.019564628601074,100.39128875732422,0.0,1.0,-0.05938828515045702,1,1,0,0,0.2163588162885901,0.0,recovery_relaxed,0.2509782297318162,0,0,12,,predictive_link_1,0,1,1,zero_sensitivity; recovery=solved inaccurate,recovery_maximin,0.45754466364819957,valid,-0.05938828515045702,0.177814737|-0.0593882852|0.0792742581|0.16632874|0.148995823|0.125778297,0.327814737|0.0906117148|0.229274258|0.31632874|0.298995823|0.275778297,0.297814737|0.0606117148|0.199274258|0.28632874|0.268995823|0.245778297,0.15|0.15|0.15|0.15|0.15|0.15,0|0|0.045164213|0.0777385463|0.0594592412|0.06612303,-0.186720663|-0.219991523|-0.265098604|-0.231083579|-0.244442859|-0.250853016,0.524538284|-0.457544664|0.0971626415|0.511969927|0.410999675|0.318383204,0.43247202|0.216090798|0.362793058,-0.104824185|-0.296571314|-0.000908213377,0.006145276129245758,0.0010191025212407112,0.0010663177818059921,0.0021210769191384315
26,1.35,-3.9850641543191467,3.8649299144744873,0.24256689846515656,0.10351306945085526,0.8649298548698425,0.35,1,1,0,0,0,0,0,,,,nan,0,0.0,5.019564628601074,200.78257751464844,0.0,1.0,-0.06842622103954193,1,1,0,0,0.2163588162885901,0.0,recovery_relaxed,0.0,0,0,12,,predictive_link_1,0,1,1,zero_sensitivity,recovery_hard_constraints,0.48285600808154094,valid,-0.06842622103954193,0.168575212|-0.068426221|0.0687283505|0.15806956|0.139692|0.116206104,0.318575212|0.081573779|0.21872835|0.30806956|0.289692|0.266206104,0.288575212|0.051573779|0.18872835|0.27806956|0.259692|0.236206104,0.15|0.15|0.15|0.15|0.15|0.15,0|0|0|0|0|0,-0.179952917|-0.209151124|-0.26099928|-0.226532216|-0.241304117|-0.247579117,0.494347931|-0.482856008|0.0139141215|0.405746022|0.317463885|0.2172453,0.427230984|0.201262295|0.362747639,-0.104824185|-0.296571314|-0.000908213377,0.0113487234339118,0.0012448476627469063,0.0018987199291586876,0.004711221903562546
27,1.4000000000000001,-3.8916682941180754,3.8515374064445496,0.23830784857273102,0.09422401338815689,0.8515373468399048,0.35,1,1,0,0,0,0,0,,,,nan,0,0.2833956778049469,5.667913436889648,213.62367248535156,0.0,1.0,-0.07855790588586423,1,1,0,0,0.2163588162885901,0.0,recovery_relaxed,0.28339568189048525,0,0,12,,predictive_link_1,0,1,1,zero_sensitivity; recovery=solved,recovery_maximin,0.5119547844901742,valid,-0.07855790588586423,0.15975618|-0.0785579059|0.055783639|0.146894226|0.127735723|0.103938396,0.30975618|0.0714420941|0.205783639|0.296894226|0.277735723|0.253938396,0.27975618|0.0414420941|0.175783639|0.266894226|0.247735723|0.223938396,0.15|0.15|0.15|0.15|0.15|0.15,0|0|0.0513170335|0.0800685942|0.0561585548|0.0642850582,-0.172738443|-0.197723161|-0.258265917|-0.220800601|-0.236179928|-0.242439913,0.466286278|-0.511954784|0.0161856724|0.446844897|0.33092152|0.237598728,0.421989948|0.186433792|0.362702221,-0.104824185|-0.296571314|-0.000908213377,0.006059898994863033,0.0010563340038061142,0.001050259917974472,0.002013268880546093
28,1.4500000000000002,-3.975626235974998,3.8590479493141174,0.2382964789867401,0.08363000303506851,0.8590479493141174,0.35,1,1,0,0,0,0,0,,,,nan,0,4.6633181227662135e-07,5.667905330657959,226.71636962890625,0.0,1.0,-0.08607354454704938,1,1,0,0,0.2163588162885901,0.0,recovery_relaxed,4.663317989139484e-07,0,0,12,joint_0_acceleration_upper|joint_1_acceleration_upper,predictive_link_1,0,1,1,zero_sensitivity,recovery_hard_constraints,0.5281339601804261,valid,-0.08607354454704938,0.151226242|-0.0860735445|0.0460396608|0.139203026|0.11868775|0.0946586781,0.301226242|0.0639264555|0.196039661|0.289203026|0.26868775|0.244658678,0.271226242|0.0339264555|0.166039661|0.259203026|0.23868775|0.214658678,0.15|0.15|0.15|0.15|0.15|0.15,0|0|7.44295623e-08|7.03599314e-08|-6.77073885e-09|1.38385704e-08,-0.165165811|-0.183839782|-0.253251937|-0.215571469|-0.232633736|-0.238655251,0.439739158|-0.52813396|-0.0690932192|0.341240704|0.242117259|0.139979475,0.416748911|0.171605289|0.362656802,-0.104824185|-0.296571314|-0.000908213377,0.01005615759640932,0.0019311066716909409,0.0012688925489783287,0.0033201789483428
29,1.5,-3.887311696376444,3.8447885513305664,0.23437632620334625,0.07545926421880722,0.8447885513305664,0.35,1,1,0,0,0,0,0,,,,nan,0,0.28378599882125854,5.675711631774902,226.78204345703125,0.0,1.0,-0.09483669613434131,1,1,0,0,0.2163588162885901,0.0,recovery_relaxed,0.28378598016002177,0,0,12,,predictive_link_1,0,1,1,zero_sensitivity; recovery=solved,recovery_maximin,0.5487141925125945,valid,-0.09483669613434131,0.14316701|-0.0948366961|0.0335265254|0.1286146|0.107189694|0.0828658376,0.29316701|0.0551633039|0.183526525|0.2786146|0.257189694|0.232865838,0.26316701|0.0251633039|0.153526525|0.2486146|0.227189694|0.202865838,0.15|0.15|0.15|0.15|0.15|0.15,0|0|0.051801059|0.0785992777|0.0516274914|0.0599463882,-0.157115252|-0.169367408|-0.249793067|-0.208967246|-0.226693068|-0.232581654,0.415552789|-0.548714193|-0.0638859067|0.384090431|0.2536932|0.158828085,0.411507875|0.156776786|0.362611383,-0.104824185|-0.296571314|-0.000908213377,0.008458912372589111,0.001058187335729599,0.0017079906538128853,0.0029016416519880295
30,1.55,-3.9649552917298494,3.851764976978302,0.23438183963298798,0.0660700872540474,0.851764976978302,0.35,1,1,0,0,0,0,0,,,,nan,0,0.0,5.675719738006592,227.02862548828125,0.0,1.0,-0.10080950673003208,1,1,0,0,0.2163588162885901,0.0,recovery_relaxed,0.0,0,0,12,,predictive_link_1,0,1,1,zero_sensitivity,recovery_hard_constraints,0.5556044812796423,valid,-0.10080950673003208,0.13543491|-0.100809507|0.0243877382|0.121490445|0.0984187195|0.0738998423,0.28543491|0.0491904933|0.174387738|0.271490445|0.248418719|0.223899842,0.25543491|0.0191904933|0.144387738|0.241490445|0.218418719|0.193899842,0.15|0.15|0.15|0.15|0.15|0.15,0|0|0|0|0|0,-0.148686876|-0.152366454|-0.243872303|-0.202894246|-0.222454107|-0.22796639,0.393052766|-0.555604481|-0.14632135|0.283067535|0.171220771|0.0676329792,0.406266838|0.141948283|0.362565964,-0.104824185|-0.296571314|-0.000908213377,0.011457298882305622,0.0015858523547649384,0.0017618434503674507,0.0047065820544958115
31,1.6,-3.876066195781133,3.836509585380554,0.23049764335155487,0.05927761644124985,0.8365095853805542,0.35,1,1,0,0,0,0,0,,,,nan,0,0.2834526598453522,5.669053077697754,226.3680419921875,0.0,1.0,-0.10790642649012372,1,1,0,0,0.2163588162885901,0.0,recovery_relaxed,0.28345265516103446,0,0,12,joint_0_acceleration_lower,predictive_link_1,0,1,1,zero_sensitivity; recovery=solved,recovery_maximin,0.5661772439008789,valid,-0.10790642649012372,0.1282215|-0.107906426|0.0123694426|0.111559368|0.0874480335|0.0626642025,0.2782215|0.0420935735|0.162369443|0.261559368|0.237448034|0.212664202,0.2482215|0.0120935735|0.132369443|0.231559368|0.207448034|0.182664202,0.15|0.15|0.15|0.15|0.15|0.15,0|0|0.0523692947|0.0830307228|0.0532427709|0.064167862,-0.139763682|-0.134551538|-0.239509411|-0.195299296|-0.215534063|-0.220747175,0.373122318|-0.566177244|-0.137662346|0.3339689|0.187500842|0.0940774968,0.401025802|0.12711978|0.362520546,-0.104824185|-0.296571314|-0.000908213377,0.009919779375195503,0.0018023718148469925,0.0015088170766830444,0.0032678265124559402
32,1.6500000000000001,-3.804930262799883,3.8199955821037292,0.22391214966773987,0.05532170087099075,0.8199955821037292,0.35,1,1,0,0,0,0,0,,,,nan,0,0.5659111142158508,5.657088756561279,8.473250389099121,0.0,1.0,-0.11203903356717362,1,1,0,0,0.2163588162885901,0.0,recovery_relaxed,0.5659111137222983,0,0,12,joint_0_acceleration_lower,predictive_link_1,0,1,1,zero_sensitivity; recovery=solved,recovery_maximin,0.5625806382467137,valid,-0.11203903356717362,0.121374274|-0.112039034|0.00398567732|0.105245475|0.0793917807|0.0544594442,0.271374274|0.0379609664|0.153985677|0.255245475|0.229391781|0.204459444,0.241374274|0.00796096643|0.123985677|0.225245475|0.199391781|0.174459444,0.15|0.15|0.15|0.15|0.15|0.15,0|0|0.104868007|0.159911878|0.0997800653|0.121265826,-0.130455636|-0.114424504|-0.232353479|-0.188144323|-0.210314061|-0.214980897,0.355041458|-0.562580638|-0.111542763|0.392749453|0.207033128|0.124122706,0.395784765|0.112291194|0.362475127,-0.104824185|-0.296571314|-0.000908213377,0.009826247580349445,0.001775309443473816,0.0015596216544508934,0.003166528418660164
33,1.7000000000000002,-3.8573621710904176,3.8011995553970337,0.22150038182735443,0.054486773908138275,0.8011995553970337,0.35,1,1,0,0,0,0,0,,,,nan,0,0.7000000476837158,3.807359457015991,88.68431091308594,0.699999988079071,1.0,-0.11297494552062606,1,1,0,0,0.2163588162885901,0.699999988079071,recovery_relaxed,2.534444417025801e-08,0,0,12,,predictive_link_1,0,1,1,zero_sensitivity,recovery_hard_constraints,0.5441706411539802,valid,-0.11297494552062606,0.114908104|-0.112974946|-0.00039598486|0.102320073|0.0738316935|0.0488986483,0.264908104|0.0370250545|0.149604015|0.252320073|0.223831693|0.198898648,0.234908104|0.00702505448|0.119604015|0.222320073|0.193831693|0.168898648,0.15|0.15|0.15|0.15|0.15|0.15,0|0|0.131388076|0.164878624|0.0704969753|0.100771964,-0.120767562|-0.0922708591|-0.222110328|-0.182940719|-0.207001279|-0.210890592,0.338864855|-0.544170641|-0.092306191|0.391218199|0.158822471|0.0854759649,0.390543729|0.097462602|0.362429708,-0.104824185|-0.296571314|-0.000908213377,0.011741830967366695,0.0019110441207885742,0.0017191385850310326,0.004905403591692448
34,1.75,-3.870386070837129,3.800000011920929,0.21995855867862701,0.05513056367635727,0.800000011920929,0.35,1,1,0,0,0,0,0,,,,nan,0,0.8309552669525146,3.7085583209991455,96.49768829345703,0.699999988079071,1.0,-0.110169882089658,1,1,0,0,0.2163588162885901,0.699999988079071,recovery_relaxed,0.21569965353444806,0,0,12,,predictive_link_1,0,1,1,zero_sensitivity; recovery=solved inaccurate,recovery_maximin,0.5071729359853778,valid,-0.110169882089658,0.1089443|-0.110169882|-0.00238962001|0.0997188925|0.067221556|0.042466174,0.2589443|0.0398301179|0.14761038|0.249718893|0.217221556|0.192466174,0.2289443|0.00983011791|0.11761038|0.219718893|0.187221556|0.162466174,0.15|0.15|0.15|0.15|0.15|0.15,0|0|0.152172819|0.22237776|0.135535808|0.174248187,-0.110643768|-0.0664934076|-0.208998328|-0.177244016|-0.202037876|-0.204917952,0.325133431|-0.507172936|-0.0663839889|0.444009314|0.202384156|0.139194931,0.385302693|0.0826340094|0.36238429,-0.104824185|-0.296571314|-0.000908213377,0.010529471561312675,0.0017393380403518677,0.001941012218594551,0.003464491106569767
35,1.8,-3.946288143737833,3.800000011920929,0.2225760966539383,0.056972868740558624,0.800000011920929,0.35,1,1,0,0,0,0,0,,,,nan,0,0.870295524597168,0.9602637887001038,56.683250427246094,0.699999988079071,1.0,-0.10586185346287263,1,1,0,0,0.2163588162885901,0.699999988079071,recovery_relaxed,0.2962297949822497,0,0,12,,predictive_link_1,0,1,1,zero_sensitivity; recovery=solved inaccurate,recovery_maximin,0.4646619426266959,valid,-0.10586185346287263,0.10343296|-0.105861853|-0.0015917977|0.100214389|0.0640894499|0.0395956456,0.25343296|0.0441381465|0.148408202|0.250214389|0.21408945|0.189595646,0.22343296|0.0141381465|0.118408202|0.220214389|0.18408945|0.159595646,0.15|0.15|0.15|0.15|0.15|0.15,0|0|0.157244257|0.229319326|0.155635946|0.196818314,-0.100141883|-0.0412145288|-0.193181138|-0.171231732|-0.196832066|-0.198456323,0.313589958|-0.464661943|-0.042304072|0.458945149|0.215161679|0.156744574,0.380061656|0.0678054169|0.362338871,-0.104824185|-0.296571314|-0.000908213377,0.008576281368732452,0.0018910104408860207,0.0010582730174064636,0.002556568942964077
36,1.85,-4.0013560112524065,3.800000011920929,0.22776924073696136,0.05835173279047012,0.800000011920929,0.35,1,1,0,0,0,0,0,,,,nan,0,0.5769647359848022,6.420086860656738,146.870849609375,0.0,1.0,-0.10030843358672867,1,1,0,0,0.2163588162885901,0.0,recovery_relaxed,0.5769647706367433,0,0,12,,predictive_link_1,0,1,1,zero_sensitivity,recovery_hard_constraints,0.41745722671130586,valid,-0.10030843358672867,0.0984437622|-0.100308434|0.000696046689|0.10177586|0.0622594572|0.0381117761,0.248443762|0.0496915664|0.150696047|0.25177586|0.212259457|0.188111776,0.218443762|0.0196915664|0.120696047|0.22177586|0.182259457|0.158111776,0.15|0.15|0.15|0.15|0.15|0.15,0|0|0.107100695|0.123790834|0.081022174|0.105281056,-0.0892495328|-0.0162234924|-0.17567409|-0.16446842|-0.190133383|-0.190326299,0.304525516|-0.417457227|-0.0657892086|0.366425853|0.13992662|0.0674018606,0.37482062|0.0529768541|0.362293452,-0.104824185|-0.296571314|-0.000908213377,0.007144089788198471,0.0010150643065571785,0.0010501518845558167,0.003082921728491783
37,1.9000000000000001,-3.9934268543242095,3.800000011920929,0.23233944177627563,0.05914706736803055,0.800000011920929,0.35,1,1,0,0,0,0,0,,,,nan,0,0.30233365297317505,5.656846523284912,60.72126770019531,0.0,1.0,-0.09538238242824282,1,1,0,0,0.2163588162885901,0.0,recovery_relaxed,0.30233367208677253,0,0,12,,predictive_link_1,0,1,1,zero_sensitivity,recovery_hard_constraints,0.3815295297129713,valid,-0.09538238242824282,0.0941032333|-0.0953823824|0.00016835414|0.0994055851|0.0569733752|0.0331828593,0.244103233|0.0546176176|0.150168354|0.249405585|0.206973375|0.183182859,0.214103233|0.0246176176|0.120168354|0.219405585|0.176973375|0.153182859,0.15|0.131968629|0.15|0.15|0.15|0.15,0|0|0.0585806747|0.0559988297|0.0342311541|0.048072514,-0.0779224919|-8.00822075e-17|-0.160665348|-0.157642502|-0.181504706|-0.180262353,0.298490441|-0.38152953|-0.101411257|0.295978668|0.0806199489|0.00054159813,0.369579583|0.0381483063|0.362248033,-0.104824185|-0.296571314|-0.000908213377,0.011086738668382168,0.0015523703768849373,0.0015892572700977325,0.0049228426069021225
38,1.9500000000000002,-4.051179850693748,3.800000011920929,0.2396695911884308,0.062407903373241425,0.800000011920929,0.35,1,1,0,0,0,0,0,,,,nan,0,0.6014500856399536,6.598577976226807,236.25503540039062,0.699999988079071,1.0,-0.09214926386838493,1,1,0,0,0.2163588162885901,0.699999988079071,recovery_relaxed,0.3191414416735588,0,0,12,,predictive_link_1,0,1,1,zero_sensitivity; recovery=solved inaccurate,recovery_maximin,0.3685970554735397,valid,-0.09214926386838493,0.0904343242|-0.0921492639|-0.00319394878|0.0944346038|0.049875995|0.0264020873,0.240434324|0.0578507361|0.146806051|0.244434604|0.199875995|0.176402087,0.210434324|0.0278507361|0.116806051|0.214434604|0.169875995|0.146402087,0.15|0.0780739398|0.15|0.15|0.15|0.15,0|0|0.107994045|0.148816942|0.130910847|0.160920127,-0.0661928982|6.11405998e-18|-0.147665699|-0.149700871|-0.170577652|-0.167878967,0.295544399|-0.368597055|-0.0524474494|0.376854486|0.159837176|0.0986495094,0.364338547|0.0233197454|0.362202615,-0.104824185|-0.296571314|-0.000908213377,0.009816315025091171,0.001897403970360756,0.00154179148375988,0.0034170476719737053
39,2.0,-4.231522511400206,3.800000011920929,0.2561129629611969,0.0708957388997078,0.800000011920929,0.35,1,1,0,0,0,0,0,,,,nan,0,0.6849955320358276,6.59856653213501,209.91851806640625,0.7000000476837158,1.0,-0.08770713487360501,1,1,0,0,0.2163588162885901,0.7000000476837158,recovery_relaxed,0.01686728907278724,0,0,12,,predictive_link_1,0,1,1,zero_sensitivity,recovery_hard_constraints,0.3508285394944201,valid,-0.08770713487360501,0.0872559012|-0.0877071349|-0.00162833789|0.0946349518|0.0481201124|0.0250974112,0.237255901|0.0622928651|0.148371662|0.244634952|0.198120112|0.175097411,0.207255901|0.0322928651|0.118371662|0.214634952|0.168120112|0.145097411,0.15|0.0234404699|0.15|0.15|0.15|0.15,0|0|0.142471199|0.0975185809|0.0628309345|0.0970305448,-0.0542226215|-3.45912755e-17|-0.130377656|-0.140868233|-0.158933865|-0.154533385,0.294800983|-0.350828539|0.00558019125|0.335190155|0.0963775191|0.0428868052,0.359097511|0.00849117525|0.362157196,-0.104824185|-0.296571314|-0.000908213377,0.011177117936313152,0.0016871299594640732,0.001752043142914772,0.0048758843913674355
40,2.0500000000000003,-4.19489302160544,3.800000011920929,0.26983413100242615,0.07893035560846329,0.800000011920929,0.35,1,1,0,0,0,0,0,,,,nan,0,0.4722669720649719,4.786510467529297,175.97828674316406,0.0,1.0,-0.07910426906239734,1,1,0,0,0.2163588162885901,0.0,recovery_relaxed,0.4722669842624352,0,0,12,,predictive_link_1,0,1,1,zero_sensitivity,recovery_hard_constraints,0.3006058780510978,valid,-0.07910426906239734,0.0847829104|-0.0791042691|0.00272834672|0.0933153669|0.0440617571|0.021981293,0.23478291|0.0708957309|0.152728347|0.243315367|0.194061757|0.171981293,0.20478291|0.0408957309|0.122728347|0.213315367|0.164061757|0.141981293,0.15|0|0.15|0.15|0.15|0.15,0|0|0.100191725|0.0524215902|0.043906635|0.0679302365,-0.0419368068|0.0158111982|-0.110730442|-0.130019147|-0.14110085|-0.1343988,0.297194835|-0.300605878|0.000374669834|0.295663911|0.0790528133|0.021456609,0.353856474|-0.00633738982|0.362111777,-0.104824185|-0.296571314|-0.000908213377,0.012215442955493927,0.0018198862671852112,0.0018896106630563736,0.004987156018614769
41,2.1,-4.105363025171438,3.800000011920929,0.2781156003475189,0.08535543829202652,0.800000011920929,0.35,1,1,0,0,0,0,0,,,,nan,0,0.27226755023002625,3.999988317489624,52.57683563232422,0.0,1.0,-0.07106963597358568,1,1,0,0,0.2163588162885901,0.0,recovery_relaxed,0.27226754428451533,0,0,12,,predictive_link_1,0,1,1,zero_sensitivity,recovery_hard_constraints,0.24536846379621924,valid,-0.07106963597358568,0.0829986142|-0.071069636|0.00518006445|0.0906350602|0.0399165976|0.0187979385,0.232998614|0.078930364|0.155180064|0.24063506|0.189916598|0.168797938,0.202998614|0.048930364|0.125180064|0.21063506|0.159916598|0.138797938,0.15|0|0.15|0.15|0.15|0.15,0|0|0.0595751033|0.0299713687|0.0349910424|0.0487347101,-0.0294111081|0.0389100801|-0.0929600321|-0.118443163|-0.121724103|-0.112753545,0.302583349|-0.245368464|-0.012664671|0.274068446|0.0729333295|0.011172919,0.348615438|-0.0211659595|0.362066358,-0.104824185|-0.296571314|-0.000908213377,0.011934430338442326,0.0018606502562761307,0.0017930250614881516,0.004914565943181515
42,2.15,-4.003295765587209,3.800000011920929,0.2805740535259247,0.08996105939149857,0.800000011920929,0.35,1,1,0,0,0,0,0,,,,nan,0,0.07226771861314774,3.9999966621398926,0.00016691145719960332,0.0,1.0,-0.0646445797203773,1,1,0,0,0.2163588162885901,0.0,recovery_relaxed,0.07226772056403544,0,0,12,,predictive_link_1,0,1,1,zero_sensitivity,recovery_hard_constraints,0.19926538402626315,valid,-0.0646445797203773,0.0818444038|-0.0646445797|0.00561546409|0.0873554406|0.0361229334|0.015862175,0.231844404|0.0853554203|0.155615464|0.237355441|0.186122933|0.165862175,0.201844404|0.0553554203|0.125615464|0.207355441|0.156122933|0.135862175,0.15|0|0.15|0.15|0.15|0.15,0|0|0.0161944332|0.00911826306|0.0112742339|0.0148925599,-0.0167427311|0.0593129349|-0.0774180759|-0.104177497|-0.103965562|-0.0929410992,0.310634884|-0.199265384|-0.0387617863|0.254362529|0.0518004056|-0.0145998392,0.343374401|-0.0359945223|0.36202094,-0.104824185|-0.296571314|-0.000908213377,0.011753025464713573,0.0017324397340416908,0.0018707485869526863,0.004792811349034309
43,2.2,-3.9576741716526795,3.800000011920929,0.2805751860141754,0.09428108483552933,0.800000011920929,0.35,1,1,0,0,0,0,0,,,,nan,0,0.0,1.4453543424606323,51.09284210205078,0.0,1.0,-0.06003892901004204,1,1,0,0,0.2163588162885901,0.0,recovery_relaxed,0.0,0,0,12,,predictive_link_1,0,1,1,zero_sensitivity,recovery_hard_constraints,0.16245226149579509,valid,-0.06003892901004204,0.0813259347|-0.060038929|0.00351764484|0.0832459313|0.0319500504|0.0123967053,0.231325935|0.089961071|0.153517645|0.233245931|0.18195005|0.162396705,0.201325935|0.059961071|0.123517645|0.203245931|0.15195005|0.132396705,0.15|0|0.15|0.15|0.15|0.15,0|0|0|0|0|0,-0.00399216462|0.0777034545|-0.0641322501|-0.0906384306|-0.0882703676|-0.0753983269,0.321311574|-0.162452261|-0.0500616708|0.242345294|0.0395298339|-0.0258115059,0.338133365|-0.0508230701|0.361975521,-0.104824185|-0.296571314|-0.000908213377,0.011373243294656277,0.0016860002651810646,0.0016216002404689789,0.004749799147248268
44,2.25,-4.0436320497406335,3.800000011920929,0.2848891615867615,0.10062996298074722,0.800000011920929,0.35,1,1,0,0,0,0,0,,,,nan,0,0.3023577630519867,6.047155380249023,141.7318572998047,0.0,1.0,-0.0557189263711953,1,1,0,0,0.2163588162885901,0.0,recovery_relaxed,0.3023577814771833,0,0,12,,predictive_link_1,0,1,1,zero_sensitivity; recovery=solved inaccurate,recovery_maximin,0.12794459629937938,valid,-0.0557189263711953,0.0812948701|-0.0557189264|0.000625232027|0.079035039|0.027913822|0.0090485626,0.23129487|0.0942810736|0.150625232|0.229035039|0.177913822|0.159048563,0.20129487|0.0642810736|0.120625232|0.199035039|0.147913822|0.129048563,0.115627524|0|0.15|0.15|0.15|0.15,0|0|0.0485988254|0.0748414436|0.0894607933|0.0991882538,-6.37133948e-19|0.0949311092|-0.0515475499|-0.0777675189|-0.0731307334|-0.0584753831,0.32517948|-0.127944596|-0.000447796316|0.313214081|0.127985348|0.0769071211,0.332892329|-0.0656516254|0.361930102,-0.104824185|-0.296571314|-0.000908213377,0.010087252594530582,0.001582043245434761,0.0018070191144943237,0.0034752143546938896
45,2.3000000000000003,-4.138881498364318,3.800000011920929,0.2939380407333374,0.10914672166109085,0.800000011920929,0.35,1,1,0,0,0,0,0,,,,nan,0,0.5771352052688599,5.659079551696777,39.761863708496094,0.0,1.0,-0.04937004107770121,1,1,0,0,0.2163588162885901,0.0,recovery_relaxed,0.5771352137733099,0,0,12,,predictive_link_1,0,1,1,zero_sensitivity; recovery=solved inaccurate,recovery_maximin,0.08622347876851076,valid,-0.04937004107770121,0.0811822869|-0.0493700411|0.00314517816|0.0799054623|0.028778425|0.0107525997,0.231182287|0.100629959|0.153145178|0.229905462|0.178778425|0.1607526,0.201182287|0.0706299589|0.123145178|0.199905462|0.148778425|0.1307526,0.0658161415|0|0.15|0.15|0.15|0.15,0|0|0.0979980308|0.126451242|0.1469689|0.163113011,-8.2772187e-18|0.111256686|-0.0362393763|-0.0647037037|-0.0584306631|-0.0421757663,0.324729148|-0.0862234788|0.0743393672|0.381369388|0.203651937|0.163947643,0.327651292|-0.0804802179|0.361884683,-0.104824185|-0.296571314|-0.000908213377,0.008420746773481369,0.0011041341349482536,0.001436629332602024,0.0028816619887948036
46,2.35,-4.0680212620813885,3.800000011920929,0.2987072467803955,0.11730978637933731,0.800000011920929,0.35,1,1,0,0,0,0,0,,,,nan,0,0.28284087777137756,6.102051258087158,231.47525024414062,0.0,1.0,-0.04085328540301203,1,1,0,0,0.2163588162885901,0.0,recovery_relaxed,0.28284088573849614,0,0,12,,predictive_link_1,0,1,1,zero_sensitivity,recovery_hard_constraints,0.03688600219101623,valid,-0.04085328540301203,0.0809585542|-0.0408532854|0.0109668467|0.0846440626|0.0332046538|0.0160996433,0.230958554|0.109146715|0.160966847|0.234644063|0.183204654|0.166099643,0.200958554|0.0791467146|0.130966847|0.204644063|0.153204654|0.136099643,0.0162058568|0|0.15|0.15|0.15|0.15,0|0|0.0490603195|0.0498039514|0.0557747877|0.0596102903,3.88072345e-18|0.126527139|-0.0193903138|-0.0518875821|-0.0446719766|-0.0305618933,0.323834217|-0.0368860022|0.0735373925|0.33649262|0.143921426|0.0934469702,0.322410256|-0.0953088105|0.361839265,-0.104824185|-0.296571314|-0.000908213377,0.007783299311995506,0.0015651155263185501,0.001004188321530819,0.0031639253720641136
47,2.4000000000000004,-0.6812253174986881,0.4954453408718109,0.2989223003387451,0.12477139383554459,0.4954453706741333,0.35,1,0,0,0,0,0,0,,,,nan,0,1.8296307189302752e-06,5.656791687011719,45.76112747192383,0.0,1.0,-0.032690199571448975,1,1,0,0,0.2163588162885901,0.0,filtered,1.829630691181632e-06,0,0,12,joint_0_acceleration_upper,predictive_link_1,0,0,1,solved,osqp,0.0,valid,-0.032690199571448975,0.0809918519|-0.0326901996|0.0149169194|0.0855578535|0.0341422479|0.0176818189,0.230991852|0.1173098|0.164916919|0.235557854|0.184142248|0.167681819,0.200991852|0.0873098004|0.134916919|0.205557854|0.154142248|0.137681819,0|0|0.15|0.15|0.15|0.15,0|0|5.62243798e-09|6.6197154e-08|3.54022576e-08|2.04332522e-08,0.00858910048|0.140682671|-0.00526878325|-0.0387544852|-0.0298550118|-0.0189599278,0.332556508|0.00992187314|0.0543989001|0.303476995|0.106714015|0.0517673684,0.317169219|-0.110137403|0.361793846,-0.104824185|-0.296571314|-0.000908213377,0.005627593956887722,0.0010388903319835663,0.0010430319234728813,0.0015189340338110924
48,2.45,-0.6431742181018112,0.46446284651756287,0.29892241954803467,0.13276953995227814,0.46446284651756287,0.35,1,0,0,0,0,0,0,,,,nan,0,0.0,3.65926134691108e-05,113.13531494140625,0.0,1.0,-0.025228609054586792,1,1,0,0,0.2163588162885901,0.0,passthrough,0.0,0,0,12,,predictive_link_1,0,0,1,solved,osqp,0.0,valid,-0.025228609054586792,0.0817403212|-0.0252286091|0.0149982418|0.0840552448|0.0331359055|0.0171699452,0.231740321|0.124771391|0.164998242|0.234055245|0.183135905|0.167169945,0.201740321|0.0947713909|0.134998242|0.204055245|0.153135905|0.137169945,0|0|0.120997192|0.15|0.15|0.15,0|0|0|0|0|0,0.0213318867|0.153806693|-3.68883803e-17|-0.0250776499|-0.0138220778|-0.00500363258,0.348293171|0.0528922563|0.0599929671|0.31114333|0.118721544|0.0636761482,0.311928183|-0.124965996|0.361748427,-0.104824185|-0.296571314|-0.000908213377,0.009598178789019585,0.0018524881452322006,0.001966581679880619,0.0022963332012295723
49,2.5,-0.6121478547288746,0.43343862891197205,0.29892241954803467,0.14135102927684784,0.43343862891197205,0.35,1,0,0,0,0,0,0,,,,nan,0,0.0,0.0,0.0007318522548303008,0.0,1.0,-0.017230463312645494,1,1,0,0,0.2163588162885901,0.0,passthrough,0.0,0,0,12,,predictive_link_2,0,0,1,solved,osqp,0.0,valid,-0.017230463312645494,0.0831235367|-0.0172304633|0.0149984492|0.0831439887|0.0328379108|0.0171250877,0.233123537|0.132769537|0.164998449|0.233143989|0.182837911|0.167125088,0.203123537|0.102769537|0.134998449|0.203143989|0.152837911|0.137125088,0|0|0.0709974636|0.15|0.143091924|0.11793573,0|0|0|0|0|0,0.0339699977|0.165952083|-8.10957624e-18|-0.011354622|-1.78884972e-18|-3.68417144e-18,0.366464144|0.0970302295|0.0599937967|0.321221333|0.131351643|0.0685003507,0.306687146|-0.139794499|0.361703008,-0.104824185|-0.296571314|-0.000908213377,0.00953721534460783,0.0019240565598011017,0.0018471302464604378,0.0023223599418997765
50,2.5500000000000003,-0.5815251340104908,0.40281590819358826,0.29892241954803467,0.15046952664852142,0.40281587839126587,0.35,1,0,0,0,0,0,0,,,,nan,0,0.0,0.0,0.0,0.0,1.0,-0.008648985709539536,1,1,0,0,0.2163588162885901,0.0,passthrough,0.0,0,0,12,,predictive_link_2,0,0,1,solved,osqp,0.0,valid,-0.008648985709539536,0.0851347882|-0.00864898571|0.0149985464|0.0829101135|0.032837887|0.017125061,0.235134788|0.141351014|0.164998546|0.232910114|0.182837887|0.167125061,0.205134788|0.111351014|0.134998546|0.202910114|0.152837887|0.137125061,0|0|0.0209979915|0.141179809|0.0930922943|0.0679363194,0|0|0|0|0|0,0.0464438787|0.17714973|-6.13626844e-18|-2.55548362e-18|-2.7225834e-18|-6.40226515e-18,0.386983031|0.142553787|0.0599941857|0.331640454|0.131351548|0.0685002441,0.30144611|-0.154623002|0.36165759,-0.104824185|-0.296571314|-0.000908213377,0.009250601753592491,0.0016338424757122993,0.0017602965235710144,0.0024634357541799545
51,2.6,-0.6959227923239844,0.36548343300819397,0.3066265881061554,0.16261349618434906,0.36548343300819397,0.35,1,0,0,0,0,0,0,,,,nan,0,0.30514734983444214,6.102946758270264,122.0589370727539,0.699999988079071,1.0,0.0004695124538377504,1,1,0,0,0.2163588162885901,0.699999988079071,filtered,0.4093110048836061,0,0,12,,predictive_link_2,0,0,1,solved,osqp,0.0,valid,0.0004695124538377504,0.0877644518|0.000469512454|0.0151026409|0.0829101031|0.0328378632|0.0171250344,0.237764452|0.150469512|0.165102641|0.232910103|0.182837863|0.167125034,0.207764452|0.120469512|0.135102641|0.202910103|0.152837863|0.137125034,0|0|0|0.0911801801|0.0430926649|0.0179369088,0|0|0.0487748558|0.11057852|0.142111616|0.134815271,0.0586977947|0.18744125|0.00717079374|1.87968485e-17|3.09852332e-18|-3.5833395e-18,0.409755602|0.1893193|0.116356213|0.442218932|0.273463069|0.203315408,0.296205074|-0.169451505|0.361612171,-0.104824185|-0.296571314|-0.000908213377,0.008688358590006828,0.0015796786174178123,0.0015959590673446655,0.002354515716433525
52,2.6500000000000004,-0.8452738960633435,0.3236057460308075,0.32378169894218445,0.1778803914785385,0.3236057460308075,0.35,1,0,0,0,0,0,0,,,,nan,0,0.5772998929023743,5.663018703460693,46.13637924194336,0.7000000476837158,1.0,0.012613484056079649,1,1,0,0,0.2163588162885901,0.7000000476837158,filtered,0.1387472272401597,0,0,12,,predictive_link_2,0,0,1,solved,osqp,0.0,valid,0.012613484056079649,0.0910128989|0.0126134841|0.021111651|0.0893019893|0.0391378435|0.0235562745,0.241012899|0.162613484|0.171111651|0.239301989|0.189137843|0.173556274,0.211012899|0.132613484|0.141111651|0.209301989|0.159137843|0.143556274,0|0|0|0.0288731515|0|0,0|0|0.0995290278|0.222618948|0.27852974|0.262740159,0.0706840174|0.196525654|0.0230389215|4.10658238e-18|0.00549696859|0.0119786784,0.434735613|0.24697959|0.207014553|0.579826905|0.440578083|0.368943935,0.290964037|-0.184280008|0.361566752,-0.104824185|-0.296571314|-0.000908213377,0.008977840654551983,0.0018041860312223434,0.0015269620344042778,0.0021332809701561928
53,2.7,-0.9559184552596753,0.2811006009578705,0.34778156876564026,0.19565926492214203,0.2811005413532257,0.35,1,0,0,0,0,0,0,,,,nan,0,0.699999988079071,3.026810884475708,75.5418701171875,0.699999988079071,1.0,0.027880397147791225,1,1,0,0,0.2163588162885901,0.699999988079071,passthrough,9.272643838283038e-11,0,0,12,,workspace_z_upper,0,0,1,solved,osqp,0.0,valid,0.027880397147791225,0.0948609852|0.0278803971|0.0340872702|0.102587464|0.0528987259|0.0374481594,0.244860985|0.177880397|0.18408727|0.252587464|0.202898726|0.187448159,0.214860985|0.147880397|0.15408727|0.222587464|0.172898726|0.157448159,0|0|0|0|0|0,0|0|0.140628811|0.279599959|0.350330228|0.31706356,0.0823554805|0.204274666|0.0418332901|0.0123095099|0.0271815472|0.0301924987,0.461799422|0.315796254|0.318811182|0.702259325|0.589106678|0.497048696,0.285723001|-0.199108511|0.361521333,-0.104824185|-0.296571314|-0.000908213377,0.0087824622169137,0.0019581401720643044,0.0016119983047246933,0.0022724466398358345
54,2.75,-0.9812196685235682,0.2435552179813385,0.3732759654521942,0.21390609443187714,0.2435552328824997,0.35,1,0,0,0,0,0,0,,,,nan,0,0.7000000476837158,0.9768183827400208,53.81646728515625,0.7000000476837158,1.0,0.04565923092673316,1,1,0,0,0.2163588162885901,0.7000000476837158,passthrough,1.0304328020149857e-10,0,0,12,,workspace_z_upper,0,0,1,solved,osqp,0.0,valid,0.04565923092673316,0.0992989772|0.0456592309|0.0520673385|0.120679571|0.0715393265|0.0558268058,0.249298977|0.195659231|0.202067339|0.270679571|0.221539326|0.205826806,0.219298977|0.165659231|0.172067339|0.240679571|0.191539326|0.175826806,0|0|0|0|0|0,0|0|0.151540009|0.295975323|0.366677038|0.3182853,0.0936742631|0.210711161|0.060972386|0.0333189237|0.0493028482|0.0482149885,0.490870172|0.393348084|0.420781749|0.812012531|0.702137192|0.589807512,0.280481964|-0.213937014|0.361475915,-0.104824185|-0.296571314|-0.000908213377,0.010846871882677078,0.0018190452829003334,0.0018997658044099808,0.0025331536307930946
55,2.8000000000000003,-1.007502288402768,0.21036650240421295,0.39976224303245544,0.23272846639156342,0.21036651730537415,0.35,1,0,0,0,0,0,0,,,,nan,0,0.699999988079071,2.762404203414917,38.14054489135742,0.699999988079071,1.0,0.06390608916225124,1,1,0,0,0.2163588162885901,0.699999988079071,filtered,2.486418306475328e-07,0,0,12,,workspace_x_lower,0,0,1,solved,osqp,0.0,valid,0.06390608916225124,0.104303372|0.0639060892|0.0715865378|0.140593907|0.0920633313|0.0757933435,0.254303372|0.213906089|0.221586538|0.290593907|0.242063331|0.225793344,0.224303372|0.183906089|0.191586538|0.260593907|0.212063331|0.195793344,0|0|0|0|0|0,0|0|0.173059523|0.298463075|0.36246901|0.300221831,0.104606878|0.216219576|0.0785491438|0.052858373|0.0695650368|0.0648793502,0.521820365|0.471843933|0.537954818|0.913697075|0.800287372|0.668274555,0.275240928|-0.228765517|0.361430496,-0.104824185|-0.296571314|-0.000908213377,0.005751301534473896,0.0011164387688040733,0.0010653426870703697,0.00151752308011055
56,2.85,-0.913599274797596,0.18697413802146912,0.42009061574935913,0.24802713096141815,0.18697412312030792,0.35,1,0,0,0,0,0,0,,,,nan,0,0.6378096342086792,8.810321807861328,197.3603515625,0.5348549485206604,1.0,0.08272845160201245,0,1,1,0,0.2163588162885901,0.0,filtered,0.2776845274243492,0,0,12,joint_3_acceleration_upper,workspace_x_lower,0,0,1,solved,osqp,2.7224564169703314e-07,valid,0.08272845160201245,0.109838767|0.0827284516|0.092568039|0.161320699|0.113351765|0.096083052,0.259838767|0.232728452|0.242568039|0.311320699|0.263351765|0.246083052,0.229838767|0.202728452|0.212568039|0.281320699|0.233351765|0.216083052,0|0|0|0|0|0,0|0|0.120446433|0.257035502|0.291314795|0.22610879,0.115126556|0.220854181|0.094191177|0.0707593397|0.0879215834|0.0796693922,0.554481625|0.551767988|0.584909766|0.973077637|0.832643439|0.69011039,0.269999892|-0.243594021|0.361385077,-0.104824185|-0.296571314|-0.000908213377,0.007163031958043575,0.001895669847726822,0.001752159558236599,0.002192506566643715
57,2.9000000000000004,-0.7802274553103701,0.17016731202602386,0.4329012632369995,0.26036307215690613,0.17016734182834625,0.35,1,0,0,0,0,0,0,,,,nan,0,0.679563045501709,6.827503681182861,99.86891174316406,0.636793851852417,1.0,0.09802711061226307,0,1,1,0,0.2163588162885901,0.0,filtered,0.19900595375765387,0,0,12,,workspace_x_lower,0,0,1,solved,osqp,0.0,valid,0.09802711061226307,0.115769628|0.0980271106|0.110682593|0.179931254|0.132042835|0.113442443,0.265769628|0.248027111|0.260682593|0.329931254|0.282042835|0.263442443,0.235769628|0.218027111|0.230682593|0.299931254|0.252042835|0.233442443,0|0|0|0|0|0,0|0|0.0670768481|0.174185502|0.173104609|0.129802167,0.125208231|0.225755212|0.107613953|0.0839911317|0.100896405|0.0917530181,0.588286743|0.617863655|0.617421171|0.977901648|0.802172355|0.675324956,0.264758855|-0.258422613|0.361339658,-0.104824185|-0.296571314|-0.000908213377,0.006274388171732426,0.0018452070653438568,0.0011917175725102425,0.0016011456027626991
58,2.95,-0.5921506372142336,0.15769590437412262,0.43563851714134216,0.2704133689403534,0.15769588947296143,0.35,1,0,0,0,0,0,0,,,,nan,0,0.6779259443283081,7.498218059539795,121.55730438232422,0.6806970834732056,1.0,0.11036310106223043,0,1,1,0,0.2163588162885901,0.0,filtered,0.12952496088091223,0,0,12,,workspace_x_lower,0,0,1,solved,osqp,0.0,valid,0.11036310106223043,0.122099918|0.110363101|0.124726602|0.193951953|0.145956185|0.125915322,0.272099918|0.260363101|0.274726602|0.343951953|0.295956185|0.275915322,0.242099918|0.230363101|0.244726602|0.313951953|0.265956185|0.245915322,0|0|0|0|0|0,0|0|0.0120628996|0.0297641971|-0.00440546496|-0.00763822287,0.134849312|0.23098069|0.118904954|0.0938475886|0.110547409|0.102405626,0.623248982|0.672433094|0.629874264|0.899419596|0.689966685|0.59842869,0.259517819|-0.273251295|0.36129424,-0.104824185|-0.296571314|-0.000908213377,0.004771756008267403,0.0010515600442886353,0.0009888093918561935,0.001573704183101654
59,3.0,-0.42109311150391593,0.18452882766723633,0.4281665086746216,0.278778612613678,0.18452882766723633,0.35,1,0,0,0,0,0,0,,,,nan,0,0.791479766368866,6.638763427734375,32.72551727294922,0.8050222992897034,1.0,0.12041335778158732,0,1,1,0,0.2163588162885901,0.0,filtered,0.057555704150226816,0,0,12,,workspace_x_lower,0,0,1,solved,osqp,0.0,valid,0.12041335778158732,0.128843806|0.120413358|0.133289145|0.200385191|0.152495405|0.131251494,0.278843806|0.270413358|0.283289145|0.350385191|0.302495405|0.281251494,0.248843806|0.240413358|0.253289145|0.320385191|0.272495405|0.251251494,0|0|0|0|0|0,0|0|-0.0441805692|-0.111302126|-0.174937861|-0.140523422,0.144048997|0.236439781|0.127500187|0.101210823|0.118236292|0.111019089,0.659424222|0.718093212|0.616476199|0.791449461|0.553280051|0.495501644,0.254276782|-0.288079977|0.361248821,-0.104824185|-0.296571314|-0.000908213377,0.0053332494571805,0.0011529140174388885,0.001247897744178772,0.0015720920637249947
60,3.0500000000000003,-0.39186148854434605,0.3517840504646301,0.41140061616897583,0.26859250664711,0.3517840504646301,0.35,5,0,0,0,0,0,0,,,,nan,0,0.9170644283294678,5.798766613006592,37.27601623535156,0.9170639514923096,1.0,0.12877863157587785,0,1,1,0,0.2163588162885901,0.0,filtered,9.62117550589896e-07,0,0,12,,workspace_x_lower,0,0,1,solved,osqp,0.0,valid,0.12877863157587785,0.136980654|0.128778632|0.136832333|0.199122677|0.151472853|0.129052559,0.286980654|0.278778632|0.286832333|0.349122677|0.301472853|0.279052559,0.256980654|0.248778632|0.256832333|0.319122677|0.271472853|0.249052559,0|0|0|0|0|0,0|0|-0.0962455102|-0.245091715|-0.331621315|-0.262275603,0.26564009|0.312214363|0.227258659|0.112178037|0.113918139|0.0827921781,0.813562705|0.827328889|0.678342481|0.663577031|0.388188238|0.336726812,0.250873506|-0.302908659|0.361203402,0.104824185|-0.296571314|-0.000908213377,0.005802907049655914,0.0012162551283836365,0.001724807545542717,0.0016599679365754128
61,3.1,-0.3239371495521875,0.44055652618408203,0.38802215456962585,0.25368091464042664,0.44055646657943726,0.35,5,0,0,0,0,0,0,,,,nan,0,0.9545762538909912,5.5412516593933105,85.39046478271484,0.9438911080360413,1.0,0.11859250723830847,0,1,1,0,0.2163588162885901,0.0,filtered,0.09324406406008454,0,0,12,joint_3_acceleration_lower,predictive_link_5,0,0,1,solved,osqp,0.0,valid,0.11859250723830847,0.150042299|0.137955282|0.138103452|0.190610788|0.142905837|0.118592507,0.300042299|0.287955282|0.288103452|0.340610788|0.292905837|0.268592507,0.270042299|0.257955282|0.258103452|0.310610788|0.262905837|0.238592507,0|0|0|0|0|0,0|0|-0.128663334|-0.343337683|-0.430800662|-0.341713685,0.268666066|0.312745387|0.222536585|0.112841949|0.116008356|0.0853877,0.868835262|0.864566516|0.646287061|0.531947419|0.25683104|0.218044044,0.256114542|-0.317737341|0.361157984,0.104824185|-0.296571314|-0.000908213377,0.007954760454595089,0.0018817558884620667,0.0018172888085246086,0.0022331196814775467
62,3.1500000000000004,-0.3022254771424481,0.45016050338745117,0.36481985449790955,0.24034841358661652,0.4501604735851288,0.35,5,0,0,0,0,0,0,,,,nan,0,0.8672032356262207,5.932387828826904,108.22676849365234,0.8672025799751282,1.0,0.1036809027096379,0,1,1,0,0.2163588162885901,0.0,filtered,1.014773610850664e-06,0,0,12,,predictive_link_5,0,0,1,solved,osqp,0.0,valid,0.1036809027096379,0.16323831|0.145453377|0.134259405|0.17674844|0.129282093|0.103680903,0.31323831|0.295453377|0.284259405|0.32674844|0.279282093|0.253680903,0.28323831|0.265453377|0.254259405|0.29674844|0.249282093|0.223680903,0|0|0|0|0|0,0|0|-0.13811297|-0.333892185|-0.40032973|-0.311907427,0.271438215|0.313379541|0.214830466|0.110733788|0.115167116|0.0843440284,0.924391457|0.89519305|0.613755115|0.483835363|0.23196576|0.187160212,0.261355579|-0.332566023|0.361112565,0.104824185|-0.296571314|-0.000908213377,0.008486701175570488,0.001933516003191471,0.0019367644563317299,0.002464141696691513
63,3.2,-0.3203252215495599,0.506338357925415,0.34144261479377747,0.22520090639591217,0.506338357925415,0.35,5,0,0,0,0,0,0,,,,nan,0,0.9340727925300598,4.013801097869873,162.6768035888672,0.9340720772743225,1.0,0.09034840377557715,0,1,1,0,0.2163588162885901,0.0,filtered,1.2259035743675257e-06,0,0,12,,predictive_link_5,0,0,1,solved,osqp,0.0,valid,0.09034840377557715,0.176607081|0.152584454|0.129350582|0.163675602|0.116684787|0.0903484038,0.326607081|0.302584454|0.279350582|0.313675602|0.266684787|0.240348404,0.296607081|0.272584454|0.249350582|0.283675602|0.236684787|0.210348404,0|0|0|0|0|0,0|0|-0.149595199|-0.351759619|-0.434748518|-0.336955696,0.273987579|0.313916282|0.207172941|0.108598964|0.113934265|0.0825447427,0.980415904|0.924254097|0.574980068|0.411541752|0.145924897|0.106982662,0.266596615|-0.347394705|0.361067146,0.104824185|-0.296571314|-0.000908213377,0.007645214907824993,0.0017129052430391312,0.001749950461089611,0.002254549413919449
64,3.25,-0.3788789589377714,0.5467960834503174,0.3206246495246887,0.20994268357753754,0.5467960834503174,0.35,5,0,0,0,0,0,0,,,,nan,0,0.9751212000846863,3.4726338386535645,51.141021728515625,0.9751212000846863,1.0,0.07520090235210405,0,1,1,0,0.2163588162885901,0.0,passthrough,5.6702770579313816e-12,0,0,12,,predictive_link_5,0,0,1,solved,osqp,0.0,valid,0.07520090235210405,0.190060704|0.158433898|0.12292737|0.149260183|0.102712325|0.0752009024,0.340060704|0.308433898|0.27292737|0.299260183|0.252712325|0.225200902,0.310060704|0.278433898|0.24292737|0.269260183|0.222712325|0.195200902,0|0|0|0|0|0,0|0|-0.137281565|-0.341774173|-0.435170418|-0.333951299,0.276327336|0.314295289|0.199095822|0.105910884|0.112447783|0.0805362033,1.03657015|0.948030882|0.553523738|0.361177443|0.0881266632|0.0473885137,0.271837652|-0.362223387|0.361021727,0.104824185|-0.296571314|-0.000908213377,0.00706710759550333,0.0015214793384075165,0.0014749392867088318,0.002242705784738064
65,3.3000000000000003,-0.44931761666186615,0.4908732771873474,0.30766451358795166,0.20124773681163788,0.4908732771873474,0.35,5,0,0,0,0,0,0,,,,nan,0,0.847984790802002,4.911089897155762,107.60118103027344,0.8467649817466736,1.0,0.05994268393344501,0,1,1,0,0.2163588162885901,0.0,filtered,0.0033474733561394544,0,0,12,joint_1_acceleration_lower,predictive_link_5,0,0,1,solved,osqp,0.0,valid,0.05994268393344501,0.203626805|0.164424336|0.116775469|0.135072044|0.0890627695|0.0599426839,0.353626805|0.314424336|0.266775469|0.285072044|0.23906277|0.209942684,0.323626805|0.284424336|0.236775469|0.255072044|0.20906277|0.179942684,0|0|0|0|0|0,0|0|-0.08267535|-0.222056345|-0.291441156|-0.213053854,0.278481931|0.314448231|0.191125615|0.104392148|0.112591147|0.0806488677,1.09298915|0.972145574|0.575552142|0.422623976|0.17740107|0.107365749,0.277078688|-0.377052069|0.360976309,0.104824185|-0.296571314|-0.000908213377,0.007295356132090092,0.0017377082258462906,0.0015270551666617393,0.0022935746237635612
66,3.35,-0.4258765751459851,0.5298880338668823,0.29231682419776917,0.19201086461544037,0.5298880338668823,0.35,5,0,0,0,0,0,0,,,,nan,0,0.8529229760169983,3.6724634170532227,139.2347869873047,0.8529229760169983,1.0,0.05124773666342128,0,1,1,0,0.2163588162885901,0.0,passthrough,5.16769682289752e-12,0,0,12,,predictive_link_5,0,0,1,solved,osqp,0.0,valid,0.05124773666342128,0.217370355|0.173297602|0.115707221|0.127121848|0.0818737385|0.0512477367,0.367370355|0.323297602|0.265707221|0.277121848|0.231873739|0.201247737,0.337370355|0.293297602|0.235707221|0.247121848|0.201873739|0.171247737,0|0|0|0|0|0,0|0|-0.11254906|-0.26359182|-0.325885478|-0.241020758,0.280476078|0.314445888|0.185931175|0.107293172|0.117140948|0.086135397,1.1499575|1.0076363|0.536210998|0.352188743|0.118750424|0.0501055857,0.282319725|-0.391880751|0.36093089,0.104824185|-0.296571314|-0.000908213377,0.007529187947511673,0.001724936068058014,0.0016538966447114944,0.0023701759055256844
67,3.4000000000000004,-0.39223273199409986,0.44899845123291016,0.28035086393356323,0.18753956258296967,0.44899845123291016,0.35,5,0,0,0,0,0,0,,,,nan,0,0.7852349877357483,3.7793540954589844,91.77442169189453,0.7852349877357483,1.0,0.042010858041532345,0,1,1,0,0.2163588162885901,0.0,passthrough,5.657748392241959e-12,0,0,12,,predictive_link_5,0,0,1,solved,osqp,0.0,valid,0.042010858041532345,0.231231168|0.180922601|0.11225007|0.117877626|0.0735170495|0.042010858,0.381231168|0.330922601|0.26225007|0.267877626|0.22351705|0.192010858,0.351231168|0.300922601|0.23225007|0.237877626|0.19351705|0.162010858,0|0|0|0|0|0,0|0|-0.0991905595|-0.193389259|-0.235400959|-0.161233126,0.282319705|0.314326186|0.180077956|0.109038399|0.120230203|0.0896927463,1.20724438|1.03801659|0.529887675|0.387159643|0.178897443|0.0965030529,0.287560761|-0.406709433|0.360885471,0.104824185|-0.296571314|-0.000908213377,0.008225084282457829,0.0018313946202397346,0.0018022553995251656,0.002470702864229679
68,3.45,-0.3746353884765313,0.285946786403656,0.27628207206726074,0.1934940069913864,0.2859467566013336,0.35,5,0,0,0,0,0,0,,,,nan,0,0.5049143433570862,9.624598503112793,153.64529418945312,0.699999988079071,1.0,0.03753955484326785,1,1,0,0,0.2163588162885901,0.699999988079071,filtered,0.8290618329334734,0,0,12,joint_1_acceleration_lower|joint_2_acceleration_lower|joint_4_acceleration_lower|joint_0_acceleration_upper|joint_5_acceleration_upper,predictive_link_5,0,0,1,solved,osqp,0.0,valid,0.03753955484326785,0.24527546|0.190008715|0.111165576|0.112644671|0.0694879224|0.0375395548,0.39527546|0.340008715|0.261165576|0.262644671|0.219487922|0.187539555,0.36527546|0.310008715|0.231165576|0.232644671|0.189487922|0.157539555,0|0|0|0|0|0,0|0|-0.046770254|-0.00110120388|0.00595764626|0.0321737535,0.284032717|0.314109221|0.176116369|0.112946425|0.125287607|0.0956910531,1.26513456|1.07414408|0.574008419|0.562423906|0.409196943|0.278023026,0.292801797|-0.421538115|0.360840052,0.104824185|-0.296571314|-0.000908213377,0.008973210118710995,0.0019446741789579391,0.001545206643640995,0.002489035949110985
69,3.5,-0.5090518778074341,0.25148043036460876,0.28148332238197327,0.20981670916080475,0.25148043036460876,0.35,5,0,0,0,0,0,0,,,,nan,0,0.488667368888855,7.404876708984375,97.0134506225586,0.699999988079071,1.0,0.04349399210561675,1,1,0,0,0.2163588162885901,0.699999988079071,filtered,0.5349560150005321,0,0,12,joint_1_acceleration_lower|joint_4_acceleration_lower,workspace_x_lower,1,0,0,inaccurate_solution,,0.0,valid,0.04349399210561675,0.259537126|0.202899167|0.117701246|0.117643706|0.0756471213|0.0434939921,0.409537126|0.352899167|0.267701246|0.267643706|0.225647121|0.193493992,0.379537126|0.322899167|0.237701246|0.237643706|0.195647121|0.163493992,0|0|0|0|0|0,0|0|0.00595009844|0.180189828|0.218978509|0.20739025,0.285629193|0.313950914|0.176907661|0.121060417|0.133691629|0.10564966,1.3237777|1.12554758|0.653662744|0.771825071|0.655258623|0.487015878,0.298042834|-0.436366796|0.360794634,0.104824185|-0.296571314|-0.000908213377,0.009154618717730045,0.0018775593489408493,0.0016451934352517128,0.002435954287648201
70,3.5500000000000003,-0.6182452952850329,0.2106504738330841,0.2943660616874695,0.23255421221256256,0.2106505036354065,0.35,5,0,0,0,0,0,0,,,,nan,0,0.49848923087120056,4.901793003082275,97.65172576904297,0.699999988079071,1.0,0.05981670536174863,1,1,0,0,0.2163588162885901,0.699999988079071,filtered,0.31652758953004756,0,0,12,,workspace_z_upper,0,0,1,solved,osqp,0.0,valid,0.05981670536174863,0.273996037|0.220085769|0.132730167|0.133040854|0.0921617399|0.0598167054,0.423996037|0.370085769|0.282730167|0.283040854|0.24216174|0.209816705,0.393996037|0.340085769|0.252730167|0.253040854|0.21216174|0.179816705,0|0|0|0|0|0,0|0|0.0610469424|0.292329279|0.341347463|0.302199288,0.28711708|0.313961284|0.182276784|0.133020462|0.145475436|0.11990613,1.38310123|1.19430436|0.774244393|0.957513159|0.855469859|0.66137224,0.30328387|-0.451195478|0.360749215,0.104824185|-0.296571314|-0.000908213377,0.0055333953350782394,0.0010428540408611298,0.0010013934224843979,0.0015553664416074753
71,3.6,-0.4712597623434556,0.1893421858549118,0.29963603615760803,0.24638663232326508,0.1893421709537506,0.35,5,0,0,0,0,0,0,,,,nan,0,0.38373348116874695,8.65709400177002,238.77789306640625,0.3973369002342224,1.0,0.08255422510381413,0,1,1,0,0.2163588162885901,0.0,filtered,0.1795927579429665,0,0,12,joint_5_acceleration_lower|joint_1_acceleration_upper,workspace_x_lower,0,0,1,solved,osqp,0.0,valid,0.08255422510381413,0.288535078|0.240508136|0.154597944|0.155530473|0.115375663|0.0825542251,0.438535078|0.390508136|0.304597944|0.305530473|0.265375663|0.232554225,0.408535078|0.360508136|0.274597944|0.275530473|0.235375663|0.202554225,0|0|0|0|0|0,0|0|0.00648067521|0.0937317383|0.100419271|0.10683981,0.288497871|0.314143538|0.190093167|0.146859088|0.158837144|0.136053545,1.44263818|1.27617608|0.814965618|0.862712718|0.720759068|0.573110255,0.308524907|-0.46602416|0.360703796,0.104824185|-0.296571314|-0.000908213377,0.005278904922306538,0.0012649912387132645,0.0010442547500133514,0.0015317844226956367
72,3.6500000000000004,-0.28819037386963176,0.18491604924201965,0.2953096032142639,0.24947135150432587,0.18491601943969727,0.35,5,0,0,0,0,0,0,,,,nan,0,0.5967062711715698,8.206457138061523,59.397247314453125,0.614377498626709,1.0,0.09638661908879395,0,1,1,0,0.2163588162885901,0.0,filtered,0.052730623266748905,0,0,12,joint_2_acceleration_upper,workspace_x_lower,0,0,1,solved,osqp,0.0,valid,0.09638661908879395,0.303061568|0.257749782|0.168860134|0.168847746|0.129724326|0.0963866191,0.453061568|0.407749782|0.318860134|0.318847746|0.279724326|0.246386619,0.423061568|0.377749782|0.288860134|0.288847746|0.249724326|0.216386619,0|0|0|0|0|0,0|0|-0.0499419627|-0.115400194|-0.148660448|-0.0965893964,0.289776425|0.314189429|0.193342608|0.156997828|0.169214041|0.148781067,1.5020227|1.34518856|0.818841181|0.71698862|0.539450899|0.437738147,0.313765943|-0.480852842|0.360658377,0.104824185|-0.296571314|-0.000908213377,0.004810960032045841,0.0010363170877099037,0.001092633232474327,0.0015227310359477997
73,3.7,-0.27024110261187506,0.3360212445259094,0.2825516164302826,0.24273015558719635,0.3360212445259094,0.35,5,0,0,0,0,0,0,,,,nan,0,0.7853919863700867,6.475174427032471,92.03667449951172,0.7853919863700867,1.0,0.0994713287220714,0,1,1,0,0.2163588162885901,0.0,passthrough,5.01672350417532e-12,0,0,12,,predictive_link_5,0,0,1,solved,osqp,0.0,valid,0.0994713287220714,0.317550073|0.271030034|0.173683141|0.171178734|0.133536243|0.0994713287,0.467550073|0.421030034|0.323683141|0.321178734|0.283536243|0.249471329,0.437550073|0.391030034|0.293683141|0.291178734|0.253536243|0.219471329,0|0|0|0|0|0,0|0|-0.100539937|-0.293125078|-0.353474238|-0.274410425,0.290961601|0.314089385|0.191646557|0.163812896|0.176929233|0.158519668,1.56116189|1.39820952|0.785839184|0.555402756|0.357599968|0.281994558,0.319006979|-0.495681524|0.360612959,0.104824185|-0.296571314|-0.000908213377,0.0047944290563464165,0.001009942963719368,0.0010756663978099823,0.001477142795920372
74,3.75,-0.26563120625448566,0.42824602127075195,0.2656078040599823,0.23235569894313812,0.42824608087539673,0.35,5,0,0,0,0,0,0,,,,nan,0,0.832928478717804,3.576026201248169,107.32609558105469,0.8329274654388428,1.0,0.09273014640082353,0,1,1,0,0.2163588162885901,0.0,filtered,1.403404258169033e-06,0,0,12,,predictive_link_5,0,0,1,solved,osqp,0.0,valid,0.09273014640082353,0.331963589|0.279956655|0.170099909|0.164003672|0.127914705|0.0927301464,0.481963589|0.429956655|0.320099909|0.314003672|0.277914705|0.242730146,0.451963589|0.399956655|0.290099909|0.284003672|0.247914705|0.212730146,0|0|0|0|0|0,0|0|-0.131020427|-0.368022453|-0.426174899|-0.337719234,0.292060679|0.313785975|0.186011687|0.167904925|0.182283642|0.1655292,1.61991504|1.43361259|0.735390896|0.45589716|0.267767564|0.198730551,0.324248016|-0.510510206|0.36056754,0.104824185|-0.296571314|-0.000908213377,0.004708811640739441,0.0010160477831959724,0.001037323847413063,0.0015024039894342422
75,3.8000000000000003,-0.2244627746829287,0.3730006515979767,0.2502332031726837,0.2259141057729721,0.3730006515979767,0.35,5,0,0,0,0,0,0,,,,nan,0,0.7594974040985107,5.451262950897217,93.51998138427734,0.7594966292381287,1.0,0.08235571023129448,0,1,1,0,0.2163588162885901,0.0,filtered,1.0347457446926616e-06,0,0,12,,predictive_link_5,0,0,1,solved,osqp,0.0,valid,0.08235571023129448,0.346426318|0.286569888|0.161652978|0.152701376|0.118424764|0.0823557102,0.496426318|0.436569888|0.311652978|0.302701376|0.268424764|0.23235571,0.466426318|0.406569888|0.281652978|0.272701376|0.238424764|0.20235571,0|0|0|0|0|0,0|0|-0.133037114|-0.31205533|-0.34768548|-0.270854459,0.293087141|0.313222736|0.178624943|0.170940761|0.186573675|0.171197051,1.67879241|1.45950229|0.69219974|0.469690934|0.31258725|0.229765433,0.329489052|-0.525338888|0.360522121,0.104824185|-0.296571314|-0.000908213377,0.004752639681100845,0.0010445835068821907,0.001040077768266201,0.001509915105998516
76,3.85,-0.1878349930915971,0.33087217807769775,0.23606638610363007,0.22149209678173065,0.33087217807769775,0.35,5,0,0,0,0,0,0,,,,nan,0,0.7377098202705383,2.260187864303589,76.56961059570312,0.7377094030380249,1.0,0.07591410317475597,0,1,1,0,0.2163588162885901,0.0,filtered,5.953779800550061e-07,0,0,12,,predictive_link_5,0,0,1,solved,osqp,0.0,valid,0.07591410317475597,0.361018366|0.293463977|0.154795685|0.144765186|0.112412648|0.0759141032,0.511018366|0.443463977|0.304795685|0.294765186|0.262412648|0.225914103,0.481018366|0.413463977|0.274795685|0.264765186|0.232412648|0.195914103,0|0|0|0|0|0,0|0|-0.129835948|-0.285449526|-0.311506742|-0.238321626,0.294050492|0.312475993|0.172853427|0.174422458|0.190761878|0.176488377,1.73812396|1.4863319|0.662200218|0.468033677|0.328905729|0.241823164,0.334730089|-0.54016757|0.360476702,0.104824185|-0.296571314|-0.000908213377,0.0049346862360835075,0.001047472469508648,0.0011341450735926628,0.0015389388427138329
77,3.9000000000000004,-0.11656895541632885,0.23438893258571625,0.2238958179950714,0.22068475186824799,0.23438893258571625,0.35,5,0,0,0,0,0,0,,,,nan,0,0.7664278149604797,3.1489272117614746,54.73289489746094,0.7664269804954529,1.0,0.07149209332265946,0,1,1,0,0.2163588162885901,0.0,filtered,1.0808562642503339e-06,0,0,12,,predictive_link_5,0,0,1,solved,osqp,0.0,valid,0.07149209332265946,0.375702158|0.300654181|0.148584357|0.138511517|0.108277782|0.0714920933,0.525702158|0.450654181|0.298584357|0.288511517|0.258277782|0.221492093,0.495702158|0.420654181|0.268584357|0.258511517|0.228277782|0.191492093,0|0|0|0|0|0,0|0|-0.120605949|-0.240238801|-0.255154872|-0.176441518,0.294954201|0.311584186|0.167756516|0.178509831|0.195359499|0.182296899,1.79776283|1.51420091|0.641487996|0.492317097|0.373315753|0.291823754,0.339971125|-0.554996252|0.360431284,0.104824185|-0.296571314|-0.000908213377,0.0047378623858094215,0.000983155332505703,0.0010611852630972862,0.0015037236735224724
78,3.95,-0.15015307029239494,0.29216697812080383,0.21094542741775513,0.2196986824274063,0.29216694831848145,0.35,5,0,0,0,0,0,0,,,,nan,0,0.801272988319397,4.579493045806885,87.98411560058594,0.801271915435791,1.0,0.07068474833133884,0,1,1,0,0.2163588162885901,0.0,filtered,1.4824519485611284e-06,0,0,12,,predictive_link_5,0,0,1,solved,osqp,0.0,valid,0.07068474833133884,0.390512421|0.309017547|0.143588362|0.134856295|0.106681555|0.0706847483,0.540512421|0.459017547|0.293588362|0.284856295|0.256681555|0.220684748,0.510512421|0.429017547|0.263588362|0.254856295|0.226681555|0.190684748,0|0|0|0|0|0,0|0|-0.126450664|-0.277656558|-0.292315813|-0.192359017,0.295804185|0.310622555|0.163556657|0.183626122|0.189440405|0.189184679,1.85785387|1.54669274|0.611459443|0.445394743|0.323850811|0.279564656,0.345212162|-0.569824934|0.360385865,0.104824185|-0.296571314|-0.000908213377,0.005760719999670982,0.0011385288089513779,0.0010765008628368378,0.0016779955476522446
79,4.0,-0.1406810584539484,0.22471286356449127,0.20152558386325836,0.22422771155834198,0.22471286356449127,0.35,5,0,0,0,0,0,0,,,,nan,0,0.7303017973899841,6.557634353637695,217.91046142578125,0.7226861715316772,1.0,0.06969869442611795,0,1,1,0,0.2163588162885901,0.0,filtered,0.031182664730525007,0,0,12,joint_3_acceleration_lower,predictive_link_5,0,0,1,solved,osqp,0.0,valid,0.06969869442611795,0.405416315|0.317279753|0.135691814|0.129540924|0.101974906|0.0696986944,0.555416315|0.467279753|0.285691814|0.279540924|0.251974906|0.219698694,0.525416315|0.437279753|0.255691814|0.249540924|0.221974906|0.189698694,0|0|0|0|0|0,0|0|-0.104499191|-0.162104198|-0.163894427|-0.0906564916,0.29660326|0.309480725|0.165556166|0.189444525|0.180553932|0.197197027,1.91826852|1.57859974|0.603824232|0.545504023|0.424559127|0.385335313,0.350453198|-0.584653616|0.360340446,0.104824185|-0.296571314|-0.000908213377,0.006764140911400318,0.0015781335532665253,0.0011077355593442917,0.0025427071377635
80,4.05,-0.1880513854237772,0.3225826025009155,0.1897435039281845,0.2273203581571579,0.3225826323032379,0.35,5,0,0,0,0,0,0,,,,nan,0,0.7015055418014526,7.443807125091553,264.4195251464844,0.663568377494812,1.0,0.07422771821227145,0,1,1,0,0.2163588162885901,0.0,filtered,0.10093294531035119,0,0,12,joint_4_acceleration_lower|joint_5_acceleration_lower,predictive_link_4,0,0,1,solved,osqp,0.0,valid,0.07422771821227145,0.420364006|0.32685655|0.134092064|0.130585593|0.102147447|0.0742277182,0.570364006|0.47685655|0.284092064|0.280585593|0.252147447|0.224227718,0.540364006|0.44685655|0.254092064|0.250585593|0.222147447|0.194227718,0|0|0|0|0|0,0|0|-0.133274663|-0.246961846|-0.257292628|-0.140802741,0.297353721|0.308451438|0.170948966|0.19523331|0.175278144|0.203638662,1.97880975|1.61587764|0.574042561|0.470613836|0.326575305|0.359746793,0.355694234|-0.599482298|0.360295027,0.104824185|-0.296571314|-0.000908213377,0.005712991580367088,0.001092272810637951,0.0015320638194680214,0.0016060099005699158
81,4.1000000000000005,-0.13767257733933091,0.2062019258737564,0.18212008476257324,0.235313281416893,0.2062019258737564,0.35,5,0,0,0,0,0,0,,,,nan,0,0.6377187967300415,4.85463285446167,236.9224853515625,0.6377186179161072,1.0,0.07732033852469686,0,1,1,0,0.2163588162885901,0.0,filtered,4.531482358524508e-07,0,0,12,,predictive_link_4,0,0,1,solved,osqp,0.0,valid,0.07732033852469686,0.435436803|0.335664962|0.127066504|0.127925218|0.0965583465|0.0773203385,0.585436803|0.485664962|0.277066504|0.277925218|0.246558346|0.227320339,0.555436803|0.455664962|0.247066504|0.247925218|0.216558346|0.197320339,0|0|0|0|0|0,0|0|-0.105424496|-0.127424181|-0.133005435|-0.0442325183,0.298061502|0.307094742|0.176438476|0.201584196|0.166729384|0.211249527,2.03980871|1.64975459|0.579279998|0.585860886|0.419957334|0.476298363,0.360935271|-0.61431098|0.360249609,0.104824185|-0.296571314|-0.000908213377,0.006317058578133583,0.0014811903238296509,0.0011930270120501518,0.002104824408888817
82,4.15,-0.1690685169542678,0.2786960005760193,0.17243897914886475,0.24186371266841888,0.2786960303783417,0.35,4,0,0,0,0,0,0,,,,nan,0,0.695943295955658,7.184715747833252,235.3053741455078,0.6979386210441589,1.0,0.08531327759286486,0,1,1,0,0.2163588162885901,0.0,filtered,0.027400875233861716,0,0,12,,predictive_link_4,0,0,1,solved,osqp,0.0,valid,0.08531327759286486,0.45051664|0.345780057|0.126895237|0.131491539|0.0967072509|0.0853132776,0.60051664|0.495780057|0.276895237|0.281491539|0.246707251|0.235313278,0.57051664|0.465780057|0.246895237|0.251491539|0.216707251|0.205313278,0|0|0|0|0|0,0|0|-0.13312469|-0.224163176|-0.243373577|-0.0907022484,0.298726601|0.30594793|0.182454248|0.207584581|0.171740043|0.217483568,2.10079316|1.68906816|0.556910506|0.50938756|0.31519547|0.46803443,0.366176307|-0.629139662|0.36020419,0.104824185|-0.296571314|-0.000908213377,0.005959172733128071,0.0012341178953647614,0.0018117986619472504,0.0015586726367473602
83,4.2,-0.15717681314694354,0.19045527279376984,0.16723021864891052,0.24562318623065948,0.19045527279376984,0.35,4,0,0,0,0,0,0,,,,nan,0,0.5756188035011292,6.743394374847412,265.29486083984375,0.5783876180648804,1.0,0.0918637239855282,0,1,1,0,0.2163588162885901,0.0,filtered,0.010720598697662342,0,0,12,joint_5_acceleration_upper,predictive_link_4,1,0,0,inaccurate_solution,,0.0,valid,0.0918637239855282,0.465724485|0.355318071|0.12046055|0.13107557|0.091863724|0.0922562209,0.615724485|0.505318071|0.27046055|0.28107557|0.241863724|0.242256221,0.585724485|0.475318071|0.24046055|0.25107557|0.211863724|0.212256221,0|0|0|0|0|0,0|0|-0.0906809715|-0.081689353|-0.0854810129|0.0211385693,0.299354933|0.304486492|0.18897476|0.214359882|0.180976277|0.22469536,2.16225287|1.72575877|0.580135988|0.65697281|0.46295016|0.614858813,0.371417344|-0.643968344|0.360158771,0.104824185|-0.296571314|-0.000908213377,0.005723211914300919,0.0013450393453240395,0.000993293710052967,0.0017463881522417068
84,4.25,-0.17898810165535112,0.24977144598960876,0.1602393388748169,0.2438625544309616,0.24977143108844757,0.35,4,0,0,0,0,0,0,,,,nan,0,0.7018275856971741,6.082104682922363,246.865478515625,0.7077308893203735,1.0,0.09562318955592955,0,1,1,0,0.2163588162885901,0.0,filtered,0.031265554431314076,0,0,12,,predictive_link_4,0,0,1,solved,osqp,0.0,valid,0.09562318955592955,0.48095442|0.36720155|0.121794434|0.137841002|0.0956231896|0.104614418,0.63095442|0.51720155|0.271794434|0.287841002|0.24562319|0.254614418,0.60095442|0.48720155|0.241794434|0.257841002|0.21562319|0.224614418,0|0|0|0|0|0,0|0|-0.130905556|-0.200415445|-0.211312785|-0.0384527459,0.299946777|0.303428511|0.195887412|0.220449176|0.189758192|0.230095683,2.22376446|1.77223471|0.552159594|0.571397741|0.360938166|0.610100608,0.37665838|-0.658797026|0.360113353,0.104824185|-0.296571314|-0.000908213377,0.005553913302719593,0.0010186908766627312,0.0017847074195742607,0.0015495158731937408
85,4.3,-0.1993075353290763,0.2360556423664093,0.15545815229415894,0.24383415281772614,0.23605561256408691,0.35,4,0,0,0,0,0,0,,,,nan,0,0.7174690365791321,3.1285414695739746,155.1812744140625,0.7174690365791321,1.0,0.09386257393250144,0,1,1,0,0.2163588162885901,0.0,passthrough,7.93873331910635e-10,0,0,12,,predictive_link_4,0,0,1,solved,osqp,0.0,valid,0.09386257393250144,0.496280842|0.377459532|0.116183323|0.139943782|0.0938625739|0.115369571,0.646280842|0.527459532|0.266183323|0.289943782|0.243862574|0.265369571,0.616280842|0.497459532|0.236183323|0.259943782|0.213862574|0.235369571,0|0|0|0|0|0,0|0|-0.122641747|-0.178194293|-0.182769272|-0.00768927657,0.300506005|0.301920808|0.20324996|0.227023051|0.199157654|0.235839253,2.28562937|1.81175893|0.545341504|0.608603888|0.391838678|0.689628262,0.381899416|-0.673625708|0.360067934,0.104824185|-0.296571314|-0.000908213377,0.005622486583888531,0.0010456405580043793,0.001071607694029808,0.001566324383020401
86,4.3500000000000005,-0.5788199405206632,0.6091176271438599,0.15111538767814636,0.23845143616199493,0.5558975338935852,0.35,4,0,0,0,0,0,0,,,,nan,0,0.7709293961524963,4.690794944763184,60.80314254760742,0.7709293961524963,1.0,0.09383417425998872,0,1,1,0,0.2163588162885901,0.0,passthrough,8.822157944128951e-10,0,0,12,,predictive_link_4,0,0,1,solved,osqp,0.0,valid,0.09383417425998872,0.5116405|0.388059825|0.111352886|0.14338117|0.0938341743|0.127696019,0.6616405|0.538059825|0.261352886|0.29338117|0.243834174|0.277696019,0.6316405|0.508059825|0.231352886|0.26338117|0.213834174|0.247696019,0|0|0|0|0|0,0|0|-0.135792889|-0.21786912|-0.216584557|-0.0365812239,0.301033783|0.302345832|0.21095885|0.233331839|0.208414605|0.240800281,2.34759578|1.85458513|0.520577508|0.588987399|0.367166745|0.715003135,0.387140453|-0.68845439|0.360022515,0.104824185|-0.296571314|-0.000908213377,0.005985146388411522,0.0015080710873007774,0.0013233516365289688,0.0018717655912041664
87,4.4,-0.6505730558485223,0.5345003008842468,0.15465384721755981,0.22636975347995758,0.4873085021972656,0.35,4,0,0,0,0,0,0,,,,nan,0,0.5952882766723633,6.741556167602539,209.5191192626953,0.5209354758262634,1.0,0.054541750529830096,0,1,1,0,0.2163588162885901,0.0,filtered,0.1873195724557127,0,1,12,predictive_link_4|joint_1_acceleration_lower|joint_2_acceleration_lower,predictive_link_4,69,0,0,inaccurate_solution,,1.3158345385511083e-08,valid,0.054541750529830096,0.492117848|0.355151342|0.0743006808|0.10438736|0.0545417505|0.0902574538,0.642117848|0.505151342|0.224300681|0.25438736|0.204541751|0.240257454,0.612117848|0.475151342|0.194300681|0.22438736|0.174541751|0.210257454,0.15|0.15|0.15|0.15|0.15|0.15,0|0|-0.065319309|-0.00767752698|-0.00297885024|0.12861486,-0.194249804|-0.243696376|-0.161103061|-0.233729325|-0.215188161|-0.286534406,1.77422159|1.17690899|0.0707803535|0.176142588|-9.44603995e-09|0.20311027,0.392381489|-0.697528541|0.359977096,0.104824185|0.296571314|-0.000908213377,0.008871548809111118,0.0010400786995887756,0.0011416934430599213,0.004738971590995789
88,4.45,-0.6265011099768002,0.3923027515411377,0.16448520123958588,0.2232145518064499,0.34326601028442383,0.35,4,0,0,0,0,0,0,,,,nan,0,0.56946861743927,5.58858060836792,72.28784942626953,0.56816565990448,1.0,0.042013022873042344,0,1,1,0,0.2163588162885901,0.0,filtered,0.043437978624212704,0,0,12,,predictive_link_2,0,0,1,solved,osqp,0.0,valid,0.042013022873042344,0.482844326|0.341861116|0.0586380895|0.0919323843|0.0420130229|0.0823914603,0.632844326|0.491861116|0.20863809|0.241932384|0.192013023|0.23239146,0.602844326|0.461861116|0.17863809|0.211932384|0.162013023|0.20239146,0.15|0.15|0.15|0.15|0.15|0.15,0|0|0.00757141343|0.165856657|0.174074354|0.261642197,-0.190331462|-0.24222941|-0.161044961|-0.236147901|-0.218059633|-0.289255047,1.74104584|1.12521505|0.0810788102|0.297438293|0.124066812|0.30195299,0.397622526|-0.682699859|0.359931678,0.104824185|0.296571314|-0.000908213377,0.0055474890395998955,0.0010566385462880135,0.0017957119271159172,0.0015207799151539803
89,4.5,-0.5208071792582343,0.2874443829059601,0.17371802031993866,0.22630350291728973,0.22111529111862183,0.35,4,0,0,0,0,0,0,,,,nan,0,0.4320161044597626,8.255999565124512,166.7901153564453,0.699999988079071,1.0,0.03875876937881104,1,1,0,0,0.2163588162885901,0.699999988079071,filtered,0.4338941490448975,0,0,12,joint_0_acceleration_lower|joint_1_acceleration_lower|joint_2_acceleration_lower,predictive_link_2,0,0,1,solved,osqp,0.0,valid,0.03875876937881104,0.473788697|0.333726714|0.0531707475|0.0882505212|0.0387587694|0.0813078289,0.623788697|0.483726714|0.203170747|0.238250521|0.188758769|0.231307829,0.593788697|0.453726714|0.173170747|0.208250521|0.158758769|0.201307829,0.15|0.15|0.15|0.15|0.15|0.15,0|0|0.0674656162|0.283632966|0.295928905|0.266622884,-0.186268378|-0.240160706|-0.160126044|-0.236408635|-0.218678396|-0.289713034,1.70888641|1.09474615|0.120022561|0.400226417|0.232285587|0.302141165,0.402863562|-0.667871177|0.359886259,0.104824185|0.296571314|-0.000908213377,0.006795372813940048,0.0012644687667489052,0.0010023899376392365,0.002006904222071171
90,4.55,-0.5690861605869071,0.26431864500045776,0.18668361008167267,0.2355288714170456,0.20585860311985016,0.35,4,0,0,0,0,0,0,,,,nan,0,0.5202218294143677,4.105312347412109,131.8850555419922,0.699999988079071,1.0,0.042832698491525906,1,1,0,0,0.2163588162885901,0.699999988079071,filtered,0.23026063181745268,0,0,12,,predictive_link_2,0,0,1,solved,osqp,0.0,valid,0.042832698491525906,0.464803805|0.328185894|0.057786195|0.0903622302|0.0428326985|0.0805326714,0.614803805|0.478185894|0.207786195|0.24036223|0.192832698|0.230532671,0.584803805|0.448185894|0.177786195|0.21036223|0.162832698|0.200532671,0.15|0.15|0.15|0.15|0.15|0.15,0|0|0.129193313|0.394333831|0.406604058|0.333491869,-0.182064265|-0.237055858|-0.15349275|-0.230799814|-0.211552051|-0.28596853,1.67715095|1.07568772|0.206845343|0.524982937|0.366382801|0.369654025,0.408104599|-0.653042495|0.35984084,0.104824185|0.296571314|-0.000908213377,0.008386350236833096,0.001734042540192604,0.0016934741288423538,0.001848301850259304
91,4.6000000000000005,-0.6504656358629455,0.22917351126670837,0.20531411468982697,0.25207212567329407,0.18127167224884033,0.35,4,0,0,0,0,0,0,,,,nan,0,0.6832715272903442,4.043847560882568,16.49745750427246,0.699999988079071,1.0,0.05347442138764094,1,1,0,0,0.2163588162885901,0.699999988079071,filtered,0.02025049254211553,0,0,12,joint_1_acceleration_lower,predictive_link_2,0,0,1,solved,osqp,0.0,valid,0.05347442138764094,0.456000103|0.326952207|0.0702008253|0.0986220371|0.0534744214|0.0836308659,0.606000103|0.476952207|0.220200825|0.248622037|0.203474421|0.233630866,0.576000103|0.446952207|0.190200825|0.218622037|0.173474421|0.203630866,0.15|0.15|0.15|0.15|0.15|0.15,0|0|0.1894524|0.526026563|0.540292893|0.432173245,-0.177711263|-0.233081097|-0.145214476|-0.222523971|-0.201543853|-0.27963594,1.64628915|1.07472773|0.325041225|0.697990741|0.552646726|0.487060769,0.413345635|-0.638213813|0.359795421,0.104824185|0.296571314|-0.000908213377,0.008319747634232044,0.0013572396710515022,0.001588183455169201,0.0022563235834240913
92,4.65,-0.676345353553105,0.1960398256778717,0.22630243003368378,0.27057668566703796,0.15750175714492798,0.35,4,0,0,0,0,0,0,,,,nan,0,0.699999988079071,0.9501158595085144,81.42681121826172,0.699999988079071,1.0,0.07170280112892122,1,1,0,0,0.2163588162885901,0.699999988079071,passthrough,9.780995792390256e-11,0,0,12,,predictive_link_2,0,0,1,solved,osqp,0.0,valid,0.07170280112892122,0.447413473|0.330126249|0.0906608086|0.114022816|0.0717028011|0.0923720781,0.597413473|0.480126249|0.240660809|0.264022816|0.221702801|0.242372078,0.567413473|0.450126249|0.210660809|0.234022816|0.191702801|0.212372078,0.15|0.15|0.15|0.15|0.15|0.15,0|0|0.183157513|0.540366375|0.557522362|0.454395711,-0.17320472|-0.229200838|-0.136583858|-0.212415366|-0.189937637|-0.27066795,1.61644917|1.09130416|0.409216889|0.784042274|0.654395929|0.553216073,0.418586671|-0.623385131|0.359750003,0.104824185|0.296571314|-0.000908213377,0.007615610025823116,0.0012896470725536346,0.0010562911629676819,0.0020623495802283287
93,4.7,-0.6582103264821909,0.17501525580883026,0.24611447751522064,0.2842918336391449,0.14210419356822968,0.35,4,0,0,0,0,0,0,,,,nan,0,0.6604335904121399,7.371257781982422,150.3027801513672,0.5900912284851074,1.0,0.09186457898466946,0,1,1,0,0.2163588162885901,0.0,filtered,0.23767107879428637,0,0,12,,predictive_link_2,0,0,1,solved,osqp,0.0,valid,0.09186457898466946,0.439053156|0.333179505|0.11268346|0.13118181|0.091864579|0.103153869,0.589053156|0.483179505|0.26268346|0.28118181|0.241864579|0.253153869,0.559053156|0.453179505|0.23268346|0.25118181|0.211864579|0.223153869,0.15|0.15|0.15|0.15|0.15|0.15,0|0|0.118983991|0.435164899|0.446045629|0.403551579,-0.168541506|-0.225470829|-0.128445923|-0.202288965|-0.178688269|-0.260764507,1.58767112|1.10724719|0.441271906|0.757603173|0.634815676|0.555402548,0.423827708|-0.608556449|0.359704584,0.104824185|0.296571314|-0.000908213377,0.006441537290811539,0.0014292467385530472,0.001366899348795414,0.001572607085108757
94,4.75,-0.5753827842447043,0.167885884642601,0.26095202565193176,0.28908663988113403,0.13712313771247864,0.35,4,0,0,0,0,0,0,,,,nan,0,0.6377484202384949,6.503163814544678,105.23114013671875,0.6177529096603394,1.0,0.10667277105687442,0,1,1,0,0.2163588162885901,0.0,filtered,0.16201219790426613,0,0,12,,predictive_link_2,0,0,1,solved,osqp,0.0,valid,0.10667277105687442,0.430992772|0.332846818|0.128171315|0.143667333|0.106672771|0.1116178,0.580992772|0.482846818|0.278171315|0.293667333|0.256672771|0.2616178,0.550992772|0.452846818|0.248171315|0.263667333|0.226672771|0.2316178,0.15|0.15|0.15|0.15|0.15|0.15,0|0|0.0558711802|0.26270617|0.260554762|0.276444537,-0.163715701|-0.221797201|-0.122540171|-0.195129942|-0.171357426|-0.253638581,1.56025539|1.10959007|0.446016271|0.64224556|0.515888421|0.469277158,0.429068744|-0.593727767|0.359659165,0.104824185|0.296571314|-0.000908213377,0.006781849078834057,0.0016015255823731422,0.001685180701315403,0.0021491125226020813
95,4.800000000000001,-0.5297450644744425,0.2578309178352356,0.2677691876888275,0.2855047285556793,0.2152680605649948,0.35,4,0,0,0,0,0,0,,,,nan,0,0.5864133238792419,7.618762016296387,170.6174774169922,0.590294599533081,1.0,0.1121398415258403,0,1,1,0,0.2163588162885901,0.0,filtered,0.1305074958142188,0,0,12,joint_1_acceleration_upper|joint_4_acceleration_upper,predictive_link_5,0,0,1,solved,osqp,0.0,valid,0.1121398415258403,0.423186945|0.328754378|0.134230745|0.147926118|0.112139842|0.113980499,0.573186945|0.478754378|0.284230745|0.297926118|0.262139842|0.263980499,0.543186945|0.448754378|0.254230745|0.267926118|0.232139842|0.233980499,0.15|0.15|0.15|0.15|0.15|0.15,0|0|-0.00868463225|0.115817174|0.111184362|0.13030361,-0.158727444|-0.218131491|-0.117519739|-0.190279133|-0.166740168|-0.2495732,1.53402034|1.09688602|0.410718607|0.517242512|0.39300356|0.336652404,0.434309781|-0.578899086|0.359613746,0.104824185|0.296571314|-0.000908213377,0.006748381070792675,0.0013016965240240097,0.0015754709020256996,0.0018632663413882256
96,4.8500000000000005,-0.544025132769267,0.3537883162498474,0.2700384855270386,0.2767787575721741,0.30838653445243835,0.35,4,0,0,0,0,0,0,,,,nan,0,0.7124658823013306,5.956414699554443,63.615966796875,0.7250001430511475,1.0,0.1086272132750272,0,1,1,0,0.2163588162885901,0.0,filtered,0.06279412214582214,0,0,12,joint_4_acceleration_upper,predictive_link_5,0,0,1,solved,osqp,0.0,valid,0.1086272132750272,0.415499784|0.318876552|0.134063883|0.144658536|0.10955319|0.108627213,0.565499784|0.468876552|0.284063883|0.294658536|0.25955319|0.258627213,0.535499784|0.438876552|0.254063883|0.264658536|0.22955319|0.228627213,0.15|0.15|0.15|0.15|0.15|0.15,0|0|-0.0588431628|0.0229272956|0.017651064|0.0544455128,-0.153581969|-0.21437718|-0.111344372|-0.183793453|-0.159562375|-0.244999385,1.50841717|1.06112903|0.366067999|0.417767985|0.296301448|0.243954981,0.439550817|-0.564070404|0.359568328,0.104824185|0.296571314|-0.000908213377,0.0067138029262423515,0.0013393796980381012,0.0013451408594846725,0.002001154236495495
97,4.9,-0.5235452627321804,0.1998244971036911,0.27912071347236633,0.2759442925453186,0.15504716336727142,0.35,4,0,0,0,0,0,0,,,,nan,0,0.8652331829071045,6.651252746582031,153.3346710205078,0.867363691329956,1.0,0.09935428154994516,0,1,1,0,0.2163588162885901,0.0,filtered,0.049355201542233884,0,0,12,joint_4_acceleration_upper,predictive_link_5,0,0,1,solved,osqp,0.0,valid,0.09935428154994516,0.408035016|0.305258667|0.129223245|0.136772279|0.101917268|0.0993542815,0.558035016|0.455258667|0.279223245|0.286772279|0.251917268|0.249354282,0.528035016|0.425258667|0.249223245|0.256772279|0.221917268|0.219354282,0.15|0.15|0.15|0.15|0.15|0.15,0|0|0.00135103798|0.189870886|0.184890126|0.209719449,-0.148272612|-0.210623445|-0.10598985|-0.176949409|-0.151533877|-0.240709719,1.48386745|1.01041122|0.412254167|0.560010594|0.441025323|0.366426856,0.444791853|-0.549241722|0.359522909,0.104824185|0.296571314|-0.000908213377,0.007472416386008263,0.0016244957223534584,0.001795540563762188,0.0023428313434123993
98,4.95,-0.568229198388581,0.42765191197395325,0.27797240018844604,0.2643643021583557,0.378792405128479,0.35,4,0,0,0,0,0,0,,,,nan,0,0.7361854910850525,8.191224098205566,246.8181610107422,0.7280686497688293,1.0,0.09785203366158599,0,1,1,0,0.2163588162885901,0.0,filtered,0.09103626960176209,0,0,12,,predictive_link_5,0,0,1,solved,osqp,0.0,valid,0.09785203366158599,0.400877818|0.295885024|0.132263657|0.136961376|0.10229314|0.0978520337,0.550877818|0.445885024|0.282263657|0.286961376|0.25229314|0.247852034,0.520877818|0.415885024|0.252263657|0.256961376|0.22229314|0.217852034,0.15|0.15|0.15|0.15|0.15|0.15,0|0|-0.0643791003|-0.0567936831|-0.0626147443|-0.0246404546,-0.142794827|-0.206488669|-0.101835142|-0.169206076|-0.142960693|-0.234390254,1.46071645|0.977051425|0.362840386|0.321845745|0.203597122|0.132377426,0.45003289|-0.53441304|0.35947749,0.104824185|0.296571314|-0.000908213377,0.007481209002435207,0.001527697779238224,0.0017384067177772522,0.002317252568900585
99,5.0,-0.5550761503536763,0.26319825649261475,0.28495946526527405,0.26110750436782837,0.21411572396755219,0.35,4,0,0,0,0,0,0,,,,nan,0,0.8717682361602783,6.0884552001953125,266.46893310546875,0.8720066547393799,1.0,0.08587346943427518,0,1,1,0,0.2163588162885901,0.0,filtered,0.026609314339440613,0,0,12,joint_1_acceleration_lower,predictive_link_5,0,0,1,solved,osqp,0.0,valid,0.08587346943427518,0.39386098|0.281991611|0.12578651|0.1268767|0.0922556953|0.0858734694,0.54386098|0.431991611|0.27578651|0.2768767|0.242255695|0.235873469,0.51386098|0.401991611|0.24578651|0.2468767|0.212255695|0.205873469,0.15|0.15|0.15|0.15|0.15|0.15,0|0|5.94184355e-06|0.135495204|0.127113168|0.169270433,-0.137154768|-0.202102247|-0.0934331149|-0.160048921|-0.131635217|-0.228240422,1.43828915|0.925864199|0.409718865|0.482953085|0.364500731|0.284523888,0.455273926|-0.519584358|0.359432071,0.104824185|0.296571314|-0.000908213377,0.008234342560172081,0.0018658814951777458,0.001920977607369423,0.0023051081225275993
100,5.050000000000001,-0.6021756553786464,0.48287248611450195,0.28243008255958557,0.2479194551706314,0.42920225858688354,0.35,4,0,0,0,0,0,0,,,,nan,0,0.7468932867050171,7.279116630554199,258.41082763671875,0.7480977177619934,1.0,0.0827189906570733,0,1,1,0,0.2163588162885901,0.0,filtered,0.050028950518994794,0,0,12,joint_1_acceleration_upper,predictive_link_5,0,0,1,solved,osqp,0.0,valid,0.0827189906570733,0.387246474|0.272686773|0.126227336|0.125015827|0.090312354|0.0827189907,0.537246474|0.422686773|0.276227336|0.275015827|0.240312354|0.232718991,0.507246474|0.392686773|0.246227336|0.245015827|0.210312354|0.202718991,0.15|0.15|0.15|0.15|0.15|0.15,0|0|-0.0663460878|-0.101821495|-0.109679179|-0.0583220825,-0.131343181|-0.197509446|-0.0878872942|-0.151907631|-0.12228148|-0.221650918,1.41764272|0.893237648|0.350675962|0.246334184|0.129288757|0.050902962,0.460514963|-0.504755676|0.359386653,0.104824185|0.296571314|-0.000908213377,0.007622536271810532,0.0017093447968363762,0.0018511833623051643,0.0022698305547237396
101,5.1000000000000005,-0.6120816465966409,0.364448606967926,0.28685858845710754,0.24355320632457733,0.3100989758968353,0.35,4,0,0,0,0,0,0,,,,nan,0,0.8495708703994751,5.78293514251709,258.0541076660156,0.8495708703994751,1.0,0.0695482412310778,0,1,1,0,0.2163588162885901,0.0,passthrough,6.526405793459174e-12,0,0,12,,predictive_link_5,0,0,1,solved,osqp,0.0,valid,0.0695482412310778,0.38081567|0.259235853|0.117959491|0.113480464|0.0787663724|0.0695482412,0.53081567|0.409235853|0.267959491|0.263480464|0.228766372|0.219548241,0.50081567|0.379235853|0.237959491|0.233480464|0.198766372|0.189548241,0.15|0.15|0.15|0.15|0.15|0.15,0|0|-0.00604341241|0.0986337793|0.0906246936|0.125064261,-0.125367804|-0.192625338|-0.0783660388|-0.142323969|-0.110183853|-0.21532512,1.39789487|0.844318074|0.387428513|0.410231666|0.29550633|0.187932105,0.465755999|-0.489926994|0.359341234,0.104824185|0.296571314|-0.000908213377,0.007509282790124416,0.0018475204706192017,0.0016365190967917442,0.0023223552852869034
102,5.15,-0.6498063015141795,0.5319722890853882,0.28420931100845337,0.23141668736934662,0.4732009470462799,0.35,4,0,0,0,0,0,0,,,,nan,0,0.7873110771179199,6.301699638366699,225.7777099609375,0.7939520478248596,1.0,0.06453378191902867,0,1,1,0,0.2163588162885901,0.0,filtered,0.05364707606982453,0,1,12,predictive_link_5,predictive_link_5,0,0,1,solved,osqp,8.465931622403389e-09,valid,0.06453378191902867,0.37474257|0.24931479|0.117594197|0.110569968|0.0760569617|0.0645337819,0.52474257|0.39931479|0.267594197|0.260569968|0.226056962|0.214533782,0.49474257|0.36931479|0.237594197|0.230569968|0.196056962|0.184533782,0.15|0.15|0.15|0.15|0.15|0.15,0|0|-0.0575045508|-0.085144604|-0.0952429497|-0.0511994501,-0.119225784|-0.187437807|-0.0710681224|-0.132354595|-0.0984270444|-0.206935687,1.3797445|0.809821353|0.341804114|0.224780675|0.110557853|-9.81061493e-09,0.470997036|-0.475098312|0.359295815,0.104824185|0.296571314|-0.000908213377,0.0075023118406534195,0.001890743151307106,0.0015381211414933205,0.0022646263241767883
103,5.2,-0.6754883244620322,0.44384270906448364,0.28775981068611145,0.22615747153759003,0.38460686802864075,0.35,5,0,0,0,0,0,0,,,,nan,0,0.8408616185188293,4.609992980957031,198.4403076171875,0.841164767742157,1.0,0.051604330631863954,0,1,1,0,0.2163588162885901,0.0,filtered,0.008411488070179546,0,0,12,joint_1_acceleration_lower,predictive_link_5,0,0,1,solved,osqp,0.0,valid,0.051604330631863954,0.368896602|0.236270497|0.110879065|0.100317022|0.0659101958|0.0516043306,0.518896602|0.386270497|0.260879065|0.250317022|0.215910196|0.201604331,0.488896602|0.356270497|0.230879065|0.220317022|0.185910196|0.171604331,0.15|0.15|0.15|0.15|0.15|0.15,0|0|0.00868605251|0.0812963183|0.0684837051|0.0999165694,-0.112921262|-0.181862358|-0.060418272|-0.120766856|-0.0839790531|-0.198460087,1.36266515|0.76321963|0.39178404|0.361797549|0.248145435|0.107873805,0.476238072|-0.46026963|0.359250396,0.104824185|0.296571314|-0.000908213377,0.008714002557098866,0.0017711501568555832,0.0019379742443561554,0.0029000993818044662
104,5.25,-0.7054887205875469,0.2677405774593353,0.3015219271183014,0.23059900104999542,0.2138654738664627,0.35,5,0,0,0,0,0,0,,,,nan,0,0.6897808909416199,9.054889678955078,168.3010711669922,0.699999988079071,1.0,0.04588414433866636,1,1,0,0,0.2163588162885901,0.699999988079071,filtered,0.6178838567810476,0,0,12,joint_1_acceleration_lower|joint_3_acceleration_lower|joint_4_acceleration_lower|joint_0_acceleration_upper,predictive_link_5,0,0,1,solved,osqp,0.0,valid,0.04588414433866636,0.363403086|0.227376635|0.111349904|0.0978246894|0.0636156062|0.0458841443,0.513403086|0.377376635|0.261349904|0.247824689|0.213615606|0.195884144,0.483403086|0.347376635|0.231349904|0.217824689|0.183615606|0.165884144,0.15|0.15|0.15|0.15|0.15|0.15,0|0|0.0746216633|0.302237253|0.292693273|0.315238387,-0.106456014|-0.175900318|-0.0515110826|-0.108943751|-0.0744947623|-0.18792959,1.34715633|0.733606223|0.468510199|0.584592259|0.472660935|0.310845374,0.481479108|-0.445440948|0.359204978,0.104824185|0.296571314|-0.000908213377,0.009650729596614838,0.0018246155232191086,0.0018122103065252304,0.0023836130276322365
105,5.300000000000001,-0.8185609694108446,0.24060702323913574,0.3218495547771454,0.24251900613307953,0.19505487382411957,0.35,5,0,0,0,0,0,0,,,,nan,0,0.637566328048706,6.987400054931641,106.00521087646484,0.699999988079071,1.0,0.05183900774041225,1,1,0,0,0.2163588162885901,0.699999988079071,filtered,0.26786718422828903,0,0,12,joint_1_acceleration_lower|joint_3_acceleration_lower|joint_4_acceleration_lower,workspace_z_upper,0,0,1,solved,osqp,0.0,valid,0.05183900774041225,0.358374933|0.224483475|0.120775996|0.106753144|0.0732964412|0.0518390077,0.508374933|0.374483475|0.270775996|0.256753144|0.223296441|0.201839008,0.478374933|0.344483475|0.240775996|0.226753144|0.193296441|0.171839008,0.15|0.15|0.15|0.15|0.15|0.15,0|0|0.142768451|0.436149113|0.433331818|0.43332382,-0.0998368781|-0.169952227|-0.0474006767|-0.0999531038|-0.0716654639|-0.177169132,1.33366285|0.727981673|0.57847176|0.763208587|0.654852119|0.463510718,0.486720145|-0.430612266|0.359159559,0.104824185|0.296571314|-0.000908213377,0.007134219631552696,0.0018054619431495667,0.001029311679303646,0.0015731016173958778
106,5.3500000000000005,-0.9004727691481642,0.20776452124118805,0.3468196988105774,0.25961989164352417,0.1711316853761673,0.35,5,0,0,0,0,0,0,,,,nan,0,0.7000000476837158,5.174792766571045,45.894596099853516,0.7000000476837158,1.0,0.06546363155384635,1,1,0,0,0.2163588162885901,0.7000000476837158,passthrough,2.439361580465569e-11,0,0,12,,workspace_z_upper,0,0,1,solved,osqp,0.0,valid,0.06546363155384635,0.353712594|0.226712661|0.13706543|0.1236201|0.091227082|0.0654636316,0.503712594|0.376712661|0.28706543|0.2736201|0.241227082|0.215463632,0.473712594|0.346712661|0.25706543|0.2436201|0.211227082|0.185463632,0.15|0.15|0.15|0.15|0.15|0.15,0|0|0.193243554|0.52559327|0.531431247|0.512228455,-0.0930695968|-0.163703382|-0.0450917723|-0.0920095622|-0.0725820325|-0.165449346,1.32178078|0.743147261|0.6964135|0.928064107|0.823757542|0.608633636,0.491961181|-0.415783584|0.35911414,0.104824185|0.296571314|-0.000908213377,0.00553578045219183,0.0010387646034359932,0.0010272162035107613,0.0014761872589588165
107,5.4,-0.780556979244052,0.18882574141025543,0.36450251936912537,0.2700609862804413,0.1581157147884369,0.35,5,0,0,0,0,0,0,,,,nan,0,0.624194860458374,8.784244537353516,215.77500915527344,0.5466693639755249,1.0,0.08433688846424389,0,1,1,0,0.2163588162885901,0.0,filtered,0.2540860600191259,0,0,12,,workspace_z_upper,0,0,1,solved,osqp,0.0,valid,0.08433688846424389,0.349401767|0.232127817|0.157727319|0.145790159|0.114387131|0.0843368885,0.499401767|0.382127817|0.307727319|0.295790159|0.264387131|0.234336888,0.469401767|0.352127817|0.277727319|0.265790159|0.234387131|0.204336888,0.15|0.15|0.15|0.15|0.15|0.15,0|0|0.127676893|0.393695639|0.400684792|0.362066133,-0.0861603617|-0.157157848|-0.0436563968|-0.0848629684|-0.0758922338|-0.153555479,1.31144671|0.771353419|0.714929771|0.891993308|0.782341082|0.545858208,0.497202218|-0.400954902|0.359068722,0.104824185|0.296571314|-0.000908213377,0.005065279081463814,0.000996704213321209,0.001092829741537571,0.0016166195273399353
108,5.45,-0.6422978252822762,0.18086743354797363,0.3743259310722351,0.27353066205978394,0.15403510630130768,0.35,5,0,0,0,0,0,0,,,,nan,0,0.6623565554618835,6.609973907470703,106.58815002441406,0.6404951810836792,1.0,0.09674247897063801,0,1,1,0,0.2163588162885901,0.0,filtered,0.17383396910805368,0,0,12,,workspace_z_upper,0,0,1,solved,osqp,0.0,valid,0.09674247897063801,0.345301987|0.232312584|0.17325293|0.162272262|0.131181583|0.096742479,0.495301987|0.382312584|0.32325293|0.312272262|0.281181583|0.246742479,0.465301987|0.352312584|0.29325293|0.282272262|0.251181583|0.216742479,0.15|0.15|0.15|0.15|0.15|0.15,0|0|0.0606010336|0.255328077|0.255765868|0.218197378,-0.0791118085|-0.150257057|-0.0395606702|-0.0751515359|-0.078659124|-0.140096638,1.30209614|0.77899328|0.714052085|0.829265589|0.701833074|0.465070656,0.502443433|-0.38612622|0.359023303,0.104824185|0.296571314|-0.000908213377,0.0053976550698280334,0.0010136403143405914,0.00150348711758852,0.0017166370525956154
109,5.5,-0.507230347394945,0.20853134989738464,0.3750000298023224,0.27003321051597595,0.19795311987400055,0.35,5,0,0,0,0,0,0,,,,nan,0,0.7049806714057922,7.290524959564209,113.11272430419922,0.7238080501556396,1.0,0.10236408580883158,0,1,1,0,0.2163588162885901,0.0,filtered,0.11340037941022495,0,0,12,,workspace_z_upper,0,0,1,solved,osqp,0.0,valid,0.10236408580883158,0.341435976|0.227495004|0.182873888|0.172318601|0.140492913|0.102364086,0.491435976|0.377495004|0.332873888|0.322318601|0.290492913|0.252364086,0.461435976|0.347495004|0.302873888|0.292318601|0.260492913|0.222364086,0.15|0.15|0.15|0.15|0.15|0.15,0|0|-0.00719795995|0.110275435|0.103034027|0.0692408045,-0.071928618|-0.143037891|-0.0331799011|-0.0632484954|-0.0796222959|-0.125122668,1.29381529|0.766942126|0.691117689|0.736301343|0.585383382|0.35357448,0.507684827|-0.371297538|0.358977884,0.104824185|0.296571314|-0.000908213377,0.0047363098710775375,0.0009832922369241714,0.0010490790009498596,0.0015115812420845032
110,5.550000000000001,-0.5079298015919542,0.41775649785995483,0.3649213910102844,0.2573561370372772,0.3955044150352478,0.35,5,0,0,0,0,0,0,,,,nan,0,0.7593204975128174,7.248144149780273,92.94064331054688,0.7574390172958374,1.0,0.10141750710093908,0,1,1,0,0.2163588162885901,0.0,filtered,0.06394274468025891,0,0,12,joint_1_acceleration_upper,predictive_link_5,0,0,1,solved,osqp,0.0,valid,0.10141750710093908,0.337800161|0.217774906|0.186724881|0.175988137|0.142160575|0.101417507,0.487800161|0.367774906|0.336724881|0.325988137|0.292160575|0.251417507,0.457800161|0.337774906|0.306724881|0.295988137|0.262160575|0.221417507,0.15|0.15|0.15|0.15|0.15|0.15,0|0|-0.0755984943|-0.0934439989|-0.120840951|-0.132853481,-0.0646135709|-0.135286612|-0.0243671895|-0.0484508989|-0.0801931477|-0.10716125,1.28658707|0.735813013|0.64693384|0.562057652|0.3676082|0.165655297,0.512926221|-0.356468856|0.358932465,0.104824185|0.296571314|-0.000908213377,0.004782596603035927,0.0010189414024353027,0.0010859603062272072,0.0014941859990358353
111,5.6000000000000005,-0.4400473313453518,0.5227736830711365,0.34682950377464294,0.23852483928203583,0.5028007626533508,0.35,5,0,0,0,0,0,0,,,,nan,0,0.9426610469818115,4.843768119812012,96.4758529663086,0.9426600337028503,1.0,0.09165371213790638,0,1,1,0,0.2163588162885901,0.0,filtered,1.5704604523785252e-06,0,0,12,,predictive_link_5,0,0,1,solved,osqp,0.0,valid,0.09165371213790638,0.334448351|0.20398681|0.183505688|0.170823855|0.133546773|0.0916537121,0.484448351|0.35398681|0.333505688|0.320823855|0.283546773|0.241653712,0.454448351|0.32398681|0.303505688|0.290823855|0.253546773|0.211653712,0.15|0.15|0.15|0.15|0.15|0.15,0|0|-0.128174925|-0.209660862|-0.25903045|-0.248859022,-0.0571727085|-0.126746696|-0.0122061169|-0.0306268516|-0.071132393|-0.0863542882,1.2806207|0.689200543|0.593641712|0.443007705|0.204024251|0.0314015383,0.518167615|-0.341640174|0.358887047,0.104824185|0.296571314|-0.000908213377,0.004711282439529896,0.00099247507750988,0.0010487297549843788,0.0014890916645526886
112,5.65,-0.40721943559751284,0.4820373058319092,0.33038967847824097,0.2253231257200241,0.4675367474555969,0.35,5,0,0,0,0,0,0,,,,nan,0,0.9579542279243469,5.276651859283447,158.11378479003906,0.9582909941673279,1.0,0.07629849203573721,0,1,1,0,0.2163588162885901,0.0,filtered,0.08503243639501773,0,0,12,joint_3_acceleration_lower,predictive_link_5,0,0,1,solved,osqp,0.0,valid,0.07629849203573721,0.331417137|0.186452666|0.175554575|0.160097765|0.118984018|0.076298492,0.481417137|0.336452666|0.325554575|0.310097765|0.268984018|0.226298492,0.451417137|0.306452666|0.295554575|0.280097765|0.238984018|0.196298492,0.15|0.15|0.134808898|0.15|0.15|0.15,0|0|-0.0949463448|-0.11868138|-0.156868731|-0.158458896,-0.0496139197|-0.116990666|4.9713534e-17|-0.00928104042|-0.0492617249|-0.0614249249,1.27605463|0.628819996|0.607271954|0.51242864|0.269805614|0.085310147,0.523409009|-0.326811492|0.358841628,0.104824185|0.296571314|-0.000908213377,0.007766725495457649,0.0019807377830147743,0.001665635034441948,0.0022427858784794807
113,5.7,-0.32904152083830074,0.5050193071365356,0.3098156154155731,0.21203337609767914,0.4986230432987213,0.35,5,0,0,0,0,0,0,,,,nan,0,1.0210440158843994,4.882537841796875,79.8940200805664,1.021451473236084,1.0,0.06723125338828892,0,1,1,0,0.2163588162885901,0.0,filtered,0.0025604153878709293,0,0,12,,predictive_link_5,0,0,1,solved,osqp,0.0,valid,0.06723125338828892,0.32874147|0.170394242|0.170806588|0.154637651|0.109860237|0.0672312534,0.47874147|0.320394242|0.320806588|0.304637651|0.259860237|0.217231253,0.44874147|0.290394242|0.290806588|0.274637651|0.229860237|0.187231253,0.15|0.15|0.0555589257|0.0924960736|0.15|0.15,0|0|-0.11505648|-0.171925369|-0.194560859|-0.189873601,-0.0419482594|-0.10609396|-3.77641595e-18|-7.06602579e-18|-0.0248480611|-0.0324846471,1.27301762|0.575483006|0.568169871|0.446625233|0.220032026|0.0465667652,0.528650403|-0.31198281|0.358796209,0.104824185|0.296571314|-0.000908213377,0.007440735585987568,0.0016105091199278831,0.0018092887476086617,0.0023134350776672363
114,5.75,-0.22355948954937502,0.406196266412735,0.2902405261993408,0.20482967793941498,0.4058937728404999,0.35,5,0,0,0,0,0,0,,,,nan,0,1.0883053541183472,3.515256643295288,70.82135009765625,1.0883044004440308,1.0,0.0587727316913724,0,1,1,0,0.2163588162885901,0.0,filtered,1.4648356372924355e-06,0,0,12,,predictive_link_5,0,0,1,solved,osqp,0.0,valid,0.0587727316913724,0.32643795|0.153626161|0.163996259|0.146488603|0.100366657|0.0587727317,0.47643795|0.303626161|0.313996259|0.296488603|0.250366657|0.208772732,0.44643795|0.273626161|0.283996259|0.266488603|0.220366657|0.178772732,0.15|0.15|0|0|0.138941688|0.147205802,0|0|-0.10483544|-0.130299912|-0.118363348|-0.110013969,-0.0341874032|-0.0936722776|0.00587433592|0.00318444367|4.14766335e-18|8.54053601e-18,1.2715644|0.520832364|0.557023931|0.458838942|0.28310328|0.125076958,0.533891797|-0.297154129|0.35875079,0.104824185|0.296571314|-0.000908213377,0.007423076778650284,0.0015695253387093544,0.0018403725698590279,0.0023199748247861862
115,5.800000000000001,-0.193856835812486,0.43199142813682556,0.2688645124435425,0.19932393729686737,0.41870400309562683,0.35,5,0,0,0,0,0,0,,,,nan,0,1.0819238424301147,4.535861015319824,154.3272247314453,1.0819228887557983,1.0,0.0546825643278048,0,1,1,0,0.2163588162885901,0.0,filtered,1.4058423334517854e-06,0,0,12,,predictive_link_5,0,0,1,solved,osqp,0.0,valid,0.0546825643278048,0.324523424|0.137950471|0.159680701|0.142094918|0.0941457852|0.0546825643,0.474523424|0.287950471|0.309680701|0.292094918|0.244145785|0.204682564,0.444523424|0.257950471|0.279680701|0.262094918|0.214145785|0.174682564,0.15|0.15|0|0|0.0290973299|0.0309968532,0|0|-0.122030381|-0.141290197|-0.169081074|-0.150758056,-0.0263451728|-0.0798103379|0.021053503|0.0285767455|2.17912129e-17|-1.09382011e-17,1.27174852|0.471991546|0.537745926|0.455666219|0.207502067|0.0679722017,0.539133191|-0.282325447|0.358705372,0.104824185|0.296571314|-0.000908213377,0.007646620273590088,0.001581139862537384,0.001843716949224472,0.0023115649819374084
116,5.8500000000000005,-0.1803363381809604,0.44824081659317017,0.2470908910036087,0.1967593878507614,0.43625834584236145,0.35,5,0,0,0,0,0,0,,,,nan,0,1.0000007152557373,4.373660564422607,82.13827514648438,0.9910824298858643,1.0,0.049323930437461055,0,1,1,0,0.2163588162885901,0.0,filtered,0.030119436985016693,0,0,12,joint_4_acceleration_lower,predictive_link_5,0,0,1,solved,osqp,0.0,valid,0.049323930437461055,0.323015152|0.121944755|0.155077812|0.138403539|0.0867212488|0.0493239304,0.473015152|0.271944755|0.305077812|0.288403539|0.236721249|0.19932393,0.443015152|0.241944755|0.275077812|0.258403539|0.206721249|0.16932393,0.15|0.15|0|0|0|0,0|0|-0.115956927|-0.126394371|-0.164609203|-0.141903417,-0.0184378519|-0.0640006403|0.0369366937|0.0554389629|0.0231697456|0.0276021179,1.27362276|0.423778378|0.541291014|0.482658749|0.205445538|0.0829944231,0.544374585|-0.267496765|0.358659953,0.104824185|0.296571314|-0.000908213377,0.007900304161012173,0.0019301427528262138,0.0017146309837698936,0.002326635643839836
117,5.9,-0.184980612726379,0.4576982259750366,0.22606998682022095,0.19630278646945953,0.44798362255096436,0.35,5,0,0,0,0,0,0,,,,nan,0,0.9066696166992188,5.868035316467285,95.43993377685547,0.9029061198234558,1.0,0.04675939694956252,0,1,1,0,0.2163588162885901,0.0,filtered,0.03735225201876055,0,0,12,joint_4_acceleration_lower,predictive_link_5,0,0,1,solved,osqp,0.0,valid,0.04675939694956252,0.321926304|0.107196691|0.151523783|0.13678752|0.08164664|0.0467593969,0.471926304|0.257196691|0.301523783|0.28678752|0.23164664|0.196759397,0.441926304|0.227196691|0.271523783|0.25678752|0.20164664|0.166759397,0.15|0.15|0|0|0|0,0|0|-0.124094978|-0.135690649|-0.162963171|-0.13336891,-0.0104831738|-0.046491535|0.0529357334|0.0827104696|0.0554471361|0.0655397085,1.27722204|0.382295229|0.534935887|0.494169899|0.219070525|0.119208387,0.549615979|-0.252668083|0.358614534,0.104824185|0.296571314|-0.000908213377,0.00787261687219143,0.0017653917893767357,0.0018560271710157394,0.0021360889077186584
118,5.95,-0.22164272233713633,0.45869913697242737,0.20797033607959747,0.19943274557590485,0.4522742033004761,0.35,5,0,0,0,0,0,0,,,,nan,0,0.886195719242096,4.726496696472168,64.16099548339844,0.8883140683174133,1.0,0.04630279303487814,0,1,1,0,0.2163588162885901,0.0,filtered,0.01887131035869345,0,0,12,joint_4_acceleration_lower,predictive_link_5,0,0,1,solved,osqp,0.0,valid,0.04630279303487814,0.321350173|0.0942093015|0.147694631|0.135782675|0.0779878078|0.046302793,0.471350173|0.244209301|0.297694631|0.285782675|0.227987808|0.196302793,0.441350173|0.214209301|0.267694631|0.255782675|0.197987808|0.166302793,0.15|0.15|0|0|0|0,0|0|-0.116481146|-0.0996420394|-0.116239304|-0.0893737646,-0.00252725163|-0.0282514923|0.0685791767|0.107933269|0.0856722054|0.0998188051,1.28287344|0.348585714|0.542876556|0.551421931|0.281384133|0.195656213,0.554857373|-0.23783955|0.358569115,0.104824185|0.296571314|-0.000908213377,0.00752804521471262,0.0018902607262134552,0.0015316186472773552,0.00235610269010067
119,6.0,-0.31202357319506013,0.4372021555900574,0.19648310542106628,0.20459498465061188,0.43444404006004333,0.35,5,0,0,0,0,0,0,,,,nan,0,0.8686272501945496,6.618420124053955,76.96318054199219,0.868625819683075,1.0,0.04943275116646692,0,1,1,0,0.2163588162885901,0.0,filtered,1.6301383817298818e-06,0,0,12,,predictive_link_5,0,0,1,solved,osqp,0.0,valid,0.04943275116646692,0.321147302|0.0833969828|0.145326452|0.137569769|0.0777620745|0.0494327512,0.471147302|0.233396983|0.295326452|0.287569769|0.227762075|0.199432751,0.441147302|0.203396983|0.265326452|0.257569769|0.197762075|0.169432751,0.115635833|0.15|0|0|0|0,0|0|-0.104727552|-0.062944996|-0.0723412947|-0.0564327227,9.10165925e-18|-0.00958449327|0.0827857167|0.130296824|0.112855014|0.129388116,1.28458921|0.324003438|0.559363974|0.617630905|0.351562017|0.270686398,0.560098767|-0.223011047|0.358523697,0.104824185|0.296571314|-0.000908213377,0.007372761145234108,0.0015529049560427666,0.0018385685980319977,0.002293911762535572
120,6.050000000000001,-0.31992597031968684,0.445265531539917,0.18556557595729828,0.20718319714069366,0.444803386926651,0.35,5,0,0,0,0,0,0,,,,nan,0,0.9225232005119324,4.802918910980225,73.04293823242188,0.9225232005119324,1.0,0.05459497638322072,0,1,1,0,0.2163588162885901,0.0,passthrough,6.0073504670681515e-12,0,0,12,,predictive_link_5,0,0,1,solved,osqp,0.0,valid,0.05459497638322072,0.321075865|0.0755008652|0.14440772|0.141519624|0.0803712048|0.0545949764,0.471075865|0.225500865|0.29440772|0.291519624|0.230371205|0.204594976,0.441075865|0.195500865|0.26440772|0.261519624|0.200371205|0.174594976,0.0654801317|0.116794417|0|0|0|0,0|0|-0.123582376|-0.110316938|-0.130725046|-0.112364492,-9.64643613e-18|4.98594197e-17|0.0943934777|0.147039172|0.13320334|0.150298336,1.28430346|0.302003461|0.548441984|0.602800729|0.323963113|0.25631375,0.565340161|-0.208182544|0.358478278,0.104824185|0.296571314|-0.000908213377,0.004818965680897236,0.0010241325944662094,0.0010566255077719688,0.0015272470191121101
121,6.1000000000000005,-0.24596784261864635,0.47396981716156006,0.16956886649131775,0.20814724266529083,0.47396981716156006,0.35,1,0,0,0,0,0,0,,,,nan,0,1.0120617151260376,4.9311203956604,129.98492431640625,1.0120617151260376,1.0,0.05718317752327792,0,1,1,0,0.2163588162885901,0.0,passthrough,7.70771152109767e-12,0,0,12,,predictive_link_1,0,0,1,solved,osqp,0.0,valid,0.05718317752327792,0.321091601|0.0675109291|0.142409275|0.143464935|0.0812353477|0.0571831775,0.471091601|0.217510929|0.292409275|0.293464935|0.231235348|0.207183178,0.441091601|0.187510929|0.262409275|0.263464935|0.201235348|0.177183178,0.0155141223|0.045731425|0|0|0|0,0|0|-0.116189405|-0.100549053|-0.135129931|-0.107382733,-9.09830063e-18|9.33577415e-18|0.106263877|0.161937358|0.150872689|0.167738903,1.2843664|0.270043717|0.559711574|0.635248047|0.340684149|0.289088881,0.570581555|-0.19335404|0.358432859,0.104824185|0.296571314|-0.000908213377,0.004925820976495743,0.0010230336338281631,0.0011644158512353897,0.001512349583208561
122,6.15,-0.1298478041285268,0.4842272996902466,0.1472627818584442,0.19934655725955963,0.48422735929489136,0.35,1,0,0,0,0,0,0,,,,nan,0,1.0738111734390259,6.129742622375488,110.27180480957031,1.0752220153808594,1.0,0.058147233126680326,0,1,1,0,0.2163588162885901,0.0,filtered,0.029123371652436076,0,0,12,,workspace_y_lower,0,0,1,solved,osqp,0.0,valid,0.058147233126680326,0.321107264|0.0581472331|0.141576059|0.146887107|0.0834662019|0.0609776328,0.471107264|0.208147233|0.291576059|0.296887107|0.233466202|0.210977633,0.441107264|0.178147233|0.261576059|0.266887107|0.203466202|0.180977633,0|0|0|0|0|0,0|0|-0.0969591683|-0.0876372474|-0.123810689|-0.0828192581,0.00546871669|0.00848740426|0.119627907|0.180101227|0.17256092|0.18948672,1.28989777|0.241076337|0.588972977|0.680012407|0.382615038|0.350577994,0.575822949|-0.178525537|0.35838744,0.104824185|0.296571314|-0.000908213377,0.005182128399610519,0.0010257111862301826,0.001022934913635254,0.0017815148457884789
123,6.2,-0.03862085860020903,0.46792861819267273,0.12159433960914612,0.1924258917570114,0.4679286479949951,0.35,1,0,0,0,0,0,0,,,,nan,0,1.1420707702636719,5.615900039672852,51.4076042175293,1.1456255912780762,1.0,0.049346578484271236,0,1,1,0,0.2163588162885901,0.0,filtered,0.03551942414502824,0,0,12,joint_3_acceleration_lower,workspace_y_lower,0,0,1,solved,osqp,0.0,valid,0.049346578484271236,0.321413996|0.0493465785|0.142431854|0.15246466|0.0880752028|0.0673168856,0.471413996|0.199346578|0.292431854|0.30246466|0.238075203|0.217316886,0.441413996|0.169346578|0.262431854|0.27246466|0.208075203|0.187316886,0|0|0|0|0|0,0|0|-0.0779311629|-0.0690929045|-0.0983698656|-0.0638177562,0.0134112891|0.0308205705|0.134351235|0.201410013|0.198042891|0.209661536,1.29906727|0.228206884|0.626147487|0.742175749|0.451973837|0.415111322,0.581064343|-0.163697034|0.358342022,0.104824185|0.296571314|-0.000908213377,0.004865740425884724,0.001010165549814701,0.0009972453117370605,0.0016794353723526
124,6.25,-0.019110874228163655,0.43979769945144653,0.09708414226770401,0.18732820451259613,0.4397977590560913,0.35,1,0,0,0,0,0,0,,,,nan,0,1.1247341632843018,4.057173728942871,99.74378204345703,1.1247341632843018,1.0,0.042425905538747116,0,1,1,0,0.2163588162885901,0.0,passthrough,5.8221354837398464e-12,0,0,12,,workspace_y_lower,0,0,1,solved,osqp,0.0,valid,0.042425905538747116,0.322095287|0.0424259055|0.144913328|0.160319155|0.09553957|0.0759668078,0.472095287|0.192425906|0.294913328|0.310319155|0.24553957|0.225966808,0.442095287|0.162425906|0.264913328|0.280319155|0.21553957|0.195966808,0|0|0|0|0|0,0|0|-0.0847104343|-0.0928374521|-0.121751896|-0.100703536,0.0213453981|0.0546672879|0.149170063|0.223220239|0.223784828|0.229586424,1.30972654|0.22437091|0.64411294|0.771659407|0.484191213|0.432750119,0.586305737|-0.148868531|0.358296603,0.104824185|0.296571314|-0.000908213377,0.007496592588722706,0.0016247564926743507,0.0016850503161549568,0.0023695221170783043
125,6.300000000000001,-0.09436900859845992,0.3096776604652405,0.08383703231811523,0.18567802011966705,0.3096776306629181,0.35,1,0,0,0,0,0,0,,,,nan,0,0.7060707211494446,9.529969215393066,207.36614990234375,0.0,1.0,0.037328211420663754,1,1,0,0,0.2163588162885901,0.0,filtered,0.7060707178434058,0,0,12,joint_1_acceleration_lower|joint_2_acceleration_lower|joint_0_acceleration_upper|joint_4_acceleration_upper|joint_5_acceleration_upper,workspace_y_lower,0,0,1,solved,osqp,0.0,valid,0.037328211420663754,0.323250971|0.0373282114|0.147328523|0.167607174|0.103012527|0.0838674127,0.473250971|0.187328211|0.297328523|0.317607174|0.253012527|0.233867413,0.443250971|0.157328211|0.267328523|0.287607174|0.223012527|0.203867413,0|0|0|0|0|0,0|0|-0.0691476725|-0.0738407363|-0.0949421918|-0.0903678118,0.0292121596|0.0777000034|0.163444906|0.242670018|0.245993555|0.247631917,1.32221604|0.227012849|0.683611324|0.839257978|0.563101471|0.492733756,0.591547132|-0.134040028|0.358251184,0.104824185|0.296571314|-0.000908213377,0.005849857814610004,0.0010398169979453087,0.0010013580322265625,0.0018643904477357864
126,6.3500000000000005,-0.22406506434252635,0.29845142364501953,0.07870183140039444,0.1880810409784317,0.29845142364501953,0.35,1,0,0,0,0,0,0,,,,nan,0,0.34540119767189026,7.522831916809082,103.41715240478516,0.0,1.0,0.03567798490203042,1,1,0,0,0.2163588162885901,0.0,filtered,0.3454011896787062,0,0,12,joint_1_acceleration_lower|joint_4_acceleration_upper|joint_5_acceleration_upper,workspace_y_lower,0,0,1,solved,osqp,0.0,valid,0.03567798490203042,0.324899164|0.0356779849|0.151078533|0.175816594|0.111574588|0.0924910955,0.474899164|0.185677985|0.301078533|0.325816594|0.261574588|0.242491095,0.444899164|0.155677985|0.271078533|0.295816594|0.231574588|0.212491095,0|0|0|0|0|0,0|0|-0.0305654019|-0.0206632833|-0.0262829816|-0.026809279,0.0369804191|0.0962152033|0.173649887|0.254619096|0.259133857|0.259010064,1.33657707|0.238927143|0.747398616|0.937222187|0.679149227|0.602165167,0.596788526|-0.119211487|0.358205765,0.104824185|0.296571314|-0.000908213377,0.009481090120971203,0.0017061270773410797,0.0018761949613690376,0.0024316292256116867
127,6.4,-0.29695435835741846,0.2853905260562897,0.07842432707548141,0.19374053180217743,0.28539058566093445,0.35,1,0,0,0,0,0,0,,,,nan,0,0.02988690510392189,6.525457382202148,59.517921447753906,0.0,1.0,0.03808104097237783,1,1,0,0,0.2163588162885901,0.0,filtered,0.02988690438694296,0,0,12,joint_5_acceleration_upper,workspace_y_lower,0,0,1,solved,osqp,0.0,valid,0.03808104097237783,0.326941086|0.038081041|0.157873946|0.187342471|0.123463639|0.104342638,0.476941086|0.188081041|0.307873946|0.337342471|0.273463639|0.254342638,0.446941086|0.158081041|0.277873946|0.307342471|0.243463639|0.224342638,0|0|0|0|0|0,0|0|0|0|0|0,0.0446774783|0.11052707|0.179743192|0.26114478|0.266164554|0.264885897,1.35244182|0.262851234|0.811238975|1.01051466|0.760019111|0.682256448,0.60202992|-0.104382895|0.358160347,0.104824185|0.296571314|-0.000908213377,0.007272541522979736,0.0010034991428256035,0.0016769403591752052,0.002267676405608654
128,6.45,-0.2838897095973114,0.2715620994567871,0.07842384278774261,0.2000385969877243,0.2715621292591095,0.35,1,0,0,0,0,0,0,,,,nan,0,0.0,0.5977380871772766,123.54267883300781,0.0,1.0,0.04374054062603158,1,1,0,0,0.2163588162885901,0.0,passthrough,0.0,0,0,12,,workspace_y_lower,0,0,1,solved,osqp,0.0,valid,0.04374054062603158,0.32936589|0.0437405406|0.166852589|0.200422983|0.136808982|0.117588762,0.47936589|0.193740541|0.316852589|0.350422983|0.286808982|0.267588762,0.44936589|0.163740541|0.286852589|0.320422983|0.256808982|0.237588762,0|0|0|0|0|0,0|0|0|0|0|0,0.0522935009|0.121012101|0.18322873|0.264468466|0.269663923|0.267466743,1.36975706|0.295974263|0.850639086|1.0661604|0.81689985|0.737821793,0.607271314|-0.0895543024|0.358114928,0.104824185|0.296571314|-0.000908213377,0.008406326174736023,0.0018846876919269562,0.0014347145333886147,0.00156424380838871
129,6.5,-0.2697727934053723,0.25747260451316833,0.07842382043600082,0.2068147212266922,0.25747260451316833,0.35,1,0,0,0,0,0,0,,,,nan,0,0.0,0.0,11.954761505126953,0.0,1.0,0.050038593463928555,1,1,0,0,0.2163588162885901,0.0,passthrough,0.0,0,0,12,,workspace_y_lower,0,0,1,solved,osqp,0.0,valid,0.050038593463928555,0.332169212|0.0500385935|0.176094202|0.213720572|0.150369275|0.131019005,0.482169212|0.200038593|0.326094202|0.363720572|0.300369275|0.281019005,0.452169212|0.170038593|0.296094202|0.333720572|0.270369275|0.251019005,0|0|0|0|0|0,0|0|0|0|0|0,0.0598161116|0.130823918|0.186400235|0.267391336|0.272695573|0.269701839,1.38849296|0.330978292|0.890777044|1.12227362|0.874172671|0.79377786,0.612512708|-0.0747257099|0.358069509,0.104824185|0.296571314|-0.000908213377,0.005551982671022415,0.0011269282549619675,0.001040767878293991,0.0014603352174162865
130,6.550000000000001,-0.255593474262077,0.2432928830385208,0.07842382043600082,0.21404384076595306,0.24329295754432678,0.35,1,0,0,0,0,0,0,,,,nan,0,0.0,0.0,0.0,0.0,1.0,0.05681471364668342,1,1,0,0,0.2163588162885901,0.0,passthrough,0.0,0,0,12,,workspace_y_lower,0,0,1,solved,osqp,0.0,valid,0.05681471364668342,0.335346088|0.0568147136|0.185489854|0.227158472|0.164074069|0.144555551,0.485346088|0.206814714|0.335489854|0.377158472|0.314074069|0.294555551,0.455346088|0.176814714|0.305489854|0.347158472|0.284074069|0.264555551,0|0|0|0|0|0,0|0|0|0|0|0,0.0672337307|0.140133509|0.189390814|0.270084041|0.275449232|0.271721524,1.40861808|0.367392364|0.93135023|1.17871793|0.931745507|0.849943726,0.617754102|-0.0598971285|0.358024091,0.104824185|0.296571314|-0.000908213377,0.005681917071342468,0.001016109250485897,0.001133316196501255,0.0015970245003700256
131,6.6000000000000005,-0.2414771721294705,0.2291765809059143,0.07842382043600082,0.22170107066631317,0.2291766256093979,0.35,1,0,0,0,0,0,0,,,,nan,0,0.0,0.0,0.0,0.0,1.0,0.06404386440300844,1,1,0,0,0.2163588162885901,0.0,passthrough,0.0,0,0,12,,workspace_y_lower,0,0,1,solved,osqp,0.0,valid,0.06404386440300844,0.338891|0.0640438644|0.195030777|0.240725646|0.177910225|0.158209496,0.488891|0.214043864|0.345030777|0.390725646|0.327910225|0.308209496,0.458891|0.184043864|0.315030777|0.360725646|0.297910225|0.278209496,0|0|0|0|0|0,0|0|0|0|0|0,0.0745356474|0.148942492|0.192211373|0.272568295|0.277955693|0.274499453,1.43009965|0.40511795|0.972334482|1.23547088|0.989596593|0.907337438,0.622995496|-0.0450685807|0.357978672,0.104824185|0.296571314|-0.000908213377,0.005942176096141338,0.001034214161336422,0.001063183881342411,0.0016558961942791939
132,6.65,-0.22755845939429442,0.21525786817073822,0.07842382043600082,0.229762002825737,0.21525786817073822,0.35,1,0,0,0,0,0,0,,,,nan,0,0.0,0.0,0.0,0.0,1.0,0.07170108772698733,1,1,0,0,0.2163588162885901,0.0,passthrough,0.0,0,0,12,,workspace_y_lower,0,0,1,solved,osqp,0.0,valid,0.07170108772698733,0.34279791|0.0717010877|0.204708681|0.254412259|0.191866093|0.172001517,0.49279791|0.221701088|0.354708681|0.404412259|0.341866093|0.322001517,0.46279791|0.191701088|0.324708681|0.374412259|0.311866093|0.292001517,0|0|0|0|0|0,0|0|0|0|0|0,0.0817121086|0.157258021|0.194872358|0.274863417|0.280241831|0.277136477,1.45290375|0.444062372|1.01370708|1.29251245|1.0477062|0.965142545,0.62823689|-0.030240031|0.357933253,0.104824185|0.296571314|-0.000908213377,0.008886748924851418,0.0019231252372264862,0.0017885267734527588,0.0016979184001684189
133,6.7,-0.21395188128264586,0.20165129005908966,0.07842382043600082,0.23820285499095917,0.20165130496025085,0.35,1,0,0,0,0,0,0,,,,nan,0,0.0,0.0,0.0,0.0,1.0,0.07976198863758596,1,1,0,0,0.2163588162885901,0.0,passthrough,0.0,0,0,12,,workspace_y_lower,0,0,1,solved,osqp,0.0,valid,0.07976198863758596,0.34706032|0.0797619886|0.214515857|0.26820928|0.205931273|0.185919349,0.49706032|0.229761989|0.364515857|0.41820928|0.355931273|0.335919349,0.46706032|0.199761989|0.334515857|0.38820928|0.325931273|0.305919349,0|0|0|0|0|0,0|0|0|0|0|0,0.0887543232|0.165091728|0.197383612|0.276986781|0.28233122|0.27953592,1.4769956|0.484139683|1.05544704|1.3498239|1.10605631|1.02321331,0.633478284|-0.0154114608|0.357887834,0.104824185|0.296571314|-0.000908213377,0.008890815079212189,0.0016509275883436203,0.0017865030094981194,0.0023430110886693
134,6.75,-0.10692246722212595,0.19207559525966644,0.0726606547832489,0.24452050030231476,0.19207558035850525,0.35,1,0,0,0,0,0,0,,,,nan,0,0.4479038119316101,8.958075523376465,179.16151428222656,0.4851662814617157,1.0,0.08820283844678997,0,1,1,0,0.2163588162885901,0.0,filtered,0.05202715010479091,0,0,12,joint_5_acceleration_lower|joint_2_acceleration_upper,workspace_y_lower,0,0,1,solved,osqp,0.0,valid,0.08820283844678997,0.35167132|0.0882028384|0.224445047|0.282108502|0.220096439|0.199951759,0.50167132|0.238202838|0.374445047|0.432108502|0.370096439|0.349951759,0.47167132|0.208202838|0.344445047|0.402108502|0.340096439|0.319951759,0|0|0|0|0|0,0|0|-0.0574257579|-0.0906080139|-0.0980973127|-0.105714932,0.0956544762|0.172458806|0.199754436|0.278953962|0.284244572|0.28172377,1.50233976|0.52527016|1.04010886|1.31677996|1.06653301|0.975815875,0.638719678|-0.000582893146|0.357842416,0.104824185|0.296571314|-0.000908213377,0.006741274148225784,0.0010710908100008965,0.001056784763932228,0.003430197946727276
135,6.800000000000001,-0.05816822587021109,0.18587124347686768,0.06488291919231415,0.24879886209964752,0.18587127327919006,0.35,1,0,0,0,0,0,0,,,,nan,0,0.7464596629142761,6.226263999938965,77.836181640625,0.7464590072631836,1.0,0.0945204742340777,0,1,1,0,0.2163588162885901,0.0,filtered,1.056348078256276e-06,0,0,12,,workspace_y_lower,0,0,1,solved,osqp,0.0,valid,0.0945204742340777,0.356683656|0.0945204742|0.231781178|0.291329136|0.2297615|0.209560197,0.506683656|0.244520474|0.381781178|0.441329136|0.3797615|0.359560197,0.476683656|0.214520474|0.351781178|0.411329136|0.3497615|0.329560197,0|0|0|0|0|0,0|0|-0.107314679|-0.161304034|-0.170181085|-0.183356556,0.102365567|0.181099466|0.204852477|0.282986135|0.288181734|0.286219585,1.52910019|0.559181363|1.02466251|1.28699865|1.03704665|0.941103816,0.643961072|0.014245674|0.357796997,0.104824185|0.296571314|-0.000908213377,0.005089272744953632,0.0010586874559521675,0.0010417727753520012,0.0018029296770691872
136,6.8500000000000005,-0.16144190256653046,0.1813243180513382,0.06326180696487427,0.25203418731689453,0.18132424354553223,0.35,1,0,0,0,0,0,0,,,,nan,0,0.8777342438697815,3.59651517868042,80.43939208984375,0.8777335286140442,1.0,0.09879886895592668,0,1,1,0,0.2163588162885901,0.0,filtered,1.2072140130854247e-06,0,0,12,,workspace_y_lower,0,0,1,solved,osqp,0.0,valid,0.09879886895592668,0.362081055|0.098798869|0.236813635|0.29702621|0.236122161|0.215870848,0.512081055|0.248798869|0.386813635|0.44702621|0.386122161|0.365870848,0.482081055|0.218798869|0.356813635|0.41702621|0.356122161|0.335870848,0|0|0|0|0|0,0|0|-0.139929624|-0.220749171|-0.22666129|-0.241837477,0.108885776|0.19117331|0.212075236|0.288167914|0.293163281|0.291957639,1.55721|0.586368786|1.01940015|1.25552358|1.01099063|0.913603554,0.649202466|0.0290742442|0.357751578,0.104824185|0.296571314|-0.000908213377,0.0057996297255158424,0.0011057471856474876,0.0017121275886893272,0.001665608026087284
137,6.9,-0.3280808033798197,0.17618022859096527,0.07104615122079849,0.25580263137817383,0.17618022859096527,0.35,1,0,0,0,0,0,0,,,,nan,0,0.8731310367584229,4.107635498046875,115.48409271240234,0.8731308579444885,1.0,0.10203416387771444,0,1,1,0,0.2163588162885901,0.0,filtered,2.645708104877109e-07,0,0,12,,workspace_y_lower,0,0,1,solved,osqp,0.0,valid,0.10203416387771444,0.367848226|0.102034164|0.240486013|0.299973787|0.239798212|0.219568671,0.517848226|0.252034164|0.390486013|0.449973787|0.389798212|0.369568671,0.487848226|0.222034164|0.360486013|0.419973787|0.359798212|0.339568671,0|0|0|0|0|0,0|0|-0.142282555|-0.264598511|-0.273384238|-0.285957637,0.115215636|0.200997305|0.220008246|0.292672771|0.297430197|0.29700905,1.58660854|0.609133961|1.03966974|1.22796941|0.983238808|0.889326097,0.65444386|0.0439027958|0.357706159,0.104824185|0.296571314|-0.000908213377,0.005066387355327606,0.0010076593607664108,0.0012818323448300362,0.0016406811773777008
138,6.95,-0.42244069224213604,0.1704292744398117,0.08416473865509033,0.26016077399253845,0.1704292595386505,0.35,1,0,0,0,0,0,0,,,,nan,0,0.8828144073486328,4.1345343589782715,35.27927780151367,0.8828138113021851,1.0,0.10580262390228676,0,1,1,0,0.2163588162885901,0.0,filtered,9.764300235450175e-07,0,0,12,,workspace_y_lower,0,0,1,solved,osqp,0.0,valid,0.10580262390228676,0.373955305|0.105802624|0.244289321|0.300786162|0.241204671|0.221409274,0.523955305|0.255802624|0.394289321|0.450786162|0.391204671|0.371409274,0.493955305|0.225802624|0.364289321|0.420786162|0.361204671|0.341409274,0|0|0|0|0|0,0|0|-0.141020281|-0.296132206|-0.309158478|-0.318431573,0.121367218|0.208495388|0.227218765|0.29363649|0.300152056|0.300360508,1.61718844|0.631705884|1.06335577|1.20064893|0.95581226|0.867566032,0.659685254|0.0587313436|0.357660741,0.104824185|0.296571314|-0.000908213377,0.004858744330704212,0.0011097611859440804,0.0010382095351815224,0.0014703944325447083
139,7.0,-0.39494341374878417,0.16299304366111755,0.09595529735088348,0.2660413384437561,0.16299305856227875,0.35,1,0,0,0,0,0,0,,,,nan,0,0.8833972811698914,3.6131362915039062,98.95738983154297,0.8833962678909302,1.0,0.11016077124615728,0,1,1,0,0.2163588162885901,0.0,filtered,1.2660706449511683e-06,0,0,12,,workspace_y_lower,0,0,1,solved,osqp,0.0,valid,0.11016077124615728,0.380380736|0.110160771|0.248371157|0.300170603|0.24096193|0.222004082,0.530380736|0.260160771|0.398371157|0.450170603|0.39096193|0.372004082,0.500380736|0.230160771|0.368371157|0.420170603|0.36096193|0.342004082,0|0|0|0|0|0,0|0|-0.11505437|-0.257967672|-0.261504321|-0.266391785,0.127347692|0.214212539|0.233769705|0.294718314|0.301907052|0.302606681,1.64887064|0.654855623|1.11219996|1.23743305|1.00425045|0.924231222,0.664926648|0.073559925|0.357615322,0.104824185|0.296571314|-0.000908213377,0.004991741850972176,0.0010570548474788666,0.00106727983802557,0.0015099914744496346
140,7.050000000000001,-0.34293636636654057,0.15423569083213806,0.10516428202390671,0.2733577787876129,0.15423566102981567,0.35,1,0,0,0,0,0,0,,,,nan,0,0.8492354154586792,2.8633878231048584,49.57209396362305,0.8492347598075867,1.0,0.11604136210346891,0,1,1,0,0.2163588162885901,0.0,filtered,1.1222916011911344e-06,0,0,12,,workspace_y_lower,0,0,1,solved,osqp,0.0,valid,0.11604136210346891,0.38707289|0.116041362|0.25399923|0.301861264|0.243134185|0.22520449,0.53707289|0.266041362|0.40399923|0.451861264|0.393134185|0.37520449,0.50707289|0.236041362|0.37399923|0.421861264|0.363134185|0.34520449,0|0|0|0|0|0,0|0|-0.0862726389|-0.194482101|-0.191361651|-0.192118278,0.133182083|0.218799808|0.238892466|0.294980495|0.302890922|0.304032324,1.68147364|0.682965256|1.16861675|1.30794345|1.08406601|1.012732,0.670168042|0.0883885175|0.357569903,0.104824185|0.296571314|-0.000908213377,0.004978315904736519,0.0010139895603060722,0.0010755015537142754,0.0015967171639204025
141,7.1000000000000005,-0.31519302553652684,0.1452365219593048,0.11316098272800446,0.2813718616962433,0.1452365219593048,0.35,1,0,0,0,0,0,0,,,,nan,0,0.8391745686531067,2.0126471519470215,32.32612228393555,0.8391739130020142,1.0,0.1233577579707,0,1,1,0,0.2163588162885901,0.0,filtered,1.0500996722996154e-06,0,0,12,,workspace_y_lower,0,0,1,solved,osqp,0.0,valid,0.1233577579707,0.394007407|0.123357758|0.26135477|0.306854102|0.24888942|0.232104424,0.544007407|0.273357758|0.41135477|0.456854102|0.39888942|0.382104424,0.514007407|0.243357758|0.38135477|0.426854102|0.36888942|0.352104424,0|0|0|0|0|0,0|0|-0.0718803099|-0.153880628|-0.145558798|-0.14315861,0.138877552|0.223285368|0.242895959|0.294949777|0.303799392|0.305295757,1.71490718|0.7167164|1.21643473|1.36848556|1.15379827|1.09055484,0.675409436|0.10321711|0.357524484,0.104824185|0.296571314|-0.000908213377,0.004935670644044876,0.001211879774928093,0.0010284557938575745,0.001502986066043377
142,7.15,-0.2871144617297132,0.13589385151863098,0.11994470655918121,0.29030004143714905,0.1358938366174698,0.35,1,0,0,0,0,0,0,,,,nan,0,0.8365757465362549,1.8442233800888062,15.46168327331543,0.8365748524665833,1.0,0.13137185571454968,0,1,1,0,0.2163588162885901,0.0,filtered,1.2390599153000857e-06,0,0,12,,workspace_y_lower,0,0,1,solved,osqp,0.0,valid,0.13137185571454968,0.401192203|0.131371856|0.269672109|0.313877578|0.257073645|0.241417512,0.551192203|0.281371856|0.419672109|0.463877578|0.407073645|0.391417512,0.521192203|0.251371856|0.389672109|0.433877578|0.377073645|0.361417512,0|0|0|0|0|0,0|0|-0.0543768228|-0.11217687|-0.0975949726|-0.0901066119,0.144423088|0.228141431|0.246450917|0.294974998|0.304926308|0.306931309,1.7491919|0.753628854|1.27076253|1.43830844|1.23562591|1.18249474,0.68065083|0.118045703|0.357479066,0.104824185|0.296571314|-0.000908213377,0.00604657456278801,0.0014411667361855507,0.0012765871360898018,0.001549924723803997
143,7.2,-0.28156767503660807,0.12680350244045258,0.12675373256206512,0.29967525601387024,0.12680351734161377,0.35,1,0,0,0,0,0,0,,,,nan,0,0.8355021476745605,0.8287768959999084,22.307981491088867,0.8355011940002441,1.0,0.1403000359854466,0,1,1,0,0.2163588162885901,0.0,filtered,1.313694778554588e-06,0,0,12,,workspace_y_lower,0,0,1,solved,osqp,0.0,valid,0.1403000359854466,0.408617947|0.140300036|0.279119214|0.322990919|0.267793873|0.253034955,0.558617947|0.290300036|0.429119214|0.472990919|0.417793873|0.403034955,0.528617947|0.260300036|0.399119214|0.442990919|0.387793873|0.373034955,0|0|0|0|0|0,0|0|-0.0486530652|-0.0983534778|-0.0783766781|-0.0661028838,0.149819201|0.233110259|0.249453701|0.295082971|0.30619513|0.308265215,1.78429099|0.794310402|1.31727749|1.48869317|1.29899394|1.25430215,0.685892224|0.13287425|0.357433647,0.104824185|0.296571314|-0.000908213377,0.005070582963526249,0.0012429673224687576,0.0010471409186720848,0.0015776492655277252
144,7.25,-0.2821254709186912,0.11820658296346664,0.13386842608451843,0.30927079916000366,0.11820658296346664,0.35,1,0,0,0,0,0,0,,,,nan,0,0.8368693590164185,0.3590758442878723,17.274105072021484,0.8368685245513916,1.0,0.1496752847987587,0,1,1,0,0.2163588162885901,0.0,filtered,1.2698237655140402e-06,0,0,12,,workspace_y_lower,0,0,1,solved,osqp,0.0,valid,0.1496752847987587,0.416296783|0.149675285|0.289052502|0.332813793|0.279610155|0.265467277,0.566296783|0.299675285|0.439052502|0.482813793|0.429610155|0.415467277,0.536296783|0.269675285|0.409052502|0.452813793|0.399610155|0.385467277,0|0|0|0|0|0,0|0|-0.0488172427|-0.098840381|-0.0746656387|-0.0578914265,0.155054698|0.238009321|0.252200528|0.295268428|0.307441407|0.309130521,1.82024183|0.83671046|1.35959329|1.52768322|1.35121639|1.3131082,0.691133618|0.147702754|0.357388228,0.104824185|0.296571314|-0.000908213377,0.005013309419155121,0.0009964024648070335,0.0011861640959978104,0.0016178302466869354
145,7.300000000000001,-0.2650290601687312,0.10991321504116058,0.14029426872730255,0.31931668519973755,0.10991320759057999,0.35,1,0,0,0,0,0,0,,,,nan,0,0.8315435647964478,0.9258179068565369,19.694168090820312,0.8315425515174866,1.0,0.15927079004833222,0,1,1,0,0.2163588162885901,0.0,filtered,1.3771045442268783e-06,0,0,12,,workspace_y_lower,0,0,1,solved,osqp,0.0,valid,0.15927079004833222,0.424231521|0.15927079|0.299150571|0.342635646|0.291725791|0.277835174,0.574231521|0.30927079|0.449150571|0.492635646|0.441725791|0.427835174,0.544231521|0.27927079|0.419150571|0.462635646|0.411725791|0.397835174,0|0|0|0|0|0,0|0|-0.0450952581|-0.0966385047|-0.0718827131|-0.0515947007,0.160124491|0.24266977|0.254792436|0.295436604|0.308516576|0.309394229,1.85705057|0.87975293|1.40629946|1.56934068|1.40353703|1.36914022,0.696375012|0.162531257|0.357342809,0.104824185|0.296571314|-0.000908213377,0.007626453414559364,0.001651957631111145,0.0016268342733383179,0.0022812429815530777
146,7.3500000000000005,-0.23221194929607336,0.10183157026767731,0.1451861709356308,0.3299882709980011,0.1018315777182579,0.35,1,0,0,0,0,0,0,,,,nan,0,0.8315454125404358,1.2964982986450195,8.837185859680176,0.8315454125404358,1.0,0.1693166782729636,0,1,1,0,0.2163588162885901,0.0,passthrough,4.408586757223739e-12,0,0,12,,workspace_y_lower,0,0,1,solved,osqp,0.0,valid,0.1693166782729636,0.432413388|0.169316678|0.309597655|0.352537998|0.304061744|0.289917145,0.582413388|0.319316678|0.459597655|0.502537998|0.454061744|0.439917145,0.552413388|0.289316678|0.429597655|0.472537998|0.424061744|0.409917145,0|0|0|0|0|0,0|0|-0.0371439893|-0.0855696661|-0.0625628858|-0.0399942795,0.165030811|0.24672849|0.25705292|0.295440734|0.309308704|0.30894237,1.89468436|0.923995203|1.45829955|1.62002306|1.46299279|1.42861667,0.701616406|0.17735976|0.357297391,0.104824185|0.296571314|-0.000908213377,0.007261602208018303,0.0017244908958673477,0.0015404270961880684,0.00222068652510643
147,7.4,-0.18896125862047938,0.09396324306726456,0.14801669120788574,0.34137800335884094,0.09396325796842575,0.35,1,0,0,0,0,0,0,,,,nan,0,0.8402731418609619,1.5191079378128052,7.9782395362854,0.8402731418609619,1.0,0.1799882980332287,0,1,1,0,0.2163588162885901,0.0,passthrough,5.009861254221885e-12,0,0,12,,workspace_y_lower,0,0,1,solved,osqp,0.0,valid,0.1799882980332287,0.44082985|0.179988298|0.32058744|0.362872|0.316929558|0.301939417,0.59082985|0.329988298|0.47058744|0.512872|0.466929558|0.451939417,0.56082985|0.299988298|0.44058744|0.482872|0.436929558|0.421939417,0|0|0|0|0|0,0|0|-0.0261656243|-0.0654256555|-0.0447791123|-0.0214026227,0.169778641|0.250125594|0.258879027|0.295208432|0.309849671|0.308453235,1.93309804|0.970078786|1.51506316|1.68127077|1.53278879|1.49480828,0.7068578|0.192188263|0.357251972,0.104824185|0.296571314|-0.000908213377,0.007880670949816704,0.0016310317441821098,0.001765684224665165,0.002450084313750267
148,7.45,-0.15014827888460786,0.08649132400751114,0.14907217025756836,0.3532966673374176,0.08649131655693054,0.35,1,0,0,0,0,0,0,,,,nan,0,0.8502160310745239,1.4605070352554321,8.93060302734375,0.8502160310745239,1.0,0.191378032494968,0,1,1,0,0.2163588162885901,0.0,passthrough,5.049898504478311e-12,0,0,12,,workspace_y_lower,0,0,1,solved,osqp,0.0,valid,0.191378032494968,0.44946884|0.191378032|0.332242231|0.373973492|0.330737534|0.314761046,0.59946884|0.341378032|0.482242231|0.523973492|0.480737534|0.464761046,0.56946884|0.311378032|0.452242231|0.493973492|0.450737534|0.434761046,0|0|0|0|0|0,0|0|-0.0186102758|-0.052670176|-0.0366858825|-0.0130385814,0.174373162|0.252942551|0.260224169|0.294675845|0.310196395|0.308743592,1.97224852|1.01845468|1.57058282|1.73789964|1.59646065|1.55474919,0.712099195|0.207016766|0.357206553,0.104824185|0.296571314|-0.000908213377,0.008265867829322815,0.0019927946850657463,0.0018658116459846497,0.002320709638297558
149,7.5,-0.12198167227055934,0.07963649928569794,0.14894266426563263,0.3653809130191803,0.07963649928569794,0.35,1,0,0,0,0,0,0,,,,nan,0,0.8603715300559998,1.7562642097473145,17.6442813873291,0.8603700995445251,1.0,0.2032966573794872,0,1,1,0,0.2163588162885901,0.0,filtered,1.5674821616129543e-06,0,0,12,,workspace_y_lower,0,0,1,solved,osqp,0.0,valid,0.2032966573794872,0.458327779|0.203296657|0.34435767|0.385497474|0.345001646|0.32803598,0.608327779|0.353296657|0.49435767|0.535497474|0.495001646|0.47803598,0.578327779|0.323296657|0.46435767|0.505497474|0.465001646|0.44803598,0|0|0|0|0|0,0|0|-0.0187157865|-0.0599650241|-0.0529591407|-0.0286136276,0.178814334|0.255212499|0.261228033|0.295509973|0.310379723|0.308936926,2.01212545|1.06839913|1.61994293|1.77753484|1.63742717|1.59246722,0.717340589|0.221845269|0.357161134,0.104824185|0.296571314|-0.000908213377,0.008172574453055859,0.0018518287688493729,0.0019405288621783257,0.002365255728363991
150,7.550000000000001,-0.09948664949897676,0.07343102246522903,0.14794081449508667,0.3774801790714264,0.07343103736639023,0.35,1,0,0,0,0,0,0,,,,nan,0,0.8825967907905579,1.7775086164474487,19.85933494567871,0.8825967907905579,1.0,0.21538091945615778,0,1,1,0,0.2163588162885901,0.0,passthrough,4.636345309841322e-12,0,0,12,,workspace_y_lower,0,0,1,solved,osqp,0.0,valid,0.21538091945615778,0.467410624|0.215380919|0.356540556|0.396545236|0.358520572|0.340522209,0.617410624|0.365380919|0.506540556|0.546545236|0.508520572|0.490522209,0.587410624|0.335380919|0.476540556|0.516545236|0.478520572|0.460522209,0|0|0|0|0|0,0|0|-0.0212099557|-0.069921376|-0.0711239913|-0.0456606202,0.183098468|0.256873442|0.262126561|0.295888874|0.31037886|0.308995312,2.05274097|1.11839712|1.66707883|1.81214844|1.67333716|1.62542353,0.722581983|0.236673772|0.357115716,0.104824185|0.296571314|-0.000908213377,0.00769205205142498,0.0017226394265890121,0.0017868177965283394,0.0022805724292993546
151,7.6000000000000005,-0.09270129229795458,0.0678119957447052,0.1469150185585022,0.3895992934703827,0.0678119957447052,0.35,1,0,0,0,0,0,0,,,,nan,0,0.8849796652793884,1.3622703552246094,21.455503463745117,0.8849796652793884,1.0,0.22748021608314795,0,1,1,0,0.2163588162885901,0.0,passthrough,5.584883297405541e-12,0,0,12,,workspace_y_lower,0,0,1,solved,osqp,0.0,valid,0.22748021608314795,0.476711338|0.227480216|0.368670835|0.406994548|0.371190815|0.35212465,0.626711338|0.377480216|0.518670835|0.556994548|0.521190815|0.50212465,0.596711338|0.347480216|0.488670835|0.526994548|0.491190815|0.47212465,0|0|0|0|0|0,0|0|-0.0223382757|-0.073599897|-0.0763541706|-0.0498254754,0.187228197|0.258097622|0.263004478|0.295867962|0.310203105|0.308896711,2.09407355|1.16801849|1.71534954|1.85024626|1.71861219|1.66756984,0.727823377|0.251502305|0.357070297,0.104824185|0.296571314|-0.000908213377,0.00776130985468626,0.0017753997817635536,0.001819775439798832,0.002253429964184761
152,7.65,-0.08816645824765146,0.06267456710338593,0.1459512710571289,0.40186449885368347,0.06267457455396652,0.35,1,0,0,0,0,0,0,,,,nan,0,0.8702970147132874,1.5355751514434814,12.431231498718262,0.8702960014343262,1.0,0.23959933082750007,0,1,1,0,0.2163588162885901,0.0,filtered,1.2832263584717831e-06,0,0,12,,workspace_y_lower,0,0,1,solved,osqp,0.0,valid,0.23959933082750007,0.486217123|0.239599331|0.380804488|0.417226282|0.383604177|0.363542473,0.636217123|0.389599331|0.530804488|0.567226282|0.533604177|0.513542473,0.606217123|0.359599331|0.500804488|0.537226282|0.503604177|0.483542473,0|0|0|0|0|0,0|0|-0.0203043856|-0.0702107453|-0.0725310779|-0.0464572936,0.191210629|0.259207447|0.263897463|0.295765551|0.309968945|0.3087187,2.13607912|1.21760477|1.76681103|1.89445993|1.77185457|1.7164313,0.733064771|0.266330987|0.357024878,0.104824185|0.296571314|-0.000908213377,0.007798752747476101,0.001809723675251007,0.0017468798905611038,0.002310449257493019
153,7.7,-0.08347504790843588,0.05797501280903816,0.1450117975473404,0.41430047154426575,0.057975009083747864,0.35,1,0,0,0,0,0,0,,,,nan,0,0.8455438613891602,1.8807322978973389,10.520320892333984,0.8455429673194885,1.0,0.2518645337794866,0,1,1,0,0.2163588162885901,0.0,filtered,1.103129488089789e-06,0,0,12,,workspace_y_lower,0,0,1,solved,osqp,0.0,valid,0.2518645337794866,0.49591605|0.251864534|0.393088279|0.42761589|0.396157327|0.375219787,0.64591605|0.401864534|0.543088279|0.57761589|0.546157327|0.525219787,0.61591605|0.371864534|0.513088279|0.54761589|0.516157327|0.495219787,0|0|0|0|0|0,0|0|-0.017813312|-0.066816887|-0.0705349307|-0.0466117905,0.195052474|0.260265566|0.264743084|0.295687124|0.309722229|0.308504077,2.17871667|1.2677237|1.81928289|1.9393338|1.82381661|1.76277143,0.738306165|0.281159669|0.35697946,0.104824185|0.296571314|-0.000908213377,0.004952537827193737,0.0010122302919626236,0.0010314444079995155,0.0016831494867801666
154,7.75,-0.0872565934787935,0.053736284375190735,0.1445341408252716,0.42674198746681213,0.05373629555106163,0.35,1,0,0,0,0,0,0,,,,nan,0,0.8173369765281677,1.8381903171539307,11.997587203979492,0.8173359036445618,1.0,0.2643004800846027,0,1,1,0,0.2163588162885901,0.0,filtered,1.3959866437345372e-06,0,0,12,,workspace_y_lower,0,0,1,solved,osqp,0.0,valid,0.2643004800846027,0.505801508|0.26430048|0.405542136|0.438173414|0.408721387|0.38702485,0.655801508|0.41430048|0.555542136|0.588173414|0.558721387|0.53702485,0.625801508|0.38430048|0.525542136|0.558173414|0.528721387|0.50702485,0|0|0|0|0|0,0|0|-0.0192376498|-0.0729347655|-0.0809673587|-0.0593283865,0.198757537|0.261215165|0.265519746|0.295577577|0.309441453|0.308237095,2.22196357|1.31841709|1.86845064|1.97533647|1.86335964|1.79700811,0.743547559|0.295988351|0.356934041,0.104824185|0.296571314|-0.000908213377,0.0071393586695194244,0.0010551931336522102,0.001915453001856804,0.002400570549070835
155,7.800000000000001,-0.10838585056714947,0.04999982565641403,0.1454138159751892,0.43889299035072327,0.049999821931123734,0.35,1,0,0,0,0,0,0,,,,nan,0,0.7837494611740112,1.6171470880508423,19.05476951599121,0.7837494611740112,1.0,0.27674201648832386,0,1,1,0,0.2163588162885901,0.0,passthrough,5.319790025656969e-12,0,0,12,,workspace_y_lower,0,0,1,solved,osqp,0.0,valid,0.27674201648832386,0.515872381|0.276742016|0.417981713|0.448460362|0.420688962|0.398303426,0.665872381|0.426742016|0.567981713|0.598460362|0.570688962|0.548303426,0.635872381|0.396742016|0.537981713|0.568460362|0.540688962|0.518303426,0|0|0|0|0|0,0|0|-0.0273285231|-0.0916180181|-0.10445954|-0.0835860064,0.202326533|0.26201868|0.26632205|0.295355057|0.309089012|0.307882775,2.26581606|1.36898675|1.91092038|1.99757849|1.88738532|1.81751047,0.748788953|0.310817033|0.356888622,0.104824185|0.296571314|-0.000908213377,0.006604814901947975,0.0014186343178153038,0.001840035431087017,0.0019478034228086472
156,7.8500000000000005,-0.13283661869676003,0.04670277610421181,0.1477636992931366,0.4507428705692291,0.046702783554792404,0.35,1,0,0,0,0,0,0,,,,nan,0,0.7530286908149719,1.2950721979141235,17.754013061523438,0.7530286908149719,1.0,0.2888929976979614,0,1,1,0,0.2163588162885901,0.0,passthrough,4.504112192415276e-12,0,0,12,,workspace_y_lower,0,0,1,solved,osqp,0.0,valid,0.2888929976979614,0.526128917|0.288892998|0.430092095|0.45791604|0.431451687|0.408400313,0.676128917|0.438892998|0.580092095|0.60791604|0.581451687|0.558400313,0.646128917|0.408892998|0.550092095|0.57791604|0.551451687|0.528400313,0|0|0|0|0|0,0|0|-0.0354006312|-0.10705799|-0.121970187|-0.100510397,0.205759638|0.2627873|0.267332658|0.295041404|0.308666932|0.307434566,2.31027531|1.41835929|1.9523004|2.01964757|1.91250349|1.84052542,0.754030347|0.325645715|0.356843203,0.104824185|0.296571314|-0.000908213377,0.006782039999961853,0.0019057057797908783,0.0011544208973646164,0.0016145100817084312
157,7.9,-0.15713998041512695,0.04378576949238777,0.15150237083435059,0.46230122447013855,0.04378576949238777,0.35,1,0,0,0,0,0,0,,,,nan,0,0.7336856126785278,1.2336386442184448,13.47400951385498,0.7336856126785278,1.0,0.30074290746412224,0,1,1,0,0.2163588162885901,0.0,passthrough,4.3084496712449345e-12,0,0,12,,workspace_y_lower,0,0,1,solved,osqp,0.0,valid,0.30074290746412224,0.536562769|0.300742907|0.441867336|0.466701796|0.441332391|0.41763337,0.686562769|0.450742907|0.591867336|0.616701796|0.591332391|0.56763337,0.656562769|0.420742907|0.561867336|0.586701796|0.561332391|0.53763337,0|0|0|0|0|0,0|0|-0.0428704741|-0.118886589|-0.13215849|-0.109348631,0.209062418|0.263644837|0.268554881|0.294735538|0.308217775|0.306934877,2.3553135|1.46661647|1.99315375|2.04265613|1.94138885|1.86811972,0.759271741|0.340474397|0.356797785,0.104824185|0.296571314|-0.000908213377,0.005384556017816067,0.0015198811888694763,0.001026121899485588,0.0015994161367416382
158,7.95,-0.18280870271712502,0.04119415953755379,0.15663933753967285,0.47359636425971985,0.04119414463639259,0.35,1,0,0,0,0,0,0,,,,nan,0,0.729019045829773,0.8796496391296387,12.048135757446289,0.729019045829773,1.0,0.312301234118728,0,1,1,0,0.2163588162885901,0.0,passthrough,4.278315353432197e-12,0,0,12,,workspace_y_lower,0,0,1,solved,osqp,0.0,valid,0.312301234118728,0.547164973|0.312301234|0.453328112|0.474990778|0.450696604|0.426382408,0.697164973|0.462301234|0.603328112|0.624990778|0.600696604|0.576382408,0.667164973|0.432301234|0.573328112|0.594990778|0.570696604|0.546382408,0|0|0|0|0|0,0|0|-0.0499448239|-0.132753661|-0.144599424|-0.120961555,0.212240918|0.264701156|0.269984807|0.294569672|0.307806885|0.306447617,2.40090081|1.51390609|2.03335243|2.06177912|1.96599388|1.89101569,0.764513135|0.355303079|0.356752366,0.104824185|0.296571314|-0.000908213377,0.00764529500156641,0.0014361264184117317,0.001841527409851551,0.0023658545687794685
159,8.0,-0.19531748866309245,0.03882959112524986,0.16240127384662628,0.48492035269737244,0.038829587399959564,0.35,1,0,0,0,0,0,0,,,,nan,0,0.7305595278739929,0.496955931186676,20.141103744506836,0.7305583953857422,1.0,0.32359631564975144,0,1,1,0,0.2163588162885901,0.0,filtered,1.4184304025166594e-06,0,0,12,,workspace_y_lower,0,0,1,solved,osqp,0.0,valid,0.32359631564975144,0.557929675|0.323596316|0.464493688|0.482706067|0.459428958|0.434501627,0.707929675|0.473596316|0.614493688|0.632706067|0.609428958|0.584501627,0.677929675|0.443596316|0.584493688|0.602706067|0.579428958|0.554501627,0|0|0|0|0|0,0|0|-0.0509631523|-0.136638511|-0.149774863|-0.125205829,0.215299483|0.265893102|0.271611036|0.294557734|0.307455535|0.306002032,2.44701818|1.56027836|2.07862263|2.08874349|1.9953965|1.91880271,0.769754529|0.370131761|0.356706947,0.104824185|0.296571314|-0.000908213377,0.007713845930993557,0.0019016452133655548,0.0019088657572865486,0.0018821079283952713
160,8.05,-0.1949806131773119,0.03666999191045761,0.16805633902549744,0.49628832936286926,0.03666999191045761,0.35,1,0,0,0,0,0,0,,,,nan,0,0.7288337349891663,0.5794987082481384,9.396012306213379,0.7288327217102051,1.0,0.3349203313758262,0,1,1,0,0.2163588162885901,0.0,filtered,1.2993364668300012e-06,0,0,12,,workspace_x_upper,0,0,1,solved,osqp,0.0,valid,0.3349203313758262,0.56884654|0.334920331|0.475656098|0.490299455|0.467931819|0.442334775,0.71884654|0.484920331|0.625656098|0.640299455|0.617931819|0.592334775,0.68884654|0.454920331|0.595656098|0.610299455|0.587931819|0.562334775,0|0|0|0|0|0,0|0|-0.0472190668|-0.128399085|-0.141384139|-0.116417481,0.218244976|0.267030776|0.273240719|0.29457079|0.30711717|0.305579921,2.49363114|1.6067121|2.12864604|2.12736953|2.03746031|1.95850154,0.774995923|0.384960443|0.356661528,0.104824185|0.296571314|-0.000908213377,0.0051649948582053185,0.0013427920639514923,0.0010869596153497696,0.0015057194977998734
161,8.1,-0.19286281778572703,0.03598161041736603,0.17342819273471832,0.5001506209373474,0.035981614142656326,0.35,1,0,0,0,0,0,0,,,,nan,0,0.7281177043914795,0.5758865475654602,5.578418254852295,0.7281166911125183,1.0,0.346288341545271,0,1,1,0,0.2163588162885901,0.0,filtered,1.247669604708076e-06,0,0,12,,workspace_x_upper,0,0,1,solved,osqp,0.0,valid,0.346288341545271,0.579697299|0.346288342|0.486867772|0.498232678|0.47679848|0.450520027,0.729697299|0.496288342|0.636867772|0.648232678|0.62679848|0.600520027,0.699697299|0.466288342|0.606867772|0.618232678|0.59679848|0.570520027,0|0|0|0|0|0,0|0|-0.0425539233|-0.118082456|-0.129783331|-0.104936121,0.0385971218|0.107888924|0.120254626|0.214379427|0.250594437|0.260962156,2.35738632|1.49304229|2.02517179|2.08922768|2.02800503|1.95810614,0.779999971|0.399789125|0.35661611,-0.104824185|0.296571314|-0.000908213377,0.0054779136553406715,0.0013802852481603622,0.0011652447283267975,0.0016313521191477776
162,8.15,-0.18780485574129757,0.03524564579129219,0.1783653050661087,0.5044223070144653,0.0352456271648407,0.35,1,0,0,0,0,0,0,,,,nan,0,0.7178354263305664,0.7926151752471924,7.200023174285889,0.7178345918655396,1.0,0.35015060701802236,0,1,1,0,0.2163588162885901,0.0,filtered,1.0646454788719873e-06,0,0,12,,workspace_x_upper,0,0,1,solved,osqp,0.0,valid,0.35015060701802236,0.581830324|0.350150607|0.490872822|0.502803107|0.483554982|0.457168241,0.731830324|0.500150607|0.640872822|0.652803107|0.633554982|0.607168241,0.701830324|0.470150607|0.610872822|0.622803107|0.603554982|0.577168241,0|0|0|0|0|0,0|0|-0.0373661621|-0.107198206|-0.115975686|-0.0913192124,0.0440277671|0.111899837|0.123307209|0.216474741|0.25274629|0.262646612,2.37134906|1.51250227|2.04943234|2.12048896|2.07099053|2.00000036,0.774758577|0.414617807|0.356570691,-0.104824185|0.296571314|-0.000908213377,0.004921414889395237,0.0010265475139021873,0.0010081762447953224,0.0016152318567037582
163,8.200000000000001,-0.18172503619996336,0.03447231277823448,0.1828293651342392,0.509080708026886,0.03447231650352478,0.35,1,0,0,0,0,0,0,,,,nan,0,0.7062064409255981,0.681826114654541,6.450965404510498,0.7062058448791504,1.0,0.3544222118946819,0,1,1,0,0.2163588162885901,0.0,filtered,7.93604130242304e-07,0,0,12,,workspace_x_upper,0,0,1,solved,osqp,0.0,valid,0.3544222118946819,0.584226142|0.354422212|0.495314458|0.508030371|0.491098966|0.464586449,0.734226142|0.504422212|0.645314458|0.658030371|0.641098966|0.614586449,0.704226142|0.474422212|0.615314458|0.628030371|0.611098966|0.584586449,0|0|0|0|0|0,0|0|-0.0327417313|-0.0969933599|-0.104157786|-0.0792795014,0.049423143|0.11591667|0.126163365|0.218686469|0.254841742|0.264277133,2.38632771|1.53360552|2.07467947|2.15381459|2.11507982|2.04334343,0.769517183|0.429446489|0.356525272,-0.104824185|0.296571314|-0.000908213377,0.008397694677114487,0.0019138213247060776,0.0019033197313547134,0.002515035681426525
164,8.25,-0.17896063334792148,0.03367991745471954,0.18701253831386566,0.5140494108200073,0.03367992490530014,0.35,1,0,0,0,0,0,0,,,,nan,0,0.6911377310752869,0.6018279790878296,4.771701335906982,0.6911373138427734,1.0,0.3590807078414834,0,1,1,0,0.2163588162885901,0.0,filtered,4.864797356591705e-07,0,0,12,,workspace_x_upper,0,0,1,solved,osqp,0.0,valid,0.3590807078414834,0.58688391|0.359080708|0.500154259|0.513877944|0.499345054|0.472677451,0.73688391|0.509080708|0.650154259|0.663877944|0.649345054|0.622677451,0.70688391|0.479080708|0.620154259|0.633877944|0.619345054|0.592677451,0|0|0|0|0|0,0|0|-0.0298725498|-0.0909217936|-0.0971759642|-0.0719740872,0.0547780201|0.119900477|0.128817237|0.220920253|0.256832617|0.265812136,2.40231366|1.55622331|2.09956172|2.18551024|2.15703687|2.08454785,0.764275789|0.444275171|0.356479853,-0.104824185|0.296571314|-0.000908213377,0.006575130857527256,0.0011349357664585114,0.0014022327959537506,0.001966346986591816
165,8.3,-0.1649355776565728,0.032852623611688614,0.19032219052314758,0.5194663405418396,0.032852619886398315,0.35,1,0,0,0,0,0,0,,,,nan,0,0.6738958358764648,0.8008861541748047,6.977051258087158,0.6738956570625305,1.0,0.3640493831760675,0,1,1,0,0.2163588162885901,0.0,filtered,2.2113517344991666e-07,0,0,12,,workspace_x_upper,0,0,1,solved,osqp,0.0,valid,0.3640493831760675,0.589803673|0.364049383|0.505298127|0.520158852|0.508054396|0.481201012,0.739803673|0.514049383|0.655298127|0.670158852|0.658054396|0.631201012,0.709803673|0.484049383|0.625298127|0.640158852|0.628054396|0.601201012,0|0|0|0|0|0,0|0|-0.0234530817|-0.0757548535|-0.0794304107|-0.0541680538,0.0600864297|0.123854113|0.131352026|0.223166054|0.258733416|0.267273715,2.41930112|1.58005165|2.12909145|2.22804661|2.21152059|2.13790971,0.759034395|0.459103853|0.356434435,-0.104824185|0.296571314|-0.000908213377,0.008188469335436821,0.001945657655596733,0.0018692081794142723,0.0023050950840115547
166,8.35,-0.15127006619028416,0.032000523060560226,0.19281300902366638,0.525313675403595,0.03200051933526993,0.35,1,0,0,0,0,0,0,,,,nan,0,0.649844765663147,0.9005399346351624,5.761662006378174,0.649844765663147,1.0,0.36946628735118947,0,1,1,0,0.2163588162885901,0.0,passthrough,1.6546565753781881e-09,0,0,12,,workspace_x_upper,0,0,1,solved,osqp,0.0,valid,0.36946628735118947,0.592978476|0.369466287|0.510894009|0.527283535|0.517744479|0.49070833,0.742978476|0.519466287|0.660894009|0.677283535|0.667744479|0.64070833,0.712978476|0.489466287|0.630894009|0.647283535|0.637744479|0.61070833,0|0|0|0|0|0,0|0|-0.017350945|-0.0621842619|-0.0635734521|-0.0387555072,0.0653481613|0.127775567|0.133582757|0.225442474|0.260548638|0.268673487,2.43726207|1.60564072|2.15980785|2.27239235|2.2679531|2.1927513,0.753793001|0.473932534|0.356389016,-0.104824185|0.296571314|-0.000908213377,0.006501484662294388,0.0014881622046232224,0.001123073510825634,0.0022179726511240005
167,8.4,-0.142082769898824,0.031141798943281174,0.1947576105594635,0.5315096378326416,0.031141791492700577,0.35,1,0,0,0,0,0,0,,,,nan,0,0.6264540553092957,0.878006637096405,4.60784387588501,0.6264540553092957,1.0,0.3753136277322672,0,1,1,0,0.2163588162885901,0.0,passthrough,1.610471917165711e-09,0,0,12,,workspace_x_upper,0,0,1,solved,osqp,0.0,valid,0.3753136277322672,0.596406576|0.375313628|0.516905292|0.535191057|0.528306727|0.501098054,0.746406576|0.525313628|0.666905292|0.685191057|0.678306727|0.651098054,0.716406576|0.495313628|0.636905292|0.655191057|0.648306727|0.621098054,0|0|0|0|0|0,0|0|-0.0131484976|-0.0537966594|-0.0538714968|-0.0294360611,0.0705589628|0.131643764|0.13553329|0.227755213|0.262293132|0.270034046,2.45618526|1.63289827|2.19000596|2.31472278|2.32164854|2.2449902,0.748551607|0.488761216|0.356343597,-0.104824185|0.296571314|-0.000908213377,0.008266013115644455,0.0019310517236590385,0.0015957672148942947,0.0025094961747527122
168,8.450000000000001,-0.134001507275829,0.030284997075796127,0.19623802602291107,0.5380278825759888,0.030285000801086426,0.35,1,0,0,0,0,0,0,,,,nan,0,0.6078107953071594,0.7092682123184204,5.572481632232666,0.6078107953071594,1.0,0.3815095799136531,0,1,1,0,0.2163588162885901,0.0,passthrough,1.568632290995503e-09,0,0,12,,workspace_x_upper,0,0,1,solved,osqp,0.0,valid,0.3815095799136531,0.600087991|0.38150958|0.523229136|0.54364676|0.539437764|0.512059973,0.750087991|0.53150958|0.673229136|0.69364676|0.689437764|0.662059973,0.720087991|0.50150958|0.643229136|0.66364676|0.659437764|0.632059973,0|0|0|0|0|0,0|0|-0.00945893719|-0.0463677792|-0.0461605559|-0.0216091377,0.0757130995|0.135439924|0.137296021|0.230080933|0.263972827|0.271363805,2.47606506|1.66147824|2.22075363|2.35830019|2.37556333|2.29799456,0.743310213|0.503589869|0.356298178,-0.104824185|0.296571314|-0.000908213377,0.007903749123215675,0.0018712002784013748,0.0018656039610505104,0.002119732089340687
169,8.5,-0.12341592868852916,0.029436811804771423,0.1971386820077896,0.5448493957519531,0.029436815530061722,0.35,1,0,0,0,0,0,0,,,,nan,0,0.5958139896392822,0.63237065076828,5.966015338897705,0.5958139896392822,1.0,0.3880278793486597,0,1,1,0,0.2163588162885901,0.0,passthrough,1.539383858367826e-09,0,0,12,,workspace_x_upper,0,0,1,solved,osqp,0.0,valid,0.3880278793486597,0.60402103|0.388027879|0.52982502|0.552584616|0.551046866|0.523504067,0.75402103|0.538027879|0.67982502|0.702584616|0.701046866|0.673504067,0.72402103|0.508027879|0.64982502|0.672584616|0.671046866|0.643504067,0|0|0|0|0|0,0|0|-0.00600273198|-0.0376776792|-0.036335209|-0.0110831999,0.0808063082|0.139125268|0.138869746|0.232328765|0.265539445|0.272611478,2.49689043|1.69123679|2.25216709|2.40498955|2.4333917|2.35554455,0.738068819|0.51841855|0.35625276,-0.104824185|0.296571314|-0.000908213377,0.006289651617407799,0.0019014636054635048,0.0010535633191466331,0.001527419313788414
170,8.55,-0.10979246533546651,0.028597719967365265,0.1973210871219635,0.5520023703575134,0.028597714379429817,0.35,1,0,0,0,0,0,0,,,,nan,0,0.5977110862731934,0.6342748999595642,5.706401348114014,0.5977110862731934,1.0,0.3948493935016112,0,1,1,0,0.2163588162885901,0.0,passthrough,1.5424712112383202e-09,0,0,12,,workspace_x_upper,0,0,1,solved,osqp,0.0,valid,0.3948493935016112,0.608202333|0.394849394|0.536657737|0.562052177|0.563246802|0.535547607,0.758202333|0.544849394|0.686657737|0.712052177|0.713246802|0.685547607,0.728202333|0.514849394|0.656657737|0.682052177|0.683246802|0.655547607,0|0|0|0|0|0,0|0|-0.00166229908|-0.0269329417|-0.024406328|0.00228076414,0.0858358251|0.14275804|0.140249866|0.234535926|0.267027501|0.273808461,2.51864516|1.72215561|2.28521851|2.45581169|2.49560838|2.41827965,0.732827425|0.533247232|0.356207341,-0.104824185|0.296571314|-0.000908213377,0.007400798611342907,0.0016795443370938301,0.0016664285212755203,0.0022841710597276688
171,8.6,-0.1004738402522824,0.02777542546391487,0.19704300165176392,0.559451699256897,0.027775419875979424,0.35,1,0,0,0,0,0,0,,,,nan,0,0.610283613204956,0.7215556502342224,7.60206413269043,0.610283613204956,1.0,0.4020023395109066,0,1,1,0,0.2163588162885901,0.0,passthrough,1.5677857653013492e-09,0,0,12,,workspace_x_upper,0,0,1,solved,osqp,0.0,valid,0.4020023395109066,0.612628207|0.40200234|0.543739412|0.572119275|0.576154483|0.548308235,0.762628207|0.55200234|0.693739412|0.722119275|0.726154483|0.698308235,0.732628207|0.52200234|0.663739412|0.692119275|0.696154483|0.668308235,0|0|0|0|0|0,0|0|0.00208326215|-0.0199213559|-0.0182899279|0.0106174968,0.0907994077|0.146303933|0.141934861|0.236658795|0.268409315|0.274924051,2.54131223|1.75431329|2.31897577|2.50521454|2.55473732|2.47877449,0.727586031|0.548075914|0.356161922,-0.104824185|0.296571314|-0.000908213377,0.005018739961087704,0.0011695092543959618,0.0011205514892935753,0.0015049921348690987
172,8.65,-0.09486676972462427,0.026980245485901833,0.19652071595191956,0.5671237111091614,0.02698024921119213,0.35,1,0,0,0,0,0,0,,,,nan,0,0.6251205801963806,0.6847134232521057,4.748978137969971,0.6251205801963806,1.0,0.4094516576290045,0,1,1,0,0.2163588162885901,0.0,passthrough,1.599253773206751e-09,0,0,12,,workspace_x_upper,0,0,1,solved,osqp,0.0,valid,0.4094516576290045,0.617297305|0.409451658|0.551109673|0.582587922|0.589501229|0.56150069,0.767297305|0.559451658|0.701109673|0.732587922|0.739501229|0.71150069,0.737297305|0.529451658|0.671109673|0.702587922|0.709501229|0.68150069,0|0|0|0|0|0,0|0|0.00398410162|-0.0170689774|-0.0164033946|0.0145455664,0.0956926738|0.149657004|0.145796152|0.238565947|0.269600957|0.275872194,2.56488189|1.78746363|2.35421895|2.55184866|2.61120248|2.53642052,0.722344637|0.562904596|0.356116503,-0.104824185|0.296571314|-0.000908213377,0.007188507355749607,0.0015916703268885612,0.0016702460125088692,0.002043948508799076
173,8.700000000000001,-0.08881860774941089,0.026215679943561554,0.19574028253555298,0.574993908405304,0.026215681806206703,0.35,1,0,0,0,0,0,0,,,,nan,0,0.6382598280906677,0.4713054895401001,5.198853969573975,0.6382598280906677,1.0,0.4171236982872676,0,1,1,0,0.2163588162885901,0.0,passthrough,1.6267076775071095e-09,0,0,12,,workspace_x_upper,0,0,1,solved,osqp,0.0,valid,0.4171236982872676,0.622207536|0.417123698|0.558739052|0.59327502|0.603067808|0.574897345,0.772207536|0.567123698|0.708739052|0.74327502|0.753067808|0.724897345,0.742207536|0.537123698|0.678739052|0.71327502|0.723067808|0.694897345,0|0|0|0|0|0,0|0|0.00539501372|-0.0139641508|-0.0133208266|0.0192916783,0.10051188|0.152852372|0.149474039|0.240315437|0.270652619|0.276702085,2.58934202|1.82134717|2.38982526|2.59945137|2.66960302|2.59558314,0.717103243|0.577733278|0.356071085,-0.104824185|0.296571314|-0.000908213377,0.0062353042885661125,0.0019773393869400024,0.0010571694001555443,0.001623588614165783
174,8.75,-0.07946385402216521,0.02547939121723175,0.19453364610671997,0.5830944180488586,0.02547939494252205,0.35,1,0,0,0,0,0,0,,,,nan,0,0.6494048833847046,0.41520583629608154,3.857149124145508,0.6494048833847046,1.0,0.4249938938296517,0,1,1,0,0.2163588162885901,0.0,passthrough,1.648886188859201e-09,0,0,12,,workspace_y_lower,0,0,1,solved,osqp,0.0,valid,0.4249938938296517,0.627355084|0.424993894|0.566596071|0.604191607|0.616893114|0.588551399,0.777355084|0.574993894|0.716596071|0.754191607|0.766893114|0.738551399,0.747355084|0.544993894|0.686596071|0.724191607|0.736893114|0.708551399,0|0|0|0|0|0,0|0|0.00782307883|-0.00771598532|-0.00652673171|0.0274204205,0.105255065|0.155955706|0.153021946|0.24197819|0.271619682|0.277465877,2.6146754|1.85593128|2.42722931|2.65102863|2.73266541|2.65909189,0.711861849|0.59256196|0.356025666,-0.104824185|0.296571314|-0.000908213377,0.00782673992216587,0.0018443893641233444,0.00183809082955122,0.0021248282864689827
175,8.8,-0.06867940398026734,0.024770718067884445,0.192840114235878,0.5914442539215088,0.024770714342594147,0.35,1,0,0,0,0,0,0,,,,nan,0,0.6503103971481323,0.420003205537796,5.612504959106445,0.6503103971481323,1.0,0.4330943978140841,0,1,1,0,0.2163588162885901,0.0,passthrough,1.643895801061775e-09,0,0,12,,workspace_y_lower,0,0,1,solved,osqp,0.0,valid,0.4330943978140841,0.632735158|0.433094398|0.574707802|0.615474179|0.631143603|0.602645709,0.782735158|0.583094398|0.724707802|0.765474179|0.781143603|0.752645709,0.752735158|0.553094398|0.694707802|0.735474179|0.751143603|0.722645709,0|0|0|0|0|0,0|0|0.0109920318|0.000605195691|0.00217251163|0.0366851746,0.109921597|0.158977031|0.156454377|0.243565093|0.272507547|0.278167687,2.64086223|1.89135462|2.46627762|2.70606701|2.79925447|2.7254357,0.706620455|0.607390642|0.355980247,-0.104824185|0.296571314|-0.000908213377,0.00648798793554306,0.001864003948867321,0.0010920707136392593,0.0015029050409793854
176,8.85,-0.05771614826736034,0.024091899394989014,0.1906677782535553,0.6000267267227173,0.024091901257634163,0.35,1,0,0,0,0,0,0,,,,nan,0,0.6475582122802734,0.4230038523674011,2.606259822845459,0.6475582122802734,1.0,0.44144420247705585,0,1,1,0,0.2163588162885901,0.0,passthrough,1.6283747776394286e-09,0,0,12,,workspace_y_lower,0,0,1,solved,osqp,0.0,valid,0.44144420247705585,0.638343478|0.441444202|0.583092123|0.627214752|0.645885646|0.61725861,0.788343478|0.591444202|0.733092123|0.777214752|0.795885646|0.76725861,0.758343478|0.561444202|0.703092123|0.747214752|0.765885646|0.73725861,0|0|0|0|0|0,0|0|0.013847959|0.00907397496|0.0111836761|0.0460705549,0.11451061|0.161906914|0.159764652|0.245056252|0.273300809|0.278791216,2.66788452|1.92768372|2.5059811|2.76298923|2.86802707|2.79389621,0.701379061|0.622219324|0.355934829,-0.104824185|0.296571314|-0.000908213377,0.007036946713924408,0.0017524389550089836,0.001069740392267704,0.002336544916033745
177,8.9,-0.04746358476481938,0.02344461902976036,0.18807104229927063,0.6088250875473022,0.02344462275505066,0.35,1,0,0,0,0,0,0,,,,nan,0,0.6419176459312439,0.43334755301475525,2.494521141052246,0.6419176459312439,1.0,0.4500267500235421,0,1,1,0,0.2163588162885901,0.0,passthrough,1.6023246552146751e-09,0,0,12,,workspace_y_lower,0,0,1,solved,osqp,0.0,valid,0.4500267500235421,0.644176489|0.45002675|0.591728086|0.639418948|0.661123821|0.632397669,0.794176489|0.60002675|0.741728086|0.789418948|0.811123821|0.782397669,0.764176489|0.57002675|0.711728086|0.759418948|0.781123821|0.752397669,0|0|0|0|0|0,0|0|0.0163723733|0.0172646755|0.0197059278|0.0550506613,0.119020674|0.164770286|0.162974394|0.246469043|0.274015082|0.279350426,2.69572663|1.96487729|2.54625911|2.82140951|2.93821629|2.86399176,0.696137667|0.637048006|0.35588941,-0.104824185|0.296571314|-0.000908213377,0.006537522189319134,0.0014272788539528847,0.0019032619893550873,0.0017303666099905968
178,8.950000000000001,-0.03908086328442922,0.02283080480992794,0.18516333401203156,0.6178101897239685,0.02283080853521824,0.35,1,0,0,0,0,0,0,,,,nan,0,0.6360093355178833,0.4229316711425781,2.193614959716797,0.6360093355178833,1.0,0.4588250965866493,0,1,1,0,0.2163588162885901,0.0,passthrough,1.5737530984490674e-09,0,0,12,,workspace_y_lower,0,0,1,solved,osqp,0.0,valid,0.4588250965866493,0.650230755|0.458825097|0.600595357|0.652066668|0.676831701|0.648039739,0.800230755|0.608825097|0.750595357|0.802066668|0.826831701|0.798039739,0.770230755|0.578825097|0.720595357|0.772066668|0.796831701|0.768039739,0|0|0|0|0|0,0|0|0.0181793665|0.0241423703|0.0267276409|0.0627183081,0.123450368|0.167571578|0.166086528|0.247790945|0.274643953|0.279838366,2.72437339|2.00287196|2.58664732|2.88019999|3.0086984|2.93471563,0.690896273|0.651876688|0.355843991,-0.104824185|0.296571314|-0.000908213377,0.007049349136650562,0.0018929056823253632,0.0016087042167782784,0.00225165206938982
179,9.0,-0.032725971856339145,0.02225128933787346,0.18206138908863068,0.626958966255188,0.02225128933787346,0.35,1,0,0,0,0,0,0,,,,nan,0,0.6332460045814514,0.41221773624420166,1.9460958242416382,0.6332460045814514,1.0,0.4678101858933351,0,1,1,0,0.2163588162885901,0.0,passthrough,1.5507834772092418e-09,0,0,12,,workspace_y_lower,0,0,1,solved,osqp,0.0,valid,0.4678101858933351,0.656503026|0.467810186|0.609660989|0.665091261|0.692935952|0.664110106,0.806503026|0.617810186|0.759660989|0.815091261|0.842935952|0.814110106,0.776503026|0.587810186|0.729660989|0.785091261|0.812935952|0.784110106,0|0|0|0|0|0,0|0|0.0194327594|0.0296688532|0.0321241454|0.0691161121,0.127798114|0.17032099|0.169107832|0.249020256|0.275189947|0.280256077,2.75381022|2.04156173|2.62718455|2.93905415|3.0790579|3.00581262,0.685654879|0.66670537|0.355798572,-0.104824185|0.296571314|-0.000908213377,0.006637406535446644,0.001222187653183937,0.0013727424666285515,0.001954411156475544
180,9.05,-0.025408116110347195,0.02170448750257492,0.17871710658073425,0.6362817883491516,0.02170448936522007,0.35,1,0,0,0,0,0,0,,,,nan,0,0.6356210708618164,0.45940592885017395,2.149887800216675,0.6356210708618164,1.0,0.476958943070651,0,1,1,0,0.2163588162885901,0.0,passthrough,1.5380198843437716e-09,0,0,12,,workspace_y_lower,0,0,1,solved,osqp,0.0,valid,0.476958943070651,0.662989856|0.476958943|0.618899471|0.678422169|0.709362828|0.68053217,0.812989856|0.626958943|0.768899471|0.828422169|0.859362828|0.83053217,0.782989856|0.596958943|0.738899471|0.798422169|0.829362828|0.80053217,0|0|0|0|0|0,0|0|0.0210544515|0.0364546112|0.0390279221|0.077288851,0.132062624|0.173016444|0.172032007|0.250147051|0.275648058|0.280597878,2.78402205|2.08085222|2.66868434|3.00029034|3.15212729|3.08001541,0.680413485|0.681534052|0.355753154,-0.104824185|0.296571314|-0.000908213377,0.006354495882987976,0.001264406368136406,0.0018803151324391365,0.0018347986042499542
181,9.1,-0.13877642372615,0.14357101917266846,0.17504476010799408,0.6278244256973267,0.14027206599712372,0.35,1,0,0,0,0,0,0,,,,nan,0,0.6398401856422424,0.5128838419914246,3.004397392272949,0.6398401856422424,1.0,0.48628179360589774,0,1,1,0,0.2163588162885901,0.0,passthrough,1.5272383853355642e-09,0,0,12,,workspace_y_lower,0,0,1,solved,osqp,0.0,valid,0.48628179360589774,0.669687089|0.486281794|0.62831693|0.692108208|0.726189576|0.697386128,0.819687089|0.636281794|0.77831693|0.842108208|0.876189576|0.847386128,0.789687089|0.606281794|0.74831693|0.812108208|0.846189576|0.817386128,0|0|0|0|0|0,0|0|0.0228145285|0.0444269844|0.0477120777|0.0874084894,0.13624389|0.175660552|0.174862526|0.251174197|0.276018157|0.280863281,2.81499225|2.12078773|2.71094477|3.06403401|3.22848854|3.15781628,0.675172091|0.696362734|0.355707735,-0.104824185|0.296571314|-0.000908213377,0.006779779680073261,0.0017881952226161957,0.0017707133665680885,0.0019875261932611465
182,9.15,-0.08606268135092779,0.14539609849452972,0.168345108628273,0.6136461496353149,0.1416912078857422,0.35,1,0,0,0,0,0,0,,,,nan,0,0.565648078918457,6.767686367034912,135.8453826904297,0.5565241575241089,1.0,0.4328866182112191,0,1,1,0,0.2163588162885901,0.0,filtered,0.16905449407341275,0,0,12,joint_1_acceleration_upper|joint_3_acceleration_upper,workspace_y_lower,0,0,1,solved,osqp,0.0,valid,0.4328866182112191,0.619148232|0.432886618|0.575378652|0.640712333|0.677393914|0.649014206,0.769148232|0.582886618|0.725378652|0.790712333|0.827393914|0.799014206,0.739148232|0.552886618|0.695378652|0.760712333|0.797393914|0.769014206,0.15|0.15|0.15|0.15|0.15|0.15,0|0|0.0230730656|0.0557590846|0.0759105823|0.0930483876,-0.276156357|-0.298821221|-0.29687731|-0.297655018|-0.295994729|-0.292923676,2.20043657|1.43272525|2.02771037|2.3209534|2.48949151|2.39618153,0.669930696|0.688878477|0.355662316,-0.104824185|-0.296571314|-0.000908213377,0.006978333927690983,0.0016406634822487831,0.0011195633560419083,0.002237304113805294
183,9.200000000000001,-0.12021050105669957,0.15696018934249878,0.1631496548652649,0.5988876223564148,0.1527736335992813,0.35,1,0,0,0,0,0,0,,,,nan,0,0.5703696608543396,5.94378662109375,86.67182159423828,0.5703696608543396,1.0,0.4187872199819943,0,1,1,0,0.2163588162885901,0.0,filtered,2.6925105701857563e-08,0,0,12,,workspace_y_lower,0,0,1,solved,osqp,0.0,valid,0.4187872199819943,0.605354374|0.41878722|0.561459283|0.628294004|0.666680666|0.638261888,0.755354374|0.56878722|0.711459283|0.778294004|0.816680666|0.788261888,0.725354374|0.53878722|0.681459283|0.748294004|0.786680666|0.758261888,0.15|0.15|0.15|0.15|0.15|0.15,0|0|0.000861203319|0.00796800383|0.0365913324|0.0391263942,-0.274916969|-0.298255317|-0.29619215|-0.297603738|-0.295936569|-0.292902572,2.14650053|1.37689356|1.95050618|2.22354028|2.40737743|2.29927137,0.664689302|0.674049795|0.355616897,-0.104824185|-0.296571314|-0.000908213377,0.005379379726946354,0.0015387432649731636,0.0010639717802405357,0.001463371329009533
184,9.25,-0.15574858217431017,0.16329628229141235,0.15979363024234772,0.584009051322937,0.15855713188648224,0.35,1,0,0,0,0,0,0,,,,nan,0,0.6538052558898926,4.23406982421875,130.55662536621094,0.6538050770759583,1.0,0.40405696881489594,0,1,1,0,0.2163588162885901,0.0,filtered,6.197764625973722e-07,0,0,12,,workspace_y_lower,0,0,1,solved,osqp,0.0,valid,0.40405696881489594,0.591636306|0.404056969|0.54681089|0.614175655|0.653670933|0.625247822,0.741636306|0.554056969|0.69681089|0.764175655|0.803670933|0.775247822,0.711636306|0.524056969|0.66681089|0.734175655|0.773670933|0.745247822,0.15|0.15|0.15|0.15|0.15|0.15,0|0|-0.00531201617|-0.00176697376|0.0382981961|0.0434873935,-0.273609471|-0.298047937|-0.295907019|-0.297952022|-0.296100584|-0.293049105,2.09293575|1.31817994|1.88602452|2.15698363|2.35688134|2.25142958,0.659447908|0.659221113|0.355571479,-0.104824185|-0.296571314|-0.000908213377,0.004770743660628796,0.0009995531290769577,0.0010863952338695526,0.0015441616997122765
185,9.3,-0.1726737919166556,0.16447077691555023,0.1574513018131256,0.5694456696510315,0.15912193059921265,0.35,1,0,0,0,0,0,0,,,,nan,0,0.6728712320327759,2.798395872116089,67.94566345214844,0.6728708744049072,1.0,0.38917884579288764,0,1,1,0,0.2163588162885901,0.0,filtered,7.036645463488777e-07,0,0,12,,workspace_y_lower,0,0,1,solved,osqp,0.0,valid,0.38917884579288764,0.577987823|0.389178846|0.531956762|0.599648913|0.640856523|0.612617876,0.727987823|0.539178846|0.681956762|0.749648913|0.790856523|0.762617876,0.697987823|0.509178846|0.651956762|0.719648913|0.760856523|0.732617876,0.15|0.15|0.15|0.15|0.15|0.15,0|0|0.00437350213|0.021074344|0.0634262539|0.073480557,-0.272238411|-0.298039218|-0.295847441|-0.298578897|-0.296262837|-0.293131313,2.03971288|1.25867616|1.83635311|2.1210911|2.33058951|2.23082075,0.654206514|0.644392431|0.35552606,-0.104824185|-0.296571314|-0.000908213377,0.004776596091687679,0.0010229740291833878,0.0011199750006198883,0.0014614788815379143
186,9.35,-0.22299859094361132,0.17041704058647156,0.1575780212879181,0.554846465587616,0.1643819659948349,0.35,1,0,0,0,0,0,0,,,,nan,0,0.6255263686180115,2.527714729309082,82.35986328125,0.6255263686180115,1.0,0.37462814261245125,0,1,1,0,0.2163588162885901,0.0,passthrough,1.1507499853220998e-09,0,0,12,,workspace_y_lower,0,0,1,solved,osqp,0.0,valid,0.37462814261245125,0.564403069|0.374628143|0.517456703|0.585981358|0.629409068|0.601514306,0.714403069|0.524628143|0.667456703|0.735981358|0.779409068|0.751514306,0.684403069|0.494628143|0.637456703|0.705981358|0.749409068|0.721514306,0.15|0.15|0.15|0.15|0.15|0.15,0|0|0.00539585131|0.0124910833|0.0466672225|0.0523498782,-0.270807953|-0.297946136|-0.29569455|-0.299185809|-0.296353926|-0.29312032,1.98680432|1.20056643|1.77952811|2.05723071|2.26794957|2.16528678,0.64896512|0.629563749|0.355480641,-0.104824185|-0.296571314|-0.000908213377,0.004874666221439838,0.0010251887142658234,0.001046408899128437,0.0014891978353261948
187,9.4,-0.2429164396998994,0.17495238780975342,0.15852835774421692,0.5403528213500977,0.1681533008813858,0.35,1,0,0,0,0,0,0,,,,nan,0,0.5665045976638794,2.4403181076049805,35.28321075439453,0.5665045976638794,1.0,0.36006449757139725,0,1,1,0,0.2163588162885901,0.0,passthrough,9.754974510686365e-10,0,0,12,,workspace_y_lower,0,0,1,solved,osqp,0.0,valid,0.36006449757139725,0.550892354|0.360064498|0.503023625|0.571875443|0.617005439|0.589427912,0.700892354|0.510064498|0.653023625|0.721875443|0.767005439|0.739427912,0.670892354|0.480064498|0.623023625|0.691875443|0.737005439|0.709427912,0.15|0.15|0.15|0.15|0.15|0.15,0|0|0.0100786929|0.0163241033|0.0427930335|0.0450484501,-0.269308334|-0.297686466|-0.295320781|-0.299656119|-0.296414077|-0.29307597,1.93426108|1.14257152|1.72685241|2.00416976|2.21440071|2.10968413,0.643723726|0.614735067|0.355435222,-0.104824185|-0.296571314|-0.000908213377,0.0055418796837329865,0.0012417640537023544,0.0011291978880763054,0.0015443619340658188
188,9.450000000000001,-0.24271906398476972,0.1797691136598587,0.15919268131256104,0.5259761810302734,0.1721189171075821,0.35,1,0,0,0,0,0,0,,,,nan,0,0.4983364939689636,1.7535864114761353,52.88164138793945,0.4983364939689636,1.0,0.34562983260643254,0,1,1,0,0.2163588162885901,0.0,passthrough,9.148620591640426e-10,0,0,12,,workspace_y_lower,0,0,1,solved,osqp,0.0,valid,0.34562983260643254,0.537456251|0.345629833|0.48878461|0.55789746|0.604324168|0.576980328,0.687456251|0.495629833|0.63878461|0.70789746|0.754324168|0.726980328,0.657456251|0.465629833|0.60878461|0.67789746|0.724324168|0.696980328,0.15|0.15|0.15|0.15|0.15|0.15,0|0|0.0134657469|0.0265763101|0.0500236405|0.0555517856,-0.267738066|-0.297256775|-0.29473964|-0.2999776|-0.296459683|-0.293036679,1.88208694|1.08526256|1.67386455|1.95818855|2.17086063|2.07043642,0.638482332|0.599906385|0.355389804,-0.104824185|-0.296571314|-0.000908213377,0.006330348551273346,0.0010420400649309158,0.001687745563685894,0.0016624145209789276
189,9.5,-0.2636719619407021,0.1861506700515747,0.1606171876192093,0.5116374492645264,0.17754313349723816,0.35,1,0,0,0,0,0,0,,,,nan,0,0.48851916193962097,1.6864651441574097,39.17184829711914,0.48851916193962097,1.0,0.33132285025120667,0,1,1,0,0.2163588162885901,0.0,passthrough,9.195762886144589e-10,0,0,12,,workspace_y_lower,0,0,1,solved,osqp,0.0,valid,0.33132285025120667,0.524098256|0.33132285|0.474671628|0.544281933|0.5920992|0.565015288,0.674098256|0.48132285|0.624671628|0.694281933|0.7420992|0.715015288,0.644098256|0.45132285|0.594671628|0.664281933|0.7120992|0.685015288,0.15|0.15|0.15|0.15|0.15|0.15,0|0|0.0123399727|0.032710565|0.059708113|0.0683881498,-0.266093079|-0.2967502|-0.294086368|-0.300169082|-0.296400369|-0.292890026,1.83029995|1.0285412|1.61694012|1.90966921|2.13170454|2.03555927,0.633240938|0.585077703|0.355344385,-0.104824185|-0.296571314|-0.000908213377,0.007466205395758152,0.0018732333555817604,0.0017991438508033752,0.002068854868412018
190,9.55,-0.34409610783860556,0.1999417543411255,0.16556274890899658,0.4968310296535492,0.19021770358085632,0.35,1,0,0,0,0,0,0,,,,nan,0,0.47727376222610474,1.7669254541397095,54.468711853027344,0.47727376222610474,1.0,0.3170430041254908,0,1,1,0,0.2163588162885901,0.0,passthrough,8.295819613426334e-10,0,0,12,,workspace_y_lower,0,0,1,solved,osqp,0.0,valid,0.3170430041254908,0.510824048|0.317043004|0.460531513|0.530943909|0.580439174|0.553723581,0.660824048|0.467043004|0.610531513|0.680943909|0.730439174|0.703723581,0.630824048|0.437043004|0.580531513|0.650943909|0.700439174|0.673723581,0.15|0.15|0.15|0.15|0.15|0.15,0|0|-0.00183443542|-0.00405674052|0.0204564949|0.0259712566,-0.264367336|-0.296321163|-0.293542445|-0.30036369|-0.296263995|-0.292639385,1.77892886|0.971850853|1.54674917|1.81935521|2.0459492|1.94822619,0.627999544|0.570249021|0.355298966,-0.104824185|-0.296571314|-0.000908213377,0.007229967974126339,0.0017262417823076248,0.0011905590072274208,0.0022970978170633316
191,9.600000000000001,-0.3116076190319932,0.20273950695991516,0.16843031346797943,0.48243340849876404,0.1917935162782669,0.35,1,0,0,0,0,0,0,,,,nan,0,0.4256865084171295,2.2680587768554688,68.68572235107422,0.4256865084171295,1.0,0.30228958173755693,0,1,1,0,0.2163588162885901,0.0,passthrough,7.761070451108786e-10,0,0,12,,workspace_y_lower,0,0,1,solved,osqp,0.0,valid,0.30228958173755693,0.497648746|0.302289582|0.445922184|0.516005305|0.566745652|0.54030402,0.647648746|0.452289582|0.595922184|0.666005305|0.716745652|0.69030402,0.617648746|0.422289582|0.565922184|0.636005305|0.686745652|0.66030402,0.15|0.15|0.15|0.15|0.15|0.15,0|0|0.00907179248|0.0299750684|0.0542631663|0.0625070467,-0.262546504|-0.29592775|-0.293005073|-0.300505645|-0.296002788|-0.292237144,1.72804848|0.913230577|1.49975545|1.79349064|2.02524299|1.93148598,0.62275815|0.555420339|0.355253547,-0.104824185|-0.296571314|-0.000908213377,0.006343773566186428,0.0010817600414156914,0.0017493078485131264,0.0017022555693984032
192,9.65,-0.33391678081987297,0.2139015793800354,0.17180520296096802,0.467866986989975,0.2015668898820877,0.35,1,0,0,0,0,0,0,,,,nan,0,0.40862536430358887,1.5268759727478027,52.321754455566406,0.40862536430358887,1.0,0.2879517640009497,0,1,1,0,0.2163588162885901,0.0,passthrough,7.428117674498825e-10,0,0,12,,workspace_y_lower,0,0,1,solved,osqp,0.0,valid,0.2879517640009497,0.484557796|0.287951764|0.431696304|0.502560701|0.554829405|0.528698141,0.634557796|0.437951764|0.581696304|0.652560701|0.704829405|0.678698141,0.604557796|0.407951764|0.551696304|0.622560701|0.674829405|0.648698141,0.15|0.15|0.15|0.15|0.15|0.15,0|0|0.00485354537|0.014645047|0.0333421441|0.0420595362,-0.260641842|-0.295488997|-0.292454945|-0.300564429|-0.295723792|-0.291835788,1.67758934|0.856318059|1.43918382|1.72432342|1.95693597|1.86501631,0.617516756|0.540591657|0.355208129,-0.104824185|-0.296571314|-0.000908213377,0.007069678045809269,0.0018229680135846138,0.0018472233787178993,0.0018917238339781761
193,9.700000000000001,-0.2941873013390228,0.2182828038930893,0.1726759970188141,0.4536837637424469,0.20443277060985565,0.35,1,0,0,0,0,0,0,,,,nan,0,0.38330918550491333,2.44173002243042,41.86405944824219,0.38330918550491333,1.0,0.2734575890986124,0,1,1,0,0.2163588162885901,0.0,passthrough,7.263757302328703e-10,0,0,12,,workspace_y_lower,0,0,1,solved,osqp,0.0,valid,0.2734575890986124,0.471568523|0.273457589|0.417348755|0.488420613|0.541926214|0.516058293,0.621568523|0.423457589|0.567348755|0.638420613|0.691926214|0.666058293,0.591568523|0.393457589|0.537348755|0.608420613|0.661926214|0.636058293,0.15|0.15|0.15|0.15|0.15|0.15,0|0|0.0154637187|0.044263769|0.0596334814|0.0691817078,-0.25863696|-0.294954707|-0.29177522|-0.300506936|-0.295378547|-0.291371563,1.62763713|0.79887565|1.39308352|1.69743928|1.93195979|1.84204332,0.612275362|0.525762975|0.35516271,-0.104824185|-0.296571314|-0.000908213377,0.007365080527961254,0.001915058121085167,0.0017999261617660522,0.002192188985645771
194,9.75,-0.2721396129855985,0.22446036338806152,0.17201779782772064,0.43979206681251526,0.2089483141899109,0.35,1,0,0,0,0,0,0,,,,nan,0,0.40113401412963867,1.8616913557052612,17.787118911743164,0.40113401412963867,1.0,0.2593604700597696,0,1,1,0,0.2163588162885901,0.0,passthrough,8.02725810485336e-10,0,0,12,,workspace_y_lower,0,0,1,solved,osqp,0.0,valid,0.2593604700597696,0.458673415|0.25936047|0.403385049|0.475613395|0.530392088|0.504797457,0.608673415|0.40936047|0.553385049|0.625613395|0.680392088|0.654797457,0.578673415|0.37936047|0.523385049|0.595613395|0.650392088|0.624797457,0.15|0.15|0.15|0.15|0.15|0.15,0|0|0.0224296091|0.0676913192|0.0823901539|0.0934011366,-0.256536779|-0.294322338|-0.291017684|-0.300341326|-0.295066076|-0.290972546,1.57815688|0.743119542|1.34495212|1.66980357|1.90889243|1.82161842,0.607033968|0.510934293|0.355117291,-0.104824185|-0.296571314|-0.000908213377,0.005144977942109108,0.0011561624705791473,0.0010896753519773483,0.0016827182844281197
195,9.8,-0.23387109636804299,0.2271660715341568,0.16915027797222137,0.42647168040275574,0.20987562835216522,0.35,1,0,0,0,0,0,0,,,,nan,0,0.4853481650352478,3.311720371246338,35.62069320678711,0.4853479564189911,1.0,0.2455589328686404,0,1,1,0,0.2163588162885901,0.0,filtered,2.782449937362588e-07,0,0,12,,workspace_y_lower,0,0,1,solved,osqp,0.0,valid,0.2455589328686404,0.445879489|0.245558933|0.389680283|0.463883763|0.520056938|0.494752833,0.595879489|0.395558933|0.539680283|0.613883763|0.670056938|0.644752833,0.565879489|0.365558933|0.509680283|0.583883763|0.640056938|0.614752833,0.15|0.15|0.15|0.15|0.15|0.15,0|0|0.0364878041|0.112662212|0.127157214|0.136591007,-0.254333689|-0.293662961|-0.290261388|-0.300112089|-0.294767229|-0.290610329,1.52918426|0.688572771|1.30494755|1.66808518|1.91261773|1.82499201,0.601792574|0.496105611|0.355071872,-0.104824185|-0.296571314|-0.000908213377,0.005937429144978523,0.0015435786917805672,0.0012436453253030777,0.0017912723124027252
196,9.850000000000001,-0.19361793198257632,0.22987036406993866,0.1640736311674118,0.41373446583747864,0.21069835126399994,0.35,1,0,0,0,0,0,0,,,,nan,0,0.5985058546066284,3.5873353481292725,32.806358337402344,0.5985053181648254,1.0,0.2323296966378916,0,1,1,0,0.2163588162885901,0.0,filtered,6.874246918937026e-07,0,0,12,,workspace_y_lower,0,0,1,solved,osqp,0.0,valid,0.2323296966378916,0.433185552|0.232329697|0.376482766|0.454288323|0.511927869|0.486953878,0.583185552|0.382329697|0.526482766|0.604288323|0.661927869|0.636953878,0.553185552|0.352329697|0.496482766|0.574288323|0.631927869|0.606953878,0.15|0.15|0.15|0.15|0.15|0.15,0|0|0.0520658555|0.153213715|0.164686494|0.170611139,-0.252027369|-0.293004035|-0.289565407|-0.299839939|-0.294595573|-0.290419453,1.48071484|0.636314751|1.26843151|1.67052707|1.9178024|1.8280072,0.59655118|0.481276929|0.355026454,-0.104824185|-0.296571314|-0.000908213377,0.005366780795156956,0.0011216411367058754,0.0013207681477069855,0.00152623001486063
197,9.9,-0.18010935076135978,0.2324247658252716,0.15832769870758057,0.401601105928421,0.21126896142959595,0.35,1,0,0,0,0,0,0,,,,nan,0,0.6826757788658142,3.124178171157837,41.505470275878906,0.6826757788658142,1.0,0.21969747376516546,0,1,1,0,0.2163588162885901,0.0,filtered,8.547568009629353e-08,0,0,12,,workspace_y_lower,0,0,1,solved,osqp,0.0,valid,0.21969747376516546,0.420597138|0.219697474|0.363865988|0.44662129|0.505590736|0.48101571,0.570597138|0.369697474|0.513865988|0.59662129|0.655590736|0.63101571,0.540597138|0.339697474|0.483865988|0.56662129|0.625590736|0.60101571,0.15|0.15|0.15|0.15|0.15|0.15,0|0|0.065558961|0.197989684|0.212837451|0.214346185,-0.249612043|-0.292252444|-0.288817115|-0.299533895|-0.294619293|-0.290468451,1.43277651|0.586537451|1.2322058|1.68494095|1.9405811|1.84794058,0.591309786|0.466448247|0.354981035,-0.104824185|-0.296571314|-0.000908213377,0.006948811002075672,0.0013466868549585342,0.001532713882625103,0.0023167282342910767
198,9.950000000000001,-0.16058380368063155,0.2334795594215393,0.15168815851211548,0.3901662528514862,0.21027058362960815,0.35,1,0,0,0,0,0,0,,,,nan,0,0.7288768887519836,2.4441213607788086,59.299720764160156,0.7288767695426941,1.0,0.20766168603099333,0,1,1,0,0.2163588162885901,0.0,filtered,1.1692114045346786e-07,0,0,12,,workspace_y_lower,0,0,1,solved,osqp,0.0,valid,0.20766168603099333,0.408120672|0.207661686|0.351763795|0.44109666|0.501500175|0.477493674,0.558120672|0.357661686|0.501763795|0.59109666|0.651500175|0.627493674,0.528120672|0.327661686|0.471763795|0.56109666|0.621500175|0.597493674,0.15|0.15|0.15|0.15|0.15|0.15,0|0|0.0820119001|0.245705337|0.2659106|0.269727489,-0.247081482|-0.291566958|-0.288229965|-0.299282204|-0.294780994|-0.290653719,1.38540121|0.539079786|1.20083712|1.71080977|1.9771303|1.88904847,0.586068392|0.451619565|0.354935616,-0.104824185|-0.296571314|-0.000908213377,0.007872062735259533,0.0019220728427171707,0.0018578330054879189,0.002059360034763813
199,10.0,-0.09857906232138733,0.24475014209747314,0.14129097759723663,0.37878289818763733,0.21934175491333008,0.35,1,0,0,0,0,0,0,,,,nan,0,0.7205196022987366,3.2432944774627686,75.59896850585938,0.7561695575714111,1.0,0.19632480304155853,0,1,1,0,0.2163588162885901,0.0,filtered,0.0578400431436435,0,1,12,workspace_y_lower,workspace_y_lower,0,0,1,solved,osqp,1.505382296596025e-08,valid,0.19632480304155853,0.395761792|0.196324803|0.340300375|0.437705905|0.500080605|0.476813104,0.545761792|0.346324803|0.490300375|0.587705905|0.650080605|0.626813104,0.515761792|0.316324803|0.460300375|0.557705905|0.620080605|0.596813104,0.15|0.15|0.15|0.15|0.15|0.15,0|0|0.0889280112|0.239119246|0.246209425|0.258167085,-0.244430745|-0.290895461|-0.287775253|-0.299148396|-0.295078509|-0.290993162,1.33861642|0.494403752|1.16235426|1.69079447|1.95145334|1.87442634,0.580826998|0.436790884|0.354890198,-0.104824185|-0.296571314|-0.000908213377,0.007267173379659653,0.0018354188650846481,0.0012487703934311867,0.002621942199766636
200,10.05,-0.09544551520499225,0.26400384306907654,0.13000965118408203,0.36700525879859924,0.2361336499452591,0.35,1,0,0,0,0,0,0,,,,nan,0,0.6478344202041626,2.6467504501342773,53.7076530456543,0.6935840249061584,1.0,0.18509987551599627,0,1,1,0,0.2163588162885901,0.0,filtered,0.07975266878661176,0,1,12,workspace_y_lower,workspace_y_lower,0,0,1,solved,osqp,1.5715633822077635e-08,valid,0.18509987551599627,0.383539741|0.185099876|0.329087735|0.433727565|0.498024981|0.475431429,0.533539741|0.335099876|0.479087735|0.583727565|0.648024981|0.625431429,0.503539741|0.305099876|0.449087735|0.553727565|0.618024981|0.595431429,0.15|0.15|0.15|0.15|0.15|0.15,0|0|0.0819269569|0.201032187|0.198337119|0.211141721,-0.241640443|-0.289778556|-0.286797622|-0.298833335|-0.295404282|-0.291444344,1.29251852|0.450620946|1.11148028|1.63710911|1.89503276|1.82142309,0.575585604|0.421962202|0.354844779,-0.104824185|-0.296571314|-0.000908213377,0.006804650649428368,0.0019507519900798798,0.001213674433529377,0.0015363730490207672
201,10.100000000000001,-0.1838461234508897,0.28679901361465454,0.12256966531276703,0.3547217547893524,0.2560826241970062,0.35,1,0,0,0,0,0,0,,,,nan,0,0.5240883827209473,3.033496141433716,78.68962860107422,0.5708491802215576,1.0,0.17352940833202535,0,1,1,0,0.2163588162885901,0.0,filtered,0.08010332540773131,0,1,12,workspace_y_lower,workspace_y_lower,0,0,1,solved,osqp,1.1574234598521471e-08,valid,0.17352940833202535,0.371469913|0.173529408|0.317676654|0.427822939|0.493617174|0.471602334,0.521469913|0.323529408|0.467676654|0.577822939|0.643617174|0.621602334,0.491469913|0.293529408|0.437676654|0.547822939|0.613617174|0.591602334,0.15|0.15|0.15|0.15|0.15|0.15,0|0|0.0632094956|0.163607595|0.163123674|0.169719995,-0.23869246|-0.288287745|-0.2852819|-0.298345253|-0.29566081|-0.291851739,1.24718719|0.405829889|1.04863421|1.5765541|1.84193156|1.76427759,0.57034421|0.40713352|0.35479936,-0.104824185|-0.296571314|-0.000908213377,0.004972941242158413,0.0010972926393151283,0.0010369112715125084,0.0015692273154854774
202,10.15,-0.2363499328799888,0.309253990650177,0.11696838587522507,0.3420732319355011,0.27528896927833557,0.35,1,0,0,0,0,0,0,,,,nan,0,0.4972926080226898,2.3574678897857666,37.29397964477539,0.5510516166687012,1.0,0.16143245243254156,0,1,1,0,0.2163588162885901,0.0,filtered,0.10181665807814415,0,1,12,workspace_y_lower,workspace_y_lower,0,0,1,solved,osqp,1.1169526803467278e-08,valid,0.16143245243254156,0.359565013|0.161432452|0.305674133|0.420369625|0.48724059|0.465699421,0.509565013|0.311432452|0.455674133|0.570369625|0.63724059|0.615699421,0.479565013|0.281432452|0.425674133|0.540369625|0.60724059|0.585699421,0.15|0.15|0.15|0.15|0.15|0.15,0|0|0.0497124577|0.137033931|0.134751835|0.137042079,-0.235570061|-0.286936602|-0.283897478|-0.297782374|-0.295679778|-0.291951691,1.20268999|0.358793208|0.988511514|1.52073006|1.78803442|1.70788807,0.565102816|0.392304838|0.354753941,-0.104824185|-0.296571314|-0.000908213377,0.008051766082644463,0.0019243070855736732,0.0019022990018129349,0.00206963624805212
203,10.200000000000001,-0.2616343532692439,0.32980313897132874,0.11175443977117538,0.32930323481559753,0.29222723841667175,0.35,1,0,0,0,0,0,0,,,,nan,0,0.5550803542137146,2.6535534858703613,44.70044708251953,0.5935413837432861,1.0,0.1489605811086273,0,1,1,0,0.2163588162885901,0.0,filtered,0.09599642503374498,0,1,12,workspace_y_lower,workspace_y_lower,0,0,1,solved,osqp,8.698039538623803e-09,valid,0.1489605811086273,0.347830053|0.148960581|0.293242721|0.411844816|0.479331899|0.458196242,0.497830053|0.298960581|0.443242721|0.561844816|0.629331899|0.608196242,0.467830053|0.268960581|0.413242721|0.531844816|0.599331899|0.578196242,0.15|0.15|0.15|0.15|0.15|0.15,0|0|0.045742689|0.123395197|0.11496159|0.111209138,-0.232266011|-0.285647503|-0.28257126|-0.297067227|-0.295507647|-0.291818473,1.1590542|0.310194821|0.936142315|1.47370724|1.73678154|1.65217563,0.559861422|0.377476156|0.354708523,-0.104824185|-0.296571314|-0.000908213377,0.007085202261805534,0.0010921675711870193,0.0019809799268841743,0.002383984625339508
204,10.25,-0.3019853537802699,0.3513997197151184,0.10769523680210114,0.31646525859832764,0.30982187390327454,0.35,1,0,0,0,0,0,0,,,,nan,0,0.5949410200119019,2.1325089931488037,22.00872230529785,0.6244813203811646,1.0,0.1363852624314562,0,1,1,0,0.2163588162885901,0.0,filtered,0.09308854865207307,0,1,12,workspace_y_lower,workspace_y_lower,0,0,1,solved,osqp,6.856229306517747e-09,valid,0.1363852624314562,0.336267612|0.136385262|0.280732454|0.402837728|0.470310265|0.449525362,0.486267612|0.286385262|0.430732454|0.552837728|0.620310265|0.599525362,0.456267612|0.256385262|0.400732454|0.522837728|0.590310265|0.569525362,0.15|0.15|0.15|0.15|0.15|0.15,0|0|0.0423343673|0.112774373|0.100654453|0.0892520407,-0.228777391|-0.28421509|-0.281052746|-0.296192021|-0.295311847|-0.291666143,1.11629306|0.261325959|0.88421144|1.42793326|1.68658367|1.59568734,0.554620028|0.362647474|0.354663104,-0.104824185|-0.296571314|-0.000908213377,0.008268500678241253,0.0018943259492516518,0.0018998607993125916,0.0023894207552075386
205,10.3,-0.3131630458778373,0.37499117851257324,0.10305873304605484,0.3035586178302765,0.3289767801761627,0.35,1,0,0,0,0,0,0,,,,nan,0,0.6487873196601868,1.9665452241897583,35.92909240722656,0.68379807472229,1.0,0.12375533056143448,0,1,1,0,0.2163588162885901,0.0,filtered,0.127795172637798,0,1,12,workspace_y_lower,workspace_y_lower,0,0,1,solved,osqp,7.393418682832831e-09,valid,0.12375533056143448,0.324886339|0.123755331|0.2681823|0.393523866|0.460382489|0.439856533,0.474886339|0.273755331|0.4181823|0.543523866|0.610382489|0.589856533,0.444886339|0.243755331|0.3881823|0.513523866|0.580382489|0.559856533,0.15|0.15|0.15|0.15|0.15|0.15,0|0|0.0386221077|0.107034841|0.0895023178|0.0750560491,-0.225094317|-0.28267494|-0.279395374|-0.295215363|-0.295108343|-0.291500092,1.07445104|0.212346382|0.831955935|1.38591494|1.63592393|1.54298209,0.549378633|0.347818792|0.354617685,-0.104824185|-0.296571314|-0.000908213377,0.008236408233642578,0.0019043097272515297,0.0019246749579906464,0.002354140393435955
206,10.350000000000001,-0.29822161952593235,0.39916592836380005,0.09639686346054077,0.2906799912452698,0.3483048379421234,0.35,1,0,0,0,0,0,0,,,,nan,0,0.7274656295776367,1.9612065553665161,25.624614715576172,0.7634198665618896,1.0,0.11106991973735467,0,1,1,0,0.2163588162885901,0.0,filtered,0.15474385728619544,0,1,12,workspace_y_lower,workspace_y_lower,0,0,1,solved,osqp,7.019411975284218e-09,valid,0.11106991973735467,0.313696389|0.11106992|0.255553641|0.384048481|0.449856162|0.429480576,0.463696389|0.26106992|0.405553641|0.534048481|0.599856162|0.579480576,0.433696389|0.23106992|0.375553641|0.504048481|0.569856162|0.549480576,0.15|0.15|0.15|0.15|0.15|0.15,0|0|0.0391990802|0.107482014|0.0813811905|0.0675726747,-0.22120534|-0.281026603|-0.277633138|-0.29399217|-0.294786054|-0.291227168,1.03358022|0.163253076|0.783780508|1.34968377|1.58601978|1.49426781,0.544137239|0.33299011|0.354572266,-0.104824185|-0.296571314|-0.000908213377,0.006929133087396622,0.0018872832879424095,0.0010762615129351616,0.0021970486268401146
207,10.4,-0.2867775665462766,0.4229356646537781,0.0879569724202156,0.27798688411712646,0.3668959438800812,0.35,1,0,0,0,0,0,0,,,,nan,0,0.7816776037216187,1.6943511962890625,21.77806282043457,0.8112397193908691,1.0,0.09844746775348387,0,1,1,0,0.2163588162885901,0.0,filtered,0.1528405910885729,0,1,12,workspace_y_lower,workspace_y_lower,2,0,0,inaccurate_solution,,0.0,valid,0.09844746775348387,0.302705309|0.0984474678|0.243000124|0.374616356|0.439032966|0.418722916,0.452705309|0.248447468|0.393000124|0.524616356|0.589032966|0.568722916,0.422705309|0.218447468|0.363000124|0.494616356|0.559032966|0.538722916,0.15|0.15|0.15|0.15|0.15|0.15,0|0|0.0451663652|0.115029013|0.0798140967|0.0645407073,-0.217102793|-0.279106786|-0.275589214|-0.292410341|-0.294346188|-0.290893514,0.993718444|0.114683085|0.741577647|1.3210841|1.54159977|1.44853886,0.538895845|0.318161428|0.354526848,-0.104824185|-0.296571314|-0.000908213377,0.008334065787494183,0.001874258741736412,0.0020081428810954094,0.002315972000360489
208,10.450000000000001,-0.30279029415778697,0.44707077741622925,0.07922737300395966,0.26557421684265137,0.3855914771556854,0.35,1,0,0,0,0,0,0,,,,nan,0,0.7927323579788208,1.7272896766662598,24.763662338256836,0.8138434886932373,1.0,0.08606715043376365,0,1,1,0,0.2163588162885901,0.0,filtered,0.13141947286852612,0,0,12,,workspace_y_lower,0,0,1,solved,osqp,9.820312207378668e-07,valid,0.08606715043376365,0.29191978|0.0860671504|0.230745633|0.365528271|0.428189728|0.407844304,0.44191978|0.23606715|0.380745633|0.515528271|0.578189728|0.557844304,0.41191978|0.20606715|0.350745633|0.485528271|0.548189728|0.527844304,0.15|0.15|0.15|0.15|0.15|0.15,0|0|0.0535133334|0.125652324|0.0834061696|0.0647235893,-0.212780618|-0.276753158|-0.273091702|-0.290451846|-0.293832532|-0.29056027,0.954898502|0.0675154433|0.703404163|1.29731356|1.50233255|1.40554054,0.533654451|0.303332746|0.354481429,-0.104824185|-0.296571314|-0.000908213377,0.007183067500591278,0.0018410496413707733,0.0018719974905252457,0.0021788012236356735
209,10.5,-0.37436113806321514,0.4732879400253296,0.07312285155057907,0.25342392921447754,0.4061143100261688,0.35,1,0,0,0,0,0,0,,,,nan,0,0.7654907703399658,1.6145628690719604,27.50055503845215,0.7829879522323608,1.0,0.07403512158466438,0,1,1,0,0.2163588162885901,0.0,filtered,0.12049339039967663,0,0,12,,workspace_y_lower,0,0,1,solved,osqp,6.344824025721063e-07,valid,0.07403512158466438,0.281348798|0.0740351216|0.218914411|0.356924612|0.417514619|0.397024548,0.431348798|0.224035122|0.368914411|0.506924612|0.567514619|0.547024548,0.401348798|0.194035122|0.338914411|0.476924612|0.537514619|0.517024548,0.15|0.15|0.15|0.15|0.15|0.15,0|0|0.0597101779|0.130978546|0.08658119|0.0636465743,-0.208230303|-0.273880883|-0.270063124|-0.288142457|-0.293250962|-0.290224672,0.917164888|0.0222596033|0.665304698|1.27053454|1.4633887|1.36152009,0.528413057|0.288504064|0.35443601,-0.104824185|-0.296571314|-0.000908213377,0.007186604663729668,0.0019015008583664894,0.00151800736784935,0.0023552700877189636
210,10.55,-0.5521508071391169,0.5307562947273254,0.07242642343044281,0.23968814313411713,0.45624881982803345,0.35,1,0,0,0,0,0,0,,,,nan,0,0.0,15.309815406799316,298.4122619628906,0.7494590878486633,1.0,0.06232779657526552,0,1,1,0,0.2163588162885901,0.0,safe_stop_infeasible,0.7494590701012039,1,0,12,,predictive_link_1,0,0,0,,,0.021216588752364485,valid,0.06232779657526552,0.271005243|0.0623277966|0.207480832|0.348650586|0.406924038|0.386234905,0.421005243|0.212327797|0.357480832|0.498650586|0.556924038|0.536234905,0.391005243|0.182327797|0.327480832|0.468650586|0.526924038|0.506234905,0.15|0.15|0.15|0.15|0.15|0.15,0|0|0|0|0|0,-0.203438883|-0.270527775|-0.266547801|-0.285631076|-0.292640263|-0.289890317,0.88058209|-0.0212165888|0.563375526|1.10897127|1.33505589|1.2550493,0.523171663|0.273675382|0.354390591,-0.104824185|-0.296571314|-0.000908213377,0.005427791737020016,0.0018281405791640282,0.0012565692886710167,0.0005185622721910477
211,10.600000000000001,-0.5810993278464878,0.570616602897644,0.0724259614944458,0.22599487006664276,0.48803532123565674,0.35,1,0,0,0,0,0,0,,,,nan,0,0.0,0.0,306.1963195800781,0.457792729139328,1.0,0.04896798748802586,0,1,1,0,0.2163588162885901,0.0,safe_stop_infeasible,0.45779274028481814,1,0,12,,predictive_link_1,0,0,0,,,0.07174372753397046,valid,0.04896798748802586,0.260957314|0.0489679875|0.194375704|0.334471446|0.392305902|0.371735527,0.410957314|0.198967987|0.344375704|0.484471446|0.542305902|0.521735527,0.380957314|0.168967987|0.314375704|0.454471446|0.512305902|0.491735527,0.15|0.15|0.15|0.15|0.15|0.15,0|0|0|0|0|0,-0.198320837|-0.267615677|-0.263433524|-0.284056045|-0.291613979|-0.288727422,0.845508418|-0.0717437275|0.514069291|1.05382974|1.27760963|1.19821469,0.517930269|0.2588467|0.354345173,-0.104824185|-0.296571314|-0.000908213377,0.004096018150448799,0.0014254506677389145,0.001032649539411068,0.0004378408193588257
212,10.65,-0.6236426410605578,0.6131521463394165,0.07242593169212341,0.2124171406030655,0.5218355655670166,0.35,1,0,0,0,0,0,0,,,,nan,0,0.0,0.0,0.0,0.0,1.0,0.03566082368028231,1,1,0,0,0.2163588162885901,0.0,recovery_relaxed,0.0,0,0,12,,predictive_link_1,0,1,1,zero_sensitivity; recovery=solved,recovery_maximin,0.12196476499247738,valid,0.03566082368028231,0.251174851|0.0356608237|0.181280623|0.320306699|0.377751698|0.357330157,0.401174851|0.185660824|0.331280623|0.470306699|0.527751698|0.507330157,0.371174851|0.155660824|0.301280623|0.440306699|0.497751698|0.477330157,0.15|0.15|0.15|0.15|0.15|0.15,0|0|0|0|0|0,-0.192923598|-0.26460806|-0.260321842|-0.282506184|-0.290537465|-0.287468007,0.811775808|-0.121964765|0.46480065|0.998720611|1.22046933|1.14185262,0.512688875|0.244018093|0.354299754,-0.104824185|-0.296571314|-0.000908213377,0.006281639449298382,0.0010390058159828186,0.0010248664766550064,0.002156505361199379
213,10.700000000000001,-0.6699291047980456,0.6594380736351013,0.07242593169212341,0.1989675611257553,0.5587304830551147,0.35,1,0,0,0,0,0,0,,,,nan,0,0.0,0.0,0.0,0.0,1.0,0.02251270652762538,1,1,0,0,0.2163588162885901,0.0,recovery_relaxed,0.0,0,0,12,,predictive_link_1,0,1,1,zero_sensitivity; recovery=solved,recovery_maximin,0.1711979496070189,valid,0.02251270652762538,0.241669426|0.0225127065|0.168347637|0.306222502|0.363253315|0.342990172,0.391669426|0.172512707|0.318347637|0.456222502|0.513253315|0.492990172,0.361669426|0.142512707|0.288347637|0.426222502|0.483253315|0.462990172,0.15|0.15|0.15|0.15|0.15|0.15,0|0|0|0|0|0,-0.187238737|-0.261248776|-0.256947295|-0.280842162|-0.289386699|-0.286118753,0.779438968|-0.17119795|0.416443252|0.944047846|1.16362656|1.08584194,0.507447481|0.22918959|0.354254335,-0.104824185|-0.296571314|-0.000908213377,0.008496511727571487,0.001109713688492775,0.001843840815126896,0.0028774701058864594
214,10.75,-0.720186131947246,0.7096951007843018,0.07242593169212341,0.18566064536571503,0.5989687442779541,0.35,1,0,0,0,0,0,0,,,,nan,0,0.0,0.0,0.0,0.0,1.0,0.009542420650994532,1,1,0,0,0.2163588162885901,0.0,recovery_relaxed,0.0,0,0,12,,predictive_link_1,0,1,1,zero_sensitivity; recovery=solved,recovery_maximin,0.21931659438152523,valid,0.009542420650994532,0.232455672|0.00954242065|0.155590499|0.292224609|0.348814482|0.328720063,0.382455672|0.159542421|0.305590499|0.442224609|0.498814482|0.478720063,0.352455672|0.129542421|0.275590499|0.412224609|0.468814482|0.448720063,0.15|0.15|0.15|0.15|0.15|0.15,0|0|0|0|0|0,-0.181254815|-0.257486277|-0.253283293|-0.279053206|-0.288154984|-0.284671367,0.748567874|-0.219316594|0.369078704|0.889845231|1.10710294|1.03020889,0.502206087|0.214361086|0.354208916,-0.104824185|-0.296571314|-0.000908213377,0.009621123783290386,0.0018749581649899483,0.0019058724865317345,0.0022662580013275146
215,10.8,-0.7746112523009447,0.7641202211380005,0.07242593169212341,0.17251284420490265,0.6428042650222778,0.35,1,0,0,0,0,0,0,,,,nan,0,0.0,0.0,0.0,0.0,1.0,-0.0032282628609272,1,1,0,0,0.2163588162885901,0.0,recovery_relaxed,0.0,0,0,12,,predictive_link_1,0,1,1,zero_sensitivity; recovery=solved,recovery_maximin,0.2661736780781806,valid,-0.0032282628609272,0.223548999|-0.00322826286|0.143024566|0.278319559|0.334439411|0.314524956,0.373548999|0.146771737|0.293024566|0.428319559|0.484439411|0.464524956,0.343548999|0.116771737|0.263024566|0.398319559|0.454439411|0.434524956,0.15|0.15|0.15|0.15|0.15|0.15,0|0|0|0|0|0,-0.174961058|-0.253260627|-0.24930059|-0.277127424|-0.28683497|-0.283116708,0.71923494|-0.266173678|0.322797674|0.836150814|1.05092267|0.974983114,0.496964902|0.199532583|0.354163498,-0.104824185|-0.296571314|-0.000908213377,0.0068441592156887054,0.0010229619219899178,0.001777665689587593,0.0019651036709547043
216,10.850000000000001,-0.8333642063071398,0.8228731751441956,0.07242593169212341,0.15954284369945526,0.6904922127723694,0.35,1,0,0,0,0,0,0,,,,nan,0,0.0,0.0,0.0,0.0,1.0,-0.01577453492710401,1,1,0,0,0.2163588162885901,0.0,recovery_relaxed,0.0,0,0,12,,predictive_link_1,0,1,1,zero_sensitivity; recovery=solved,recovery_maximin,0.311600407706742,valid,-0.01577453492710401,0.214965099|-0.0157745349|0.130666518|0.264514509|0.320132716|0.300410462,0.364965099|0.134225465|0.280666518|0.414514509|0.470132716|0.450410462,0.334965099|0.104225465|0.250666518|0.384514509|0.440132716|0.420410462,0.15|0.15|0.15|0.15|0.15|0.15,0|0|0|0|0|0,-0.168347619|-0.248502268|-0.244967088|-0.275051586|-0.285418464|-0.281444572,0.691512776|-0.311600408|0.277698983|0.783006449|0.995112402|0.920197278,0.491723865|0.18470408|0.354118079,-0.104824185|-0.296571314|-0.000908213377,0.008497998118400574,0.0018815398216247559,0.0018362132832407951,0.002310235984623432
217,10.9,-0.8527567562987475,0.8422657251358032,0.07242593169212341,0.14677228033542633,0.7422822117805481,0.35,1,0,0,0,0,0,0,,,,nan,0,0.0,0.0,0.0,0.0,1.0,-0.028067916172774876,1,1,0,0,0.2163588162885901,0.0,recovery_relaxed,0.0,0,0,12,,predictive_link_1,0,1,1,zero_sensitivity; recovery=solved,recovery_maximin,0.3554022627537679,valid,-0.028067916172774876,0.206720044|-0.0280679162|0.118534641|0.250817303|0.305899446|0.286382746,0.356720044|0.121932084|0.268534641|0.400817303|0.455899446|0.436382746,0.326720044|0.0919320838|0.238534641|0.370817303|0.425899446|0.406382746,0.15|0.15|0.15|0.15|0.15|0.15,0|0|0|0|0|0,-0.161405844|-0.243130598|-0.240247635|-0.272810977|-0.283896348|-0.279643587,0.665474334|-0.355402263|0.23389093|0.730458236|0.939701434|0.865887396,0.486482829|0.169875577|0.35407266,-0.104824185|-0.296571314|-0.000908213377,0.008632765151560307,0.001841825433075428,0.0018887175247073174,0.0022943178191781044
218,10.950000000000001,-0.8647999343802599,0.8543089032173157,0.07242593169212341,0.1342259794473648,0.7984126806259155,0.35,1,0,0,0,0,0,0,,,,nan,0,0.0,0.0,0.0,0.0,1.0,-0.040075468902986466,1,1,0,0,0.2163588162885901,0.0,recovery_relaxed,0.0,0,0,12,,predictive_link_1,0,1,1,zero_sensitivity; recovery=solved,recovery_maximin,0.39735442444296465,valid,-0.040075468902986466,0.198830439|-0.0400754689|0.106649179|0.237236583|0.291745128|0.272448557,0.348830439|0.109924531|0.256649179|0.387236583|0.441745128|0.422448557,0.318830439|0.0799245311|0.226649179|0.357236583|0.411745128|0.392448557,0.15|0.15|0.15|0.15|0.15|0.15,0|0|0|0|0|0,-0.154128551|-0.237052549|-0.235103856|-0.270389256|-0.28225851|-0.277701126,0.641193207|-0.397354424|0.191492862|0.678557075|0.884722001|0.812093104,0.481241792|0.155047074|0.354027241,-0.104824185|-0.296571314|-0.000908213377,0.00609350111335516,0.0010423781350255013,0.0010526590049266815,0.0018609482795000076
219,11.0,-0.8775816736151842,0.86709064245224,0.07242593169212341,0.12193263322114944,0.8591024875640869,0.35,1,0,0,0,0,0,0,,,,nan,0,0.0,0.0,0.0,0.0,1.0,-0.051759265728616055,1,1,0,0,0.2163588162885901,0.0,recovery_relaxed,0.0,0,0,12,,predictive_link_1,0,1,1,zero_sensitivity; recovery=solved,recovery_maximin,0.4371984869680573,valid,-0.051759265728616055,0.191313202|-0.0517592657|0.0949966665|0.223781849|0.277675825|0.258615317,0.341313202|0.0982407343|0.244996667|0.373781849|0.427675825|0.408615317,0.311313202|0.0682407343|0.214996667|0.343781849|0.397675825|0.378615317,0.15|0.15|0.15|0.15|0.15|0.15,0|0|0|0|0|0,-0.146510394|-0.230161424|-0.231922696|-0.26776825|-0.280493689|-0.275603121,0.618742412|-0.437198487|0.14806397|0.627359148|0.83020961|0.758858146,0.476000756|0.140218571|0.353981823,-0.104824185|-0.296571314|-0.000908213377,0.006025227718055248,0.0010361028835177422,0.0010589109733700752,0.0018781200051307678
220,11.05,-3.8782203373839526,3.8677293062210083,0.07242593169212341,0.10992500931024551,0.8677293062210083,0.35,1,1,0,0,0,0,0,,,,nan,0,0.0,0.0,0.0,0.0,1.0,-0.06307568610435621,1,1,0,0,0.2163588162885901,0.0,recovery_relaxed,0.0,0,0,12,,predictive_link_1,0,1,1,zero_sensitivity; recovery=solved,recovery_maximin,0.4746388580844465,valid,-0.06307568610435621,0.184185463|-0.0630756861|0.083443393|0.210463563|0.263698194|0.244891186,0.334185463|0.0869243139|0.233443393|0.360463563|0.413698194|0.394891186,0.304185463|0.0569243139|0.203443393|0.330463563|0.383698194|0.364891186,0.15|0.15|0.15|0.15|0.15|0.15,0|0|0|0|0|0,-0.138548209|-0.222336114|-0.23018964|-0.264927749|-0.278589337|-0.273333886,0.598193643|-0.474638858|0.103583932|0.576926504|0.77620344|0.706230857,0.47075972|0.125390068|0.353936404,-0.104824185|-0.296571314|-0.000908213377,0.00595485046505928,0.0010010534897446632,0.0010192282497882843,0.0019687600433826447
221,11.100000000000001,-3.8608111995722623,3.8628445267677307,0.07173029333353043,0.0987306609749794,0.8628444671630859,0.35,1,1,0,0,0,0,0,,,,nan,0,0.07030172646045685,1.4060344696044922,28.120689392089844,0.0,1.0,-0.07397472760873167,1,1,0,0,0.2163588162885901,0.0,recovery_relaxed,0.07030172316166669,0,0,12,,predictive_link_1,0,1,1,zero_sensitivity; recovery=solved inaccurate,recovery_maximin,0.5093399618103764,valid,-0.07397472760873167,0.177464441|-0.0739747276|0.0719807366|0.197293174|0.24981947|0.231285069,0.327464441|0.0760252724|0.221980737|0.347293174|0.39981947|0.381285069,0.297464441|0.0460252724|0.191980737|0.317293174|0.36981947|0.351285069,0.15|0.15|0.15|0.15|0.15|0.15,0|0|0.0149153377|0.02174312|0.0150922688|0.0132750759,-0.13024133|-0.213441051|-0.228293238|-0.261845274|-0.276531449|-0.270875918,0.579616434|-0.509339962|0.0745450456|0.549070541|0.737838701|0.667539435,0.465518683|0.110561475|0.353890985,-0.104824185|-0.296571314|-0.000908213377,0.006353732198476791,0.0010576732456684113,0.0010266397148370743,0.0023143673315644264
222,11.15,-3.87379909081337,3.8633958101272583,0.07172565162181854,0.08743614703416824,0.8633957505226135,0.35,1,1,0,0,0,0,0,,,,nan,0,0.0,1.4060344696044922,56.24137878417969,0.0,1.0,-0.08384108247682742,1,1,0,0,0.2163588162885901,0.0,recovery_relaxed,0.0,0,0,12,,predictive_link_1,0,1,1,zero_sensitivity,recovery_hard_constraints,0.538203616807016,valid,-0.08384108247682742,0.171149371|-0.0838410825|0.0612648517|0.185160056|0.236821187|0.218533191,0.321149371|0.0661589175|0.211264852|0.335160056|0.386821187|0.368533191,0.291149371|0.0361589175|0.181264852|0.305160056|0.356821187|0.338533191,0.15|0.15|0.15|0.15|0.15|0.15,0|0|0|0|0|0,-0.121607879|-0.202839287|-0.225486824|-0.258335989|-0.274425772|-0.268449315,0.562989604|-0.538203617|0.019572583|0.482304234|0.672858975|0.60568345,0.460277647|0.0957328826|0.353845567,-0.104824185|-0.296571314|-0.000908213377,0.007404014468193054,0.0010576779022812843,0.001197504810988903,0.0030619874596595764
223,11.200000000000001,-3.8711335542222347,3.860848367214203,0.07172543555498123,0.07656016200780869,0.8608483672142029,0.35,1,1,0,0,0,0,0,,,,nan,0,0.0,0.0,28.120689392089844,0.0,1.0,-0.09370109521473335,1,1,0,0,0.2163588162885901,0.0,recovery_relaxed,0.0,0,0,12,,predictive_link_1,0,1,1,zero_sensitivity,recovery_hard_constraints,0.5661388535992438,valid,-0.09370109521473335,0.16529239|-0.0937010952|0.050047476|0.172333765|0.223160579|0.205183214,0.31529239|0.0562989048|0.200047476|0.322333765|0.373160579|0.355183214,0.28529239|0.0262989048|0.170047476|0.292333765|0.343160579|0.325183214,0.15|0.15|0.15|0.15|0.15|0.15,0|0|0|0|0|0,-0.11262191|-0.191334473|-0.223179678|-0.254688885|-0.272021765|-0.265570449,0.548547649|-0.566138854|-0.0229897744|0.434646176|0.62062055|0.555162407,0.45503661|0.0809042901|0.353800148,-0.104824185|-0.296571314|-0.000908213377,0.010028903372585773,0.0010926276445388794,0.0011500883847475052,0.00446311105042696
224,11.25,-3.846710053530219,3.849119007587433,0.07095526158809662,0.067647285759449,0.8491190075874329,0.35,1,1,0,0,0,0,0,,,,nan,0,0.1860698163509369,3.7213962078094482,74.42792510986328,0.0,1.0,-0.1029483868007681,1,1,0,0,0.2163588162885901,0.0,recovery_relaxed,0.1860698209945148,0,0,12,,predictive_link_1,0,1,1,zero_sensitivity; recovery=solved inaccurate,recovery_maximin,0.5900934376857365,valid,-0.1029483868007681,0.159892948|-0.102948387|0.0389511164|0.159697122|0.209623721|0.191981746,0.309892948|0.0470516132|0.188951116|0.309697122|0.359623721|0.341981746,0.279892948|0.0170516132|0.158951116|0.279697122|0.329623721|0.311981746,0.15|0.15|0.15|0.15|0.15|0.15,0|0|0.0423534881|0.0565924767|0.0375729701|0.0291799435,-0.103308219|-0.17829989|-0.220641674|-0.250718174|-0.269413527|-0.262439696,0.536263572|-0.590093438|-0.0224837204|0.444662792|0.606654326|0.534667232,0.449795574|0.0660756975|0.353754729,-0.104824185|-0.296571314|-0.000908213377,0.008836544118821621,0.001516982913017273,0.001706976443529129,0.002682402729988098
225,11.3,-3.838680982415796,3.8424474000930786,0.07019168883562088,0.059831567108631134,0.8424474000930786,0.35,1,1,0,0,0,0,0,,,,nan,0,0.23698106408119202,1.114206075668335,55.55711364746094,0.0,1.0,-0.10982200703385428,1,1,0,0,0.2163588162885901,0.0,recovery_relaxed,0.2369810593872715,0,0,12,,predictive_link_1,0,1,1,zero_sensitivity; recovery=solved inaccurate,recovery_maximin,0.6015805611411859,valid,-0.10982200703385428,0.154911482|-0.109822007|0.0300330225|0.149597601|0.198094664|0.180638002,0.304911482|0.040177993|0.180033022|0.299597601|0.348094664|0.330638002,0.274911482|0.010177993|0.150033022|0.269597601|0.318094664|0.300638002,0.15|0.15|0.15|0.15|0.15|0.15,0|0|0.0534911215|0.0704753231|0.0432841353|0.0345321158,-0.0937232136|-0.162292533|-0.215805067|-0.246140775|-0.267119044|-0.259922203,0.525922715|-0.601580561|-0.0421818553|0.422724954|0.568543747|0.49716192,0.444554538|0.0512471423|0.35370931,-0.104824185|-0.296571314|-0.000908213377,0.00861813873052597,0.0012411493808031082,0.0011520395055413246,0.0031440453603863716
226,11.350000000000001,-3.8593833782351927,3.8494290709495544,0.07007430493831635,0.050838060677051544,0.8494290709495544,0.35,1,1,0,0,0,0,0,,,,nan,0,0.0,4.739621162414551,115.86567687988281,0.0,1.0,-0.11524767866920313,1,1,0,0,0.2163588162885901,0.0,recovery_relaxed,0.0,0,0,12,,predictive_link_1,0,1,1,zero_sensitivity,recovery_hard_constraints,0.6047757913228757,valid,-0.11524767866920313,0.15040429|-0.115247679|0.0220296935|0.140249525|0.187028107|0.169698619,0.30040429|0.0347523213|0.172029693|0.290249525|0.337028107|0.319698619,0.27040429|0.00475232133|0.142029693|0.260249525|0.307028107|0.289698619,0.15|0.15|0.15|0.15|0.15|0.15,0|0|0|0|0|0,-0.0838481263|-0.143785077|-0.209865611|-0.240753051|-0.26452137|-0.257194593,0.517769036|-0.604775791|-0.121746837|0.320245049|0.483591058|0.421599884,0.439313501|0.0364185944|0.353663892,-0.104824185|-0.296571314|-0.000908213377,0.01015336811542511,0.0014730896800756454,0.0015032114461064339,0.0042653437703847885
227,11.4,-3.872691802741339,3.8315829038619995,0.07155507057905197,0.04485637694597244,0.8315829038619995,0.35,1,1,0,0,0,0,0,,,,nan,0,0.32460981607437134,6.492196083068848,217.43521118164062,0.0,1.0,-0.12186786707620756,1,1,0,0,0.2163588162885901,0.0,recovery_relaxed,0.3246098023786294,0,0,12,,predictive_link_1,0,1,1,zero_sensitivity; recovery=solved inaccurate,recovery_maximin,0.6127837133822241,valid,-0.12186786707620756,0.146465228|-0.121867867|0.0117237481|0.128376746|0.173860904|0.156897666,0.296465228|0.0281321329|0.161723748|0.278376746|0.323860904|0.306897666,0.266465228|-0.00186786708|0.131723748|0.248376746|0.293860904|0.276897666,0.15|0.15|0.15|0.15|0.15|0.15,0|0|0.0667935795|0.0883279396|0.0512640647|0.0273946252,-0.0736444881|-0.125312245|-0.206186762|-0.235504328|-0.261213581|-0.253260878,0.512216424|-0.612783713|-0.0924981905|0.366330596|0.485494099|0.401724411,0.434072465|0.0215900317|0.353618473,-0.104824185|-0.296571314|-0.000908213377,0.0079415924847126,0.0009977836161851883,0.0012185843661427498,0.0029048658907413483
228,11.450000000000001,-3.85353530262733,3.8396573662757874,0.0715235099196434,0.03748779743909836,0.8396573662757874,0.35,1,1,0,0,0,0,0,,,,nan,0,3.639183432824211e-06,6.492151260375977,259.68695068359375,0.0,1.0,-0.1249880898379103,1,1,0,0,0.2163588162885901,0.0,recovery_relaxed,3.6391834626969884e-06,0,0,12,joint_1_acceleration_upper,predictive_link_1,0,1,1,zero_sensitivity,recovery_hard_constraints,0.6037201481261548,valid,-0.1249880898379103,0.142951579|-0.12498809|0.00495113176|0.120530291|0.163124359|0.146174714,0.292951579|0.0250119102|0.154951132|0.270530291|0.313124359|0.296174714,0.262951579|-0.00498808984|0.124951132|0.240530291|0.283124359|0.266174714,0.15|0.15|0.15|0.15|0.15|0.15,0|0|5.82013066e-07|2.83097584e-07|-4.40091667e-07|-4.6062617e-07,-0.0632522297|-0.103767789|-0.198985117|-0.229374147|-0.258521765|-0.250384065,0.508554086|-0.603720148|-0.179180008|0.252747302|0.393975231|0.334314329,0.428831428|0.00676146196|0.353573054,-0.104824185|-0.296571314|-0.000908213377,0.008832585997879505,0.0010125869885087013,0.0010680295526981354,0.0037753181532025337
229,11.5,-3.8849312516321177,3.820476233959198,0.07425805181264877,0.033373840153217316,0.820476233959198,0.35,1,1,0,0,0,0,0,,,,nan,0,0.3242223560810089,6.484401702880859,259.4753723144531,0.699999988079071,1.0,-0.12947226585556396,1,1,0,0,0.2163588162885901,0.699999988079071,recovery_relaxed,0.4463244532347199,0,0,12,,predictive_link_1,0,1,1,zero_sensitivity; recovery=solved inaccurate,recovery_maximin,0.5999370412239183,valid,-0.12947226585556396,0.140052987|-0.129472266|-0.00472825338|0.109312559|0.150320056|0.133774439,0.290052987|0.0205277341|0.145271747|0.259312559|0.300320056|0.283774439,0.260052987|-0.00947226586|0.115271747|0.229312559|0.270320056|0.253774439,0.15|0.15|0.15|0.15|0.15|0.15,0|0|0.0681468685|0.0890381635|0.049300123|0.024652767,-0.0525732523|-0.0820479778|-0.19439127|-0.223152427|-0.254664905|-0.245804838,0.507638696|-0.599937041|-0.145157415|0.303135972|0.395915441|0.313945683,0.423590392|-0.0080671031|0.353527635,-0.104824185|-0.296571314|-0.000908213377,0.00728220958262682,0.0011623995378613472,0.0010043103247880936,0.0022901734337210655
230,11.55,-3.9295125862291274,3.800000011920929,0.08057213574647903,0.032831571996212006,0.800000011920929,0.35,1,1,0,0,0,0,0,,,,nan,0,0.5074983835220337,5.362205505371094,124.22683715820312,0.699999988079071,1.0,-0.1302800153024005,1,1,0,0,0.2163588162885901,0.699999988079071,recovery_relaxed,0.20272384391495862,0,0,12,joint_1_acceleration_lower,predictive_link_1,0,1,1,zero_sensitivity; hard_constraints=inaccurate_solution,recovery_hard_constraints_dykstra,0.5792335400595859,valid,-0.1302800153024005,0.137598031|-0.130280015|-0.0106011155|0.102177277|0.139843345|0.123298375,0.287598031|0.0197199847|0.139398885|0.252177277|0.289843345|0.273298375,0.257598031|-0.0102800153|0.109398885|0.222177277|0.259843345|0.243298375,0.15|0.15|0.15|0.15|0.15|0.15,0|0|0.122439005|0.144339498|0.0748315657|0.0498238899,-0.0417640963|-0.0581134788|-0.186122544|-0.215948738|-0.251401837|-0.242310206,0.508628027|-0.57923354|-0.106088001|0.337099868|0.38280311|0.300707183,0.418349355|-0.0228956733|0.353482217,-0.104824185|-0.296571314|-0.000908213377,0.008600126020610332,0.0010855626314878464,0.0011265752837061882,0.004319716244935989
231,11.600000000000001,-4.066109229573339,3.800000011920929,0.09427308291196823,0.035649172961711884,0.800000011920929,0.35,1,1,0,0,0,0,0,,,,nan,0,0.7136730551719666,4.144080638885498,53.06575393676758,0.699999988079071,1.0,-0.1269639373367266,1,1,0,0,0.2163588162885901,0.699999988079071,recovery_relaxed,0.02616959710410574,0,1,12,workspace_y_lower,predictive_link_1,0,1,1,zero_sensitivity; recovery=solved,recovery_maximin,0.5391946191976237,valid,-0.1269639373367266,0.135626277|-0.126963937|-0.0127521773|0.0974868519|0.131286449|0.114448648,0.285626277|0.0230360627|0.137247823|0.247486852|0.281286449|0.264448648,0.255626277|-0.00696393734|0.107247823|0.217486852|0.251286449|0.234448648,0.15|0.15|0.15|0.15|0.15|0.15,0|0|0.173570324|0.209927932|0.113789218|0.0793541761,-0.0308340822|-0.0313388699|-0.174113828|-0.206789071|-0.247604775|-0.238874612,0.511671027|-0.539194619|-0.0515522127|0.393086269|0.391330237|0.298274157,0.413108319|-0.0377242342|0.353436798,-0.104824185|-0.296571314|-0.000908213377,0.006221684627234936,0.0010525211691856384,0.0009684544056653976,0.0019727610051631927
232,11.65,-4.136711336622557,3.800000011920929,0.11159413307905197,0.04007568210363388,0.800000011920929,0.35,1,1,0,0,0,0,0,,,,nan,0,0.7220878005027771,0.5091229677200317,80.36896514892578,0.699999988079071,1.0,-0.1200432265916869,1,1,0,0,0.2163588162885901,0.699999988079071,recovery_relaxed,0.023969263883314624,0,0,12,,predictive_link_1,0,1,1,zero_sensitivity; recovery=solved,recovery_maximin,0.48415811740069703,valid,-0.1200432265916869,0.134133013|-0.120043227|-0.0110353142|0.0960459702|0.125002195|0.107528674,0.284133013|0.0299567734|0.138964686|0.24604597|0.275002195|0.257528674,0.254133013|-4.32265917e-05|0.108964686|0.21604597|0.245002195|0.227528674,0.15|0.15|0.15|0.15|0.15|0.15,0|0|0.175929928|0.21654552|0.116028671|0.082745972,-0.0198249361|-0.00398521103|-0.158489055|-0.195663656|-0.243087958|-0.23526887,0.516707115|-0.484158117|-0.0267003839|0.405065744|0.372949493|0.277591796,0.407867283|-0.052552782|0.353391379,-0.104824185|-0.296571314|-0.000908213377,0.006303403526544571,0.0010375669226050377,0.0009869001805782318,0.0019317716360092163
233,11.700000000000001,-4.173378622228267,3.800000011920929,0.13044202327728271,0.04606170207262039,0.800000011920929,0.35,1,1,0,0,0,0,0,,,,nan,0,0.7099788784980774,0.9292140007019043,12.619104385375977,0.699999988079071,1.0,-0.11208698989785654,1,1,0,0,0.2163588162885901,0.699999988079071,recovery_relaxed,0.01576239978808118,0,0,12,,predictive_link_1,0,1,1,zero_sensitivity; recovery=solved,recovery_maximin,0.44834795959142604,valid,-0.11208698989785654,0.133196537|-0.11208699|-0.00806611407|0.0955478073|0.119159671|0.100968344,0.283196537|0.0379130101|0.141933886|0.245547807|0.269159671|0.250968344,0.253196537|0.0079130101|0.111933886|0.215547807|0.239159671|0.220968344,0.15|0.0988972908|0.15|0.15|0.15|0.15,0|0|0.173929353|0.215157537|0.110132628|0.0794592708,-0.00872995713|9.25982647e-17|-0.141684349|-0.182613354|-0.236870643|-0.229969899,0.524056192|-0.44834796|-1.94524961e-05|0.414735412|0.349900668|0.253362747,0.402626246|-0.0673813447|0.35334596,-0.104824185|-0.296571314|-0.000908213377,0.005946525372564793,0.0010511931031942368,0.0010234471410512924,0.001971866935491562
234,11.75,-4.20410021877076,3.800000011920929,0.15037496387958527,0.05377540737390518,0.800000011920929,0.35,1,1,0,0,0,0,0,,,,nan,0,0.70867520570755,0.9056295156478882,3.7152442932128906,0.7000000476837158,1.0,-0.10422510094642828,1,1,0,0,0.2163588162885901,0.7000000476837158,recovery_relaxed,0.019358903663640438,0,0,12,,predictive_link_1,0,1,1,zero_sensitivity; recovery=solved,recovery_maximin,0.41690040378571314,valid,-0.10422510094642828,0.13282296|-0.104225101|-0.0041146298|0.0957509055|0.11346644|0.0945095461,0.28282296|0.0457748991|0.14588537|0.245750906|0.26346644|0.244509546,0.25282296|0.0157748991|0.11588537|0.215750906|0.23346644|0.214509546,0.139272647|0.036504982|0.15|0.15|0.15|0.15,0|0|0.175358075|0.220615369|0.109713922|0.081317685,-1.1547841e-18|1.05945151e-17|-0.124064448|-0.167475558|-0.228551009|-0.222440474,0.531291841|-0.416900404|0.0348351085|0.436143433|0.335028674|0.236915395,0.39738521|-0.0822099373|0.353300542,-0.104824185|-0.296571314|-0.000908213377,0.006374579854309559,0.0010234368965029716,0.001274394802749157,0.002116975374519825
235,11.8,-4.084741917753003,3.800000011920929,0.16306181252002716,0.060714684426784515,0.800000011920929,0.35,1,1,0,0,0,0,0,,,,nan,0,0.4427221119403839,5.657138347625732,109.74254608154297,0.0,1.0,-0.09622459346430248,1,1,0,0,0.2163588162885901,0.0,recovery_relaxed,0.4427220849388154,0,0,12,,predictive_link_1,0,1,1,zero_sensitivity,recovery_hard_constraints,0.37304541095229343,valid,-0.09622459346430248,0.132641796|-0.0962245935|0.00108361267|0.0970734861|0.108319014|0.0885514462,0.282641796|0.0537754065|0.151083613|0.247073486|0.258319014|0.238551446,0.252641796|0.0237754065|0.121083613|0.217073486|0.228319014|0.208551446,0.0897541783|0|0.15|0.15|0.15|0.15,0|0|0.110837127|0.138390379|0.0584718578|0.0442593014,-7.40465266e-20|0.0118529629|-0.105565016|-0.150175152|-0.217852429|-0.212371389,0.530567185|-0.373045411|0.00960656148|0.376509171|0.273895486|0.186093698,0.392144173|-0.0970385298|0.353255123,-0.104824185|-0.296571314|-0.000908213377,0.007871139794588089,0.0014031454920768738,0.0010558180510997772,0.003215169534087181
236,11.850000000000001,-3.959412733068937,3.800000011920929,0.1686210036277771,0.06657955795526505,0.800000011920929,0.35,1,1,0,0,0,0,0,,,,nan,0,0.2171008288860321,4.9811601638793945,20.662342071533203,0.0,1.0,-0.08928531151985586,1,1,0,0,0.2163588162885901,0.0,recovery_relaxed,0.2171008279432555,0,0,12,,predictive_link_1,0,1,1,zero_sensitivity,recovery_hard_constraints,0.3199725884835402,valid,-0.08928531151985586,0.132564487|-0.0892853115|0.00344638617|0.0959873608|0.101115959|0.0809082577,0.282564487|0.0607146885|0.153446386|0.245987361|0.251115959|0.230908258,0.252564487|0.0307146885|0.123446386|0.215987361|0.221115959|0.200908258,0.0399653535|0|0.15|0.15|0.15|0.15,0|0|0.05200534|0.062155204|0.0147712283|0.011480128,1.25141555e-17|0.0371686576|-0.0899131595|-0.13301363|-0.205990783|-0.200331356,0.530257949|-0.319972588|-0.0241222748|0.313091018|0.21324428|0.134781803,0.386903137|-0.111867122|0.353209704,-0.104824185|-0.296571314|-0.000908213377,0.00841681007295847,0.0018056072294712067,0.00102179404348135,0.0029908809810876846
237,11.9,-4.169945002975106,3.800000011920929,0.18492919206619263,0.07524905353784561,0.800000011920929,0.35,1,1,0,0,0,0,0,,,,nan,0,0.5779035091400146,8.94426441192627,253.42430114746094,0.0,1.0,-0.08342043092056095,1,1,0,0,0.2163588162885901,0.0,recovery_relaxed,0.5779035143388118,0,0,12,joint_3_acceleration_lower|joint_4_acceleration_lower,predictive_link_1,0,1,1,zero_sensitivity; recovery=solved,recovery_maximin,0.27383902580433794,valid,-0.08342043092056095,0.132575982|-0.0834204309|0.00281743112|0.0925337606|0.0921743951|0.0719305372,0.282575982|0.0665795691|0.152817431|0.242533761|0.242174395|0.221930537,0.252575982|0.0365795691|0.122817431|0.212533761|0.212174395|0.191930537,0|0|0.15|0.15|0.15|0.15,0|0|0.120542205|0.221425997|0.151799037|0.152944076,0.0022638607|0.0598426979|-0.0771723377|-0.117098951|-0.194201891|-0.187671061,0.532567787|-0.273839026|0.0546395919|0.474462088|0.326294726|0.252995164,0.381662101|-0.126695707|0.353164285,-0.104824185|-0.296571314|-0.000908213377,0.010886512696743011,0.0012638736516237259,0.0021959710866212845,0.0038108741864562035
238,11.950000000000001,-4.312016963434776,3.800000011920929,0.20835334062576294,0.08469263464212418,0.800000011920929,0.35,1,1,0,0,0,0,0,,,,nan,0,0.7453142404556274,5.96661376953125,161.9513397216797,0.0,1.0,-0.07475094028469256,1,1,0,0,0.2163588162885901,0.0,recovery_relaxed,0.7453142440052498,0,0,12,,predictive_link_1,0,1,1,zero_sensitivity; recovery=solved inaccurate,recovery_maximin,0.21786687109458108,valid,-0.07475094028469256,0.132866636|-0.0747509403|0.00778396444|0.0955829353|0.0910946296|0.0705284017,0.282866636|0.0752490597|0.157783964|0.245582935|0.24109463|0.220528402,0.252866636|0.0452490597|0.127783964|0.215582935|0.21109463|0.190528402,0|0|0.15|0.15|0.15|0.15,0|0|0.14061671|0.321986681|0.261993605|0.254020109,0.0134721538|0.08113689|-0.0594934617|-0.0984364223|-0.179288881|-0.172893258,0.544938698|-0.217866871|0.112259106|0.605882|0.447083243|0.363240458,0.376421064|-0.141524211|0.353118867,-0.104824185|-0.296571314|-0.000908213377,0.010142231360077858,0.00176188163459301,0.0017380369827151299,0.003352547064423561
239,12.0,-4.3295290049860125,3.800000011920929,0.23178823292255402,0.095124252140522,0.800000011920929,0.35,1,1,0,0,0,0,0,,,,nan,0,0.7068198919296265,1.5791195631027222,130.9083709716797,0.0,1.0,-0.06530734061676541,1,1,0,0,0.2163588162885901,0.0,recovery_relaxed,0.7068199060061549,0,0,12,,predictive_link_1,0,1,1,zero_sensitivity; recovery=solved inaccurate,recovery_maximin,0.16138108023173936,valid,-0.06530734061676541,0.133618003|-0.0653073406|0.016569873|0.104043686|0.09633236|0.0755756901,0.283618003|0.0846926594|0.166569873|0.254043686|0.24633236|0.22557569,0.253618003|0.0546926594|0.136569873|0.224043686|0.21633236|0.19557569,0|0|0.15|0.15|0.15|0.15,0|0|0.138988277|0.325531139|0.264442316|0.256707676,0.0245803091|0.0998482822|-0.0391354253|-0.0793338785|-0.162757792|-0.156845807,0.559052323|-0.16138108|0.166132343|0.662372005|0.487013963|0.402164629,0.371180028|-0.156352714|0.353073448,-0.104824185|-0.296571314|-0.000908213377,0.010530756786465645,0.0018083686009049416,0.0018837498500943184,0.0034193694591522217
