step,time,reward,cost,goal_error_norm,d_min,risk_global,beta,closest_link,safety_violation,collision,success,qdot_norm,acc_norm,jerk_norm,qdot_requested_norm,risk_speed_scale,risk_speed_h_min_m,recovery_active,recovery_triggered,recovery_success,recovery_initially_unsafe,recovery_initial_h_min_m,recovery_command_norm,safety_filter_status,safety_filter_intervention_norm,safety_filter_safe_stop,safety_filter_active_constraints,safety_filter_constraint_count,safety_filter_active_constraint_categories,safety_filter_max_constraint_category,safety_filter_projection_iterations,safety_filter_fallback_used,safety_filter_qp_solver_used,safety_filter_qp_solver_status,safety_filter_fallback_stage,safety_filter_max_constraint_violation,predictive_risk_status,predictive_h_min_m,predictive_h_by_link_m,predictive_distance_by_link_m,predictive_robust_distance_by_link_m,predictive_time_by_link_s,safety_jacobian_command_by_link_mps,safety_drift_by_link_mps,safety_constraint_residual_by_link_mps,filter_obstacle_position_m,filter_obstacle_velocity_mps,safety_filter_solve_time_s
0,0.05,-0.7747906697468818,0.5222411155700684,0.38737359642982483,0.19970278441905975,0.420548677444458,0.35,5,0,0,0,0.33636805415153503,6.727360725402832,134.54721069335938,0.3499999940395355,0.5394662540464914,0.04315730032371931,1,1,0,0,0.04315730032371931,0.3499999940395355,filtered,0.01991203864381338,0,0,12,joint_1_acceleration_lower,predictive_link_5,0,0,1,solved,osqp,0.0,valid,0.04315730032371931,0.327698372|0.342698364|0.307570099|0.148730307|0.106431519|0.0431573003,0.447698372|0.462698364|0.427570099|0.268730307|0.226431519|0.1631573,0.447698372|0.462698364|0.427570099|0.268730307|0.226431519|0.1631573,0.15|0.15|0.15|0.15|0.15|0.15,0|0|0.0411813333|0.191132698|0.203348475|0.19128712,-0.146379077|0|-0.166041353|-0.212755005|-0.252318206|-0.263536215,1.16441441|1.37079346|1.10542038|0.57329892|0.376756344|0.100380106,0.420927078|0.433621854|0.212244228,0.106185935|-0.351748437|0.00661098678,0.003702305257320404
1,0.1,-0.7400452025522872,0.4924694299697876,0.38468480110168457,0.19563372433185577,0.3939265310764313,0.35,5,0,0,0,0.3499999940395355,0.30489492416381836,129.15213012695312,0.3499999940395355,0.4967714954475188,0.0397417196358015,1,1,0,0,0.04315730032371931,0.3499999940395355,passthrough,2.3711971780440047e-11,0,0,12,,predictive_link_5,0,0,1,solved,osqp,0.0,valid,0.0397417196358015,0.320622038|0.335622026|0.301460463|0.147709617|0.104104827|0.0397417196,0.440622038|0.455622026|0.421460463|0.267709617|0.224104827|0.15974172,0.440622038|0.455622026|0.421460463|0.267709617|0.224104827|0.15974172,0.15|0.15|0.15|0.15|0.15|0.15,0|0|0.0429358758|0.199668145|0.212915118|0.201332121,-0.136617688|0|-0.155400361|-0.199755706|-0.239662405|-0.248591802,1.14587046|1.3424881|1.09337737|0.590750908|0.389672019|0.111707197,0.426236421|0.41603443|0.212574854,0.106185935|-0.351748437|0.00661098678,0.002343142405152321
2,0.15000000000000002,-0.7252924659600906,0.46890789270401,0.3826577365398407,0.19230543076992035,0.375116229057312,0.35,5,0,0,0,0.3499999940395355,0.42247724533081055,8.541360855102539,0.3499999940395355,0.4730362825289377,0.037842902602315015,1,1,0,0,0.04315730032371931,0.3499999940395355,passthrough,2.1629582587982312e-11,0,0,12,,predictive_link_5,0,0,1,solved,osqp,0.0,valid,0.037842902602315015,0.314042497|0.329042497|0.296097994|0.148048893|0.103140822|0.0378429026,0.434042497|0.449042497|0.416097994|0.268048893|0.223140822|0.157842903,0.434042497|0.449042497|0.416097994|0.268048893|0.223140822|0.157842903,0.15|0.15|0.15|0.15|0.15|0.15,0|0|0.0435335027|0.201844901|0.214357744|0.203634834,-0.126508878|0|-0.144236843|-0.185912532|-0.225845423|-0.231897253,1.12966111|1.31616999|1.08368863|0.608127941|0.401075609|0.123109191,0.431545764|0.398447007|0.212905481,0.106185935|-0.351748437|0.00661098678,0.0023723552003502846
3,0.2,-0.6963163555900247,0.4292052388191223,0.381338506937027,0.18981795012950897,0.34178420901298523,0.35,5,0,0,0,0.3500000238418579,0.4374457001686096,0.6226606965065002,0.3500000238418579,0.46182734947019416,0.036946187957615534,1,1,0,0,0.04315730032371931,0.3500000238418579,passthrough,1.9455885725148168e-11,0,0,12,,predictive_link_5,0,0,1,solved,osqp,0.0,valid,0.036946187957615534,0.307976865|0.322976865|0.291335274|0.149221094|0.102982563|0.036946188,0.427976865|0.442976865|0.411335274|0.269221094|0.222982563|0.156946188,0.427976865|0.442976865|0.411335274|0.269221094|0.222982563|0.156946188,0.15|0.15|0.15|0.15|0.15|0.15,0|0|0.0441006477|0.204247684|0.216104071|0.206222365,-0.116063507|0|-0.13262664|-0.171154881|-0.210761444|-0.21339842,1.11584395|1.29190746|1.0768151|0.629977181|0.417272878|0.140608697,0.436855108|0.380859584|0.213236108,0.106185935|-0.351748437|0.00661098678,0.0029921671375632286
4,0.25,-0.6626607628725555,0.38306525349617004,0.38076165318489075,0.18827591836452484,0.3035445213317871,0.35,5,0,0,0,0.3500000238418579,0.44725656509399414,0.6054151654243469,0.3500000238418579,0.4644326416845621,0.03715461133476497,1,1,0,0,0.04315730032371931,0.3500000238418579,passthrough,1.7293234849725735e-11,0,0,12,,predictive_link_5,0,0,1,solved,osqp,0.0,valid,0.03715461133476497,0.302441622|0.317441621|0.28719223|0.151282657|0.103708724|0.0371546113,0.422441622|0.437441621|0.40719223|0.271282657|0.223708724|0.157154611,0.422441622|0.437441621|0.40719223|0.271282657|0.223708724|0.157154611,0.15|0.15|0.15|0.15|0.15|0.15,0|0|0.0445969239|0.206841645|0.218159568|0.209082644,-0.105296105|0|-0.120597406|-0.155533694|-0.194427044|-0.193155068,1.10447038|1.26976648|1.07276844|0.656438578|0.43856742|0.164546022,0.442164451|0.36327216|0.213566735,0.106185935|-0.351748437|0.00661098678,0.00243571400642395
5,0.30000000000000004,-0.6630655072434026,0.3694550096988678,0.38094764947891235,0.18778444826602936,0.29915302991867065,0.35,5,0,0,0,0.3499999940395355,0.451009601354599,0.5913306474685669,0.3499999940395355,0.4820610799944159,0.03856488639955327,1,1,0,0,0.04315730032371931,0.3499999940395355,passthrough,1.5217085285865055e-11,0,0,12,,predictive_link_5,0,0,1,solved,osqp,0.0,valid,0.03856488639955327,0.297452426|0.312452417|0.283685127|0.154284318|0.105395667|0.0385648864,0.417452426|0.432452417|0.403685127|0.274284318|0.225395667|0.158564886,0.417452426|0.432452417|0.403685127|0.274284318|0.225395667|0.158564886,0.15|0.15|0.15|0.15|0.15|0.15,0|0|0.0449819828|0.209578631|0.220511271|0.212177432,-0.0942250012|0|-0.108185074|-0.139131658|-0.176905646|-0.17131661,1.0955847|1.24980967|1.07153742|0.687584243|0.465188292|0.195120367,0.447473794|0.345684737|0.213897362,0.106185935|-0.351748437|0.00661098678,0.002396724186837673
6,0.35000000000000003,-0.6665571068331246,0.3576916754245758,0.3819003999233246,0.18844346702098846,0.29759642481803894,0.35,5,0,0,0,0.3499999940395355,0.44824641942977905,0.5875629782676697,0.3499999940395355,0.5157693981135126,0.04126155184908101,1,1,0,0,0.04315730032371931,0.3499999940395355,passthrough,1.3311139057610981e-11,0,0,12,,predictive_link_5,0,0,1,solved,osqp,0.0,valid,0.04126155184908101,0.293023926|0.308023926|0.280826202|0.158269175|0.108114384|0.0412615518,0.413023926|0.428023926|0.400826202|0.278269175|0.228114384|0.161261552,0.413023926|0.428023926|0.400826202|0.278269175|0.228114384|0.161261552,0.15|0.15|0.15|0.15|0.15|0.15,0|0|0.0452189335|0.212400058|0.22312565|0.215441532,-0.082872376|0|-0.0954333444|-0.122063062|-0.158311623|-0.148125197,1.08922333|1.2320957|1.0730904|0.723413694|0.497271562|0.232362543,0.452783138|0.328097314|0.214227989,0.106185935|-0.351748437|0.00661098678,0.002332434058189392
7,0.4,-0.6675387332604032,0.342486172914505,0.38360729813575745,0.1903419941663742,0.2931596338748932,0.35,5,0,0,0,0.3499999940395355,0.4390234351158142,0.5966281294822693,0.3499999940395355,0.5663856759473691,0.045310854075789525,1,1,0,0,0.04315730032371931,0.3499999940395355,passthrough,1.1813515015823431e-11,0,0,12,,predictive_link_5,0,0,1,solved,osqp,0.0,valid,0.045310854075789525,0.289169561|0.304169545|0.278623388|0.163270232|0.111926018|0.0453108541,0.409169561|0.424169545|0.398623388|0.283270232|0.231926018|0.165310854,0.409169561|0.424169545|0.398623388|0.283270232|0.231926018|0.165310854,0.15|0.15|0.15|0.15|0.15|0.15,0|0|0.0452773587|0.215240837|0.22594814|0.218786427,-0.0712642109|0|-0.0823928512|-0.104470734|-0.138810252|-0.123907259,1.08541403|1.21667818|1.07737806|0.763851033|0.534841959|0.276122584,0.458092481|0.31050989|0.214558616,0.106185935|-0.351748437|0.00661098678,0.0024068793281912804
8,0.45,-0.6661618725099085,0.3242892324924469,0.3860406279563904,0.1935524195432663,0.2858148515224457,0.35,5,0,0,0,0.3500000238418579,0.4239148497581482,0.6146314144134521,0.3500000238418579,0.6344509135443498,0.05075607308354799,1,1,0,0,0.04315730032371931,0.3500000238418579,passthrough,1.0974857913372244e-11,0,0,12,,predictive_link_5,0,0,1,solved,osqp,0.0,valid,0.05075607308354799,0.285901385|0.300901385|0.277080363|0.169301739|0.11687889|0.0507560731,0.405901385|0.420901385|0.397080363|0.289301739|0.23687889|0.170756073,0.405901385|0.420901385|0.397080363|0.289301739|0.23687889|0.170756073,0.15|0.15|0.15|0.15|0.15|0.15,0|0|0.0451353834|0.217536424|0.228906127|0.222108738,-0.0594301367|0|-0.0691197124|-0.0865942935|-0.118611097|-0.0990516801,1.0841754|1.20360554|1.08433712|0.808149085|0.57781059|0.32608135,0.463401824|0.292922467|0.214889243,0.106185935|-0.351748437|0.00661098678,0.004270509816706181
9,0.5,-0.6627634357963973,0.3037020266056061,0.38916027545928955,0.19812564551830292,0.2756858468055725,0.35,5,0,0,0,0.3499999940395355,0.40390774607658386,0.6338165402412415,0.3499999940395355,0.7201870606683358,0.05761496485346687,1,1,0,0,0.04315730032371931,0.3499999940395355,passthrough,1.078668768422756e-11,0,0,12,,predictive_link_5,0,0,1,solved,osqp,0.0,valid,0.05761496485346687,0.28322988|0.29822988|0.276196833|0.17632924|0.123005987|0.0576149649,0.40322988|0.41822988|0.396196833|0.29632924|0.243005987|0.177614965,0.40322988|0.41822988|0.396196833|0.29632924|0.243005987|0.177614965,0.15|0.15|0.15|0.15|0.15|0.15,0|0|0.0447800458|0.219188956|0.231914379|0.225301546,-0.0474031671|0|-0.0556738128|-0.0686021648|-0.0979562539|-0.0739781817,1.08551635|1.19291952|1.09389357|0.855903751|0.625982072|0.381783223,0.468711168|0.275335044|0.21521987,0.106185935|-0.351748437|0.00661098678,0.002515333704650402
10,0.55,-0.657825099208524,0.28142017126083374,0.39291709661483765,0.2040879875421524,0.2630467712879181,0.35,5,0,0,0,0.3499999940395355,0.38023051619529724,0.6466673612594604,0.3499999940395355,0.8234878207909454,0.06587902566327564,1,1,0,0,0.04315730032371931,0.3499999940395355,passthrough,1.098479870409617e-11,0,0,12,,predictive_link_5,0,0,1,solved,osqp,0.0,valid,0.06587902566327564,0.281163801|0.296163801|0.275968846|0.184340157|0.130323141|0.0658790257,0.401163801|0.416163801|0.395968846|0.304340157|0.250323141|0.185879026,0.401163801|0.416163801|0.395968846|0.304340157|0.250323141|0.185879026,0.15|0.15|0.15|0.15|0.15|0.15,0|0|0.044207034|0.220599323|0.234882229|0.228265989,-0.0352193252|0|-0.0421170235|-0.0506051623|-0.0771048513|-0.0491019852,1.08943588|1.18465521|1.10596539|0.907354789|0.679069944|0.442680106,0.474020511|0.25774762|0.215550497,0.106185935|-0.351748437|0.00661098678,0.002412029542028904
11,0.6000000000000001,-0.6519181242739445,0.2581709921360016,0.3972564935684204,0.2114403396844864,0.24830147624015808,0.35,5,0,0,0,0.3500000238418579,0.3541695773601532,0.6485946178436279,0.3500000238418579,0.9439405443662549,0.07551524354930039,1,1,0,0,0.04315730032371931,0.3500000238418579,passthrough,1.1432518641334468e-11,0,0,12,,predictive_link_5,0,0,1,solved,osqp,0.0,valid,0.07551524354930039,0.279710039|0.294710039|0.276389122|0.193315305|0.138828918|0.0755152435,0.399710039|0.414710039|0.396389122|0.313315305|0.258828918|0.195515244,0.399710039|0.414710039|0.396389122|0.313315305|0.258828918|0.195515244,0.15|0.15|0.15|0.15|0.15|0.15,0|0|0.0434191422|0.221691448|0.237721254|0.230920471,-0.0229171627|0|-0.0285114977|-0.0327854155|-0.0563159236|-0.0248013517,1.09592299|1.17884016|1.12046413|0.962167251|0.736721002|0.508180093,0.479329854|0.240160197|0.215881124,0.106185935|-0.351748437|0.00661098678,0.0023585120216012
12,0.65,-0.5040517159345155,0.25320032238960266,0.3935105800628662,0.21179167926311493,0.24761922657489777,0.35,5,0,0,0,0.37013816833496094,9.261037826538086,188.87586975097656,0.418008953332901,1.0,0.08646966655570021,0,1,1,0,0.04315730032371931,0.0,filtered,0.10351522843301529,0,0,12,joint_0_acceleration_lower|joint_1_acceleration_upper|joint_2_acceleration_upper|joint_3_acceleration_upper,predictive_link_5,0,0,1,solved,osqp,0.0,valid,0.08646966655570021,0.278873503|0.293873503|0.277447586|0.203223058|0.14850497|0.0864696666,0.398873503|0.413873503|0.397447586|0.323223058|0.26850497|0.206469667,0.398873503|0.413873503|0.397447586|0.323223058|0.26850497|0.206469667,0.15|0.15|0.15|0.15|0.15|0.15,0|0|0.0119811974|0.0462910127|0.0393010099|0.0358388312,-0.0105371864|0|-0.0149179879|-0.0153089718|-0.0358325293|-0.00139342003,1.10495683|1.17549401|1.10685355|0.843874271|0.597488361|0.380324077,0.484639198|0.222572774|0.216211751,0.106185935|-0.351748437|0.00661098678,0.0024757059291005135
13,0.7000000000000001,-0.5174264162167578,0.4033736288547516,0.3832497298717499,0.20658059418201447,0.3997777998447418,0.35,5,0,0,0,0.6711767911911011,7.062138557434082,64.0814437866211,0.6711762547492981,1.0,0.08894734488247807,0,1,1,0,0.04315730032371931,0.0,filtered,6.221222464616485e-07,0,0,12,,predictive_link_5,0,0,1,solved,osqp,0.0,valid,0.08894734488247807,0.278649937|0.293649937|0.277828238|0.205717677|0.149619035|0.0889473449,0.398649937|0.413649937|0.397828238|0.325717677|0.269619035|0.208947345,0.398649937|0.413649937|0.397828238|0.325717677|0.269619035|0.208947345,0.142436543|0.142436543|0.15|0.15|0.15|0.116168656,0|0|0.00193543047|-0.064189609|-0.0981992094|-0.0871945642,-1.03339187e-17|0|-0.0018028997|-0.00278224923|-0.0223664122|3.34042115e-18,1.11459975|1.17459975|1.11144548|0.75589885|0.477910518|0.268594815,0.489948541|0.20498535|0.216542378,0.106185935|-0.351748437|0.00661098678,0.0024786870926618576
14,0.75,-0.5384728316835686,0.4966631531715393,0.3702000677585602,0.19828952848911285,0.4940558075904846,0.35,5,0,0,0,0.8066487908363342,5.106286525726318,135.50376892089844,0.8066480755805969,1.0,0.08481795619186677,0,1,1,0,0.04315730032371931,0.0,filtered,1.085280880012398e-06,0,0,12,,predictive_link_5,0,0,1,solved,osqp,0.0,valid,0.08481795619186677,0.278649998|0.293649998|0.277960567|0.202585815|0.143863616|0.0848179562,0.398649998|0.413649998|0.397960567|0.322585815|0.263863616|0.204817956,0.398649998|0.413649998|0.397960567|0.322585815|0.263863616|0.204817956,0.0924364985|0.0924364985|0.107311738|0.129247829|0.15|0.090780082,0|0|-0.0265077015|-0.142725192|-0.178813418|-0.160141239,1.30053849e-17|0|1.73008595e-17|1.73175601e-17|-0.0135703474|1.59204634e-17,1.11459999|1.17459999|1.08533457|0.667618068|0.383070698|0.179130585,0.495257884|0.187397927|0.216873005,0.106185935|-0.351748437|0.00661098678,0.0023939693346619606
15,0.8,-0.5555086252238152,0.5564318895339966,0.3560192584991455,0.1881970912218094,0.5545015335083008,0.35,5,0,0,0,0.8766319751739502,2.884228467941284,61.832366943359375,0.8766313791275024,0.9636741500184322,0.07709393200147457,0,1,1,0,0.04315730032371931,0.0,filtered,9.619241994064266e-07,0,0,12,,predictive_link_5,0,0,1,solved,osqp,0.0,valid,0.07709393200147457,0.278650032|0.293650026|0.27668036|0.195647001|0.134489337|0.077093932,0.398650032|0.413650026|0.39668036|0.315647001|0.254489337|0.197093932,0.398650032|0.413650026|0.39668036|0.315647001|0.254489337|0.197093932,0.0424364776|0.042436482|0.0594568859|0.10907958|0.15|0.0738110614,0|0|-0.0399725145|-0.18367439|-0.223243739|-0.196586492,-7.82160892e-18|0|-1.73285615e-17|8.54259166e-18|-0.00821305767|1.45296242e-17,1.11460013|1.17460011|1.06674892|0.598913614|0.306500553|0.111789236,0.500567198|0.169810504|0.217203632,0.106185935|-0.351748437|0.00661098678,0.0025812722742557526
16,0.8500000000000001,-0.5703100741944721,0.5583118796348572,0.34352654218673706,0.18000374734401703,0.557226300239563,0.35,5,0,0,0,0.7589266896247864,2.9088101387023926,94.5624008178711,0.7589266896247864,0.8422757457448568,0.06738205965958854,0,1,1,0,0.04315730032371931,0.0,passthrough,1.276879734099651e-09,0,0,12,,predictive_link_5,0,0,1,solved,osqp,0.0,valid,0.06738205965958854,0.278657198|0.293657197|0.2746641|0.186491061|0.122972393|0.0673820597,0.398657198|0.413657197|0.3946641|0.306491061|0.242972393|0.18738206,0.398657198|0.413657197|0.3946641|0.306491061|0.242972393|0.18738206,0|0|0.012858603|0.093982206|0.15|0.0599533835,0|0|-0.03227358|-0.149953892|-0.182412242|-0.157737271,0.00187881316|0|1.15707772e-18|2.56815231e-17|-0.00428829132|1.6142494e-17,1.11650761|1.17462879|1.06638282|0.596010351|0.305189037|0.111790968,0.505876541|0.15222308|0.217534259,0.106185935|-0.351748437|0.00661098678,0.003864300437271595
17,0.9,-0.4797555149633371,0.3169079124927521,0.3392811119556427,0.1805361658334732,0.3168494701385498,0.35,5,0,0,0,0.37771281599998474,9.508943557739258,148.68719482421875,0.3499999940395355,0.7446865274138567,0.05957492219310853,1,1,0,0,0.04315730032371931,0.3499999940395355,filtered,0.48128147909684843,0,0,12,joint_1_acceleration_lower|joint_2_acceleration_lower|joint_3_acceleration_lower|joint_5_acceleration_lower|joint_0_acceleration_upper,predictive_link_5,0,0,1,solved,osqp,0.0,valid,0.05957492219310853,0.279061554|0.294061554|0.273195606|0.179012877|0.113694026|0.0595749222,0.399061554|0.414061554|0.393195606|0.299012877|0.233694026|0.179574922,0.399061554|0.414061554|0.393195606|0.299012877|0.233694026|0.179574922,0|0|0|0.0763528845|0.146875015|0.0428989179,0|0|-0.000941320064|0.0317112166|0.0274969159|0.0313703882,0.0142883508|0|0.00887881065|6.42185308e-18|3.27478909e-17|3.60587168e-18,1.13053457|1.17624622|1.10071992|0.747762724|0.482273019|0.269670077,0.511185884|0.134635657|0.217864886,0.106185935|-0.351748437|0.00661098678,0.004122198559343815
18,0.9500000000000001,-0.5846253092956795,0.2954501807689667,0.342012882232666,0.18935813009738922,0.2954501211643219,0.35,5,0,0,0,0.28946927189826965,7.783084392547607,77.89370727539062,0.3499999940395355,0.7564116222331767,0.060512929778654134,1,1,0,0,0.04315730032371931,0.3499999940395355,filtered,0.11743010108953399,0,0,12,joint_5_acceleration_lower,predictive_link_5,0,0,1,solved,osqp,0.0,valid,0.060512929778654134,0.280085344|0.295085343|0.273705737|0.179961276|0.114424256|0.0605129298,0.400085344|0.415085343|0.393705737|0.299961276|0.234424256|0.18051293,0.400085344|0.415085343|0.393705737|0.299961276|0.234424256|0.18051293,0|0|0|0.041961014|0.115574494|0.00999385112,0|0|0.0316894601|0.17810805|0.194440122|0.179995059,0.0266491375|0|0.0216702526|-3.15366009e-17|6.66865038e-18|-3.18301654e-18,1.14699051|1.18034137|1.14818266|0.897953155|0.652137148|0.422046778,0.516495228|0.117048234|0.218195513,0.106185935|-0.351748437|0.00661098678,0.00404137559235096
19,1.0,-0.6072314749484065,0.2665327191352844,0.34748920798301697,0.20241375267505646,0.26653268933296204,0.35,5,0,0,0,0.3499999940395355,2.504781484603882,124.34282684326172,0.3499999940395355,0.8669762752588677,0.06935810202070941,1,1,0,0,0.04315730032371931,0.3499999940395355,passthrough,1.6071355852974036e-11,0,0,12,,predictive_link_5,0,0,1,solved,osqp,0.0,valid,0.06935810202070941,0.281725087|0.296725087|0.276540564|0.188356297|0.123646638|0.069358102,0.401725087|0.416725087|0.396540564|0.308356297|0.243646638|0.189358102,0.401725087|0.416725087|0.396540564|0.308356297|0.243646638|0.189358102,0|0|0|0|0.0663029886|0,0|0|0.046816125|0.226323462|0.244349439|0.230963516,0.0389196815|0|0.0350194345|0.00322520268|-7.84997141e-18|0.0173802436,1.16582003|1.18690035|1.18799782|0.982973853|0.738935991|0.525776167,0.521804571|0.0994608104|0.21852614,0.106185935|-0.351748437|0.00661098678,0.003943684510886669
20,1.05,-0.46729837343767605,0.25043511390686035,0.34579816460609436,0.2103482037782669,0.2504350543022156,0.35,5,0,0,0,0.4478301405906677,9.02734661102295,205.5345458984375,0.5196689963340759,1.0,0.08241374249094718,0,1,1,0,0.04315730032371931,0.0,filtered,0.13280541342665705,0,0,12,joint_5_acceleration_upper,predictive_link_5,0,0,1,solved,osqp,0.0,valid,0.08241374249094718,0.283975265|0.298975249|0.28093596|0.20033141|0.13585538|0.0824137425,0.403975265|0.418975249|0.40093596|0.32033141|0.25585538|0.202413742,0.403975265|0.418975249|0.40093596|0.32033141|0.25585538|0.202413742,0|0|0|0|0.00871371684|0,0|0|0.0362043743|0.117132819|0.106132032|0.10770047,0.0510600026|0|0.0484418153|0.0215859233|-1.94165557e-17|0.0409030661,1.18696106|1.195901|1.20839003|0.940044385|0.649553553|0.478258506,0.527113914|0.0818733871|0.218856767,0.106185935|-0.351748437|0.00661098678,0.003556978888809681
21,1.1,-0.33359671502083105,0.24432101845741272,0.33775633573532104,0.2135048359632492,0.24432095885276794,0.35,5,0,0,0,0.763937771320343,7.661548137664795,36.86549758911133,0.7753719687461853,1.0,0.09034817527968586,0,1,1,0,0.04315730032371931,0.0,filtered,0.041527781427016665,0,0,12,,predictive_link_5,0,0,1,solved,osqp,0.0,valid,0.09034817527968586,0.28682841|0.30182841|0.285508381|0.207708647|0.14153174|0.0903481753,0.40682841|0.42182841|0.405508381|0.327708647|0.26153174|0.210348175,0.40682841|0.42182841|0.405508381|0.327708647|0.26153174|0.210348175,0|0|0|0|0|0,0|0|0.031224324|0.0205577292|-0.0155538256|-0.0021077157,0.0630322574|0|0.0613678947|0.0351012587|0.0125085033|0.0577352682,1.2103459|1.20731364|1.23462574|0.886493576|0.563081636|0.417020254,0.532423258|0.0642859638|0.219187394,0.106185935|-0.351748437|0.00661098678,0.0037575457245111465
22,1.1500000000000001,-0.2414970542783979,0.2527938187122345,0.3252599835395813,0.21254940330982208,0.2527937889099121,0.35,5,0,0,0,0.9302666187286377,4.527097702026367,82.88176727294922,0.9302663207054138,1.0,0.09350480932785726,0,1,1,0,0.04315730032371931,0.0,filtered,3.720540164981207e-07,0,0,12,,predictive_link_5,0,0,1,solved,osqp,0.0,valid,0.09350480932785726,0.290275228|0.305275228|0.290445179|0.210702236|0.141667108|0.0935048093,0.410275228|0.425275228|0.410445179|0.330702236|0.261667108|0.213504809,0.410275228|0.425275228|0.410445179|0.330702236|0.261667108|0.213504809,0|0|0|0|0|0,0|0|0.0248121432|-0.0736047252|-0.123168413|-0.0973636453,0.0748012884|0|0.0738952658|0.0448563421|0.0238320574|0.0700698622,1.2359022|1.22110091|1.26048812|0.814060561|0.467332076|0.346725454,0.537732601|0.0466985404|0.219518021,0.106185935|-0.351748437|0.00661098678,0.004000796936452389
23,1.2000000000000002,-0.3013098753778508,0.40196800231933594,0.3089604675769806,0.20712240040302277,0.40196794271469116,0.35,5,0,0,0,1.0697126388549805,4.266168594360352,65.06422424316406,1.069711685180664,1.0,0.09254939206795065,0,1,1,0,0.04315730032371931,0.0,filtered,1.6591520334655955e-06,0,0,12,,predictive_link_5,0,0,1,solved,osqp,0.0,valid,0.09254939206795065,0.294304743|0.309304734|0.295678845|0.209324414|0.136937426|0.0925493921,0.414304743|0.429304734|0.415678845|0.329324414|0.256937426|0.212549392,0.414304743|0.429304734|0.415678845|0.329324414|0.256937426|0.212549392,0|0|0|0|0|0,0|0|0.00614433911|-0.18549823|-0.234255376|-0.200099175,0.0863350706|0|0.0860403342|0.0519319262|0.0326580072|0.0802746966,1.26355404|1.23721894|1.27490006|0.703731352|0.346152336|0.250373089,0.543041945|0.0291111171|0.219848648,0.106185935|-0.351748437|0.00661098678,0.0036279847845435143
24,1.25,-0.2245137894338248,0.30259793996810913,0.2947459816932678,0.20563428103923798,0.30259793996810913,0.35,5,0,0,0,0.9897178411483765,6.345240592956543,172.22190856933594,0.9719558954238892,1.0,0.08712239082626877,0,1,1,0,0.04315730032371931,0.0,filtered,0.10558839456104376,0,0,12,joint_3_acceleration_lower,predictive_link_5,0,0,1,solved,osqp,0.0,valid,0.08712239082626877,0.298904463|0.313904463|0.300617976|0.202884546|0.12718108|0.0871223908,0.418904463|0.433904463|0.420617976|0.322884546|0.24718108|0.207122391,0.418904463|0.433904463|0.420617976|0.322884546|0.24718108|0.207122391,0|0|0|0|0|0,0|0|0.0252635347|-0.115592692|-0.148808268|-0.125107516,0.0976050555|0|0.0976915|0.0581894492|0.0395020824|0.0889418341,1.29322291|1.25561785|1.32542694|0.754134939|0.399418135|0.312323882,0.548351288|0.0115236938|0.220179275,0.106185935|-0.351748437|0.00661098678,0.003757622092962265
25,1.3,-0.25414654352680266,0.3918616771697998,0.2784406244754791,0.20149092376232147,0.3918616473674774,0.35,5,0,0,0,1.0404044389724731,2.6887423992156982,122.7247085571289,1.0404036045074463,1.0,0.08563425449850137,0,1,1,0,0.04315730032371931,0.0,filtered,1.2869573742509524e-06,0,0,12,,predictive_link_5,0,0,1,solved,osqp,0.0,valid,0.08563425449850137,0.304060562|0.319060555|0.307028343|0.200138059|0.121879907|0.0856342545,0.424060562|0.439060555|0.427028343|0.320138059|0.241879907|0.205634254,0.424060562|0.439060555|0.427028343|0.320138059|0.241879907|0.205634254,0|0|0|0|0|0,0|0|0.0150852|-0.185185999|-0.217879583|-0.188267086,0.108586401|0|0.109200248|0.0647930159|0.0464714269|0.0975422614,1.32482865|1.27624222|1.35239882|0.680159252|0.316111473|0.251812193,0.553660631|-0.00606372952|0.220509902,0.106185935|-0.351748437|0.00661098678,0.002448570914566517
26,1.35,-0.1661290592332489,0.26727303862571716,0.2648751735687256,0.20206116139888763,0.2672730088233948,0.35,5,0,0,0,0.9237173795700073,5.211930274963379,128.9496307373047,0.9237168431282043,1.0,0.081490902061372,0,1,1,0,0.04315730032371931,0.0,filtered,7.968228575843236e-07,0,0,12,,predictive_link_5,0,0,1,solved,osqp,0.0,valid,0.081490902061372,0.309758067|0.324758067|0.313513666|0.194276887|0.113513781|0.0814909021,0.429758067|0.444758067|0.433513666|0.314276887|0.233513781|0.201490902,0.429758067|0.444758067|0.433513666|0.314276887|0.233513781|0.201490902,0|0|0|0|0|0,0|0|0.0324873519|-0.0967202203|-0.119373183|-0.100414023,0.119258092|0|0.120270843|0.0707712056|0.0527643181|0.105989021,1.35829036|1.29903227|1.40681286|0.751158534|0.387446258|0.331538606,0.558969975|-0.0236511528|0.220840529,0.106185935|-0.351748437|0.00661098678,0.0024746740236878395
27,1.4000000000000001,-0.222595528549746,0.3905210793018341,0.24853116273880005,0.2000405341386795,0.3905210793018341,0.35,5,0,0,0,1.0565215349197388,5.226056098937988,203.56578063964844,1.0565208196640015,1.0,0.08206114202063053,0,1,1,0,0.04315730032371931,0.0,filtered,1.4883359420892603e-06,0,0,12,,predictive_link_5,0,0,1,solved,osqp,0.0,valid,0.08206114202063053,0.315981049|0.330981049|0.321374264|0.193111395|0.110359848|0.082061142,0.435981049|0.450981049|0.441374264|0.313111395|0.230359848|0.202061142,0.435981049|0.450981049|0.441374264|0.313111395|0.230359848|0.202061142,0|0|0|0|0|0,0|0|0.0179447537|-0.175291292|-0.206197209|-0.165115181,0.129602958|0|0.131138474|0.0775310663|0.0599412213|0.114568682,1.39352715|1.32392419|1.43458028|0.674685356|0.295183402|0.277698069,0.564279318|-0.0412385762|0.221171156,0.106185935|-0.351748437|0.00661098678,0.0024707773700356483
28,1.4500000000000002,-0.21517459211305387,0.409887433052063,0.2317359745502472,0.19829748570919037,0.4098873734474182,0.35,5,0,0,0,1.0865578651428223,1.40507173538208,101.65526580810547,1.0865577459335327,1.0,0.08004056826032513,0,1,1,0,0.04315730032371931,0.0,filtered,3.331387965762132e-07,0,0,12,,predictive_link_4,0,0,1,solved,osqp,0.0,valid,0.08004056826032513,0.322712816|0.337712804|0.329079301|0.188439555|0.103359049|0.0800405683,0.442712816|0.457712804|0.449079301|0.308439555|0.223359049|0.200040568,0.442712816|0.457712804|0.449079301|0.308439555|0.223359049|0.200040568,0|0|0|0|0|0,0|0|0.0166460525|-0.186940117|-0.213948926|-0.168795787,0.139607598|0|0.141508899|0.0837421991|0.0670149172|0.123004101,1.43045886|1.35085122|1.47447216|0.650560304|0.266502186|0.274370588,0.569588661|-0.0588259995|0.221501783,0.106185935|-0.351748437|0.00661098678,0.002427339553833008
29,1.5,-0.2203495408156835,0.4174466133117676,0.21558919548988342,0.19751329720020294,0.4174466133117676,0.35,5,0,0,0,1.0245115756988525,2.4239392280578613,67.9824447631836,1.0245115756988525,0.9787185593150373,0.07829748474520298,0,1,1,0,0.04315730032371931,0.0,filtered,5.4016282911590803e-08,0,0,12,,predictive_link_4,0,0,1,solved,osqp,0.0,valid,0.07829748474520298,0.329936098|0.344936098|0.337226895|0.18351593|0.0963616565|0.0782974847,0.449936098|0.464936098|0.457226895|0.30351593|0.216361657|0.198297485,0.449936098|0.464936098|0.457226895|0.30351593|0.216361657|0.198297485,0|0|0|0|0|0,0|0|0.015249409|-0.188568229|-0.212177401|-0.158612997,0.149262226|0|0.151490079|0.0900549438|0.0744008712|0.131375053,1.46900662|1.37974439|1.51564707|0.635550435|0.247670097|0.285951995,0.574898005|-0.0764134228|0.22183241,0.106185935|-0.351748437|0.00661098678,0.002572028897702694
30,1.55,-0.25370675865829534,0.47352200746536255,0.1989378035068512,0.19618062674999237,0.4735219478607178,0.35,5,0,0,0,1.0216007232666016,2.751922130584717,55.56795883178711,1.0216007232666016,0.9689163660575845,0.07751330928460676,0,1,1,0,0.04315730032371931,0.0,filtered,1.13693640859256e-07,0,0,12,,predictive_link_4,0,0,1,solved,osqp,0.0,valid,0.07751330928460676,0.337633222|0.352633212|0.345794866|0.178855069|0.0898788442|0.0775133093,0.457633222|0.472633212|0.465794866|0.298855069|0.209878844|0.197513309,0.457633222|0.472633212|0.465794866|0.298855069|0.209878844|0.197513309,0|0|0|0|0|0,0|0|0.00532494357|-0.230101944|-0.253389127|-0.178261488,0.158560456|0|0.161076783|0.0967690974|0.0826279975|0.140552032,1.50909334|1.41053285|1.54958119|0.58208743|0.188754247|0.272343782,0.580207348|-0.0940008461|0.222163036,0.106185935|-0.351748437|0.00661098678,0.0024459045380353928
31,1.6,-0.2805489452600023,0.4980244040489197,0.18304499983787537,0.19358433783054352,0.4980243742465973,0.35,5,0,0,0,0.9758041501045227,3.980029344558716,52.46122360229492,0.9758039712905884,0.9522580195055086,0.07618064156044069,0,1,1,0,0.04315730032371931,0.0,filtered,3.974852926063366e-07,0,0,12,,predictive_link_4,0,0,1,solved,osqp,0.0,valid,0.07618064156044069,0.345786273|0.360786273|0.354343269|0.172478474|0.0818425638|0.0761806416,0.465786273|0.480786273|0.474343269|0.292478474|0.201842564|0.196180642,0.465786273|0.480786273|0.474343269|0.292478474|0.201842564|0.196180642,0|0|0|0|0|0,0|0|-0.000629373123|-0.244440732|-0.262712144|-0.184260142,0.167499034|0|0.170203906|0.103535828|0.0916719509|0.144544577,1.55064412|1.44314509|1.58694761|0.54900899|0.156330062|0.265007001,0.585516691|-0.111588269|0.222493663,0.106185935|-0.351748437|0.00661098678,0.0024328790605068207
32,1.6500000000000001,-0.2823423030750212,0.4742647707462311,0.16912424564361572,0.18808680772781372,0.47426486015319824,0.35,4,0,0,0,0.8949872851371765,3.8014299869537354,42.27339172363281,0.8949869275093079,0.9198043625221072,0.07358434900176858,0,1,1,0,0.04315730032371931,0.0,filtered,7.720602028202516e-07,0,0,12,,predictive_link_4,0,0,1,solved,osqp,0.0,valid,0.07358434900176858,0.354377246|0.369377246|0.363041463|0.165748227|0.0738798826|0.073584349,0.474377246|0.489377246|0.483041463|0.285748227|0.193879883|0.193584349,0.474377246|0.489377246|0.483041463|0.285748227|0.193879883|0.193584349,0|0|0|0|0|0,0|0|-0.00227695383|-0.220644388|-0.22949969|-0.186032716,0.176077541|0|0.17890511|0.110613095|0.101765839|0.135617812,1.59358653|1.47750899|1.62879401|0.552961613|0.16778568|0.243922491,0.590826035|-0.129175693|0.22282429,0.106185935|-0.351748437|0.00661098678,0.003682456910610199
33,1.7000000000000002,-0.2975266269456745,0.47837984561920166,0.15633229911327362,0.1828998625278473,0.4783798158168793,0.35,4,0,0,0,0.8554471731185913,2.285264492034912,63.80573272705078,0.8554471731185913,0.8510855975741694,0.06808684780593355,0,1,1,0,0.04315730032371931,0.0,passthrough,1.3740177395935125e-09,0,0,12,,predictive_link_4,0,0,1,solved,osqp,0.0,valid,0.06808684780593355,0.363388182|0.378388169|0.372082367|0.160566143|0.0680868478|0.0705351782,0.483388182|0.498388169|0.492082367|0.280566143|0.188086848|0.190535178,0.483388182|0.498388169|0.492082367|0.280566143|0.188086848|0.190535178,0|0|0|0|0|0,0|0|-0.00925768242|-0.227667442|-0.229136498|-0.211025476,0.184298079|0|0.187216069|0.118272886|0.112805801|0.12722602,1.63785081|1.51355268|1.66628785|0.532870014|0.156016694|0.198341257,0.596135378|-0.146763116|0.223154917,0.106185935|-0.351748437|0.00661098678,0.0037305597215890884
34,1.75,-0.2205769586771794,0.36230921745300293,0.14606209099292755,0.18073350191116333,0.36230918765068054,0.35,4,0,0,0,0.7675695419311523,2.1522514820098877,45.53073501586914,0.7675695419311523,0.7862482988682619,0.06289986390946095,0,1,1,0,0.04315730032371931,0.0,passthrough,1.287454046028607e-09,0,0,12,,predictive_link_4,0,0,1,solved,osqp,0.0,valid,0.06289986390946095,0.372801281|0.387801281|0.381176067|0.1554213|0.0628998639|0.0658998639,0.492801281|0.507801281|0.501176067|0.2754213|0.182899864|0.185899864,0.492801281|0.507801281|0.501176067|0.2754213|0.182899864|0.185899864,0|0|0|0|0|0,0|0|-0.00667431805|-0.187225482|-0.181262238|-0.181262238,0.192164943|0|0.19510113|0.12680802|0.125470425|0.125470425,1.68337007|1.55120512|1.71313108|0.561267739|0.195807642|0.207807642,0.601444721|-0.164350539|0.223485544,0.106185935|-0.351748437|0.00661098678,0.003951814025640488
35,1.8,-0.1901398163746697,0.3295416235923767,0.1361728310585022,0.17919069528579712,0.3295416533946991,0.35,4,0,0,0,0.7140928506851196,3.897167682647705,65.85128021240234,0.7140928506851196,0.7591688048685055,0.06073350438948044,0,1,1,0,0.04315730032371931,0.0,passthrough,1.0655066373032904e-09,0,0,12,,predictive_link_4,0,0,1,solved,osqp,0.0,valid,0.06073350438948044,0.382599005|0.397599005|0.390785789|0.152726962|0.0607335044|0.0637335044,0.502599005|0.517599005|0.510785789|0.272726962|0.180733504|0.183733504,0.502599005|0.517599005|0.510785789|0.272726962|0.180733504|0.183733504,0|0|0|0|0|0,0|0|-0.0128640249|-0.197132024|-0.183957327|-0.183957327,0.199684307|0|0.202642313|0.136643478|0.139879692|0.139879692,1.73008033|1.59039602|1.75292144|0.550419301|0.198856383|0.210856383,0.606754065|-0.181937963|0.223816171,0.106185935|-0.351748437|0.00661098678,0.003863118588924408
36,1.85,-0.30799398919234827,0.30063164234161377,0.13413706421852112,0.18716177344322205,0.30063164234161377,0.35,4,0,0,0,0.32688939571380615,8.955805778503418,194.0005645751953,0.3500000238418579,0.7398839224409044,0.059190713795272354,1,1,0,0,0.04315730032371931,0.3500000238418579,filtered,0.4751349384326729,0,0,12,joint_1_acceleration_lower|joint_2_acceleration_lower|joint_3_acceleration_lower|joint_5_acceleration_lower|joint_0_acceleration_upper,predictive_link_4,0,0,1,solved,osqp,0.0,valid,0.059190713795272354,0.392764169|0.407764169|0.400447736|0.150040737|0.0591907138|0.0621907138,0.512764169|0.527764169|0.520447736|0.270040737|0.179190714|0.182190714,0.512764169|0.527764169|0.520447736|0.270040737|0.179190714|0.182190714,0|0|0|0|0|0,0|0|0.0145052969|-0.00348194707|0.00327180038|0.00327180038,0.206863914|0|0.209781235|0.147204618|0.155415514|0.155415514,1.77792059|1.63105667|1.82607747|0.74388562|0.395450169|0.407450169,0.612063408|-0.199525386|0.224146798,0.106185935|-0.351748437|0.00661098678,0.00394379161298275
37,1.9000000000000001,-0.4178642284627254,0.26160475611686707,0.14029432833194733,0.20478743314743042,0.26160481572151184,0.35,4,0,0,0,0.30675721168518066,7.786989688873291,46.6859016418457,0.3500000238418579,0.8395222102345986,0.0671617768187679,1,1,0,0,0.04315730032371931,0.3500000238418579,filtered,0.12340200986946946,0,0,12,joint_1_acceleration_lower|joint_2_acceleration_lower|joint_0_acceleration_upper,workspace_x_lower,0,0,1,solved,osqp,0.0,valid,0.0671617768187679,0.403280003|0.418280003|0.411737061|0.157139832|0.0671617768|0.0701617768,0.523280003|0.538280003|0.531737061|0.277139832|0.187161777|0.190161777,0.523280003|0.538280003|0.531737061|0.277139832|0.187161777|0.190161777,0|0|0|0|0|0,0|0|0.0415358429|0.187314246|0.180131061|0.180131061,0.213712788|0|0.216772306|0.160103198|0.172007336|0.172007336,1.8268328|1.67312001|1.90525639|0.975976773|0.620785504|0.632785504,0.617372751|-0.217112809|0.224477425,0.106185935|-0.351748437|0.00661098678,0.00395642314106226
38,1.9500000000000002,-0.32728624306819415,0.23094132542610168,0.14294101297855377,0.220716655254364,0.23094134032726288,0.35,4,0,0,0,0.5337138772010803,8.854561805725098,309.6701965332031,0.5600216388702393,1.0,0.08478745660245485,0,1,1,0,0.04315730032371931,0.0,filtered,0.05056922407561202,0,0,12,joint_0_acceleration_lower|joint_5_acceleration_upper,workspace_x_lower,0,0,1,solved,osqp,0.0,valid,0.08478745660245485,0.41413022|0.429130194|0.424664467|0.174465483|0.0847874566|0.0877874566,0.53413022|0.549130194|0.544664467|0.294465483|0.204787457|0.207787457,0.53413022|0.549130194|0.544664467|0.294465483|0.204787457|0.207787457,0|0|0|0|0|0,0|0|0.0408247488|0.119591326|0.123900951|0.123900951,0.220240964|0|0.223555088|0.174218143|0.188346331|0.188346331,1.87676185|1.71652078|1.96303771|0.991671399|0.651397109|0.663397109,0.622682095|-0.234700233|0.224808052,0.106185935|-0.351748437|0.00661098678,0.00407452043145895
39,2.0,-0.20808492040613588,0.21240732073783875,0.1403501182794571,0.23148182034492493,0.21240735054016113,0.35,4,0,0,0,0.6477668881416321,5.401289463043213,138.644287109375,0.6477664709091187,1.0,0.10071666601853457,0,1,1,0,0.04315730032371931,0.0,filtered,6.863042039582105e-07,0,0,12,,workspace_x_lower,0,0,1,solved,osqp,0.0,valid,0.10071666601853457,0.425299052|0.440299042|0.437963811|0.189427617|0.100716666|0.103716666,0.545299052|0.560299042|0.557963811|0.309427617|0.220716666|0.223716666,0.545299052|0.560299042|0.557963811|0.309427617|0.220716666|0.223716666,0|0|0|0|0|0,0|0|0.0237386866|-0.00912817422|0.00345032168|0.00345032168,0.226459252|0|0.229929437|0.185648819|0.201609635|0.201609635,1.92765546|1.76119617|2.00552337|0.934231114|0.607926621|0.619926621,0.627991438|-0.252287656|0.225138679,0.106185935|-0.351748437|0.00661098678,0.003758767619729042
40,2.0500000000000003,-0.13235541968229092,0.20149941742420197,0.13435491919517517,0.23830047249794006,0.20149946212768555,0.35,4,0,0,0,0.6824345588684082,5.164394378662109,101.95531463623047,0.6824345588684082,1.0,0.1114818282048724,0,1,1,0,0.04315730032371931,0.0,filtered,8.694699644332846e-08,0,0,12,,workspace_x_lower,0,0,1,solved,osqp,0.0,valid,0.1114818282048724,0.436771286|0.451771286|0.450789161|0.19867312|0.111481828|0.114481828,0.556771286|0.571771286|0.570789161|0.31867312|0.231481828|0.234481828,0.556771286|0.571771286|0.570789161|0.31867312|0.231481828|0.234481828,0|0|0|0|0|0,0|0|0.00940863386|-0.11190879|-0.0881457034|-0.0881457034,0.232379013|0|0.23589006|0.195311247|0.212929758|0.212929758,1.97946416|1.80708515|2.04845534|0.878094938|0.570711367|0.582711367,0.633300781|-0.269875079|0.225469306,0.106185935|-0.351748437|0.00661098678,0.003714938648045063
41,2.1,-0.06646875334244329,0.1977887749671936,0.12513339519500732,0.2407112419605255,0.19778884947299957,0.35,4,0,0,0,0.7889038324356079,5.788503170013428,64.61271667480469,0.792532205581665,1.0,0.11830049021720851,0,1,1,0,0.04315730032371931,0.0,filtered,0.023019091216722288,0,0,12,joint_1_acceleration_upper,workspace_x_lower,0,0,1,solved,osqp,0.0,valid,0.11830049021720851,0.448532289|0.463532289|0.463199347|0.203245156|0.11830049|0.12130049,0.568532289|0.583532289|0.583199347|0.323245156|0.23830049|0.24130049,0.568532289|0.583532289|0.583199347|0.323245156|0.23830049|0.24130049,0|0|0|0|0|0,0|0|-0.0124424248|-0.239476635|-0.194219717|-0.194219717,0.238011977|0|0.241517374|0.20404953|0.223383764|0.223383764,2.03214113|1.85412915|2.08187234|0.777553518|0.502366008|0.514366008,0.638610125|-0.287462503|0.225799933,0.106185935|-0.351748437|0.00661098678,0.0024268468841910362
42,2.15,-0.026728775869975796,0.19870150089263916,0.11397997289896011,0.240113765001297,0.19870153069496155,0.35,4,0,0,0,0.9214874505996704,5.297176361083984,48.99924087524414,0.9214867353439331,1.0,0.12071126935015342,0,1,1,0,0.04315730032371931,0.0,filtered,1.1079484842485452e-06,0,0,12,,workspace_x_lower,0,0,1,solved,osqp,0.0,valid,0.12071126935015342,0.460568017|0.475568017|0.474811224|0.202100361|0.120711269|0.123711269,0.580568017|0.595568017|0.594811224|0.322100361|0.240711269|0.243711269,0.580568017|0.595568017|0.594811224|0.322100361|0.240711269|0.243711269,0|0|0|0|0|0,0|0|-0.0343340819|-0.346916146|-0.271327592|-0.271327592,0.243370075|0|0.246843416|0.212676618|0.234280404|0.234280404,2.08564214|1.90227207|2.11175423|0.674161915|0.445797889|0.457797889,0.643919468|-0.305049926|0.22613056,0.106185935|-0.351748437|0.00661098678,0.0024399561807513237
43,2.2,-0.0636219097745995,0.22450920939445496,0.10372703522443771,0.24008101224899292,0.22450917959213257,0.35,4,0,0,0,1.0223454236984253,4.633554458618164,88.7530517578125,1.0223454236984253,1.0,0.12011378127415101,0,1,1,0,0.04315730032371931,0.0,passthrough,6.324407138225929e-12,0,0,12,,workspace_x_lower,0,0,1,solved,osqp,0.0,valid,0.12011378127415101,0.472865028|0.487865025|0.485505576|0.196117035|0.120113781|0.123113781,0.592865028|0.607865025|0.605505576|0.316117035|0.240113781|0.243113781,0.592865028|0.607865025|0.605505576|0.316117035|0.240113781|0.243113781,0|0|0|0|0|0,0|0|-0.0487627223|-0.390094551|-0.277570374|-0.277570374,0.248465299|0|0.251834108|0.22247178|0.246864879|0.246864879,2.13992541|1.9514601|2.14509369|0.616845367|0.44974963|0.46174963,0.649228811|-0.322637349|0.226461187,0.106185935|-0.351748437|0.00661098678,0.0024989303201436996
44,2.25,-0.15076692915099485,0.18736091256141663,0.10040710121393204,0.24775764346122742,0.18736089766025543,0.35,4,0,0,0,1.0286699533462524,5.478737831115723,118.38841247558594,1.0279072523117065,1.0,0.12008100227559854,0,1,1,0,0.04315730032371931,0.0,filtered,0.0039866688286736215,0,0,12,joint_1_acceleration_lower,workspace_x_lower,0,0,1,solved,osqp,0.0,valid,0.12008100227559854,0.485410477|0.500410477|0.495634349|0.18854327|0.120081002|0.123081002,0.605410477|0.620410477|0.615634349|0.30854327|0.240081002|0.243081002,0.605410477|0.620410477|0.615634349|0.30854327|0.240081002|0.243081002,0|0|0|0|0|0,0|0|-0.0271443646|-0.261137805|-0.130649166|-0.130649166,0.253309585|0|0.256442766|0.233271405|0.260110923|0.260110923,2.19495149|2.00164191|2.2118358|0.726306682|0.609785766|0.621785766,0.654538155|-0.340224773|0.226791814,0.106185935|-0.351748437|0.00661098678,0.002379009500145912
45,2.3000000000000003,-0.16135130147566087,0.17482836544513702,0.09851455688476562,0.2568129599094391,0.17482835054397583,0.35,4,0,0,0,1.1038610935211182,3.4329259395599365,160.17132568359375,1.1038610935211182,1.0,0.12775763183473038,0,1,1,0,0.04315730032371931,0.0,passthrough,5.666872149929687e-12,0,0,12,,workspace_x_lower,0,0,1,solved,osqp,0.0,valid,0.12775763183473038,0.498192112|0.513192112|0.50714235|0.187823215|0.127757632|0.130757632,0.618192112|0.633192112|0.62714235|0.307823215|0.247757632|0.250757632,0.618192112|0.633192112|0.62714235|0.307823215|0.247757632|0.250757632,0|0|0|0|0|0,0|0|-0.0400847895|-0.283382176|-0.119580583|-0.119580583,0.257914719|0|0.260867128|0.244409166|0.272070938|0.272070938,2.25068317|2.05276845|2.24935174|0.712319851|0.663520882|0.675520882,0.659847498|-0.357812196|0.227122441,0.106185935|-0.351748437|0.00661098678,0.002435993403196335
46,2.35,-0.17758675946803124,0.1608695089817047,0.09835205227136612,0.26777493953704834,0.1608695089817047,0.35,4,0,0,0,1.1686939001083374,1.7207008600234985,41.46345901489258,1.1686924695968628,1.0,0.1368129707543997,0,1,1,0,0.04315730032371931,0.0,filtered,1.8098919005112262e-06,0,0,12,,workspace_x_lower,0,0,1,solved,osqp,0.0,valid,0.1368129707543997,0.511198266|0.526198261|0.518211076|0.186808519|0.136812971|0.139812971,0.631198266|0.646198261|0.638211076|0.306808519|0.256812971|0.259812971,0.631198266|0.646198261|0.638211076|0.306808519|0.256812971|0.259812971,0|0|0|0|0|0,0|0|-0.0516390334|-0.287845533|-0.0932978014|-0.0932978014,0.262292252|0|0.264959713|0.25565567|0.283027626|0.283027626,2.30708531|2.10479305|2.28616498|0.715044212|0.736981708|0.748981708,0.665156841|-0.375399619|0.227453068,0.106185935|-0.351748437|0.00661098678,0.002351122908294201
47,2.4000000000000004,-0.19335676279763853,0.14530520141124725,0.09989020228385925,0.2813086211681366,0.14530520141124725,0.35,4,0,0,0,1.1909691095352173,2.0217716693878174,57.46603775024414,1.1909691095352173,1.0,0.14777494976633126,0,1,1,0,0.04315730032371931,0.0,passthrough,5.2727868020068916e-12,0,0,12,,workspace_x_lower,0,0,1,solved,osqp,0.0,valid,0.14777494976633126,0.524417841|0.539417841|0.528863666|0.186256936|0.14777495|0.15077495,0.644417841|0.659417841|0.648863666|0.306256936|0.26777495|0.27077495,0.644417841|0.659417841|0.648863666|0.306256936|0.26777495|0.27077495,0|0|0|0|0|0,0|0|-0.0547488757|-0.260966262|-0.0483973447|-0.0483973447,0.266453445|0|0.26870733|0.266491595|0.292315187|0.292315187,2.36412481|2.15767136|2.32941312|0.750553077|0.835017641|0.847017641,0.670466185|-0.392987043|0.227783695,0.106185935|-0.351748437|0.00661098678,0.0024710092693567276
48,2.45,-0.19516652243644064,0.12966670095920563,0.10233099013566971,0.296642541885376,0.12966673076152802,0.35,4,0,0,0,1.211084008216858,2.494748592376709,15.625083923339844,1.211084008216858,1.0,0.16130863430620124,0,1,1,0,0.04315730032371931,0.0,passthrough,7.766522073804736e-12,0,0,12,,workspace_x_lower,0,0,1,solved,osqp,0.0,valid,0.16130863430620124,0.537840294|0.552840294|0.539544096|0.187614384|0.161308634|0.164308634,0.657840294|0.672840294|0.659544096|0.307614384|0.281308634|0.284308634,0.657840294|0.672840294|0.659544096|0.307614384|0.281308634|0.284308634,0|0|0|0|0|0,0|0|-0.061343116|-0.24180534|-0.0165538649|-0.0165538649,0.270409216|0|0.272161338|0.27580402|0.29899727|0.29899727,2.42177039|2.21136118|2.36899461|0.784456215|0.927677943|0.939677943,0.675775528|-0.410574466|0.228114322,0.106185935|-0.351748437|0.00661098678,0.0024818256497383118
49,2.5,-0.191861942625855,0.11593254655599594,0.10528314858675003,0.3119427263736725,0.11593256890773773,0.35,4,0,0,0,1.2300418615341187,2.4929122924804688,14.362974166870117,1.2300418615341187,1.0,0.17664256362490915,0,1,1,0,0.04315730032371931,0.0,passthrough,5.701612383673259e-12,0,0,12,,workspace_x_lower,0,0,1,solved,osqp,0.0,valid,0.17664256362490915,0.551455621|0.566455621|0.55005075|0.190421007|0.176642564|0.179642564,0.671455621|0.686455621|0.67005075|0.310421007|0.296642564|0.299642564,0.671455621|0.686455621|0.67005075|0.310421007|0.296642564|0.299642564,0|0|0|0|0|0,0|0|-0.0726729116|-0.226394753|0.0062246133|0.0062246133,0.274170109|0|0.275283593|0.283385276|0.303362748|0.303362748,2.4799926|2.26582249|2.40281368|0.818674553|1.01615762|1.02815762,0.681084871|-0.428161889|0.228444949,0.106185935|-0.351748437|0.00661098678,0.002495485357940197
50,2.5500000000000003,-0.18925766940283462,0.10963081568479538,0.10837670415639877,0.31967398524284363,0.10963083058595657,0.35,3,0,0,0,1.238388180732727,2.1256375312805176,17.592853546142578,1.238388180732727,1.0,0.19194274172311243,0,1,1,0,0.04315730032371931,0.0,passthrough,7.748041195895888e-12,0,0,12,,workspace_x_lower,0,0,1,solved,osqp,0.0,valid,0.19194274172311243,0.565254332|0.580254332|0.560114088|0.194401077|0.191942742|0.196217005,0.685254332|0.700254332|0.680114088|0.314401077|0.311942742|0.316217005,0.685254332|0.700254332|0.680114088|0.314401077|0.311942742|0.316217005,0|0|0|0|0|0,0|0|-0.0852129033|-0.205815513|-0.0569097592|0.0236307838,0.277746264|0|0.27801237|0.289405585|0.30189581|0.306022938,2.53876359|2.32101733|2.43325582|0.86119438|1.01275702|1.11452174,0.686394215|-0.445749313|0.228775576,0.106185935|-0.351748437|0.00661098678,0.002550022676587105
51,2.6,-0.17829836248034373,0.10447510331869125,0.11107499152421951,0.3263920843601227,0.10447509586811066,0.35,3,0,0,0,1.2271387577056885,2.405782699584961,16.145597457885742,1.2271387577056885,1.0,0.1996740120542318,0,1,1,0,0.04315730032371931,0.0,passthrough,6.205696161456524e-12,0,0,12,,workspace_x_lower,0,0,1,solved,osqp,0.0,valid,0.1996740120542318,0.579227436|0.594227436|0.569652754|0.199674012|0.201635914|0.213633537,0.699227436|0.714227436|0.689652754|0.319674012|0.321635914|0.333633537,0.699227436|0.714227436|0.689652754|0.319674012|0.321635914|0.333633537,0|0|0|0|0|0,0|0|-0.0947117271|-0.178921398|-0.165965989|0.0336979746,0.281147403|0|0.280313952|0.293979072|0.295211391|0.307483318,2.59805715|2.37690974|2.46421324|0.913753722|0.935789056|1.19571544,0.691703558|-0.463336736|0.229106203,0.106185935|-0.351748437|0.00661098678,0.002445429563522339
52,2.6500000000000004,-0.1644404339928795,0.09866781532764435,0.11325009167194366,0.33443883061408997,0.09866783022880554,0.35,3,0,0,0,1.223518967628479,3.113919496536255,22.590221405029297,1.223518967628479,1.0,0.20639208094254585,0,1,1,0,0.04315730032371931,0.0,passthrough,6.547116335704241e-12,0,0,12,,workspace_x_lower,0,0,1,solved,osqp,0.0,valid,0.20639208094254585,0.593366415|0.608366415|0.57881391|0.206392081|0.208392081|0.231415774,0.713366415|0.728366415|0.69881391|0.326392081|0.328392081|0.351415774,0.713366415|0.728366415|0.69881391|0.326392081|0.328392081|0.351415774,0|0|0|0|0|0,0|0|-0.101831252|-0.152758441|-0.152758441|0.0381597269,0.284382822|0|0.28220936|0.297172851|0.297172851|0.308132288,2.65784848|2.43346566|2.49563375|0.969982734|0.977982734|1.27195511,0.697012901|-0.480924159|0.22943683,0.106185935|-0.351748437|0.00661098678,0.0025084419175982475
53,2.7,-0.15695424933588897,0.09259676188230515,0.11531700938940048,0.34347108006477356,0.09259679913520813,0.35,3,0,0,0,1.2418259382247925,2.359964370727539,17.864397048950195,1.2418259382247925,1.0,0.21443886048971672,0,1,1,0,0.04315730032371931,0.0,passthrough,6.248671081125064e-12,0,0,12,,workspace_z_lower,0,0,1,solved,osqp,0.0,valid,0.21443886048971672,0.607663207|0.622663207|0.587707702|0.21443886|0.21643886|0.249273717,0.727663207|0.742663207|0.707707702|0.33443886|0.33643886|0.369273717,0.727663207|0.742663207|0.707707702|0.33443886|0.33643886|0.369273717,0|0|0|0|0|0,0|0|-0.11288978|-0.133871693|-0.133871693|0.0411514548,0.287461386|0|0.283727231|0.299276829|0.299276829|0.308336512,2.71811421|2.49065283|2.52166826|1.02316058|1.03116058|1.34658283,0.702322245|-0.498511583|0.229767457,0.106185935|-0.351748437|0.00661098678,0.0025668637827038765
54,2.75,-0.16585394593108432,0.08643312752246857,0.11816070973873138,0.3533942997455597,0.08643312007188797,0.35,3,0,0,0,1.2854666709899902,1.7615489959716797,25.588153839111328,1.2854666709899902,1.0,0.22347112983409068,0,1,1,0,0.04315730032371931,0.0,passthrough,7.96119520249679e-12,0,0,12,,workspace_z_lower,0,0,1,solved,osqp,0.0,valid,0.22347112983409068,0.622110164|0.637110164|0.596105535|0.22347113|0.22547113|0.267195365,0.742110164|0.757110164|0.716105535|0.34347113|0.34547113|0.387195365,0.742110164|0.757110164|0.716105535|0.34347113|0.34547113|0.387195365,0|0|0|0|0|0,0|0|-0.132520595|-0.118250193|-0.118250193|0.0509999715,0.290391529|0|0.284810937|0.300648144|0.300648144|0.308324977,2.77883219|2.54844066|2.53671248|1.07628247|1.08428247|1.42810641,0.707631588|-0.516098976|0.230098084,0.106185935|-0.351748437|0.00661098678,0.002491053193807602
55,2.8000000000000003,-0.1843402908761067,0.08009665459394455,0.12227444350719452,0.364530473947525,0.08009666204452515,0.35,3,0,0,0,1.3327049016952515,1.7156612873077393,9.66592025756836,1.3327049016952515,1.0,0.23339430084381058,0,1,1,0,0.04315730032371931,0.0,passthrough,6.598093837220418e-12,0,0,12,,workspace_z_lower,0,0,1,solved,osqp,0.0,valid,0.23339430084381058,0.636700103|0.651700089|0.603529974|0.233394301|0.235394301|0.285592032,0.756700103|0.771700089|0.723529974|0.353394301|0.355394301|0.405592032,0.756700103|0.771700089|0.723529974|0.353394301|0.355394301|0.405592032,0|0|0|0|0|0,0|0|-0.155361423|-0.0961658506|-0.0961658506|0.0676107034,0.293181278|0|0.28531741|0.301568793|0.301568793|0.308210328,2.83998169|2.60680036|2.54407588|1.13898015|1.14698015|1.51818916,0.712940931|-0.533686399|0.230428711,0.106185935|-0.351748437|0.00661098678,0.0026212744414806366
56,2.85,-0.2012296240999274,0.07365742325782776,0.12754182517528534,0.3770166337490082,0.07365743070840836,0.35,3,0,0,0,1.3694490194320679,1.501654028892517,6.885716438293457,1.3694490194320679,1.0,0.24453047653731913,0,1,1,0,0.04315730032371931,0.0,passthrough,6.2620400877552505e-12,0,0,12,,workspace_z_lower,0,0,1,solved,osqp,0.0,valid,0.24453047653731913,0.651426179|0.666426171|0.609784753|0.244530477|0.246530477|0.304807914,0.771426179|0.786426171|0.729784753|0.364530477|0.366530477|0.424807914,0.771426179|0.786426171|0.729784753|0.364530477|0.366530477|0.424807914,0|0|0|0|0|0,0|0|-0.17855762|-0.0703199699|-0.0703199699|0.0816022529,0.295838232|0|0.285172602|0.30218348|0.30218348|0.308098142,2.90154295|2.66570468|2.54575399|1.20998542|1.21798542|1.60893205,0.718250275|-0.551273823|0.230759338,0.106185935|-0.351748437|0.00661098678,0.0024748630821704865
57,2.9000000000000004,-0.2145226074613322,0.0672786608338356,0.13372576236724854,0.3908158540725708,0.067278653383255,0.35,3,0,0,0,1.3888250589370728,1.2958322763442993,9.909175872802734,1.3888250589370728,1.0,0.257016663624747,0,1,1,0,0.04315730032371931,0.0,passthrough,8.281657763650335e-12,0,0,12,,workspace_z_lower,0,0,1,solved,osqp,0.0,valid,0.257016663624747,0.666281932|0.681281932|0.614825168|0.257016664|0.259016664|0.324694501,0.786281932|0.801281932|0.734825168|0.377016664|0.379016664|0.444694501,0.786281932|0.801281932|0.734825168|0.377016664|0.379016664|0.444694501,0|0|0|0|0|0,0|0|-0.201273088|-0.0439630478|-0.0439630478|0.0904397473,0.298369595|0|0.284342645|0.302487214|0.302487214|0.308015813,2.96349732|2.72512773|2.54237023|1.28659082|1.29459082|1.69723357,0.723559618|-0.568861246|0.231089965,0.106185935|-0.351748437|0.00661098678,0.0024692490696907043
58,2.95,-0.2064558114023538,0.061344683170318604,0.13960357010364532,0.40525490045547485,0.06134467571973801,0.35,3,0,0,0,1.3690807819366455,1.8228422403335571,32.352169036865234,1.3809599876403809,1.0,0.27081584979559903,0,1,1,0,0.04315730032371931,0.0,filtered,0.03405665136196114,0,1,12,workspace_z_lower,workspace_z_lower,0,0,1,solved,osqp,4.211756804428646e-08,valid,0.27081584979559903,0.681261257|0.696261257|0.618648567|0.27081585|0.27281585|0.344978243,0.801261257|0.816261257|0.738648567|0.39081585|0.39281585|0.464978243,0.801261257|0.816261257|0.738648567|0.39081585|0.39281585|0.464978243,0|0|0|0|0|0,0|0|-0.210329439|-0.0280670051|-0.0280670051|0.0775275555,0.300782181|0|0.282820583|0.302554453|0.302554453|0.308020106,3.02582721|2.78504503|2.54708541|1.35775085|1.36575085|1.76546063,0.728868961|-0.586448669|0.231420591,0.106185935|-0.351748437|0.00661098678,0.002502995543181896
59,3.0,-0.1848979357327997,0.055961593985557556,0.1444123536348343,0.420049786567688,0.05596159026026726,0.35,3,0,0,0,1.3037604093551636,2.5853095054626465,30.615015029907227,1.3385813236236572,1.0,0.2852549109310656,0,1,1,0,0.04315730032371931,0.0,filtered,0.10757900575738806,0,0,12,,workspace_z_lower,0,0,1,solved,osqp,2.3374277718923864e-07,valid,0.2852549109310656,0.696358376|0.711358376|0.621955053|0.285254911|0.287254911|0.364521814,0.816358376|0.831358376|0.741955053|0.405254911|0.407254911|0.484521814,0.816358376|0.831358376|0.741955053|0.405254911|0.407254911|0.484521814,0|0|0|0|0|0,0|0|-0.196277669|-0.0162061299|-0.0162061299|0.0599220278,0.303082434|0|0.280850793|0.302395841|0.302395841|0.308122796,3.08851594|2.8454335|2.57239334|1.42720935|1.43520935|1.82613208,0.734178305|-0.604036093|0.231751218,0.106185935|-0.351748437|0.00661098678,0.002522584982216358
60,3.0500000000000003,-0.16372739835989109,0.05108114704489708,0.14818055927753448,0.4352482557296753,0.05108114331960678,0.35,3,0,0,0,1.221481204032898,3.005983352661133,32.75077438354492,1.2648893594741821,1.0,0.3000497932957802,0,1,1,0,0.04315730032371931,0.0,filtered,0.14483274986817152,0,0,12,,workspace_z_lower,0,0,1,solved,osqp,4.3063466481640944e-07,valid,0.3000497932957802,0.711567826|0.726567826|0.626224238|0.300049793|0.302049793|0.383072932,0.831567826|0.846567826|0.746224238|0.420049793|0.422049793|0.503072932,0.831567826|0.846567826|0.746224238|0.420049793|0.422049793|0.503072932,0|0|0|0|0|0,0|0|-0.169876599|-0.00486626461|-0.00486626461|0.0535478429,0.30527644|0|0.282124592|0.302489534|0.302489534|0.308600896,3.15154774|2.9062713|2.61714494|1.49782244|1.50582244|1.89444047,0.739487648|-0.621623516|0.232081845,0.106185935|-0.351748437|0.00661098678,0.0024764584377408028
61,3.1,-0.14344268380019487,0.04662271961569786,0.1509740948677063,0.4510456919670105,0.04662272334098816,0.35,3,0,0,0,1.1529041528701782,3.0821566581726074,19.02289581298828,1.199853777885437,1.0,0.3152482490635233,0,1,1,0,0.04315730032371931,0.0,filtered,0.16989976468019446,0,0,12,,workspace_z_lower,0,0,1,solved,osqp,6.449427755600423e-07,valid,0.3152482490635233,0.72688444|0.74188444|0.631941102|0.315248249|0.317248249|0.401244136,0.84688444|0.86188444|0.751941102|0.435248249|0.437248249|0.521244136,0.84688444|0.86188444|0.751941102|0.435248249|0.437248249|0.521244136,0|0|0|0|0|0,0|0|-0.144692465|0.00798897066|0.00798897066|0.0568007442,0.30736994|0|0.284065623|0.303453224|0.303453224|0.309784989,3.2149077|2.96753776|2.66713757|1.57243519|1.58043519|1.97156228,0.744796991|-0.639210939|0.232412472,0.106185935|-0.351748437|0.00661098678,0.0024464521557092667
62,3.1500000000000004,-0.12495930695184171,0.04259621351957321,0.15291863679885864,0.4673541188240051,0.042596206068992615,0.35,3,0,0,0,1.1084985733032227,2.4354050159454346,14.639904022216797,1.1488933563232422,1.0,0.3310457020273923,0,1,1,0,0.04315730032371931,0.0,filtered,0.1659193315409777,0,0,12,,workspace_z_lower,0,0,1,solved,osqp,7.616651370445648e-07,valid,0.3310457020273923,0.742303329|0.757303311|0.638989154|0.331045702|0.333045702|0.419590684,0.862303329|0.877303311|0.758989154|0.451045702|0.453045702|0.539590684,0.862303329|0.877303311|0.758989154|0.451045702|0.453045702|0.539590684,0|0|0|0|0|0,0|0|-0.124203703|0.0171735184|0.0171735184|0.0587770275,0.309368354|0|0.286247876|0.305354416|0.305354416|0.311662856,3.27858167|3.02921325|2.71800079|1.64671074|1.65471074|2.04880262,0.750106335|-0.656798363|0.232743099,0.106185935|-0.351748437|0.00661098678,0.0028817523270845413
63,3.2,-0.11562163812234631,0.039011210203170776,0.15451501309871674,0.4840116500854492,0.03901120647788048,0.35,3,0,0,0,1.0871533155441284,1.1219446659088135,46.5340576171875,1.1135128736495972,1.0,0.34735408978811894,0,1,1,0,0.04315730032371931,0.0,filtered,0.13230453835104264,0,0,12,,workspace_z_lower,0,0,1,solved,osqp,7.061624582999082e-07,valid,0.34735408978811894,0.757819869|0.772819869|0.647158714|0.34735409|0.34935409|0.438111627,0.877819869|0.892819869|0.767158714|0.46735409|0.46935409|0.558111627,0.877819869|0.892819869|0.767158714|0.46735409|0.46935409|0.558111627,0|0|0|0|0|0,0|0|-0.102004095|0.0225542011|0.0225542011|0.0535359235,0.311276789|0|0.288599337|0.307848708|0.307848708|0.313959955,3.34255626|3.09127948|2.7752301|1.71981927|1.72781927|2.11994239,0.755415678|-0.674385786|0.233073726,0.106185935|-0.351748437|0.00661098678,0.0025752997025847435
64,3.25,-0.15941619345207875,0.08343788236379623,0.1560174524784088,0.4890593886375427,0.08089246600866318,0.35,3,0,0,0,1.074439287185669,1.5859107971191406,20.261734008789062,1.088771939277649,1.0,0.3640116497225118,0,1,1,0,0.04315730032371931,0.0,filtered,0.09226342005841823,0,0,12,,workspace_z_lower,0,0,1,solved,osqp,5.62098393969146e-07,valid,0.3640116497225118,0.773429682|0.788429668|0.656555167|0.36401165|0.36601165|0.456460085,0.893429682|0.908429668|0.776555167|0.48401165|0.48601165|0.576460085,0.893429682|0.908429668|0.776555167|0.48401165|0.48601165|0.576460085,0|0|0|0|0|0,0|0|-0.0770995073|0.028177984|0.028177984|0.0446884411,0.313100061|0|0.29091267|0.310088226|0.310088226|0.316904954,3.40681879|3.15371867|2.84003383|1.79431281|1.80231281|2.18743373,0.760725021|-0.691973209|0.233404353,0.106185935|-0.351748437|0.00661098678,0.0025945091620087624
65,3.3000000000000003,-0.1802114681629957,0.13947102427482605,0.15534183382987976,0.4817596673965454,0.13669906556606293,0.35,3,0,0,0,1.0038970708847046,6.8113203048706055,110.57687377929688,1.0045844316482544,1.0,0.3495016966552175,0,1,1,0,0.04315730032371931,0.0,filtered,0.05642588763615225,0,0,12,joint_1_acceleration_lower,workspace_z_lower,0,0,1,solved,osqp,0.0,valid,0.3495016966552175,0.754934144|0.769934144|0.637648592|0.349501697|0.351501697|0.43534411,0.874934144|0.889934144|0.757648592|0.469501697|0.471501697|0.55534411,0.874934144|0.889934144|0.757648592|0.469501697|0.471501697|0.55534411,0.15|0.15|0.15|0.15|0.15|0.15,0|0|0.0130148336|4.66888942e-05|4.66888942e-05|-0.0731881227,-0.137828451|0|-0.113182195|-0.115237656|-0.115237656|-0.165669019,2.88190813|3.07973658|2.45042701|1.28281582|1.29081582|1.5025193,0.766034365|-0.691206276|0.23373498,0.106185935|0.351748437|0.00661098678,0.0025995969772338867
66,3.35,-0.14256049719700145,0.12063875794410706,0.1537880152463913,0.4760907292366028,0.11779402196407318,0.35,3,0,0,0,0.9796988368034363,5.088188648223877,80.09603118896484,0.9796988368034363,1.0,0.3442787892380909,0,1,1,0,0.04315730032371931,0.0,passthrough,6.393710844199407e-12,0,0,12,,workspace_z_lower,0,0,1,solved,osqp,0.0,valid,0.3442787892380909,0.748185952|0.763185952|0.632881882|0.344278789|0.346278789|0.423718779,0.868185952|0.883185952|0.752881882|0.464278789|0.466278789|0.543718779,0.868185952|0.883185952|0.752881882|0.464278789|0.466278789|0.543718779,0.15|0.15|0.15|0.15|0.15|0.15,0|0|0.091037429|0.0186095215|0.0186095215|-0.0489331395,-0.132082004|0|-0.105231115|-0.100813119|-0.100813119|-0.15569437,2.8606618|3.05274381|2.51733384|1.29491156|1.30291156|1.49024761,0.771343708|-0.673618853|0.234065607,0.106185935|0.351748437|0.00661098678,0.002469504252076149
67,3.4000000000000004,-0.23950078772336528,0.1823379248380661,0.15418164432048798,0.47110241651535034,0.17553631961345673,0.35,3,0,0,0,0.9463866353034973,5.033468723297119,91.6260757446289,0.9463850855827332,1.0,0.3407609931139118,0,1,1,0,0.04315730032371931,0.0,filtered,1.8456169595611783e-06,0,0,12,,workspace_z_lower,0,0,1,solved,osqp,0.0,valid,0.3407609931139118,0.741727928|0.756727914|0.632366541|0.340760993|0.342760993|0.413871831,0.861727928|0.876727914|0.752366541|0.460760993|0.462760993|0.533871831,0.861727928|0.876727914|0.752366541|0.460760993|0.462760993|0.533871831,0.15|0.15|0.15|0.15|0.15|0.15,0|0|0.109013856|0.0792158703|0.0792158703|0.0137583103,-0.126222106|0|-0.0977413902|-0.0859672864|-0.0859672864|-0.144984718,2.8406896|3.02691166|2.54073863|1.35629256|1.36429256|1.52426092,0.776653051|-0.65603143|0.234396234,0.106185935|0.351748437|0.00661098678,0.0025951629504561424
68,3.45,-0.24160991666174156,0.18268126249313354,0.15475119650363922,0.46187639236450195,0.1751079559326172,0.35,3,0,0,0,0.9743058085441589,2.794367790222168,99.92396545410156,0.9743050932884216,1.0,0.3100152517032642,0,1,1,0,0.04315730032371931,0.0,filtered,8.796637588932715e-07,0,0,12,,workspace_z_lower,0,0,1,solved,osqp,0.0,valid,0.3100152517032642,0.707423565|0.722423565|0.604153201|0.310015252|0.312015252|0.380212057,0.827423565|0.842423565|0.724153201|0.430015252|0.432015252|0.500212057,0.827423565|0.842423565|0.724153201|0.430015252|0.432015252|0.500212057,0.15|0.15|0.15|0.15|0.15|0.15,0|0|0.145736639|0.0969836821|0.0969836821|0.0177994642,-0.294099739|0|-0.269278944|-0.265655639|-0.265655639|-0.307886054,2.53559452|2.88969426|2.2930705|1.07138905|1.07938905|1.23076164,0.77823019|-0.638444006|0.234726861,-0.106185935|0.351748437|0.00661098678,0.0024550529196858406
69,3.5,-0.2552226600899213,0.19298121333122253,0.15549889206886292,0.4534105658531189,0.1845588982105255,0.35,3,0,0,0,1.021397590637207,2.0569775104522705,38.814937591552734,1.021397590637207,1.0,0.30199603247737894,0,1,1,0,0.04315730032371931,0.0,passthrough,5.2149323873719324e-12,0,0,12,,workspace_x_lower,0,0,1,solved,osqp,0.0,valid,0.30199603247737894,0.692781918|0.707781908|0.598044954|0.301996032|0.303996032|0.365928773,0.812781918|0.827781908|0.718044954|0.421996032|0.423996032|0.485928773,0.812781918|0.827781908|0.718044954|0.421996032|0.423996032|0.485928773,0.15|0.15|0.15|0.15|0.15|0.15,0|0|0.162886481|0.104812251|0.104812251|0.00767107313,-0.291545705|0|-0.265508369|-0.256880473|-0.256880473|-0.303052437,2.47958197|2.83112763|2.28955793|1.05591591|1.06391591|1.16833373,0.772920847|-0.620856583|0.235057488,-0.106185935|0.351748437|0.00661098678,0.0025368984788656235
70,3.5500000000000003,-0.2658038679013146,0.2043716460466385,0.15616735816001892,0.4454161524772644,0.19501598179340363,0.35,3,0,0,0,1.0606412887573242,2.496687173843384,35.84514617919922,1.0606412887573242,1.0,0.2949383212085712,0,1,1,0,0.04315730032371931,0.0,passthrough,5.7041408608468255e-12,0,0,12,,workspace_x_lower,0,0,1,solved,osqp,0.0,valid,0.2949383212085712,0.678270931|0.693270931|0.592969399|0.294938321|0.296938321|0.351470414,0.798270931|0.813270931|0.712969399|0.414938321|0.416938321|0.471470414,0.798270931|0.813270931|0.712969399|0.414938321|0.416938321|0.471470414,0.15|0.15|0.15|0.15|0.15|0.15,0|0|0.183856541|0.104735757|0.104735757|-0.0039417441,-0.288872352|0|-0.261646062|-0.246679294|-0.246679294|-0.297216097,2.42421137|2.77308372|2.29408808|1.03780975|1.04580975|1.10472382,0.767611504|-0.60326916|0.235388115,-0.106185935|0.351748437|0.00661098678,0.002507198601961136
71,3.6,-0.27835126648693165,0.21347260475158691,0.15697742998600006,0.43799811601638794,0.20311419665813446,0.35,3,0,0,0,1.0822956562042236,3.183617115020752,30.849016189575195,1.0822950601577759,1.0,0.2885320823913907,0,1,1,0,0.04315730032371931,0.0,filtered,8.835421634784965e-07,0,0,12,,workspace_x_lower,0,0,1,solved,osqp,0.0,valid,0.2885320823913907,0.663896726|0.678896726|0.589042927|0.288532082|0.290532082|0.336810118,0.783896726|0.798896726|0.709042927|0.408532082|0.410532082|0.456810118,0.783896726|0.798896726|0.709042927|0.408532082|0.410532082|0.456810118,0.15|0.15|0.15|0.15|0.15|0.15,0|0|0.193788898|0.10536528|0.10536528|-0.0112662999,-0.286073331|0|-0.259350488|-0.235209413|-0.235209413|-0.290373641,2.36951357|2.7155869|2.29061012|1.0242842|1.0322842|1.04560053,0.76230216|-0.585681736|0.235718742,-0.106185935|0.351748437|0.00661098678,0.0036243414506316185
72,3.6500000000000004,-0.28889154842123843,0.2229093760251999,0.1577884703874588,0.4308207035064697,0.2114746868610382,0.35,3,0,0,0,1.079594612121582,3.986279249191284,33.951499938964844,1.0795937776565552,1.0,0.28285145667609823,0,1,1,0,0.04315730032371931,0.0,filtered,1.0644891278796219e-06,0,0,12,,workspace_x_lower,0,0,1,solved,osqp,0.0,valid,0.28285145667609823,0.649665751|0.664665751|0.585373101|0.282851457|0.284851457|0.322186253,0.769665751|0.784665751|0.705373101|0.402851457|0.404851457|0.442186253,0.769665751|0.784665751|0.705373101|0.402851457|0.404851457|0.442186253,0.15|0.15|0.15|0.15|0.15|0.15,0|0|0.181936242|0.0983399482|0.0983399482|-0.0177309931,-0.283141976|0|-0.259347249|-0.222704057|-0.222704057|-0.282548465,2.31552103|2.658663|2.2640814|1.00704172|1.01504172|0.988465553,0.756992817|-0.568094313|0.236049369,-0.106185935|0.351748437|0.00661098678,0.0035537146031856537
73,3.7,-0.2902934779873295,0.23379376530647278,0.1580308973789215,0.42290860414505005,0.22117206454277039,0.35,3,0,0,0,0.9781684875488281,4.678138256072998,65.99791717529297,0.9781672954559326,1.0,0.27748154532525704,0,1,1,0,0.04315730032371931,0.0,filtered,1.4521817336424251e-06,0,0,12,,workspace_x_lower,0,0,1,solved,osqp,0.0,valid,0.27748154532525704,0.635584798|0.650584798|0.581108426|0.277481545|0.279481545|0.30762095,0.755584798|0.770584798|0.701108426|0.397481545|0.399481545|0.42762095,0.755584798|0.770584798|0.701108426|0.397481545|0.399481545|0.42762095,0.15|0.15|0.15|0.15|0.15|0.15,0|0|0.141893083|0.0721267284|0.0721267284|-0.0245736273,-0.280071302|0|-0.259304455|-0.209727068|-0.209727068|-0.27401199,2.26226789|2.60233919|2.20702233|0.972325842|0.980325842|0.931898182,0.751683474|-0.55050689|0.236379996,-0.106185935|0.351748437|0.00661098678,0.0036068418994545937
74,3.75,-0.28341592997447784,0.2428869903087616,0.1573476493358612,0.41377055644989014,0.22894346714019775,0.35,3,0,0,0,0.8573196530342102,5.753988742828369,45.874267578125,0.8573185801506042,1.0,0.27128624709180105,0,1,1,0,0.04315730032371931,0.0,filtered,1.1451091878952048e-06,0,0,12,,workspace_x_lower,0,0,1,solved,osqp,0.0,valid,0.27128624709180105,0.621661013|0.636661|0.574970257|0.271286247|0.273286247|0.293020075,0.741661013|0.756661|0.694970257|0.391286247|0.393286247|0.413020075,0.741661013|0.756661|0.694970257|0.391286247|0.393286247|0.413020075,0.15|0.15|0.15|0.15|0.15|0.15,0|0|0.0977326846|0.0358801167|0.0358801167|-0.0280523485,-0.276853996|0|-0.258684957|-0.197394342|-0.197394342|-0.265574472,2.20979005|2.546644|2.13892876|0.923630763|0.931630763|0.87845348,0.74637413|-0.532919466|0.236710623,-0.106185935|0.351748437|0.00661098678,0.0035473909229040146
75,3.8000000000000003,-0.2872218418108736,0.2515674829483032,0.15641263127326965,0.40344709157943726,0.23615607619285583,0.35,3,0,0,0,0.7854861617088318,5.962265968322754,35.13075637817383,0.7859318256378174,1.0,0.2636607313441316,0,1,1,0,0.04315730032371931,0.0,filtered,0.005851554870605458,0,0,12,joint_5_acceleration_upper,workspace_x_lower,1,0,0,inaccurate_solution,,0.0,valid,0.2636607313441316,0.607901917|0.622901884|0.566800276|0.263660731|0.265660731|0.27852011,0.727901917|0.742901884|0.686800276|0.383660731|0.385660731|0.39852011,0.727901917|0.742901884|0.686800276|0.383660731|0.385660731|0.39852011,0.15|0.15|0.15|0.15|0.15|0.15,0|0|0.0527316573|0.00117906165|0.00117906165|-0.0307939173,-0.273482424|0|-0.257312689|-0.186481093|-0.186481093|-0.257942411,2.15812524|2.49160754|2.06262007|0.869340894|0.877340894|0.825344111,0.741064787|-0.515332043|0.23704125,-0.106185935|0.351748437|0.00661098678,0.003315095789730549
76,3.85,-0.34482168302906574,0.25781750679016113,0.1582765430212021,0.39370548725128174,0.24092496931552887,0.35,3,0,0,0,0.7777343392372131,5.788640975952148,86.93669891357422,0.7776017785072327,1.0,0.2546698830430537,0,1,1,0,0.04315730032371931,0.0,filtered,0.00981870595381837,0,0,12,joint_1_acceleration_upper,workspace_z_lower,0,0,1,solved,osqp,0.0,valid,0.2546698830430537,0.594315421|0.609315421|0.556572593|0.254669883|0.256669883|0.264189495,0.714315421|0.729315421|0.676572593|0.374669883|0.376669883|0.384189495,0.714315421|0.729315421|0.676572593|0.374669883|0.376669883|0.384189495,0.15|0.15|0.15|0.15|0.15|0.15,0|0|0.0040165037|0.00634556701|0.00634556701|-0.0283029846,-0.26994863|0|-0.254958675|-0.176801394|-0.176801394|-0.251130788,2.10731306|2.43726168|1.9753482|0.848223705|0.856223705|0.777324206,0.735755444|-0.49774462|0.237371877,-0.106185935|0.351748437|0.00661098678,0.002822842448949814
77,3.9000000000000004,-0.3921148397165122,0.2527274787425995,0.16297779977321625,0.38531166315078735,0.23449909687042236,0.35,3,0,0,0,0.8133516311645508,4.051188945770264,52.53044891357422,0.817875862121582,1.0,0.24640695295038129,0,1,1,0,0.04315730032371931,0.0,filtered,0.009820548373957714,0,1,12,workspace_z_lower,workspace_z_lower,0,0,1,solved,osqp,1.0204434491845049e-08,valid,0.24640695295038129,0.580909843|0.59590984|0.544118687|0.246406953|0.248406953|0.25041241,0.700909843|0.71590984|0.664118687|0.366406953|0.368406953|0.37041241,0.700909843|0.71590984|0.664118687|0.366406953|0.368406953|0.37041241,0.15|0.15|0.15|0.15|0.15|0.15,0|0|-0.02727054|0.0240234147|0.0240234147|-0.0117825282,-0.266244341|0|-0.251080739|-0.166111007|-0.166111007|-0.243268088,2.05739503|2.38363936|1.89812347|0.84354022|0.85154022|0.746599025,0.7304461|-0.480157197|0.237702504,-0.106185935|0.351748437|0.00661098678,0.0032940544188022614
78,3.95,-0.3875302779207358,0.25239619612693787,0.16734685003757477,0.3782100975513458,0.23297546803951263,0.35,3,0,0,0,0.7624272704124451,2.1937193870544434,113.75862884521484,0.8311033248901367,1.0,0.23798697045935968,0,1,1,0,0.04315730032371931,0.0,filtered,0.14744996179581213,0,0,12,,workspace_z_lower,0,0,1,solved,osqp,1.9352539712413908e-07,valid,0.23798697045935968,0.567693919|0.582693916|0.530347424|0.239630156|0.241630156|0.23798697,0.687693919|0.702693916|0.650347424|0.359630156|0.361630156|0.35798697,0.687693919|0.702693916|0.650347424|0.359630156|0.361630156|0.35798697,0.15|0.15|0.15|0.15|0.15|0.15,0|0|-0.00752921982|0.040225841|0.040225841|-0.000762358013,-0.262360985|0|-0.246005508|-0.154502449|-0.154502449|-0.234270179,2.00841469|2.33077566|1.86785497|0.844244014|0.852244014|0.716915345,0.725136757|-0.462569773|0.238033131,-0.106185935|0.351748437|0.00661098678,0.0025529609993100166
79,4.0,-0.3844709432936712,0.25978225469589233,0.1709601730108261,0.36972299218177795,0.2392536848783493,0.35,5,0,0,0,0.7258449196815491,3.455594778060913,45.5626106262207,0.7559384703636169,1.0,0.2265626965775921,0,1,1,0,0.04315730032371931,0.0,filtered,0.08010608639909875,0,0,12,,workspace_z_lower,0,0,1,solved,osqp,1.0649180859356733e-07,valid,0.2265626965775921,0.554676823|0.569676821|0.517803059|0.234236712|0.236236712|0.226562697,0.674676823|0.689676821|0.637803059|0.354236712|0.356236712|0.346562697,0.674676823|0.689676821|0.637803059|0.354236712|0.356236712|0.346562697,0.15|0.15|0.15|0.15|0.15|0.15,0|0|0.00544317889|0.0378049358|0.0378049358|-0.00151569003,-0.258289704|0|-0.241209355|-0.142320286|-0.142320286|-0.224273939,1.96041759|2.27870729|1.83544606|0.832431497|0.840431497|0.680461157,0.719827414|-0.44498235|0.238363758,-0.106185935|0.351748437|0.00661098678,0.0031700925901532173
80,4.05,-0.3740212984216244,0.27033060789108276,0.17332233488559723,0.35750892758369446,0.24871650338172913,0.35,5,0,0,0,0.7152644395828247,3.3022918701171875,24.099275588989258,0.728925347328186,1.0,0.21559382221156764,0,1,1,0,0.04315730032371931,0.0,filtered,0.046157524545819464,0,1,12,workspace_z_lower,workspace_z_lower,0,0,1,solved,osqp,5.8741391500971574e-08,valid,0.21559382221156764,0.541868179|0.556868179|0.506127972|0.229320375|0.231320375|0.215593822,0.661868179|0.676868179|0.626127972|0.349320375|0.351320375|0.335593822,0.661868179|0.676868179|0.626127972|0.349320375|0.351320375|0.335593822,0.15|0.15|0.15|0.15|0.15|0.15,0|0|0.0126089606|0.0184359703|0.0184359703|-0.00721427801,-0.254021385|0|-0.236613557|-0.129847166|-0.129847166|-0.213511116,1.91345133|2.22747272|1.80050729|0.805870303|0.813870303|0.641649895,0.71451807|-0.427394927|0.238694385,-0.106185935|0.351748437|0.00661098678,0.0037467777729034424
81,4.1000000000000005,-0.35305301729201743,0.27602216601371765,0.17419056594371796,0.34587517380714417,0.25332409143447876,0.35,5,0,0,0,0.7220194935798645,2.67952561378479,43.37925720214844,0.7381159663200378,1.0,0.20484457954373775,0,1,1,0,0.04315730032371931,0.0,filtered,0.06375771588313604,0,1,12,workspace_z_lower,workspace_z_lower,0,0,1,solved,osqp,8.572075778368049e-08,valid,0.20484457954373775,0.529278071|0.54427807|0.495026414|0.224031598|0.226031598|0.20484458,0.649278071|0.66427807|0.615026414|0.344031598|0.346031598|0.32484458,0.649278071|0.66427807|0.615026414|0.344031598|0.346031598|0.32484458,0.15|0.15|0.15|0.15|0.15|0.15,0|0|0.0206540005|-0.00522225476|-0.00522225476|-0.00765212966,-0.249546686|0|-0.232169407|-0.117699836|-0.117699836|-0.202649097,1.8675656|2.17711228|1.76859025|0.7732043|0.7812043|0.609077092,0.709208727|-0.409807503|0.239025012,-0.106185935|0.351748437|0.00661098678,0.0024664616212248802
82,4.15,-0.33439357339317277,0.28008028864860535,0.17381593585014343,0.3349195718765259,0.25628533959388733,0.35,5,0,0,0,0.7370025515556335,2.5152878761291504,33.26161575317383,0.7511706948280334,1.0,0.1945589600493592,0,1,1,0,0.04315730032371931,0.0,filtered,0.06761866886678593,0,1,12,workspace_z_lower,workspace_z_lower,0,0,1,solved,osqp,8.824070791418892e-08,valid,0.1945589600493592,0.516917056|0.531917054|0.484534406|0.218118971|0.220118971|0.19455896,0.636917056|0.651917054|0.604534406|0.338118971|0.340118971|0.31455896,0.636917056|0.651917054|0.604534406|0.338118971|0.340118971|0.31455896,0.15|0.15|0.15|0.15|0.15|0.15,0|0|0.0282965183|-0.0262067413|-0.0262067413|-0.00642732992,-0.244856084|0|-0.227982321|-0.106725119|-0.106725119|-0.192618125,1.82281214|2.12766822|1.73845182|0.739544022|0.747544022|0.579190385,0.703899384|-0.39222008|0.239355639,-0.106185935|0.351748437|0.00661098678,0.0023991288617253304
83,4.2,-0.328027750971111,0.2794562578201294,0.17315562069416046,0.3248481750488281,0.2547002136707306,0.35,5,0,0,0,0.7093985676765442,2.216817617416382,43.78399658203125,0.7239629030227661,1.0,0.1847985396042986,0,1,1,0,0.04315730032371931,0.0,filtered,0.07659560285636773,0,1,12,workspace_z_lower,workspace_z_lower,0,0,1,solved,osqp,9.284834985578971e-08,valid,0.1847985396042986,0.504796169|0.519796169|0.474625716|0.211676069|0.213676069|0.18479854,0.624796169|0.639796169|0.594625716|0.331676069|0.333676069|0.30479854,0.624796169|0.639796169|0.594625716|0.331676069|0.333676069|0.30479854,0.15|0.15|0.15|0.15|0.15|0.15,0|0|0.0331236183|-0.0264644985|-0.0264644985|0.00161158716,-0.239939927|0|-0.224026246|-0.0970607726|-0.0970607726|-0.183680067,1.77924475|2.07918468|1.70760024|0.723179007|0.731179007|0.557125678,0.69859004|-0.374632657|0.239686266,-0.106185935|0.351748437|0.00661098678,0.0023809224367141724
84,4.25,-0.32980237267949136,0.2789021134376526,0.17264734208583832,0.3155675530433655,0.2534085214138031,0.35,5,0,0,0,0.672936737537384,2.0858206748962402,26.089414596557617,0.6814305186271667,1.0,0.17588779946607552,0,1,1,0,0.04315730032371931,0.0,filtered,0.054344538424161225,0,1,12,workspace_z_lower,workspace_z_lower,0,0,1,solved,osqp,5.808095144416159e-08,valid,0.17588779946607552,0.492926931|0.507926914|0.465152649|0.205694973|0.207694973|0.175887799,0.612926931|0.627926914|0.585152649|0.325694973|0.327694973|0.295887799,0.612926931|0.627926914|0.585152649|0.325694973|0.327694973|0.295887799,0.15|0.15|0.15|0.15|0.15|0.15,0|0|0.0349348628|-0.0193428873|-0.0193428873|0.00954086376,-0.234788496|0|-0.220042949|-0.0878321399|-0.0878321399|-0.175003346,1.73691923|2.03170766|1.67550251|0.715604866|0.723604866|0.538088716,0.693280697|-0.357045233|0.240016893,-0.106185935|0.351748437|0.00661098678,0.002423008903861046
85,4.3,-0.3375846209292229,0.2882385551929474,0.17208752036094666,0.3065124750137329,0.26215964555740356,0.35,5,0,0,0,0.6703777313232422,1.3950893878936768,42.490760803222656,0.6711746454238892,1.0,0.16781874416446496,0,1,1,0,0.04315730032371931,0.0,filtered,0.00796531664306986,0,1,12,workspace_z_lower,workspace_z_lower,0,0,1,solved,osqp,6.094256911615137e-09,valid,0.16781874416446496,0.481321349|0.496321342|0.45596935|0.200529778|0.202529778|0.167818744,0.601321349|0.616321342|0.57596935|0.320529778|0.322529778|0.287818744,0.601321349|0.616321342|0.57596935|0.320529778|0.322529778|0.287818744,0.15|0.15|0.15|0.15|0.15|0.15,0|0|0.0346361337|-0.0238155575|-0.0238155575|0.00618519671,-0.229392088|0|-0.215851935|-0.0784367421|-0.0784367421|-0.165983926,1.69589331|1.98528537|1.6426616|0.699866812|0.707866812|0.511476248,0.687971354|-0.33945781|0.24034752,-0.106185935|0.351748437|0.00661098678,0.0024215783923864365
86,4.3500000000000005,-0.3393981669955952,0.29068663716316223,0.1715126931667328,0.2980520725250244,0.26418426632881165,0.35,5,0,0,0,0.7181573510169983,1.5007048845291138,24.99083137512207,0.7186523675918579,1.0,0.1600436432354116,0,1,1,0,0.04315730032371931,0.0,filtered,0.006602030855018648,0,1,12,workspace_z_lower,workspace_z_lower,0,0,1,solved,osqp,4.686086206573403e-09,valid,0.1600436432354116,0.469991912|0.484991898|0.446986774|0.195617933|0.197617933|0.160043643,0.589991912|0.604991898|0.566986774|0.315617933|0.317617933|0.280043643,0.589991912|0.604991898|0.566986774|0.315617933|0.317617933|0.280043643,0.15|0.15|0.15|0.15|0.15|0.15,0|0|0.0396503253|-0.026801058|-0.026801058|0.00827150279,-0.223741102|0|-0.211419628|-0.0687706227|-0.0687706227|-0.156478818,1.65622655|1.93996759|1.61617779|0.686900053|0.694900053|0.491967258,0.68266201|-0.321870387|0.240678146,-0.106185935|0.351748437|0.00661098678,0.0024680281057953835
87,4.4,-0.34756926757342294,0.3005276322364807,0.1708739697933197,0.28979477286338806,0.2737145721912384,0.35,5,0,0,0,0.7571443319320679,1.1951106786727905,14.531590461730957,0.7574312686920166,1.0,0.15284745665992117,0,1,1,0,0.04315730032371931,0.0,filtered,0.005060044784714217,0,1,12,workspace_z_lower,workspace_z_lower,0,0,1,solved,osqp,2.997657962133804e-09,valid,0.15284745665992117,0.458951585|0.473951585|0.438471959|0.191034858|0.193034858|0.152847457,0.578951585|0.593951585|0.558471959|0.311034858|0.313034858|0.272847457,0.578951585|0.593951585|0.558471959|0.311034858|0.313034858|0.272847457,0.15|0.15|0.15|0.15|0.15|0.15,0|0|0.0409502364|-0.0368553792|-0.0368553792|0.00297284913,-0.217826152|0|-0.206951551|-0.0595500374|-0.0595500374|-0.147106289,1.61798019|1.89580634|1.58788652|0.667734017|0.675734017|0.467256387,0.677352667|-0.304282963|0.241008773,-0.106185935|0.351748437|0.00661098678,0.002550516277551651
88,4.45,-0.3553755555672445,0.306563138961792,0.1703573763370514,0.2819320559501648,0.2795843482017517,0.35,5,0,0,0,0.7725421190261841,0.8235743641853333,20.10774803161621,0.7728102803230286,1.0,0.14585975703723292,0,1,1,0,0.04315730032371931,0.0,filtered,0.005898991788438676,0,1,12,workspace_z_lower,workspace_z_lower,0,0,1,solved,osqp,3.1301973651975956e-09,valid,0.14585975703723292,0.448213794|0.463213794|0.430250822|0.186415264|0.188415264|0.145859757,0.568213794|0.583213794|0.550250822|0.306415264|0.308415264|0.265859757,0.568213794|0.583213794|0.550250822|0.306415264|0.308415264|0.265859757,0.15|0.15|0.15|0.15|0.15|0.15,0|0|0.041426958|-0.0441343319|-0.0441343319|0.00111532069,-0.21163819|0|-0.202315499|-0.050544|-0.050544|-0.137700055,1.58121699|1.85285518|1.56011475|0.650982725|0.658982725|0.446854294,0.672043324|-0.28669554|0.2413394,-0.106185935|0.351748437|0.00661098678,0.0034257685765624046
89,4.5,-0.3648867800522681,0.31152552366256714,0.17010220885276794,0.27449437975883484,0.2845454216003418,0.35,5,0,0,0,0.7743750214576721,0.9205878376960754,7.683180332183838,0.7751948237419128,1.0,0.13925423109378438,0,1,1,0,0.04315730032371931,0.0,filtered,0.01832531252615526,0,1,12,workspace_z_lower,workspace_z_lower,0,0,1,solved,osqp,7.705746728203788e-09,valid,0.13925423109378438,0.437792406|0.452792406|0.422292447|0.181885304|0.183885304|0.139254231,0.557792406|0.572792406|0.542292447|0.301885304|0.303885304|0.259254231,0.557792406|0.572792406|0.542292447|0.301885304|0.303885304|0.259254231,0.15|0.15|0.15|0.15|0.15|0.15,0|0|0.0408769725|-0.0502379728|-0.0502379728|1.32771211e-05,-0.205168643|0|-0.197449015|-0.0417808345|-0.0417808345|-0.128398695,1.54600098|1.81116962|1.53259775|0.63552241|0.64352241|0.428631507,0.66673398|-0.269108117|0.241670027,-0.106185935|0.351748437|0.00661098678,0.0034352662041783333
90,4.55,-0.3768510161689324,0.31726258993148804,0.17019185423851013,0.2674166262149811,0.2904897928237915,0.35,5,0,0,0,0.7754377126693726,0.6653931140899658,9.068208694458008,0.7773098945617676,1.0,0.133063915275828,0,1,1,0,0.04315730032371931,0.0,filtered,0.03747033041170213,0,1,12,workspace_z_lower,workspace_z_lower,0,0,1,solved,osqp,1.1655733461735096e-08,valid,0.133063915275828,0.427701702|0.442701687|0.414559423|0.177492255|0.179492255|0.133063915,0.547701702|0.562701687|0.534559423|0.297492255|0.299492255|0.253063915,0.547701702|0.562701687|0.534559423|0.297492255|0.299492255|0.253063915,0.15|0.15|0.15|0.15|0.15|0.15,0|0|0.0400655083|-0.0543874015|-0.0543874015|-0.00160877608,-0.198409578|0|-0.192287425|-0.0331690621|-0.0331690621|-0.119189211,1.51239723|1.77080675|1.50601577|0.622412554|0.630412554|0.411457674,0.661424637|-0.251520693|0.242000654,-0.106185935|0.351748437|0.00661098678,0.003567834384739399
91,4.6000000000000005,-0.39073882150438594,0.3248676359653473,0.1706145852804184,0.2605990171432495,0.29852545261383057,0.35,5,0,0,0,0.7838321924209595,0.65843266248703,9.737186431884766,0.7860291004180908,1.0,0.12725911910583354,0,1,1,0,0.04315730032371931,0.0,filtered,0.045134567198305824,0,1,12,workspace_z_lower,workspace_z_lower,0,0,1,solved,osqp,1.0136467061550025e-08,valid,0.12725911910583354,0.41795634|0.43295634|0.407053543|0.173326946|0.175326946|0.127259119,0.53795634|0.55295634|0.527053543|0.293326946|0.295326946|0.247259119,0.53795634|0.55295634|0.527053543|0.293326946|0.295326946|0.247259119,0.15|0.15|0.15|0.15|0.15|0.15,0|0|0.0392868978|-0.0594427251|-0.0594427251|-0.00509054122,-0.191353872|0|-0.186795022|-0.0245310736|-0.0245310736|-0.109824125,1.48047149|1.73182536|1.48070605|0.609333984|0.617333984|0.39412181,0.656115294|-0.23393327|0.242331281,-0.106185935|0.351748437|0.00661098678,0.003442438319325447
92,4.65,-0.40550907332524305,0.3330012559890747,0.17137748003005981,0.25401297211647034,0.30731406807899475,0.35,5,0,0,0,0.7943680286407471,0.5935530066490173,5.372933387756348,0.796647310256958,1.0,0.12175545782626973,0,1,1,0,0.04315730032371931,0.0,filtered,0.04934786937873425,0,1,12,workspace_z_lower,workspace_z_lower,0,0,1,solved,osqp,7.748894876452583e-09,valid,0.12175545782626973,0.408571309|0.423571291|0.399793478|0.169347056|0.171347056|0.121755458,0.528571309|0.543571291|0.519793478|0.289347056|0.291347056|0.241755458,0.528571309|0.543571291|0.519793478|0.289347056|0.291347056|0.241755458,0.15|0.15|0.15|0.15|0.15|0.15,0|0|0.0386394347|-0.0656298417|-0.0656298417|-0.00951915891,-0.183995408|0|-0.180964002|-0.0158261179|-0.0158261179|-0.100194531,1.45028983|1.69428517|1.45684934|0.595932263|0.603932263|0.377308141,0.65080595|-0.216345847|0.242661908,-0.106185935|0.351748437|0.00661098678,0.003629290498793125
93,4.7,-0.4211374571225386,0.3407992720603943,0.17253118753433228,0.24767060577869415,0.31596729159355164,0.35,5,0,0,0,0.8059807419776917,0.6117895245552063,5.7052693367004395,0.8084164261817932,1.0,0.11651871913745887,0,1,1,0,0.04315730032371931,0.0,filtered,0.05418886173915623,0,1,12,workspace_z_lower,workspace_z_lower,0,0,1,solved,osqp,5.733599955926039e-09,valid,0.11651871913745887,0.399561875|0.414561875|0.39280326|0.165500257|0.167500257|0.116518719,0.519561875|0.534561875|0.51280326|0.285500257|0.287500257|0.236518719,0.519561875|0.534561875|0.51280326|0.285500257|0.287500257|0.236518719,0.15|0.15|0.15|0.15|0.15|0.15,0|0|0.038227648|-0.0733270305|-0.0733270305|-0.0144135642,-0.176329279|0|-0.174792059|-0.00710747381|-0.00710747381|-0.0903434382,1.42191822|1.6582475|1.43464863|0.581566523|0.589566523|0.361317874,0.645496607|-0.198758423|0.242992535,-0.106185935|0.351748437|0.00661098678,0.0033780159428715706
94,4.75,-0.43788356865442923,0.34763115644454956,0.17417176067829132,0.2416050285100937,0.32382553815841675,0.35,5,0,0,0,0.8177109956741333,0.7105714678764343,4.4753098487854,0.8210180401802063,1.0,0.11153614111148458,0,1,1,0,0.04315730032371931,0.0,filtered,0.06707768366725765,0,1,12,workspace_z_lower,workspace_z_lower,0,0,1,solved,osqp,4.558626202216809e-09,valid,0.11153614111148458,0.390943515|0.405943488|0.386112265|0.161709368|0.163709368|0.111536141,0.510943515|0.525943488|0.506112265|0.281709368|0.283709368|0.231536141,0.510943515|0.525943488|0.506112265|0.281709368|0.283709368|0.231536141,0.15|0.15|0.15|0.14559547|0.14559547|0.15,0|0|0.0381147112|-0.0809200404|-0.0809200404|-0.0191861865,-0.168352002|0|-0.168281305|-2.13938073e-17|-2.13938073e-17|-0.0804483218,1.39542206|1.62377395|1.41428247|0.565917431|0.573917431|0.346510056,0.640187263|-0.181171|0.243323162,-0.106185935|0.351748437|0.00661098678,0.0036498336121439934
95,4.800000000000001,-0.45605333007648285,0.3546731173992157,0.17634566128253937,0.23579443991184235,0.3320673406124115,0.35,5,0,0,0,0.8219990730285645,0.7376808524131775,4.3065409660339355,0.8265078067779541,1.0,0.1068154375192989,0,1,1,0,0.04315730032371931,0.0,filtered,0.0814011152126821,0,1,12,workspace_z_lower,workspace_z_lower,0,0,1,solved,osqp,3.440999752496454e-09,valid,0.1068154375192989,0.382731839|0.397731839|0.379752581|0.157804533|0.159804533|0.106815438,0.502731839|0.517731839|0.499752581|0.277804533|0.279804533|0.226815438,0.502731839|0.517731839|0.499752581|0.277804533|0.279804533|0.226815438,0.15|0.15|0.15|0.121258989|0.121258989|0.15,0|0|0.0374764963|-0.0846162273|-0.0846162273|-0.0242013808,-0.160061751|0|-0.161431537|-6.84827085e-18|-6.84827085e-18|-0.0706907828,1.37086561|1.59092735|1.39505529|0.546601904|0.554601904|0.332369586,0.63487792|-0.163583577|0.243653789,-0.106185935|0.351748437|0.00661098678,0.0026077693328261375
96,4.8500000000000005,-0.4746562493763497,0.363192081451416,0.17897570133209229,0.23016636073589325,0.3420284688472748,0.35,5,0,0,0,0.8189535737037659,0.7670964598655701,8.825726509094238,0.823847770690918,1.0,0.10233807479736212,0,1,1,0,0.04315730032371931,0.0,filtered,0.08631889042840557,0,1,12,workspace_z_lower,workspace_z_lower,0,0,1,solved,osqp,2.170188868888534e-09,valid,0.10233807479736212,0.374942504|0.389942504|0.373716315|0.153730254|0.155730254|0.102338075,0.494942504|0.509942504|0.493716315|0.273730254|0.275730254|0.222338075,0.494942504|0.509942504|0.493716315|0.273730254|0.275730254|0.222338075,0.15|0.15|0.15|0.097835408|0.097835408|0.15,0|0|0.035910579|-0.0867016511|-0.0867016511|-0.0296672232,-0.151458575|0|-0.15420711|6.40631784e-18|6.40631784e-18|-0.0610488251,1.34831144|1.55977002|1.37656873|0.528219364|0.536219364|0.318636251,0.629568577|-0.145996153|0.243984416,-0.106185935|0.351748437|0.00661098678,0.00244279857724905
97,4.9,-0.4929308843037245,0.37195050716400146,0.18201227486133575,0.2247038036584854,0.3525100350379944,0.35,5,0,0,0,0.8160683512687683,0.8069524168968201,3.150146245956421,0.8213924169540405,1.0,0.09807583687821597,0,1,1,0,0.04315730032371931,0.0,filtered,0.09117812600424449,0,1,12,workspace_z_lower,workspace_z_lower,0,0,1,solved,osqp,1.3167767050348278e-09,valid,0.09807583687821597,0.36759111|0.382591107|0.36797711|0.14956017|0.15156017|0.0980758369,0.48759111|0.502591107|0.48797711|0.26956017|0.27156017|0.218075837,0.48759111|0.502591107|0.48797711|0.26956017|0.27156017|0.218075837,0.15|0.15|0.15|0.0745681945|0.0745681945|0.15,0|0|0.0343057103|-0.0880326953|-0.0880326953|-0.0353184421,-0.142544634|0|-0.146559865|1.56165243e-17|1.56165243e-17|-0.051216377,1.32781981|1.53036443|1.35965429|0.510207985|0.518207985|0.305768528,0.624259233|-0.12840873|0.244315043,-0.106185935|0.351748437|0.00661098678,0.003057665191590786
98,4.95,-0.510172573656154,0.37898948788642883,0.18547423183918,0.21945948898792267,0.36156246066093445,0.35,5,0,0,0,0.8102566003799438,0.8153454065322876,6.4613237380981445,0.8170484900474548,1.0,0.09402819516755356,0,1,1,0,0.04315730032371931,0.0,filtered,0.10381347741329562,0,1,12,workspace_z_lower,workspace_z_lower,0,0,1,solved,osqp,8.373802901084915e-10,valid,0.09402819516755356,0.360693095|0.375693095|0.362553794|0.145329573|0.147329573|0.0940281952,0.480693095|0.495693095|0.482553794|0.265329573|0.267329573|0.214028195,0.480693095|0.495693095|0.482553794|0.265329573|0.267329573|0.214028195,0.15|0.15|0.15|0.0512665884|0.0512665884|0.15,0|0|0.033122126|-0.0882276046|-0.0882276046|-0.0403015358,-0.133324399|0|-0.138486316|5.49482631e-18|5.49482631e-18|-0.0410852332,1.30944798|1.50277238|1.34485098|0.493090688|0.501090688|0.294726012,0.61894989|-0.110821307|0.24464567,-0.106185935|0.351748437|0.00661098678,0.0031539835035800934
99,5.0,-0.5267308578054486,0.38621786236763,0.18929462134838104,0.2144104391336441,0.3711220622062683,0.35,5,0,0,0,0.8096122741699219,0.9004272818565369,4.108583927154541,0.8158607482910156,1.0,0.09024217137540769,0,1,1,0,0.04315730032371931,0.0,filtered,0.10011254837316395,0,1,12,workspace_z_lower,workspace_z_lower,0,0,1,solved,osqp,6.073346339730001e-10,valid,0.09024217137540769,0.354263609|0.369263609|0.357487375|0.141095341|0.143095341|0.0902421714,0.474263609|0.489263609|0.477487375|0.261095341|0.263095341|0.210242171,0.474263609|0.489263609|0.477487375|0.261095341|0.263095341|0.210242171,0.15|0.15|0.15|0.0280775563|0.0280775563|0.15,0|0|0.0319813955|-0.0881440302|-0.0881440302|-0.0457545982,-0.123804859|0|-0.130004508|5.86206944e-18|5.86206944e-18|-0.0307055473,1.29324958|1.47705444|1.33192639|0.476237333|0.484237333|0.28450854,0.613640547|-0.0932338834|0.244976297,-0.106185935|0.351748437|0.00661098678,0.0035789785906672478
100,5.050000000000001,-0.5415081240416879,0.39444345235824585,0.19330647587776184,0.20950497686862946,0.3820749819278717,0.35,5,0,0,0,0.8086787462234497,1.0793651342391968,7.394061088562012,0.8130765557289124,1.0,0.08670610732801559,0,1,1,0,0.04315730032371931,0.0,filtered,0.0842272480213498,0,1,12,workspace_z_lower,workspace_z_lower,0,0,1,solved,osqp,9.664833447442511e-10,valid,0.08670610732801559,0.348317388|0.363317373|0.352799948|0.136870488|0.138870488|0.0867061073,0.468317388|0.483317373|0.472799948|0.256870488|0.258870488|0.206706107,0.468317388|0.483317373|0.472799948|0.256870488|0.258870488|0.206706107,0.15|0.15|0.15|0.0049186862|0.0049186862|0.15,0|0|0.0306309117|-0.0873701829|-0.0873701829|-0.0518289602,-0.113995679|0|-0.12112213|-2.97102299e-19|-2.97102299e-19|-0.0200063602,1.27927387|1.45326949|1.32070857|0.46011177|0.46811177|0.274989109,0.608331203|-0.0756464601|0.245306924,-0.106185935|0.351748437|0.00661098678,0.003310847096145153
101,5.1000000000000005,-0.5545471046118008,0.40405207872390747,0.1973303258419037,0.20468540489673615,0.394861102104187,0.35,5,0,0,0,0.8028312921524048,1.3682527542114258,8.481233596801758,0.8046019673347473,1.0,0.08340439510989806,0,1,1,0,0.04315730032371931,0.0,filtered,0.05335568901282512,0,1,12,workspace_z_lower,workspace_z_lower,0,0,1,solved,osqp,1.0727506001562137e-09,valid,0.08340439510989806,0.342868612|0.357868612|0.348500708|0.132748593|0.134748593|0.0834043951,0.462868612|0.477868612|0.468500708|0.252748593|0.254748593|0.203404395,0.462868612|0.477868612|0.468500708|0.252748593|0.254748593|0.203404395,0.15|0.15|0.15|0|0|0.15,0|0|0.0287527044|-0.0903888783|-0.0903888783|-0.0589711444,-0.103909329|0|-0.111843264|0.00681468256|0.00681468256|-0.00874879651,1.26756512|1.43147445|1.31091227|0.447420177|0.455420177|0.26589764,0.60302186|-0.0580590367|0.245637551,-0.106185935|0.351748437|0.00661098678,0.0031160367652773857
102,5.15,-0.5679069799159344,0.41642943024635315,0.20123064517974854,0.19987793266773224,0.41034871339797974,0.35,5,0,0,0,0.8030790090560913,1.6859906911849976,7.323416709899902,0.8032212853431702,1.0,0.08029909679460456,0,1,1,0,0.04315730032371931,0.0,filtered,0.015142158590747131,0,1,12,workspace_z_lower,workspace_z_lower,0,0,1,solved,osqp,4.3305967492579533e-10,valid,0.08029909679460456,0.33793077|0.35293077|0.344583304|0.12885944|0.13085944|0.0802990968,0.45793077|0.47293077|0.464583304|0.24885944|0.25085944|0.200299097,0.45793077|0.47293077|0.464583304|0.24885944|0.25085944|0.200299097,0.15|0.15|0.15|0|0|0.142476268,0|0|0.0265343828|-0.096049945|-0.096049945|-0.0667016299,-0.0935611695|0|-0.102168623|0.0158656621|0.0158656621|1.46084057e-17,1.25816191|1.41172308|1.30269898|0.435253477|0.443253477|0.254494757,0.597712517|-0.0404716134|0.245968178,-0.106185935|0.351748437|0.00661098678,0.0031789354979991913
103,5.2,-0.5585746674486256,0.4311542212963104,0.20366640388965607,0.1950025111436844,0.4279930889606476,0.35,5,0,0,0,0.7493478655815125,2.4835081100463867,34.409454345703125,0.7493477463722229,0.9633929794476248,0.07707143835580998,0,1,1,0,0.04315730032371931,0.0,filtered,2.9076049970052505e-07,0,0,12,,workspace_z_lower,0,0,1,solved,osqp,0.0,valid,0.07707143835580998,0.333516507|0.348516507|0.341050748|0.125145663|0.127145663|0.0770714384,0.453516507|0.468516507|0.461050748|0.245145663|0.247145663|0.197071438,0.453516507|0.468516507|0.461050748|0.245145663|0.247145663|0.197071438,0.15|0.15|0.15|0|0|0.113231334,0|0|0.0254561162|-0.0897438375|-0.0897438375|-0.0707185228,-0.0829694675|0|-0.0921098359|0.0254195308|0.0254195308|4.14596378e-18,1.25109656|1.39406603|1.29754927|0.436258344|0.444258344|0.237567231,0.592403173|-0.0228841901|0.246298805,-0.106185935|0.351748437|0.00661098678,0.0029733171686530113
104,5.25,-0.5240579697731858,0.4649091958999634,0.20230165123939514,0.1894056349992752,0.46416428685188293,0.35,5,0,0,0,0.695458173751831,4.3155598640441895,52.18486785888672,0.695457935333252,0.9199172490746248,0.07359337992596998,0,1,1,0,0.04315730032371931,0.0,filtered,3.809649414978886e-07,0,0,12,,workspace_z_lower,0,0,1,solved,osqp,0.0,valid,0.07359337992596998,0.329637483|0.344637483|0.337972304|0.12223103|0.12423103|0.0735933799,0.449637483|0.464637483|0.457972304|0.24223103|0.24423103|0.19359338,0.449637483|0.464637483|0.457972304|0.24223103|0.24423103|0.19359338,0.15|0.15|0.15|0|0|0.0796892734,0|0|0.0243128827|-0.0804245089|-0.0804245089|-0.0900330446,-0.0721553638|0|-0.0817563109|0.0362881594|0.0362881594|-1.67002978e-17,1.24639457|1.37854993|1.29444579|0.444787772|0.452787772|0.204340475,0.58709383|-0.00529676676|0.246629432,-0.106185935|0.351748437|0.00661098678,0.0035432083532214165
105,5.300000000000001,-0.4494062137240883,0.466613233089447,0.1969388723373413,0.18420441448688507,0.46661317348480225,0.35,5,0,0,0,0.7022521495819092,4.187077522277832,80.97212219238281,0.7022521495819092,0.863590810711673,0.06908726485693384,0,1,1,0,0.04315730032371931,0.0,passthrough,8.696052104908633e-10,0,0,12,,workspace_z_lower,0,0,1,solved,osqp,0.0,valid,0.06908726485693384,0.326304232|0.341304232|0.335356545|0.120384782|0.122384782|0.0690872649,0.446304232|0.461304232|0.455356545|0.240384782|0.242384782|0.189087265,0.446304232|0.461304232|0.455356545|0.240384782|0.242384782|0.189087265,0.15|0.15|0.15|0|0|0.0375631241,0|0|0.0234660325|-0.0543238424|-0.0543238424|-0.0983032528,-0.0611427583|0|-0.0711664609|0.0497198461|0.0497198461|-1.24233935e-17,1.24407417|1.36521693|1.29372575|0.476935133|0.484935133|0.178045807,0.581784487|0.0122906566|0.246960059,-0.106185935|0.351748437|0.00661098678,0.0036007510498166084
106,5.3500000000000005,-0.34924668903976486,0.4181630313396454,0.189077690243721,0.18054251372814178,0.41816309094429016,0.35,5,0,0,0,0.7348764538764954,3.292703151702881,30.362489700317383,0.7348763942718506,0.8025550179450808,0.06420440143560646,0,1,1,0,0.04315730032371931,0.0,filtered,1.1928285070141894e-07,0,0,12,,predictive_link_5,0,0,1,solved,osqp,0.0,valid,0.06420440143560646,0.323526028|0.338526028|0.333224048|0.120623732|0.122623732|0.0642044014,0.443526028|0.458526028|0.453224048|0.240623732|0.242623732|0.184204401,0.443526028|0.458526028|0.453224048|0.240623732|0.242623732|0.184204401,0.15|0.15|0.15|0|0|0,0|0|0.0214680904|-0.0296448239|-0.0296448239|-0.096761036,-0.04995813|0|-0.0604370638|0.0655337011|0.0655337011|0.00682896662,1.24414598|1.35410411|1.29392722|0.518383806|0.526383806|0.166885536,0.576475143|0.0298780799|0.247290686,-0.106185935|0.351748437|0.00661098678,0.0024007251486182213
107,5.4,-0.2363956979582333,0.3261193335056305,0.1804664433002472,0.17874448001384735,0.3261193633079529,0.35,5,0,0,0,0.7397401332855225,1.1938806772232056,46.39528274536133,0.7397401332855225,0.7567815865669832,0.060542526925358664,0,1,1,0,0.04315730032371931,0.0,passthrough,1.0764501789592278e-09,0,0,12,,predictive_link_5,0,0,1,solved,osqp,0.0,valid,0.060542526925358664,0.321310761|0.336310761|0.331527697|0.122968023|0.124951239|0.0605425269,0.441310761|0.456310761|0.451527697|0.242968023|0.244951239|0.180542527,0.441310761|0.456310761|0.451527697|0.242968023|0.244951239|0.180542527,0.15|0.15|0.15|0|0|0,0|0|0.0203652308|-0.0185734177|-0.0206973879|-0.0888633004,-0.0386302781|0|-0.0495799565|0.0825075049|0.0810210168|0.034389018,1.24661277|1.34524305|1.29689606|0.555806181|0.560128585|0.187695825,0.5711658|0.0474655032|0.247621313,-0.106185935|0.351748437|0.00661098678,0.0027148136869072914
108,5.45,-0.3065899818257796,0.3129241466522217,0.17613418400287628,0.18210656940937042,0.31292417645454407,0.35,5,0,0,0,0.284086138010025,9.797959327697754,198.4427947998047,0.3499999940395355,0.7343060997702658,0.05874448798162127,1,1,0,0,0.04315730032371931,0.3499999940395355,filtered,0.4882102940045759,0,0,12,joint_0_acceleration_lower|joint_4_acceleration_lower|joint_1_acceleration_upper|joint_2_acceleration_upper|joint_3_acceleration_upper|joint_5_acceleration_upper,workspace_z_lower,0,0,1,solved,osqp,0.0,valid,0.05874448798162127,0.31966483|0.33466483|0.330322026|0.126719434|0.12806913|0.058744488,0.43966483|0.45466483|0.450322026|0.246719434|0.24806913|0.178744488,0.43966483|0.45466483|0.450322026|0.246719434|0.24806913|0.178744488,0.15|0.15|0.15|0|0|0,0|0|0.00421651829|0.0187740417|0.0126827883|-0.0117381486,-0.0271899985|0|-0.0386134265|0.0991139985|0.090956354|0.0628070959,1.25146932|1.33865932|1.28689119|0.624765778|0.61591566|0.286046899,0.565856457|0.0650529265|0.24795194,-0.106185935|0.351748437|0.00661098678,0.0023492304608225822
109,5.5,-0.35142094955428593,0.29339155554771423,0.17560575902462006,0.1902419775724411,0.293391615152359,0.35,5,0,0,0,0.2562049627304077,7.659163475036621,67.36011505126953,0.3499999940395355,0.7763320856442331,0.06210656685153865,1,1,0,0,0.04315730032371931,0.3499999940395355,filtered,0.11031165227931491,0,0,12,,workspace_z_lower,0,0,1,solved,osqp,0.0,valid,0.06210656685153865,0.318593051|0.333593051|0.328878581|0.133094847|0.133572458|0.0621065669,0.438593051|0.453593051|0.448878581|0.253094847|0.253572458|0.182106567,0.438593051|0.453593051|0.448878581|0.253094847|0.253572458|0.182106567,0.15|0.15|0.15|0|0|0,0|0|-0.00478158343|0.0598183977|0.0588509679|0.0602541726,-0.0156696927|0|-0.0273098715|0.116690515|0.105010118|0.0892476202,1.25870251|1.3343722|1.28342287|0.708888303|0.698150916|0.39792806,0.560547113|0.0826403499|0.248282567,-0.106185935|0.351748437|0.00661098678,0.002552720718085766
110,5.550000000000001,-0.3326088143747302,0.26991602778434753,0.1756395399570465,0.20081080496311188,0.26991602778434753,0.35,5,0,0,0,0.3499999940395355,1.9652831554412842,130.72483825683594,0.3499999940395355,0.878024845996371,0.07024198767970968,1,1,0,0,0.04315730032371931,0.3499999940395355,passthrough,2.6843207042765772e-11,0,0,12,,workspace_z_lower,0,0,1,solved,osqp,0.0,valid,0.07024198767970968,0.318098592|0.333098592|0.327556765|0.1423968|0.142169752|0.0702419877,0.438098592|0.453098592|0.447556765|0.2623968|0.262169752|0.190241988,0.438098592|0.453098592|0.447556765|0.2623968|0.262169752|0.190241988,0.15|0.15|0.15|0|0|0,0|0|-0.00692851234|0.0808145944|0.0801179621|0.0864687932,-0.00410292834|0|-0.0158599071|0.133882052|0.119857969|0.112535007,1.26829144|1.33239437|1.28743864|0.784283845|0.76865494|0.479971751,0.55523777|0.100227773|0.248613194,-0.106185935|0.351748437|0.00661098678,0.0024143122136592865
111,5.6000000000000005,-0.2626299212585758,0.2507040500640869,0.1725330799818039,0.21021123230457306,0.2507040202617645,0.35,5,0,0,0,0.41062048077583313,9.114177703857422,203.75035095214844,0.45264071226119995,1.0,0.08081078304494049,0,1,1,0,0.04315730032371931,0.0,filtered,0.09871178675615441,0,0,12,,workspace_z_lower,0,0,1,solved,osqp,0.0,valid,0.08081078304494049,0.318062227|0.333062227|0.32670148|0.153584578|0.152543655|0.080810783,0.438062227|0.453062227|0.44670148|0.273584578|0.272543655|0.200810783,0.438062227|0.453062227|0.44670148|0.273584578|0.272543655|0.200810783,0.117715472|0.117715472|0.15|0|0|0,0|0|-0.0102707506|0.0334298206|0.0287762973|0.0376589752,-8.37728882e-18|0|-0.00436138981|0.149987404|0.133639901|0.134209946,1.27224891|1.33224891|1.29217378|0.797755534|0.772590819|0.495112054,0.549928427|0.117815197|0.248943821,-0.106185935|0.351748437|0.00661098678,0.003454507328569889
112,5.65,-0.1560600005757513,0.2279559224843979,0.16526037454605103,0.22238673269748688,0.22795596718788147,0.35,5,0,0,0,0.7275084257125854,6.626306056976318,104.96834564208984,0.7275078892707825,1.0,0.09021122079464372,0,1,1,0,0.04315730032371931,0.0,filtered,7.618731917235373e-07,0,0,12,,workspace_z_lower,0,0,1,solved,osqp,0.0,valid,0.09021122079464372,0.318062205|0.333062205|0.326155036|0.163274984|0.161128015|0.0902112208,0.438062205|0.453062205|0.446155036|0.283274984|0.281128015|0.210211221,0.438062205|0.453062205|0.446155036|0.283274984|0.281128015|0.210211221,0.0677154279|0.0677154279|0.117232816|0|0|0,0|0|-0.0160624442|0.0572470365|0.0440491095|0.0627347634,1.19272337e-17|0|-9.12405934e-18|0.166646684|0.148349672|0.157624532,1.27224882|1.33224882|1.2885577|0.876993658|0.836910843|0.581204178,0.544619083|0.13540262|0.249274448,-0.106185935|0.351748437|0.00661098678,0.002580685541033745
113,5.7,-0.06533184713608337,0.20392021536827087,0.15479665994644165,0.2367534190416336,0.20392023026943207,0.35,5,0,0,0,0.8889357447624207,4.28308629989624,84.55765533447266,0.8889349699020386,1.0,0.10238674209152998,0,1,1,0,0.04315730032371931,0.0,filtered,1.2091145004106145e-06,0,0,12,,workspace_z_lower,0,0,1,solved,osqp,0.0,valid,0.10238674209152998,0.318062184|0.333062184|0.325355505|0.175127626|0.171364732|0.102386742,0.438062184|0.453062184|0.445355505|0.295127626|0.291364732|0.222386742,0.438062184|0.453062184|0.445355505|0.295127626|0.291364732|0.222386742,0.0177153828|0.0177153828|0.0643877447|0|0|0,0|0|-0.0121120461|0.0694149732|0.0485782589|0.0788737476,-9.06313068e-18|0|3.17042312e-17|0.184291307|0.164438576|0.183679491,1.27224874|1.33224874|1.28930997|0.954216786|0.898475763|0.672100207,0.53930974|0.152990043|0.249605075,-0.106185935|0.351748437|0.00661098678,0.00386784877628088
114,5.75,0.011408601778909983,0.18253615498542786,0.14162464439868927,0.2511633336544037,0.18253612518310547,0.35,5,0,0,0,1.0082874298095703,5.510392665863037,72.59344482421875,1.0082863569259644,1.0,0.11675342274528283,0,1,1,0,0.04315730032371931,0.0,filtered,1.53185940816359e-06,0,0,12,,workspace_z_lower,0,0,1,solved,osqp,0.0,valid,0.11675342274528283,0.318182857|0.333182857|0.324753571|0.188444291|0.182668518|0.116753423,0.438182857|0.453182857|0.444753571|0.308444291|0.302668518|0.236753423,0.438182857|0.453182857|0.444753571|0.308444291|0.302668518|0.236753423,0|0|0.0121678879|0|0|0,0|0|-0.000343934548|0.046019607|0.0213034704|0.0579329662,0.00747607404|0|-2.84109639e-17|0.200528184|0.180460235|0.208805323,1.2802075|1.33273143|1.29867035|1.00032496|0.932437779|0.73375198,0.534000397|0.170577466|0.249935701,-0.106185935|0.351748437|0.00661098678,0.0024660443887114525
115,5.800000000000001,0.07205601729024125,0.16582819819450378,0.1264439821243286,0.2637651562690735,0.16582821309566498,0.35,5,0,0,0,1.0967589616775513,5.823696613311768,52.73873519897461,1.097306251525879,1.0,0.1311633226907748,0,1,1,0,0.04315730032371931,0.0,filtered,0.002978811698988736,0,0,12,,workspace_z_lower,0,0,1,solved,osqp,0.0,valid,0.1311633226907748,0.318845686|0.333845686|0.32490403|0.201269855|0.19335554|0.131163323,0.438845686|0.453845686|0.44490403|0.321269855|0.31335554|0.251163323,0.438845686|0.453845686|0.44490403|0.321269855|0.31335554|0.251163323,0|0|0|0|0|0,0|0|0.0125563832|-0.00507237871|-0.0302727962|0.00451144382,0.0190328193|0|0.00887532148|0.213925641|0.195811428|0.230883742,1.29441556|1.33538274|1.32104783|1.01393268|0.938960791|0.760048476,0.528691053|0.18816489|0.250266194,-0.106185935|0.351748437|0.00661098678,0.002456952817738056
116,5.8500000000000005,0.1255097932656346,0.1524253785610199,0.1095452830195427,0.2749274671077728,0.1524253785610199,0.35,5,0,0,0,1.1925102472305298,4.7339982986450195,37.69879150390625,1.1925095319747925,1.0,0.14376517203748834,0,1,1,0,0.04315730032371931,0.0,filtered,9.618174238962649e-07,0,0,12,,workspace_z_lower,0,0,1,solved,osqp,0.0,valid,0.14376517203748834,0.320085073|0.335085073|0.326242855|0.212104276|0.202223125|0.143765172,0.440085073|0.455085073|0.446242855|0.332104276|0.322223125|0.263765172,0.440085073|0.455085073|0.446242855|0.332104276|0.322223125|0.263765172,0|0|0|0|0|0,0|0|0.0220207701|-0.0444799184|-0.0702859829|-0.0399082119,0.0305332353|0|0.0199696616|0.224295827|0.211864551|0.249298019,1.31087353|1.34034029|1.34696185|1.02823301|0.95047107|0.784450495,0.52338171|0.205752313|0.250596642,-0.106185935|0.351748437|0.00661098678,0.002663508988916874
117,5.9,0.14947130226119398,0.1405784785747528,0.09243176877498627,0.2857402265071869,0.1405784785747528,0.35,5,0,0,0,1.271905541419983,3.0103352069854736,57.67201232910156,1.2719049453735352,1.0,0.15492747487639252,0,1,1,0,0.04315730032371931,0.0,filtered,1.1835620837191104e-06,0,0,12,,workspace_x_lower,0,0,1,solved,osqp,0.0,valid,0.15492747487639252,0.321897377|0.336897377|0.328604428|0.221456723|0.209852475|0.154927475,0.441897377|0.456897377|0.448604428|0.341456723|0.329852475|0.274927475,0.441897377|0.456897377|0.448604428|0.341456723|0.329852475|0.274927475,0|0|0|0|0|0,0|0|0.0282442483|-0.0593899932|-0.0895209256|-0.0608819776,0.0419440468|0|0.0305363929|0.232070186|0.226359233|0.264615514,1.32953356|1.34758951|1.37319835|1.05850708|0.976248206|0.823443436,0.518072367|0.223339736|0.250927091,-0.106185935|0.351748437|0.00661098678,0.0026369942352175713
118,5.95,0.1425854231085673,0.12758147716522217,0.0767379105091095,0.298843652009964,0.12758144736289978,0.35,5,0,0,0,1.2832525968551636,2.3348119258880615,61.915489196777344,1.2832525968551636,1.0,0.16574022907292163,0,1,1,0,0.04315730032371931,0.0,passthrough,5.927661857220318e-12,0,0,12,,workspace_x_lower,0,0,1,solved,osqp,0.0,valid,0.16574022907292163,0.324277313|0.339277313|0.331803165|0.230453013|0.217204267|0.165740229,0.444277313|0.459277313|0.451803165|0.350453013|0.337204267|0.285740229,0.444277313|0.459277313|0.451803165|0.350453013|0.337204267|0.285740229,0|0|0|0|0|0,0|0|0.0297210626|-0.0279240848|-0.0638157287|-0.0270911641,0.0532332761|0|0.0407460484|0.237559695|0.238672016|0.2768579,1.35034253|1.35710925|1.39767977|1.13144766|1.04367335|0.912727653,0.512763023|0.24092716|0.251257539,-0.106185935|0.351748437|0.00661098678,0.003827212378382683
119,6.0,0.07277247957009106,0.11400966346263885,0.06586652249097824,0.3142494857311249,0.11400964856147766,0.35,5,0,0,0,1.2905607223510742,1.5034749507904053,23.381736755371094,1.290560007095337,1.0,0.1788436436962607,0,1,1,0,0.04315730032371931,0.0,filtered,1.2169051457549872e-06,0,0,12,,workspace_x_lower,0,0,1,solved,osqp,0.0,valid,0.1788436436962607,0.327218038|0.342218038|0.335570719|0.241269702|0.226457976|0.178843644,0.447218038|0.462218038|0.455570719|0.361269702|0.346457976|0.298843644,0.447218038|0.462218038|0.455570719|0.361269702|0.346457976|0.298843644,0|0|0|0|0|0,0|0|0.0288488925|0.00155578071|-0.0353625991|0.0106635625,0.0643706714|0|0.0506836927|0.2412095|0.248851902|0.286140536,1.37324282|1.36887215|1.42181546|1.20784409|1.11932121|1.01217867,0.50745368|0.258514583|0.251587987,-0.106185935|0.351748437|0.00661098678,0.00235848780721426
120,6.050000000000001,-0.08291547054826705,0.10103044658899307,0.06439626961946487,0.3310997486114502,0.10103043913841248,0.35,5,0,0,0,1.2952966690063477,0.747104823589325,20.97348403930664,1.2952961921691895,1.0,0.19424949774694378,0,1,1,0,0.04315730032371931,0.0,filtered,7.883392063531934e-07,0,0,12,,workspace_x_lower,0,0,1,solved,osqp,0.0,valid,0.19424949774694378,0.330711245|0.345711245|0.33978096|0.253692699|0.23761754|0.194249498,0.450711245|0.465711245|0.45978096|0.373692699|0.35761754|0.314249498,0.450711245|0.465711245|0.45978096|0.373692699|0.35761754|0.314249498,0|0|0|0|0|0,0|0|0.0275131896|0.0170044565|-0.0180973587|0.0345825064,0.0753280786|0|0.0604464084|0.243453097|0.2570785|0.292706503,1.39817306|1.38284498|1.44708344|1.27522835|1.1894513|1.104287,0.502144337|0.276102006|0.251918435,-0.106185935|0.351748437|0.00661098678,0.003120962530374527
121,6.1000000000000005,-0.2640326104713611,0.08929623663425446,0.0734972357749939,0.34868261218070984,0.08929622173309326,0.35,5,0,0,0,1.2744094133377075,1.0737583637237549,25.33371353149414,1.2744094133377075,1.0,0.21109975134611936,0,1,1,0,0.04315730032371931,0.0,passthrough,5.260856596427342e-12,0,0,12,,workspace_x_lower,0,0,1,solved,osqp,0.0,valid,0.21109975134611936,0.334747283|0.349747283|0.344410434|0.266952555|0.250001605|0.211099751,0.454747283|0.469747283|0.464410434|0.386952555|0.370001605|0.331099751,0.454747283|0.469747283|0.464410434|0.386952555|0.370001605|0.331099751,0|0|0|0|0|0,0|0|0.025701362|0.0216091028|-0.0101716959|0.0468117837,0.086079747|0|0.070096379|0.244634701|0.263543608|0.296896326,1.42506888|1.39898913|1.47343948|1.33405403|1.25337833|1.18810712,0.496834993|0.29368943|0.252248883,-0.106185935|0.351748437|0.00661098678,0.0035976041108369827
122,6.15,-0.3803550034044075,0.07868320494890213,0.08935000002384186,0.36716213822364807,0.07868320494890213,0.35,5,0,0,0,1.2169007062911987,1.884666919708252,24.623653411865234,1.2169007062911987,1.0,0.2286826110238706,0,1,1,0,0.04315730032371931,0.0,passthrough,6.809484252671749e-12,0,0,12,,workspace_x_lower,0,0,1,solved,osqp,0.0,valid,0.2286826110238706,0.339315273|0.354315273|0.349436418|0.280463807|0.263046813|0.228682611,0.459315273|0.474315273|0.469436418|0.400463807|0.383046813|0.348682611,0.459315273|0.474315273|0.469436418|0.400463807|0.383046813|0.348682611,0|0|0|0|0|0,0|0|0.023095228|0.0303696505|0.00265990673|0.0641102186,0.0966025646|0|0.0797122159|0.245263628|0.26864042|0.299289193,1.45386366|1.41726109|1.50055312|1.39748851|1.32348758|1.27812986,0.49152565|0.311276853|0.252579331,-0.106185935|0.351748437|0.00661098678,0.0040843291208148
123,6.2,-0.41718090309807676,0.06910935789346695,0.10737428814172745,0.38669049739837646,0.06910936534404755,0.35,5,0,0,0,1.137100100517273,2.3997573852539062,16.585453033447266,1.137100100517273,1.0,0.247162152521053,0,1,1,0,0.04315730032371931,0.0,passthrough,6.606020852201558e-12,0,0,12,,workspace_x_lower,0,0,1,solved,osqp,0.0,valid,0.247162152521053,0.344403256|0.359403242|0.354813693|0.294401494|0.276927757|0.247162153,0.464403256|0.479403242|0.474813693|0.414401494|0.396927757|0.367162153,0.464403256|0.479403242|0.474813693|0.414401494|0.396927757|0.367162153,0|0|0|0|0|0,0|0|0.0190046897|0.0416155574|0.0198857123|0.0858327069,0.106876219|0|0.089243001|0.245691106|0.272654816|0.300371395,1.48448924|1.43761297|1.52750246|1.46491264|1.40025156|1.37485271,0.486216307|0.328864276|0.25290978,-0.106185935|0.351748437|0.00661098678,0.0028871307149529457
124,6.25,-0.37926936955589907,0.06103072687983513,0.12326314300298691,0.40606945753097534,0.06103072315454483,0.35,5,0,0,0,1.0298088788986206,4.3030805587768555,46.803924560546875,1.0298088788986206,1.0,0.26669051489587525,0,1,1,0,0.04315730032371931,0.0,passthrough,6.250491343154488e-12,0,0,12,,workspace_x_lower,0,0,1,solved,osqp,0.0,valid,0.26669051489587525,0.349998324|0.364998324|0.360461343|0.308792613|0.291805081|0.266690515,0.469998324|0.484998324|0.480461343|0.428792613|0.411805081|0.386690515,0.469998324|0.484998324|0.480461343|0.428792613|0.411805081|0.386690515,0|0|0|0|0|0,0|0|0.0138737186|0.0322005444|0.017679762|0.0838775687,0.116883289|0|0.0986493145|0.241992491|0.276043029|0.300819294,1.51687658|1.45999329|1.55436841|1.50936349|1.46094312|1.45145892,0.480906963|0.3464517|0.253240228,-0.106185935|0.351748437|0.00661098678,0.004006506875157356
125,6.300000000000001,-0.26308395355490577,0.05446828529238701,0.13267850875854492,0.4244992136955261,0.05446828156709671,0.35,5,0,0,0,0.8940050601959229,6.270495414733887,55.29861831665039,0.8950905203819275,1.0,0.28606945703316244,0,1,1,0,0.04315730032371931,0.0,filtered,0.019181035103358515,0,0,12,joint_1_acceleration_upper,workspace_x_lower,0,0,1,solved,osqp,0.0,valid,0.28606945703316244,0.356086773|0.371086773|0.366333593|0.322487848|0.306685288|0.286069457,0.476086773|0.491086773|0.486333593|0.442487848|0.426685288|0.406069457,0.476086773|0.491086773|0.486333593|0.442487848|0.426685288|0.406069457,0|0|0|0|0|0,0|0|0.00768417115|0.00651198413|0.00254479762|0.0648661784,0.126609262|0|0.108163969|0.239399453|0.279896671|0.301954199,1.55095635|1.48434709|1.58118251|1.53586283|1.50918262|1.51109821,0.47559762|0.364039123|0.253570676,-0.106185935|0.351748437|0.00661098678,0.0037475181743502617
126,6.3500000000000005,-0.09984196045383698,0.0483243390917778,0.13330775499343872,0.44476860761642456,0.048324331641197205,0.35,5,0,0,0,0.794338583946228,6.818558216094971,69.68131256103516,0.7760260701179504,1.0,0.3044992160827589,0,1,1,0,0.04315730032371931,0.0,filtered,0.08858537982327351,0,0,12,joint_2_acceleration_upper,workspace_x_lower,0,0,1,solved,osqp,0.0,valid,0.3044992160827589,0.362654246|0.377654246|0.372387569|0.33480639|0.32095233|0.304499216,0.482654246|0.497654246|0.492387569|0.45480639|0.44095233|0.424499216,0.482654246|0.497654246|0.492387569|0.45480639|0.44095233|0.424499216,0|0|0|0|0|0,0|0|-0.00379417757|0.0157944238|0.0324859911|0.0977810049,0.136042493|0|0.117808985|0.239871361|0.284943144|0.304830974,1.58665948|1.51061698|1.60356508|1.59489134|1.60123846|1.62060884,0.470288277|0.381626546|0.253901124,-0.106185935|0.351748437|0.00661098678,0.003801868297159672
127,6.4,0.048495183457861926,0.042660485953092575,0.12613295018672943,0.4670755863189697,0.04266047850251198,0.35,5,0,0,0,0.7253058552742004,7.856064796447754,83.4291763305664,0.7256316542625427,1.0,0.324768579629133,0,1,1,0,0.04315730032371931,0.0,filtered,0.1103365369222973,0,0,12,joint_0_acceleration_lower|joint_4_acceleration_lower|joint_2_acceleration_upper,workspace_x_lower,0,0,1,solved,osqp,0.0,valid,0.324768579629133,0.369685873|0.384685873|0.378354335|0.347639966|0.337016705|0.32476858,0.489685873|0.504685873|0.498354335|0.467639966|0.457016705|0.44476858,0.489685873|0.504685873|0.498354335|0.467639966|0.457016705|0.44476858,0|0|0|0|0|0,0|0|-0.0142742578|0.031856998|0.0754100117|0.131146058,0.145174114|0|0.127333235|0.241670067|0.291272303|0.309635598,1.62391761|1.53874349|1.62647632|1.66408693|1.71474913|1.73985597,0.464978933|0.39921397|0.254231572,-0.106185935|0.351748437|0.00661098678,0.004114001989364624
128,6.45,0.15883191445212586,0.03837037831544876,0.11353962123394012,0.4872490167617798,0.038370389491319656,0.35,5,0,0,0,0.7064366936683655,6.078763961791992,95.35079193115234,0.7129141688346863,1.0,0.3470755840755157,0,1,1,0,0.04315730032371931,0.0,filtered,0.042617469096618704,0,0,12,joint_4_acceleration_lower|joint_2_acceleration_upper,workspace_x_lower,0,0,1,solved,osqp,0.0,valid,0.3470755840755157,0.377166406|0.392166406|0.384277891|0.361423931|0.355663557|0.347075584,0.497166406|0.512166406|0.504277891|0.481423931|0.475663557|0.467075584,0.497166406|0.512166406|0.504277891|0.481423931|0.475663557|0.467075584,0|0|0|0|0|0,0|0|-0.0141317193|0.00554226035|0.049373069|0.0812085229,0.153997888|0|0.136730987|0.243746325|0.298384093|0.31565288,1.66266351|1.56866562|1.65971083|1.69498431|1.77041139|1.78516374,0.45966959|0.416801393|0.25456202,-0.106185935|0.351748437|0.00661098678,0.00360688753426075
129,6.5,0.21700299012491991,0.035288188606500626,0.09832039475440979,0.5041710138320923,0.03528819605708122,0.35,5,0,0,0,0.787391185760498,4.817777156829834,103.32262420654297,0.7873905897140503,1.0,0.36724906808749563,0,1,1,0,0.04315730032371931,0.0,filtered,1.1737525781653275e-06,0,0,12,,workspace_x_lower,0,0,1,solved,osqp,0.0,valid,0.36724906808749563,0.38508035|0.40008035|0.390689603|0.37413012|0.37339985|0.367249068,0.50508035|0.52008035|0.510689603|0.49413012|0.49339985|0.487249068,0.50508035|0.52008035|0.510689603|0.49413012|0.49339985|0.487249068,0|0|0|0|0|0,0|0|-0.00789986905|-0.0324137156|-0.00959091661|0.0106829768,0.162510036|0|0.146306114|0.247522613|0.305500218|0.322062749,1.70283143|1.6003214|1.70116466|1.71162938|1.7895087|1.801742,0.454360247|0.434388816|0.254892468,-0.106185935|0.351748437|0.00661098678,0.003915526904165745
130,6.550000000000001,0.22465637678882644,0.03329829126596451,0.08318696171045303,0.5165178775787354,0.03329828754067421,0.35,3,0,0,0,0.8249607682228088,2.463707685470581,82.11124420166016,0.8249602913856506,1.0,0.38417104784136147,0,1,1,0,0.04315730032371931,0.0,filtered,7.035027660104215e-07,0,0,12,,workspace_z_lower,0,0,1,solved,osqp,0.0,valid,0.38417104784136147,0.393412075|0.408412071|0.397891207|0.385194239|0.38842456|0.384171048,0.513412075|0.528412071|0.517891207|0.505194239|0.50842456|0.504171048,0.513412075|0.528412071|0.517891207|0.505194239|0.50842456|0.504171048,0|0|0|0|0|0,0|0|-0.00564649901|-0.0321675599|-0.0180692999|0.00929800398,0.170709038|0|0.155962484|0.253177484|0.310139542|0.328110113,1.74435734|1.63364828|1.74188081|1.76178688|1.84576848|1.87409231,0.449050903|0.45197624|0.255222917,-0.106185935|0.351748437|0.00661098678,0.003908109851181507
131,6.6000000000000005,0.214366773570661,0.031577352434396744,0.06899036467075348,0.5283269286155701,0.03157735615968704,0.35,3,0,0,0,0.8117076754570007,0.8676397204399109,41.1475944519043,0.811707615852356,1.0,0.3965178678817892,0,1,1,0,0.04315730032371931,0.0,filtered,1.6051601994591983e-07,0,0,12,,workspace_z_lower,0,0,1,solved,osqp,0.0,valid,0.3965178678817892,0.40214593|0.41714593|0.405679192|0.396517868|0.403131399|0.401273198,0.52214593|0.53714593|0.525679192|0.516517868|0.523131399|0.521273198,0.52214593|0.53714593|0.525679192|0.516517868|0.523131399|0.521273198,0|0|0|0|0|0,0|0|-0.00394298476|-0.0266906715|-0.0182985705|0.0113106686,0.178595413|0|0.165302987|0.258250491|0.313128998|0.333008855,1.78717913|1.66858372|1.78407677|1.81763129|1.90735602|1.94941232,0.44374156|0.469563663|0.255553365,-0.106185935|0.351748437|0.00661098678,0.0038517750799655914
132,6.65,0.19111275330794328,0.030014768242836,0.0563410259783268,0.5401594042778015,0.030014768242836,0.35,3,0,0,0,0.7983824610710144,1.455858826637268,34.252197265625,0.7983822226524353,1.0,0.408326953307803,0,1,1,0,0.04315730032371931,0.0,filtered,3.276846659773518e-07,0,0,12,,workspace_z_lower,0,0,1,solved,osqp,0.0,valid,0.408326953307803,0.411266333|0.42626632|0.414009668|0.408326953|0.417967242|0.418490292,0.531266333|0.54626632|0.534009668|0.528326953|0.537967242|0.538490292,0.531266333|0.54626632|0.534009668|0.528326953|0.537967242|0.538490292,0|0|0|0|0|0,0|0|-0.000847082507|-0.0301377451|-0.0311833224|-0.0101803246,0.186171494|0|0.17429962|0.262568139|0.315912822|0.334646715,1.83123683|1.70506528|1.82949121|1.86573821|1.95659847|1.99842756,0.438432217|0.487151086|0.255883813,-0.106185935|0.351748437|0.00661098678,0.0037000076845288277
133,6.7,20.15931123648676,0.028757687658071518,0.04565747082233429,0.5506053566932678,0.028757689520716667,0.35,0,0,0,1,0.7946449518203735,0.8115379214286804,22.811033248901367,0.794644832611084,1.0,0.4201594217711563,0,1,1,0,0.04315730032371931,0.0,filtered,2.4017592320451013e-07,0,0,12,,workspace_z_lower,0,0,1,solved,osqp,0.0,valid,0.4201594217711563,0.420757864|0.435757864|0.422934125|0.420159422|0.43228851|0.434718393,0.540757864|0.555757864|0.542934125|0.540159422|0.55228851|0.554718393,0.540757864|0.555757864|0.542934125|0.540159422|0.55228851|0.554718393,0|0|0|0|0|0,0|0|0.000884642435|-0.0265359819|-0.031212461|-0.0122996472,0.1934412|0|0.183056694|0.266929815|0.318672121|0.335961287,1.87647266|1.74303146|1.87567783|1.92103152|2.0166137|2.06253521,0.433122873|0.50473851|0.256214261,-0.106185935|0.351748437|0.00661098678,0.0038448041304945946
