episode,step,episode_reward,episode_cost,episode_length,success,collision,collision_any,collision_capsule_overlap,collision_pybullet_contact,termination_collision,termination_reason,safety_violation_rate,min_distance,mean_risk,safety_filter_intervention_rate,mean_safety_filter_intervention_norm,safety_filter_safe_stop_rate,safety_filter_infeasible_rate,safety_filter_projection_failure_rate,predictive_near_miss_rate,min_predictive_h_m,mean_safety_filter_solve_time_s,lambda,alpha
1,220057,20.747271064343344,3.345411255955696,57,1,0,0,0,0,0,,0.0,0.3036852777004242,0.05869142554308239,nan,nan,nan,nan,nan,nan,nan,nan,0.0,0.0054090735502541065
2,220297,-77.52462235613329,59.87587748467922,240,0,0,0,0,0,0,,0.0,0.17720328271389008,0.2494828228528301,nan,nan,nan,nan,nan,nan,nan,nan,0.0,0.0053901830688118935
3,220333,22.96103616757498,1.0532782692462206,36,1,0,0,0,0,0,,0.0,0.5527910590171814,0.029257729701283906,nan,nan,nan,nan,nan,nan,nan,nan,0.0,0.0054601579904556274
4,220573,-27.133804756869345,9.449662836268544,240,0,0,0,0,0,0,,0.0,0.38481754064559937,0.039373595151118934,nan,nan,nan,nan,nan,nan,nan,nan,0.0,0.00585821270942688
5,220715,4.610844487011887,8.987244140356779,142,1,0,0,0,0,0,,0.0,0.39443519711494446,0.06329045169265338,nan,nan,nan,nan,nan,nan,nan,nan,0.0,0.0060954708606004715
6,220955,-132.76903616085545,70.74128006026149,240,0,0,0,0,0,0,,0.025,0.08179143816232681,0.21975533358442287,nan,nan,nan,nan,nan,nan,nan,nan,0.0,0.006510993931442499
7,221195,-182.4222680267831,20.555969757959247,240,0,0,0,0,0,0,,0.0,0.21060554683208466,0.08564987399149686,nan,nan,nan,nan,nan,nan,nan,nan,0.0,0.007077174726873636
8,221435,-170.344708026196,140.3717691078782,240,0,0,0,0,0,0,,0.09583333333333334,0.07250063866376877,0.29738237128282585,nan,nan,nan,nan,nan,nan,nan,nan,0.0,0.00765638891607523
9,221675,-77.13583513207695,36.57179296389222,240,0,0,0,0,0,0,,0.0,0.18412597477436066,0.15238247068288427,nan,nan,nan,nan,nan,nan,nan,nan,0.0,0.008216245099902153
10,221727,19.133134036014685,2.0858110208064318,52,1,0,0,0,0,0,,0.0,0.4730205833911896,0.040111750400123686,nan,nan,nan,nan,nan,nan,nan,nan,0.0,0.008343336172401905
11,221967,-51.71588005666746,15.286081533879042,240,0,0,0,0,0,0,,0.0,0.3840952217578888,0.06369200639116267,nan,nan,nan,nan,nan,nan,nan,nan,0.0,0.00886884517967701
12,222014,3.031300401096054,18.34002411365509,47,1,0,0,0,0,0,,0.0,0.1319984644651413,0.3902132790139381,nan,nan,nan,nan,nan,nan,nan,nan,0.0,0.008975712582468987
13,222028,22.67142659272278,1.3517092131078243,14,1,0,0,0,0,0,,0.0,0.2382858842611313,0.09655065807913031,nan,nan,nan,nan,nan,nan,nan,nan,0.0,0.009007839486002922
14,222268,-163.65927135827678,144.67624862492085,240,0,0,0,0,0,0,,0.1,0.009021839126944542,0.30281770260383684,nan,nan,nan,nan,nan,nan,nan,nan,0.0,0.009566212072968483
15,222294,24.41092053959818,1.1922562271356583,26,1,0,0,0,0,0,,0.0,0.39322975277900696,0.04585600873598686,nan,nan,nan,nan,nan,nan,nan,nan,0.0,0.009630763903260231
16,222326,23.67320809039514,1.807686747983098,32,1,0,0,0,0,0,,0.0,0.4356076717376709,0.05649021087447181,nan,nan,nan,nan,nan,nan,nan,nan,0.0,0.009712804108858109
17,222344,25.057680544317872,0.7826518192887306,18,1,0,0,0,0,0,,0.0,0.36305221915245056,0.0434806566271517,nan,nan,nan,nan,nan,nan,nan,nan,0.0,0.009758694097399712
18,222474,17.182142970530204,4.155166532844305,130,1,0,0,0,0,0,,0.0,0.362806499004364,0.03196281948341773,nan,nan,nan,nan,nan,nan,nan,nan,0.0,0.0101012596860528
19,222677,-7.300714194781872,13.783348742872477,203,1,0,0,0,0,0,,0.0,0.3692835867404938,0.06789826966932254,nan,nan,nan,nan,nan,nan,nan,nan,0.0,0.010663705877959728
20,222682,20.803288055289848,1.0128882005810738,5,1,0,0,0,0,0,,0.0,0.3927381932735443,0.20257764011621476,nan,nan,nan,nan,nan,nan,nan,nan,0.0,0.010678853839635849
21,222691,22.84711630939292,0.6914642006158829,9,1,0,0,0,0,0,,0.0,0.32691144943237305,0.07682935562398699,nan,nan,nan,nan,nan,nan,nan,nan,0.0,0.010706651955842972
22,222931,-28.740686968569637,10.610961955040693,240,0,0,0,0,0,0,,0.0,0.3915143311023712,0.04421234147933622,nan,nan,nan,nan,nan,nan,nan,nan,0.0,0.011432770639657974
23,223024,7.290287689052796,10.831534449011087,93,1,0,0,0,0,0,,0.0,0.30193042755126953,0.11646811235495792,nan,nan,nan,nan,nan,nan,nan,nan,0.0,0.011734424158930779
24,223056,22.29006699908559,1.4171793684363365,32,1,0,0,0,0,0,,0.0,0.2839900553226471,0.044286855263635516,nan,nan,nan,nan,nan,nan,nan,nan,0.0,0.0118341576308012
25,223084,20.096122694894994,2.9365376867353916,28,1,0,0,0,0,0,,0.0,0.27954810857772827,0.10487634595483541,nan,nan,nan,nan,nan,nan,nan,nan,0.0,0.01192265935242176
26,223324,-37.71498908331945,16.606963662430644,240,0,0,0,0,0,0,,0.0,0.3818720877170563,0.06919568192679434,nan,nan,nan,nan,nan,nan,nan,nan,0.0,0.012611988931894302
27,223430,-163.6780035615628,156.53701978176832,106,0,1,1,0,1,1,pybullet_contact,0.2830188679245283,0.018125558272004128,0.5522360356770596,nan,nan,nan,nan,nan,nan,nan,nan,0.0,0.01290347333997488
28,223670,-34.11661785951354,17.467334169894457,240,0,0,0,0,0,0,,0.0,0.2777504324913025,0.0727805590412269,nan,nan,nan,nan,nan,nan,nan,nan,0.0,0.01344611868262291
29,223673,20.26744736844989,0.2080644890666008,3,1,0,0,0,0,0,,0.0,0.3776701092720032,0.06935482968886693,nan,nan,nan,nan,nan,nan,nan,nan,0.0,0.013453736901283264
30,223913,-42.77271153553914,21.03225203230977,240,0,0,0,0,0,0,,0.0,0.3115525245666504,0.08763438346795738,nan,nan,nan,nan,nan,nan,nan,nan,0.0,0.014004376716911793
31,224153,-61.841994379863806,14.340268386527896,240,0,0,0,0,0,0,,0.0,0.26699525117874146,0.05975111827719957,nan,nan,nan,nan,nan,nan,nan,nan,0.0,0.014567337930202484
32,224393,-93.07297298120983,38.67225729301572,240,0,0,0,0,0,0,,0.0,0.1893368512392044,0.1611344053875655,nan,nan,nan,nan,nan,nan,nan,nan,0.0,0.015164690092206001
33,224598,-172.9602781745873,118.32818710803986,205,0,1,1,0,1,1,pybullet_contact,0.03902439024390244,0.011671178974211216,0.42111310784409683,nan,nan,nan,nan,nan,nan,nan,nan,0.0,0.0157365370541811
34,224838,-66.42647432972045,18.32469016686082,240,0,0,0,0,0,0,,0.0,0.2933977544307709,0.07635287569525341,nan,nan,nan,nan,nan,nan,nan,nan,0.0,0.016474857926368713
35,225078,-73.727523444886,10.567552654072642,240,0,0,0,0,0,0,,0.0,0.4241488575935364,0.04403146939196934,nan,nan,nan,nan,nan,nan,nan,nan,0.0,0.017320791259407997
36,225092,22.55562920127709,0.8689258806407452,14,1,0,0,0,0,0,,0.0,0.43741893768310547,0.062066134331481795,nan,nan,nan,nan,nan,nan,nan,nan,0.0,0.01737475022673607
37,225332,-37.49966912777247,23.557158701121807,240,0,0,0,0,0,0,,0.0,0.32235273718833923,0.09815482792134086,nan,nan,nan,nan,nan,nan,nan,nan,0.0,0.018161747604608536
38,225356,23.99592836982412,1.1736043393611908,24,1,0,0,0,0,0,,0.0,0.554217517375946,0.048900180806716285,nan,nan,nan,nan,nan,nan,nan,nan,0.0,0.01823323965072632
39,225596,-60.476928436349155,11.140681786462665,240,0,0,0,0,0,0,,0.0,0.20473293960094452,0.04641950744359444,nan,nan,nan,nan,nan,nan,nan,nan,0.0,0.018855459988117218
40,225836,-72.43659867231011,36.78524727746844,240,0,0,0,0,0,0,,0.0,0.22921599447727203,0.1532718636561185,nan,nan,nan,nan,nan,nan,nan,nan,0.0,0.019567545503377914
41,226076,-70.9346471799538,14.060111969709396,240,0,0,0,0,0,0,,0.0,0.3952843248844147,0.05858379987378915,nan,nan,nan,nan,nan,nan,nan,nan,0.0,0.020193658769130707
42,226316,-92.03261371782524,63.8549000620842,240,0,0,0,0,0,0,,0.0,0.16498887538909912,0.2660620835920175,nan,nan,nan,nan,nan,nan,nan,nan,0.0,0.020815102383494377
43,226556,-78.08779652044112,14.86956556327641,240,0,0,0,0,0,0,,0.0,0.38702988624572754,0.06195652318031838,nan,nan,nan,nan,nan,nan,nan,nan,0.0,0.021472889930009842
44,226796,-71.53576471317515,37.39199096336961,240,0,0,0,0,0,0,,0.0,0.18507273495197296,0.15579996234737337,nan,nan,nan,nan,nan,nan,nan,nan,0.0,0.022060949355363846
45,226906,12.753519333523531,8.099352929741144,110,1,0,0,0,0,0,,0.0,0.3485196530818939,0.07363048117946494,nan,nan,nan,nan,nan,nan,nan,nan,0.0,0.02223202958703041
46,227146,-78.02284345220127,17.94360177963972,240,0,0,0,0,0,0,,0.0,0.2966628968715668,0.07476500741516551,nan,nan,nan,nan,nan,nan,nan,nan,0.0,0.022601794451475143
47,227281,14.647701858660863,4.759319074451923,135,1,0,0,0,0,0,,0.0,0.5029300451278687,0.03525421536631054,nan,nan,nan,nan,nan,nan,nan,nan,0.0,0.022864285856485367
48,227521,-41.713101514334944,7.900816157460213,240,0,0,0,0,0,0,,0.0,0.3172034025192261,0.032920067322750886,nan,nan,nan,nan,nan,nan,nan,nan,0.0,0.02315465919673443
49,227761,-73.17505817641297,45.83421387150884,240,0,0,0,0,0,0,,0.0,0.15116003155708313,0.19097589113128682,nan,nan,nan,nan,nan,nan,nan,nan,0.0,0.023481501266360283
50,228001,-80.68070951112438,7.057301012799144,240,0,0,0,0,0,0,,0.0,0.6213390231132507,0.0294054208866631,nan,nan,nan,nan,nan,nan,nan,nan,0.0,0.023902278393507004
51,228008,23.032877235370496,0.13933319225907326,7,1,0,0,0,0,0,,0.0,0.6326079964637756,0.019904741751296178,nan,nan,nan,nan,nan,nan,nan,nan,0.0,0.023923935368657112
52,228248,-13.704172591185733,8.105134828016162,240,0,0,0,0,0,0,,0.0,0.4816026985645294,0.03377139511673401,nan,nan,nan,nan,nan,nan,nan,nan,0.0,0.024297932162880898
53,228488,-111.2809569360004,7.936966570094228,240,0,0,0,0,0,0,,0.0,0.5254900455474854,0.033070694042059284,nan,nan,nan,nan,nan,nan,nan,nan,0.0,0.02455010451376438
54,228630,15.082702623302726,5.014601266011596,142,1,0,0,0,0,0,,0.0,0.423762708902359,0.03531409342261687,nan,nan,nan,nan,nan,nan,nan,nan,0.0,0.02466226927936077
55,228655,23.900637867414208,0.7070740703493357,25,1,0,0,0,0,0,,0.0,0.5428869724273682,0.028282962813973425,nan,nan,nan,nan,nan,nan,nan,nan,0.0,0.024689655750989914
56,228895,-14.8706937893441,7.2434597834944725,240,0,0,0,0,0,0,,0.0,0.5529742240905762,0.03018108243122697,nan,nan,nan,nan,nan,nan,nan,nan,0.0,0.02461765706539154
57,229135,-65.09955161037857,9.038652054965496,240,0,0,0,0,0,0,,0.0,0.3228606879711151,0.0376610502290229,nan,nan,nan,nan,nan,nan,nan,nan,0.0,0.024395525455474854
58,229208,19.321031274088252,2.1966807637363672,73,1,0,0,0,0,0,,0.0,0.5838475227355957,0.030091517311457084,nan,nan,nan,nan,nan,nan,nan,nan,0.0,0.024292273446917534
59,229215,22.497575262211072,0.20571576058864594,7,1,0,0,0,0,0,,0.0,0.5303672552108765,0.02938796579837799,nan,nan,nan,nan,nan,nan,nan,nan,0.0,0.024282503873109818
60,229455,-64.40324620425045,27.653836840763688,240,0,0,0,0,0,0,,0.0,0.28888919949531555,0.1152243201698487,nan,nan,nan,nan,nan,nan,nan,nan,0.0,0.023778796195983887
61,229695,-63.52652469588138,24.627124935388565,240,0,0,0,0,0,0,,0.0,0.26648420095443726,0.10261302056411901,nan,nan,nan,nan,nan,nan,nan,nan,0.0,0.0237465500831604
62,229711,20.90400465618743,1.0940896309912205,16,1,0,0,0,0,0,,0.0,0.3941752314567566,0.06838060193695128,nan,nan,nan,nan,nan,nan,nan,nan,0.0,0.023724302649497986
63,229951,-40.524756864361905,17.229149259626865,240,0,0,0,0,0,0,,0.0,0.29461491107940674,0.07178812191511194,nan,nan,nan,nan,nan,nan,nan,nan,0.0,0.023733485490083694
64,229974,22.122963072931462,1.9453698340803385,23,1,0,0,0,0,0,,0.0,0.18422788381576538,0.08458129713392776,nan,nan,nan,nan,nan,nan,nan,nan,0.0,0.023747988045215607
65,230007,-109.83114327094762,99.33225962519646,33,0,1,1,1,0,1,capsule_overlap,0.6666666666666666,-7.859813922550529e-05,0.7676442310665593,nan,nan,nan,nan,nan,nan,nan,nan,0.0,0.023739388212561607
66,230247,-126.15002034308498,23.543309919536114,240,0,0,0,0,0,0,,0.0,0.15980607271194458,0.0980971246647338,nan,nan,nan,nan,nan,nan,nan,nan,0.0,0.02370990626513958
67,230487,-58.084616910089494,6.673726070672274,240,0,0,0,0,0,0,,0.0,0.4898165464401245,0.027807191961134473,nan,nan,nan,nan,nan,nan,nan,nan,0.0,0.024085909128189087
68,230490,20.697392778243252,0.1743042916059494,3,1,0,0,0,0,0,,0.0,0.40122339129447937,0.05810143053531647,nan,nan,nan,nan,nan,nan,nan,nan,0.0,0.024082347750663757
69,230730,-124.24833389424032,7.806470148265362,240,0,0,0,0,0,0,,0.0,0.4210006594657898,0.032526958951105675,nan,nan,nan,nan,nan,nan,nan,nan,0.0,0.024590350687503815
70,230774,18.212309987752118,3.042537547647953,44,1,0,0,0,0,0,,0.0,0.2992822527885437,0.06914858062836257,nan,nan,nan,nan,nan,nan,nan,nan,0.0,0.024810228496789932
71,230778,20.934667419561933,0.1599312126636505,4,1,0,0,0,0,0,,0.0,0.44976818561553955,0.03998280316591263,nan,nan,nan,nan,nan,nan,nan,nan,0.0,0.024801740422844887
72,230795,23.38346198152606,0.7336254734545946,17,1,0,0,0,0,0,,0.0,0.5481299161911011,0.043154439614976156,nan,nan,nan,nan,nan,nan,nan,nan,0.0,0.02479964680969715
73,231035,-94.79222664899353,15.9006237257272,240,0,0,0,0,0,0,,0.0,0.331868976354599,0.06625259885719667,nan,nan,nan,nan,nan,nan,nan,nan,0.0,0.02517152577638626
74,231275,-92.66302886028382,10.494442395865917,240,0,0,0,0,0,0,,0.0,0.31526535749435425,0.04372684331610799,nan,nan,nan,nan,nan,nan,nan,nan,0.0,0.02546914480626583
75,231515,-21.563745226729857,13.51819190569222,240,0,0,0,0,0,0,,0.0,0.3116610646247864,0.05632579960705091,nan,nan,nan,nan,nan,nan,nan,nan,0.0,0.024957627058029175
76,231542,22.39411416771244,0.9802644364535809,27,1,0,0,0,0,0,,0.0,0.3277777135372162,0.03630609023902151,nan,nan,nan,nan,nan,nan,nan,nan,0.0,0.024897512048482895
77,231550,21.990043125206988,0.37362968921661377,8,1,0,0,0,0,0,,0.0,0.44191455841064453,0.04670371115207672,nan,nan,nan,nan,nan,nan,nan,nan,0.0,0.02485307864844799
78,231616,10.353444815268961,11.374618619680405,66,1,0,0,0,0,0,,0.0,0.238041952252388,0.172342706358794,nan,nan,nan,nan,nan,nan,nan,nan,0.0,0.024744955822825432
79,231856,-129.52300198400047,10.737213155254722,240,0,0,0,0,0,0,,0.0,0.4655494689941406,0.044738388146894674,nan,nan,nan,nan,nan,nan,nan,nan,0.0,0.02417302504181862
80,232096,-27.178085760094756,11.492324005812407,240,0,0,0,0,0,0,,0.0,0.4512885510921478,0.047884683357551694,nan,nan,nan,nan,nan,nan,nan,nan,0.0,0.023730825632810593
81,232336,-80.89669392527921,14.586865529417992,240,0,0,0,0,0,0,,0.0,0.33987849950790405,0.06077860637257496,nan,nan,nan,nan,nan,nan,nan,nan,0.0,0.02370239421725273
82,232576,-32.42078314410375,10.405869590118527,240,0,0,0,0,0,0,,0.0,0.45966532826423645,0.0433577899588272,nan,nan,nan,nan,nan,nan,nan,nan,0.0,0.02299453690648079
83,232816,-321.44088225854335,236.37233546748757,240,0,0,0,0,0,0,,0.20833333333333334,0.02176111377775669,0.35988473111453156,nan,nan,nan,nan,nan,nan,nan,nan,0.0,0.022503890097141266
84,232846,20.986886417662745,1.6863989941775799,30,1,0,0,0,0,0,,0.0,0.29496899247169495,0.05621329980591933,nan,nan,nan,nan,nan,nan,nan,nan,0.0,0.02254483848810196
85,232907,17.687234808972132,4.370926707983017,61,1,0,0,0,0,0,,0.0,0.35451632738113403,0.0716545361964429,nan,nan,nan,nan,nan,nan,nan,nan,0.0,0.022518102079629898
86,232919,21.688470527761396,0.6217697486281395,12,1,0,0,0,0,0,,0.0,0.379576176404953,0.05181414571901163,nan,nan,nan,nan,nan,nan,nan,nan,0.0,0.02250594086945057
87,232939,23.772062074898336,1.079100888222456,20,1,0,0,0,0,0,,0.0,0.27891913056373596,0.053955044411122796,nan,nan,nan,nan,nan,nan,nan,nan,0.0,0.022529181092977524
88,233179,-162.02378706723817,27.646691039204597,240,0,0,0,0,0,0,,0.0,0.21812574565410614,0.11519454599668583,nan,nan,nan,nan,nan,nan,nan,nan,0.0,0.02231394127011299
89,233419,-82.24361884705336,7.17138690687716,240,0,0,0,0,0,0,,0.0,0.47634652256965637,0.029880778778654835,nan,nan,nan,nan,nan,nan,nan,nan,0.0,0.02217128314077854
90,233456,17.71205840127818,3.541463851928711,37,1,0,0,0,0,0,,0.0,0.1311349719762802,0.09571523924131652,nan,nan,nan,nan,nan,nan,nan,nan,0.0,0.02208416722714901
91,233696,-46.252049882401494,15.573838699609041,240,0,0,0,0,0,0,,0.0,0.3143320083618164,0.06489099458170434,nan,nan,nan,nan,nan,nan,nan,nan,0.0,0.0220028068870306
92,233936,-81.64384317199392,49.16996421664953,240,0,0,0,0,0,0,,0.0,0.19015754759311676,0.20487485090270638,nan,nan,nan,nan,nan,nan,nan,nan,0.0,0.02184487134218216
93,234176,-113.97689137552086,19.951009212061763,240,0,0,0,0,0,0,,0.0,0.2984004020690918,0.08312920505025735,nan,nan,nan,nan,nan,nan,nan,nan,0.0,0.02192312479019165
94,234416,-70.93231065724984,9.917496111243963,240,0,0,0,0,0,0,,0.0,0.2874186933040619,0.04132290046351651,nan,nan,nan,nan,nan,nan,nan,nan,0.0,0.022083787247538567
95,234429,21.910191164074913,0.6343049705028534,13,1,0,0,0,0,0,,0.0,0.4453498423099518,0.04879269003868103,nan,nan,nan,nan,nan,nan,nan,nan,0.0,0.02206345833837986
96,234669,-182.72575513675216,25.69007216952741,240,0,0,0,0,0,0,,0.0,0.22550983726978302,0.10704196737303089,nan,nan,nan,nan,nan,nan,nan,nan,0.0,0.021798977628350258
97,234714,19.467071811476227,1.939415194094181,45,1,0,0,0,0,0,,0.0,0.2833390533924103,0.04309811542431514,nan,nan,nan,nan,nan,nan,nan,nan,0.0,0.021721120923757553
98,234954,-34.612614840831974,13.518198136240244,240,0,0,0,0,0,0,,0.0,0.3010900616645813,0.05632582556766768,nan,nan,nan,nan,nan,nan,nan,nan,0.0,0.021633364260196686
99,235065,15.331988488314728,5.266677796840668,111,1,0,0,0,0,0,,0.0,0.48353204131126404,0.0474475477192853,nan,nan,nan,nan,nan,nan,nan,nan,0.0,0.021590201184153557
100,235305,-58.68269698863514,50.10887333750725,240,0,0,0,0,0,0,,0.0,0.20827314257621765,0.20878697223961354,nan,nan,nan,nan,nan,nan,nan,nan,0.0,0.021364828571677208
101,235374,-9.925269082204274,27.62286366522312,69,1,0,0,0,0,0,,0.0,0.1308484822511673,0.40033135746700177,nan,nan,nan,nan,nan,nan,nan,nan,0.0,0.02124905027449131
102,235479,-5.91782531348484,20.090272299945354,105,1,0,0,0,0,0,,0.0,0.20595683157444,0.19133592666614624,nan,nan,nan,nan,nan,nan,nan,nan,0.0,0.021375004202127457
103,235719,-127.77285032560101,16.897903794422746,240,0,0,0,0,0,0,,0.0,0.3112044632434845,0.07040793247676144,nan,nan,nan,nan,nan,nan,nan,nan,0.0,0.02113671414554119
104,235764,16.095413297109612,5.819777742028236,45,1,0,0,0,0,0,,0.0,0.342144250869751,0.12932839426729414,nan,nan,nan,nan,nan,nan,nan,nan,0.0,0.021167894825339317
105,236004,-89.84782066598552,16.465157048776746,240,0,0,0,0,0,0,,0.0,0.3756566345691681,0.06860482103656977,nan,nan,nan,nan,nan,nan,nan,nan,0.0,0.021288461983203888
106,236244,-216.36632326349385,15.988803509622812,240,0,0,0,0,0,0,,0.0,0.16171231865882874,0.06662001462342838,nan,nan,nan,nan,nan,nan,nan,nan,0.0,0.021355530247092247
107,236484,-350.4958896981004,282.0921620838344,240,0,0,0,0,0,0,,0.24583333333333332,0.08441510051488876,0.4378840086826434,nan,nan,nan,nan,nan,nan,nan,nan,0.0,0.021446382626891136
108,236724,-39.59446792264795,23.410043839365244,240,0,0,0,0,0,0,,0.0,0.26214495301246643,0.09754184933068852,nan,nan,nan,nan,nan,nan,nan,nan,0.0,0.021599840372800827
109,236964,-138.82356437222606,80.03009415790439,240,0,0,0,0,0,0,,0.041666666666666664,0.09615544229745865,0.20845872565793494,nan,nan,nan,nan,nan,nan,nan,nan,0.0,0.021381782367825508
110,236976,20.445235763766018,3.1956333369016647,12,1,0,0,0,0,0,,0.0,0.1590159684419632,0.26630277807513875,nan,nan,nan,nan,nan,nan,nan,nan,0.0,0.021379651501774788
111,237216,-61.58522542331213,14.672595700249076,240,0,0,0,0,0,0,,0.0,0.22404184937477112,0.061135815417704485,nan,nan,nan,nan,nan,nan,nan,nan,0.0,0.02121010236442089
112,237456,-24.79747395191742,8.817759558558464,240,0,0,0,0,0,0,,0.0,0.417118102312088,0.036740664827326935,nan,nan,nan,nan,nan,nan,nan,nan,0.0,0.021466849371790886
113,237696,-95.30577963848846,41.347028616815805,240,0,0,0,0,0,0,,0.0,0.19714345037937164,0.1722792859033992,nan,nan,nan,nan,nan,nan,nan,nan,0.0,0.021351806819438934
114,237709,23.730114403911124,0.8847489058971405,13,1,0,0,0,0,0,,0.0,0.28504112362861633,0.06805760814593388,nan,nan,nan,nan,nan,nan,nan,nan,0.0,0.02136857807636261
115,237949,-44.57502674883477,9.773240888491273,240,0,0,0,0,0,0,,0.0,0.41736099123954773,0.04072183703538031,nan,nan,nan,nan,nan,nan,nan,nan,0.0,0.021638888865709305
116,238189,-290.5256377380087,65.64133002236485,240,0,0,0,0,0,0,,0.020833333333333332,0.09766171127557755,0.21100554175985356,nan,nan,nan,nan,nan,nan,nan,nan,0.0,0.02182348631322384
117,238273,17.862564828466496,3.012945329770446,84,1,0,0,0,0,0,,0.0,0.3309604227542877,0.035868396782981496,nan,nan,nan,nan,nan,nan,nan,nan,0.0,0.021908916532993317
118,238513,-62.47367792702096,8.880673702806234,240,0,0,0,0,0,0,,0.0,0.3802156150341034,0.03700280709502598,nan,nan,nan,nan,nan,nan,nan,nan,0.0,0.022087542340159416
119,238753,-69.30617714808412,12.85120664164424,240,0,0,0,0,0,0,,0.0,0.3926680088043213,0.05354669434018433,nan,nan,nan,nan,nan,nan,nan,nan,0.0,0.02230891026556492
120,238783,19.961154362673582,4.030834320932627,30,1,0,0,0,0,0,,0.0,0.34337472915649414,0.13436114403108756,nan,nan,nan,nan,nan,nan,nan,nan,0.0,0.02236780896782875
121,239023,-25.020098931502332,11.915463205426931,240,0,0,0,0,0,0,,0.0,0.49948519468307495,0.04964776335594555,nan,nan,nan,nan,nan,nan,nan,nan,0.0,0.022288616746664047
122,239052,21.905358435040327,2.2879764307290316,29,1,0,0,0,0,0,,0.0,0.4928796589374542,0.07889573899065626,nan,nan,nan,nan,nan,nan,nan,nan,0.0,0.02223329246044159
123,239078,20.746602120877224,3.0872870311141014,26,1,0,0,0,0,0,,0.0,0.34965023398399353,0.1187418088890039,nan,nan,nan,nan,nan,nan,nan,nan,0.0,0.022178638726472855
124,239318,-106.63555150160241,11.796672862023115,240,0,0,0,0,0,0,,0.0,0.2237343192100525,0.04915280359176298,nan,nan,nan,nan,nan,nan,nan,nan,0.0,0.02203499712049961
125,239558,-28.461150900210743,9.625402485951781,240,0,0,0,0,0,0,,0.0,0.3932426869869232,0.040105843691465755,nan,nan,nan,nan,nan,nan,nan,nan,0.0,0.022277051582932472
126,239693,6.829747214306797,7.899023700505495,135,1,0,0,0,0,0,,0.0,0.3971896171569824,0.058511286670411077,nan,nan,nan,nan,nan,nan,nan,nan,0.0,0.022238291800022125
127,239933,-20.753675647004478,8.44517177529633,240,0,0,0,0,0,0,,0.0,0.2785387337207794,0.03518821573040138,nan,nan,nan,nan,nan,nan,nan,nan,0.0,0.021934103220701218
128,240173,-37.312485257445566,30.83749207109213,240,0,0,0,0,0,0,,0.0,0.27962878346443176,0.1284895502962172,nan,nan,nan,nan,nan,nan,nan,nan,0.0,0.021876079961657524
129,240413,-40.12998175782433,11.256900599226356,240,0,0,0,0,0,0,,0.0,0.4194524586200714,0.04690375249677648,nan,nan,nan,nan,nan,nan,nan,nan,0.0,0.021909141913056374
130,240513,16.77202575796597,3.266996920108795,100,1,0,0,0,0,0,,0.0,0.562532365322113,0.03266996920108795,nan,nan,nan,nan,nan,nan,nan,nan,0.0,0.02189893275499344
131,240538,22.875340251063253,1.1053355149924755,25,1,0,0,0,0,0,,0.0,0.4023047387599945,0.04421342059969902,nan,nan,nan,nan,nan,nan,nan,nan,0.0,0.02182585373520851
132,240579,19.292317507832884,2.710811771452427,41,1,0,0,0,0,0,,0.0,0.2599153220653534,0.06611736027932749,nan,nan,nan,nan,nan,nan,nan,nan,0.0,0.02195950224995613
133,240819,-33.342734977190965,15.29204547405243,240,0,0,0,0,0,0,,0.0,0.39490482211112976,0.06371685614188512,nan,nan,nan,nan,nan,nan,nan,nan,0.0,0.021977152675390244
134,241059,-165.98496926108652,76.72236336767673,240,0,0,0,0,0,0,,0.0,0.13569660484790802,0.3196765140319864,nan,nan,nan,nan,nan,nan,nan,nan,0.0,0.022016901522874832
135,241095,23.64855264920418,1.677167659625411,36,1,0,0,0,0,0,,0.0,0.34961235523223877,0.04658799054515031,nan,nan,nan,nan,nan,nan,nan,nan,0.0,0.021999895572662354
136,241335,-171.48994165393412,13.926473235711455,240,0,0,0,0,0,0,,0.0,0.3204294741153717,0.058026971815464394,nan,nan,nan,nan,nan,nan,nan,nan,0.0,0.02197253704071045
137,241575,-176.81157407193874,69.64152468368411,240,0,0,0,0,0,0,,0.05,0.0970696285367012,0.14017301951535047,nan,nan,nan,nan,nan,nan,nan,nan,0.0,0.021969834342598915
138,241815,-22.470024729719153,12.925150211900473,240,0,0,0,0,0,0,,0.0,0.3776152729988098,0.0538547925495853,nan,nan,nan,nan,nan,nan,nan,nan,0.0,0.022178400307893753
139,241830,23.301299202896693,0.8304927125573158,15,1,0,0,0,0,0,,0.0,0.30695146322250366,0.05536618083715439,nan,nan,nan,nan,nan,nan,nan,nan,0.0,0.022179510444402695
140,242070,-133.10924333969163,63.416011061519384,240,0,0,0,0,0,0,,0.0,0.12577049434185028,0.26423337942299746,nan,nan,nan,nan,nan,nan,nan,nan,0.0,0.022372769191861153
141,242310,-40.50734105671523,13.851560354232788,240,0,0,0,0,0,0,,0.0,0.41707831621170044,0.057714834809303284,nan,nan,nan,nan,nan,nan,nan,nan,0.0,0.022651709616184235
142,242550,-84.56464689932872,65.62835931405425,240,0,0,0,0,0,0,,0.0,0.12720191478729248,0.2734514971418927,nan,nan,nan,nan,nan,nan,nan,nan,0.0,0.02224455401301384
143,242563,24.877555412501167,0.47121353447437286,13,1,0,0,0,0,0,,0.0,0.4335186779499054,0.036247194959567144,nan,nan,nan,nan,nan,nan,nan,nan,0.0,0.022263506427407265
144,242803,-21.546781235154363,13.89251909777522,240,0,0,0,0,0,0,,0.0,0.33508244156837463,0.05788549624073009,nan,nan,nan,nan,nan,nan,nan,nan,0.0,0.022040750831365585
145,243043,-73.22398002132273,11.340151742100716,240,0,0,0,0,0,0,,0.0,0.3816368877887726,0.047250632258752985,nan,nan,nan,nan,nan,nan,nan,nan,0.0,0.022124677896499634
146,243283,-92.91506593281991,50.018900867551565,240,0,0,0,0,0,0,,0.004166666666666667,0.11074725538492203,0.19591208694813153,nan,nan,nan,nan,nan,nan,nan,nan,0.0,0.022283371537923813
147,243293,22.98877708371023,0.4073964133858681,10,1,0,0,0,0,0,,0.0,0.5033667087554932,0.040739641338586804,nan,nan,nan,nan,nan,nan,nan,nan,0.0,0.022315362468361855
148,243533,-64.05072171128946,36.541788797825575,240,0,0,0,0,0,0,,0.0,0.18675179779529572,0.15225745332427323,nan,nan,nan,nan,nan,nan,nan,nan,0.0,0.022524453699588776
149,243544,22.821863751359125,0.9659031853079796,11,1,0,0,0,0,0,,0.0,0.3365066945552826,0.0878093804825436,nan,nan,nan,nan,nan,nan,nan,nan,0.0,0.022500719875097275
150,243784,-48.17418658907127,10.446142017841339,240,0,0,0,0,0,0,,0.0,0.3579731583595276,0.04352559174100558,nan,nan,nan,nan,nan,nan,nan,nan,0.0,0.0224520992487669
151,243804,21.642704205639387,1.572073820978403,20,1,0,0,0,0,0,,0.0,0.3307473957538605,0.07860369104892015,nan,nan,nan,nan,nan,nan,nan,nan,0.0,0.022412002086639404
152,244044,-22.805497908951615,8.056280799210072,240,0,0,0,0,0,0,,0.0,0.5789903402328491,0.033567836663375296,nan,nan,nan,nan,nan,nan,nan,nan,0.0,0.02265964075922966
153,244059,23.389251757751666,1.105609592050314,15,1,0,0,0,0,0,,0.0,0.24882036447525024,0.07370730613668759,nan,nan,nan,nan,nan,nan,nan,nan,0.0,0.02262798696756363
154,244299,-128.12267770401738,89.83690065145493,240,0,0,0,0,0,0,,0.004166666666666667,0.11969398707151413,0.3618204193810622,nan,nan,nan,nan,nan,nan,nan,nan,0.0,0.022701747715473175
155,244539,-27.41656704526464,17.26635194942355,240,0,0,0,0,0,0,,0.0,0.36703649163246155,0.07194313312259813,nan,nan,nan,nan,nan,nan,nan,nan,0.0,0.022346433252096176
156,244589,19.766120516438036,1.5549075864255428,50,1,0,0,0,0,0,,0.0,0.5634003281593323,0.031098151728510857,nan,nan,nan,nan,nan,nan,nan,nan,0.0,0.022128619253635406
157,244614,22.647694006361597,1.7176750376820564,25,1,0,0,0,0,0,,0.0,0.4685380756855011,0.06870700150728226,nan,nan,nan,nan,nan,nan,nan,nan,0.0,0.022042080760002136
158,244638,22.595287425150353,0.9425019845366478,24,1,0,0,0,0,0,,0.0,0.3442663550376892,0.039270916022360325,nan,nan,nan,nan,nan,nan,nan,nan,0.0,0.02195780538022518
159,244878,-49.49359949075367,12.225638672709465,240,0,0,0,0,0,0,,0.0,0.4279610812664032,0.050940161136289436,nan,nan,nan,nan,nan,nan,nan,nan,0.0,0.02187071554362774
160,245118,-66.14671774780516,39.35510095581412,240,0,0,0,0,0,0,,0.0,0.16891023516654968,0.16397958731589218,nan,nan,nan,nan,nan,nan,nan,nan,0.0,0.021664926782250404
161,245143,21.71956895608647,1.9623404201120138,25,1,0,0,0,0,0,,0.0,0.21016056835651398,0.07849361680448055,nan,nan,nan,nan,nan,nan,nan,nan,0.0,0.021640008315443993
162,245383,-36.130449028842605,10.172748763114214,240,0,0,0,0,0,0,,0.0,0.4349627196788788,0.042386453179642555,nan,nan,nan,nan,nan,nan,nan,nan,0.0,0.02158820815384388
163,245386,20.624112894171525,0.08327070437371731,3,1,0,0,0,0,0,,0.0,0.5429261326789856,0.02775690145790577,nan,nan,nan,nan,nan,nan,nan,nan,0.0,0.021584277972579002
164,245626,-57.54062347285701,23.660063732415438,240,0,0,0,0,0,0,,0.0,0.27931270003318787,0.09858359888506432,nan,nan,nan,nan,nan,nan,nan,nan,0.0,0.02126370742917061
165,245866,-60.092909023820404,20.56659220904112,240,0,0,0,0,0,0,,0.0,0.2984119653701782,0.085694134204338,nan,nan,nan,nan,nan,nan,nan,nan,0.0,0.021008092910051346
166,246106,-75.53714588495352,15.802197020500898,240,0,0,0,0,0,0,,0.0,0.3481051027774811,0.06584248758542041,nan,nan,nan,nan,nan,nan,nan,nan,0.0,0.02083856798708439
167,246148,21.973303921353914,1.3489673268049955,42,1,0,0,0,0,0,,0.0,0.5090876817703247,0.03211826968583323,nan,nan,nan,nan,nan,nan,nan,nan,0.0,0.020905310288071632
168,246176,22.593852203046467,1.9126986432820559,28,1,0,0,0,0,0,,0.0,0.2054273784160614,0.068310665831502,nan,nan,nan,nan,nan,nan,nan,nan,0.0,0.020838623866438866
169,246416,-173.35931232734194,34.40947914868593,240,0,0,0,0,0,0,,0.0,0.13071291148662567,0.1433728297861914,nan,nan,nan,nan,nan,nan,nan,nan,0.0,0.020954668521881104
170,246455,22.808318720226758,1.2572094947099686,39,1,0,0,0,0,0,,0.0,0.42584553360939026,0.032236140889999196,nan,nan,nan,nan,nan,nan,nan,nan,0.0,0.021021777763962746
171,246695,-134.21746459846997,36.1478339266032,240,0,0,0,0,0,0,,0.0,0.18719811737537384,0.15061597469418,nan,nan,nan,nan,nan,nan,nan,nan,0.0,0.02135619707405567
172,246935,-41.73136367838808,17.190799687057734,240,0,0,0,0,0,0,,0.0,0.3360358774662018,0.07162833202940723,nan,nan,nan,nan,nan,nan,nan,nan,0.0,0.021082906052470207
173,247175,-92.8025780908908,18.251083318144083,240,0,0,0,0,0,0,,0.0,0.30526110529899597,0.07604618049226701,nan,nan,nan,nan,nan,nan,nan,nan,0.0,0.02112974040210247
174,247415,-133.9814578467319,66.68263781629503,240,0,0,0,0,0,0,,0.0,0.12591959536075592,0.2778443242345626,nan,nan,nan,nan,nan,nan,nan,nan,0.0,0.02087012119591236
175,247655,-106.2706597096855,11.322915930300951,240,0,0,0,0,0,0,,0.0,0.39133623242378235,0.047178816376253964,nan,nan,nan,nan,nan,nan,nan,nan,0.0,0.02072042040526867
176,247895,-86.76794375039665,10.722757624462247,240,0,0,0,0,0,0,,0.0,0.3554496765136719,0.04467815676859269,nan,nan,nan,nan,nan,nan,nan,nan,0.0,0.02051212638616562
177,248135,-23.827984949157994,11.11053609289229,240,0,0,0,0,0,0,,0.0,0.2909890115261078,0.0462939003870512,nan,nan,nan,nan,nan,nan,nan,nan,0.0,0.020323459059000015
178,248219,16.456090640612462,6.61558760330081,84,1,0,0,0,0,0,,0.0,0.131023570895195,0.07875699527739059,nan,nan,nan,nan,nan,nan,nan,nan,0.0,0.020306576043367386
179,248459,-86.17522531945559,11.409934770315886,240,0,0,0,0,0,0,,0.0,0.51897132396698,0.04754139487631619,nan,nan,nan,nan,nan,nan,nan,nan,0.0,0.02009761519730091
180,248472,23.3305860514282,0.3456915281713009,13,1,0,0,0,0,0,,0.0,0.5051569938659668,0.026591656013176992,nan,nan,nan,nan,nan,nan,nan,nan,0.0,0.020122399553656578
181,248712,-96.06473022143405,46.479942198842764,240,0,0,0,0,0,0,,0.0,0.1960010528564453,0.1936664258285115,nan,nan,nan,nan,nan,nan,nan,nan,0.0,0.019993038848042488
182,248713,20.18573948206693,0.050421491265296936,1,1,0,0,0,0,0,,0.0,0.43745851516723633,0.050421491265296936,nan,nan,nan,nan,nan,nan,nan,nan,0.0,0.01999453455209732
183,248953,-198.5657381090179,22.716736698523164,240,0,0,0,0,0,0,,0.0,0.1953755021095276,0.09465306957717985,nan,nan,nan,nan,nan,nan,nan,nan,0.0,0.020103581249713898
184,249010,21.32961844383923,2.4526327159255743,57,1,0,0,0,0,0,,0.0,0.44392111897468567,0.04302864413904516,nan,nan,nan,nan,nan,nan,nan,nan,0.0,0.020132126286625862
185,249051,21.502166349018555,2.2179655376821756,41,1,0,0,0,0,0,,0.0,0.23841936886310577,0.054096720431272574,nan,nan,nan,nan,nan,nan,nan,nan,0.0,0.020099744200706482
186,249085,21.372042600344304,1.6302720718085766,34,1,0,0,0,0,0,,0.0,0.32406100630760193,0.047949178582605195,nan,nan,nan,nan,nan,nan,nan,nan,0.0,0.019987037405371666
187,249101,23.97586715147724,1.2570430040359497,16,1,0,0,0,0,0,,0.0,0.2628478407859802,0.07856518775224686,nan,nan,nan,nan,nan,nan,nan,nan,0.0,0.01994910277426243
188,249341,-74.34395573418372,16.749806489795446,240,0,0,0,0,0,0,,0.0,0.2965651750564575,0.0697908603741477,nan,nan,nan,nan,nan,nan,nan,nan,0.0,0.020319262519478798
189,249377,21.563708007240315,1.8289722725749016,36,1,0,0,0,0,0,,0.0,0.25262755155563354,0.05080478534930282,nan,nan,nan,nan,nan,nan,nan,nan,0.0,0.020323535427451134
190,249400,22.313257386579934,1.1932061053812504,23,1,0,0,0,0,0,,0.0,0.4326598644256592,0.05187852632092393,nan,nan,nan,nan,nan,nan,nan,nan,0.0,0.020368345081806183
191,249640,-65.01104921376351,38.50188338384032,240,0,0,0,0,0,0,,0.0,0.1419064849615097,0.16042451409933467,nan,nan,nan,nan,nan,nan,nan,nan,0.0,0.020023463293910027
192,249880,-102.26035963907654,43.388026263564825,240,0,0,0,0,0,0,,0.0,0.16988791525363922,0.18078344276485345,nan,nan,nan,nan,nan,nan,nan,nan,0.0,0.01965325139462948
193,250120,-97.48115721912562,43.13754121772945,240,0,0,0,0,0,0,,0.0,0.13838689029216766,0.17973975507387271,nan,nan,nan,nan,nan,nan,nan,nan,0.0,0.020002124831080437
194,250168,19.30716154544088,3.348574925214052,48,1,0,0,0,0,0,,0.0,0.33154577016830444,0.06976197760862608,nan,nan,nan,nan,nan,nan,nan,nan,0.0,0.02008654549717903
195,250408,-72.485935346908,17.478613568469882,240,0,0,0,0,0,0,,0.0,0.35171329975128174,0.07282755653529117,nan,nan,nan,nan,nan,nan,nan,nan,0.0,0.020071743056178093
196,250509,3.097366878182548,8.341101443395019,101,1,0,0,0,0,0,,0.0,0.4357888400554657,0.08258516280589127,nan,nan,nan,nan,nan,nan,nan,nan,0.0,0.020091824233531952
197,250710,-11.818057088589192,7.18967168033123,201,1,0,0,0,0,0,,0.0,0.4868673086166382,0.035769510847419056,nan,nan,nan,nan,nan,nan,nan,nan,0.0,0.020047064870595932
198,250950,-95.93141720529609,59.16415664926171,240,0,0,0,0,0,0,,0.0,0.14479731023311615,0.2465173193719238,nan,nan,nan,nan,nan,nan,nan,nan,0.0,0.019737111404538155
199,251190,-22.97629515450316,7.881818730384111,240,0,0,0,0,0,0,,0.0,0.28060635924339294,0.032840911376600466,nan,nan,nan,nan,nan,nan,nan,nan,0.0,0.019547177478671074
200,251430,-26.64720441962071,14.4068657848984,240,0,0,0,0,0,0,,0.0,0.22184179723262787,0.06002860743707667,nan,nan,nan,nan,nan,nan,nan,nan,0.0,0.01973177120089531
201,251545,-112.94693926070958,53.446293737739325,115,0,1,1,0,1,1,pybullet_contact,0.05217391304347826,0.013894745148718357,0.2386634238064289,nan,nan,nan,nan,nan,nan,nan,nan,0.0,0.01943364180624485
202,251573,24.81899649418915,0.68088274076581,28,1,0,0,0,0,0,,0.0,0.4676288664340973,0.024317240741636072,nan,nan,nan,nan,nan,nan,nan,nan,0.0,0.019394103437662125
203,251813,-71.36791043490065,9.245342636480927,240,0,0,0,0,0,0,,0.0,0.3704427182674408,0.038522260985337196,nan,nan,nan,nan,nan,nan,nan,nan,0.0,0.01914512738585472
204,251910,15.198766950804828,2.9721020497381687,97,1,0,0,0,0,0,,0.0,0.4595320522785187,0.030640227316888338,nan,nan,nan,nan,nan,nan,nan,nan,0.0,0.019028281792998314
205,252150,-41.50790445904512,15.400564974173903,240,0,0,0,0,0,0,,0.0,0.3631752133369446,0.0641690207257246,nan,nan,nan,nan,nan,nan,nan,nan,0.0,0.019403493031859398
206,252390,-42.083093739670474,15.89483755081892,240,0,0,0,0,0,0,,0.0,0.4299931824207306,0.06622848979507884,nan,nan,nan,nan,nan,nan,nan,nan,0.0,0.019509492442011833
207,252395,20.922212365831644,0.8195181488990784,5,1,0,0,0,0,0,,0.0,0.2311299741268158,0.16390362977981568,nan,nan,nan,nan,nan,nan,nan,nan,0.0,0.019494440406560898
208,252635,-111.60738621075268,15.110956721007824,240,0,0,0,0,0,0,,0.0,0.31784382462501526,0.06296231967086593,nan,nan,nan,nan,nan,nan,nan,nan,0.0,0.01954583078622818
209,252875,-42.06137225236525,15.470310309901834,240,0,0,0,0,0,0,,0.0,0.3816434442996979,0.06445962629125764,nan,nan,nan,nan,nan,nan,nan,nan,0.0,0.01942121796309948
210,253115,-36.44730098630142,10.282455565407872,240,0,0,0,0,0,0,,0.0,0.46908310055732727,0.042843564855866136,nan,nan,nan,nan,nan,nan,nan,nan,0.0,0.019388383254408836
211,253355,-15.15992410049349,12.849445696920156,240,0,0,0,0,0,0,,0.0,0.27262383699417114,0.05353935707050065,nan,nan,nan,nan,nan,nan,nan,nan,0.0,0.019132018089294434
212,253402,18.91251994478616,3.005232162773609,47,1,0,0,0,0,0,,0.0,0.4282861351966858,0.063941109846247,nan,nan,nan,nan,nan,nan,nan,nan,0.0,0.019074251875281334
213,253642,-56.931222474423215,14.967062156647444,240,0,0,0,0,0,0,,0.0,0.3168223798274994,0.06236275898603102,nan,nan,nan,nan,nan,nan,nan,nan,0.0,0.019054898992180824
214,253699,19.94054597611741,4.87140341848135,57,1,0,0,0,0,0,,0.0,0.21664956212043762,0.08546321786809385,nan,nan,nan,nan,nan,nan,nan,nan,0.0,0.019108539447188377
215,253747,19.452674225272325,2.5301184225827456,48,1,0,0,0,0,0,,0.0,0.48692595958709717,0.05271080047047386,nan,nan,nan,nan,nan,nan,nan,nan,0.0,0.01913667470216751
216,253987,-25.70817320868598,6.3915276024490595,240,0,0,0,0,0,0,,0.0,0.5758457779884338,0.026631365010204414,nan,nan,nan,nan,nan,nan,nan,nan,0.0,0.01909349299967289
217,254009,21.774704950296623,1.5419748444110155,22,1,0,0,0,0,0,,0.0,0.22660622000694275,0.07008976565504615,nan,nan,nan,nan,nan,nan,nan,nan,0.0,0.019138168543577194
218,254249,-48.65231588883998,32.197961423546076,240,0,0,0,0,0,0,,0.0,0.21835428476333618,0.13415817259810864,nan,nan,nan,nan,nan,nan,nan,nan,0.0,0.019108617678284645
219,254489,-66.82039490955201,20.690473806113005,240,0,0,0,0,0,0,,0.0,0.17297738790512085,0.08621030752547085,nan,nan,nan,nan,nan,nan,nan,nan,0.0,0.019004300236701965
220,254509,22.422262578657353,1.1616581417620182,20,1,0,0,0,0,0,,0.0,0.28512707352638245,0.05808290708810091,nan,nan,nan,nan,nan,nan,nan,nan,0.0,0.01902085915207863
221,254531,-0.5164991595920725,23.06032058596611,22,1,0,0,0,0,0,,0.22727272727272727,0.0731964036822319,0.366378208453005,nan,nan,nan,nan,nan,nan,nan,nan,0.0,0.01906377263367176
222,254742,4.7359435593804236,13.55720630288124,211,1,0,0,0,0,0,,0.0,0.3072582483291626,0.06425216257289687,nan,nan,nan,nan,nan,nan,nan,nan,0.0,0.01909876987338066
223,254982,-255.94228748004377,27.218857280910015,240,0,0,0,0,0,0,,0.0,0.28937801718711853,0.11341190533712506,nan,nan,nan,nan,nan,nan,nan,nan,0.0,0.019113073125481606
224,255222,-69.26175968339551,8.33731560409069,240,0,0,0,0,0,0,,0.0,0.37955203652381897,0.034738815017044546,nan,nan,nan,nan,nan,nan,nan,nan,0.0,0.018824515864253044
225,255462,-67.18801970646315,9.018122998997569,240,0,0,0,0,0,0,,0.0,0.4992350935935974,0.03757551249582321,nan,nan,nan,nan,nan,nan,nan,nan,0.0,0.0187210813164711
226,255702,-77.91999436418178,17.81697129830718,240,0,0,0,0,0,0,,0.0,0.32536059617996216,0.07423738040961325,nan,nan,nan,nan,nan,nan,nan,nan,0.0,0.018750827759504318
227,255942,-40.800362347839524,24.537379391491413,240,0,0,0,0,0,0,,0.0,0.21209442615509033,0.10223908079788088,nan,nan,nan,nan,nan,nan,nan,nan,0.0,0.018609967082738876
228,255968,23.27980038275661,1.0497042424976826,26,1,0,0,0,0,0,,0.0,0.31059950590133667,0.040373240096064716,nan,nan,nan,nan,nan,nan,nan,nan,0.0,0.018567165359854698
229,256208,-29.034044720370524,10.978896642103791,240,0,0,0,0,0,0,,0.0,0.40241822600364685,0.045745402675432464,nan,nan,nan,nan,nan,nan,nan,nan,0.0,0.018668117001652718
230,256209,19.930002337748245,0.04946397989988327,1,1,0,0,0,0,0,,0.0,0.4555644094944,0.04946397989988327,nan,nan,nan,nan,nan,nan,nan,nan,0.0,0.018669750541448593
231,256301,11.893678006618028,9.481654357165098,92,1,0,0,0,0,0,,0.0,0.148901104927063,0.10306146040396846,nan,nan,nan,nan,nan,nan,nan,nan,0.0,0.018870165571570396
232,256541,-136.22995255203637,38.599033918231726,240,0,0,0,0,0,0,,0.0,0.16944195330142975,0.1608293079926322,nan,nan,nan,nan,nan,nan,nan,nan,0.0,0.01877031847834587
233,256781,-103.76278956321504,28.92298449575901,240,0,0,0,0,0,0,,0.0,0.26017996668815613,0.12051243539899588,nan,nan,nan,nan,nan,nan,nan,nan,0.0,0.018947342410683632
234,256791,21.415508739563723,1.361010380089283,10,1,0,0,0,0,0,,0.0,0.4808666408061981,0.1361010380089283,nan,nan,nan,nan,nan,nan,nan,nan,0.0,0.01894546113908291
235,257031,-48.35041846088222,36.08337716385722,240,0,0,0,0,0,0,,0.0,0.15095704793930054,0.1503474048494051,nan,nan,nan,nan,nan,nan,nan,nan,0.0,0.018941005691885948
236,257271,-55.23973204248183,12.429012835025787,240,0,0,0,0,0,0,,0.0,0.39165186882019043,0.051787553479274114,nan,nan,nan,nan,nan,nan,nan,nan,0.0,0.019303064793348312
237,257305,19.64938562349603,3.926744543015957,34,1,0,0,0,0,0,,0.0,0.1843656599521637,0.11549248655929285,nan,nan,nan,nan,nan,nan,nan,nan,0.0,0.01929905079305172
238,257545,-121.35725523429221,19.336917573586106,240,0,0,0,0,0,0,,0.0,0.22401124238967896,0.08057048988994212,nan,nan,nan,nan,nan,nan,nan,nan,0.0,0.019146500155329704
239,257785,-93.48542619551358,13.66144024580717,240,0,0,0,0,0,0,,0.0,0.3650017976760864,0.05692266769086321,nan,nan,nan,nan,nan,nan,nan,nan,0.0,0.019199755042791367
240,258025,-52.98541605137601,20.025827661156654,240,0,0,0,0,0,0,,0.0,0.21682818233966827,0.08344094858815272,nan,nan,nan,nan,nan,nan,nan,nan,0.0,0.018839813768863678
241,258265,-87.14803393734788,31.899586644023657,240,0,0,0,0,0,0,,0.0,0.20284830033779144,0.13291494435009857,nan,nan,nan,nan,nan,nan,nan,nan,0.0,0.018707534298300743
242,258505,-82.2537676773201,13.813632290810347,240,0,0,0,0,0,0,,0.0,0.364105761051178,0.05755680121170978,nan,nan,nan,nan,nan,nan,nan,nan,0.0,0.01864033378660679
243,258535,20.26435346063473,1.8996718395501375,30,1,0,0,0,0,0,,0.0,0.5118383765220642,0.06332239465167125,nan,nan,nan,nan,nan,nan,nan,nan,0.0,0.01863180659711361
244,258775,-56.59739215359878,8.97922139428556,240,0,0,0,0,0,0,,0.0,0.46673595905303955,0.03741342247618983,nan,nan,nan,nan,nan,nan,nan,nan,0.0,0.018816031515598297
245,258788,25.378644880841282,0.25661453418433666,13,1,0,0,0,0,0,,0.0,0.5864908695220947,0.01973957955264128,nan,nan,nan,nan,nan,nan,nan,nan,0.0,0.01885792426764965
246,258875,14.758948124393264,3.9286257214844227,87,1,0,0,0,0,0,,0.0,0.30876436829566956,0.045156617488326695,nan,nan,nan,nan,nan,nan,nan,nan,0.0,0.01887928694486618
247,259114,-31.400238521112097,29.45030353963375,239,1,0,0,0,0,0,,0.0,0.24447520077228546,0.12322302736248432,nan,nan,nan,nan,nan,nan,nan,nan,0.0,0.019099421799182892
248,259140,22.244508435591175,1.0058120731264353,26,1,0,0,0,0,0,,0.0,0.36778724193573,0.03868507973563213,nan,nan,nan,nan,nan,nan,nan,nan,0.0,0.01911773718893528
249,259380,-132.35469460496242,91.5029269605875,240,0,0,0,0,0,0,,0.03333333333333333,0.103481225669384,0.2812621956691146,nan,nan,nan,nan,nan,nan,nan,nan,0.0,0.018935121595859528
250,259620,-100.79341098680904,34.67723744735122,240,0,0,0,0,0,0,,0.0,0.21919836103916168,0.1444884893639634,nan,nan,nan,nan,nan,nan,nan,nan,0.0,0.018981486558914185
251,259640,23.266521068832102,1.7128408066928387,20,1,0,0,0,0,0,,0.0,0.23592300713062286,0.08564204033464193,nan,nan,nan,nan,nan,nan,nan,nan,0.0,0.01890628971159458
252,259703,16.096001438824064,4.896848801523447,63,1,0,0,0,0,0,,0.0,0.374176949262619,0.07772775875434043,nan,nan,nan,nan,nan,nan,nan,nan,0.0,0.01887352578341961
253,259739,21.545780930035228,1.3715007919818163,36,1,0,0,0,0,0,,0.0,0.33943018317222595,0.03809724422171712,nan,nan,nan,nan,nan,nan,nan,nan,0.0,0.018917342647910118
254,259875,7.058466304324215,12.611820098012686,136,1,0,0,0,0,0,,0.0,0.30464980006217957,0.09273397130891681,nan,nan,nan,nan,nan,nan,nan,nan,0.0,0.01892574317753315
255,260115,-86.23658472735212,50.84476424753666,240,0,0,0,0,0,0,,0.0,0.14984922111034393,0.21185318436473607,nan,nan,nan,nan,nan,nan,nan,nan,0.0,0.018720068037509918
256,260179,20.057628134987286,2.23086622543633,64,1,0,0,0,0,0,,0.0,0.3209484815597534,0.034857284772442654,nan,nan,nan,nan,nan,nan,nan,nan,0.0,0.018716318532824516
257,260267,10.000874864194452,9.523058593273163,88,1,0,0,0,0,0,,0.0,0.15682828426361084,0.10821657492355867,nan,nan,nan,nan,nan,nan,nan,nan,0.0,0.018710115924477577
258,260507,-104.76667841880885,32.23852766118944,240,0,0,0,0,0,0,,0.0,0.15004946291446686,0.13432719858828931,nan,nan,nan,nan,nan,nan,nan,nan,0.0,0.018919697031378746
259,260747,-57.755092595980194,9.909807085990906,240,0,0,0,0,0,0,,0.0,0.49254974722862244,0.04129086285829544,nan,nan,nan,nan,nan,nan,nan,nan,0.0,0.018796347081661224
260,260987,-215.568117321776,124.05462715774775,240,0,0,0,0,0,0,,0.08333333333333333,0.0351112075150013,0.2668942798239489,nan,nan,nan,nan,nan,nan,nan,nan,0.0,0.018593674525618553
261,261009,22.54225128976466,3.12373948097229,22,1,0,0,0,0,0,,0.0,0.41485390067100525,0.14198815822601318,nan,nan,nan,nan,nan,nan,nan,nan,0.0,0.018561244010925293
262,261249,-36.851221687182175,10.344828117638826,240,0,0,0,0,0,0,,0.0,0.4769689738750458,0.043103450490161774,nan,nan,nan,nan,nan,nan,nan,nan,0.0,0.018399124965071678
263,261358,10.90346234487827,4.074756786227226,109,1,0,0,0,0,0,,0.0,0.4248855710029602,0.037383089781901156,nan,nan,nan,nan,nan,nan,nan,nan,0.0,0.01822560839354992
264,261454,6.786188715957595,6.946713257580996,96,1,0,0,0,0,0,,0.0,0.34679338335990906,0.07236159643313538,nan,nan,nan,nan,nan,nan,nan,nan,0.0,0.018178001046180725
265,261541,-39.758539388616484,22.94236260652542,87,0,1,1,0,1,1,pybullet_contact,0.0,0.1373504102230072,0.17175129432787842,nan,nan,nan,nan,nan,nan,nan,nan,0.0,0.018040738999843597
266,261781,-34.84733664648778,11.216182762756944,240,0,0,0,0,0,0,,0.0,0.40334388613700867,0.0467340948448206,nan,nan,nan,nan,nan,nan,nan,nan,0.0,0.017910469323396683
267,261809,21.354727278802674,1.3086682334542274,28,1,0,0,0,0,0,,0.0,0.4111744463443756,0.04673815119479384,nan,nan,nan,nan,nan,nan,nan,nan,0.0,0.017815954983234406
268,261826,22.721706554402683,0.572202742099762,17,1,0,0,0,0,0,,0.0,0.4382880628108978,0.03365898482939776,nan,nan,nan,nan,nan,nan,nan,nan,0.0,0.017791124060750008
269,261870,16.556306780412378,5.396629009395838,44,1,0,0,0,0,0,,0.0,0.33568453788757324,0.12265065930445086,nan,nan,nan,nan,nan,nan,nan,nan,0.0,0.017868543043732643
270,262110,-51.79162077787348,15.43231537938118,240,0,0,0,0,0,0,,0.0,0.31341874599456787,0.06430131408075491,nan,nan,nan,nan,nan,nan,nan,nan,0.0,0.018069269135594368
271,262125,21.677225481254894,1.4889897555112839,15,1,0,0,0,0,0,,0.0,0.39621180295944214,0.09926598370075226,nan,nan,nan,nan,nan,nan,nan,nan,0.0,0.018073800951242447
272,262365,-86.05782763509329,18.242781788110733,240,0,0,0,0,0,0,,0.0,0.28573572635650635,0.07601159078379473,nan,nan,nan,nan,nan,nan,nan,nan,0.0,0.01794491335749626
273,262386,21.219848227234795,2.121929094195366,21,1,0,0,0,0,0,,0.0,0.3626076281070709,0.1010442425807317,nan,nan,nan,nan,nan,nan,nan,nan,0.0,0.017963901162147522
274,262626,-75.09984768892413,62.13081106543541,240,0,0,0,0,0,0,,0.0,0.18135640025138855,0.2588783794393142,nan,nan,nan,nan,nan,nan,nan,nan,0.0,0.017881490290164948
275,262636,23.004457291539023,0.4945998638868332,10,1,0,0,0,0,0,,0.0,0.3490561544895172,0.04945998638868332,nan,nan,nan,nan,nan,nan,nan,nan,0.0,0.017880382016301155
276,262842,12.7257453594211,6.214460335671902,206,1,0,0,0,0,0,,0.0,0.3878484070301056,0.03016728318287331,nan,nan,nan,nan,nan,nan,nan,nan,0.0,0.01772013120353222
277,262890,21.090668066352503,1.936547178775072,48,1,0,0,0,0,0,,0.0,0.3856837749481201,0.04034473289114734,nan,nan,nan,nan,nan,nan,nan,nan,0.0,0.017712529748678207
278,263130,-234.45383188984692,21.4943122882396,240,0,0,0,0,0,0,,0.0,0.25509700179100037,0.08955963453433166,nan,nan,nan,nan,nan,nan,nan,nan,0.0,0.01767980493605137
279,263157,22.773514368344443,0.8732889741659164,27,1,0,0,0,0,0,,0.0,0.3600075840950012,0.03234403608021913,nan,nan,nan,nan,nan,nan,nan,nan,0.0,0.01771482639014721
280,263229,19.45550241748877,3.893471771851182,72,1,0,0,0,0,0,,0.0,0.31717467308044434,0.05407599683126642,nan,nan,nan,nan,nan,nan,nan,nan,0.0,0.017765337601304054
281,263469,-84.67410914364528,69.02155292779207,240,0,0,0,0,0,0,,0.0,0.1468922644853592,0.2875898038658003,nan,nan,nan,nan,nan,nan,nan,nan,0.0,0.017666921019554138
282,263709,-23.717958150987034,14.733218394219875,240,0,0,0,0,0,0,,0.0,0.14630889892578125,0.061388409975916144,nan,nan,nan,nan,nan,nan,nan,nan,0.0,0.017876435071229935
283,263830,11.983126262007607,8.903423212468624,121,1,0,0,0,0,0,,0.0,0.18080440163612366,0.07358201002040185,nan,nan,nan,nan,nan,nan,nan,nan,0.0,0.01789099909365177
284,263970,10.064104718406398,4.653266780078411,140,1,0,0,0,0,0,,0.0,0.5149595737457275,0.03323761985770294,nan,nan,nan,nan,nan,nan,nan,nan,0.0,0.017711414024233818
285,263985,20.04305727140387,3.284115791320801,15,1,0,0,0,0,0,,0.0,0.2775301933288574,0.21894105275472006,nan,nan,nan,nan,nan,nan,nan,nan,0.0,0.01770264096558094
286,264225,-56.26773749211851,33.039007138460875,240,0,0,0,0,0,0,,0.0,0.2547275125980377,0.13766252974358698,nan,nan,nan,nan,nan,nan,nan,nan,0.0,0.01777959056198597
287,264465,-240.48134891760188,173.61670034378767,240,0,0,0,0,0,0,,0.14166666666666666,0.09093412011861801,0.2984029180991153,nan,nan,nan,nan,nan,nan,nan,nan,0.0,0.017740769311785698
288,264492,20.93510975915344,1.7863051742315292,27,1,0,0,0,0,0,,0.0,0.38389286398887634,0.06615945089746404,nan,nan,nan,nan,nan,nan,nan,nan,0.0,0.017729513347148895
289,264562,11.37990530654219,7.78006687015295,70,1,0,0,0,0,0,,0.0,0.2968556880950928,0.11114381243075644,nan,nan,nan,nan,nan,nan,nan,nan,0.0,0.01778382994234562
290,264615,15.01616337185536,4.4553224220871925,53,1,0,0,0,0,0,,0.0,0.15902124345302582,0.08406268720919231,nan,nan,nan,nan,nan,nan,nan,nan,0.0,0.017783796414732933
291,264855,-59.25378169389478,25.222482942044735,240,0,0,0,0,0,0,,0.0,0.2210918664932251,0.1050936789251864,nan,nan,nan,nan,nan,nan,nan,nan,0.0,0.018076352775096893
292,264887,18.785334401405173,3.792235881090164,32,1,0,0,0,0,0,,0.0,0.3052807152271271,0.11850737128406763,nan,nan,nan,nan,nan,nan,nan,nan,0.0,0.018145181238651276
293,264925,19.930264453942026,2.400459360331297,38,1,0,0,0,0,0,,0.0,0.35566022992134094,0.06316998316661308,nan,nan,nan,nan,nan,nan,nan,nan,0.0,0.018119415268301964
294,265022,-129.02358383584314,105.22433322668076,97,0,1,1,0,1,1,pybullet_contact,0.14432989690721648,0.08661802858114243,0.5693230229554717,nan,nan,nan,nan,nan,nan,nan,nan,0.0,0.018088562414050102
295,265031,21.106257905340197,0.7988190278410912,9,1,0,0,0,0,0,,0.0,0.28720614314079285,0.08875766976012124,nan,nan,nan,nan,nan,nan,nan,nan,0.0,0.018078403547406197
296,265271,-148.3566921484593,27.154783567413688,240,0,0,0,0,0,0,,0.0,0.2827412188053131,0.11314493153089036,nan,nan,nan,nan,nan,nan,nan,nan,0.0,0.01797657459974289
297,265511,-202.1987577792633,173.49214245006442,240,0,0,0,0,0,0,,0.13333333333333333,0.10192697495222092,0.3228839268752684,nan,nan,nan,nan,nan,nan,nan,nan,0.0,0.018190106377005577
298,265751,-21.103655400969476,7.867328668013215,240,0,0,0,0,0,0,,0.0,0.4203661382198334,0.03278053611672173,nan,nan,nan,nan,nan,nan,nan,nan,0.0,0.018191833049058914
299,265845,13.63915774341446,6.798779107630253,94,1,0,0,0,0,0,,0.0,0.2467060089111328,0.07232743731521546,nan,nan,nan,nan,nan,nan,nan,nan,0.0,0.018115829676389694
300,266085,-76.21378557393116,22.517491724342108,240,0,0,0,0,0,0,,0.0,0.25966933369636536,0.09382288218475879,nan,nan,nan,nan,nan,nan,nan,nan,0.0,0.018018925562500954
301,266113,20.392595951194714,1.7808186747133732,28,1,0,0,0,0,0,,0.0,0.36666545271873474,0.06360066695404905,nan,nan,nan,nan,nan,nan,nan,nan,0.0,0.017985209822654724
302,266121,22.93788974025081,0.19831116497516632,8,1,0,0,0,0,0,,0.0,0.549086332321167,0.02478889562189579,nan,nan,nan,nan,nan,nan,nan,nan,0.0,0.01796768791973591
303,266361,-97.46101789067325,23.96411993727088,240,0,0,0,0,0,0,,0.0,0.2093413919210434,0.09985049973862867,nan,nan,nan,nan,nan,nan,nan,nan,0.0,0.017808370292186737
304,266601,-16.548626774442788,7.853592725470662,240,0,0,0,0,0,0,,0.0,0.47926703095436096,0.03272330302279443,nan,nan,nan,nan,nan,nan,nan,nan,0.0,0.017740456387400627
305,266841,-73.92107946270811,30.838535882532597,240,0,0,0,0,0,0,,0.0,0.22960509359836578,0.12849389951055248,nan,nan,nan,nan,nan,nan,nan,nan,0.0,0.01772184856235981
306,267081,-109.15404939788219,66.61651445925236,240,0,0,0,0,0,0,,0.0,0.16396531462669373,0.27756881024688485,nan,nan,nan,nan,nan,nan,nan,nan,0.0,0.01734773814678192
307,267321,-85.09105828448259,39.82236558198929,240,0,0,0,0,0,0,,0.0,0.19140027463436127,0.1659265232582887,nan,nan,nan,nan,nan,nan,nan,nan,0.0,0.01739872619509697
308,267561,-75.86819681814995,14.504075679928064,240,0,0,0,0,0,0,,0.0,0.3438417315483093,0.06043364866636693,nan,nan,nan,nan,nan,nan,nan,nan,0.0,0.017645670101046562
309,267690,14.974246551106585,5.355564743280411,129,1,0,0,0,0,0,,0.0,0.2813508212566376,0.04151600576186365,nan,nan,nan,nan,nan,nan,nan,nan,0.0,0.017505738884210587
310,267930,10.97686828495537,6.618441436439753,240,1,0,0,0,0,0,,0.0,0.357402503490448,0.02757683931849897,nan,nan,nan,nan,nan,nan,nan,nan,0.0,0.0174472127109766
311,267989,19.925582674220784,3.3972554691135883,59,1,0,0,0,0,0,,0.0,0.22528505325317383,0.05758060117141675,nan,nan,nan,nan,nan,nan,nan,nan,0.0,0.017348704859614372
312,268136,13.320804132700436,5.735738392919302,147,1,0,0,0,0,0,,0.0,0.32120078802108765,0.03901862852326056,nan,nan,nan,nan,nan,nan,nan,nan,0.0,0.017203258350491524
313,268376,-94.04041938494873,26.210974663496017,240,0,0,0,0,0,0,,0.0,0.27343717217445374,0.1092123944312334,nan,nan,nan,nan,nan,nan,nan,nan,0.0,0.01699402555823326
314,268616,-44.1678193258917,21.153904750943184,240,0,0,0,0,0,0,,0.0,0.2633835971355438,0.0881412697955966,nan,nan,nan,nan,nan,nan,nan,nan,0.0,0.017031170427799225
315,268645,22.93196323058496,1.1940241791307926,29,1,0,0,0,0,0,,0.0,0.41087016463279724,0.04117324755623423,nan,nan,nan,nan,nan,nan,nan,nan,0.0,0.017084535211324692
316,268670,21.654566861640426,2.2450278364121914,25,1,0,0,0,0,0,,0.0,0.20363113284111023,0.08980111345648766,nan,nan,nan,nan,nan,nan,nan,nan,0.0,0.017152605578303337
317,268747,21.688817402239156,2.743636481463909,77,1,0,0,0,0,0,,0.0,0.44142886996269226,0.035631642616414404,nan,nan,nan,nan,nan,nan,nan,nan,0.0,0.01728134974837303
318,268775,23.27428679961339,0.9624329302459955,28,1,0,0,0,0,0,,0.0,0.4998510777950287,0.0343726046516427,nan,nan,nan,nan,nan,nan,nan,nan,0.0,0.01729649305343628
319,269015,-104.05574732046574,44.291302762925625,240,0,0,0,0,0,0,,0.0,0.17619383335113525,0.18454709484552342,nan,nan,nan,nan,nan,nan,nan,nan,0.0,0.017253989353775978
320,269066,21.250024599163982,2.9521373845636845,51,1,0,0,0,0,0,,0.0,0.18486160039901733,0.05788504675615067,nan,nan,nan,nan,nan,nan,nan,nan,0.0,0.017292765900492668
321,269306,-26.552904798302865,7.610422685742378,240,0,0,0,0,0,0,,0.0,0.4545381963253021,0.03171009452392658,nan,nan,nan,nan,nan,nan,nan,nan,0.0,0.017209865152835846
322,269398,17.66738355921323,3.8543953597545624,92,1,0,0,0,0,0,,0.0,0.28716933727264404,0.04189560173646263,nan,nan,nan,nan,nan,nan,nan,nan,0.0,0.017109980806708336
323,269638,-165.96211562767843,81.83438712358475,240,0,0,0,0,0,0,,0.0,0.1275460422039032,0.3409766130149364,nan,nan,nan,nan,nan,nan,nan,nan,0.0,0.017137596383690834
324,269878,-70.37881820065061,7.5559073351323605,240,0,0,0,0,0,0,,0.0,0.3464966416358948,0.031482947229718165,nan,nan,nan,nan,nan,nan,nan,nan,0.0,0.01725710742175579
325,270118,-46.494553627215886,10.491278352215886,240,0,0,0,0,0,0,,0.0,0.4583878815174103,0.04371365980089952,nan,nan,nan,nan,nan,nan,nan,nan,0.0,0.017252326011657715
326,270358,-50.85635417902229,10.002859916538,240,0,0,0,0,0,0,,0.0,0.12244652956724167,0.041678582985575,nan,nan,nan,nan,nan,nan,nan,nan,0.0,0.01705995202064514
327,270406,19.70096199793423,1.695294328033924,48,1,0,0,0,0,0,,0.0,0.454527884721756,0.03531863183404008,nan,nan,nan,nan,nan,nan,nan,nan,0.0,0.017148615792393684
328,270549,5.816531574454897,9.283601939678192,143,1,0,0,0,0,0,,0.0,0.3772515654563904,0.06492029328446289,nan,nan,nan,nan,nan,nan,nan,nan,0.0,0.017015162855386734
329,270789,-61.73113091388838,8.74600300937891,240,0,0,0,0,0,0,,0.0,0.2142033874988556,0.03644167920574546,nan,nan,nan,nan,nan,nan,nan,nan,0.0,0.017193632200360298
330,271029,-62.019967698800684,7.363748485222459,240,0,0,0,0,0,0,,0.0,0.28830665349960327,0.03068228535509358,nan,nan,nan,nan,nan,nan,nan,nan,0.0,0.01716943085193634
331,271269,-120.12599929305337,46.90841156616807,240,0,0,0,0,0,0,,0.0,0.15062983334064484,0.19545171485903362,nan,nan,nan,nan,nan,nan,nan,nan,0.0,0.01708574965596199
332,271310,12.910157922525002,6.970049850642681,41,1,0,0,0,0,0,,0.0,0.24783757328987122,0.1700012158693337,nan,nan,nan,nan,nan,nan,nan,nan,0.0,0.01701640523970127
333,271341,22.595752636729415,1.9335586372762918,31,1,0,0,0,0,0,,0.0,0.483155220746994,0.06237285926697716,nan,nan,nan,nan,nan,nan,nan,nan,0.0,0.0169706791639328
334,271581,-64.9060979168512,26.76104472577572,240,0,0,0,0,0,0,,0.0,0.2533104121685028,0.1115043530240655,nan,nan,nan,nan,nan,nan,nan,nan,0.0,0.01724795065820217
335,271639,17.961109998063566,3.228486742824316,58,1,0,0,0,0,0,,0.0,0.4146615266799927,0.05566356453145373,nan,nan,nan,nan,nan,nan,nan,nan,0.0,0.017234591767191887
336,271698,18.36816074048395,3.654099754989147,59,1,0,0,0,0,0,,0.0,0.3610856831073761,0.06193389415235843,nan,nan,nan,nan,nan,nan,nan,nan,0.0,0.017208224162459373
337,271738,22.267770462868686,0.9789718240499496,40,1,0,0,0,0,0,,0.0,0.6075997352600098,0.024474295601248742,nan,nan,nan,nan,nan,nan,nan,nan,0.0,0.017173834145069122
338,271768,22.84182350032127,1.9653879944235086,30,1,0,0,0,0,0,,0.0,0.5273275971412659,0.06551293314745028,nan,nan,nan,nan,nan,nan,nan,nan,0.0,0.017220856621861458
339,271796,17.59443691649915,4.66308306157589,28,1,0,0,0,0,0,,0.0,0.3159654438495636,0.1665386807705675,nan,nan,nan,nan,nan,nan,nan,nan,0.0,0.017199084162712097
340,271819,23.145105439028775,0.6898667998611927,23,1,0,0,0,0,0,,0.0,0.5167617797851562,0.029994208689617073,nan,nan,nan,nan,nan,nan,nan,nan,0.0,0.017159609124064445
341,272059,-361.2841635255547,142.8574568554759,240,0,0,0,0,0,0,,0.07916666666666666,0.09129752963781357,0.3577394035644829,nan,nan,nan,nan,nan,nan,nan,nan,0.0,0.01699811778962612
342,272083,20.340941167194696,1.945772847160697,24,1,0,0,0,0,0,,0.0,0.3446084260940552,0.0810738686316957,nan,nan,nan,nan,nan,nan,nan,nan,0.0,0.01693524792790413
343,272323,-81.07563261507626,13.230551946908236,240,0,0,0,0,0,0,,0.0,0.41954073309898376,0.05512729977878431,nan,nan,nan,nan,nan,nan,nan,nan,0.0,0.016789328306913376
344,272371,20.21603092555924,2.209937922656536,48,1,0,0,0,0,0,,0.0,0.2604195177555084,0.046040373388677835,nan,nan,nan,nan,nan,nan,nan,nan,0.0,0.016699878498911858
345,272611,-42.043160262439706,19.592794816941023,240,0,0,0,0,0,0,,0.0,0.30857405066490173,0.0816366450705876,nan,nan,nan,nan,nan,nan,nan,nan,0.0,0.016589589416980743
346,272642,17.70680054488605,4.040650401264429,31,1,0,0,0,0,0,,0.0,0.3662724196910858,0.1303435613311106,nan,nan,nan,nan,nan,nan,nan,nan,0.0,0.016618868336081505
347,272866,1.780427294512382,11.320963561534882,224,1,0,0,0,0,0,,0.0,0.4322068691253662,0.050540015899709294,nan,nan,nan,nan,nan,nan,nan,nan,0.0,0.016807647421956062
348,272902,21.854787757110078,0.8542197179049253,36,1,0,0,0,0,0,,0.0,0.5407449007034302,0.023728325497359037,nan,nan,nan,nan,nan,nan,nan,nan,0.0,0.016898898407816887
349,272991,17.632349191913526,3.276980210095644,89,1,0,0,0,0,0,,0.0,0.46314921975135803,0.036820002360625215,nan,nan,nan,nan,nan,nan,nan,nan,0.0,0.016985032707452774
350,273231,-139.00258784004205,22.084731739014387,240,0,0,0,0,0,0,,0.0,0.24901144206523895,0.09201971557922661,nan,nan,nan,nan,nan,nan,nan,nan,0.0,0.01690542884171009
351,273254,23.598019903617647,0.8130754884332418,23,1,0,0,0,0,0,,0.0,0.3509541451931,0.03535110819274965,nan,nan,nan,nan,nan,nan,nan,nan,0.0,0.01688147895038128
352,273494,-74.78103570266552,50.82956749945879,240,0,0,0,0,0,0,,0.0,0.17814035713672638,0.2117898645810783,nan,nan,nan,nan,nan,nan,nan,nan,0.0,0.01688285544514656
353,273521,23.103316742528534,1.5761802103370428,27,1,0,0,0,0,0,,0.0,0.30301275849342346,0.05837704482729788,nan,nan,nan,nan,nan,nan,nan,nan,0.0,0.016857009381055832
354,273761,-37.78809159089996,25.49466334655881,240,0,0,0,0,0,0,,0.0,0.24229083955287933,0.10622776394399504,nan,nan,nan,nan,nan,nan,nan,nan,0.0,0.01665486954152584
355,274001,-20.9159856040862,6.942052459344268,240,0,0,0,0,0,0,,0.0,0.35641977190971375,0.028925218580601115,nan,nan,nan,nan,nan,nan,nan,nan,0.0,0.016563307493925095
356,274241,-67.38512187406869,39.41643746197224,240,0,0,0,0,0,0,,0.0,0.22592033445835114,0.16423515609155098,nan,nan,nan,nan,nan,nan,nan,nan,0.0,0.016619447618722916
357,274481,-20.73644358616491,11.67667394131422,240,0,0,0,0,0,0,,0.0,0.4407668113708496,0.04865280808880925,nan,nan,nan,nan,nan,nan,nan,nan,0.0,0.01638130284845829
358,274486,21.127176887874757,0.39519038796424866,5,1,0,0,0,0,0,,0.0,0.34665244817733765,0.07903807759284973,nan,nan,nan,nan,nan,nan,nan,nan,0.0,0.01636841893196106
359,274726,-97.65596060789503,62.08817006647587,240,0,0,0,0,0,0,,0.0,0.1781201809644699,0.25870070861031613,nan,nan,nan,nan,nan,nan,nan,nan,0.0,0.0164610855281353
360,274797,16.737739952330756,4.582011606544256,71,1,0,0,0,0,0,,0.0,0.2526082992553711,0.06453537474005995,nan,nan,nan,nan,nan,nan,nan,nan,0.0,0.016445934772491455
361,274842,20.98229116132584,1.787380751222372,45,1,0,0,0,0,0,,0.0,0.38446128368377686,0.03971957224938605,nan,nan,nan,nan,nan,nan,nan,nan,0.0,0.01644185744225979
362,274873,22.3500666017451,1.589207824319601,31,1,0,0,0,0,0,,0.0,0.2551242709159851,0.05126476852643874,nan,nan,nan,nan,nan,nan,nan,nan,0.0,0.016439739614725113
363,275113,-25.83709634998801,12.948713023215532,240,0,0,0,0,0,0,,0.0,0.29919859766960144,0.053952970930064716,nan,nan,nan,nan,nan,nan,nan,nan,0.0,0.016313103958964348
364,275173,20.41435830175559,2.163376498967409,60,1,0,0,0,0,0,,0.0,0.4421705901622772,0.036056274982790154,nan,nan,nan,nan,nan,nan,nan,nan,0.0,0.016315780580043793
365,275413,-36.41810235304955,7.802051655948162,240,0,0,0,0,0,0,,0.0,0.3584955334663391,0.032508548566450676,nan,nan,nan,nan,nan,nan,nan,nan,0.0,0.016271278262138367
366,275475,18.851249196494248,3.030485488474369,62,1,0,0,0,0,0,,0.0,0.29747480154037476,0.0488787982011995,nan,nan,nan,nan,nan,nan,nan,nan,0.0,0.016202617436647415
367,275715,-79.02129906012411,18.254065645858645,240,0,0,0,0,0,0,,0.0,0.31059789657592773,0.07605860685774436,nan,nan,nan,nan,nan,nan,nan,nan,0.0,0.01588955707848072
368,275955,-43.36685400669235,13.716115649789572,240,0,0,0,0,0,0,,0.0,0.2675359547138214,0.057150481874123214,nan,nan,nan,nan,nan,nan,nan,nan,0.0,0.016073163598775864
369,276158,-166.62217577759822,63.5234102755785,203,0,1,1,0,1,1,pybullet_contact,0.024630541871921183,0.013243415392935276,0.19962271071713547,nan,nan,nan,nan,nan,nan,nan,nan,0.0,0.016256744042038918
370,276398,-66.95167863409606,34.87806162238121,240,0,0,0,0,0,0,,0.0,0.23827554285526276,0.14532525675992172,nan,nan,nan,nan,nan,nan,nan,nan,0.0,0.016004079952836037
371,276491,18.20857569771328,4.320526331663132,93,1,0,0,0,0,0,,0.0,0.3463881015777588,0.04645727238347454,nan,nan,nan,nan,nan,nan,nan,nan,0.0,0.016079802066087723
372,276731,-94.61766268627616,44.06862138211727,240,0,0,0,0,0,0,,0.0,0.19862250983715057,0.18361925575882196,nan,nan,nan,nan,nan,nan,nan,nan,0.0,0.015808066353201866
373,276971,-23.80253039142158,7.763279503211379,240,0,0,0,0,0,0,,0.0,0.5831810832023621,0.03234699793004741,nan,nan,nan,nan,nan,nan,nan,nan,0.0,0.01562594622373581
374,276986,24.705267218147995,1.2895394004881382,15,1,0,0,0,0,0,,0.0,0.4357336759567261,0.08596929336587587,nan,nan,nan,nan,nan,nan,nan,nan,0.0,0.01563599333167076
375,277030,19.14153009246803,3.189724177122116,44,1,0,0,0,0,0,,0.0,0.43188729882240295,0.0724937312982299,nan,nan,nan,nan,nan,nan,nan,nan,0.0,0.01568569801747799
376,277042,21.420709531204842,1.3901367485523224,12,1,0,0,0,0,0,,0.0,0.3224831223487854,0.11584472904602687,nan,nan,nan,nan,nan,nan,nan,nan,0.0,0.015692071989178658
377,277097,19.894048780285765,2.8509587682783604,55,1,0,0,0,0,0,,0.0,0.3592127859592438,0.05183561396869746,nan,nan,nan,nan,nan,nan,nan,nan,0.0,0.01570616103708744
378,277122,19.67628511492732,2.410954523831606,25,1,0,0,0,0,0,,0.0,0.37546244263648987,0.09643818095326423,nan,nan,nan,nan,nan,nan,nan,nan,0.0,0.015763476490974426
379,277362,-45.959207255078404,26.813767589628696,240,0,0,0,0,0,0,,0.004166666666666667,0.1091955378651619,0.0992240316234529,nan,nan,nan,nan,nan,nan,nan,nan,0.0,0.01577262580394745
380,277602,-111.60830914715878,70.48037051409483,240,0,0,0,0,0,0,,0.0,0.1407485455274582,0.2936682104753951,nan,nan,nan,nan,nan,nan,nan,nan,0.0,0.01600317284464836
381,277640,22.415451890571475,2.2307074684649706,38,1,0,0,0,0,0,,0.0,0.2190881073474884,0.058702828117499224,nan,nan,nan,nan,nan,nan,nan,nan,0.0,0.0159723199903965
382,277653,23.45212517639634,0.7741156779229641,13,1,0,0,0,0,0,,0.0,0.30739492177963257,0.059547359840228006,nan,nan,nan,nan,nan,nan,nan,nan,0.0,0.01595376245677471
383,277771,11.805280237954745,7.521345961838961,118,1,0,0,0,0,0,,0.0,0.29415348172187805,0.06374022001558441,nan,nan,nan,nan,nan,nan,nan,nan,0.0,0.01602667011320591
384,278011,-116.58825517036816,24.71010052599013,240,0,0,0,0,0,0,,0.0,0.25932246446609497,0.10295875219162554,nan,nan,nan,nan,nan,nan,nan,nan,0.0,0.015998229384422302
385,278051,19.593321351167717,2.3077385425567627,40,1,0,0,0,0,0,,0.0,0.4929683208465576,0.057693463563919065,nan,nan,nan,nan,nan,nan,nan,nan,0.0,0.01609085500240326
386,278291,-17.19627882977618,13.574357913807034,240,0,0,0,0,0,0,,0.0,0.203848198056221,0.05655982464086264,nan,nan,nan,nan,nan,nan,nan,nan,0.0,0.016002265736460686
387,278531,-20.65866061019239,13.697735790163279,240,0,0,0,0,0,0,,0.0,0.38695311546325684,0.057073899125680325,nan,nan,nan,nan,nan,nan,nan,nan,0.0,0.015811799094080925
388,278771,-232.23347539263412,96.2081688567996,240,0,0,0,0,0,0,,0.041666666666666664,0.07352664321660995,0.275867370236665,nan,nan,nan,nan,nan,nan,nan,nan,0.0,0.015905119478702545
389,278790,21.32382128715813,3.328559711575508,19,1,0,0,0,0,0,,0.0,0.3058149814605713,0.17518735324081622,nan,nan,nan,nan,nan,nan,nan,nan,0.0,0.015917213633656502
390,278811,21.978807462104534,1.1132266130298376,21,1,0,0,0,0,0,,0.0,0.5557484030723572,0.05301079109665893,nan,nan,nan,nan,nan,nan,nan,nan,0.0,0.01593092642724514
391,278961,2.9009452974965555,13.056069880723953,150,1,0,0,0,0,0,,0.0,0.32908502221107483,0.08704046587149303,nan,nan,nan,nan,nan,nan,nan,nan,0.0,0.0159833375364542
392,278976,23.157441424647352,0.9105626232922077,15,1,0,0,0,0,0,,0.0,0.35399311780929565,0.06070417488614718,nan,nan,nan,nan,nan,nan,nan,nan,0.0,0.015986111015081406
393,278995,22.71212707848579,0.977705517783761,19,1,0,0,0,0,0,,0.0,0.5985214114189148,0.051458185146513735,nan,nan,nan,nan,nan,nan,nan,nan,0.0,0.015998441725969315
394,279235,-37.79997687974154,17.848999205976725,240,0,0,0,0,0,0,,0.0,0.3442600667476654,0.07437083002490302,nan,nan,nan,nan,nan,nan,nan,nan,0.0,0.015746355056762695
395,279475,-32.89951882560888,11.653926638886333,240,0,0,0,0,0,0,,0.0,0.42700085043907166,0.04855802766202639,nan,nan,nan,nan,nan,nan,nan,nan,0.0,0.015411478467285633
396,279715,-161.96416159415,30.303696919232607,240,0,0,0,0,0,0,,0.0,0.22775742411613464,0.12626540383013587,nan,nan,nan,nan,nan,nan,nan,nan,0.0,0.015251894481480122
397,279955,-99.82788689928317,28.836394852027297,240,0,0,0,0,0,0,,0.0,0.17201854288578033,0.1201516452167804,nan,nan,nan,nan,nan,nan,nan,nan,0.0,0.015299626626074314
398,279996,19.340381025860598,3.604000099003315,41,1,0,0,0,0,0,,0.0,0.34901055693626404,0.08790244143910525,nan,nan,nan,nan,nan,nan,nan,nan,0.0,0.015288585796952248
399,280236,-31.589139010529347,11.376756828278303,240,0,0,0,0,0,0,,0.0,0.26184263825416565,0.0474031534511596,nan,nan,nan,nan,nan,nan,nan,nan,0.0,0.015250323340296745
400,280267,21.871345333672775,1.4009804390370846,31,1,0,0,0,0,0,,0.0,0.3412349820137024,0.04519291738829305,nan,nan,nan,nan,nan,nan,nan,nan,0.0,0.015252978540956974
401,280410,1.4722007346040193,19.6870119869709,143,1,0,0,0,0,0,,0.0,0.28364118933677673,0.13767141249630002,nan,nan,nan,nan,nan,nan,nan,nan,0.0,0.015179499983787537
402,280441,22.58659173641651,1.584987223148346,31,1,0,0,0,0,0,,0.0,0.2106374204158783,0.051128620101559545,nan,nan,nan,nan,nan,nan,nan,nan,0.0,0.01519011426717043
403,280473,20.599285758390444,0.8029943499714136,32,1,0,0,0,0,0,,0.0,0.6504023671150208,0.025093573436606675,nan,nan,nan,nan,nan,nan,nan,nan,0.0,0.0152589725330472
404,280713,-12.652866675833462,8.989149700850248,240,0,0,0,0,0,0,,0.0,0.503010630607605,0.03745479042020937,nan,nan,nan,nan,nan,nan,nan,nan,0.0,0.015149050392210484
405,280737,24.34161373354823,1.3037284798920155,24,1,0,0,0,0,0,,0.0,0.3477519452571869,0.054322019995500646,nan,nan,nan,nan,nan,nan,nan,nan,0.0,0.01511506550014019
406,280977,-70.33286837231306,12.689346592873335,240,0,0,0,0,0,0,,0.0,0.20318898558616638,0.05287227747030556,nan,nan,nan,nan,nan,nan,nan,nan,0.0,0.015309996902942657
407,281217,-27.756709686939914,24.442848853766918,240,0,0,0,0,0,0,,0.0,0.3021024167537689,0.10184520355736217,nan,nan,nan,nan,nan,nan,nan,nan,0.0,0.015317123383283615
408,281457,-167.80035788380837,34.73919942229986,240,0,0,0,0,0,0,,0.0,0.21402239799499512,0.14474666425958277,nan,nan,nan,nan,nan,nan,nan,nan,0.0,0.015344384126365185
409,281473,24.964727479787882,0.8549949452280998,16,1,0,0,0,0,0,,0.0,0.3522893786430359,0.05343718407675624,nan,nan,nan,nan,nan,nan,nan,nan,0.0,0.015352052636444569
410,281499,20.214026927522895,2.154788766056299,26,1,0,0,0,0,0,,0.0,0.38318923115730286,0.08287649100216535,nan,nan,nan,nan,nan,nan,nan,nan,0.0,0.015319541096687317
411,281739,-20.409784347865724,8.685308646410704,240,0,0,0,0,0,0,,0.0,0.45269882678985596,0.036188786026711266,nan,nan,nan,nan,nan,nan,nan,nan,0.0,0.015469281934201717
412,281801,16.319418863651702,3.7902521081268787,62,1,0,0,0,0,0,,0.0,0.4221578538417816,0.061133098518175465,nan,nan,nan,nan,nan,nan,nan,nan,0.0,0.015399512834846973
413,282041,-72.86652427672438,55.17100887745619,240,0,0,0,0,0,0,,0.0,0.1567639261484146,0.22987920365606745,nan,nan,nan,nan,nan,nan,nan,nan,0.0,0.015189215540885925
414,282057,22.063143680511345,2.109957881271839,16,1,0,0,0,0,0,,0.0,0.2672176659107208,0.13187236757948995,nan,nan,nan,nan,nan,nan,nan,nan,0.0,0.015176909044384956
415,282297,-104.57470434861924,8.288960427045822,240,0,0,0,0,0,0,,0.0,0.41690853238105774,0.03453733511269093,nan,nan,nan,nan,nan,nan,nan,nan,0.0,0.015062348917126656
416,282302,20.818098809225987,0.1694775279611349,5,1,0,0,0,0,0,,0.0,0.4838833808898926,0.03389550559222698,nan,nan,nan,nan,nan,nan,nan,nan,0.0,0.01508492510765791
417,282437,15.421350197328763,5.040989039465785,135,1,0,0,0,0,0,,0.0,0.5653269290924072,0.03734065955159841,nan,nan,nan,nan,nan,nan,nan,nan,0.0,0.015300830826163292
418,282482,18.997078775872772,3.0706525035202503,45,1,0,0,0,0,0,,0.0,0.2445068359375,0.06823672230045001,nan,nan,nan,nan,nan,nan,nan,nan,0.0,0.0151946060359478
419,282722,-18.991918816399128,13.793965164572,240,0,0,0,0,0,0,,0.0,0.18618813157081604,0.057474854852383336,nan,nan,nan,nan,nan,nan,nan,nan,0.0,0.015139367431402206
420,282962,-120.62638030817298,54.4472223110497,240,0,0,0,0,0,0,,0.0,0.19513945281505585,0.22686342629604042,nan,nan,nan,nan,nan,nan,nan,nan,0.0,0.015119988471269608
421,283202,-65.31154688174654,19.19006422162056,240,0,0,0,0,0,0,,0.0,0.3457212746143341,0.079958600923419,nan,nan,nan,nan,nan,nan,nan,nan,0.0,0.015171894803643227
422,283226,23.21400623700327,0.9581714943051338,24,1,0,0,0,0,0,,0.0,0.4470166862010956,0.03992381226271391,nan,nan,nan,nan,nan,nan,nan,nan,0.0,0.015184508636593819
423,283466,-82.4560170122075,18.642625210806727,240,0,0,0,0,0,0,,0.0,0.3323575258255005,0.07767760504502803,nan,nan,nan,nan,nan,nan,nan,nan,0.0,0.014924580231308937
424,283706,-117.37166162105797,50.58059239387512,240,0,0,0,0,0,0,,0.0,0.12795332074165344,0.210752468307813,nan,nan,nan,nan,nan,nan,nan,nan,0.0,0.014797480776906013
425,283722,21.7792616677384,0.8016199693083763,16,1,0,0,0,0,0,,0.0,0.44599372148513794,0.05010124808177352,nan,nan,nan,nan,nan,nan,nan,nan,0.0,0.014814742840826511
426,283746,20.277011748429604,3.4987580999732018,24,1,0,0,0,0,0,,0.0,0.4299136698246002,0.1457815874988834,nan,nan,nan,nan,nan,nan,nan,nan,0.0,0.014821236953139305
427,283777,22.507662635898082,1.1030292119830847,31,1,0,0,0,0,0,,0.0,0.41751977801322937,0.035581587483325315,nan,nan,nan,nan,nan,nan,nan,nan,0.0,0.014871691353619099
428,283793,20.728133173069033,0.941162820905447,16,1,0,0,0,0,0,,0.0,0.4406331479549408,0.05882267630659044,nan,nan,nan,nan,nan,nan,nan,nan,0.0,0.014908697456121445
429,283816,24.94543244990349,0.5560665037482977,23,1,0,0,0,0,0,,0.0,0.5987130999565125,0.02417680451079555,nan,nan,nan,nan,nan,nan,nan,nan,0.0,0.014919165521860123
430,284056,-157.40301004683616,21.5307528488338,240,0,0,0,0,0,0,,0.0,0.259578138589859,0.08971147020347417,nan,nan,nan,nan,nan,nan,nan,nan,0.0,0.014993621036410332
431,284075,19.485666671374027,3.3381591886281967,19,1,0,0,0,0,0,,0.0,0.2707864046096802,0.17569258887516825,nan,nan,nan,nan,nan,nan,nan,nan,0.0,0.015026752837002277
432,284315,-111.64126974029475,17.470795303583145,240,0,0,0,0,0,0,,0.0,0.3516599237918854,0.07279498043159643,nan,nan,nan,nan,nan,nan,nan,nan,0.0,0.014744572341442108
433,284555,-88.50632453491978,29.478449672460556,240,0,0,0,0,0,0,,0.0,0.2744399309158325,0.12282687363525231,nan,nan,nan,nan,nan,nan,nan,nan,0.0,0.014787683263421059
434,284795,-77.82912655629238,24.062269553542137,240,0,0,0,0,0,0,,0.0,0.29386186599731445,0.10025945647309224,nan,nan,nan,nan,nan,nan,nan,nan,0.0,0.014820776879787445
435,284838,21.79185993841504,1.505300723016262,43,1,0,0,0,0,0,,0.0,0.3402441740036011,0.035006993558517725,nan,nan,nan,nan,nan,nan,nan,nan,0.0,0.014842729084193707
436,284880,11.338324425810098,11.454615116119385,42,1,0,0,0,0,0,,0.0,0.21755467355251312,0.2727289313361758,nan,nan,nan,nan,nan,nan,nan,nan,0.0,0.014833531342446804
437,284896,25.157709941128992,0.6087195370346308,16,1,0,0,0,0,0,,0.0,0.4223085343837738,0.03804497106466442,nan,nan,nan,nan,nan,nan,nan,nan,0.0,0.014811642467975616
438,284915,23.650461894562365,1.3569950554519892,19,1,0,0,0,0,0,,0.0,0.2114693522453308,0.07142079239220996,nan,nan,nan,nan,nan,nan,nan,nan,0.0,0.014787690714001656
439,285155,-81.83448296452424,66.2680427506566,240,0,0,0,0,0,0,,0.0,0.13872282207012177,0.2761168447944025,nan,nan,nan,nan,nan,nan,nan,nan,0.0,0.014660374261438847
440,285395,-60.05891194912486,15.949130114167929,240,0,0,0,0,0,0,,0.0,0.3134515583515167,0.06645470880903304,nan,nan,nan,nan,nan,nan,nan,nan,0.0,0.01491521019488573
441,285635,-57.09329094784004,7.88330752402544,240,0,0,0,0,0,0,,0.0,0.3233965337276459,0.03284711468343934,nan,nan,nan,nan,nan,nan,nan,nan,0.0,0.01478228997439146
442,285662,22.372774777670045,0.8401065412908792,27,1,0,0,0,0,0,,0.0,0.4568154215812683,0.03111505708484738,nan,nan,nan,nan,nan,nan,nan,nan,0.0,0.014669281430542469
443,285727,19.168764503204763,2.4099002089351416,65,1,0,0,0,0,0,,0.0,0.4793083667755127,0.037075387829771406,nan,nan,nan,nan,nan,nan,nan,nan,0.0,0.014535066671669483
444,285967,-40.16188417000009,22.389623638242483,240,0,0,0,0,0,0,,0.0,0.3065077066421509,0.09329009849267701,nan,nan,nan,nan,nan,nan,nan,nan,0.0,0.014212134294211864
445,286011,22.98689148086701,1.5286856554448605,44,1,0,0,0,0,0,,0.0,0.39096662402153015,0.034742855805565014,nan,nan,nan,nan,nan,nan,nan,nan,0.0,0.014163713902235031
446,286251,-30.36077047724849,12.622448470443487,240,0,0,0,0,0,0,,0.0,0.4028342068195343,0.05259353529351453,nan,nan,nan,nan,nan,nan,nan,nan,0.0,0.013940708711743355
447,286336,14.341809083930043,5.197101876139641,85,1,0,0,0,0,0,,0.0,0.37482982873916626,0.06114237501340754,nan,nan,nan,nan,nan,nan,nan,nan,0.0,0.01382312923669815
448,286576,-13.927367678139717,8.552005767822266,240,0,0,0,0,0,0,,0.0,0.3386664092540741,0.035633357365926106,nan,nan,nan,nan,nan,nan,nan,nan,0.0,0.014003795571625233
449,286816,-49.41651995063462,29.392806354910135,240,0,0,0,0,0,0,,0.0,0.2649643123149872,0.12247002647879222,nan,nan,nan,nan,nan,nan,nan,nan,0.0,0.014171874150633812
450,286842,20.286239878672955,4.5449029058218,26,1,0,0,0,0,0,,0.0,0.3529278039932251,0.17480395791622308,nan,nan,nan,nan,nan,nan,nan,nan,0.0,0.014203827828168869
451,287082,-37.454259022345404,12.339962307363749,240,0,0,0,0,0,0,,0.0,0.3856692612171173,0.05141650961401562,nan,nan,nan,nan,nan,nan,nan,nan,0.0,0.014224899932742119
452,287119,22.716795237461426,1.3693371415138245,37,1,0,0,0,0,0,,0.0,0.3323110342025757,0.037009111932806066,nan,nan,nan,nan,nan,nan,nan,nan,0.0,0.014193441718816757
453,287359,-36.41688351870988,18.602478086948395,240,0,0,0,0,0,0,,0.0,0.3490348160266876,0.07751032536228498,nan,nan,nan,nan,nan,nan,nan,nan,0.0,0.014071729965507984
454,287599,-62.983430001136604,31.41661873087287,240,0,0,0,0,0,0,,0.0,0.24069160223007202,0.1309025780453036,nan,nan,nan,nan,nan,nan,nan,nan,0.0,0.014144740998744965
455,287623,23.922011857563444,0.797251807525754,24,1,0,0,0,0,0,,0.0,0.3385012745857239,0.033218825313573085,nan,nan,nan,nan,nan,nan,nan,nan,0.0,0.014149106107652187
456,287643,23.762470427435336,0.5280839521437883,20,1,0,0,0,0,0,,0.0,0.5063477158546448,0.026404197607189418,nan,nan,nan,nan,nan,nan,nan,nan,0.0,0.014157346449792385
457,287883,-16.473413810081208,10.440884795039892,240,0,0,0,0,0,0,,0.0,0.14831186830997467,0.04350368664599955,nan,nan,nan,nan,nan,nan,nan,nan,0.0,0.014234019443392754
458,288123,-27.02207693568863,12.82284333743155,240,0,0,0,0,0,0,,0.0,0.37551867961883545,0.05342851390596479,nan,nan,nan,nan,nan,nan,nan,nan,0.0,0.014119323343038559
459,288206,15.388542754460488,7.300304014235735,83,1,0,0,0,0,0,,0.0,0.38546639680862427,0.08795547005103295,nan,nan,nan,nan,nan,nan,nan,nan,0.0,0.014177201315760612
460,288250,18.917931117569793,5.203826226294041,44,1,0,0,0,0,0,,0.0,0.3523963689804077,0.1182687778703191,nan,nan,nan,nan,nan,nan,nan,nan,0.0,0.014267411082983017
461,288490,-25.088253127270956,17.86249151825905,240,0,0,0,0,0,0,,0.0,0.3504084050655365,0.07442704799274603,nan,nan,nan,nan,nan,nan,nan,nan,0.0,0.014649667777121067
462,288730,-41.95308456447815,14.188398130238056,240,0,0,0,0,0,0,,0.0,0.32061338424682617,0.05911832554265857,nan,nan,nan,nan,nan,nan,nan,nan,0.0,0.014503116719424725
463,288970,-90.51356733198045,38.36055625975132,240,0,0,0,0,0,0,,0.0,0.20560134947299957,0.15983565108229716,nan,nan,nan,nan,nan,nan,nan,nan,0.0,0.014430655166506767
464,288974,20.41422090206726,0.11265372857451439,4,1,0,0,0,0,0,,0.0,0.5455445647239685,0.028163432143628597,nan,nan,nan,nan,nan,nan,nan,nan,0.0,0.014431646093726158
465,289214,-66.70667780307706,43.69954963773489,240,0,0,0,0,0,0,,0.0,0.14993323385715485,0.18208145682389537,nan,nan,nan,nan,nan,nan,nan,nan,0.0,0.014471311122179031
466,289224,21.71983920381951,1.389761745929718,10,1,0,0,0,0,0,,0.0,0.31816962361335754,0.1389761745929718,nan,nan,nan,nan,nan,nan,nan,nan,0.0,0.014469282701611519
467,289464,-230.31201791542938,65.81511284410954,240,0,0,0,0,0,0,,0.0,0.1258535087108612,0.27422963685045637,nan,nan,nan,nan,nan,nan,nan,nan,0.0,0.014448006637394428
468,289704,-24.235624661977976,15.127896945923567,240,0,0,0,0,0,0,,0.0,0.3993628919124603,0.0630329039413482,nan,nan,nan,nan,nan,nan,nan,nan,0.0,0.014490093104541302
469,289733,22.948625163063213,1.401331977918744,29,1,0,0,0,0,0,,0.0,0.2693931460380554,0.04832179234202566,nan,nan,nan,nan,nan,nan,nan,nan,0.0,0.014498145319521427
470,289973,-58.234542875765435,33.110729955136776,240,0,0,0,0,0,0,,0.0,0.2391480654478073,0.1379613748130699,nan,nan,nan,nan,nan,nan,nan,nan,0.0,0.014162997715175152
471,290213,-30.841456348930784,16.20882159471512,240,0,0,0,0,0,0,,0.0,0.3596729636192322,0.06753675664464633,nan,nan,nan,nan,nan,nan,nan,nan,0.0,0.014299347065389156
472,290453,-40.83752992625063,17.830921337008476,240,0,0,0,0,0,0,,0.0,0.33405038714408875,0.07429550557086866,nan,nan,nan,nan,nan,nan,nan,nan,0.0,0.01442795805633068
473,290486,20.014657997934815,3.1160053946077824,33,1,0,0,0,0,0,,0.0,0.2070147544145584,0.09442440589720552,nan,nan,nan,nan,nan,nan,nan,nan,0.0,0.014482584781944752
474,290496,21.57168830090831,1.681543093174696,10,1,0,0,0,0,0,,0.0,0.49224743247032166,0.1681543093174696,nan,nan,nan,nan,nan,nan,nan,nan,0.0,0.014507051557302475
475,290515,21.25809357712075,0.6588896103203297,19,1,0,0,0,0,0,,0.0,0.5240051746368408,0.034678400543175246,nan,nan,nan,nan,nan,nan,nan,nan,0.0,0.0145463477820158
476,290755,-21.79945403960506,11.09014282003045,240,0,0,0,0,0,0,,0.0,0.44329744577407837,0.04620892841679355,nan,nan,nan,nan,nan,nan,nan,nan,0.0,0.014788283035159111
477,290995,-55.393531255812086,46.20436057448387,240,0,0,0,0,0,0,,0.0,0.16682495176792145,0.19251816906034946,nan,nan,nan,nan,nan,nan,nan,nan,0.0,0.01452608685940504
478,291235,-14.568102471275273,8.590266762301326,240,0,0,0,0,0,0,,0.0,0.39195993542671204,0.03579277817625552,nan,nan,nan,nan,nan,nan,nan,nan,0.0,0.014463204890489578
479,291336,14.648222922531701,7.011639978736639,101,1,0,0,0,0,0,,0.0,0.3880893886089325,0.06942217800729346,nan,nan,nan,nan,nan,nan,nan,nan,0.0,0.014443116262555122
480,291470,13.121215118443274,7.230969753116369,134,1,0,0,0,0,0,,0.0,0.2111569046974182,0.05396246084415201,nan,nan,nan,nan,nan,nan,nan,nan,0.0,0.01442104671150446
481,291710,-30.033550854034388,15.580521799623966,240,0,0,0,0,0,0,,0.0,0.39070966839790344,0.06491884083176652,nan,nan,nan,nan,nan,nan,nan,nan,0.0,0.01448556873947382
482,291725,11.24694937985709,13.703397694975138,15,1,0,0,0,0,0,,0.2,0.09359472244977951,0.31355984633167583,nan,nan,nan,nan,nan,nan,nan,nan,0.0,0.014499451033771038
483,291965,-35.19778118425274,13.493904011324048,240,0,0,0,0,0,0,,0.0,0.4463731050491333,0.056224600047183534,nan,nan,nan,nan,nan,nan,nan,nan,0.0,0.014598282054066658
484,291989,22.068995132751212,2.0310127399861813,24,1,0,0,0,0,0,,0.0,0.48063963651657104,0.08462553083275755,nan,nan,nan,nan,nan,nan,nan,nan,0.0,0.01456376165151596
485,292025,23.67657405193659,1.3814223818480968,36,1,0,0,0,0,0,,0.0,0.45699450373649597,0.038372843940224916,nan,nan,nan,nan,nan,nan,nan,nan,0.0,0.014513036236166954
486,292265,-39.82306006456675,8.279637036845088,240,0,0,0,0,0,0,,0.0,0.3770724833011627,0.0344984876535212,nan,nan,nan,nan,nan,nan,nan,nan,0.0,0.014693181961774826
487,292284,21.503095139402543,1.6609141528606415,19,1,0,0,0,0,0,,0.0,0.2525918483734131,0.08741653436108639,nan,nan,nan,nan,nan,nan,nan,nan,0.0,0.014687122777104378
488,292296,21.87356872154318,0.5221919938921928,12,1,0,0,0,0,0,,0.0,0.4733433425426483,0.04351599949101607,nan,nan,nan,nan,nan,nan,nan,nan,0.0,0.014679336920380592
489,292536,-132.4856683585259,11.797722358256578,240,0,0,0,0,0,0,,0.0,0.33474215865135193,0.049157176492735745,nan,nan,nan,nan,nan,nan,nan,nan,0.0,0.0146231884136796
490,292545,21.19495901318208,0.9054673574864864,9,1,0,0,0,0,0,,0.0,0.5119885802268982,0.10060748416516516,nan,nan,nan,nan,nan,nan,nan,nan,0.0,0.014627539552748203
491,292589,21.701763765940704,1.4307948164641857,44,1,0,0,0,0,0,,0.0,0.38814035058021545,0.03251806401054968,nan,nan,nan,nan,nan,nan,nan,nan,0.0,0.014746821485459805
492,292829,-30.37982949886904,14.209634512662888,240,0,0,0,0,0,0,,0.0,0.37112244963645935,0.059206810469428696,nan,nan,nan,nan,nan,nan,nan,nan,0.0,0.014755677431821823
493,293069,-93.55182560258869,42.10443811863661,240,0,0,0,0,0,0,,0.0,0.14614510536193848,0.17543515882765254,nan,nan,nan,nan,nan,nan,nan,nan,0.0,0.014604332856833935
494,293093,21.069621383245384,1.1730451695621014,24,1,0,0,0,0,0,,0.0,0.44391727447509766,0.04887688206508756,nan,nan,nan,nan,nan,nan,nan,nan,0.0,0.014639032073318958
495,293333,-93.83739042216095,49.143486615270376,240,0,0,0,0,0,0,,0.0,0.2053288370370865,0.20476452756362656,nan,nan,nan,nan,nan,nan,nan,nan,0.0,0.01462230272591114
496,293355,20.170724378907305,1.9753894060850143,22,1,0,0,0,0,0,,0.0,0.3467439115047455,0.08979042754931883,nan,nan,nan,nan,nan,nan,nan,nan,0.0,0.0146408062428236
497,293410,20.228896041834307,4.201025813817978,55,1,0,0,0,0,0,,0.0,0.31556782126426697,0.07638228752396324,nan,nan,nan,nan,nan,nan,nan,nan,0.0,0.014535592868924141
498,293433,20.557770228760507,2.25900399684906,23,1,0,0,0,0,0,,0.0,0.39480945467948914,0.09821756508039392,nan,nan,nan,nan,nan,nan,nan,nan,0.0,0.014508573338389397
499,293673,-28.360196340109212,18.67059222050011,240,0,0,0,0,0,0,,0.0,0.34408777952194214,0.0777941342520838,nan,nan,nan,nan,nan,nan,nan,nan,0.0,0.014583740383386612
500,293913,-31.394031683055516,11.101210677996278,240,0,0,0,0,0,0,,0.0,0.452898770570755,0.04625504449165116,nan,nan,nan,nan,nan,nan,nan,nan,0.0,0.014555929228663445
501,293935,22.826903300931203,2.4559640996158123,22,1,0,0,0,0,0,,0.0,0.3795991837978363,0.11163473180071874,nan,nan,nan,nan,nan,nan,nan,nan,0.0,0.014591246843338013
502,293975,15.321930265758969,7.373685523867607,40,1,0,0,0,0,0,,0.0,0.2475833296775818,0.18434213809669017,nan,nan,nan,nan,nan,nan,nan,nan,0.0,0.014578755013644695
503,293988,24.14824520055667,1.0915970001369715,13,1,0,0,0,0,0,,0.0,0.25471141934394836,0.08396900001053627,nan,nan,nan,nan,nan,nan,nan,nan,0.0,0.014600537717342377
504,294048,16.492166056601572,3.6842530965805054,60,1,0,0,0,0,0,,0.0,0.45979994535446167,0.06140421827634176,nan,nan,nan,nan,nan,nan,nan,nan,0.0,0.014771207235753536
505,294288,-106.59035998105391,21.146375115960836,240,0,0,0,0,0,0,,0.0,0.3164205551147461,0.08810989631650348,nan,nan,nan,nan,nan,nan,nan,nan,0.0,0.014578094705939293
506,294303,20.382310569953702,2.4333471208810806,15,1,0,0,0,0,0,,0.0,0.3972330689430237,0.16222314139207203,nan,nan,nan,nan,nan,nan,nan,nan,0.0,0.01454564742743969
507,294543,-13.458503710857416,8.240945750847459,240,0,0,0,0,0,0,,0.0,0.5111593008041382,0.03433727396186441,nan,nan,nan,nan,nan,nan,nan,nan,0.0,0.014555049128830433
508,294678,15.950657324524373,4.6714184153825045,135,1,0,0,0,0,0,,0.0,0.32195931673049927,0.03460309937320374,nan,nan,nan,nan,nan,nan,nan,nan,0.0,0.014568088576197624
509,294699,23.778966213248424,0.6522981803864241,21,1,0,0,0,0,0,,0.0,0.38591834902763367,0.031061818113639242,nan,nan,nan,nan,nan,nan,nan,nan,0.0,0.014555499888956547
510,294727,22.81097495707681,2.2257166914641857,28,1,0,0,0,0,0,,0.0,0.424664705991745,0.07948988183800663,nan,nan,nan,nan,nan,nan,nan,nan,0.0,0.014482412487268448
511,294967,-59.65599949851844,25.464420709758997,240,0,0,0,0,0,0,,0.0,0.24397899210453033,0.10610175295732915,nan,nan,nan,nan,nan,nan,nan,nan,0.0,0.014303370378911495
512,295207,-44.923020402536466,20.598877124488354,240,0,0,0,0,0,0,,0.0,0.1974625438451767,0.08582865468536814,nan,nan,nan,nan,nan,nan,nan,nan,0.0,0.014238275587558746
513,295226,22.64700987481637,1.172962237149477,19,1,0,0,0,0,0,,0.0,0.3351994752883911,0.06173485458681458,nan,nan,nan,nan,nan,nan,nan,nan,0.0,0.0142543138936162
514,295236,21.712627854756697,0.6545310690999031,10,1,0,0,0,0,0,,0.0,0.4496728181838989,0.06545310690999032,nan,nan,nan,nan,nan,nan,nan,nan,0.0,0.014257706701755524
515,295476,-54.00531368784675,18.138096943497658,240,0,0,0,0,0,0,,0.0,0.31657570600509644,0.07557540393124024,nan,nan,nan,nan,nan,nan,nan,nan,0.0,0.014190971851348877
516,295557,17.807114844104156,3.3584537319839,81,1,0,0,0,0,0,,0.0,0.2694125175476074,0.041462391752887656,nan,nan,nan,nan,nan,nan,nan,nan,0.0,0.014184159226715565
517,295622,19.867396172973486,3.059861060231924,65,1,0,0,0,0,0,,0.0,0.24522662162780762,0.0470747855420296,nan,nan,nan,nan,nan,nan,nan,nan,0.0,0.014061695896089077
518,295644,20.558756182774353,0.9292028658092022,22,1,0,0,0,0,0,,0.0,0.4828752279281616,0.04223649390041828,nan,nan,nan,nan,nan,nan,nan,nan,0.0,0.014077561907470226
519,295679,20.87588011867634,1.8515476249158382,35,1,0,0,0,0,0,,0.0,0.48221275210380554,0.05290136071188109,nan,nan,nan,nan,nan,nan,nan,nan,0.0,0.014011597260832787
520,295690,23.391400747711348,0.47685452923178673,11,1,0,0,0,0,0,,0.0,0.4281955063343048,0.043350411748344246,nan,nan,nan,nan,nan,nan,nan,nan,0.0,0.014017919078469276
521,295930,-57.777676454478474,25.324320880696177,240,0,0,0,0,0,0,,0.0,0.20471243560314178,0.1055180036695674,nan,nan,nan,nan,nan,nan,nan,nan,0.0,0.014303943142294884
522,296170,-16.672393431477683,10.697056770324707,240,0,0,0,0,0,0,,0.0,0.277139812707901,0.044571069876352946,nan,nan,nan,nan,nan,nan,nan,nan,0.0,0.014383632689714432
523,296250,20.36830174909145,3.85901346988976,80,1,0,0,0,0,0,,0.0,0.3741511106491089,0.048237668373622,nan,nan,nan,nan,nan,nan,nan,nan,0.0,0.014464033767580986
524,296299,13.85899092948236,7.5264181941747665,49,1,0,0,0,0,0,,0.0,0.2695780396461487,0.15360037130968912,nan,nan,nan,nan,nan,nan,nan,nan,0.0,0.014495828188955784
525,296539,-75.03750348265396,18.072796642780304,240,0,0,0,0,0,0,,0.0,0.3145354688167572,0.07530331934491793,nan,nan,nan,nan,nan,nan,nan,nan,0.0,0.014556532725691795
526,296779,-75.45496989038601,9.244065260514617,240,0,0,0,0,0,0,,0.0,0.35346338152885437,0.03851693858547757,nan,nan,nan,nan,nan,nan,nan,nan,0.0,0.014232444576919079
527,297019,-60.18272747313743,34.83471128344536,240,0,0,0,0,0,0,,0.0,0.21053446829319,0.14514463034768899,nan,nan,nan,nan,nan,nan,nan,nan,0.0,0.014149349182844162
528,297232,-19.53516619800834,30.15116086602211,213,1,0,0,0,0,0,,0.0,0.22955374419689178,0.14155474584986907,nan,nan,nan,nan,nan,nan,nan,nan,0.0,0.014122305437922478
529,297472,-70.92645397532243,32.22536047920585,240,0,0,0,0,0,0,,0.0,0.24683384597301483,0.13427233533002436,nan,nan,nan,nan,nan,nan,nan,nan,0.0,0.01403000857681036
530,297712,-66.58489172365354,53.02614125609398,240,0,0,0,0,0,0,,0.0,0.21769888699054718,0.2209422552337249,nan,nan,nan,nan,nan,nan,nan,nan,0.0,0.014004096388816833
531,297726,23.637916024870954,0.6863806173205376,14,1,0,0,0,0,0,,0.0,0.4144197404384613,0.04902718695146697,nan,nan,nan,nan,nan,nan,nan,nan,0.0,0.013996545225381851
532,297966,-47.300763413978764,29.616461645811796,240,0,0,0,0,0,0,,0.0,0.24989716708660126,0.12340192352421582,nan,nan,nan,nan,nan,nan,nan,nan,0.0,0.013946319930255413
533,298000,21.019499424696576,3.541126061230898,34,1,0,0,0,0,0,,0.0,0.436002641916275,0.10415076650679111,nan,nan,nan,nan,nan,nan,nan,nan,0.0,0.013876251876354218
534,298240,-145.96811912211342,47.60014544427395,240,0,0,0,0,0,0,,0.0,0.18661688268184662,0.19833393935114146,nan,nan,nan,nan,nan,nan,nan,nan,0.0,0.013649225234985352
535,298248,20.32464399080032,0.5243571512401104,8,1,0,0,0,0,0,,0.0,0.44080981612205505,0.0655446439050138,nan,nan,nan,nan,nan,nan,nan,nan,0.0,0.013619993813335896
536,298488,-112.52143620468995,47.698552154004574,240,0,0,0,0,0,0,,0.0,0.13126279413700104,0.1987439673083524,nan,nan,nan,nan,nan,nan,nan,nan,0.0,0.013549271039664745
537,298629,6.501924603161553,10.86409791558981,141,1,0,0,0,0,0,,0.0,0.36057594418525696,0.07705033982687808,nan,nan,nan,nan,nan,nan,nan,nan,0.0,0.013501744717359543
538,298664,18.495317873682033,5.345015741884708,35,1,0,0,0,0,0,,0.0,0.3771757185459137,0.15271473548242023,nan,nan,nan,nan,nan,nan,nan,nan,0.0,0.013513248413801193
539,298689,23.177429521485124,1.3854138739407063,25,1,0,0,0,0,0,,0.0,0.3034713566303253,0.05541655495762825,nan,nan,nan,nan,nan,nan,nan,nan,0.0,0.013500039465725422
540,298712,18.819575487534422,3.9330147951841354,23,1,0,0,0,0,0,,0.0,0.2985588014125824,0.17100064326887546,nan,nan,nan,nan,nan,nan,nan,nan,0.0,0.013492071069777012
541,298952,-165.90453852965058,86.59582933783531,240,0,0,0,0,0,0,,0.0375,0.1175583228468895,0.2483159555743138,nan,nan,nan,nan,nan,nan,nan,nan,0.0,0.01322831679135561
542,298967,22.366314013189648,1.0322885885834694,15,1,0,0,0,0,0,,0.0,0.29779061675071716,0.06881923923889796,nan,nan,nan,nan,nan,nan,nan,nan,0.0,0.013251902535557747
543,298983,22.024414353440086,1.1870358139276505,16,1,0,0,0,0,0,,0.0,0.3595539629459381,0.07418973837047815,nan,nan,nan,nan,nan,nan,nan,nan,0.0,0.01326505932956934
544,299001,22.644735446612696,0.3769742753356695,18,1,0,0,0,0,0,,0.0,0.6119506359100342,0.020943015296426084,nan,nan,nan,nan,nan,nan,nan,nan,0.0,0.013277526944875717
545,299015,23.680281974602906,1.2038138583302498,14,1,0,0,0,0,0,,0.0,0.24502581357955933,0.08598670416644641,nan,nan,nan,nan,nan,nan,nan,nan,0.0,0.013295005075633526
546,299032,21.33918919529282,1.4891337491571903,17,1,0,0,0,0,0,,0.0,0.3101845383644104,0.08759610289159943,nan,nan,nan,nan,nan,nan,nan,nan,0.0,0.013302196748554707
547,299272,-39.47388708894581,18.108678553253412,240,0,0,0,0,0,0,,0.0,0.2916235625743866,0.07545282730522256,nan,nan,nan,nan,nan,nan,nan,nan,0.0,0.013267015106976032
548,299512,-66.66276847112599,35.45376153290272,240,0,0,0,0,0,0,,0.0,0.2627256214618683,0.14772400638709465,nan,nan,nan,nan,nan,nan,nan,nan,0.0,0.01332330983132124
549,299752,-29.541789423544405,24.84009212628007,240,0,0,0,0,0,0,,0.0,0.23764663934707642,0.10350038385950029,nan,nan,nan,nan,nan,nan,nan,nan,0.0,0.013413202948868275
550,299992,-72.76183286862755,62.55907866358757,240,0,0,0,0,0,0,,0.0,0.15082862973213196,0.2606628277649482,nan,nan,nan,nan,nan,nan,nan,nan,0.0,0.013332009315490723
551,300232,-16.785671062953337,15.507408492267132,240,0,0,0,0,0,0,,0.0,0.38963425159454346,0.06461420205111305,nan,nan,nan,nan,nan,nan,nan,nan,0.0,0.013213659636676311
552,300243,21.674897327250903,1.0840689949691296,11,1,0,0,0,0,0,,0.0,0.4761548340320587,0.09855172681537541,nan,nan,nan,nan,nan,nan,nan,nan,0.0,0.013219696469604969
553,300309,18.099125351935136,4.137866124510765,66,1,0,0,0,0,0,,0.0,0.298850953578949,0.06269494128046614,nan,nan,nan,nan,nan,nan,nan,nan,0.0,0.013168327510356903
554,300549,-43.556066834165726,24.239677242934704,240,0,0,0,0,0,0,,0.0,0.2673780024051666,0.1009986551788946,nan,nan,nan,nan,nan,nan,nan,nan,0.0,0.013303852640092373
555,300624,20.621005154818,2.8069005515426397,75,1,0,0,0,0,0,,0.0,0.2610843777656555,0.037425340687235194,nan,nan,nan,nan,nan,nan,nan,nan,0.0,0.013302037492394447
556,300864,-89.8363244009519,52.841641549021006,240,0,0,0,0,0,0,,0.0,0.19216199219226837,0.22017350645425418,nan,nan,nan,nan,nan,nan,nan,nan,0.0,0.013305755332112312
557,301104,-89.36495061263096,51.15077468752861,240,0,0,0,0,0,0,,0.0,0.1917886584997177,0.21312822786470254,nan,nan,nan,nan,nan,nan,nan,nan,0.0,0.013215442188084126
558,301344,-58.01092025025662,18.48084680363536,240,0,0,0,0,0,0,,0.0,0.3150393068790436,0.07700352834848066,nan,nan,nan,nan,nan,nan,nan,nan,0.0,0.013233931735157967
559,301584,-99.13564318284826,73.65357974916697,240,0,0,0,0,0,0,,0.0,0.16674558818340302,0.306889915621529,nan,nan,nan,nan,nan,nan,nan,nan,0.0,0.013322439976036549
560,301824,-80.69889047095347,54.05929759144783,240,0,0,0,0,0,0,,0.0,0.19166651368141174,0.2252470732976993,nan,nan,nan,nan,nan,nan,nan,nan,0.0,0.013399496674537659
561,301848,21.515955335013746,0.8867374155670404,24,1,0,0,0,0,0,,0.0,0.40839436650276184,0.03694739231529335,nan,nan,nan,nan,nan,nan,nan,nan,0.0,0.013419069349765778
562,301871,22.76766152104217,0.7391335628926754,23,1,0,0,0,0,0,,0.0,0.44459983706474304,0.03213624186489893,nan,nan,nan,nan,nan,nan,nan,nan,0.0,0.01342639047652483
563,301892,20.88313971556994,0.624097703024745,21,1,0,0,0,0,0,,0.0,0.5407766103744507,0.02971893823927357,nan,nan,nan,nan,nan,nan,nan,nan,0.0,0.013466259464621544
564,301934,16.806092610713396,4.352663546800613,42,1,0,0,0,0,0,,0.0,0.34165507555007935,0.10363484635239556,nan,nan,nan,nan,nan,nan,nan,nan,0.0,0.013407089747488499
565,302174,-20.233916247253962,8.442522248253226,240,0,0,0,0,0,0,,0.0,0.24619123339653015,0.03517717603438844,nan,nan,nan,nan,nan,nan,nan,nan,0.0,0.013049767352640629
566,302414,-125.75296546480978,56.46415367722511,240,0,0,0,0,0,0,,0.0,0.13816116750240326,0.23526730698843798,nan,nan,nan,nan,nan,nan,nan,nan,0.0,0.012953110970556736
567,302654,-120.6623860405997,35.85268987715244,240,0,0,0,0,0,0,,0.0,0.13461560010910034,0.14938620782146853,nan,nan,nan,nan,nan,nan,nan,nan,0.0,0.013010071590542793
568,302894,-132.13236955971666,55.568343207240105,240,0,0,0,0,0,0,,0.0,0.18141935765743256,0.23153476336350043,nan,nan,nan,nan,nan,nan,nan,nan,0.0,0.013108615763485432
569,302898,20.677981710624408,0.3865368515253067,4,1,0,0,0,0,0,,0.0,0.3255213797092438,0.09663421288132668,nan,nan,nan,nan,nan,nan,nan,nan,0.0,0.013108872808516026
570,303138,-35.97647192831767,17.41972817108035,240,0,0,0,0,0,0,,0.0,0.34758415818214417,0.07258220071283479,nan,nan,nan,nan,nan,nan,nan,nan,0.0,0.01304742880165577
571,303378,-42.729558006407814,21.255545446649194,240,0,0,0,0,0,0,,0.0,0.30857107043266296,0.08856477269437164,nan,nan,nan,nan,nan,nan,nan,nan,0.0,0.01282825879752636
572,303407,21.80365788509829,2.8556075394153595,29,1,0,0,0,0,0,,0.0,0.22658447921276093,0.09846922549708136,nan,nan,nan,nan,nan,nan,nan,nan,0.0,0.012837468646466732
573,303436,22.094471284187513,1.1644070651382208,29,1,0,0,0,0,0,,0.0,0.5646323561668396,0.04015196776338693,nan,nan,nan,nan,nan,nan,nan,nan,0.0,0.012852614745497704
574,303466,21.166959155481294,1.4011508412659168,30,1,0,0,0,0,0,,0.0,0.5179225206375122,0.04670502804219723,nan,nan,nan,nan,nan,nan,nan,nan,0.0,0.012876434251666069
575,303497,23.238746546748835,1.9392449799925089,31,1,0,0,0,0,0,,0.0,0.24224166572093964,0.0625562896771777,nan,nan,nan,nan,nan,nan,nan,nan,0.0,0.012869865633547306
576,303737,-124.01253498181246,59.546982899308205,240,0,0,0,0,0,0,,0.0,0.1393868625164032,0.24811242874711753,nan,nan,nan,nan,nan,nan,nan,nan,0.0,0.013038255274295807
577,303789,20.5745740915417,2.5140271708369255,52,1,0,0,0,0,0,,0.0,0.4688374400138855,0.04834667636224857,nan,nan,nan,nan,nan,nan,nan,nan,0.0,0.013043701648712158
578,304029,-42.88941242486369,24.727928299456835,240,0,0,0,0,0,0,,0.0,0.31033891439437866,0.10303303458107015,nan,nan,nan,nan,nan,nan,nan,nan,0.0,0.012883068062365055
579,304061,21.260524584451456,1.9052924290299416,32,1,0,0,0,0,0,,0.0,0.2888002097606659,0.059540388407185674,nan,nan,nan,nan,nan,nan,nan,nan,0.0,0.012921476736664772
580,304070,22.39662318151618,0.6937979385256767,9,1,0,0,0,0,0,,0.0,0.3996700942516327,0.0770886598361863,nan,nan,nan,nan,nan,nan,nan,nan,0.0,0.012905159033834934
581,304106,20.313486566302217,1.8274395279586315,36,1,0,0,0,0,0,,0.0,0.45228689908981323,0.05076220910996199,nan,nan,nan,nan,nan,nan,nan,nan,0.0,0.012873309664428234
582,304118,23.38936946990694,1.0318415611982346,12,1,0,0,0,0,0,,0.0,0.5627152323722839,0.08598679676651955,nan,nan,nan,nan,nan,nan,nan,nan,0.0,0.012862461619079113
583,304358,-18.371007729227713,11.390887206420302,240,0,0,0,0,0,0,,0.0,0.45889195799827576,0.04746203002675126,nan,nan,nan,nan,nan,nan,nan,nan,0.0,0.012832357548177242
584,304598,-95.98328408735034,65.5130065381527,240,0,0,0,0,0,0,,0.0,0.16703052818775177,0.27297086057563624,nan,nan,nan,nan,nan,nan,nan,nan,0.0,0.01268304418772459
585,304624,23.007048083149648,1.526275735348463,26,1,0,0,0,0,0,,0.0,0.3568020761013031,0.05870291289801781,nan,nan,nan,nan,nan,nan,nan,nan,0.0,0.012682034634053707
586,304649,21.499104773111128,3.4582991413772106,25,1,0,0,0,0,0,,0.0,0.42772528529167175,0.13833196565508843,nan,nan,nan,nan,nan,nan,nan,nan,0.0,0.012662474066019058
587,304714,17.908973589773176,4.589118782430887,65,1,0,0,0,0,0,,0.0,0.38477623462677,0.07060182742201365,nan,nan,nan,nan,nan,nan,nan,nan,0.0,0.012652183882892132
588,304954,-69.7203858275545,59.46220602095127,240,0,0,0,0,0,0,,0.0,0.1817842423915863,0.24775919175396363,nan,nan,nan,nan,nan,nan,nan,nan,0.0,0.012714076787233353
589,304961,20.27324892130549,1.267814964056015,7,1,0,0,0,0,0,,0.0,0.32997021079063416,0.18111642343657358,nan,nan,nan,nan,nan,nan,nan,nan,0.0,0.012703228741884232
590,304976,22.78143161261154,0.5985240861773491,15,1,0,0,0,0,0,,0.0,0.46913856267929077,0.0399016057451566,nan,nan,nan,nan,nan,nan,nan,nan,0.0,0.012674471363425255
591,305005,20.323820917218026,3.913445845246315,29,1,0,0,0,0,0,,0.0,0.3737308382987976,0.13494640845676947,nan,nan,nan,nan,nan,nan,nan,nan,0.0,0.012588497251272202
592,305245,-38.61908797025972,23.32423508539796,240,0,0,0,0,0,0,,0.0,0.2511676847934723,0.09718431285582482,nan,nan,nan,nan,nan,nan,nan,nan,0.0,0.01251254789531231
593,305447,-2.381554086952889,19.833093903958797,202,1,0,0,0,0,0,,0.0,0.2608024775981903,0.09818363318791484,nan,nan,nan,nan,nan,nan,nan,nan,0.0,0.012415711767971516
594,305687,-63.93163706690022,18.015135399997234,240,0,0,0,0,0,0,,0.0,0.34022900462150574,0.07506306416665515,nan,nan,nan,nan,nan,nan,nan,nan,0.0,0.012495685368776321
595,305927,-38.896290601726676,28.06017343327403,240,0,0,0,0,0,0,,0.0,0.26507368683815,0.11691738930530846,nan,nan,nan,nan,nan,nan,nan,nan,0.0,0.012649022974073887
596,306025,15.233776328936049,6.132181838154793,98,1,0,0,0,0,0,,0.0,0.39636746048927307,0.062573284062804,nan,nan,nan,nan,nan,nan,nan,nan,0.0,0.012580491602420807
597,306265,-66.98967045792229,23.074056442826986,240,0,0,0,0,0,0,,0.0,0.27692174911499023,0.09614190184511244,nan,nan,nan,nan,nan,nan,nan,nan,0.0,0.012827720493078232
598,306505,-12.731691622493496,8.744968753308058,240,0,0,0,0,0,0,,0.0,0.46035638451576233,0.03643736980545024,nan,nan,nan,nan,nan,nan,nan,nan,0.0,0.0129504119977355
599,306723,-0.3082939727070588,10.286561280488968,218,1,0,0,0,0,0,,0.0,0.472159743309021,0.047186060919674165,nan,nan,nan,nan,nan,nan,nan,nan,0.0,0.012721923179924488
600,306734,21.970891993517625,0.2507072128355503,11,1,0,0,0,0,0,,0.0,0.547919750213623,0.022791564803231846,nan,nan,nan,nan,nan,nan,nan,nan,0.0,0.012686902657151222
601,306753,24.200049430654186,0.6226574834436178,19,1,0,0,0,0,0,,0.0,0.39581742882728577,0.032771446497032515,nan,nan,nan,nan,nan,nan,nan,nan,0.0,0.012652811594307423
602,306792,20.985521641716378,1.4556392505764961,39,1,0,0,0,0,0,,0.0,0.5331200957298279,0.03732408334811529,nan,nan,nan,nan,nan,nan,nan,nan,0.0,0.012683981098234653
603,307032,-94.45855896844971,69.13431183993816,240,0,0,0,0,0,0,,0.0,0.15243351459503174,0.288059632666409,nan,nan,nan,nan,nan,nan,nan,nan,0.0,0.012681417167186737
604,307064,21.161264980508037,1.661010641604662,32,1,0,0,0,0,0,,0.0,0.4422149658203125,0.051906582550145686,nan,nan,nan,nan,nan,nan,nan,nan,0.0,0.012728155590593815
605,307304,-83.22766350249555,11.056021155789495,240,0,0,0,0,0,0,,0.0,0.34648585319519043,0.04606675481578956,nan,nan,nan,nan,nan,nan,nan,nan,0.0,0.012760234996676445
606,307334,21.54859389339288,3.535403184592724,30,1,0,0,0,0,0,,0.0,0.42065098881721497,0.11784677281975746,nan,nan,nan,nan,nan,nan,nan,nan,0.0,0.012705955654382706
607,307341,21.61667151086466,0.4741412103176117,7,1,0,0,0,0,0,,0.0,0.3392265737056732,0.06773445861680168,nan,nan,nan,nan,nan,nan,nan,nan,0.0,0.012703986838459969
608,307410,8.86251313758238,11.653871782124043,69,1,0,0,0,0,0,,0.0,0.19832351803779602,0.16889669249455133,nan,nan,nan,nan,nan,nan,nan,nan,0.0,0.01268842164427042
609,307440,22.471766018219594,1.2155751083046198,30,1,0,0,0,0,0,,0.0,0.561370849609375,0.04051917027682066,nan,nan,nan,nan,nan,nan,nan,nan,0.0,0.012680673971772194
610,307625,14.881794835585515,6.721912762150168,185,1,0,0,0,0,0,,0.0,0.36754971742630005,0.0363346635791901,nan,nan,nan,nan,nan,nan,nan,nan,0.0,0.012726783752441406
611,307658,18.82846426339145,3.941665183752775,33,1,0,0,0,0,0,,0.0,0.41944175958633423,0.11944439950765985,nan,nan,nan,nan,nan,nan,nan,nan,0.0,0.012695829384028912
612,307691,19.877974934369956,4.258635476231575,33,1,0,0,0,0,0,,0.0,0.33336755633354187,0.1290495598858053,nan,nan,nan,nan,nan,nan,nan,nan,0.0,0.012728501111268997
613,307697,21.131607331887523,0.3784594424068928,6,1,0,0,0,0,0,,0.0,0.3773958086967468,0.06307657373448212,nan,nan,nan,nan,nan,nan,nan,nan,0.0,0.012735883705317974
614,307726,16.60564202733604,3.9914494678378105,29,1,0,0,0,0,0,,0.0,0.29845428466796875,0.1376361885461314,nan,nan,nan,nan,nan,nan,nan,nan,0.0,0.01279030367732048
615,307744,23.599587672526674,1.746675681322813,18,1,0,0,0,0,0,,0.0,0.2674601376056671,0.0970375378512674,nan,nan,nan,nan,nan,nan,nan,nan,0.0,0.012833741493523121
616,307788,22.60688365843468,2.0707082860171795,44,1,0,0,0,0,0,,0.0,0.441867858171463,0.047061551954935894,nan,nan,nan,nan,nan,nan,nan,nan,0.0,0.012830369174480438
617,308028,-68.85040135607073,55.19721508771181,240,0,0,0,0,0,0,,0.0,0.1931615024805069,0.2299883961987992,nan,nan,nan,nan,nan,nan,nan,nan,0.0,0.01289338618516922
618,308268,-130.42189016908185,14.603041814640164,240,0,0,0,0,0,0,,0.0,0.37189754843711853,0.060846007561000684,nan,nan,nan,nan,nan,nan,nan,nan,0.0,0.013027193024754524
619,308340,21.169440389338252,1.8267106860876083,72,1,0,0,0,0,0,,0.0,0.4420448839664459,0.025370981751216784,nan,nan,nan,nan,nan,nan,nan,nan,0.0,0.012981770560145378
620,308372,22.43385756769571,1.3672968670725822,32,1,0,0,0,0,0,,0.0,0.2786339819431305,0.042728027096018195,nan,nan,nan,nan,nan,nan,nan,nan,0.0,0.0129470843821764
621,308612,-33.00548897627131,6.425233639776707,240,0,0,0,0,0,0,,0.0,0.29321715235710144,0.026771806832402944,nan,nan,nan,nan,nan,nan,nan,nan,0.0,0.012676677666604519
622,308623,21.115414174458756,0.7946361005306244,11,1,0,0,0,0,0,,0.0,0.5002334117889404,0.07223964550278404,nan,nan,nan,nan,nan,nan,nan,nan,0.0,0.012669582851231098
623,308630,21.425872728793497,1.0318936854600906,7,1,0,0,0,0,0,,0.0,0.24483393132686615,0.1474133836371558,nan,nan,nan,nan,nan,nan,nan,nan,0.0,0.012662825174629688
624,308691,7.9735942211504245,10.100889444351196,61,1,0,0,0,0,0,,0.0,0.23405179381370544,0.16558835154674093,nan,nan,nan,nan,nan,nan,nan,nan,0.0,0.012647105380892754
625,308724,22.38657266542042,1.7037955187261105,33,1,0,0,0,0,0,,0.0,0.29988980293273926,0.05163016723412456,nan,nan,nan,nan,nan,nan,nan,nan,0.0,0.012680546380579472
626,308964,-81.0439930991915,51.737806275486946,240,0,0,0,0,0,0,,0.0,0.16996993124485016,0.21557419281452894,nan,nan,nan,nan,nan,nan,nan,nan,0.0,0.012479959055781364
627,309016,20.468688233010866,1.795784967020154,52,1,0,0,0,0,0,,0.0,0.4851464033126831,0.034534326288849115,nan,nan,nan,nan,nan,nan,nan,nan,0.0,0.0123954638838768
628,309022,20.57071654073935,0.31134550645947456,6,1,0,0,0,0,0,,0.0,0.42490214109420776,0.05189091774324576,nan,nan,nan,nan,nan,nan,nan,nan,0.0,0.012394134886562824
629,309069,22.86439954932966,1.6487887036055326,47,1,0,0,0,0,0,,0.0,0.38751617074012756,0.03508061071501133,nan,nan,nan,nan,nan,nan,nan,nan,0.0,0.012353475205600262
630,309309,-71.04813456980877,46.28032739460468,240,0,0,0,0,0,0,,0.0,0.18358512222766876,0.19283469747751952,nan,nan,nan,nan,nan,nan,nan,nan,0.0,0.012449954636394978
631,309549,-75.01966180064629,30.919001150876284,240,0,0,0,0,0,0,,0.0,0.2206621617078781,0.12882917146198453,nan,nan,nan,nan,nan,nan,nan,nan,0.0,0.012538887560367584
632,309789,-200.128148010523,12.671059025451541,240,0,0,0,0,0,0,,0.0,0.4369317889213562,0.052796079272714756,nan,nan,nan,nan,nan,nan,nan,nan,0.0,0.012479780241847038
633,309813,22.106771253328443,2.523560032248497,24,1,0,0,0,0,0,,0.0,0.21211932599544525,0.10514833467702071,nan,nan,nan,nan,nan,nan,nan,nan,0.0,0.012490931898355484
634,309870,22.08360278302879,1.9016839005053043,57,1,0,0,0,0,0,,0.0,0.3556998372077942,0.03336287544746148,nan,nan,nan,nan,nan,nan,nan,nan,0.0,0.012459646910429
635,310024,16.949535140859293,4.3858904875814915,154,1,0,0,0,0,0,,0.0,0.4560612142086029,0.028479808360918776,nan,nan,nan,nan,nan,nan,nan,nan,0.0,0.012460264377295971
636,310031,21.77348489945468,0.4837520383298397,7,1,0,0,0,0,0,,0.0,0.5335724949836731,0.06910743404711996,nan,nan,nan,nan,nan,nan,nan,nan,0.0,0.012444885447621346
637,310271,-64.86234412063284,26.668907325714827,240,0,0,0,0,0,0,,0.0,0.21819229423999786,0.11112044719047845,nan,nan,nan,nan,nan,nan,nan,nan,0.0,0.012248779647052288
638,310511,-58.71766452520031,42.22346339374781,240,0,0,0,0,0,0,,0.0,0.20787931978702545,0.1759310974739492,nan,nan,nan,nan,nan,nan,nan,nan,0.0,0.012267659418284893
639,310751,-63.2905455029485,35.61884008720517,240,0,0,0,0,0,0,,0.0,0.2519068717956543,0.14841183369668823,nan,nan,nan,nan,nan,nan,nan,nan,0.0,0.012335862964391708
640,310782,22.31001279154499,1.2224210612475872,31,1,0,0,0,0,0,,0.0,0.29390326142311096,0.03943293745959959,nan,nan,nan,nan,nan,nan,nan,nan,0.0,0.012366035021841526
641,310829,20.596211088095405,2.3476929385215044,47,1,0,0,0,0,0,,0.0,0.25088003277778625,0.04995091358556392,nan,nan,nan,nan,nan,nan,nan,nan,0.0,0.012420408427715302
642,311069,-122.41032477665368,55.209625627845526,240,0,0,0,0,0,0,,0.0,0.146725594997406,0.23004010678268969,nan,nan,nan,nan,nan,nan,nan,nan,0.0,0.012526296079158783
643,311104,21.094108620803762,1.894469354301691,35,1,0,0,0,0,0,,0.0,0.3780560791492462,0.054127695837191174,nan,nan,nan,nan,nan,nan,nan,nan,0.0,0.012591726146638393
644,311344,-24.662092365055056,12.506561471149325,240,0,0,0,0,0,0,,0.0,0.28681132197380066,0.05211067279645552,nan,nan,nan,nan,nan,nan,nan,nan,0.0,0.012440288439393044
645,311365,25.327441344380485,0.6487311571836472,21,1,0,0,0,0,0,,0.0,0.504037082195282,0.03089195986588796,nan,nan,nan,nan,nan,nan,nan,nan,0.0,0.012433349154889584
646,311605,-47.93523744249244,34.08375538140535,240,0,0,0,0,0,0,,0.0,0.2376093864440918,0.14201564742252232,nan,nan,nan,nan,nan,nan,nan,nan,0.0,0.012414628639817238
647,311615,23.299169398588464,0.3429587632417679,10,1,0,0,0,0,0,,0.0,0.48188018798828125,0.034295876324176786,nan,nan,nan,nan,nan,nan,nan,nan,0.0,0.012405545450747013
648,311659,16.64219764429817,7.894769608974457,44,1,0,0,0,0,0,,0.0,0.25418561697006226,0.17942658202214676,nan,nan,nan,nan,nan,nan,nan,nan,0.0,0.012332663871347904
649,311677,23.22160843136226,1.1731396615505219,18,1,0,0,0,0,0,,0.0,0.4359113276004791,0.06517442564169566,nan,nan,nan,nan,nan,nan,nan,nan,0.0,0.012329494580626488
650,311691,23.85561866368444,0.31990948878228664,14,1,0,0,0,0,0,,0.0,0.6158350706100464,0.022850677770163332,nan,nan,nan,nan,nan,nan,nan,nan,0.0,0.012351937592029572
651,311697,21.92994134452211,0.5531147792935371,6,1,0,0,0,0,0,,0.0,0.3071593940258026,0.09218579654892285,nan,nan,nan,nan,nan,nan,nan,nan,0.0,0.012357440777122974
652,311709,19.83386905247413,2.743095025420189,12,1,0,0,0,0,0,,0.0,0.2635705769062042,0.22859125211834908,nan,nan,nan,nan,nan,nan,nan,nan,0.0,0.012372457422316074
653,311726,22.06047145674447,0.5323884803801775,17,1,0,0,0,0,0,,0.0,0.5007718801498413,0.03131696943412809,nan,nan,nan,nan,nan,nan,nan,nan,0.0,0.012410313822329044
654,311966,-202.3143360707883,184.00356636196375,240,0,0,0,0,0,0,,0.15833333333333333,0.05791596695780754,0.2916815265081823,nan,nan,nan,nan,nan,nan,nan,nan,0.0,0.012412249110639095
655,312206,-66.4160895450904,44.59066319465637,240,0,0,0,0,0,0,,0.0,0.22364996373653412,0.18579442997773488,nan,nan,nan,nan,nan,nan,nan,nan,0.0,0.012429443188011646
656,312230,22.978620242286116,1.4719356801360846,24,1,0,0,0,0,0,,0.0,0.23037606477737427,0.061330653339003526,nan,nan,nan,nan,nan,nan,nan,nan,0.0,0.01242009922862053
657,312470,-57.00113001929913,39.53563205897808,240,0,0,0,0,0,0,,0.0,0.1866292655467987,0.164731800245742,nan,nan,nan,nan,nan,nan,nan,nan,0.0,0.01248825155198574
658,312710,-59.67500977837353,20.378923028707504,240,0,0,0,0,0,0,,0.0,0.3182747960090637,0.08491217928628127,nan,nan,nan,nan,nan,nan,nan,nan,0.0,0.012205501087009907
659,312729,22.634509442526046,0.5666739773005247,19,1,0,0,0,0,0,,0.0,0.48333939909935,0.029824946173711828,nan,nan,nan,nan,nan,nan,nan,nan,0.0,0.012153731659054756
660,312797,17.61081021262316,4.393261298537254,68,1,0,0,0,0,0,,0.0,0.29364368319511414,0.06460678380201845,nan,nan,nan,nan,nan,nan,nan,nan,0.0,0.01205726433545351
661,312910,12.67336982986499,7.701694406569004,113,1,0,0,0,0,0,,0.0,0.3532129228115082,0.06815658766875225,nan,nan,nan,nan,nan,nan,nan,nan,0.0,0.011939441785216331
662,312933,23.956982092058524,2.180604215711355,23,1,0,0,0,0,0,,0.0,0.37752825021743774,0.09480887894397197,nan,nan,nan,nan,nan,nan,nan,nan,0.0,0.012001694180071354
663,313173,-82.9731931283122,56.24031798541546,240,0,0,0,0,0,0,,0.0,0.15796349942684174,0.23433465827256442,nan,nan,nan,nan,nan,nan,nan,nan,0.0,0.012205163016915321
664,313185,20.54141307275667,1.2387671321630478,12,1,0,0,0,0,0,,0.0,0.2622758150100708,0.10323059434692065,nan,nan,nan,nan,nan,nan,nan,nan,0.0,0.012225707992911339
665,313217,14.909307264455098,7.229475274682045,32,1,0,0,0,0,0,,0.0,0.22365409135818481,0.2259211023338139,nan,nan,nan,nan,nan,nan,nan,nan,0.0,0.012247600592672825
666,313244,18.035853654828763,6.460143715143204,27,1,0,0,0,0,0,,0.0,0.13623644411563873,0.23926458204234088,nan,nan,nan,nan,nan,nan,nan,nan,0.0,0.012267214246094227
667,313484,-18.107041744146468,9.01996649429202,240,0,0,0,0,0,0,,0.0,0.456171452999115,0.037583193726216754,nan,nan,nan,nan,nan,nan,nan,nan,0.0,0.012244551442563534
668,313490,21.03284858991425,1.0232390761375427,6,1,0,0,0,0,0,,0.0,0.2273225337266922,0.1705398460229238,nan,nan,nan,nan,nan,nan,nan,nan,0.0,0.012239712290465832
669,313519,20.093271048692092,4.476363897323608,29,1,0,0,0,0,0,,0.0,0.3747536242008209,0.1543573757697796,nan,nan,nan,nan,nan,nan,nan,nan,0.0,0.012176877819001675
670,313535,22.4968911221618,2.141788311302662,16,1,0,0,0,0,0,,0.0,0.19795092940330505,0.13386176945641637,nan,nan,nan,nan,nan,nan,nan,nan,0.0,0.012152091600000858
671,313775,-117.77526145149987,23.74304300919175,240,0,0,0,0,0,0,,0.0,0.2297002524137497,0.0989293458716323,nan,nan,nan,nan,nan,nan,nan,nan,0.0,0.012129954062402248
672,313790,21.17762966668318,0.6840597279369831,15,1,0,0,0,0,0,,0.0,0.4130684435367584,0.04560398186246554,nan,nan,nan,nan,nan,nan,nan,nan,0.0,0.012150782160460949
673,313813,21.44488888369793,2.1757333911955357,23,1,0,0,0,0,0,,0.0,0.49474450945854187,0.09459710396502329,nan,nan,nan,nan,nan,nan,nan,nan,0.0,0.01218467764556408
674,314053,-64.58415767944678,38.707502238452435,240,0,0,0,0,0,0,,0.0,0.2111101746559143,0.16128125932688514,nan,nan,nan,nan,nan,nan,nan,nan,0.0,0.012316050939261913
675,314293,-129.99917841187064,35.12509938329458,240,0,0,0,0,0,0,,0.0,0.17621725797653198,0.14635458076372743,nan,nan,nan,nan,nan,nan,nan,nan,0.0,0.012518169358372688
676,314325,21.53723893316024,2.495332255959511,32,1,0,0,0,0,0,,0.0,0.2716047465801239,0.07797913299873471,nan,nan,nan,nan,nan,nan,nan,nan,0.0,0.012501185759902
677,314565,-45.112700769705775,39.921366699039936,240,0,0,0,0,0,0,,0.0,0.2498655915260315,0.1663390279126664,nan,nan,nan,nan,nan,nan,nan,nan,0.0,0.012337927706539631
678,314580,23.7735523603258,1.6685783863067627,15,1,0,0,0,0,0,,0.0,0.18316978216171265,0.11123855908711751,nan,nan,nan,nan,nan,nan,nan,nan,0.0,0.012349870055913925
679,314820,-34.27935838751639,23.313238944858313,240,0,0,0,0,0,0,,0.0,0.2715483009815216,0.0971384956035763,nan,nan,nan,nan,nan,nan,nan,nan,0.0,0.012325444258749485
680,315060,-66.5036857302246,55.7409997805953,240,0,0,0,0,0,0,,0.0,0.16760091483592987,0.23225416575248042,nan,nan,nan,nan,nan,nan,nan,nan,0.0,0.01221686601638794
681,315085,20.58111413440298,0.790510967373848,25,1,0,0,0,0,0,,0.0,0.550157904624939,0.03162043869495392,nan,nan,nan,nan,nan,nan,nan,nan,0.0,0.012173347175121307
682,315325,-72.62617334953947,51.96126748621464,240,0,0,0,0,0,0,,0.0,0.19240836799144745,0.216505281192561,nan,nan,nan,nan,nan,nan,nan,nan,0.0,0.01207620557397604
683,315333,21.959258905551312,0.9421130046248436,8,1,0,0,0,0,0,,0.0,0.2512395679950714,0.11776412557810545,nan,nan,nan,nan,nan,nan,nan,nan,0.0,0.01207883283495903
684,315573,-47.19156536300003,31.58211363106966,240,0,0,0,0,0,0,,0.0,0.24419160187244415,0.1315921401294569,nan,nan,nan,nan,nan,nan,nan,nan,0.0,0.012063763104379177
685,315813,-40.43280522945683,12.075503140687943,240,0,0,0,0,0,0,,0.0,0.26426687836647034,0.05031459641953309,nan,nan,nan,nan,nan,nan,nan,nan,0.0,0.012063947506248951
686,315845,17.468926257611884,6.7247296422719955,32,1,0,0,0,0,0,,0.0,0.29124486446380615,0.21014780132099986,nan,nan,nan,nan,nan,nan,nan,nan,0.0,0.012113734148442745
687,315859,21.146790542623616,2.150197796523571,14,1,0,0,0,0,0,,0.0,0.27714666724205017,0.1535855568945408,nan,nan,nan,nan,nan,nan,nan,nan,0.0,0.012131885625422001
688,315871,22.920114792289198,0.6814096197485924,12,1,0,0,0,0,0,,0.0,0.6126598715782166,0.05678413497904936,nan,nan,nan,nan,nan,nan,nan,nan,0.0,0.012157157994806767
689,315905,20.49319747316373,2.953238785266876,34,1,0,0,0,0,0,,0.0,0.34965282678604126,0.08685996427255518,nan,nan,nan,nan,nan,nan,nan,nan,0.0,0.012164237909018993
690,315916,21.14261329009642,0.9624984972178936,11,1,0,0,0,0,0,,0.0,0.4908331334590912,0.08749986338344487,nan,nan,nan,nan,nan,nan,nan,nan,0.0,0.012156844139099121
691,315976,20.50841949840566,2.211075160652399,60,1,0,0,0,0,0,,0.0,0.49402618408203125,0.03685125267753998,nan,nan,nan,nan,nan,nan,nan,nan,0.0,0.012145111337304115
692,315989,20.702130309186337,2.8126264065504074,13,1,0,0,0,0,0,,0.0,0.278071790933609,0.21635587742695442,nan,nan,nan,nan,nan,nan,nan,nan,0.0,0.012146183289587498
693,316007,23.252842298807817,0.4695442244410515,18,1,0,0,0,0,0,,0.0,0.5012525916099548,0.026085790246725082,nan,nan,nan,nan,nan,nan,nan,nan,0.0,0.012134738266468048
694,316032,22.449396601350326,1.7435814589262009,25,1,0,0,0,0,0,,0.0,0.32596272230148315,0.06974325835704803,nan,nan,nan,nan,nan,nan,nan,nan,0.0,0.012135721743106842
695,316272,-54.617115741880106,30.43207012861967,240,0,0,0,0,0,0,,0.0,0.1701737940311432,0.12680029220258196,nan,nan,nan,nan,nan,nan,nan,nan,0.0,0.012236082926392555
696,316282,21.432926467551983,1.6366199254989624,10,1,0,0,0,0,0,,0.0,0.20568661391735077,0.16366199254989625,nan,nan,nan,nan,nan,nan,nan,nan,0.0,0.012235697358846664
697,316316,18.451278681916968,4.796186693012714,34,1,0,0,0,0,0,,0.0,0.2850172221660614,0.14106431450037396,nan,nan,nan,nan,nan,nan,nan,nan,0.0,0.012225141748785973
698,316556,-29.04452179619729,22.66403966024518,240,0,0,0,0,0,0,,0.0,0.3285675048828125,0.09443349858435492,nan,nan,nan,nan,nan,nan,nan,nan,0.0,0.012101339176297188
699,316573,19.7461634948406,3.803856983780861,17,1,0,0,0,0,0,,0.0,0.14377868175506592,0.22375629316358006,nan,nan,nan,nan,nan,nan,nan,nan,0.0,0.012106838636100292
700,316592,22.74083792723182,2.3701185658574104,19,1,0,0,0,0,0,,0.0,0.20116354525089264,0.12474308241354792,nan,nan,nan,nan,nan,nan,nan,nan,0.0,0.012097664177417755
701,316832,-68.37175561999605,41.6837638951838,240,0,0,0,0,0,0,,0.0,0.19956688582897186,0.17368234956326584,nan,nan,nan,nan,nan,nan,nan,nan,0.0,0.01188666932284832
702,316856,23.545740961929493,0.9439787287265062,24,1,0,0,0,0,0,,0.0,0.32307732105255127,0.03933244703027109,nan,nan,nan,nan,nan,nan,nan,nan,0.0,0.011918685398995876
703,316889,20.201951087314043,2.5730012636631727,33,1,0,0,0,0,0,,0.0,0.21215437352657318,0.07796973526252038,nan,nan,nan,nan,nan,nan,nan,nan,0.0,0.011960581876337528
704,316950,19.47606034773156,2.1916860975325108,61,1,0,0,0,0,0,,0.0,0.357060968875885,0.03592928028741821,nan,nan,nan,nan,nan,nan,nan,nan,0.0,0.011942869052290916
705,317021,17.29364430772632,4.474493321031332,71,1,0,0,0,0,0,,0.0,0.37449437379837036,0.06302103269058214,nan,nan,nan,nan,nan,nan,nan,nan,0.0,0.011936003342270851
706,317261,-34.32830497747223,30.998204365372658,240,0,0,0,0,0,0,,0.0,0.29328790307044983,0.1291591848557194,nan,nan,nan,nan,nan,nan,nan,nan,0.0,0.012054401449859142
707,317270,22.176290513005576,0.4035932905972004,9,1,0,0,0,0,0,,0.0,0.4168095290660858,0.04484369895524449,nan,nan,nan,nan,nan,nan,nan,nan,0.0,0.012072901241481304
708,317291,24.3194025748791,0.5997063647955656,21,1,0,0,0,0,0,,0.0,0.43544021248817444,0.028557445942645983,nan,nan,nan,nan,nan,nan,nan,nan,0.0,0.012092127464711666
709,317308,21.498719718738958,2.843611091375351,17,1,0,0,0,0,0,,0.0,0.3534599244594574,0.1672712406691383,nan,nan,nan,nan,nan,nan,nan,nan,0.0,0.012118547223508358
710,317548,-71.45667914996078,46.667190462350845,240,0,0,0,0,0,0,,0.0,0.2005230188369751,0.19444662692646186,nan,nan,nan,nan,nan,nan,nan,nan,0.0,0.012065782211720943
711,317788,-60.188956951574745,39.148493841290474,240,0,0,0,0,0,0,,0.0,0.19762924313545227,0.1631187243387103,nan,nan,nan,nan,nan,nan,nan,nan,0.0,0.011847884394228458
712,317798,22.101751115629472,0.9060370847582817,10,1,0,0,0,0,0,,0.0,0.6028527021408081,0.09060370847582817,nan,nan,nan,nan,nan,nan,nan,nan,0.0,0.01184380054473877
713,318038,-25.2306937881451,10.553525088354945,240,0,0,0,0,0,0,,0.0,0.41327106952667236,0.04397302120147894,nan,nan,nan,nan,nan,nan,nan,nan,0.0,0.011786829680204391
714,318278,-68.35740379956978,60.48042819276452,240,0,0,0,0,0,0,,0.0,0.13320603966712952,0.25200178413651886,nan,nan,nan,nan,nan,nan,nan,nan,0.0,0.011773510836064816
715,318518,-102.3884940768558,18.79586228169501,240,0,0,0,0,0,0,,0.0,0.26746195554733276,0.07831609284039587,nan,nan,nan,nan,nan,nan,nan,nan,0.0,0.011853398755192757
716,318540,25.36201714955612,0.7837744560092688,22,1,0,0,0,0,0,,0.0,0.3830462396144867,0.035626111636784946,nan,nan,nan,nan,nan,nan,nan,nan,0.0,0.011851731687784195
717,318588,20.848944286077113,2.9350015446543694,48,1,0,0,0,0,0,,0.0,0.46079233288764954,0.06114586551363269,nan,nan,nan,nan,nan,nan,nan,nan,0.0,0.011843675747513771
718,318602,22.842377624347122,0.6403929889202118,14,1,0,0,0,0,0,,0.0,0.3529822826385498,0.0457423563514437,nan,nan,nan,nan,nan,nan,nan,nan,0.0,0.011821056716144085
719,318621,21.265964581492693,1.1740480586886406,19,1,0,0,0,0,0,,0.0,0.3336498439311981,0.06179200308887582,nan,nan,nan,nan,nan,nan,nan,nan,0.0,0.011811765842139721
720,318638,21.143035485470605,1.1601869873702526,17,1,0,0,0,0,0,,0.0,0.4432195723056793,0.06824629337472074,nan,nan,nan,nan,nan,nan,nan,nan,0.0,0.011819247156381607
721,318878,-133.6169986337763,51.83544241823256,240,0,0,0,0,0,0,,0.0,0.1680709570646286,0.215981010075969,nan,nan,nan,nan,nan,nan,nan,nan,0.0,0.012035327032208443
722,319118,-39.06063267059126,31.951382361352444,240,0,0,0,0,0,0,,0.0,0.25703343749046326,0.13313075983896852,nan,nan,nan,nan,nan,nan,nan,nan,0.0,0.011944259516894817
723,319125,23.415564979877196,0.30388907715678215,7,1,0,0,0,0,0,,0.0,0.4264400899410248,0.04341272530811174,nan,nan,nan,nan,nan,nan,nan,nan,0.0,0.011950508691370487
724,319365,-37.078175063916255,10.968312004581094,240,0,0,0,0,0,0,,0.0,0.364312082529068,0.04570130001908789,nan,nan,nan,nan,nan,nan,nan,nan,0.0,0.012058177962899208
725,319605,-63.84617937524851,28.45355690456927,240,0,0,0,0,0,0,,0.0,0.2656342387199402,0.11855648710237195,nan,nan,nan,nan,nan,nan,nan,nan,0.0,0.012220659293234348
726,319845,-129.33016896684802,46.73331371322274,240,0,0,0,0,0,0,,0.0,0.16835729777812958,0.19472214047176142,nan,nan,nan,nan,nan,nan,nan,nan,0.0,0.012183643877506256
727,319889,21.936020980059368,2.212065726518631,44,1,0,0,0,0,0,,0.0,0.2935103476047516,0.050274221057241615,nan,nan,nan,nan,nan,nan,nan,nan,0.0,0.01222904771566391
728,319902,24.412763298012223,0.5867425613105297,13,1,0,0,0,0,0,,0.0,0.374747633934021,0.045134043177733056,nan,nan,nan,nan,nan,nan,nan,nan,0.0,0.01223314180970192
729,319917,22.094705524787415,1.2972695119678974,15,1,0,0,0,0,0,,0.0,0.49694934487342834,0.08648463413119316,nan,nan,nan,nan,nan,nan,nan,nan,0.0,0.012227468192577362
730,320157,-28.01688352957352,10.89236044511199,240,0,0,0,0,0,0,,0.0,0.3033961355686188,0.04538483518796663,nan,nan,nan,nan,nan,nan,nan,nan,0.0,0.012198657728731632
731,320167,22.815223178295717,0.34894063510000706,10,1,0,0,0,0,0,,0.0,0.5156798362731934,0.034894063510000704,nan,nan,nan,nan,nan,nan,nan,nan,0.0,0.012194186449050903
732,320205,22.451931480945646,1.4097183346748352,38,1,0,0,0,0,0,,0.0,0.32302194833755493,0.037097850912495664,nan,nan,nan,nan,nan,nan,nan,nan,0.0,0.012154762633144855
733,320218,23.157565665814083,1.477204591035843,13,1,0,0,0,0,0,,0.0,0.2623978555202484,0.11363112238737252,nan,nan,nan,nan,nan,nan,nan,nan,0.0,0.01216696947813034
734,320238,19.489877889683196,6.039892248809338,20,1,0,0,0,0,0,,0.0,0.21968640387058258,0.3019946124404669,nan,nan,nan,nan,nan,nan,nan,nan,0.0,0.012191901914775372
735,320257,19.647803720449918,2.316684104502201,19,1,0,0,0,0,0,,0.0,0.34480464458465576,0.12193074234222111,nan,nan,nan,nan,nan,nan,nan,nan,0.0,0.012212906032800674
736,320281,21.349358012812406,0.9687301497906446,24,1,0,0,0,0,0,,0.0,0.5036145448684692,0.04036375624127686,nan,nan,nan,nan,nan,nan,nan,nan,0.0,0.01222388818860054
737,320320,19.715361823623077,2.2027789540588856,39,1,0,0,0,0,0,,0.0,0.4136279225349426,0.05648151164253553,nan,nan,nan,nan,nan,nan,nan,nan,0.0,0.012214123271405697
738,320560,-23.288698379126313,7.47520899400115,240,0,0,0,0,0,0,,0.0,0.5307913422584534,0.03114670414167146,nan,nan,nan,nan,nan,nan,nan,nan,0.0,0.012152131646871567
739,320800,-154.2440040049753,106.93441981077194,240,0,0,0,0,0,0,,0.0375,0.11261700838804245,0.3330600825448831,nan,nan,nan,nan,nan,nan,nan,nan,0.0,0.012330894358456135
740,321040,-89.5527144765134,69.77440111339092,240,0,0,0,0,0,0,,0.0,0.1444203406572342,0.2907266713057955,nan,nan,nan,nan,nan,nan,nan,nan,0.0,0.012236322276294231
741,321049,23.024894006989058,1.0706332102417946,9,1,0,0,0,0,0,,0.0,0.2546106278896332,0.11895924558242162,nan,nan,nan,nan,nan,nan,nan,nan,0.0,0.012235895730555058
742,321068,23.28158979221944,2.057528391480446,19,1,0,0,0,0,0,,0.0,0.4716428220272064,0.10829096797265504,nan,nan,nan,nan,nan,nan,nan,nan,0.0,0.012223347090184689
743,321099,14.07230354445835,9.65636058151722,31,1,0,0,0,0,0,,0.0,0.19138352572917938,0.31149550262958775,nan,nan,nan,nan,nan,nan,nan,nan,0.0,0.012251688167452812
744,321114,23.37109859699361,1.4379340894520283,15,1,0,0,0,0,0,,0.0,0.22720032930374146,0.09586227263013522,nan,nan,nan,nan,nan,nan,nan,nan,0.0,0.012272370047867298
745,321354,-92.36653302087345,52.14504863321781,240,0,0,0,0,0,0,,0.0,0.19890105724334717,0.21727103597174088,nan,nan,nan,nan,nan,nan,nan,nan,0.0,0.01224388089030981
746,321366,19.272745205838614,1.944614939391613,12,1,0,0,0,0,0,,0.0,0.28465360403060913,0.1620512449493011,nan,nan,nan,nan,nan,nan,nan,nan,0.0,0.012245088815689087
747,321372,22.01068863247955,0.3585507422685623,6,1,0,0,0,0,0,,0.0,0.3782650828361511,0.059758457044760384,nan,nan,nan,nan,nan,nan,nan,nan,0.0,0.012248002924025059
748,321385,22.594425787451137,1.4796752147376537,13,1,0,0,0,0,0,,0.0,0.39215636253356934,0.1138211703644349,nan,nan,nan,nan,nan,nan,nan,nan,0.0,0.012250321917235851
749,321396,25.44863954487908,0.2593609597533941,11,1,0,0,0,0,0,,0.0,0.5415121912956238,0.023578269068490375,nan,nan,nan,nan,nan,nan,nan,nan,0.0,0.012241994962096214
750,321404,21.379071259193775,0.6818873062729836,8,1,0,0,0,0,0,,0.0,0.3300861120223999,0.08523591328412294,nan,nan,nan,nan,nan,nan,nan,nan,0.0,0.0122338542714715
751,321407,20.35353756627194,0.14695360511541367,3,1,0,0,0,0,0,,0.0,0.514941930770874,0.04898453503847122,nan,nan,nan,nan,nan,nan,nan,nan,0.0,0.012231019325554371
752,321647,-36.52918378242879,30.459965653717518,240,0,0,0,0,0,0,,0.0,0.2712063491344452,0.12691652355715632,nan,nan,nan,nan,nan,nan,nan,nan,0.0,0.012360433116555214
753,321887,-47.401060470364044,12.262935426086187,240,0,0,0,0,0,0,,0.0,0.3617323935031891,0.051095564275359114,nan,nan,nan,nan,nan,nan,nan,nan,0.0,0.012439914047718048
754,322127,-134.40068594426478,98.26250253617764,240,0,0,0,0,0,0,,0.0,0.13092546164989471,0.40942709390074017,nan,nan,nan,nan,nan,nan,nan,nan,0.0,0.01250160951167345
755,322147,23.1290154470924,0.5728576239198446,20,1,0,0,0,0,0,,0.0,0.4811232388019562,0.02864288119599223,nan,nan,nan,nan,nan,nan,nan,nan,0.0,0.012508848682045937
756,322163,21.260810785141654,3.338875502347946,16,1,0,0,0,0,0,,0.0,0.32348230481147766,0.20867971889674664,nan,nan,nan,nan,nan,nan,nan,nan,0.0,0.012500369921326637
757,322190,24.021120021779712,2.1525978930294514,27,1,0,0,0,0,0,,0.0,0.4363600015640259,0.07972584788997968,nan,nan,nan,nan,nan,nan,nan,nan,0.0,0.012485327199101448
758,322209,22.01693958241553,2.14466131106019,19,1,0,0,0,0,0,,0.0,0.37264716625213623,0.11287691110843107,nan,nan,nan,nan,nan,nan,nan,nan,0.0,0.012486119754612446
759,322227,23.542122603035043,0.8590307272970676,18,1,0,0,0,0,0,,0.0,0.6179673075675964,0.047723929294281535,nan,nan,nan,nan,nan,nan,nan,nan,0.0,0.012484750710427761
760,322243,24.36325966359426,0.5684087090194225,16,1,0,0,0,0,0,,0.0,0.4814748764038086,0.03552554431371391,nan,nan,nan,nan,nan,nan,nan,nan,0.0,0.012492015026509762
761,322483,-15.77035484838633,10.12054001353681,240,0,0,0,0,0,0,,0.0,0.23537462949752808,0.04216891672307004,nan,nan,nan,nan,nan,nan,nan,nan,0.0,0.01228654570877552
762,322493,23.019638451274027,1.929908737540245,10,1,0,0,0,0,0,,0.0,0.19247496128082275,0.19299087375402452,nan,nan,nan,nan,nan,nan,nan,nan,0.0,0.012257455848157406
763,322510,25.04850398976827,0.7337043453007936,17,1,0,0,0,0,0,,0.0,0.5297719836235046,0.043159079135340804,nan,nan,nan,nan,nan,nan,nan,nan,0.0,0.012226185761392117
764,322530,22.89138383141517,1.4979547560214996,20,1,0,0,0,0,0,,0.0,0.3754459619522095,0.07489773780107498,nan,nan,nan,nan,nan,nan,nan,nan,0.0,0.012197588570415974
765,322546,24.898172088929343,1.326135478913784,16,1,0,0,0,0,0,,0.0,0.3889731764793396,0.0828834674321115,nan,nan,nan,nan,nan,nan,nan,nan,0.0,0.012177759781479836
766,322564,23.497322154102683,0.6309699676930904,18,1,0,0,0,0,0,,0.0,0.4875667691230774,0.03505388709406058,nan,nan,nan,nan,nan,nan,nan,nan,0.0,0.012149224057793617
767,322576,23.806866846375904,1.33140579611063,12,1,0,0,0,0,0,,0.0,0.3535270094871521,0.11095048300921917,nan,nan,nan,nan,nan,nan,nan,nan,0.0,0.01214633323252201
768,322588,22.536762787552956,1.0717904828488827,12,1,0,0,0,0,0,,0.0,0.2471611499786377,0.08931587357074022,nan,nan,nan,nan,nan,nan,nan,nan,0.0,0.012164742685854435
769,322828,-54.804058595664,21.68122748658061,240,0,0,0,0,0,0,,0.0,0.290502667427063,0.09033844786075254,nan,nan,nan,nan,nan,nan,nan,nan,0.0,0.012243126519024372
770,323068,-43.94550377642628,21.71718543767929,240,0,0,0,0,0,0,,0.008333333333333333,0.10413048416376114,0.06548827265699704,nan,nan,nan,nan,nan,nan,nan,nan,0.0,0.012303759343922138
771,323308,-41.67295419696007,28.322517447173595,240,0,0,0,0,0,0,,0.0,0.24330636858940125,0.11801048936322331,nan,nan,nan,nan,nan,nan,nan,nan,0.0,0.012295612134039402
772,323328,20.585102576599983,3.6851665005087852,20,1,0,0,0,0,0,,0.0,0.2772740423679352,0.18425832502543926,nan,nan,nan,nan,nan,nan,nan,nan,0.0,0.01228636410087347
773,323422,15.100146101772586,6.540624164044857,94,1,0,0,0,0,0,,0.0,0.34724390506744385,0.06958110812813678,nan,nan,nan,nan,nan,nan,nan,nan,0.0,0.01212436705827713
774,323449,20.747719421817756,2.459196776151657,27,1,0,0,0,0,0,,0.0,0.41534730792045593,0.091081362079691,nan,nan,nan,nan,nan,nan,nan,nan,0.0,0.012113185599446297
775,323500,19.2590723079667,3.558820329606533,51,1,0,0,0,0,0,,0.0,0.22258360683918,0.06978079077659868,nan,nan,nan,nan,nan,nan,nan,nan,0.0,0.012179351411759853
776,323518,24.248685890135334,0.5351714324206114,18,1,0,0,0,0,0,,0.0,0.41372808814048767,0.02973174624558952,nan,nan,nan,nan,nan,nan,nan,nan,0.0,0.012180942110717297
777,323758,-26.5681401654064,20.20846500620246,240,0,0,0,0,0,0,,0.0,0.3385069966316223,0.08420193752584358,nan,nan,nan,nan,nan,nan,nan,nan,0.0,0.012301987037062645
778,323771,24.068406446536525,0.5859754905104637,13,1,0,0,0,0,0,,0.0,0.42872047424316406,0.04507503773157413,nan,nan,nan,nan,nan,nan,nan,nan,0.0,0.012309503741562366
779,323794,21.33162000559174,2.6657464914023876,23,1,0,0,0,0,0,,0.0,0.3779582977294922,0.1159020213653212,nan,nan,nan,nan,nan,nan,nan,nan,0.0,0.01232440397143364
780,324034,-68.49420797087019,42.44961542636156,240,0,0,0,0,0,0,,0.0,0.22292396426200867,0.17687339760983983,nan,nan,nan,nan,nan,nan,nan,nan,0.0,0.012363038957118988
781,324060,21.86910542503173,1.706500444561243,26,1,0,0,0,0,0,,0.0,0.25098055601119995,0.06563463248312473,nan,nan,nan,nan,nan,nan,nan,nan,0.0,0.012378853745758533
782,324075,19.369640179192693,1.2974896654486656,15,1,0,0,0,0,0,,0.0,0.36716124415397644,0.08649931102991104,nan,nan,nan,nan,nan,nan,nan,nan,0.0,0.01240572240203619
783,324315,-59.85712815907434,39.01869333535433,240,0,0,0,0,0,0,,0.0,0.22510887682437897,0.1625778888973097,nan,nan,nan,nan,nan,nan,nan,nan,0.0,0.012424317188560963
784,324555,-57.71492572701392,20.0193408485502,240,0,0,0,0,0,0,,0.0,0.26107093691825867,0.0834139202022925,nan,nan,nan,nan,nan,nan,nan,nan,0.0,0.012290512211620808
785,324573,22.432494382975968,0.8088376447558403,18,1,0,0,0,0,0,,0.0,0.3782464265823364,0.044935424708657794,nan,nan,nan,nan,nan,nan,nan,nan,0.0,0.012255743145942688
786,324653,19.032593280386273,4.357516530901194,80,1,0,0,0,0,0,,0.0,0.4446878731250763,0.05446895663626492,nan,nan,nan,nan,nan,nan,nan,nan,0.0,0.01226475927978754
787,324663,22.4086423278247,1.0339706130325794,10,1,0,0,0,0,0,,0.0,0.25289446115493774,0.10339706130325794,nan,nan,nan,nan,nan,nan,nan,nan,0.0,0.01227194257080555
788,324903,-55.86123719728091,22.330122716724873,240,0,0,0,0,0,0,,0.0,0.32053011655807495,0.09304217798635364,nan,nan,nan,nan,nan,nan,nan,nan,0.0,0.01222817413508892
789,324917,22.486072281780217,0.9744412377476692,14,1,0,0,0,0,0,,0.0,0.30591270327568054,0.06960294555340495,nan,nan,nan,nan,nan,nan,nan,nan,0.0,0.01221314538270235
790,324937,21.940373115708887,0.901409424841404,20,1,0,0,0,0,0,,0.0,0.451829195022583,0.0450704712420702,nan,nan,nan,nan,nan,nan,nan,nan,0.0,0.012206792831420898
791,324954,18.329371566556166,4.684394925832748,17,1,0,0,0,0,0,,0.0,0.23749403655529022,0.275552642696044,nan,nan,nan,nan,nan,nan,nan,nan,0.0,0.012227368541061878
792,324969,23.625837869514115,0.7844194918870926,15,1,0,0,0,0,0,,0.0,0.39800214767456055,0.05229463279247284,nan,nan,nan,nan,nan,nan,nan,nan,0.0,0.012229887768626213
793,324981,23.885591527395054,0.6060458794236183,12,1,0,0,0,0,0,,0.0,0.38441553711891174,0.05050382328530153,nan,nan,nan,nan,nan,nan,nan,nan,0.0,0.012239794246852398
794,324999,25.093488198925257,0.7218372039496899,18,1,0,0,0,0,0,,0.0,0.432718425989151,0.040102066886093884,nan,nan,nan,nan,nan,nan,nan,nan,0.0,0.01224562618881464
795,325239,-92.42481608543143,41.640956196933985,240,0,0,0,0,0,0,,0.0,0.19766540825366974,0.1735039841538916,nan,nan,nan,nan,nan,nan,nan,nan,0.0,0.012251325882971287
796,325479,-50.783060981779,37.21073626726866,240,0,0,0,0,0,0,,0.0,0.24677447974681854,0.15504473444695274,nan,nan,nan,nan,nan,nan,nan,nan,0.0,0.01220510434359312
797,325499,20.32341708990598,2.12840785831213,20,1,0,0,0,0,0,,0.0,0.40915223956108093,0.1064203929156065,nan,nan,nan,nan,nan,nan,nan,nan,0.0,0.012193110771477222
798,325516,23.178933505338197,1.6140775196254253,17,1,0,0,0,0,0,,0.0,0.20204180479049683,0.09494573644855443,nan,nan,nan,nan,nan,nan,nan,nan,0.0,0.012183497659862041
799,325520,21.003047286100855,0.27589740976691246,4,1,0,0,0,0,0,,0.0,0.36075201630592346,0.06897435244172812,nan,nan,nan,nan,nan,nan,nan,nan,0.0,0.012181069701910019
800,325545,21.07571143278752,1.4439658299088478,25,1,0,0,0,0,0,,0.0,0.5678167343139648,0.05775863319635391,nan,nan,nan,nan,nan,nan,nan,nan,0.0,0.012189401313662529
801,325551,21.626795353381926,0.25078997388482094,6,1,0,0,0,0,0,,0.0,0.4590919613838196,0.04179832898080349,nan,nan,nan,nan,nan,nan,nan,nan,0.0,0.012191034853458405
802,325561,24.358774167030788,0.8196173794567585,10,1,0,0,0,0,0,,0.0,0.2832094430923462,0.08196173794567585,nan,nan,nan,nan,nan,nan,nan,nan,0.0,0.012193616479635239
803,325568,21.985355794995744,0.6025424227118492,7,1,0,0,0,0,0,,0.0,0.3168174624443054,0.0860774889588356,nan,nan,nan,nan,nan,nan,nan,nan,0.0,0.012192558497190475
804,325591,21.81762366802748,0.7141708005219698,23,1,0,0,0,0,0,,0.0,0.5345600247383118,0.031050904370520428,nan,nan,nan,nan,nan,nan,nan,nan,0.0,0.0121505968272686
805,325618,22.27446560977868,3.0162703692913055,27,1,0,0,0,0,0,,0.0,0.15160176157951355,0.11171371738115947,nan,nan,nan,nan,nan,nan,nan,nan,0.0,0.012111573480069637
806,325785,12.227103239496873,8.007756205275655,167,1,0,0,0,0,0,,0.0,0.43782010674476624,0.04795063595973446,nan,nan,nan,nan,nan,nan,nan,nan,0.0,0.012039748020470142
807,326025,-30.290319381202274,21.047411881387234,240,0,0,0,0,0,0,,0.0,0.24714595079421997,0.08769754950578014,nan,nan,nan,nan,nan,nan,nan,nan,0.0,0.012093338184058666
808,326032,20.79922186124254,0.5587005466222763,7,1,0,0,0,0,0,,0.0,0.4779379367828369,0.07981436380318233,nan,nan,nan,nan,nan,nan,nan,nan,0.0,0.012088038958609104
809,326039,21.885391587718562,0.999236099421978,7,1,0,0,0,0,0,,0.0,0.3674876391887665,0.1427480142031397,nan,nan,nan,nan,nan,nan,nan,nan,0.0,0.012082807719707489
810,326051,23.520951675083246,1.3015261851251125,12,1,0,0,0,0,0,,0.0,0.23408979177474976,0.10846051542709272,nan,nan,nan,nan,nan,nan,nan,nan,0.0,0.012047391384840012
811,326291,-104.76264660038319,54.54887554049492,240,0,0,0,0,0,0,,0.0,0.14880284667015076,0.22728698141872883,nan,nan,nan,nan,nan,nan,nan,nan,0.0,0.011962436139583588
812,326323,19.345638795921094,5.6167758628726006,32,1,0,0,0,0,0,,0.0,0.3200037181377411,0.17552424571476877,nan,nan,nan,nan,nan,nan,nan,nan,0.0,0.011898430995643139
813,326324,19.93045424028543,0.13489097356796265,1,1,0,0,0,0,0,,0.0,0.29129910469055176,0.13489097356796265,nan,nan,nan,nan,nan,nan,nan,nan,0.0,0.011897534132003784
814,326339,23.070745453074498,1.5856194496154785,15,1,0,0,0,0,0,,0.0,0.2043449580669403,0.10570796330769856,nan,nan,nan,nan,nan,nan,nan,nan,0.0,0.011883540078997612
815,326579,-42.97900608611313,33.62245749309659,240,0,0,0,0,0,0,,0.0,0.23463483154773712,0.14009357288790245,nan,nan,nan,nan,nan,nan,nan,nan,0.0,0.01156108919531107
816,326598,23.01028086161125,1.642556395381689,19,1,0,0,0,0,0,,0.0,0.2944769561290741,0.08645033659903627,nan,nan,nan,nan,nan,nan,nan,nan,0.0,0.011529621668159962
817,326615,24.220067755197267,0.6634494923055172,17,1,0,0,0,0,0,,0.0,0.416041761636734,0.03902644072385395,nan,nan,nan,nan,nan,nan,nan,nan,0.0,0.01151339802891016
818,326855,-47.854396806607866,27.994842994958162,240,0,0,0,0,0,0,,0.0,0.1984979659318924,0.11664517914565901,nan,nan,nan,nan,nan,nan,nan,nan,0.0,0.011383045464754105
819,327095,-108.94390601885068,69.33512610197067,240,0,0,0,0,0,0,,0.0,0.1551000028848648,0.2888963587582111,nan,nan,nan,nan,nan,nan,nan,nan,0.0,0.01148776151239872
820,327335,-48.41872863765698,30.817354440689087,240,0,0,0,0,0,0,,0.0,0.23334090411663055,0.1284056435028712,nan,nan,nan,nan,nan,nan,nan,nan,0.0,0.011424405500292778
821,327357,21.17323964298031,3.1956272907555103,22,1,0,0,0,0,0,,0.0,0.14246466755867004,0.14525578594343228,nan,nan,nan,nan,nan,nan,nan,nan,0.0,0.011379707604646683
822,327372,23.8636203827584,0.836847884580493,15,1,0,0,0,0,0,,0.0,0.29869890213012695,0.05578985897203286,nan,nan,nan,nan,nan,nan,nan,nan,0.0,0.011370991356670856
823,327428,20.54066006604466,2.8022605404257774,56,1,0,0,0,0,0,,0.0,0.4239550828933716,0.050040366793317456,nan,nan,nan,nan,nan,nan,nan,nan,0.0,0.011388572864234447
824,327444,23.955665357805973,1.586386077105999,16,1,0,0,0,0,0,,0.0,0.254365473985672,0.09914912981912494,nan,nan,nan,nan,nan,nan,nan,nan,0.0,0.01140954252332449
825,327454,23.694645266541354,0.2501670513302088,10,1,0,0,0,0,0,,0.0,0.5721768140792847,0.02501670513302088,nan,nan,nan,nan,nan,nan,nan,nan,0.0,0.011416306719183922
826,327694,-96.58325557086577,52.77110955864191,240,0,0,0,0,0,0,,0.0,0.20103541016578674,0.21987962316100795,nan,nan,nan,nan,nan,nan,nan,nan,0.0,0.011565125547349453
827,327719,23.89409104360561,0.9258604124188423,25,1,0,0,0,0,0,,0.0,0.442570298910141,0.037034416496753694,nan,nan,nan,nan,nan,nan,nan,nan,0.0,0.011579052545130253
828,327959,-30.087064805419537,8.149033840745687,240,0,0,0,0,0,0,,0.0,0.45618927478790283,0.0339543076697737,nan,nan,nan,nan,nan,nan,nan,nan,0.0,0.011627482250332832
829,327978,24.80598796385761,0.7521286681294441,19,1,0,0,0,0,0,,0.0,0.4729117751121521,0.0395857193752339,nan,nan,nan,nan,nan,nan,nan,nan,0.0,0.011619064025580883
830,328218,-32.72265306631042,24.97197586670518,240,0,0,0,0,0,0,,0.0,0.31266576051712036,0.10404989944460491,nan,nan,nan,nan,nan,nan,nan,nan,0.0,0.011481829918920994
831,328235,21.71081424906613,1.672412097454071,17,1,0,0,0,0,0,,0.0,0.34109216928482056,0.09837718220318065,nan,nan,nan,nan,nan,nan,nan,nan,0.0,0.011463727802038193
832,328251,22.695305605703,0.5365469306707382,16,1,0,0,0,0,0,,0.0,0.5024453401565552,0.03353418316692114,nan,nan,nan,nan,nan,nan,nan,nan,0.0,0.01144365593791008
833,328268,22.369609058056458,2.5871706157922745,17,1,0,0,0,0,0,,0.0,0.21244417130947113,0.15218650681131027,nan,nan,nan,nan,nan,nan,nan,nan,0.0,0.011448421515524387
834,328298,19.298452834947454,4.522579178214073,30,1,0,0,0,0,0,,0.0,0.28386592864990234,0.15075263927380245,nan,nan,nan,nan,nan,nan,nan,nan,0.0,0.01139912847429514
835,328319,22.189689886212122,1.6666378192603588,21,1,0,0,0,0,0,,0.0,0.2092897891998291,0.0793637056790647,nan,nan,nan,nan,nan,nan,nan,nan,0.0,0.011386031284928322
836,328559,-72.61899412034442,58.462796583771706,240,0,0,0,0,0,0,,0.004166666666666667,0.11695974320173264,0.23109498576571544,nan,nan,nan,nan,nan,nan,nan,nan,0.0,0.011526280082762241
837,328584,19.64855709589794,3.7623815909028053,25,1,0,0,0,0,0,,0.0,0.3649052381515503,0.1504952636361122,nan,nan,nan,nan,nan,nan,nan,nan,0.0,0.011504617519676685
838,328596,22.587087572496706,1.0671365857124329,12,1,0,0,0,0,0,,0.0,0.2887187898159027,0.0889280488093694,nan,nan,nan,nan,nan,nan,nan,nan,0.0,0.01149157527834177
839,328609,24.867872179224097,0.5002598725259304,13,1,0,0,0,0,0,,0.0,0.43806079030036926,0.0384815286558408,nan,nan,nan,nan,nan,nan,nan,nan,0.0,0.011491043493151665
840,328632,21.30769088044383,1.6293016988784075,23,1,0,0,0,0,0,,0.0,0.2754647135734558,0.0708392042990612,nan,nan,nan,nan,nan,nan,nan,nan,0.0,0.011489864438772202
841,328646,20.593943724325978,1.027775190770626,14,1,0,0,0,0,0,,0.0,0.39021003246307373,0.07341251362647329,nan,nan,nan,nan,nan,nan,nan,nan,0.0,0.011478676460683346
842,328664,23.933886189486056,0.6409055385738611,18,1,0,0,0,0,0,,0.0,0.36604809761047363,0.03560586325410339,nan,nan,nan,nan,nan,nan,nan,nan,0.0,0.011479437351226807
843,328683,23.316376180279793,1.2475720159709454,19,1,0,0,0,0,0,,0.0,0.3817460834980011,0.06566168505110238,nan,nan,nan,nan,nan,nan,nan,nan,0.0,0.011475727893412113
844,328699,23.22489352411021,1.0508608259260654,16,1,0,0,0,0,0,,0.0,0.27071869373321533,0.06567880162037909,nan,nan,nan,nan,nan,nan,nan,nan,0.0,0.011485159397125244
845,328716,22.493209851184684,0.6965374127030373,17,1,0,0,0,0,0,,0.0,0.4713429808616638,0.0409727889825316,nan,nan,nan,nan,nan,nan,nan,nan,0.0,0.01146727055311203
846,328734,23.033267596260714,0.7968506254255772,18,1,0,0,0,0,0,,0.0,0.48328423500061035,0.044269479190309845,nan,nan,nan,nan,nan,nan,nan,nan,0.0,0.011428311467170715
847,328743,22.889340331640398,0.2857777699828148,9,1,0,0,0,0,0,,0.0,0.49968084692955017,0.03175308555364609,nan,nan,nan,nan,nan,nan,nan,nan,0.0,0.011416204273700714
848,328794,22.968151758145662,1.6240391321480274,51,1,0,0,0,0,0,,0.0,0.3774695098400116,0.031843904551922105,nan,nan,nan,nan,nan,nan,nan,nan,0.0,0.011390852741897106
849,329034,-31.219266678429832,27.00096321105957,240,0,0,0,0,0,0,,0.0,0.3075067400932312,0.11250401337941487,nan,nan,nan,nan,nan,nan,nan,nan,0.0,0.011365869082510471
850,329049,20.5443240205824,1.139970637857914,15,1,0,0,0,0,0,,0.0,0.34383082389831543,0.07599804252386093,nan,nan,nan,nan,nan,nan,nan,nan,0.0,0.011355050839483738
851,329065,23.007432100928888,1.1823269594460726,16,1,0,0,0,0,0,,0.0,0.2611522674560547,0.07389543496537954,nan,nan,nan,nan,nan,nan,nan,nan,0.0,0.011337175033986568
852,329070,20.703046126255693,0.2374749444425106,5,1,0,0,0,0,0,,0.0,0.4884070158004761,0.04749498888850212,nan,nan,nan,nan,nan,nan,nan,nan,0.0,0.01132797822356224
853,329105,18.678649872004073,6.232539981603622,35,1,0,0,0,0,0,,0.0,0.30242955684661865,0.17807257090296064,nan,nan,nan,nan,nan,nan,nan,nan,0.0,0.01127547211945057
854,329120,21.916691445924627,1.9486596807837486,15,1,0,0,0,0,0,,0.0,0.2870177924633026,0.12991064538558325,nan,nan,nan,nan,nan,nan,nan,nan,0.0,0.011257529258728027
855,329150,17.89514027780744,6.4538871720433235,30,1,0,0,0,0,0,,0.0,0.27900436520576477,0.21512957240144412,nan,nan,nan,nan,nan,nan,nan,nan,0.0,0.011238927952945232
856,329167,22.893497872609153,1.887054480612278,17,1,0,0,0,0,0,,0.0,0.21243883669376373,0.1110032047418987,nan,nan,nan,nan,nan,nan,nan,nan,0.0,0.011228461749851704
857,329176,21.788731207281465,0.28493854589760303,9,1,0,0,0,0,0,,0.0,0.5004003643989563,0.031659838433067,nan,nan,nan,nan,nan,nan,nan,nan,0.0,0.011224446818232536
858,329223,22.516630301041342,2.4583504050970078,47,1,0,0,0,0,0,,0.0,0.40494024753570557,0.052305327768021444,nan,nan,nan,nan,nan,nan,nan,nan,0.0,0.011206445284187794
859,329463,-62.82259048058173,12.092766607180238,240,0,0,0,0,0,0,,0.0,0.28958043456077576,0.05038652752991766,nan,nan,nan,nan,nan,nan,nan,nan,0.0,0.011282769963145256
860,329703,-42.30802845677997,16.00634177401662,240,0,0,0,0,0,0,,0.0,0.3314627707004547,0.06669309072506925,nan,nan,nan,nan,nan,nan,nan,nan,0.0,0.01135898195207119
861,329943,-31.64067039366872,22.60033819451928,240,0,0,0,0,0,0,,0.0,0.2947426736354828,0.094168075810497,nan,nan,nan,nan,nan,nan,nan,nan,0.0,0.011354298330843449
862,329979,23.63098748359854,1.1812907364219427,36,1,0,0,0,0,0,,0.0,0.49407464265823364,0.03281363156727619,nan,nan,nan,nan,nan,nan,nan,nan,0.0,0.01135779544711113
863,329982,20.437833905182515,0.2650208994746208,3,1,0,0,0,0,0,,0.0,0.3410434126853943,0.08834029982487361,nan,nan,nan,nan,nan,nan,nan,nan,0.0,0.011357557959854603
864,330011,21.431848106069236,2.7651668563485146,29,1,0,0,0,0,0,,0.0,0.4008108675479889,0.09535058125339706,nan,nan,nan,nan,nan,nan,nan,nan,0.0,0.011370822787284851
865,330028,20.718537258547478,2.9736457392573357,17,1,0,0,0,0,0,,0.0,0.2972620129585266,0.1749203376033727,nan,nan,nan,nan,nan,nan,nan,nan,0.0,0.011370904743671417
866,330044,22.51479937549891,1.849111881107092,16,1,0,0,0,0,0,,0.0,0.2341115027666092,0.11556949256919324,nan,nan,nan,nan,nan,nan,nan,nan,0.0,0.011363181285560131
867,330064,23.55741647839801,0.7607824224978685,20,1,0,0,0,0,0,,0.0,0.4451759159564972,0.038039121124893424,nan,nan,nan,nan,nan,nan,nan,nan,0.0,0.01133543998003006
868,330090,15.896260286789058,7.251594118773937,26,1,0,0,0,0,0,,0.0,0.24213139712810516,0.27890746610668987,nan,nan,nan,nan,nan,nan,nan,nan,0.0,0.011343404650688171
869,330109,21.05683981974065,1.0789824724197388,19,1,0,0,0,0,0,,0.0,0.44618791341781616,0.05678855117998625,nan,nan,nan,nan,nan,nan,nan,nan,0.0,0.01137558463960886
870,330160,18.678847471812407,3.402541659772396,51,1,0,0,0,0,0,,0.0,0.4091143012046814,0.06671650313279208,nan,nan,nan,nan,nan,nan,nan,nan,0.0,0.011381574906408787
871,330201,20.622883864448934,4.668402645736933,41,1,0,0,0,0,0,,0.0,0.40671154856681824,0.11386347916431544,nan,nan,nan,nan,nan,nan,nan,nan,0.0,0.011433059349656105
872,330223,21.38546405275054,3.370551750063896,22,1,0,0,0,0,0,,0.0,0.31483080983161926,0.1532068977301771,nan,nan,nan,nan,nan,nan,nan,nan,0.0,0.011457475833594799
873,330263,18.679597780073284,5.485159408301115,40,1,0,0,0,0,0,,0.0,0.32617413997650146,0.13712898520752786,nan,nan,nan,nan,nan,nan,nan,nan,0.0,0.011366898193955421
874,330271,22.08481684048461,0.3180307671427727,8,1,0,0,0,0,0,,0.0,0.5941909551620483,0.039753845892846584,nan,nan,nan,nan,nan,nan,nan,nan,0.0,0.011340971104800701
875,330317,20.369615878294827,2.933548677712679,46,1,0,0,0,0,0,,0.0,0.3388698995113373,0.06377279734157998,nan,nan,nan,nan,nan,nan,nan,nan,0.0,0.011224552989006042
876,330557,-123.49623226337873,111.47927975654602,240,0,0,0,0,0,0,,0.058333333333333334,0.10208914428949356,0.28949699898560843,nan,nan,nan,nan,nan,nan,nan,nan,0.0,0.011124820448458195
877,330581,23.74160275028119,1.2888940181583166,24,1,0,0,0,0,0,,0.0,0.5005031228065491,0.05370391742326319,nan,nan,nan,nan,nan,nan,nan,nan,0.0,0.01113372016698122
878,330597,24.03442320685271,0.6054984666407108,16,1,0,0,0,0,0,,0.0,0.4491709768772125,0.03784365416504443,nan,nan,nan,nan,nan,nan,nan,nan,0.0,0.011128815822303295
879,330643,17.503623515228014,5.6351490542292595,46,1,0,0,0,0,0,,0.0,0.22844615578651428,0.12250324030933173,nan,nan,nan,nan,nan,nan,nan,nan,0.0,0.01115324255079031
880,330883,-65.98812316858724,33.905748922377825,240,0,0,0,0,0,0,,0.0,0.1426277905702591,0.14127395384324093,nan,nan,nan,nan,nan,nan,nan,nan,0.0,0.01127093005925417
881,330907,24.757632656159217,0.7785637639462948,24,1,0,0,0,0,0,,0.0,0.46158239245414734,0.032440156831095614,nan,nan,nan,nan,nan,nan,nan,nan,0.0,0.011285671032965183
882,330925,18.494740216719624,5.0945755392313,18,1,0,0,0,0,0,,0.0,0.23175443708896637,0.2830319744017389,nan,nan,nan,nan,nan,nan,nan,nan,0.0,0.011289524845778942
883,330940,24.122057725881426,0.4811036381870508,15,1,0,0,0,0,0,,0.0,0.40943291783332825,0.03207357587913672,nan,nan,nan,nan,nan,nan,nan,nan,0.0,0.01128202211111784
884,330969,23.870065517248058,1.2795076072216034,29,1,0,0,0,0,0,,0.0,0.4322873055934906,0.04412095197315874,nan,nan,nan,nan,nan,nan,nan,nan,0.0,0.01129206083714962
885,331209,-74.2539123085397,49.429294005036354,240,0,0,0,0,0,0,,0.0,0.15643452107906342,0.20595539168765148,nan,nan,nan,nan,nan,nan,nan,nan,0.0,0.0114984642714262
886,331449,-48.21374016361789,29.975134551525116,240,0,0,0,0,0,0,,0.0,0.2293594479560852,0.12489639396468798,nan,nan,nan,nan,nan,nan,nan,nan,0.0,0.011653359048068523
887,331689,-115.91375951741392,64.40911318361759,240,0,0,0,0,0,0,,0.0,0.1730119287967682,0.26837130493173994,nan,nan,nan,nan,nan,nan,nan,nan,0.0,0.011531997472047806
888,331716,22.313989355645788,1.1639108452945948,27,1,0,0,0,0,0,,0.0,0.30535998940467834,0.04310780908498499,nan,nan,nan,nan,nan,nan,nan,nan,0.0,0.011495701037347317
889,331744,20.257780754306687,4.710013072937727,28,1,0,0,0,0,0,,0.0,0.3450299799442291,0.16821475260491883,nan,nan,nan,nan,nan,nan,nan,nan,0.0,0.011443770490586758
890,331761,22.963183853496844,1.0432125516235828,17,1,0,0,0,0,0,,0.0,0.4943455755710602,0.06136544421315193,nan,nan,nan,nan,nan,nan,nan,nan,0.0,0.011443116702139378
891,332001,-42.43655654941838,30.11030660942197,240,0,0,0,0,0,0,,0.0,0.2783654034137726,0.12545961087259153,nan,nan,nan,nan,nan,nan,nan,nan,0.0,0.011316047050058842
892,332009,20.38893108319761,1.2718008309602737,8,1,0,0,0,0,0,,0.0,0.3362058401107788,0.15897510387003422,nan,nan,nan,nan,nan,nan,nan,nan,0.0,0.011318194679915905
893,332025,23.626965600783535,0.6569694466888905,16,1,0,0,0,0,0,,0.0,0.5612543225288391,0.041060590418055654,nan,nan,nan,nan,nan,nan,nan,nan,0.0,0.01129054743796587
894,332035,21.34847958070619,0.5672642476856709,10,1,0,0,0,0,0,,0.0,0.4339447617530823,0.05672642476856708,nan,nan,nan,nan,nan,nan,nan,nan,0.0,0.01127680018544197
895,332048,21.913269583175953,0.5235989987850189,13,1,0,0,0,0,0,,0.0,0.46804603934288025,0.04027684606038607,nan,nan,nan,nan,nan,nan,nan,nan,0.0,0.01126470323652029
896,332064,22.952200762822564,0.357372609898448,16,1,0,0,0,0,0,,0.0,0.682772159576416,0.022335788118653,nan,nan,nan,nan,nan,nan,nan,nan,0.0,0.011257024481892586
897,332092,23.576386323207817,0.6720579899847507,28,1,0,0,0,0,0,,0.0,0.5415007472038269,0.024002071070883955,nan,nan,nan,nan,nan,nan,nan,nan,0.0,0.011253595352172852
898,332332,-37.9737453083281,30.46082666888833,240,0,0,0,0,0,0,,0.0,0.28734391927719116,0.12692011112036805,nan,nan,nan,nan,nan,nan,nan,nan,0.0,0.011439526453614235
899,332352,23.38307857716484,1.180174246430397,20,1,0,0,0,0,0,,0.0,0.4938451945781708,0.05900871232151985,nan,nan,nan,nan,nan,nan,nan,nan,0.0,0.011456322856247425
900,332362,23.638978939531423,0.32866378873586655,10,1,0,0,0,0,0,,0.0,0.48507824540138245,0.032866378873586656,nan,nan,nan,nan,nan,nan,nan,nan,0.0,0.011464766226708889
901,332542,-6.416379333982068,20.721605226397514,180,1,0,0,0,0,0,,0.0,0.25418123602867126,0.11512002903554175,nan,nan,nan,nan,nan,nan,nan,nan,0.0,0.01143590547144413
902,332556,20.965918804977008,2.9960730373859406,14,1,0,0,0,0,0,,0.0,0.3135073482990265,0.2140052169561386,nan,nan,nan,nan,nan,nan,nan,nan,0.0,0.011439853347837925
903,332582,22.28913819471499,1.110974857583642,26,1,0,0,0,0,0,,0.0,0.31756263971328735,0.04272980221475546,nan,nan,nan,nan,nan,nan,nan,nan,0.0,0.011421692557632923
904,332822,-69.95602360597198,14.399793149903417,240,0,0,0,0,0,0,,0.0,0.27465397119522095,0.05999913812459757,nan,nan,nan,nan,nan,nan,nan,nan,0.0,0.011313478462398052
905,332923,15.589084295768647,7.649265367537737,101,1,0,0,0,0,0,,0.0,0.26194119453430176,0.07573530066869047,nan,nan,nan,nan,nan,nan,nan,nan,0.0,0.011335434392094612
906,332942,24.277509276984183,0.6081724464893341,19,1,0,0,0,0,0,,0.0,0.4368661344051361,0.03200907613101758,nan,nan,nan,nan,nan,nan,nan,nan,0.0,0.011335472576320171
907,332971,20.55955068762832,2.277856193482876,29,1,0,0,0,0,0,,0.0,0.35267141461372375,0.07854676529251296,nan,nan,nan,nan,nan,nan,nan,nan,0.0,0.011363609693944454
908,332998,23.873066892071108,1.0072428416460752,27,1,0,0,0,0,0,,0.0,0.36047568917274475,0.03730529043133612,nan,nan,nan,nan,nan,nan,nan,nan,0.0,0.011378774419426918
909,333238,-128.1836759217228,56.86374305188656,240,0,0,0,0,0,0,,0.0,0.18455947935581207,0.236932262716194,nan,nan,nan,nan,nan,nan,nan,nan,0.0,0.011621661484241486
910,333262,24.79410699583329,0.9409798253327608,24,1,0,0,0,0,0,,0.0,0.49042809009552,0.03920749272219837,nan,nan,nan,nan,nan,nan,nan,nan,0.0,0.011641085147857666
911,333266,20.80646166619464,0.20220210030674934,4,1,0,0,0,0,0,,0.0,0.521988034248352,0.050550525076687336,nan,nan,nan,nan,nan,nan,nan,nan,0.0,0.01164213940501213
912,333289,22.207825638909878,0.5287076141685247,23,1,0,0,0,0,0,,0.0,0.6208367347717285,0.022987287572544556,nan,nan,nan,nan,nan,nan,nan,nan,0.0,0.011661680415272713
913,333311,22.783131605627293,1.616141751408577,22,1,0,0,0,0,0,,0.0,0.255332350730896,0.07346098870038986,nan,nan,nan,nan,nan,nan,nan,nan,0.0,0.011670180596411228
914,333379,8.501412327354448,14.082314625382423,68,1,0,0,0,0,0,,0.0,0.24145564436912537,0.2070928621379768,nan,nan,nan,nan,nan,nan,nan,nan,0.0,0.011606299318373203
915,333619,-22.29371715819842,14.834203518927097,240,0,0,0,0,0,0,,0.0,0.3609531819820404,0.06180918132886291,nan,nan,nan,nan,nan,nan,nan,nan,0.0,0.011499928310513496
916,333695,14.989333317066531,7.682133916765451,76,1,0,0,0,0,0,,0.0,0.3647802174091339,0.10108070943112436,nan,nan,nan,nan,nan,nan,nan,nan,0.0,0.011629478074610233
917,333708,23.131342813755065,0.4576803408563137,13,1,0,0,0,0,0,,0.0,0.48135924339294434,0.035206180065870285,nan,nan,nan,nan,nan,nan,nan,nan,0.0,0.0116677051410079
918,333948,-36.55915609880776,15.08891930244863,240,0,0,0,0,0,0,,0.0,0.34906205534935,0.06287049709353595,nan,nan,nan,nan,nan,nan,nan,nan,0.0,0.01159947831183672
919,333967,23.52820329256825,0.4980563875287771,19,1,0,0,0,0,0,,0.0,0.53248530626297,0.026213494080461953,nan,nan,nan,nan,nan,nan,nan,nan,0.0,0.011559353210031986
920,333981,21.92428846054954,3.22568678855896,14,1,0,0,0,0,0,,0.0,0.31835290789604187,0.23040619918278285,nan,nan,nan,nan,nan,nan,nan,nan,0.0,0.011556250974535942
921,334012,18.655749153314257,3.345914363861084,31,1,0,0,0,0,0,,0.0,0.24284076690673828,0.10793272141487367,nan,nan,nan,nan,nan,nan,nan,nan,0.0,0.011591576039791107
922,334252,-101.55578932037334,62.64841093122959,240,0,0,0,0,0,0,,0.0,0.1799667626619339,0.26103504554678997,nan,nan,nan,nan,nan,nan,nan,nan,0.0,0.011692678555846214
923,334273,22.945186267275623,0.9284286685287952,21,1,0,0,0,0,0,,0.0,0.42809128761291504,0.04421088897756168,nan,nan,nan,nan,nan,nan,nan,nan,0.0,0.011710633523762226
924,334513,-56.39353449230122,39.69770620763302,240,0,0,0,0,0,0,,0.0,0.24150797724723816,0.1654071091984709,nan,nan,nan,nan,nan,nan,nan,nan,0.0,0.01164692547172308
925,334521,23.12241431386868,0.42675474286079407,8,1,0,0,0,0,0,,0.0,0.4917095899581909,0.05334434285759926,nan,nan,nan,nan,nan,nan,nan,nan,0.0,0.0116251977160573
926,334761,-35.500833227626465,7.67218404635787,240,0,0,0,0,0,0,,0.0,0.4366374909877777,0.031967433526491125,nan,nan,nan,nan,nan,nan,nan,nan,0.0,0.011471405625343323
927,334767,20.536922851142048,0.5486746951937675,6,1,0,0,0,0,0,,0.0,0.4461361765861511,0.09144578253229459,nan,nan,nan,nan,nan,nan,nan,nan,0.0,0.011476160027086735
928,334774,20.282288412987562,0.22401966713368893,7,1,0,0,0,0,0,,0.0,0.5229223966598511,0.03200280959052699,nan,nan,nan,nan,nan,nan,nan,nan,0.0,0.011477451771497726
929,335014,-65.64838823148006,56.23458839952946,240,0,0,0,0,0,0,,0.0,0.18873251974582672,0.2343107849980394,nan,nan,nan,nan,nan,nan,nan,nan,0.0,0.011554619297385216
930,335175,18.23665638846479,4.172778058797121,161,1,0,0,0,0,0,,0.0,0.43442508578300476,0.025917876141597025,nan,nan,nan,nan,nan,nan,nan,nan,0.0,0.011705553159117699
931,335415,-71.4553905919373,51.51579650491476,240,0,0,0,0,0,0,,0.0,0.1871269792318344,0.2146491521038115,nan,nan,nan,nan,nan,nan,nan,nan,0.0,0.011795060709118843
932,335430,22.98260727850428,0.3319684714078903,15,1,0,0,0,0,0,,0.0,0.6348055601119995,0.02213123142719269,nan,nan,nan,nan,nan,nan,nan,nan,0.0,0.01178546342998743
933,335443,21.156431304084656,2.9141808226704597,13,1,0,0,0,0,0,,0.0,0.34058356285095215,0.22416775559003538,nan,nan,nan,nan,nan,nan,nan,nan,0.0,0.011763880960643291
934,335463,24.314954550383447,0.8967707641422749,20,1,0,0,0,0,0,,0.0,0.3583080768585205,0.04483853820711374,nan,nan,nan,nan,nan,nan,nan,nan,0.0,0.011777604930102825
935,335484,23.960967700419683,0.613050926476717,21,1,0,0,0,0,0,,0.0,0.41813692450523376,0.029192901260796048,nan,nan,nan,nan,nan,nan,nan,nan,0.0,0.011811967939138412
936,335506,22.514293118750075,0.5848735235631466,22,1,0,0,0,0,0,,0.0,0.6132180094718933,0.02658516016196121,nan,nan,nan,nan,nan,nan,nan,nan,0.0,0.011839368380606174
937,335746,-10.095501900185955,8.075484674423933,240,0,0,0,0,0,0,,0.0,0.4198450744152069,0.03364785281009972,nan,nan,nan,nan,nan,nan,nan,nan,0.0,0.011713594198226929
938,335769,24.532748100448067,0.9358772747218609,23,1,0,0,0,0,0,,0.0,0.34179583191871643,0.04069031629225482,nan,nan,nan,nan,nan,nan,nan,nan,0.0,0.011690085753798485
939,336009,-65.22217829423373,28.228377170860767,240,0,0,0,0,0,0,,0.0,0.24356448650360107,0.11761823821191987,nan,nan,nan,nan,nan,nan,nan,nan,0.0,0.01161886379122734
940,336020,22.252220198595758,0.6236288994550705,11,1,0,0,0,0,0,,0.0,0.3943691551685333,0.05669353631409732,nan,nan,nan,nan,nan,nan,nan,nan,0.0,0.01163994800299406
941,336260,-87.67437863651963,45.35699566453695,240,0,0,0,0,0,0,,0.0,0.21006765961647034,0.18898748193557063,nan,nan,nan,nan,nan,nan,nan,nan,0.0,0.011720767244696617
942,336500,-46.16662293176622,12.231696868315339,240,0,0,0,0,0,0,,0.0,0.31433817744255066,0.05096540361798058,nan,nan,nan,nan,nan,nan,nan,nan,0.0,0.011920220218598843
943,336531,21.78186532968148,2.1072744838893414,31,1,0,0,0,0,0,,0.0,0.4728843867778778,0.06797659625449488,nan,nan,nan,nan,nan,nan,nan,nan,0.0,0.011855009943246841
944,336771,-59.3343307985375,28.66857986524701,240,0,0,0,0,0,0,,0.0,0.23807434737682343,0.11945241610519589,nan,nan,nan,nan,nan,nan,nan,nan,0.0,0.011739371344447136
945,336918,3.7794891802911295,13.960184760391712,147,1,0,0,0,0,0,,0.0,0.334237277507782,0.09496724326797083,nan,nan,nan,nan,nan,nan,nan,nan,0.0,0.011716443113982677
946,337158,-127.29008959477234,6.118176244199276,240,0,0,0,0,0,0,,0.0,0.3152104914188385,0.025492401017496984,nan,nan,nan,nan,nan,nan,nan,nan,0.0,0.011828138493001461
947,337171,21.100440525887894,1.7838418930768967,13,1,0,0,0,0,0,,0.0,0.3410967290401459,0.13721860715976128,nan,nan,nan,nan,nan,nan,nan,nan,0.0,0.011853727512061596
948,337411,-63.03381560924267,46.771163791418076,240,0,0,0,0,0,0,,0.0,0.1972775161266327,0.19487984913090864,nan,nan,nan,nan,nan,nan,nan,nan,0.0,0.011717576533555984
949,337422,24.920236487650296,0.4012250043451786,11,1,0,0,0,0,0,,0.0,0.4797717034816742,0.036475000395016235,nan,nan,nan,nan,nan,nan,nan,nan,0.0,0.011710270307958126
950,337446,21.820644891553535,1.1451199539005756,24,1,0,0,0,0,0,,0.0,0.4627382755279541,0.047713331412523985,nan,nan,nan,nan,nan,nan,nan,nan,0.0,0.011659045703709126
951,337498,19.399916538838998,3.9517853893339634,52,1,0,0,0,0,0,,0.0,0.4512202739715576,0.075995872871807,nan,nan,nan,nan,nan,nan,nan,nan,0.0,0.011608828790485859
952,337507,22.495611190217492,0.3137156441807747,9,1,0,0,0,0,0,,0.0,0.5409446954727173,0.034857293797863856,nan,nan,nan,nan,nan,nan,nan,nan,0.0,0.011605857871472836
953,337532,17.933523773408176,3.7393372654914856,25,1,0,0,0,0,0,,0.0,0.3437049984931946,0.1495734906196594,nan,nan,nan,nan,nan,nan,nan,nan,0.0,0.011603621765971184
954,337546,22.673261588416075,2.534029319882393,14,1,0,0,0,0,0,,0.0,0.3255821466445923,0.18100209427731379,nan,nan,nan,nan,nan,nan,nan,nan,0.0,0.011599322780966759
955,337786,-7.1115865812981784,5.645170291885734,240,0,0,0,0,0,0,,0.0,0.5807175636291504,0.023521542882857224,nan,nan,nan,nan,nan,nan,nan,nan,0.0,0.011474769562482834
956,337985,-23.3195287046132,34.25619500875473,199,1,0,0,0,0,0,,0.0,0.20579774677753448,0.17214168346107905,nan,nan,nan,nan,nan,nan,nan,nan,0.0,0.011565986089408398
957,338225,-84.95846875968402,60.17569164931774,240,0,0,0,0,0,0,,0.0,0.18495285511016846,0.2507320485388239,nan,nan,nan,nan,nan,nan,nan,nan,0.0,0.011821980588138103
958,338237,22.071187421808908,0.7438165731728077,12,1,0,0,0,0,0,,0.0,0.3337934911251068,0.06198471443106731,nan,nan,nan,nan,nan,nan,nan,nan,0.0,0.011817235499620438
959,338270,21.19357488625479,2.4099643155932426,33,1,0,0,0,0,0,,0.0,0.2556440830230713,0.07302922168464372,nan,nan,nan,nan,nan,nan,nan,nan,0.0,0.01181054301559925
960,338280,21.65949260459607,0.8352421969175339,10,1,0,0,0,0,0,,0.0,0.37233641743659973,0.08352421969175339,nan,nan,nan,nan,nan,nan,nan,nan,0.0,0.011799510568380356
961,338292,21.133749079808563,0.8487601689994335,12,1,0,0,0,0,0,,0.0,0.4099240303039551,0.07073001408328612,nan,nan,nan,nan,nan,nan,nan,nan,0.0,0.011779879219830036
962,338371,22.06003100427373,1.8139805365353823,79,1,0,0,0,0,0,,0.0,0.41970202326774597,0.02296177894348585,nan,nan,nan,nan,nan,nan,nan,nan,0.0,0.011776071973145008
963,338611,-90.4179411766139,13.369044350460172,240,0,0,0,0,0,0,,0.0,0.3708830773830414,0.05570435146025072,nan,nan,nan,nan,nan,nan,nan,nan,0.0,0.011686474084854126
964,338623,19.32186937235171,2.835242122411728,12,1,0,0,0,0,0,,0.0,0.2805241048336029,0.23627017686764398,nan,nan,nan,nan,nan,nan,nan,nan,0.0,0.011661329306662083
965,338634,24.57137648296158,0.685820285230875,11,1,0,0,0,0,0,,0.0,0.45683085918426514,0.06234729865735227,nan,nan,nan,nan,nan,nan,nan,nan,0.0,0.011639497242867947
966,338653,19.939642621424955,2.4604204781353474,19,1,0,0,0,0,0,,0.0,0.3893642723560333,0.1294958146387025,nan,nan,nan,nan,nan,nan,nan,nan,0.0,0.01161819975823164
967,338665,21.60050691037377,0.4303230717778206,12,1,0,0,0,0,0,,0.0,0.4695195257663727,0.03586025598148505,nan,nan,nan,nan,nan,nan,nan,nan,0.0,0.011603112332522869
968,338678,22.971305456028354,1.5545547902584076,13,1,0,0,0,0,0,,0.0,0.5074045658111572,0.1195811377121852,nan,nan,nan,nan,nan,nan,nan,nan,0.0,0.0115903215482831
969,338918,-47.33425253847985,20.67673542164266,240,0,0,0,0,0,0,,0.0,0.3070748448371887,0.08615306425684442,nan,nan,nan,nan,nan,nan,nan,nan,0.0,0.011493448168039322
970,338934,24.134037714050912,0.713612562045455,16,1,0,0,0,0,0,,0.0,0.3847753703594208,0.044600785127840936,nan,nan,nan,nan,nan,nan,nan,nan,0.0,0.01149316318333149
971,338966,21.91362562071382,1.9257365074008703,32,1,0,0,0,0,0,,0.0,0.27271121740341187,0.0601792658562772,nan,nan,nan,nan,nan,nan,nan,nan,0.0,0.011526543647050858
972,339206,-57.54952414303765,43.160439275205135,240,0,0,0,0,0,0,,0.0,0.20596425235271454,0.17983516364668806,nan,nan,nan,nan,nan,nan,nan,nan,0.0,0.011603322811424732
973,339228,23.086721606614297,0.9828300513327122,22,1,0,0,0,0,0,,0.0,0.39084234833717346,0.04467409324239601,nan,nan,nan,nan,nan,nan,nan,nan,0.0,0.011620054952800274
974,339246,23.27049693686761,0.7955809533596039,18,1,0,0,0,0,0,,0.0,0.373791366815567,0.04419894185331133,nan,nan,nan,nan,nan,nan,nan,nan,0.0,0.011620503850281239
975,339276,16.266026671560013,8.167378798127174,30,1,0,0,0,0,0,,0.0,0.21377964317798615,0.2722459599375725,nan,nan,nan,nan,nan,nan,nan,nan,0.0,0.011689183302223682
976,339310,24.356503997390732,0.9335760921239853,34,1,0,0,0,0,0,,0.0,0.4561854302883148,0.027458120356587803,nan,nan,nan,nan,nan,nan,nan,nan,0.0,0.01171890739351511
977,339550,-69.47751109861977,10.814919237047434,240,0,0,0,0,0,0,,0.0,0.1708645075559616,0.04506216348769764,nan,nan,nan,nan,nan,nan,nan,nan,0.0,0.011686725541949272
978,339591,11.224297339886332,11.257188387215137,41,1,0,0,0,0,0,,0.0,0.2010025978088379,0.2745655704198814,nan,nan,nan,nan,nan,nan,nan,nan,0.0,0.011712247505784035
979,339831,-40.995042644667635,32.483298391103745,240,0,0,0,0,0,0,,0.0,0.16173018515110016,0.13534707662959894,nan,nan,nan,nan,nan,nan,nan,nan,0.0,0.011635529808700085
980,339844,23.059275716609285,0.5144296959042549,13,1,0,0,0,0,0,,0.0,0.4350668787956238,0.03957151506955807,nan,nan,nan,nan,nan,nan,nan,nan,0.0,0.011632722802460194
981,339863,24.242247444578872,0.8613325655460358,19,1,0,0,0,0,0,,0.0,0.41820278763771057,0.045333292923475564,nan,nan,nan,nan,nan,nan,nan,nan,0.0,0.011629494838416576
982,339900,15.77870046273762,7.887754410505295,37,1,0,0,0,0,0,,0.0,0.25648653507232666,0.21318255163527824,nan,nan,nan,nan,nan,nan,nan,nan,0.0,0.011585420928895473
983,339919,22.5372870561671,0.6604126878082752,19,1,0,0,0,0,0,,0.0,0.4969743490219116,0.034758562516225014,nan,nan,nan,nan,nan,nan,nan,nan,0.0,0.01155711617320776
984,339935,24.33998762420135,1.0594354551285505,16,1,0,0,0,0,0,,0.0,0.2650073170661926,0.06621471594553441,nan,nan,nan,nan,nan,nan,nan,nan,0.0,0.011538195423781872
985,340175,-69.24361910732995,43.94775640964508,240,0,0,0,0,0,0,,0.0,0.23306970298290253,0.1831156517068545,nan,nan,nan,nan,nan,nan,nan,nan,0.0,0.011455094441771507
986,340415,-29.05206854035879,18.170272145420313,240,0,0,0,0,0,0,,0.0,0.3168257772922516,0.07570946727258464,nan,nan,nan,nan,nan,nan,nan,nan,0.0,0.011496946215629578
987,340476,6.0356830298569495,17.80132833123207,61,1,0,0,0,0,0,,0.0,0.18952472507953644,0.29182505461036184,nan,nan,nan,nan,nan,nan,nan,nan,0.0,0.011618985794484615
988,340502,22.577415502553293,1.5922513045370579,26,1,0,0,0,0,0,,0.0,0.35449671745300293,0.06124043478988684,nan,nan,nan,nan,nan,nan,nan,nan,0.0,0.011605740524828434
989,340742,-41.45896071109493,28.57129066810012,240,0,0,0,0,0,0,,0.0,0.21359306573867798,0.11904704445041717,nan,nan,nan,nan,nan,nan,nan,nan,0.0,0.011470534838736057
990,340895,-27.154302539727198,38.734265476465225,153,1,0,0,0,0,0,,0.0,0.1273464858531952,0.25316513383310607,nan,nan,nan,nan,nan,nan,nan,nan,0.0,0.011476904153823853
991,340926,21.017864089854058,2.934034690260887,31,1,0,0,0,0,0,,0.0,0.1779351681470871,0.09464628033099635,nan,nan,nan,nan,nan,nan,nan,nan,0.0,0.0115550821647048
992,340938,23.488964940348616,0.3541916199028492,12,1,0,0,0,0,0,,0.0,0.5375328660011292,0.029515968325237434,nan,nan,nan,nan,nan,nan,nan,nan,0.0,0.011585808359086514
993,341178,-63.73847303932521,47.0566039532423,240,0,0,0,0,0,0,,0.0,0.17559440433979034,0.1960691831385096,nan,nan,nan,nan,nan,nan,nan,nan,0.0,0.011623529717326164
994,341209,20.91527665162403,1.4160178024321795,31,1,0,0,0,0,0,,0.0,0.30390074849128723,0.0456779936268445,nan,nan,nan,nan,nan,nan,nan,nan,0.0,0.011642673052847385
995,341449,-35.50497336688334,30.49483711645007,240,0,0,0,0,0,0,,0.0,0.288443922996521,0.12706182131854196,nan,nan,nan,nan,nan,nan,nan,nan,0.0,0.011384760960936546
996,341689,-62.17962079030168,27.79934063181281,240,0,0,0,0,0,0,,0.0,0.23509223759174347,0.11583058596588672,nan,nan,nan,nan,nan,nan,nan,nan,0.0,0.011469852179288864
997,341704,24.38790845377254,0.5578475967049599,15,1,0,0,0,0,0,,0.0,0.45509204268455505,0.03718983978033066,nan,nan,nan,nan,nan,nan,nan,nan,0.0,0.01144680567085743
998,341944,-110.09131156752929,33.53116397559643,240,0,0,0,0,0,0,,0.0,0.13736143708229065,0.13971318323165177,nan,nan,nan,nan,nan,nan,nan,nan,0.0,0.011253278702497482
999,341963,22.771748221940257,0.4471915513277054,19,1,0,0,0,0,0,,0.0,0.519707202911377,0.023536397438300282,nan,nan,nan,nan,nan,nan,nan,nan,0.0,0.011205397546291351
1000,342203,-7.891783678378445,6.543748736381531,240,0,0,0,0,0,0,,0.0,0.47981229424476624,0.027265619734923044,nan,nan,nan,nan,nan,nan,nan,nan,0.0,0.01119014248251915
1001,342234,22.212521543867226,2.0749987065792084,31,1,0,0,0,0,0,,0.0,0.44920238852500916,0.06693544214771639,nan,nan,nan,nan,nan,nan,nan,nan,0.0,0.011218501254916191
1002,342252,23.395826741278764,0.6254158671945333,18,1,0,0,0,0,0,,0.0,0.39400604367256165,0.03474532595525185,nan,nan,nan,nan,nan,nan,nan,nan,0.0,0.011226089671254158
1003,342279,16.80203757007154,6.756553657352924,27,1,0,0,0,0,0,,0.0,0.23362286388874054,0.25024272805010833,nan,nan,nan,nan,nan,nan,nan,nan,0.0,0.011203725822269917
1004,342519,-89.2140304254169,56.7894963696599,240,0,0,0,0,0,0,,0.0,0.19129060208797455,0.2366229015402496,nan,nan,nan,nan,nan,nan,nan,nan,0.0,0.011311196722090244
1005,342541,21.468850576431795,1.8853925056755543,22,1,0,0,0,0,0,,0.0,0.46600404381752014,0.08569965934888883,nan,nan,nan,nan,nan,nan,nan,nan,0.0,0.011325601488351822
1006,342781,-29.58988690176195,9.956450518220663,240,0,0,0,0,0,0,,0.0,0.2977326512336731,0.0414852104925861,nan,nan,nan,nan,nan,nan,nan,nan,0.0,0.011245607398450375
1007,342810,22.408180774376035,2.277941908687353,29,1,0,0,0,0,0,,0.0,0.40367916226387024,0.07854972098921907,nan,nan,nan,nan,nan,nan,nan,nan,0.0,0.01126842014491558
1008,342829,24.278965169362383,0.7637215740978718,19,1,0,0,0,0,0,,0.0,0.34558314085006714,0.04019587232094062,nan,nan,nan,nan,nan,nan,nan,nan,0.0,0.011246423237025738
1009,342852,18.854139701028235,2.2165616154670715,23,1,0,0,0,0,0,,0.0,0.3175376057624817,0.09637224415074223,nan,nan,nan,nan,nan,nan,nan,nan,0.0,0.011206429451704025
1010,342884,23.792963555065228,0.9744101576507092,32,1,0,0,0,0,0,,0.0,0.34475404024124146,0.03045031742658466,nan,nan,nan,nan,nan,nan,nan,nan,0.0,0.011160392314195633
1011,342932,15.705836046788539,4.441212210804224,48,1,0,0,0,0,0,,0.0,0.36735621094703674,0.09252525439175467,nan,nan,nan,nan,nan,nan,nan,nan,0.0,0.011105548590421677
1012,342937,20.545323590649147,0.8256641030311584,5,1,0,0,0,0,0,,0.0,0.3718801736831665,0.1651328206062317,nan,nan,nan,nan,nan,nan,nan,nan,0.0,0.011102890595793724
1013,342956,22.68321225151575,0.7105239182710648,19,1,0,0,0,0,0,,0.0,0.42322733998298645,0.03739599569847709,nan,nan,nan,nan,nan,nan,nan,nan,0.0,0.01107141375541687
1014,342976,22.839769281993384,0.9151143375784159,20,1,0,0,0,0,0,,0.0,0.29576587677001953,0.04575571687892079,nan,nan,nan,nan,nan,nan,nan,nan,0.0,0.01101438608020544
1015,342995,23.485724426375352,0.8408013489097357,19,1,0,0,0,0,0,,0.0,0.5542845726013184,0.04425270257419661,nan,nan,nan,nan,nan,nan,nan,nan,0.0,0.010966675356030464
1016,343029,20.283060305681094,1.8722142577171326,34,1,0,0,0,0,0,,0.0,0.22671034932136536,0.05506512522697449,nan,nan,nan,nan,nan,nan,nan,nan,0.0,0.010942724533379078
1017,343032,20.408308188271725,0.3237108811736107,3,1,0,0,0,0,0,,0.0,0.3193897008895874,0.10790362705787022,nan,nan,nan,nan,nan,nan,nan,nan,0.0,0.010944384150207043
1018,343272,-39.82929929065784,7.927395464852452,240,0,0,0,0,0,0,,0.0,0.5329759120941162,0.03303081443688522,nan,nan,nan,nan,nan,nan,nan,nan,0.0,0.010943794623017311
1019,343314,22.190018618033218,1.5121485330164433,42,1,0,0,0,0,0,,0.0,0.5069970488548279,0.03600353650039151,nan,nan,nan,nan,nan,nan,nan,nan,0.0,0.010941858403384686
1020,343391,-4.021252534306086,19.332771193236113,77,1,0,0,0,0,0,,0.0,0.16136755049228668,0.25107495056150797,nan,nan,nan,nan,nan,nan,nan,nan,0.0,0.010908844880759716
1021,343398,21.650616459231554,0.602387323975563,7,1,0,0,0,0,0,,0.0,0.3167271614074707,0.08605533199650901,nan,nan,nan,nan,nan,nan,nan,nan,0.0,0.010918471962213516
1022,343439,22.65166373355766,1.4111011885106564,41,1,0,0,0,0,0,,0.0,0.3197399377822876,0.034417102158796495,nan,nan,nan,nan,nan,nan,nan,nan,0.0,0.010963558219373226
1023,343457,22.242643207308856,0.5959801040589809,18,1,0,0,0,0,0,,0.0,0.528241753578186,0.0331100057810545,nan,nan,nan,nan,nan,nan,nan,nan,0.0,0.010998032987117767
1024,343478,22.8769066777896,1.4849600456655025,21,1,0,0,0,0,0,,0.0,0.2990643084049225,0.0707123831269287,nan,nan,nan,nan,nan,nan,nan,nan,0.0,0.011031489819288254
1025,343487,21.61958817907096,0.7885276079177856,9,1,0,0,0,0,0,,0.0,0.3143363296985626,0.08761417865753174,nan,nan,nan,nan,nan,nan,nan,nan,0.0,0.011033941060304642
1026,343727,-19.21427434119498,14.220345541834831,240,0,0,0,0,0,0,,0.0,0.381254106760025,0.05925143975764513,nan,nan,nan,nan,nan,nan,nan,nan,0.0,0.011065238155424595
1027,343740,22.030303404910754,1.2328894808888435,13,1,0,0,0,0,0,,0.0,0.2721615135669708,0.09483765237606488,nan,nan,nan,nan,nan,nan,nan,nan,0.0,0.011033325456082821
1028,343777,23.075165294481323,0.8909254837781191,37,1,0,0,0,0,0,,0.0,0.3804989457130432,0.024079067129138355,nan,nan,nan,nan,nan,nan,nan,nan,0.0,0.011005623266100883
1029,344017,-44.93994781518994,28.071066457778215,240,0,0,0,0,0,0,,0.0,0.2727081775665283,0.11696277690740924,nan,nan,nan,nan,nan,nan,nan,nan,0.0,0.011035872623324394
1030,344033,24.19065863215388,0.872190797701478,16,1,0,0,0,0,0,,0.0,0.2987278401851654,0.054511924856342375,nan,nan,nan,nan,nan,nan,nan,nan,0.0,0.01106159295886755
1031,344273,-99.4337571141583,21.795620147138834,240,0,0,0,0,0,0,,0.0,0.2518328130245209,0.09081508394641181,nan,nan,nan,nan,nan,nan,nan,nan,0.0,0.011205680668354034
1032,344279,20.527146446992777,0.31816134974360466,6,1,0,0,0,0,0,,0.0,0.4464021325111389,0.05302689162393411,nan,nan,nan,nan,nan,nan,nan,nan,0.0,0.011212357319891453
1033,344519,-55.59781634743862,38.98194033652544,240,0,0,0,0,0,0,,0.0,0.219496950507164,0.16242475140218934,nan,nan,nan,nan,nan,nan,nan,nan,0.0,0.011139120906591415
1034,344759,-13.198516206835139,7.092485321685672,240,0,0,0,0,0,0,,0.0,0.31810513138771057,0.0295520221736903,nan,nan,nan,nan,nan,nan,nan,nan,0.0,0.011048056185245514
1035,344776,24.5475157662477,0.609071334823966,17,1,0,0,0,0,0,,0.0,0.41512760519981384,0.03582772557788035,nan,nan,nan,nan,nan,nan,nan,nan,0.0,0.011064768768846989
1036,345001,7.732086554494698,7.697316711768508,225,1,0,0,0,0,0,,0.0,0.44289466738700867,0.03421029649674892,nan,nan,nan,nan,nan,nan,nan,nan,0.0,0.01114035863429308
1037,345022,23.276435374120368,0.8004152178764343,21,1,0,0,0,0,0,,0.0,0.43840816617012024,0.0381150103750683,nan,nan,nan,nan,nan,nan,nan,nan,0.0,0.011174221523106098
1038,345039,25.368542075224926,0.6845172420144081,17,1,0,0,0,0,0,,0.0,0.40537044405937195,0.040265720118494594,nan,nan,nan,nan,nan,nan,nan,nan,0.0,0.011194183491170406
1039,345078,21.624709986989917,2.550057716667652,39,1,0,0,0,0,0,,0.0,0.46837756037712097,0.06538609529917057,nan,nan,nan,nan,nan,nan,nan,nan,0.0,0.011202123016119003
1040,345318,-15.753675797210999,10.192121420055628,240,0,0,0,0,0,0,,0.0,0.4671781659126282,0.04246717258356512,nan,nan,nan,nan,nan,nan,nan,nan,0.0,0.01133000385016203
1041,345337,22.094260457316164,0.76107282564044,19,1,0,0,0,0,0,,0.0,0.49233052134513855,0.04005646450739158,nan,nan,nan,nan,nan,nan,nan,nan,0.0,0.011349176988005638
1042,345356,23.286094822575745,1.184819933027029,19,1,0,0,0,0,0,,0.0,0.39041656255722046,0.062358943843527845,nan,nan,nan,nan,nan,nan,nan,nan,0.0,0.011364486068487167
1043,345523,11.93990455123939,9.126529129222035,167,1,0,0,0,0,0,,0.0,0.46484848856925964,0.05464987502528165,nan,nan,nan,nan,nan,nan,nan,nan,0.0,0.011180915869772434
1044,345529,21.239621707138607,0.34378449618816376,6,1,0,0,0,0,0,,0.0,0.3953065574169159,0.057297416031360626,nan,nan,nan,nan,nan,nan,nan,nan,0.0,0.011182776652276516
1045,345543,22.11642239828154,0.8968390226364136,14,1,0,0,0,0,0,,0.0,0.3819487690925598,0.06405993018831525,nan,nan,nan,nan,nan,nan,nan,nan,0.0,0.011199131608009338
1046,345559,21.096211484526158,3.5202690213918686,16,1,0,0,0,0,0,,0.0,0.42301663756370544,0.2200168138369918,nan,nan,nan,nan,nan,nan,nan,nan,0.0,0.011201749555766582
1047,345573,20.578415573717542,2.464199163019657,14,1,0,0,0,0,0,,0.0,0.30213606357574463,0.1760142259299755,nan,nan,nan,nan,nan,nan,nan,nan,0.0,0.011208705604076385
1048,345590,25.396518835792666,0.5774914547801018,17,1,0,0,0,0,0,,0.0,0.401549369096756,0.0339700855753001,nan,nan,nan,nan,nan,nan,nan,nan,0.0,0.011220032349228859
1049,345830,-57.9501751453627,42.418988432735205,240,0,0,0,0,0,0,,0.0,0.2201734483242035,0.1767457851363967,nan,nan,nan,nan,nan,nan,nan,nan,0.0,0.011233742348849773
1050,345885,15.837623908620403,6.847642440348864,55,1,0,0,0,0,0,,0.0,0.27752411365509033,0.12450258982452479,nan,nan,nan,nan,nan,nan,nan,nan,0.0,0.011191962286829948
1051,345898,23.119555178219112,0.9792956709861755,13,1,0,0,0,0,0,,0.0,0.26701614260673523,0.07533043622970581,nan,nan,nan,nan,nan,nan,nan,nan,0.0,0.01118315476924181
1052,346138,12.454769928669293,6.622498821467161,240,1,0,0,0,0,0,,0.0,0.583555281162262,0.027593745089446505,nan,nan,nan,nan,nan,nan,nan,nan,0.0,0.01117758359760046
1053,346378,-59.26874985988967,46.97504232078791,240,0,0,0,0,0,0,,0.0,0.22136962413787842,0.19572934300328296,nan,nan,nan,nan,nan,nan,nan,nan,0.0,0.011230983771383762
1054,346388,21.26198500315615,1.1639901995658875,10,1,0,0,0,0,0,,0.0,0.24966183304786682,0.11639901995658875,nan,nan,nan,nan,nan,nan,nan,nan,0.0,0.011235525831580162
1055,346406,24.762953081329243,0.8833481296896935,18,1,0,0,0,0,0,,0.0,0.39473357796669006,0.04907489609387186,nan,nan,nan,nan,nan,nan,nan,nan,0.0,0.01124392356723547
1056,346646,-34.26234449720433,18.8718242328614,240,0,0,0,0,0,0,,0.0,0.32371726632118225,0.07863260097025583,nan,nan,nan,nan,nan,nan,nan,nan,0.0,0.011171343736350536
1057,346662,20.18404401785926,0.6375891789793968,16,1,0,0,0,0,0,,0.0,0.4521532356739044,0.0398493236862123,nan,nan,nan,nan,nan,nan,nan,nan,0.0,0.01121280062943697
1058,346784,8.811070687350016,11.692460987716913,122,1,0,0,0,0,0,,0.0,0.3601936101913452,0.09583984416161405,nan,nan,nan,nan,nan,nan,nan,nan,0.0,0.011214126832783222
1059,347024,-12.387037681896436,8.761174788698554,240,0,0,0,0,0,0,,0.0,0.46785831451416016,0.03650489495291064,nan,nan,nan,nan,nan,nan,nan,nan,0.0,0.011124438606202602
1060,347264,-60.41199251182204,34.42176212742925,240,0,0,0,0,0,0,,0.0,0.1853969246149063,0.14342400886428852,nan,nan,nan,nan,nan,nan,nan,nan,0.0,0.011229895986616611
1061,347504,-52.27743990564076,39.24881885200739,240,0,0,0,0,0,0,,0.0,0.2407190501689911,0.16353674521669745,nan,nan,nan,nan,nan,nan,nan,nan,0.0,0.01143272127956152
1062,347519,21.14492710990734,1.4043200872838497,15,1,0,0,0,0,0,,0.0,0.4068451225757599,0.09362133915225665,nan,nan,nan,nan,nan,nan,nan,nan,0.0,0.011431330814957619
1063,347759,-63.40756862963981,41.69975637644529,240,0,0,0,0,0,0,,0.0,0.21628060936927795,0.1737489849018554,nan,nan,nan,nan,nan,nan,nan,nan,0.0,0.011313592083752155
1064,347999,-78.52552365140272,45.16818392649293,240,0,0,0,0,0,0,,0.008333333333333333,0.09501592069864273,0.16320076636038722,nan,nan,nan,nan,nan,nan,nan,nan,0.0,0.01124716829508543
1065,348009,21.49637236562654,0.503616202622652,10,1,0,0,0,0,0,,0.0,0.5072477459907532,0.050361620262265205,nan,nan,nan,nan,nan,nan,nan,nan,0.0,0.011245484463870525
1066,348021,23.65114719591377,0.2975579872727394,12,1,0,0,0,0,0,,0.0,0.49669119715690613,0.02479649893939495,nan,nan,nan,nan,nan,nan,nan,nan,0.0,0.011256316676735878
1067,348261,-57.17674294598353,10.388965275138617,240,0,0,0,0,0,0,,0.0,0.2563643753528595,0.04328735531307757,nan,nan,nan,nan,nan,nan,nan,nan,0.0,0.011305841617286205
1068,348316,22.634210555398305,1.606050195172429,55,1,0,0,0,0,0,,0.0,0.4123869836330414,0.02920091263949871,nan,nan,nan,nan,nan,nan,nan,nan,0.0,0.011251749470829964
1069,348556,-73.7726410858584,49.362528167665005,240,0,0,0,0,0,0,,0.0,0.213431715965271,0.20567720069860418,nan,nan,nan,nan,nan,nan,nan,nan,0.0,0.010828097350895405
1070,348566,23.52720242820662,0.3132108058780432,10,1,0,0,0,0,0,,0.0,0.4904734194278717,0.03132108058780432,nan,nan,nan,nan,nan,nan,nan,nan,0.0,0.0108121233060956
1071,348654,20.61172448385442,2.5682148542255163,88,1,0,0,0,0,0,,0.0,0.30610644817352295,0.02918425970710814,nan,nan,nan,nan,nan,nan,nan,nan,0.0,0.010778103955090046
1072,348894,-59.46400356693896,10.37084811553359,240,0,0,0,0,0,0,,0.0,0.31471511721611023,0.043211867148056624,nan,nan,nan,nan,nan,nan,nan,nan,0.0,0.010735305957496166
1073,349134,-31.02093086151728,12.479612657800317,240,0,0,0,0,0,0,,0.0,0.3957867920398712,0.051998386074167985,nan,nan,nan,nan,nan,nan,nan,nan,0.0,0.01076168566942215
1074,349374,-10.285350152013985,6.435861825942993,240,0,0,0,0,0,0,,0.0,0.5574442744255066,0.026816090941429137,nan,nan,nan,nan,nan,nan,nan,nan,0.0,0.011142631992697716
1075,349392,24.826009772322642,0.5843512378633022,18,1,0,0,0,0,0,,0.0,0.4208966791629791,0.03246395765907235,nan,nan,nan,nan,nan,nan,nan,nan,0.0,0.011139619164168835
1076,349404,21.883117756549012,2.473249778151512,12,1,0,0,0,0,0,,0.0,0.19903795421123505,0.20610414817929268,nan,nan,nan,nan,nan,nan,nan,nan,0.0,0.011126730591058731
1077,349578,6.955414360442319,12.582929261028767,174,1,0,0,0,0,0,,0.0,0.2823241651058197,0.0723156854082113,nan,nan,nan,nan,nan,nan,nan,nan,0.0,0.011172783561050892
1078,349818,-73.66042895133243,57.32148979604244,240,0,0,0,0,0,0,,0.0,0.155526801943779,0.2388395408168435,nan,nan,nan,nan,nan,nan,nan,nan,0.0,0.011310539208352566
1079,349833,22.240231283461615,0.6769044864922762,15,1,0,0,0,0,0,,0.0,0.536246657371521,0.045126965766151744,nan,nan,nan,nan,nan,nan,nan,nan,0.0,0.011286601424217224
1080,349881,14.401720222730628,6.897414483129978,48,1,0,0,0,0,0,,0.0,0.29810237884521484,0.14369613506520787,nan,nan,nan,nan,nan,nan,nan,nan,0.0,0.011199473403394222
1081,349901,23.233519443530586,1.807100098580122,20,1,0,0,0,0,0,,0.0,0.44547173380851746,0.0903550049290061,nan,nan,nan,nan,nan,nan,nan,nan,0.0,0.011166662909090519
1082,349915,21.423365876193383,1.8092027306556702,14,1,0,0,0,0,0,,0.0,0.23477423191070557,0.12922876647540502,nan,nan,nan,nan,nan,nan,nan,nan,0.0,0.01114460825920105
1083,350155,-10.238390486361325,8.423597009852529,240,0,0,0,0,0,0,,0.0,0.26988479495048523,0.03509832087438554,nan,nan,nan,nan,nan,nan,nan,nan,0.0,0.011052298359572887
1084,350174,25.377242714696074,0.6834528557956219,19,1,0,0,0,0,0,,0.0,0.3796960711479187,0.03597120293661168,nan,nan,nan,nan,nan,nan,nan,nan,0.0,0.011070236563682556
1085,350414,-140.24947901166877,58.80837245285511,240,0,0,0,0,0,0,,0.0,0.17222851514816284,0.24503488522022962,nan,nan,nan,nan,nan,nan,nan,nan,0.0,0.010738526470959187
1086,350654,-82.70501867410135,25.14201843738556,240,0,0,0,0,0,0,,0.0,0.24781884253025055,0.10475841015577317,nan,nan,nan,nan,nan,nan,nan,nan,0.0,0.010849452577531338
1087,350690,20.760012035001495,1.544446837157011,36,1,0,0,0,0,0,,0.0,0.5047696828842163,0.0429013010321392,nan,nan,nan,nan,nan,nan,nan,nan,0.0,0.010823410004377365
1088,350930,-58.64667438642084,11.605453334748745,240,0,0,0,0,0,0,,0.0,0.3331841826438904,0.0483560555614531,nan,nan,nan,nan,nan,nan,nan,nan,0.0,0.01075966376811266
1089,351077,16.515275179061263,5.468581221997738,147,1,0,0,0,0,0,,0.0,0.3059174120426178,0.0372012328027057,nan,nan,nan,nan,nan,nan,nan,nan,0.0,0.010706278495490551
1090,351317,-135.325630874481,67.6326526850462,240,0,0,0,0,0,0,,0.0,0.15646351873874664,0.2818027195210258,nan,nan,nan,nan,nan,nan,nan,nan,0.0,0.010685419663786888
1091,351387,16.37815047844439,6.896740008145571,70,1,0,0,0,0,0,,0.0,0.34966474771499634,0.09852485725922244,nan,nan,nan,nan,nan,nan,nan,nan,0.0,0.010698669590055943
1092,351411,22.719605241852527,1.338979884982109,24,1,0,0,0,0,0,,0.0,0.4279399812221527,0.05579082854092121,nan,nan,nan,nan,nan,nan,nan,nan,0.0,0.010693871416151524
1093,351469,13.884610830620451,9.414797306060791,58,1,0,0,0,0,0,,0.0,0.3114478886127472,0.16232409148380675,nan,nan,nan,nan,nan,nan,nan,nan,0.0,0.01063487771898508
1094,351477,22.04166067664495,0.22927827388048172,8,1,0,0,0,0,0,,0.0,0.6411206126213074,0.028659784235060215,nan,nan,nan,nan,nan,nan,nan,nan,0.0,0.010613984428346157
1095,351498,21.91864929864491,3.0437561869621277,21,1,0,0,0,0,0,,0.0,0.21300843358039856,0.14494077080772036,nan,nan,nan,nan,nan,nan,nan,nan,0.0,0.010562567971646786
1096,351738,-46.30624820304241,32.74686327576637,240,0,0,0,0,0,0,,0.0,0.2549029290676117,0.13644526364902657,nan,nan,nan,nan,nan,nan,nan,nan,0.0,0.010555810295045376
1097,351942,-0.27379657227071874,17.70848734676838,204,1,0,0,0,0,0,,0.0,0.3506746292114258,0.08680631052337441,nan,nan,nan,nan,nan,nan,nan,nan,0.0,0.010541113093495369
1098,352182,-77.99764930400414,60.05095534771681,240,0,0,0,0,0,0,,0.0,0.12226872891187668,0.25021231394882004,nan,nan,nan,nan,nan,nan,nan,nan,0.0,0.010560487397015095
1099,352293,4.422985366773355,11.03338417969644,111,1,0,0,0,0,0,,0.0,0.31281083822250366,0.09939985747474271,nan,nan,nan,nan,nan,nan,nan,nan,0.0,0.010496828705072403
1100,352303,21.94606445165067,0.19619599357247353,10,1,0,0,0,0,0,,0.0,0.6478903293609619,0.01961959935724735,nan,nan,nan,nan,nan,nan,nan,nan,0.0,0.010498150251805782
1101,352327,19.916764400827386,1.7914589419960976,24,1,0,0,0,0,0,,0.0,0.3717326819896698,0.07464412258317073,nan,nan,nan,nan,nan,nan,nan,nan,0.0,0.010516864247620106
1102,352357,23.032429922601747,1.4186796210706234,30,1,0,0,0,0,0,,0.0,0.3508886694908142,0.047289320702354115,nan,nan,nan,nan,nan,nan,nan,nan,0.0,0.01052962988615036
1103,352379,19.141461954147132,4.66860743612051,22,1,0,0,0,0,0,,0.0,0.25126874446868896,0.21220942891456865,nan,nan,nan,nan,nan,nan,nan,nan,0.0,0.010509439744055271
1104,352619,-65.90515690067494,41.203325659036636,240,0,0,0,0,0,0,,0.0,0.1709398329257965,0.17168052357931932,nan,nan,nan,nan,nan,nan,nan,nan,0.0,0.010644360445439816
1105,352630,21.491167559648947,0.6798991709947586,11,1,0,0,0,0,0,,0.0,0.3411877751350403,0.06180901554497806,nan,nan,nan,nan,nan,nan,nan,nan,0.0,0.010636936873197556
1106,352668,17.523383428025273,3.738604698330164,38,1,0,0,0,0,0,,0.0,0.3683011531829834,0.09838433416658326,nan,nan,nan,nan,nan,nan,nan,nan,0.0,0.010655582882463932
1107,352683,21.033287998982022,2.0555862337350845,15,1,0,0,0,0,0,,0.0,0.48490673303604126,0.13703908224900563,nan,nan,nan,nan,nan,nan,nan,nan,0.0,0.010664530098438263
1108,352923,-20.501903728375712,7.126782374456525,240,0,0,0,0,0,0,,0.0,0.39124348759651184,0.02969492656023552,nan,nan,nan,nan,nan,nan,nan,nan,0.0,0.010579852387309074
1109,352949,19.41969476146062,3.0082435086369514,26,1,0,0,0,0,0,,0.0,0.30998483300209045,0.11570167340911351,nan,nan,nan,nan,nan,nan,nan,nan,0.0,0.010548410005867481
1110,353189,-55.637316211861155,22.980442967265844,240,0,0,0,0,0,0,,0.0,0.24126508831977844,0.09575184569694102,nan,nan,nan,nan,nan,nan,nan,nan,0.0,0.01031797006726265
1111,353227,20.949797456221766,2.050072070211172,38,1,0,0,0,0,0,,0.0,0.32348451018333435,0.05394926500555716,nan,nan,nan,nan,nan,nan,nan,nan,0.0,0.010317754000425339
1112,353230,20.330897217546603,0.15382647886872292,3,1,0,0,0,0,0,,0.0,0.42755410075187683,0.051275492956240974,nan,nan,nan,nan,nan,nan,nan,nan,0.0,0.010322369635105133
1113,353470,-44.15423650907686,18.840048748999834,240,0,0,0,0,0,0,,0.0,0.2852896749973297,0.07850020312083264,nan,nan,nan,nan,nan,nan,nan,nan,0.0,0.010527832433581352
1114,353495,22.03997084429205,1.9835137501358986,25,1,0,0,0,0,0,,0.0,0.45332249999046326,0.07934055000543594,nan,nan,nan,nan,nan,nan,nan,nan,0.0,0.010550742968916893
1115,353735,-14.376223894070714,10.319312114268541,240,0,0,0,0,0,0,,0.0,0.2278778851032257,0.042997133809452255,nan,nan,nan,nan,nan,nan,nan,nan,0.0,0.01064642146229744
1116,353763,23.177719215486892,0.977303396910429,28,1,0,0,0,0,0,,0.0,0.3637275993824005,0.03490369274680104,nan,nan,nan,nan,nan,nan,nan,nan,0.0,0.010600829496979713
1117,354003,-33.34750798308385,18.068099170923233,240,0,0,0,0,0,0,,0.0,0.3231315016746521,0.07528374654551347,nan,nan,nan,nan,nan,nan,nan,nan,0.0,0.010575232096016407
1118,354042,23.077251661447576,1.5123643707484007,39,1,0,0,0,0,0,,0.0,0.32388919591903687,0.03877857360893335,nan,nan,nan,nan,nan,nan,nan,nan,0.0,0.0106350751593709
1119,354282,-43.695797750049486,11.678349820896983,240,0,0,0,0,0,0,,0.0,0.4103582203388214,0.048659790920404095,nan,nan,nan,nan,nan,nan,nan,nan,0.0,0.010540304705500603
1120,354302,21.718002186586915,0.8714648988097906,20,1,0,0,0,0,0,,0.0,0.3587203621864319,0.04357324494048953,nan,nan,nan,nan,nan,nan,nan,nan,0.0,0.010527806356549263
1121,354328,22.41670826951988,1.1423886865377426,26,1,0,0,0,0,0,,0.0,0.2866453230381012,0.04393802640529779,nan,nan,nan,nan,nan,nan,nan,nan,0.0,0.010535033419728279
1122,354329,20.066192658831433,0.046535056084394455,1,1,0,0,0,0,0,,0.0,0.4513781666755676,0.046535056084394455,nan,nan,nan,nan,nan,nan,nan,nan,0.0,0.010536661371588707
1123,354561,8.121666487601995,10.904496748000383,232,1,0,0,0,0,0,,0.0,0.42342469096183777,0.047002141155174065,nan,nan,nan,nan,nan,nan,nan,nan,0.0,0.010686046443879604
1124,354589,21.56560532488617,1.1292787156999111,28,1,0,0,0,0,0,,0.0,0.4709559381008148,0.04033138270356825,nan,nan,nan,nan,nan,nan,nan,nan,0.0,0.010703017935156822
1125,354612,23.64050812315277,0.6608809009194374,23,1,0,0,0,0,0,,0.0,0.4590432941913605,0.028733952213888584,nan,nan,nan,nan,nan,nan,nan,nan,0.0,0.010682963766157627
1126,354623,21.09187928580164,1.180919624865055,11,1,0,0,0,0,0,,0.0,0.36211299896240234,0.10735632953318683,nan,nan,nan,nan,nan,nan,nan,nan,0.0,0.010663247667253017
1127,354795,-13.356066216542747,27.183200143277645,172,1,0,0,0,0,0,,0.0,0.24012134969234467,0.15804186129812584,nan,nan,nan,nan,nan,nan,nan,nan,0.0,0.01068020798265934
1128,355035,-62.359200115154444,37.28152761608362,240,0,0,0,0,0,0,,0.0,0.2314060479402542,0.15533969840034842,nan,nan,nan,nan,nan,nan,nan,nan,0.0,0.01073521375656128
1129,355047,21.18302723914604,1.6456655785441399,12,1,0,0,0,0,0,,0.0,0.33358660340309143,0.13713879821201166,nan,nan,nan,nan,nan,nan,nan,nan,0.0,0.010728606954216957
1130,355287,-35.968332970732,29.330500692129135,240,0,0,0,0,0,0,,0.0,0.25933724641799927,0.12221041955053806,nan,nan,nan,nan,nan,nan,nan,nan,0.0,0.010821222327649593
1131,355297,21.049510628421796,1.7364080175757408,10,1,0,0,0,0,0,,0.0,0.17855912446975708,0.17364080175757407,nan,nan,nan,nan,nan,nan,nan,nan,0.0,0.010832687839865685
1132,355537,-49.34403612356494,22.10776675119996,240,0,0,0,0,0,0,,0.0,0.32145634293556213,0.09211569479666651,nan,nan,nan,nan,nan,nan,nan,nan,0.0,0.010662540793418884
1133,355565,17.563739558554307,6.604776442050934,28,1,0,0,0,0,0,,0.0,0.24216090142726898,0.23588487293039048,nan,nan,nan,nan,nan,nan,nan,nan,0.0,0.010641178116202354
1134,355575,22.19409426292538,0.37126606702804565,10,1,0,0,0,0,0,,0.0,0.483390748500824,0.037126606702804564,nan,nan,nan,nan,nan,nan,nan,nan,0.0,0.010631064884364605
1135,355591,23.50066152599476,0.3678292352706194,16,1,0,0,0,0,0,,0.0,0.568000078201294,0.022989327204413712,nan,nan,nan,nan,nan,nan,nan,nan,0.0,0.010614941827952862
1136,355599,23.21778207156705,0.34825761429965496,8,1,0,0,0,0,0,,0.0,0.3928172290325165,0.04353220178745687,nan,nan,nan,nan,nan,nan,nan,nan,0.0,0.010617311112582684
1137,355613,21.067243010771147,2.7005773559212685,14,1,0,0,0,0,0,,0.0,0.4825775921344757,0.19289838256580488,nan,nan,nan,nan,nan,nan,nan,nan,0.0,0.010622602887451649
1138,355625,22.753260941463097,1.7214405201375484,12,1,0,0,0,0,0,,0.0,0.16909289360046387,0.14345337667812905,nan,nan,nan,nan,nan,nan,nan,nan,0.0,0.010624741204082966
1139,355635,22.78970389237299,0.424014326184988,10,1,0,0,0,0,0,,0.0,0.45090252161026,0.042401432618498804,nan,nan,nan,nan,nan,nan,nan,nan,0.0,0.010621772147715092
1140,355654,23.134067904880922,0.5660613942891359,19,1,0,0,0,0,0,,0.0,0.46262097358703613,0.0297927049625861,nan,nan,nan,nan,nan,nan,nan,nan,0.0,0.010641457512974739
1141,355673,24.203129453596855,0.7533525265753269,19,1,0,0,0,0,0,,0.0,0.3546505570411682,0.039650132977648786,nan,nan,nan,nan,nan,nan,nan,nan,0.0,0.010660853236913681
1142,355698,17.82934343155498,4.9454198852181435,25,1,0,0,0,0,0,,0.0,0.2744390368461609,0.19781679540872574,nan,nan,nan,nan,nan,nan,nan,nan,0.0,0.010696211829781532
1143,355938,-96.76273241844603,63.765661001205444,240,0,0,0,0,0,0,,0.0,0.14341086149215698,0.26569025417168934,nan,nan,nan,nan,nan,nan,nan,nan,0.0,0.01083668228238821
1144,355939,19.957288893412425,0.20676589012145996,1,1,0,0,0,0,0,,0.0,0.23495995998382568,0.20676589012145996,nan,nan,nan,nan,nan,nan,nan,nan,0.0,0.010836206376552582
1145,356119,3.463134960580547,17.2202053591609,180,1,0,0,0,0,0,,0.0,0.3244454562664032,0.0956678075508939,nan,nan,nan,nan,nan,nan,nan,nan,0.0,0.010759951546788216
1146,356359,-13.66355530476429,12.881200298666954,240,0,0,0,0,0,0,,0.0,0.40903279185295105,0.05367166791111231,nan,nan,nan,nan,nan,nan,nan,nan,0.0,0.010751011781394482
1147,356374,23.22329133263836,0.5588774289935827,15,1,0,0,0,0,0,,0.0,0.4418400824069977,0.037258495266238846,nan,nan,nan,nan,nan,nan,nan,nan,0.0,0.01075003296136856
1148,356396,24.074777124181935,0.903969831764698,22,1,0,0,0,0,0,,0.0,0.6179494857788086,0.041089537807486275,nan,nan,nan,nan,nan,nan,nan,nan,0.0,0.010751776397228241
1149,356421,23.898385057799306,0.6796591393649578,25,1,0,0,0,0,0,,0.0,0.4275950491428375,0.027186365574598314,nan,nan,nan,nan,nan,nan,nan,nan,0.0,0.010777928866446018
1150,356445,21.357278912837934,0.7614414915442467,24,1,0,0,0,0,0,,0.0,0.5791324973106384,0.03172672881434361,nan,nan,nan,nan,nan,nan,nan,nan,0.0,0.01076528336852789
1151,356456,21.977955380025016,1.4818387068808079,11,1,0,0,0,0,0,,0.0,0.20806670188903809,0.1347126097164371,nan,nan,nan,nan,nan,nan,nan,nan,0.0,0.010766674764454365
1152,356497,17.914530100339533,3.685012960806489,41,1,0,0,0,0,0,,0.0,0.4307621419429779,0.08987836489771925,nan,nan,nan,nan,nan,nan,nan,nan,0.0,0.010787656530737877
1153,356737,-32.19676011647165,24.525198757648468,240,0,0,0,0,0,0,,0.0,0.23278412222862244,0.10218832815686861,nan,nan,nan,nan,nan,nan,nan,nan,0.0,0.010875796899199486
1154,356870,17.759780861112986,4.012452585622668,133,1,0,0,0,0,0,,0.0,0.4677886366844177,0.030168816433253146,nan,nan,nan,nan,nan,nan,nan,nan,0.0,0.010894673876464367
1155,356886,23.91896218883011,0.7468414083123207,16,1,0,0,0,0,0,,0.0,0.4224010705947876,0.046677588019520044,nan,nan,nan,nan,nan,nan,nan,nan,0.0,0.010907789692282677
1156,356901,23.51073260587471,0.8045072145760059,15,1,0,0,0,0,0,,0.0,0.3684999942779541,0.053633814305067064,nan,nan,nan,nan,nan,nan,nan,nan,0.0,0.010912507772445679
1157,356910,21.53299688794287,1.1479180976748466,9,1,0,0,0,0,0,,0.0,0.5228384733200073,0.12754645529720518,nan,nan,nan,nan,nan,nan,nan,nan,0.0,0.010908818803727627
1158,357150,-18.68089845438528,13.011621549725533,240,0,0,0,0,0,0,,0.0,0.41801926493644714,0.05421508979052305,nan,nan,nan,nan,nan,nan,nan,nan,0.0,0.01090721134096384
1159,357193,18.452923439721598,4.216768108308315,43,1,0,0,0,0,0,,0.0,0.39337337017059326,0.09806437461182128,nan,nan,nan,nan,nan,nan,nan,nan,0.0,0.010914068669080734
1160,357211,24.782914464285618,0.5685570687055588,18,1,0,0,0,0,0,,0.0,0.4641020596027374,0.03158650381697549,nan,nan,nan,nan,nan,nan,nan,nan,0.0,0.01091061346232891
1161,357226,21.840318994610378,1.07608300447464,15,1,0,0,0,0,0,,0.0,0.3588253855705261,0.07173886696497599,nan,nan,nan,nan,nan,nan,nan,nan,0.0,0.010888945311307907
1162,357291,20.505384728122774,2.9943177588284016,65,1,0,0,0,0,0,,0.0,0.22815747559070587,0.04606642705889848,nan,nan,nan,nan,nan,nan,nan,nan,0.0,0.010831954888999462
1163,357531,-55.260577010115504,45.51843688637018,240,0,0,0,0,0,0,,0.0,0.18956436216831207,0.1896601536932091,nan,nan,nan,nan,nan,nan,nan,nan,0.0,0.010821675881743431
1164,357568,20.683017774807084,2.0374704971909523,37,1,0,0,0,0,0,,0.0,0.4257975220680237,0.055066770194350065,nan,nan,nan,nan,nan,nan,nan,nan,0.0,0.010807654820382595
1165,357808,-52.443148401723064,25.15032148733735,240,0,0,0,0,0,0,,0.0,0.2935831546783447,0.10479300619723896,nan,nan,nan,nan,nan,nan,nan,nan,0.0,0.010742301121354103
1166,357810,20.48850562436145,0.16064022481441498,2,1,0,0,0,0,0,,0.0,0.3574938476085663,0.08032011240720749,nan,nan,nan,nan,nan,nan,nan,nan,0.0,0.010742664337158203
1167,357831,23.307698833340876,0.5994094125926495,21,1,0,0,0,0,0,,0.0,0.4053121507167816,0.028543305361554736,nan,nan,nan,nan,nan,nan,nan,nan,0.0,0.010752416215837002
1168,357850,23.85136884085327,0.4529319666326046,19,1,0,0,0,0,0,,0.0,0.5317630171775818,0.023838524559610767,nan,nan,nan,nan,nan,nan,nan,nan,0.0,0.010746834799647331
1169,357867,21.6750369869658,1.9696304127573967,17,1,0,0,0,0,0,,0.0,0.2599951922893524,0.11586061251514099,nan,nan,nan,nan,nan,nan,nan,nan,0.0,0.010739801451563835
1170,358107,-108.6428683594157,54.959929924458265,240,0,0,0,0,0,0,,0.0,0.20624136924743652,0.2289997080185761,nan,nan,nan,nan,nan,nan,nan,nan,0.0,0.010639630258083344
1171,358145,22.50881365312242,2.5207872483879328,38,1,0,0,0,0,0,,0.0,0.23895345628261566,0.06633650653652455,nan,nan,nan,nan,nan,nan,nan,nan,0.0,0.010587128810584545
1172,358152,20.24562583342082,1.0502969920635223,7,1,0,0,0,0,0,,0.0,0.23261627554893494,0.15004242743764604,nan,nan,nan,nan,nan,nan,nan,nan,0.0,0.01058803778141737
1173,358170,22.52442461908022,2.3139686807990074,18,1,0,0,0,0,0,,0.0,0.4373413026332855,0.12855381559994486,nan,nan,nan,nan,nan,nan,nan,nan,0.0,0.010594310238957405
1174,358191,21.015862112083262,3.6803435534238815,21,1,0,0,0,0,0,,0.0,0.3623441755771637,0.17525445492494673,nan,nan,nan,nan,nan,nan,nan,nan,0.0,0.01060967892408371
1175,358270,15.459387544503912,6.23088301718235,79,1,0,0,0,0,0,,0.0,0.2385755330324173,0.07887193692635887,nan,nan,nan,nan,nan,nan,nan,nan,0.0,0.01067746989428997
1176,358510,-51.652510127805606,27.491795349866152,240,0,0,0,0,0,0,,0.0,0.2600632607936859,0.11454914729110896,nan,nan,nan,nan,nan,nan,nan,nan,0.0,0.010820024646818638
1177,358530,21.763322570954138,1.7356104888021946,20,1,0,0,0,0,0,,0.0,0.38468679785728455,0.08678052444010972,nan,nan,nan,nan,nan,nan,nan,nan,0.0,0.01085464283823967
1178,358537,22.35997355174702,0.31545428931713104,7,1,0,0,0,0,0,,0.0,0.42379191517829895,0.04506489847387586,nan,nan,nan,nan,nan,nan,nan,nan,0.0,0.010857111774384975
1179,358777,-388.120672338045,327.6364813968539,240,0,0,0,0,0,0,,0.2916666666666667,0.07090868800878525,0.49015200582022467,nan,nan,nan,nan,nan,nan,nan,nan,0.0,0.010717210359871387
1180,358804,20.23834592110926,4.129592023789883,27,1,0,0,0,0,0,,0.0,0.30750930309295654,0.1529478527329586,nan,nan,nan,nan,nan,nan,nan,nan,0.0,0.010739677585661411
1181,359044,-42.123396861881,29.95108336955309,240,0,0,0,0,0,0,,0.0,0.26352742314338684,0.12479618070647121,nan,nan,nan,nan,nan,nan,nan,nan,0.0,0.01085731852799654
1182,359064,21.28136741695707,3.827819526195526,20,1,0,0,0,0,0,,0.0,0.3605755865573883,0.1913909763097763,nan,nan,nan,nan,nan,nan,nan,nan,0.0,0.010870653204619884
1183,359111,12.61551626445712,11.585044212639332,47,1,0,0,0,0,0,,0.0,0.2170090228319168,0.24649030239658154,nan,nan,nan,nan,nan,nan,nan,nan,0.0,0.01090551633387804
1184,359113,20.171429418618818,0.15708468109369278,2,1,0,0,0,0,0,,0.0,0.374670147895813,0.07854234054684639,nan,nan,nan,nan,nan,nan,nan,nan,0.0,0.010909974575042725
1185,359116,20.383351244673918,0.18728449940681458,3,1,0,0,0,0,0,,0.0,0.4003705680370331,0.062428166468938194,nan,nan,nan,nan,nan,nan,nan,nan,0.0,0.010917904786765575
1186,359133,21.404678646251988,1.5852784551680088,17,1,0,0,0,0,0,,0.0,0.5335807204246521,0.09325167383341228,nan,nan,nan,nan,nan,nan,nan,nan,0.0,0.010953734628856182
1187,359373,-78.8647250907652,64.30401649326086,240,0,0,0,0,0,0,,0.0,0.1985522210597992,0.26793340205525357,nan,nan,nan,nan,nan,nan,nan,nan,0.0,0.010929812677204609
1188,359392,22.465587650924512,2.896760117262602,19,1,0,0,0,0,0,,0.0,0.41318532824516296,0.15246105880329483,nan,nan,nan,nan,nan,nan,nan,nan,0.0,0.010936115868389606
1189,359406,23.524816802268642,0.3686289247125387,14,1,0,0,0,0,0,,0.0,0.4563019573688507,0.02633063747946705,nan,nan,nan,nan,nan,nan,nan,nan,0.0,0.010913516394793987
1190,359439,19.371497833297344,4.329286564141512,33,1,0,0,0,0,0,,0.0,0.3064299523830414,0.13119050194368218,nan,nan,nan,nan,nan,nan,nan,nan,0.0,0.010909724980592728
1191,359679,-84.53549456549668,35.67598746344447,240,0,0,0,0,0,0,,0.0,0.20982077717781067,0.14864994776435198,nan,nan,nan,nan,nan,nan,nan,nan,0.0,0.010815346613526344
1192,359690,20.636183072693907,2.288969099521637,11,1,0,0,0,0,0,,0.0,0.3113390803337097,0.20808809995651245,nan,nan,nan,nan,nan,nan,nan,nan,0.0,0.010810906998813152
1193,359930,-74.67410683541637,52.04421415179968,240,0,0,0,0,0,0,,0.0,0.2126380056142807,0.21685089229916532,nan,nan,nan,nan,nan,nan,nan,nan,0.0,0.010698909871280193
1194,359944,24.320122413720263,0.9286791123449802,14,1,0,0,0,0,0,,0.0,0.30828359723091125,0.06633422231035573,nan,nan,nan,nan,nan,nan,nan,nan,0.0,0.01068020798265934
1195,359959,22.74138211489737,1.2359590157866478,15,1,0,0,0,0,0,,0.0,0.2764275074005127,0.08239726771910985,nan,nan,nan,nan,nan,nan,nan,nan,0.0,0.0106638940051198
1196,360070,12.905618909309759,6.059443514794111,111,1,0,0,0,0,0,,0.0,0.4221869707107544,0.05458958121436136,nan,nan,nan,nan,nan,nan,nan,nan,0.0,0.010668730363249779
1197,360083,22.676219299923083,0.6973578967154026,13,1,0,0,0,0,0,,0.0,0.3874894678592682,0.053642915131954044,nan,nan,nan,nan,nan,nan,nan,nan,0.0,0.010672582313418388
1198,360094,21.076358824140655,2.5259922817349434,11,1,0,0,0,0,0,,0.0,0.1349688172340393,0.22963566197590393,nan,nan,nan,nan,nan,nan,nan,nan,0.0,0.01067816186696291
1199,360107,22.02759385315409,1.5912277847528458,13,1,0,0,0,0,0,,0.0,0.38818255066871643,0.12240213728868045,nan,nan,nan,nan,nan,nan,nan,nan,0.0,0.010695014148950577
1200,360124,24.607870892291228,0.7070891745388508,17,1,0,0,0,0,0,,0.0,0.3654271066188812,0.04159348085522652,nan,nan,nan,nan,nan,nan,nan,nan,0.0,0.010729430243372917
1201,360364,-18.583691639968624,10.130439475178719,240,0,0,0,0,0,0,,0.0,0.2854352295398712,0.04221016447991133,nan,nan,nan,nan,nan,nan,nan,nan,0.0,0.010723477229475975
1202,360604,-104.3610518418214,31.207183703780174,240,0,0,0,0,0,0,,0.0,0.22799572348594666,0.13002993209908406,nan,nan,nan,nan,nan,nan,nan,nan,0.0,0.01067771390080452
1203,360639,21.267146093584955,2.7094023004174232,35,1,0,0,0,0,0,,0.0,0.44328948855400085,0.07741149429764066,nan,nan,nan,nan,nan,nan,nan,nan,0.0,0.010691434144973755
1204,360652,23.189647404442912,1.0158770717680454,13,1,0,0,0,0,0,,0.0,0.259426087141037,0.0781443901360035,nan,nan,nan,nan,nan,nan,nan,nan,0.0,0.010706024244427681
1205,360680,20.330978372602292,2.2951407432556152,28,1,0,0,0,0,0,,0.0,0.4152180254459381,0.08196931225912911,nan,nan,nan,nan,nan,nan,nan,nan,0.0,0.010737891308963299
1206,360704,22.435803576099136,1.2946070320904255,24,1,0,0,0,0,0,,0.0,0.36334100365638733,0.05394195967043439,nan,nan,nan,nan,nan,nan,nan,nan,0.0,0.010756771080195904
1207,360944,-46.094208650005,23.350059363991022,240,0,0,0,0,0,0,,0.0,0.32111838459968567,0.09729191401662926,nan,nan,nan,nan,nan,nan,nan,nan,0.0,0.010626301169395447
1208,360950,20.851908048057417,0.2802940867841244,6,1,0,0,0,0,0,,0.0,0.4441884756088257,0.04671568113068739,nan,nan,nan,nan,nan,nan,nan,nan,0.0,0.010625161230564117
1209,361190,-59.02533995088702,12.294483063742518,240,0,0,0,0,0,0,,0.0,0.41396456956863403,0.05122701276559383,nan,nan,nan,nan,nan,nan,nan,nan,0.0,0.010689460672438145
1210,361430,-72.08647773870581,51.369399510324,240,0,0,0,0,0,0,,0.0,0.17577235400676727,0.21403916462635,nan,nan,nan,nan,nan,nan,nan,nan,0.0,0.010687172412872314
1211,361437,22.49625532382118,0.23224681057035923,7,1,0,0,0,0,0,,0.0,0.6670303344726562,0.03317811579576561,nan,nan,nan,nan,nan,nan,nan,nan,0.0,0.010700088925659657
1212,361483,17.247150177272573,3.814770758152008,46,1,0,0,0,0,0,,0.0,0.35702836513519287,0.08292979909026105,nan,nan,nan,nan,nan,nan,nan,nan,0.0,0.010732905007898808
1213,361508,24.718404892247815,0.6449679471552372,25,1,0,0,0,0,0,,0.0,0.49777594208717346,0.025798717886209487,nan,nan,nan,nan,nan,nan,nan,nan,0.0,0.010748925618827343
1214,361519,23.796550581714534,0.3870145883411169,11,1,0,0,0,0,0,,0.0,0.5859186053276062,0.03518314439464699,nan,nan,nan,nan,nan,nan,nan,nan,0.0,0.01074910070747137
1215,361759,-53.69391754186725,35.535627134144306,240,0,0,0,0,0,0,,0.0,0.24504242837429047,0.1480651130589346,nan,nan,nan,nan,nan,nan,nan,nan,0.0,0.010756278410553932
1216,361999,-59.907303878076,51.64273362606764,240,0,0,0,0,0,0,,0.0,0.2131439745426178,0.21517805677528182,nan,nan,nan,nan,nan,nan,nan,nan,0.0,0.010677234269678593
1217,362239,-42.09589622215555,8.101524192839861,240,0,0,0,0,0,0,,0.0,0.2763614356517792,0.03375635080349942,nan,nan,nan,nan,nan,nan,nan,nan,0.0,0.010689175687730312
1218,362254,21.868718469694464,0.4474579840898514,15,1,0,0,0,0,0,,0.0,0.5752781629562378,0.029830532272656758,nan,nan,nan,nan,nan,nan,nan,nan,0.0,0.010711564682424068
1219,362273,22.73054473699049,0.8514978140592575,19,1,0,0,0,0,0,,0.0,0.4462248384952545,0.04481567442417145,nan,nan,nan,nan,nan,nan,nan,nan,0.0,0.010740906931459904
1220,362513,-53.09482646909303,47.80882103741169,240,0,0,0,0,0,0,,0.0,0.19178959727287292,0.19920342098921537,nan,nan,nan,nan,nan,nan,nan,nan,0.0,0.010718027129769325
1221,362566,17.768704954987665,5.974523775279522,53,1,0,0,0,0,0,,0.0,0.33962494134902954,0.11272686368451929,nan,nan,nan,nan,nan,nan,nan,nan,0.0,0.010643558576703072
1222,362594,20.480236420464667,1.2141786180436611,28,1,0,0,0,0,0,,0.0,0.4939320981502533,0.043363522072987895,nan,nan,nan,nan,nan,nan,nan,nan,0.0,0.010651006363332272
1223,362659,14.964741332199244,7.280311673879623,65,1,0,0,0,0,0,,0.0,0.319382905960083,0.11200479498276343,nan,nan,nan,nan,nan,nan,nan,nan,0.0,0.010622071102261543
1224,362795,15.479715554120343,4.600610874593258,136,1,0,0,0,0,0,,0.0,0.4209165871143341,0.03382802113671513,nan,nan,nan,nan,nan,nan,nan,nan,0.0,0.01059845369309187
1225,362809,24.413979826168404,0.6022694744169712,14,1,0,0,0,0,0,,0.0,0.3870414197444916,0.0430192481726408,nan,nan,nan,nan,nan,nan,nan,nan,0.0,0.01061719935387373
1226,363049,-131.8608147640647,73.47426587343216,240,0,0,0,0,0,0,,0.03333333333333333,0.07144635170698166,0.206142774472634,nan,nan,nan,nan,nan,nan,nan,nan,0.0,0.010480139404535294
1227,363289,-15.360533164395573,10.767637815326452,240,0,0,0,0,0,0,,0.0,0.45539194345474243,0.04486515756386022,nan,nan,nan,nan,nan,nan,nan,nan,0.0,0.010252554900944233
1228,363327,22.239882301976177,0.8459237590432167,38,1,0,0,0,0,0,,0.0,0.5644513368606567,0.02226115155376886,nan,nan,nan,nan,nan,nan,nan,nan,0.0,0.010278292931616306
1229,363345,21.754470824002937,2.4529151655733585,18,1,0,0,0,0,0,,0.0,0.44255444407463074,0.13627306475407547,nan,nan,nan,nan,nan,nan,nan,nan,0.0,0.01028849184513092
1230,363350,21.91800071425298,0.15353613533079624,5,1,0,0,0,0,0,,0.0,0.5215843319892883,0.03070722706615925,nan,nan,nan,nan,nan,nan,nan,nan,0.0,0.010291166603565216
1231,363367,23.304780386131185,1.4876939505338669,17,1,0,0,0,0,0,,0.0,0.25445064902305603,0.08751140885493335,nan,nan,nan,nan,nan,nan,nan,nan,0.0,0.010286642238497734
1232,363607,-26.45501901288781,22.516043305397034,240,0,0,0,0,0,0,,0.0,0.29973965883255005,0.09381684710582097,nan,nan,nan,nan,nan,nan,nan,nan,0.0,0.010374299250543118
1233,363626,23.65660604949475,1.2750193886458874,19,1,0,0,0,0,0,,0.0,0.30946528911590576,0.06710628361294144,nan,nan,nan,nan,nan,nan,nan,nan,0.0,0.0103690717369318
1234,363639,20.103427583089484,1.7135796770453453,13,1,0,0,0,0,0,,0.0,0.30213749408721924,0.1318138213111804,nan,nan,nan,nan,nan,nan,nan,nan,0.0,0.010363026522099972
1235,363664,22.39023351555865,1.4035492613911629,25,1,0,0,0,0,0,,0.0,0.40714558959007263,0.05614197045564651,nan,nan,nan,nan,nan,nan,nan,nan,0.0,0.01032568234950304
1236,363904,-22.610751419125606,16.2060590647161,240,0,0,0,0,0,0,,0.0,0.33953624963760376,0.06752524610298376,nan,nan,nan,nan,nan,nan,nan,nan,0.0,0.010381667874753475
1237,363915,23.26023542011111,0.28840145841240883,11,1,0,0,0,0,0,,0.0,0.4938330352306366,0.026218314401128075,nan,nan,nan,nan,nan,nan,nan,nan,0.0,0.010382157750427723
1238,363929,21.91705824601883,2.9308304116129875,14,1,0,0,0,0,0,,0.0,0.2935512661933899,0.20934502940092767,nan,nan,nan,nan,nan,nan,nan,nan,0.0,0.010381706990301609
1239,363950,21.863257377610907,0.8206551801413298,21,1,0,0,0,0,0,,0.0,0.508243203163147,0.03907881810196808,nan,nan,nan,nan,nan,nan,nan,nan,0.0,0.010370471514761448
1240,363955,21.023309893586628,0.3814639300107956,5,1,0,0,0,0,0,,0.0,0.3436300754547119,0.07629278600215912,nan,nan,nan,nan,nan,nan,nan,nan,0.0,0.010369818657636642
1241,363975,23.973658984715406,0.7208982221782207,20,1,0,0,0,0,0,,0.0,0.49268510937690735,0.03604491110891104,nan,nan,nan,nan,nan,nan,nan,nan,0.0,0.010389615781605244
1242,364215,-184.80439792444494,27.516457084566355,240,0,0,0,0,0,0,,0.0,0.25284263491630554,0.11465190451902647,nan,nan,nan,nan,nan,nan,nan,nan,0.0,0.010256852954626083
1243,364225,24.89237545697134,0.5186767056584358,10,1,0,0,0,0,0,,0.0,0.4033408463001251,0.051867670565843585,nan,nan,nan,nan,nan,nan,nan,nan,0.0,0.010269214399158955
1244,364273,18.404123049575734,3.6617044806480408,48,1,0,0,0,0,0,,0.0,0.3667915165424347,0.07628551001350085,nan,nan,nan,nan,nan,nan,nan,nan,0.0,0.010304071009159088
1245,364296,22.774703077081952,2.5225477293133736,23,1,0,0,0,0,0,,0.0,0.3232496976852417,0.10967598823101624,nan,nan,nan,nan,nan,nan,nan,nan,0.0,0.010327622294425964
1246,364316,21.251281512486376,0.7183639705181122,20,1,0,0,0,0,0,,0.0,0.4932461380958557,0.03591819852590561,nan,nan,nan,nan,nan,nan,nan,nan,0.0,0.010329282842576504
1247,364334,20.02556663602484,2.0238246619701385,18,1,0,0,0,0,0,,0.0,0.2782129645347595,0.11243470344278547,nan,nan,nan,nan,nan,nan,nan,nan,0.0,0.010345904156565666
1248,364345,21.098257069194656,2.46860009431839,11,1,0,0,0,0,0,,0.0,0.2267218828201294,0.2244181903925809,nan,nan,nan,nan,nan,nan,nan,nan,0.0,0.010349441319704056
1249,364366,20.95213039677823,2.7594495490193367,21,1,0,0,0,0,0,,0.0,0.3195013403892517,0.13140235947711126,nan,nan,nan,nan,nan,nan,nan,nan,0.0,0.010349475778639317
1250,364606,-205.1279158755914,18.692115368321538,240,0,0,0,0,0,0,,0.0,0.39808133244514465,0.07788381403467308,nan,nan,nan,nan,nan,nan,nan,nan,0.0,0.010582707822322845
1251,364615,21.82669089739956,0.7503245770931244,9,1,0,0,0,0,0,,0.0,0.3538914620876312,0.0833693974547916,nan,nan,nan,nan,nan,nan,nan,nan,0.0,0.010591072961688042
1252,364647,18.552857833024113,4.814969323575497,32,1,0,0,0,0,0,,0.0,0.3440610468387604,0.15046779136173427,nan,nan,nan,nan,nan,nan,nan,nan,0.0,0.010577400214970112
1253,364876,5.500640858717649,11.454752624034882,229,1,0,0,0,0,0,,0.0,0.2686701714992523,0.050020753816746207,nan,nan,nan,nan,nan,nan,nan,nan,0.0,0.010932466015219688
1254,364903,21.270779639619217,1.5572058781981468,27,1,0,0,0,0,0,,0.0,0.5111765265464783,0.05767429178511655,nan,nan,nan,nan,nan,nan,nan,nan,0.0,0.01094771921634674
1255,364909,21.093897475723647,0.18485857173800468,6,1,0,0,0,0,0,,0.0,0.5326568484306335,0.030809761956334114,nan,nan,nan,nan,nan,nan,nan,nan,0.0,0.010954868979752064
1256,364949,14.657672130498351,8.548087477684021,40,1,0,0,0,0,0,,0.0,0.25470471382141113,0.21370218694210052,nan,nan,nan,nan,nan,nan,nan,nan,0.0,0.010964389890432358
1257,364965,21.700615375902757,0.6681734807789326,16,1,0,0,0,0,0,,0.0,0.4802067279815674,0.041760842548683286,nan,nan,nan,nan,nan,nan,nan,nan,0.0,0.010959257371723652
1258,364980,25.323663825425854,0.4516817945986986,15,1,0,0,0,0,0,,0.0,0.5157052874565125,0.03011211963991324,nan,nan,nan,nan,nan,nan,nan,nan,0.0,0.010955196805298328
1259,365005,21.151379450059576,3.8326887413859367,25,1,0,0,0,0,0,,0.0,0.3343328833580017,0.15330754965543747,nan,nan,nan,nan,nan,nan,nan,nan,0.0,0.01093255914747715
1260,365042,21.48563490586401,2.322649657726288,37,1,0,0,0,0,0,,0.0,0.3037678003311157,0.06277431507368346,nan,nan,nan,nan,nan,nan,nan,nan,0.0,0.010930870659649372
1261,365058,22.60368115196468,2.582180965691805,16,1,0,0,0,0,0,,0.0,0.1351887732744217,0.1613863103557378,nan,nan,nan,nan,nan,nan,nan,nan,0.0,0.0109361307695508
1262,365065,21.862782929666526,0.7152090445160866,7,1,0,0,0,0,0,,0.0,0.33193013072013855,0.10217272064515523,nan,nan,nan,nan,nan,nan,nan,nan,0.0,0.01093745045363903
1263,365110,19.533544524013042,4.361666249111295,45,1,0,0,0,0,0,,0.0,0.3773176968097687,0.09692591664691766,nan,nan,nan,nan,nan,nan,nan,nan,0.0,0.010984930209815502
1264,365131,21.523418939615887,0.9900399781763554,21,1,0,0,0,0,0,,0.0,0.48746830224990845,0.04714476086554073,nan,nan,nan,nan,nan,nan,nan,nan,0.0,0.010982798412442207
1265,365166,17.762726298439357,6.650768980383873,35,1,0,0,0,0,0,,0.0,0.28032562136650085,0.19002197086811065,nan,nan,nan,nan,nan,nan,nan,nan,0.0,0.010923471301794052
1266,365406,-40.28416646836692,14.635547753423452,240,0,0,0,0,0,0,,0.0,0.2892906367778778,0.06098144897259772,nan,nan,nan,nan,nan,nan,nan,nan,0.0,0.010846462100744247
1267,365425,23.071123524751265,1.775618389248848,19,1,0,0,0,0,0,,0.0,0.25308552384376526,0.0934535994341499,nan,nan,nan,nan,nan,nan,nan,nan,0.0,0.010819689370691776
1268,365665,-35.3959843812059,12.934345826506615,240,0,0,0,0,0,0,,0.0,0.34937411546707153,0.053893107610444226,nan,nan,nan,nan,nan,nan,nan,nan,0.0,0.01054839976131916
1269,365715,15.75131622188206,6.741272620856762,50,1,0,0,0,0,0,,0.0,0.3253451883792877,0.13482545241713523,nan,nan,nan,nan,nan,nan,nan,nan,0.0,0.010596624575555325
1270,365726,22.801088912898145,0.9213727228343487,11,1,0,0,0,0,0,,0.0,0.2792218029499054,0.08376115662130443,nan,nan,nan,nan,nan,nan,nan,nan,0.0,0.01059729140251875
1271,365741,24.485741153764913,0.41898128762841225,15,1,0,0,0,0,0,,0.0,0.44427379965782166,0.02793208584189415,nan,nan,nan,nan,nan,nan,nan,nan,0.0,0.010618500411510468
1272,365981,-31.11471251299876,21.70588379353285,240,0,0,0,0,0,0,,0.0,0.3313964903354645,0.09044118247305354,nan,nan,nan,nan,nan,nan,nan,nan,0.0,0.01067203376442194
1273,365993,24.222850901894773,0.8114627413451672,12,1,0,0,0,0,0,,0.0,0.3031601309776306,0.06762189511209726,nan,nan,nan,nan,nan,nan,nan,nan,0.0,0.01066858321428299
1274,366003,22.827851517650082,1.082409307360649,10,1,0,0,0,0,0,,0.0,0.42317867279052734,0.10824093073606492,nan,nan,nan,nan,nan,nan,nan,nan,0.0,0.010666919872164726
1275,366077,20.476710201617614,3.5566910170018673,74,1,0,0,0,0,0,,0.0,0.44608157873153687,0.048063392121646856,nan,nan,nan,nan,nan,nan,nan,nan,0.0,0.010585013777017593
1276,366317,-47.50665957169265,42.74452558159828,240,0,0,0,0,0,0,,0.0,0.21487462520599365,0.1781021899233262,nan,nan,nan,nan,nan,nan,nan,nan,0.0,0.010576765052974224
1277,366387,18.39489813270474,5.957941140979528,70,1,0,0,0,0,0,,0.0,0.34879112243652344,0.08511344487113612,nan,nan,nan,nan,nan,nan,nan,nan,0.0,0.010557159781455994
1278,366404,24.19723239628454,1.2125115618109703,17,1,0,0,0,0,0,,0.0,0.32248568534851074,0.07132420951829237,nan,nan,nan,nan,nan,nan,nan,nan,0.0,0.010548978112637997
1279,366421,24.248138218164584,0.6394733563065529,17,1,0,0,0,0,0,,0.0,0.4283924996852875,0.037616079782738406,nan,nan,nan,nan,nan,nan,nan,nan,0.0,0.010545135475695133
1280,366440,22.421131381496572,1.664298065006733,19,1,0,0,0,0,0,,0.0,0.3622491657733917,0.08759463500035436,nan,nan,nan,nan,nan,nan,nan,nan,0.0,0.010546689853072166
1281,366478,15.96791996303938,7.530325539410114,38,1,0,0,0,0,0,,0.0,0.2456105500459671,0.19816646156342407,nan,nan,nan,nan,nan,nan,nan,nan,0.0,0.01052874606102705
1282,366486,21.302792225359074,1.2361424416303635,8,1,0,0,0,0,0,,0.0,0.48610031604766846,0.15451780520379543,nan,nan,nan,nan,nan,nan,nan,nan,0.0,0.010531502775847912
1283,366501,22.547980373097097,0.7881445251405239,15,1,0,0,0,0,0,,0.0,0.38453546166419983,0.05254296834270159,nan,nan,nan,nan,nan,nan,nan,nan,0.0,0.010534701868891716
1284,366741,-175.61656442924325,56.102629724889994,240,0,0,0,0,0,0,,0.0,0.17760078608989716,0.23376095718704165,nan,nan,nan,nan,nan,nan,nan,nan,0.0,0.010699732229113579
1285,366760,22.46354624907146,1.6364143826067448,19,1,0,0,0,0,0,,0.0,0.35733574628829956,0.08612707276877604,nan,nan,nan,nan,nan,nan,nan,nan,0.0,0.010702782310545444
1286,366772,24.15150458721304,0.9656912460923195,12,1,0,0,0,0,0,,0.0,0.23982587456703186,0.08047427050769329,nan,nan,nan,nan,nan,nan,nan,nan,0.0,0.010702583938837051
1287,366789,23.824243338551955,0.4086254667490721,17,1,0,0,0,0,0,,0.0,0.5091934204101562,0.024036792161710122,nan,nan,nan,nan,nan,nan,nan,nan,0.0,0.010712647810578346
1288,366840,15.466425052978458,5.938785390928388,51,1,0,0,0,0,0,,0.0,0.3355585038661957,0.11644677237114485,nan,nan,nan,nan,nan,nan,nan,nan,0.0,0.01071328017860651
1289,367080,-30.068770256895473,12.36148552596569,240,0,0,0,0,0,0,,0.0,0.212272509932518,0.051506189691523714,nan,nan,nan,nan,nan,nan,nan,nan,0.0,0.010785008780658245
1290,367320,-49.53224216524419,47.179104425013065,240,0,0,0,0,0,0,,0.0,0.21787278354167938,0.19657960177088776,nan,nan,nan,nan,nan,nan,nan,nan,0.0,0.01080578938126564
1291,367560,-63.70968994261076,47.50828701257706,240,0,0,0,0,0,0,,0.0,0.1860199123620987,0.19795119588573773,nan,nan,nan,nan,nan,nan,nan,nan,0.0,0.010721187107264996
1292,367574,21.438213023854367,0.4547858238220215,14,1,0,0,0,0,0,,0.0,0.5137078166007996,0.032484701701572964,nan,nan,nan,nan,nan,nan,nan,nan,0.0,0.010700879618525505
1293,367814,-56.869540000775125,8.244869897142053,240,0,0,0,0,0,0,,0.0,0.39373779296875,0.03435362457142522,nan,nan,nan,nan,nan,nan,nan,nan,0.0,0.010649132542312145
1294,367850,20.12519468942364,2.5714327692985535,36,1,0,0,0,0,0,,0.0,0.4024190306663513,0.07142868803607093,nan,nan,nan,nan,nan,nan,nan,nan,0.0,0.010691586881875992
1295,368090,-38.07198198361905,22.77867891639471,240,0,0,0,0,0,0,,0.0,0.28627774119377136,0.09491116215164462,nan,nan,nan,nan,nan,nan,nan,nan,0.0,0.010783650912344456
1296,368100,23.127030476344498,0.4540911987423897,10,1,0,0,0,0,0,,0.0,0.39540210366249084,0.04540911987423897,nan,nan,nan,nan,nan,nan,nan,nan,0.0,0.010773926973342896
1297,368114,23.548801440503006,0.5547206625342369,14,1,0,0,0,0,0,,0.0,0.40952828526496887,0.03962290446673121,nan,nan,nan,nan,nan,nan,nan,nan,0.0,0.010767706669867039
1298,368149,14.063140013068692,8.821446292102337,35,1,0,0,0,0,0,,0.0,0.2311994731426239,0.2520413226314953,nan,nan,nan,nan,nan,nan,nan,nan,0.0,0.01073247566819191
1299,368155,22.553509114177622,0.45581212267279625,6,1,0,0,0,0,0,,0.0,0.5763153433799744,0.07596868711213271,nan,nan,nan,nan,nan,nan,nan,nan,0.0,0.010719877667725086
1300,368165,21.850386500779067,1.1334069222211838,10,1,0,0,0,0,0,,0.0,0.35126686096191406,0.11334069222211837,nan,nan,nan,nan,nan,nan,nan,nan,0.0,0.010723251849412918
1301,368173,22.51492542093579,0.29694961197674274,8,1,0,0,0,0,0,,0.0,0.4348258674144745,0.03711870149709284,nan,nan,nan,nan,nan,nan,nan,nan,0.0,0.010731851682066917
1302,368194,22.817319440408077,1.2073420770466328,21,1,0,0,0,0,0,,0.0,0.33801141381263733,0.05749247985936347,nan,nan,nan,nan,nan,nan,nan,nan,0.0,0.010752519592642784
1303,368211,25.820057480329893,0.4854049514979124,17,1,0,0,0,0,0,,0.0,0.5176103711128235,0.02855323244105367,nan,nan,nan,nan,nan,nan,nan,nan,0.0,0.010766551829874516
1304,368226,21.039080599888248,2.775169938802719,15,1,0,0,0,0,0,,0.0,0.3684055209159851,0.1850113292535146,nan,nan,nan,nan,nan,nan,nan,nan,0.0,0.010771198198199272
1305,368242,23.193978323034152,1.2888504676520824,16,1,0,0,0,0,0,,0.0,0.24385526776313782,0.08055315422825515,nan,nan,nan,nan,nan,nan,nan,nan,0.0,0.01076001301407814
1306,368254,22.24798634562891,1.0358508192002773,12,1,0,0,0,0,0,,0.0,0.2781203091144562,0.0863209016000231,nan,nan,nan,nan,nan,nan,nan,nan,0.0,0.010747551918029785
1307,368274,24.144916972786476,0.6669336389750242,20,1,0,0,0,0,0,,0.0,0.5017499327659607,0.03334668194875121,nan,nan,nan,nan,nan,nan,nan,nan,0.0,0.010721365921199322
1308,368309,18.885406321492464,6.1744489595294,35,1,0,0,0,0,0,,0.0,0.29274982213974,0.1764128274151257,nan,nan,nan,nan,nan,nan,nan,nan,0.0,0.01065017282962799
1309,368315,21.50369585467536,0.6312746331095695,6,1,0,0,0,0,0,,0.0,0.3054690659046173,0.10521243885159492,nan,nan,nan,nan,nan,nan,nan,nan,0.0,0.010642655193805695
1310,368334,24.513517728559812,1.3192248567938805,19,1,0,0,0,0,0,,0.0,0.21015667915344238,0.06943288719967793,nan,nan,nan,nan,nan,nan,nan,nan,0.0,0.01062206644564867
1311,368353,21.103414631742375,2.3089629113674164,19,1,0,0,0,0,0,,0.0,0.34649696946144104,0.12152436375617981,nan,nan,nan,nan,nan,nan,nan,nan,0.0,0.01062209066003561
1312,368593,-70.96529510525322,50.526844032108784,240,0,0,0,0,0,0,,0.0,0.18504343926906586,0.21052851680045326,nan,nan,nan,nan,nan,nan,nan,nan,0.0,0.01073167659342289
1313,368606,25.419401682675606,0.4067236687988043,13,1,0,0,0,0,0,,0.0,0.523854672908783,0.03128643606144648,nan,nan,nan,nan,nan,nan,nan,nan,0.0,0.010735638439655304
1314,368642,20.81376211661218,3.052558546885848,36,1,0,0,0,0,0,,0.0,0.17511816322803497,0.08479329296905133,nan,nan,nan,nan,nan,nan,nan,nan,0.0,0.010757576674222946
1315,368655,22.98995268593268,1.7964647486805916,13,1,0,0,0,0,0,,0.0,0.31301265954971313,0.1381895960523532,nan,nan,nan,nan,nan,nan,nan,nan,0.0,0.010767660103738308
1316,368670,22.196017805615888,1.5723714902997017,15,1,0,0,0,0,0,,0.0,0.28419673442840576,0.10482476601998011,nan,nan,nan,nan,nan,nan,nan,nan,0.0,0.010792098008096218
1317,368697,22.53874227453052,1.508759018033743,27,1,0,0,0,0,0,,0.0,0.5000251531600952,0.05587996363087937,nan,nan,nan,nan,nan,nan,nan,nan,0.0,0.01081629004329443
1318,368717,23.403419666617378,0.86530776694417,20,1,0,0,0,0,0,,0.0,0.4245104491710663,0.0432653883472085,nan,nan,nan,nan,nan,nan,nan,nan,0.0,0.010809514671564102
1319,368741,24.7371532816063,0.9320212863385677,24,1,0,0,0,0,0,,0.0,0.4229887127876282,0.03883422026410699,nan,nan,nan,nan,nan,nan,nan,nan,0.0,0.010794748552143574
1320,368981,-60.92434056203447,46.24279157817364,240,0,0,0,0,0,0,,0.0,0.20464418828487396,0.19267829824239016,nan,nan,nan,nan,nan,nan,nan,nan,0.0,0.01070416159927845
1321,368992,15.879173029280041,7.478605270385742,11,1,0,0,0,0,0,,0.09090909090909091,0.11018276959657669,0.4071459336714311,nan,nan,nan,nan,nan,nan,nan,nan,0.0,0.010703038424253464
1322,369003,20.84775998574529,0.6837584041059017,11,1,0,0,0,0,0,,0.0,0.40345656871795654,0.06215985491871834,nan,nan,nan,nan,nan,nan,nan,nan,0.0,0.010697206482291222
1323,369030,21.59045078099066,1.6274254620075226,27,1,0,0,0,0,0,,0.0,0.44172802567481995,0.060275017111389724,nan,nan,nan,nan,nan,nan,nan,nan,0.0,0.010708699934184551
1324,369083,22.930976426551425,2.2713427394628525,53,1,0,0,0,0,0,,0.0,0.4275701940059662,0.042855523386091554,nan,nan,nan,nan,nan,nan,nan,nan,0.0,0.010684007778763771
1325,369107,21.850791704472346,2.9452687427401543,24,1,0,0,0,0,0,,0.0,0.24137917160987854,0.12271953094750643,nan,nan,nan,nan,nan,nan,nan,nan,0.0,0.010686545632779598
1326,369347,-43.54378993914032,8.60860220901668,240,0,0,0,0,0,0,,0.0,0.5272278189659119,0.03586917587090284,nan,nan,nan,nan,nan,nan,nan,nan,0.0,0.010625368915498257
1327,369372,24.934010109259965,1.0202550012618303,25,1,0,0,0,0,0,,0.0,0.3624930679798126,0.040810200050473214,nan,nan,nan,nan,nan,nan,nan,nan,0.0,0.010630147531628609
1328,369393,21.41872511925815,3.2172364071011543,21,1,0,0,0,0,0,,0.0,0.3879344165325165,0.15320173367148354,nan,nan,nan,nan,nan,nan,nan,nan,0.0,0.0106064323335886
1329,369429,21.81245422836001,2.2089887633919716,36,1,0,0,0,0,0,,0.0,0.4057008624076843,0.06136079898311032,nan,nan,nan,nan,nan,nan,nan,nan,0.0,0.01055180560797453
1330,369541,11.068035997120296,10.482379999011755,112,1,0,0,0,0,0,,0.0,0.3428623378276825,0.09359267856260496,nan,nan,nan,nan,nan,nan,nan,nan,0.0,0.010633504018187523
1331,369555,22.894681779882866,1.7900989204645157,14,1,0,0,0,0,0,,0.0,0.45669952034950256,0.12786420860460826,nan,nan,nan,nan,nan,nan,nan,nan,0.0,0.010620957240462303
1332,369563,21.53488254090409,0.8168733790516853,8,1,0,0,0,0,0,,0.0,0.3501861095428467,0.10210917238146067,nan,nan,nan,nan,nan,nan,nan,nan,0.0,0.01061327662318945
1333,369591,20.256323921986795,2.205502398312092,28,1,0,0,0,0,0,,0.0,0.189090758562088,0.07876794279686042,nan,nan,nan,nan,nan,nan,nan,nan,0.0,0.010624143294990063
1334,369597,22.270823501124298,0.3566468395292759,6,1,0,0,0,0,0,,0.0,0.3479984998703003,0.05944113992154598,nan,nan,nan,nan,nan,nan,nan,nan,0.0,0.010618667118251324
1335,369632,22.230268014750422,2.7554125748574734,35,1,0,0,0,0,0,,0.0,0.38160210847854614,0.07872607356735638,nan,nan,nan,nan,nan,nan,nan,nan,0.0,0.01057885866612196
1336,369675,18.266015225455053,6.669215150177479,43,1,0,0,0,0,0,,0.0,0.2939598560333252,0.15509802674831347,nan,nan,nan,nan,nan,nan,nan,nan,0.0,0.010576004162430763
1337,369693,23.10079004270862,1.2129070684313774,18,1,0,0,0,0,0,,0.0,0.32194674015045166,0.06738372602396542,nan,nan,nan,nan,nan,nan,nan,nan,0.0,0.01057448610663414
1338,369715,22.884875163192998,1.0585469976067543,22,1,0,0,0,0,0,,0.0,0.2796652913093567,0.04811577261848883,nan,nan,nan,nan,nan,nan,nan,nan,0.0,0.010550280101597309
1339,369955,-86.93339873838205,70.75946774333715,240,0,0,0,0,0,0,,0.0,0.178285151720047,0.2948311155972381,nan,nan,nan,nan,nan,nan,nan,nan,0.0,0.010586393065750599
1340,370178,-8.83620563718501,27.692439056932926,223,1,0,0,0,0,0,,0.0,0.2970743179321289,0.1241813410624795,nan,nan,nan,nan,nan,nan,nan,nan,0.0,0.0106606250628829
1341,370198,22.226259507666725,3.0460091531276703,20,1,0,0,0,0,0,,0.0,0.300880491733551,0.1523004576563835,nan,nan,nan,nan,nan,nan,nan,nan,0.0,0.010661905631422997
1342,370438,-23.02220450781829,12.761642791330814,240,0,0,0,0,0,0,,0.0,0.41948801279067993,0.05317351163054506,nan,nan,nan,nan,nan,nan,nan,nan,0.0,0.010596766136586666
1343,370455,21.189230747098968,1.9180171266198158,17,1,0,0,0,0,0,,0.0,0.25446006655693054,0.11282453685998917,nan,nan,nan,nan,nan,nan,nan,nan,0.0,0.010627694427967072
1344,370466,21.899827547271485,0.7249821200966835,11,1,0,0,0,0,0,,0.0,0.5352542400360107,0.06590746546333487,nan,nan,nan,nan,nan,nan,nan,nan,0.0,0.010652509517967701
1345,370467,20.105773128231235,0.03681793436408043,1,1,0,0,0,0,0,,0.0,0.49547427892684937,0.03681793436408043,nan,nan,nan,nan,nan,nan,nan,nan,0.0,0.010654577985405922
1346,370707,-45.76619804507348,36.68078529834747,240,0,0,0,0,0,0,,0.0,0.2279967963695526,0.15283660540978114,nan,nan,nan,nan,nan,nan,nan,nan,0.0,0.010809479281306267
1347,370717,20.3736356352302,2.6610174030065536,10,1,0,0,0,0,0,,0.0,0.1625727415084839,0.26610174030065536,nan,nan,nan,nan,nan,nan,nan,nan,0.0,0.010824065655469894
1348,370957,-30.357183729969332,22.195918820798397,240,0,0,0,0,0,0,,0.0,0.3439086079597473,0.09248299508665998,nan,nan,nan,nan,nan,nan,nan,nan,0.0,0.010650889948010445
1349,370976,22.221371034058993,3.40821722894907,19,1,0,0,0,0,0,,0.0,0.3867371082305908,0.1793798541552142,nan,nan,nan,nan,nan,nan,nan,nan,0.0,0.010627963580191135
1350,371216,-38.04596042281524,33.711487758904696,240,0,0,0,0,0,0,,0.0,0.2577373683452606,0.14046453232876957,nan,nan,nan,nan,nan,nan,nan,nan,0.0,0.010750243440270424
1351,371232,21.834193849698266,1.9615625515580177,16,1,0,0,0,0,0,,0.0,0.21700003743171692,0.12259765947237611,nan,nan,nan,nan,nan,nan,nan,nan,0.0,0.010748757049441338
1352,371293,10.693971284084308,12.472613170742989,61,1,0,0,0,0,0,,0.0,0.22489897906780243,0.20446906837283588,nan,nan,nan,nan,nan,nan,nan,nan,0.0,0.01075048465281725
1353,371533,-59.0606568292124,9.696877431124449,240,0,0,0,0,0,0,,0.0,0.2852681577205658,0.04040365596301854,nan,nan,nan,nan,nan,nan,nan,nan,0.0,0.010496048256754875
1354,371555,22.706778300440256,1.301370069384575,22,1,0,0,0,0,0,,0.0,0.27767008543014526,0.05915318497202613,nan,nan,nan,nan,nan,nan,nan,nan,0.0,0.010520831681787968
1355,371576,23.928028815702625,1.075613122433424,21,1,0,0,0,0,0,,0.0,0.3869037330150604,0.05121967249682972,nan,nan,nan,nan,nan,nan,nan,nan,0.0,0.010518058203160763
1356,371600,19.896163242057533,2.5673513412475586,24,1,0,0,0,0,0,,0.0,0.37123653292655945,0.10697297255198161,nan,nan,nan,nan,nan,nan,nan,nan,0.0,0.01055220328271389
1357,371621,23.01985933836495,0.8302448596805334,21,1,0,0,0,0,0,,0.0,0.34226489067077637,0.03953546950859683,nan,nan,nan,nan,nan,nan,nan,nan,0.0,0.010584545321762562
1358,371638,23.328396810507883,1.602157212793827,17,1,0,0,0,0,0,,0.0,0.3799205720424652,0.09424454192904864,nan,nan,nan,nan,nan,nan,nan,nan,0.0,0.010616091080009937
1359,371688,17.84813695803833,5.178341373801231,50,1,0,0,0,0,0,,0.0,0.36287280917167664,0.10356682747602462,nan,nan,nan,nan,nan,nan,nan,nan,0.0,0.01063801720738411
1360,371701,21.09135678342435,2.3325526267290115,13,1,0,0,0,0,0,,0.0,0.2867548167705536,0.17942712513300088,nan,nan,nan,nan,nan,nan,nan,nan,0.0,0.010631353594362736
1361,371711,21.20402972546883,1.5679326876997948,10,1,0,0,0,0,0,,0.0,0.45701026916503906,0.15679326876997948,nan,nan,nan,nan,nan,nan,nan,nan,0.0,0.010617554187774658
1362,371722,19.977619653019904,2.2676509469747543,11,1,0,0,0,0,0,,0.0,0.2254316508769989,0.20615008608861404,nan,nan,nan,nan,nan,nan,nan,nan,0.0,0.010604014620184898
1363,371734,23.772349410198863,0.30137813091278076,12,1,0,0,0,0,0,,0.0,0.6021478772163391,0.02511484424273173,nan,nan,nan,nan,nan,nan,nan,nan,0.0,0.010587876662611961
1364,371750,19.66066301709043,3.3913137316703796,16,1,0,0,0,0,0,,0.0,0.3295227289199829,0.21195710822939873,nan,nan,nan,nan,nan,nan,nan,nan,0.0,0.010586220771074295
1365,371780,22.386879393412798,2.545629195868969,30,1,0,0,0,0,0,,0.0,0.45905664563179016,0.08485430652896563,nan,nan,nan,nan,nan,nan,nan,nan,0.0,0.010633083060383797
1366,372020,-76.46915608066224,65.57444053888321,240,0,0,0,0,0,0,,0.0,0.17955978214740753,0.27322683557868005,nan,nan,nan,nan,nan,nan,nan,nan,0.0,0.010821872390806675
1367,372036,22.515587081407034,0.9658453986048698,16,1,0,0,0,0,0,,0.0,0.38650059700012207,0.060365337412804365,nan,nan,nan,nan,nan,nan,nan,nan,0.0,0.010807942599058151
1368,372065,15.72730876150335,8.275098212063313,29,1,0,0,0,0,0,,0.0,0.21532641351222992,0.28534821420907974,nan,nan,nan,nan,nan,nan,nan,nan,0.0,0.01077928114682436
1369,372075,23.016901714629466,1.027409441769123,10,1,0,0,0,0,0,,0.0,0.31356289982795715,0.1027409441769123,nan,nan,nan,nan,nan,nan,nan,nan,0.0,0.010774943046271801
1370,372094,23.89396681629446,0.5772725809365511,19,1,0,0,0,0,0,,0.0,0.4552193582057953,0.030382767417713216,nan,nan,nan,nan,nan,nan,nan,nan,0.0,0.010774507187306881
1371,372334,-57.40663998030894,45.561561435461044,240,0,0,0,0,0,0,,0.0,0.2137969583272934,0.18983983931442103,nan,nan,nan,nan,nan,nan,nan,nan,0.0,0.010582949966192245
1372,372350,24.43924751383628,0.4906561691313982,16,1,0,0,0,0,0,,0.0,0.5639180541038513,0.030666010570712388,nan,nan,nan,nan,nan,nan,nan,nan,0.0,0.01061251200735569
1373,372390,18.31130203423488,3.3193164244294167,40,1,0,0,0,0,0,,0.0,0.2941158711910248,0.08298291061073541,nan,nan,nan,nan,nan,nan,nan,nan,0.0,0.010621128603816032
1374,372630,-68.40445790200326,36.04474958777428,240,0,0,0,0,0,0,,0.0,0.2423393428325653,0.15018645661572616,nan,nan,nan,nan,nan,nan,nan,nan,0.0,0.010566184297204018
1375,372649,24.64573514791026,0.7074631042778492,19,1,0,0,0,0,0,,0.0,0.43946972489356995,0.037234900225149956,nan,nan,nan,nan,nan,nan,nan,nan,0.0,0.010565907694399357
1376,372672,22.770873934594366,1.1148986741900444,23,1,0,0,0,0,0,,0.0,0.26547494530677795,0.048473855399567146,nan,nan,nan,nan,nan,nan,nan,nan,0.0,0.010555162094533443
1377,372678,21.42425764616629,0.5760829821228981,6,1,0,0,0,0,0,,0.0,0.2926865518093109,0.09601383035381635,nan,nan,nan,nan,nan,nan,nan,nan,0.0,0.010552876628935337
1378,372701,21.75153205373625,2.5927566662430763,23,1,0,0,0,0,0,,0.0,0.4177892506122589,0.1127285507062207,nan,nan,nan,nan,nan,nan,nan,nan,0.0,0.01056599896401167
1379,372776,19.85966006484828,3.1004164088517427,75,1,0,0,0,0,0,,0.0,0.3346087634563446,0.04133888545135657,nan,nan,nan,nan,nan,nan,nan,nan,0.0,0.010583460330963135
1380,373016,-79.51750168496511,35.22399891167879,240,0,0,0,0,0,0,,0.0,0.18000885844230652,0.14676666213199496,nan,nan,nan,nan,nan,nan,nan,nan,0.0,0.010616414248943329
1381,373122,19.773653357906053,3.136851664632559,106,1,0,0,0,0,0,,0.0,0.4356376826763153,0.029592940232382632,nan,nan,nan,nan,nan,nan,nan,nan,0.0,0.010675341822206974
1382,373362,-93.5223339352721,81.41422167792916,240,0,0,0,0,0,0,,0.025,0.106623075902462,0.26422592365803815,nan,nan,nan,nan,nan,nan,nan,nan,0.0,0.010552413761615753
1383,373405,18.413752004156677,3.713638409972191,43,1,0,0,0,0,0,,0.0,0.4607768952846527,0.08636368395284165,nan,nan,nan,nan,nan,nan,nan,nan,0.0,0.010597568936645985
1384,373417,21.630478936170586,1.1854054778814316,12,1,0,0,0,0,0,,0.0,0.3434443771839142,0.09878378982345264,nan,nan,nan,nan,nan,nan,nan,nan,0.0,0.010596998035907745
1385,373426,21.58583964541767,1.724429115653038,9,1,0,0,0,0,0,,0.0,0.4399454891681671,0.19160323507255977,nan,nan,nan,nan,nan,nan,nan,nan,0.0,0.010600096546113491
1386,373666,-54.159820168519644,29.03695671632886,240,0,0,0,0,0,0,,0.0,0.26641932129859924,0.12098731965137025,nan,nan,nan,nan,nan,nan,nan,nan,0.0,0.010624258778989315
1387,373670,20.562934980633173,0.14972989447414875,4,1,0,0,0,0,0,,0.0,0.5319700837135315,0.03743247361853719,nan,nan,nan,nan,nan,nan,nan,nan,0.0,0.010620814748108387
1388,373684,23.71372780242879,0.4623520001769066,14,1,0,0,0,0,0,,0.0,0.4803251028060913,0.03302514286977904,nan,nan,nan,nan,nan,nan,nan,nan,0.0,0.010604247450828552
1389,373703,23.220487182009713,0.7154052816331387,19,1,0,0,0,0,0,,0.0,0.46421459317207336,0.037652909559638875,nan,nan,nan,nan,nan,nan,nan,nan,0.0,0.010570947080850601
1390,373943,-52.71990713374243,28.59278716146946,240,0,0,0,0,0,0,,0.0,0.24722915887832642,0.11913661317278941,nan,nan,nan,nan,nan,nan,nan,nan,0.0,0.010731426067650318
1391,373952,19.754033273274715,2.0401018261909485,9,1,0,0,0,0,0,,0.0,0.17145320773124695,0.22667798068788317,nan,nan,nan,nan,nan,nan,nan,nan,0.0,0.01074946392327547
1392,374192,-114.89954923063527,25.467242933809757,240,0,0,0,0,0,0,,0.0,0.20274107158184052,0.10611351222420733,nan,nan,nan,nan,nan,nan,nan,nan,0.0,0.010756857693195343
1393,374196,21.0120977053734,0.24844647571444511,4,1,0,0,0,0,0,,0.0,0.550294816493988,0.06211161892861128,nan,nan,nan,nan,nan,nan,nan,nan,0.0,0.010756191797554493
1394,374436,-19.326440081805703,17.124295625835657,240,0,0,0,0,0,0,,0.0,0.22602130472660065,0.07135123177431524,nan,nan,nan,nan,nan,nan,nan,nan,0.0,0.010579247027635574
1395,374444,20.77969860480323,1.7173995822668076,8,1,0,0,0,0,0,,0.0,0.3456045091152191,0.21467494778335094,nan,nan,nan,nan,nan,nan,nan,nan,0.0,0.010587997734546661
1396,374505,15.990678868315475,4.6507353484630585,61,1,0,0,0,0,0,,0.0,0.3641311526298523,0.07624156308955833,nan,nan,nan,nan,nan,nan,nan,nan,0.0,0.010669346898794174
1397,374615,-1.7326145481069588,22.824727550148964,110,1,0,0,0,0,0,,0.0,0.22640620172023773,0.2074975231831724,nan,nan,nan,nan,nan,nan,nan,nan,0.0,0.010607129894196987
1398,374855,-51.66546130755406,24.925102159380913,240,0,0,0,0,0,0,,0.0,0.2819640636444092,0.10385459233075381,nan,nan,nan,nan,nan,nan,nan,nan,0.0,0.010877721011638641
1399,375095,-67.57084267051995,30.427976481616497,240,0,0,0,0,0,0,,0.0,0.2580038905143738,0.12678323534006875,nan,nan,nan,nan,nan,nan,nan,nan,0.0,0.01093442551791668
1400,375146,13.701612018288156,9.000834994018078,51,1,0,0,0,0,0,,0.0,0.25506606698036194,0.17648696066702113,nan,nan,nan,nan,nan,nan,nan,nan,0.0,0.01092818658798933
1401,375167,23.250112575894185,1.414780430495739,21,1,0,0,0,0,0,,0.0,0.32534199953079224,0.06737049669027328,nan,nan,nan,nan,nan,nan,nan,nan,0.0,0.010925409384071827
1402,375197,19.679676046520594,4.029392659664154,30,1,0,0,0,0,0,,0.0,0.3042396903038025,0.1343130886554718,nan,nan,nan,nan,nan,nan,nan,nan,0.0,0.010942385531961918
1403,375220,22.24426543761085,3.094412127509713,23,1,0,0,0,0,0,,0.0,0.21328432857990265,0.13453965771781362,nan,nan,nan,nan,nan,nan,nan,nan,0.0,0.01093615684658289
1404,375299,21.032400429412196,2.8996143974363804,79,1,0,0,0,0,0,,0.0,0.44136950373649597,0.03670397971438456,nan,nan,nan,nan,nan,nan,nan,nan,0.0,0.01090481411665678
1405,375306,22.06011246642974,0.7651621550321579,7,1,0,0,0,0,0,,0.0,0.28705477714538574,0.10930887929030828,nan,nan,nan,nan,nan,nan,nan,nan,0.0,0.010904960334300995
1406,375390,19.29504048122303,2.8854405973106623,84,1,0,0,0,0,0,,0.0,0.33096861839294434,0.03435048330131741,nan,nan,nan,nan,nan,nan,nan,nan,0.0,0.01081790030002594
1407,375429,20.21108171219834,4.542116064578295,39,1,0,0,0,0,0,,0.0,0.3773815631866455,0.11646451447636653,nan,nan,nan,nan,nan,nan,nan,nan,0.0,0.010777461342513561
1408,375444,22.46411844402264,1.7953736037015915,15,1,0,0,0,0,0,,0.0,0.2566581964492798,0.1196915735801061,nan,nan,nan,nan,nan,nan,nan,nan,0.0,0.0107724005356431
1409,375450,22.034189530894633,0.6755245327949524,6,1,0,0,0,0,0,,0.0,0.43981876969337463,0.11258742213249207,nan,nan,nan,nan,nan,nan,nan,nan,0.0,0.010777332819998264
1410,375480,24.174028002551744,1.3571411669254303,30,1,0,0,0,0,0,,0.0,0.40351322293281555,0.04523803889751434,nan,nan,nan,nan,nan,nan,nan,nan,0.0,0.010833117179572582
1411,375494,23.34716148679324,0.5694395378232002,14,1,0,0,0,0,0,,0.0,0.4708673655986786,0.04067425270165716,nan,nan,nan,nan,nan,nan,nan,nan,0.0,0.010829614475369453
1412,375734,-50.22967615885538,33.31757165491581,240,0,0,0,0,0,0,,0.0,0.2574766278266907,0.13882321522881588,nan,nan,nan,nan,nan,nan,nan,nan,0.0,0.010852457955479622
1413,375753,24.987294799438867,0.7143347151577473,19,1,0,0,0,0,0,,0.0,0.3629670739173889,0.03759656395567091,nan,nan,nan,nan,nan,nan,nan,nan,0.0,0.010822687298059464
1414,375794,21.77698839815215,1.688642755150795,41,1,0,0,0,0,0,,0.0,0.32680198550224304,0.04118640866221451,nan,nan,nan,nan,nan,nan,nan,nan,0.0,0.010793996043503284
1415,375840,17.47305313389169,4.933331299573183,46,1,0,0,0,0,0,,0.0,0.13358159363269806,0.10724633259941703,nan,nan,nan,nan,nan,nan,nan,nan,0.0,0.01076819933950901
1416,375844,19.962466251662008,0.3266240954399109,4,1,0,0,0,0,0,,0.0,0.35863980650901794,0.08165602385997772,nan,nan,nan,nan,nan,nan,nan,nan,0.0,0.010768178850412369
1417,375860,21.36580097346916,1.9186944961547852,16,1,0,0,0,0,0,,0.0,0.33470746874809265,0.11991840600967407,nan,nan,nan,nan,nan,nan,nan,nan,0.0,0.010783188045024872
1418,375919,20.063945228845082,2.391902681440115,59,1,0,0,0,0,0,,0.0,0.4605602025985718,0.040540723414239234,nan,nan,nan,nan,nan,nan,nan,nan,0.0,0.010826832614839077
1419,375928,22.85390721540464,0.398397795855999,9,1,0,0,0,0,0,,0.0,0.4162680208683014,0.04426642176177767,nan,nan,nan,nan,nan,nan,nan,nan,0.0,0.010830993764102459
1420,376168,-60.956959885588944,36.79044208675623,240,0,0,0,0,0,0,,0.0,0.2341383397579193,0.15329350869481762,nan,nan,nan,nan,nan,nan,nan,nan,0.0,0.010707974433898926
1421,376201,21.02974124876075,2.543358527123928,33,1,0,0,0,0,0,,0.0,0.25401216745376587,0.0770714705189069,nan,nan,nan,nan,nan,nan,nan,nan,0.0,0.010731042362749577
1422,376441,-241.72425970012037,66.54747509583831,240,0,0,0,0,0,0,,0.016666666666666666,0.11128533631563187,0.22728114623265963,nan,nan,nan,nan,nan,nan,nan,nan,0.0,0.010466120205819607
1423,376453,22.673924539401106,1.3118724897503853,12,1,0,0,0,0,0,,0.0,0.28537943959236145,0.10932270747919877,nan,nan,nan,nan,nan,nan,nan,nan,0.0,0.010455885902047157
1424,376471,22.908376649389787,0.8966456670314074,18,1,0,0,0,0,0,,0.0,0.31507569551467896,0.04981364816841152,nan,nan,nan,nan,nan,nan,nan,nan,0.0,0.01043631974607706
1425,376491,25.638891534957928,0.43258428014814854,20,1,0,0,0,0,0,,0.0,0.6499964594841003,0.021629214007407426,nan,nan,nan,nan,nan,nan,nan,nan,0.0,0.010437763296067715
1426,376513,23.954748250275202,1.2375083565711975,22,1,0,0,0,0,0,,0.0,0.29882222414016724,0.05625037984414534,nan,nan,nan,nan,nan,nan,nan,nan,0.0,0.010466190986335278
1427,376528,24.34203821550044,0.694350803270936,15,1,0,0,0,0,0,,0.0,0.3304777145385742,0.04629005355139573,nan,nan,nan,nan,nan,nan,nan,nan,0.0,0.010460762307047844
1428,376542,21.944154928519367,1.9110746160149574,14,1,0,0,0,0,0,,0.0,0.40026962757110596,0.1365053297153541,nan,nan,nan,nan,nan,nan,nan,nan,0.0,0.010460741817951202
1429,376550,21.375569949895056,0.6148123815655708,8,1,0,0,0,0,0,,0.0,0.36103248596191406,0.07685154769569635,nan,nan,nan,nan,nan,nan,nan,nan,0.0,0.010457939468324184
1430,376790,-97.55932412549492,62.94106703996658,240,0,0,0,0,0,0,,0.0,0.1748606413602829,0.26225444599986075,nan,nan,nan,nan,nan,nan,nan,nan,0.0,0.01038698572665453
1431,376799,21.82280768690507,0.28382378816604614,9,1,0,0,0,0,0,,0.0,0.48535969853401184,0.031535976462894015,nan,nan,nan,nan,nan,nan,nan,nan,0.0,0.010386059992015362
1432,376810,23.543964146046374,0.7092361152172089,11,1,0,0,0,0,0,,0.0,0.47668635845184326,0.06447601047429172,nan,nan,nan,nan,nan,nan,nan,nan,0.0,0.010382241569459438
1433,376827,24.588640390497883,1.04404653981328,17,1,0,0,0,0,0,,0.0,0.3355179727077484,0.06141450234195765,nan,nan,nan,nan,nan,nan,nan,nan,0.0,0.010361026041209698
1434,376839,23.390434264375195,1.3990978486835957,12,1,0,0,0,0,0,,0.0,0.21848848462104797,0.11659148739029963,nan,nan,nan,nan,nan,nan,nan,nan,0.0,0.010332158766686916
1435,376850,20.73287648454547,1.3959113731980324,11,1,0,0,0,0,0,,0.0,0.5361535549163818,0.12690103392709384,nan,nan,nan,nan,nan,nan,nan,nan,0.0,0.010317640379071236
1436,376862,23.04649700262573,1.5637973099946976,12,1,0,0,0,0,0,,0.0,0.23917220532894135,0.13031644249955812,nan,nan,nan,nan,nan,nan,nan,nan,0.0,0.010312952101230621
1437,377102,-47.316232663031435,35.93525943905115,240,0,0,0,0,0,0,,0.0,0.2011505365371704,0.14973024766271312,nan,nan,nan,nan,nan,nan,nan,nan,0.0,0.010381232015788555
1438,377113,24.692388777690052,0.42571955546736717,11,1,0,0,0,0,0,,0.0,0.43456974625587463,0.03870177776976065,nan,nan,nan,nan,nan,nan,nan,nan,0.0,0.010382944718003273
1439,377130,21.79364578752136,1.0560609064996243,17,1,0,0,0,0,0,,0.0,0.4312094748020172,0.062121229794095546,nan,nan,nan,nan,nan,nan,nan,nan,0.0,0.010392995551228523
1440,377158,18.4769181940966,5.393797535449266,28,1,0,0,0,0,0,,0.0,0.3215595483779907,0.19263562626604522,nan,nan,nan,nan,nan,nan,nan,nan,0.0,0.010378500446677208
1441,377182,22.779036622199236,1.358418894931674,24,1,0,0,0,0,0,,0.0,0.2655831277370453,0.05660078728881975,nan,nan,nan,nan,nan,nan,nan,nan,0.0,0.010339852422475815
1442,377422,-10.766150227389556,9.112066371366382,240,0,0,0,0,0,0,,0.0,0.42215946316719055,0.03796694321402659,nan,nan,nan,nan,nan,nan,nan,nan,0.0,0.010396004654467106
1443,377662,-27.34623431486478,18.529765848070383,240,0,0,0,0,0,0,,0.0,0.3748730719089508,0.07720735770029326,nan,nan,nan,nan,nan,nan,nan,nan,0.0,0.010396024212241173
1444,377669,21.386770348012508,0.4727840758860111,7,1,0,0,0,0,0,,0.0,0.35850822925567627,0.06754058226943016,nan,nan,nan,nan,nan,nan,nan,nan,0.0,0.01040791254490614
1445,377691,24.51627547292495,0.7654005121439695,22,1,0,0,0,0,0,,0.0,0.4121370017528534,0.03479093237018043,nan,nan,nan,nan,nan,nan,nan,nan,0.0,0.01042547170072794
1446,377709,22.592674186365457,2.168263904750347,18,1,0,0,0,0,0,,0.0,0.1896516978740692,0.12045910581946373,nan,nan,nan,nan,nan,nan,nan,nan,0.0,0.010441835038363934
1447,377728,24.147999512883032,1.1981901489198208,19,1,0,0,0,0,0,,0.0,0.2784883975982666,0.06306263941683267,nan,nan,nan,nan,nan,nan,nan,nan,0.0,0.010464563965797424
1448,377756,21.541060973662777,3.186183027923107,28,1,0,0,0,0,0,,0.0,0.3687291741371155,0.11379225099725383,nan,nan,nan,nan,nan,nan,nan,nan,0.0,0.010499066673219204
1449,377996,-84.86685369180357,39.06818541139364,240,0,0,0,0,0,0,,0.0,0.2329002171754837,0.16278410588080686,nan,nan,nan,nan,nan,nan,nan,nan,0.0,0.010567005723714828
1450,378081,4.945337305137318,16.00201427191496,85,1,0,0,0,0,0,,0.0,0.21893416345119476,0.18825899143429364,nan,nan,nan,nan,nan,nan,nan,nan,0.0,0.01052719447761774
1451,378321,-43.16987326128386,9.298778463155031,240,0,0,0,0,0,0,,0.0,0.37066811323165894,0.038744910263145964,nan,nan,nan,nan,nan,nan,nan,nan,0.0,0.010601405054330826
1452,378561,-64.90023876893497,38.88547198101878,240,0,0,0,0,0,0,,0.0,0.2045980542898178,0.1620227999209116,nan,nan,nan,nan,nan,nan,nan,nan,0.0,0.010702746920287609
1453,378581,24.822505685323364,0.6775855589658022,20,1,0,0,0,0,0,,0.0,0.47176846861839294,0.03387927794829011,nan,nan,nan,nan,nan,nan,nan,nan,0.0,0.010733354836702347
1454,378621,14.0108798773913,9.658632799983025,40,1,0,0,0,0,0,,0.0,0.24254363775253296,0.24146581999957561,nan,nan,nan,nan,nan,nan,nan,nan,0.0,0.010731534101068974
1455,378629,20.289178700438445,0.8148872815072536,8,1,0,0,0,0,0,,0.0,0.4176482856273651,0.1018609101884067,nan,nan,nan,nan,nan,nan,nan,nan,0.0,0.010739816352725029
1456,378648,21.297098502838054,0.699853491038084,19,1,0,0,0,0,0,,0.0,0.4913250207901001,0.036834394265162315,nan,nan,nan,nan,nan,nan,nan,nan,0.0,0.010722664184868336
1457,378888,-43.000577559837986,27.009417988359928,240,0,0,0,0,0,0,,0.0,0.24735043942928314,0.11253924161816636,nan,nan,nan,nan,nan,nan,nan,nan,0.0,0.010680072009563446
1458,379128,-54.60783112349925,43.096210680902004,240,0,0,0,0,0,0,,0.0,0.20855897665023804,0.17956754450375836,nan,nan,nan,nan,nan,nan,nan,nan,0.0,0.010534475557506084
1459,379139,20.547135324742694,1.9473256841301918,11,1,0,0,0,0,0,,0.0,0.42656391859054565,0.17702960764819925,nan,nan,nan,nan,nan,nan,nan,nan,0.0,0.010528218932449818
1460,379178,20.444052347580257,1.312068959698081,39,1,0,0,0,0,0,,0.0,0.5098735690116882,0.03364279383841234,nan,nan,nan,nan,nan,nan,nan,nan,0.0,0.010508582927286625
1461,379196,20.21788581115098,1.8432117477059364,18,1,0,0,0,0,0,,0.0,0.33356794714927673,0.1024006526503298,nan,nan,nan,nan,nan,nan,nan,nan,0.0,0.01049414649605751
1462,379207,21.911747686905397,1.1049351245164871,11,1,0,0,0,0,0,,0.0,0.3145792484283447,0.10044864768331702,nan,nan,nan,nan,nan,nan,nan,nan,0.0,0.010494542308151722
1463,379231,22.544375651805698,1.040535356849432,24,1,0,0,0,0,0,,0.0,0.4804561734199524,0.043355639868726335,nan,nan,nan,nan,nan,nan,nan,nan,0.0,0.010502365417778492
1464,379471,-60.44594430637835,46.617809638381004,240,0,0,0,0,0,0,,0.0,0.17113150656223297,0.1942408734932542,nan,nan,nan,nan,nan,nan,nan,nan,0.0,0.010319288820028305
1465,379480,21.11473275924317,0.36053051240742207,9,1,0,0,0,0,0,,0.0,0.6092566847801208,0.04005894582304689,nan,nan,nan,nan,nan,nan,nan,nan,0.0,0.01032655406743288
1466,379487,23.326316325129348,0.36537928506731987,7,1,0,0,0,0,0,,0.0,0.4009127914905548,0.05219704072390284,nan,nan,nan,nan,nan,nan,nan,nan,0.0,0.010335302911698818
1467,379503,22.580722269284323,2.5036211647093296,16,1,0,0,0,0,0,,0.0,0.1852591335773468,0.1564763227943331,nan,nan,nan,nan,nan,nan,nan,nan,0.0,0.010345745831727982
1468,379524,20.75257348017906,3.200920209288597,21,1,0,0,0,0,0,,0.0,0.42277172207832336,0.15242477187088557,nan,nan,nan,nan,nan,nan,nan,nan,0.0,0.010351371020078659
1469,379764,-45.10920782281596,30.598134860396385,240,0,0,0,0,0,0,,0.0,0.27873164415359497,0.12749222858498493,nan,nan,nan,nan,nan,nan,nan,nan,0.0,0.010356036014854908
1470,379776,23.745333916269793,0.8133091926574707,12,1,0,0,0,0,0,,0.0,0.2843063175678253,0.06777576605478923,nan,nan,nan,nan,nan,nan,nan,nan,0.0,0.010358273983001709
1471,380016,-13.852286308457936,9.521406814455986,240,0,0,0,0,0,0,,0.0,0.49636268615722656,0.03967252839356661,nan,nan,nan,nan,nan,nan,nan,nan,0.0,0.010426913388073444
1472,380256,-68.65479429088191,52.43073511868715,240,0,0,0,0,0,0,,0.0,0.18972305953502655,0.21846139632786313,nan,nan,nan,nan,nan,nan,nan,nan,0.0,0.010366540402173996
1473,380292,21.576237805270328,1.6704156510531902,36,1,0,0,0,0,0,,0.0,0.5225566029548645,0.04640043475147751,nan,nan,nan,nan,nan,nan,nan,nan,0.0,0.010360189713537693
1474,380309,23.997571692635265,0.7662444971501827,17,1,0,0,0,0,0,,0.0,0.3628145754337311,0.04507320571471663,nan,nan,nan,nan,nan,nan,nan,nan,0.0,0.010344586335122585
1475,380337,22.49714735471525,0.9452452901750803,28,1,0,0,0,0,0,,0.0,0.3755095899105072,0.03375876036339572,nan,nan,nan,nan,nan,nan,nan,nan,0.0,0.01035277359187603
1476,380577,-188.37550972990837,52.70089902356267,240,0,0,0,0,0,0,,0.0,0.14500367641448975,0.21958707926484447,nan,nan,nan,nan,nan,nan,nan,nan,0.0,0.010465152561664581
1477,380593,22.39807633702474,2.1014520712196827,16,1,0,0,0,0,0,,0.0,0.18420951068401337,0.13134075445123017,nan,nan,nan,nan,nan,nan,nan,nan,0.0,0.01043720543384552
1478,380612,20.90675486867171,3.763742610812187,19,1,0,0,0,0,0,,0.0,0.3244219124317169,0.19809171635853617,nan,nan,nan,nan,nan,nan,nan,nan,0.0,0.010443178936839104
1479,380643,18.908518058882237,5.231235422194004,31,1,0,0,0,0,0,,0.0,0.32261985540390015,0.16874952974819368,nan,nan,nan,nan,nan,nan,nan,nan,0.0,0.010422836989164352
1480,380693,16.410041833355947,5.400269843637943,50,1,0,0,0,0,0,,0.0,0.3047538995742798,0.10800539687275887,nan,nan,nan,nan,nan,nan,nan,nan,0.0,0.010422762483358383
1481,380716,21.267893237788037,2.2014867328107357,23,1,0,0,0,0,0,,0.0,0.45406821370124817,0.09571681447003198,nan,nan,nan,nan,nan,nan,nan,nan,0.0,0.010448205284774303
1482,380849,7.784324172046967,11.68117131665349,133,1,0,0,0,0,0,,0.0,0.28121718764305115,0.08782835576431196,nan,nan,nan,nan,nan,nan,nan,nan,0.0,0.01056638639420271
1483,380906,19.603000327145537,2.533501146361232,57,1,0,0,0,0,0,,0.0,0.5352963805198669,0.04444738853265319,nan,nan,nan,nan,nan,nan,nan,nan,0.0,0.0106121227145195
1484,380933,21.445155058441948,2.9729104340076447,27,1,0,0,0,0,0,,0.0,0.3875015377998352,0.11010779385213498,nan,nan,nan,nan,nan,nan,nan,nan,0.0,0.010685695335268974
1485,381173,-170.36413801478847,105.20606514811516,240,0,0,0,0,0,0,,0.058333333333333334,0.0020174887031316757,0.2633586047838132,nan,nan,nan,nan,nan,nan,nan,nan,0.0,0.010742618702352047
1486,381186,24.61678091289147,0.3691068682819605,13,1,0,0,0,0,0,,0.0,0.5385005474090576,0.02839283602168927,nan,nan,nan,nan,nan,nan,nan,nan,0.0,0.010767572559416294
1487,381199,21.252889513474045,2.4533664286136627,13,1,0,0,0,0,0,,0.0,0.3708594739437103,0.1887204945087433,nan,nan,nan,nan,nan,nan,nan,nan,0.0,0.010785347782075405
1488,381230,22.455639635335533,1.6710191871970892,31,1,0,0,0,0,0,,0.0,0.2764069736003876,0.0539038447482932,nan,nan,nan,nan,nan,nan,nan,nan,0.0,0.010806320235133171
1489,381251,23.58264631636146,0.8087232019752264,21,1,0,0,0,0,0,,0.0,0.33187681436538696,0.03851062866548697,nan,nan,nan,nan,nan,nan,nan,nan,0.0,0.010798413306474686
1490,381267,22.045364198469898,0.7373069673776627,16,1,0,0,0,0,0,,0.0,0.4574224054813385,0.046081685461103916,nan,nan,nan,nan,nan,nan,nan,nan,0.0,0.010781717486679554
1491,381279,24.77447888574786,0.35665727593004704,12,1,0,0,0,0,0,,0.0,0.6426647305488586,0.029721439660837252,nan,nan,nan,nan,nan,nan,nan,nan,0.0,0.010772082023322582
1492,381302,22.728348445518836,0.906963549554348,23,1,0,0,0,0,0,,0.0,0.3367462754249573,0.039433197806710785,nan,nan,nan,nan,nan,nan,nan,nan,0.0,0.01075364276766777
1493,381321,23.29783322661339,1.1758048720657825,19,1,0,0,0,0,0,,0.0,0.27401071786880493,0.06188446695083066,nan,nan,nan,nan,nan,nan,nan,nan,0.0,0.010739903897047043
1494,381343,23.329196237885817,1.3086068667471409,22,1,0,0,0,0,0,,0.0,0.38964372873306274,0.059482130306688225,nan,nan,nan,nan,nan,nan,nan,nan,0.0,0.010713372379541397
1495,381412,9.808935980416189,11.534269444644451,69,1,0,0,0,0,0,,0.0,0.26672038435935974,0.16716332528470218,nan,nan,nan,nan,nan,nan,nan,nan,0.0,0.010674776509404182
1496,381427,20.855060110596504,3.9516728818416595,15,1,0,0,0,0,0,,0.0,0.2498955875635147,0.26344485878944396,nan,nan,nan,nan,nan,nan,nan,nan,0.0,0.010669056326150894
1497,381667,-55.13518460572173,47.29231930524111,240,0,0,0,0,0,0,,0.0,0.2217974215745926,0.19705133043850462,nan,nan,nan,nan,nan,nan,nan,nan,0.0,0.010449938476085663
1498,381907,-103.77340695065453,48.55233444273472,240,0,0,0,0,0,0,,0.0,0.19470000267028809,0.20230139351139467,nan,nan,nan,nan,nan,nan,nan,nan,0.0,0.01033084373921156
1499,381923,24.83148144548112,0.8425949681550264,16,1,0,0,0,0,0,,0.0,0.5187999606132507,0.05266218550968915,nan,nan,nan,nan,nan,nan,nan,nan,0.0,0.010331947356462479
1500,381941,24.10605383423314,0.7194594833999872,18,1,0,0,0,0,0,,0.0,0.3259405493736267,0.03996997129999929,nan,nan,nan,nan,nan,nan,nan,nan,0.0,0.010333439335227013
1501,382181,-25.494728330802158,10.81018134020269,240,0,0,0,0,0,0,,0.0,0.3871716558933258,0.04504242225084454,nan,nan,nan,nan,nan,nan,nan,nan,0.0,0.010321572422981262
1502,382187,22.322520041105594,0.5559222772717476,6,1,0,0,0,0,0,,0.0,0.30950868129730225,0.0926537128786246,nan,nan,nan,nan,nan,nan,nan,nan,0.0,0.010326170362532139
1503,382192,22.22247874304653,0.21061726287007332,5,1,0,0,0,0,0,,0.0,0.4304889142513275,0.04212345257401466,nan,nan,nan,nan,nan,nan,nan,nan,0.0,0.010331493802368641
1504,382432,-173.35938595310157,19.699491649866104,240,0,0,0,0,0,0,,0.0,0.23304972052574158,0.08208121520777543,nan,nan,nan,nan,nan,nan,nan,nan,0.0,0.01026944536715746
1505,382458,23.010001688113675,1.3920340649783611,26,1,0,0,0,0,0,,0.0,0.5193576812744141,0.053539771729936965,nan,nan,nan,nan,nan,nan,nan,nan,0.0,0.01029631495475769
1506,382482,20.987685725181052,1.7871784344315529,24,1,0,0,0,0,0,,0.0,0.2650768458843231,0.07446576810131471,nan,nan,nan,nan,nan,nan,nan,nan,0.0,0.010302080772817135
1507,382702,14.351936540784655,7.008112996816635,220,1,0,0,0,0,0,,0.0,0.43327412009239197,0.03185505907643925,nan,nan,nan,nan,nan,nan,nan,nan,0.0,0.010550974868237972
1508,382721,21.809928513673725,3.5680994763970375,19,1,0,0,0,0,0,,0.0,0.3161883056163788,0.18779470928405462,nan,nan,nan,nan,nan,nan,nan,nan,0.0,0.010537098161876202
1509,382748,18.81434330563639,5.604423716664314,27,1,0,0,0,0,0,,0.0,0.23812831938266754,0.20757124876534497,nan,nan,nan,nan,nan,nan,nan,nan,0.0,0.010507841594517231
1510,382988,-7.764420179592437,7.408088540658355,240,0,0,0,0,0,0,,0.0,0.45715680718421936,0.030867035586076477,nan,nan,nan,nan,nan,nan,nan,nan,0.0,0.010434905998408794
1511,383010,23.12312406524289,2.172938922420144,22,1,0,0,0,0,0,,0.0,0.476996511220932,0.09876995101909745,nan,nan,nan,nan,nan,nan,nan,nan,0.0,0.010406329296529293
1512,383113,10.345020409558943,10.982567772269249,103,1,0,0,0,0,0,,0.0,0.30913594365119934,0.1066268715754296,nan,nan,nan,nan,nan,nan,nan,nan,0.0,0.010392718017101288
1513,383185,18.709054334385566,2.396329954266548,72,1,0,0,0,0,0,,0.0,0.4647415280342102,0.03328236047592428,nan,nan,nan,nan,nan,nan,nan,nan,0.0,0.010379064828157425
1514,383192,22.72919668042352,0.5700979642570019,7,1,0,0,0,0,0,,0.0,0.29622089862823486,0.08144256632242884,nan,nan,nan,nan,nan,nan,nan,nan,0.0,0.01037116814404726
1515,383216,23.360940193703925,0.9445592537522316,24,1,0,0,0,0,0,,0.0,0.30947092175483704,0.03935663557300965,nan,nan,nan,nan,nan,nan,nan,nan,0.0,0.010371806100010872
1516,383254,21.5196425262482,1.1609153617173433,38,1,0,0,0,0,0,,0.0,0.5800431966781616,0.03055040425571956,nan,nan,nan,nan,nan,nan,nan,nan,0.0,0.010435757227241993
1517,383494,-66.23814372612658,45.71429576724768,240,0,0,0,0,0,0,,0.0,0.2016146034002304,0.19047623236353198,nan,nan,nan,nan,nan,nan,nan,nan,0.0,0.010521398857235909
1518,383526,18.486593069210382,5.214764520525932,32,1,0,0,0,0,0,,0.0,0.31301406025886536,0.16296139126643538,nan,nan,nan,nan,nan,nan,nan,nan,0.0,0.010522778145968914
1519,383548,23.299700790277335,1.1067970544099808,22,1,0,0,0,0,0,,0.0,0.46482887864112854,0.05030895701863549,nan,nan,nan,nan,nan,nan,nan,nan,0.0,0.01050889864563942
1520,383555,20.873963543839906,1.6737055480480194,7,1,0,0,0,0,0,,0.0,0.16128778457641602,0.23910079257828848,nan,nan,nan,nan,nan,nan,nan,nan,0.0,0.010504900477826595
1521,383573,23.732841394360538,1.375535786151886,18,1,0,0,0,0,0,,0.0,0.3976200520992279,0.07641865478621589,nan,nan,nan,nan,nan,nan,nan,nan,0.0,0.010495667345821857
1522,383597,19.86591355231098,4.64953039586544,24,1,0,0,0,0,0,,0.0,0.2898237109184265,0.19373043316106,nan,nan,nan,nan,nan,nan,nan,nan,0.0,0.010455232113599777
1523,383605,20.78172416395041,0.5235365368425846,8,1,0,0,0,0,0,,0.0,0.4533785581588745,0.06544206710532308,nan,nan,nan,nan,nan,nan,nan,nan,0.0,0.010438504628837109
1524,383689,17.22125734758502,6.907038249075413,84,1,0,0,0,0,0,,0.0,0.31239861249923706,0.08222664582232635,nan,nan,nan,nan,nan,nan,nan,nan,0.0,0.01036916021257639
1525,383717,20.676335060899437,3.4312519058585167,28,1,0,0,0,0,0,,0.0,0.3788502812385559,0.12254471092351846,nan,nan,nan,nan,nan,nan,nan,nan,0.0,0.010350117459893227
1526,383738,22.748514701250595,2.276341699063778,21,1,0,0,0,0,0,,0.0,0.39760029315948486,0.1083972237649418,nan,nan,nan,nan,nan,nan,nan,nan,0.0,0.010339186526834965
1527,383760,21.02275974537943,1.8562250472605228,22,1,0,0,0,0,0,,0.0,0.4147791266441345,0.08437386578456922,nan,nan,nan,nan,nan,nan,nan,nan,0.0,0.010329247452318668
1528,383792,18.91731342529968,5.235834032297134,32,1,0,0,0,0,0,,0.0,0.3351617157459259,0.16361981350928545,nan,nan,nan,nan,nan,nan,nan,nan,0.0,0.010303121991455555
1529,383839,14.536659543456416,8.534588754177094,47,1,0,0,0,0,0,,0.0,0.25622475147247314,0.1815869947697254,nan,nan,nan,nan,nan,nan,nan,nan,0.0,0.010281719267368317
1530,383869,18.32064838486632,5.243820339441299,30,1,0,0,0,0,0,,0.0,0.3285313844680786,0.17479401131470998,nan,nan,nan,nan,nan,nan,nan,nan,0.0,0.010262474417686462
1531,383901,22.358995344252914,0.8519926220178604,32,1,0,0,0,0,0,,0.0,0.5719516277313232,0.026624769438058138,nan,nan,nan,nan,nan,nan,nan,nan,0.0,0.01021963357925415
1532,383925,23.462673040894995,1.273118443787098,24,1,0,0,0,0,0,,0.0,0.41613298654556274,0.053046601824462414,nan,nan,nan,nan,nan,nan,nan,nan,0.0,0.010212291963398457
1533,384165,-84.88060439175472,38.407083386555314,240,0,0,0,0,0,0,,0.0,0.22746525704860687,0.16002951411064714,nan,nan,nan,nan,nan,nan,nan,nan,0.0,0.010222327895462513
1534,384177,23.24447924835457,1.2218696773052216,12,1,0,0,0,0,0,,0.0,0.5569031834602356,0.10182247310876846,nan,nan,nan,nan,nan,nan,nan,nan,0.0,0.010217703878879547
1535,384189,24.31095518102829,0.6449438985437155,12,1,0,0,0,0,0,,0.0,0.3574838638305664,0.053745324878642954,nan,nan,nan,nan,nan,nan,nan,nan,0.0,0.010218814015388489
1536,384429,-77.41861315263093,51.84811233729124,240,0,0,0,0,0,0,,0.0,0.21150097250938416,0.21603380140538017,nan,nan,nan,nan,nan,nan,nan,nan,0.0,0.010240145027637482
1537,384447,22.362371258066673,2.422657400369644,18,1,0,0,0,0,0,,0.0,0.3844544589519501,0.13459207779831356,nan,nan,nan,nan,nan,nan,nan,nan,0.0,0.010301624424755573
1538,384467,22.68092902683541,2.129064355045557,20,1,0,0,0,0,0,,0.0,0.37020111083984375,0.10645321775227785,nan,nan,nan,nan,nan,nan,nan,nan,0.0,0.010347669944167137
1539,384478,20.466662307723738,1.0674349702894688,11,1,0,0,0,0,0,,0.0,0.44028761982917786,0.09703954275358807,nan,nan,nan,nan,nan,nan,nan,nan,0.0,0.010348997078835964
1540,384502,22.57352668942753,1.5143554881215096,24,1,0,0,0,0,0,,0.0,0.36154067516326904,0.06309814533839624,nan,nan,nan,nan,nan,nan,nan,nan,0.0,0.0103488489985466
1541,384511,20.13294962516495,1.8617400377988815,9,1,0,0,0,0,0,,0.0,0.2372385561466217,0.2068600041998757,nan,nan,nan,nan,nan,nan,nan,nan,0.0,0.010362344793975353
1542,384552,21.775927534290787,1.88572596013546,41,1,0,0,0,0,0,,0.0,0.468985915184021,0.04599331610086488,nan,nan,nan,nan,nan,nan,nan,nan,0.0,0.010381004773080349
1543,384570,18.00460621722507,3.889564663171768,18,1,0,0,0,0,0,,0.0,0.2452358603477478,0.2160869257317649,nan,nan,nan,nan,nan,nan,nan,nan,0.0,0.010372161865234375
1544,384737,-21.42174755087176,27.878402769565582,167,1,0,0,0,0,0,,0.0,0.21079957485198975,0.16693654353033283,nan,nan,nan,nan,nan,nan,nan,nan,0.0,0.010299555957317352
1545,384768,19.34329928398011,4.179319877177477,31,1,0,0,0,0,0,,0.0,0.3193952143192291,0.13481677023153152,nan,nan,nan,nan,nan,nan,nan,nan,0.0,0.010310647077858448
1546,384771,19.95399967923058,0.5389564335346222,3,1,0,0,0,0,0,,0.0,0.27447354793548584,0.17965214451154074,nan,nan,nan,nan,nan,nan,nan,nan,0.0,0.010305647738277912
1547,384788,24.43702511838569,0.8875802885740995,17,1,0,0,0,0,0,,0.0,0.3220672905445099,0.05221060521024115,nan,nan,nan,nan,nan,nan,nan,nan,0.0,0.010281228460371494
1548,384814,18.26765727954566,4.576241962611675,26,1,0,0,0,0,0,,0.0,0.31614553928375244,0.1760093062542952,nan,nan,nan,nan,nan,nan,nan,nan,0.0,0.010240891948342323
1549,384865,18.60883564534592,3.3145636469125748,51,1,0,0,0,0,0,,0.0,0.3495163023471832,0.06499144405710931,nan,nan,nan,nan,nan,nan,nan,nan,0.0,0.010225131176412106
1550,384877,21.700538399363936,1.4711783155798912,12,1,0,0,0,0,0,,0.0,0.2890091836452484,0.12259819296499093,nan,nan,nan,nan,nan,nan,nan,nan,0.0,0.010242708958685398
1551,384908,14.351995815349,7.0582935363054276,31,1,0,0,0,0,0,,0.0,0.2319965958595276,0.22768688826791703,nan,nan,nan,nan,nan,nan,nan,nan,0.0,0.010298642329871655
1552,384918,20.667971684711066,1.314366839826107,10,1,0,0,0,0,0,,0.0,0.23592215776443481,0.1314366839826107,nan,nan,nan,nan,nan,nan,nan,nan,0.0,0.010305716656148434
1553,384996,17.817659636392666,4.837724883109331,78,1,0,0,0,0,0,,0.0,0.3729338049888611,0.06202211388601707,nan,nan,nan,nan,nan,nan,nan,nan,0.0,0.010286024771630764
1554,385019,22.483347041130905,2.8960316963493824,23,1,0,0,0,0,0,,0.0,0.4516811668872833,0.12591442158040794,nan,nan,nan,nan,nan,nan,nan,nan,0.0,0.010261265560984612
1555,385045,21.077437507393373,1.2655839137732983,26,1,0,0,0,0,0,,0.0,0.42901119589805603,0.04867630437589609,nan,nan,nan,nan,nan,nan,nan,nan,0.0,0.010246113874018192
1556,385073,18.282559925453505,6.1111942902207375,28,1,0,0,0,0,0,,0.0,0.2799507677555084,0.2182569389364549,nan,nan,nan,nan,nan,nan,nan,nan,0.0,0.010286068543791771
1557,385313,-69.02736132974994,41.837604098021984,240,0,0,0,0,0,0,,0.0,0.22211691737174988,0.17432335040842492,nan,nan,nan,nan,nan,nan,nan,nan,0.0,0.01042422465980053
1558,385553,-95.46976322004011,50.24698156863451,240,0,0,0,0,0,0,,0.0,0.19546908140182495,0.20936242320264378,nan,nan,nan,nan,nan,nan,nan,nan,0.0,0.010149898938834667
1559,385562,20.815346868617688,1.523585595190525,9,1,0,0,0,0,0,,0.0,0.29086682200431824,0.1692872883545028,nan,nan,nan,nan,nan,nan,nan,nan,0.0,0.010137859731912613
1560,385570,19.280481614836994,2.670052230358124,8,1,0,0,0,0,0,,0.0,0.23033487796783447,0.3337565287947655,nan,nan,nan,nan,nan,nan,nan,nan,0.0,0.010126801207661629
1561,385810,-57.74175963969889,33.83572009205818,240,0,0,0,0,0,0,,0.0,0.17430883646011353,0.1409821670502424,nan,nan,nan,nan,nan,nan,nan,nan,0.0,0.010080900974571705
1562,385831,21.19042458205712,2.388759784400463,21,1,0,0,0,0,0,,0.0,0.34465473890304565,0.11375046592383158,nan,nan,nan,nan,nan,nan,nan,nan,0.0,0.010101144202053547
1563,386071,-67.35346639179023,43.92636549472809,240,0,0,0,0,0,0,,0.0,0.1451239287853241,0.18302652289470037,nan,nan,nan,nan,nan,nan,nan,nan,0.0,0.01016432698816061
1564,386077,21.096879331193456,0.33551056683063507,6,1,0,0,0,0,0,,0.0,0.42577704787254333,0.05591842780510584,nan,nan,nan,nan,nan,nan,nan,nan,0.0,0.010177310556173325
1565,386317,-17.259340925107946,8.51475653797388,240,0,0,0,0,0,0,,0.0,0.33358561992645264,0.035478152241557835,nan,nan,nan,nan,nan,nan,nan,nan,0.0,0.010446621105074883
1566,386338,23.428364363683514,1.6973095275461674,21,1,0,0,0,0,0,,0.0,0.39517614245414734,0.08082426321648416,nan,nan,nan,nan,nan,nan,nan,nan,0.0,0.010421281680464745
1567,386372,19.867867024183322,2.2038730643689632,34,1,0,0,0,0,0,,0.0,0.40118327736854553,0.06481979601085186,nan,nan,nan,nan,nan,nan,nan,nan,0.0,0.010387337766587734
1568,386389,23.997733830909834,1.0717508308589458,17,1,0,0,0,0,0,,0.0,0.31909534335136414,0.06304416652111446,nan,nan,nan,nan,nan,nan,nan,nan,0.0,0.010378564707934856
1569,386629,-63.74206866715596,12.217664249241352,240,0,0,0,0,0,0,,0.0,0.4331337511539459,0.05090693437183897,nan,nan,nan,nan,nan,nan,nan,nan,0.0,0.0102175772190094
1570,386718,16.951747242360913,5.659723896533251,89,1,0,0,0,0,0,,0.0,0.20421043038368225,0.06359240333183427,nan,nan,nan,nan,nan,nan,nan,nan,0.0,0.010201901197433472
1571,386729,24.07582424868488,1.5802967920899391,11,1,0,0,0,0,0,,0.0,0.2821503281593323,0.143663344735449,nan,nan,nan,nan,nan,nan,nan,nan,0.0,0.010211902670562267
1572,386969,-105.35878404914908,64.14485903829336,240,0,0,0,0,0,0,,0.0,0.16040374338626862,0.267270245992889,nan,nan,nan,nan,nan,nan,nan,nan,0.0,0.01032347697764635
1573,387087,16.95030804616487,4.300177605822682,118,1,0,0,0,0,0,,0.0,0.5122062563896179,0.036442183100192226,nan,nan,nan,nan,nan,nan,nan,nan,0.0,0.01028897799551487
1574,387104,23.80082688138818,0.6604921463876963,17,1,0,0,0,0,0,,0.0,0.392029732465744,0.03885247919927625,nan,nan,nan,nan,nan,nan,nan,nan,0.0,0.010281208902597427
1575,387135,22.98338942779984,1.075730036944151,31,1,0,0,0,0,0,,0.0,0.45763471722602844,0.03470096893368229,nan,nan,nan,nan,nan,nan,nan,nan,0.0,0.010242835618555546
1576,387177,14.641924873165998,8.167490467429161,42,1,0,0,0,0,0,,0.0,0.2526579201221466,0.19446405874831335,nan,nan,nan,nan,nan,nan,nan,nan,0.0,0.010262435302138329
1577,387417,-107.54918317533036,88.95926408469677,240,0,0,0,0,0,0,,0.0,0.14434032142162323,0.3706636003529032,nan,nan,nan,nan,nan,nan,nan,nan,0.0,0.010219857096672058
1578,387492,20.35282035096568,3.3124119006097317,75,1,0,0,0,0,0,,0.0,0.43634361028671265,0.044165492008129754,nan,nan,nan,nan,nan,nan,nan,nan,0.0,0.010199473239481449
1579,387506,22.310361960802563,2.003568183630705,14,1,0,0,0,0,0,,0.0,0.5114637613296509,0.14311201311647892,nan,nan,nan,nan,nan,nan,nan,nan,0.0,0.010213563218712807
1580,387528,21.096739321152885,1.3969802670180798,22,1,0,0,0,0,0,,0.0,0.3895408809185028,0.06349910304627636,nan,nan,nan,nan,nan,nan,nan,nan,0.0,0.010216889902949333
1581,387553,24.28413109517312,1.0266990847885609,25,1,0,0,0,0,0,,0.0,0.4780617654323578,0.041067963391542436,nan,nan,nan,nan,nan,nan,nan,nan,0.0,0.010215306654572487
1582,387793,-32.52034848057192,10.37505854666233,240,0,0,0,0,0,0,,0.0,0.4293985664844513,0.04322941061109305,nan,nan,nan,nan,nan,nan,nan,nan,0.0,0.010336904786527157
1583,387806,20.99460315880154,1.2539850920438766,13,1,0,0,0,0,0,,0.0,0.31518256664276123,0.09646039169568282,nan,nan,nan,nan,nan,nan,nan,nan,0.0,0.010346269235014915
1584,387873,19.538075235658265,3.9599760062992573,67,1,0,0,0,0,0,,0.0,0.3294602036476135,0.05910411949700384,nan,nan,nan,nan,nan,nan,nan,nan,0.0,0.010375125333666801
1585,388113,-77.50688120986914,51.52412161976099,240,0,0,0,0,0,0,,0.0,0.150438591837883,0.21468384008233746,nan,nan,nan,nan,nan,nan,nan,nan,0.0,0.010155563242733479
1586,388142,19.893461371845333,3.031499966979027,29,1,0,0,0,0,0,,0.0,0.41945764422416687,0.10453448161996644,nan,nan,nan,nan,nan,nan,nan,nan,0.0,0.01016999501734972
1587,388382,-81.78889178216497,48.677507013082504,240,0,0,0,0,0,0,,0.0,0.17238114774227142,0.20282294588784378,nan,nan,nan,nan,nan,nan,nan,nan,0.0,0.010221840813755989
1588,388396,24.711242497068653,0.6088094841688871,14,1,0,0,0,0,0,,0.0,0.35083189606666565,0.043486391726349084,nan,nan,nan,nan,nan,nan,nan,nan,0.0,0.010221338830888271
1589,388636,-49.54975492904531,19.751385694369674,240,0,0,0,0,0,0,,0.0,0.17530959844589233,0.08229744039320698,nan,nan,nan,nan,nan,nan,nan,nan,0.0,0.010344364680349827
1590,388658,22.334746219340918,1.006941206753254,22,1,0,0,0,0,0,,0.0,0.42693665623664856,0.04577005485242063,nan,nan,nan,nan,nan,nan,nan,nan,0.0,0.01033772248774767
1591,388672,22.67339161169109,0.5522478818893433,14,1,0,0,0,0,0,,0.0,0.3962494134902954,0.039446277277810235,nan,nan,nan,nan,nan,nan,nan,nan,0.0,0.010338752530515194
1592,388692,21.737988062659426,3.449368715286255,20,1,0,0,0,0,0,,0.0,0.40691259503364563,0.17246843576431276,nan,nan,nan,nan,nan,nan,nan,nan,0.0,0.010330789722502232
1593,388713,22.692377378411337,1.2839874867349863,21,1,0,0,0,0,0,,0.0,0.2845601737499237,0.061142261273094585,nan,nan,nan,nan,nan,nan,nan,nan,0.0,0.010311491787433624
1594,388891,14.511692902636074,6.607472179457545,178,1,0,0,0,0,0,,0.0,0.42801129817962646,0.0371206302216716,nan,nan,nan,nan,nan,nan,nan,nan,0.0,0.0101408576592803
1595,389131,-46.336776142757735,25.106371957808733,240,0,0,0,0,0,0,,0.0,0.2641565203666687,0.10460988315753639,nan,nan,nan,nan,nan,nan,nan,nan,0.0,0.010135157965123653
1596,389262,1.6458283807753205,17.874991700053215,131,1,0,0,0,0,0,,0.0,0.2753291130065918,0.13645031832101692,nan,nan,nan,nan,nan,nan,nan,nan,0.0,0.010249808430671692
1597,389292,22.41625308763016,0.9676971361041069,30,1,0,0,0,0,0,,0.0,0.4400081932544708,0.03225657120347023,nan,nan,nan,nan,nan,nan,nan,nan,0.0,0.010220310650765896
1598,389329,18.669719818200026,5.248733777552843,37,1,0,0,0,0,0,,0.0,0.3571010231971741,0.14185766966359034,nan,nan,nan,nan,nan,nan,nan,nan,0.0,0.010198330506682396
1599,389569,-51.12976246851836,42.03082874417305,240,0,0,0,0,0,0,,0.0,0.1847088783979416,0.17512845310072103,nan,nan,nan,nan,nan,nan,nan,nan,0.0,0.010214566253125668
1600,389677,12.099845620204572,9.576686218380928,108,1,0,0,0,0,0,,0.0,0.28266578912734985,0.08867302054056415,nan,nan,nan,nan,nan,nan,nan,nan,0.0,0.010345124639570713
1601,389917,-84.18420670253249,54.279477685689926,240,0,0,0,0,0,0,,0.0,0.19290593266487122,0.22616449035704136,nan,nan,nan,nan,nan,nan,nan,nan,0.0,0.010305131785571575
1602,389955,13.677657820388887,8.748041816055775,38,1,0,0,0,0,0,,0.0,0.2551593482494354,0.23021162673830986,nan,nan,nan,nan,nan,nan,nan,nan,0.0,0.010361198335886002
1603,390195,-63.93746196870108,55.17351055145264,240,0,0,0,0,0,0,,0.0,0.19324037432670593,0.2298896272977193,nan,nan,nan,nan,nan,nan,nan,nan,0.0,0.010264054872095585
1604,390209,23.315324605482246,0.6177283897995949,14,1,0,0,0,0,0,,0.0,0.40507593750953674,0.04412345641425678,nan,nan,nan,nan,nan,nan,nan,nan,0.0,0.0102599011734128
1605,390225,24.04143475994846,0.5916773974895477,16,1,0,0,0,0,0,,0.0,0.3782728314399719,0.03697983734309673,nan,nan,nan,nan,nan,nan,nan,nan,0.0,0.010261510498821735
1606,390239,23.12689795884973,1.571923092007637,14,1,0,0,0,0,0,,0.0,0.34715113043785095,0.11228022085768836,nan,nan,nan,nan,nan,nan,nan,nan,0.0,0.010245272889733315
1607,390278,21.062433357596834,2.68642358481884,39,1,0,0,0,0,0,,0.0,0.3906145691871643,0.0688826560209959,nan,nan,nan,nan,nan,nan,nan,nan,0.0,0.010190874338150024
1608,390313,23.023805287526375,1.2463742103427649,35,1,0,0,0,0,0,,0.0,0.48463723063468933,0.035610691724079,nan,nan,nan,nan,nan,nan,nan,nan,0.0,0.010177995078265667
1609,390553,-67.12684798471676,38.19219923764467,240,0,0,0,0,0,0,,0.0,0.15308509767055511,0.15913416349018614,nan,nan,nan,nan,nan,nan,nan,nan,0.0,0.010197469964623451
1610,390578,21.90948863624164,2.1636972874403,25,1,0,0,0,0,0,,0.0,0.2469961941242218,0.086547891497612,nan,nan,nan,nan,nan,nan,nan,nan,0.0,0.010193862952291965
1611,390586,23.208329968704046,0.7172036319971085,8,1,0,0,0,0,0,,0.0,0.3253173232078552,0.08965045399963856,nan,nan,nan,nan,nan,nan,nan,nan,0.0,0.010186010040342808
1612,390826,-70.74407285505758,40.43031331151724,240,0,0,0,0,0,0,,0.0,0.2200765162706375,0.1684596387979885,nan,nan,nan,nan,nan,nan,nan,nan,0.0,0.010427718982100487
1613,390851,23.83863381754314,1.2575885821133852,25,1,0,0,0,0,0,,0.0,0.4179753065109253,0.05030354328453541,nan,nan,nan,nan,nan,nan,nan,nan,0.0,0.010453538037836552
1614,390887,17.970045154922285,5.62830164283514,36,1,0,0,0,0,0,,0.0,0.32459142804145813,0.15634171230097613,nan,nan,nan,nan,nan,nan,nan,nan,0.0,0.010531406849622726
1615,391127,-102.29271794982067,27.505905402824283,240,0,0,0,0,0,0,,0.0,0.18504919111728668,0.11460793917843451,nan,nan,nan,nan,nan,nan,nan,nan,0.0,0.01037159375846386
1616,391159,18.57847078003334,2.2851169742643833,32,1,0,0,0,0,0,,0.0,0.409498006105423,0.07140990544576198,nan,nan,nan,nan,nan,nan,nan,nan,0.0,0.010341459885239601
1617,391183,20.414962215597015,4.674629203975201,24,1,0,0,0,0,0,,0.0,0.28208765387535095,0.19477621683230004,nan,nan,nan,nan,nan,nan,nan,nan,0.0,0.010289359837770462
1618,391233,18.5059604148186,5.440962463617325,50,1,0,0,0,0,0,,0.0,0.3552784025669098,0.1088192492723465,nan,nan,nan,nan,nan,nan,nan,nan,0.0,0.010320715606212616
1619,391249,23.374576688941318,2.187824100255966,16,1,0,0,0,0,0,,0.0,0.3245723843574524,0.1367390062659979,nan,nan,nan,nan,nan,nan,nan,nan,0.0,0.010321547277271748
1620,391273,22.156635504191716,0.8339825700968504,24,1,0,0,0,0,0,,0.0,0.37992385029792786,0.034749273754035435,nan,nan,nan,nan,nan,nan,nan,nan,0.0,0.010285725817084312
1621,391295,23.930584952629044,1.4693556781858206,22,1,0,0,0,0,0,,0.0,0.2169339954853058,0.06678889446299184,nan,nan,nan,nan,nan,nan,nan,nan,0.0,0.010229866951704025
1622,391309,22.083227205469246,2.0120148062705994,14,1,0,0,0,0,0,,0.0,0.27168822288513184,0.14371534330504282,nan,nan,nan,nan,nan,nan,nan,nan,0.0,0.010190581902861595
1623,391333,22.292054917827723,2.865904539823532,24,1,0,0,0,0,0,,0.0,0.3907782733440399,0.11941268915931384,nan,nan,nan,nan,nan,nan,nan,nan,0.0,0.010151050984859467
1624,391573,-69.76562224851224,52.973412960767746,240,0,0,0,0,0,0,,0.0,0.20124408602714539,0.22072255400319893,nan,nan,nan,nan,nan,nan,nan,nan,0.0,0.010225019417703152
1625,391616,16.060844538793305,6.502140134572983,43,1,0,0,0,0,0,,0.0,0.2686155438423157,0.15121256126913912,nan,nan,nan,nan,nan,nan,nan,nan,0.0,0.010261887684464455
1626,391634,23.232623610199944,1.534317133948207,18,1,0,0,0,0,0,,0.0,0.2177029550075531,0.08523984077490038,nan,nan,nan,nan,nan,nan,nan,nan,0.0,0.010282836854457855
1627,391666,17.92742586091056,6.319546960294247,32,1,0,0,0,0,0,,0.0,0.2320605367422104,0.1974858425091952,nan,nan,nan,nan,nan,nan,nan,nan,0.0,0.010263316333293915
1628,391680,20.658933760247194,1.2367988899350166,14,1,0,0,0,0,0,,0.0,0.41851767897605896,0.08834277785250119,nan,nan,nan,nan,nan,nan,nan,nan,0.0,0.010268519632518291
1629,391718,21.609927184266514,1.25168520770967,38,1,0,0,0,0,0,,0.0,0.5146686434745789,0.03293908441341237,nan,nan,nan,nan,nan,nan,nan,nan,0.0,0.010307973250746727
1630,391729,21.361691234390943,0.9286134876310825,11,1,0,0,0,0,0,,0.0,0.46264761686325073,0.08441940796646205,nan,nan,nan,nan,nan,nan,nan,nan,0.0,0.010312401689589024
1631,391763,19.491372110100425,3.9181970171630383,34,1,0,0,0,0,0,,0.0,0.2634058892726898,0.11524108874008936,nan,nan,nan,nan,nan,nan,nan,nan,0.0,0.010316071100533009
1632,391806,19.774658729573748,4.293264929205179,43,1,0,0,0,0,0,,0.0,0.25952214002609253,0.09984337044663208,nan,nan,nan,nan,nan,nan,nan,nan,0.0,0.010314226150512695
1633,391817,20.62085824643717,1.0809476003050804,11,1,0,0,0,0,0,,0.0,0.34493252635002136,0.09826796366409822,nan,nan,nan,nan,nan,nan,nan,nan,0.0,0.010321631096303463
1634,392057,-20.882262605203533,7.525970106944442,240,0,0,0,0,0,0,,0.0,0.3187273442745209,0.03135820877893517,nan,nan,nan,nan,nan,nan,nan,nan,0.0,0.010470224544405937
1635,392075,20.812330208849836,1.8030856773257256,18,1,0,0,0,0,0,,0.0,0.42578792572021484,0.10017142651809587,nan,nan,nan,nan,nan,nan,nan,nan,0.0,0.010489708743989468
1636,392087,19.7619883928869,1.6582352668046951,12,1,0,0,0,0,0,,0.0,0.26228389143943787,0.1381862722337246,nan,nan,nan,nan,nan,nan,nan,nan,0.0,0.010482443496584892
1637,392144,13.969099534607512,10.242829985916615,57,1,0,0,0,0,0,,0.0,0.2526167929172516,0.17969877168274762,nan,nan,nan,nan,nan,nan,nan,nan,0.0,0.010426445864140987
1638,392151,21.027061405862373,1.1250984445214272,7,1,0,0,0,0,0,,0.0,0.2277502715587616,0.16072834921734674,nan,nan,nan,nan,nan,nan,nan,nan,0.0,0.010421530343592167
1639,392160,22.141329319440572,1.8685322254896164,9,1,0,0,0,0,0,,0.0,0.2994224727153778,0.2076146917210685,nan,nan,nan,nan,nan,nan,nan,nan,0.0,0.010415181517601013
1640,392226,17.534589565054656,5.822685904800892,66,1,0,0,0,0,0,,0.0,0.37525826692581177,0.08822251370910442,nan,nan,nan,nan,nan,nan,nan,nan,0.0,0.010445430874824524
1641,392241,21.242888915916772,1.427374716848135,15,1,0,0,0,0,0,,0.0,0.4303835332393646,0.09515831445654234,nan,nan,nan,nan,nan,nan,nan,nan,0.0,0.010456837713718414
1642,392259,23.52484920603781,1.511478889733553,18,1,0,0,0,0,0,,0.0,0.4073506295681,0.08397104942964183,nan,nan,nan,nan,nan,nan,nan,nan,0.0,0.010430618189275265
1643,392274,24.89738260130431,0.4599192179739475,15,1,0,0,0,0,0,,0.0,0.4394526183605194,0.03066128119826317,nan,nan,nan,nan,nan,nan,nan,nan,0.0,0.010414952412247658
1644,392514,-74.56105893132849,66.15221317112446,240,0,0,0,0,0,0,,0.0,0.16787832975387573,0.2756342215463519,nan,nan,nan,nan,nan,nan,nan,nan,0.0,0.01042789313942194
1645,392754,-126.07222124216395,47.93121039867401,240,0,0,0,0,0,0,,0.0,0.18265584111213684,0.19971337666114172,nan,nan,nan,nan,nan,nan,nan,nan,0.0,0.010391157120466232
1646,392766,22.139401123973332,0.5420086551457644,12,1,0,0,0,0,0,,0.0,0.5184453725814819,0.045167387928813696,nan,nan,nan,nan,nan,nan,nan,nan,0.0,0.010386624373495579
1647,392786,23.72709025732011,0.6597597263753414,20,1,0,0,0,0,0,,0.0,0.46075838804244995,0.03298798631876707,nan,nan,nan,nan,nan,nan,nan,nan,0.0,0.010379984974861145
1648,392802,25.4034043715663,0.4043437745422125,16,1,0,0,0,0,0,,0.0,0.4387696087360382,0.02527148590888828,nan,nan,nan,nan,nan,nan,nan,nan,0.0,0.010364321060478687
1649,392816,23.478494296844755,0.9326504711061716,14,1,0,0,0,0,0,,0.0,0.2695695459842682,0.06661789079329797,nan,nan,nan,nan,nan,nan,nan,nan,0.0,0.010342800989747047
1650,393056,-42.28381785074464,33.43105614557862,240,0,0,0,0,0,0,,0.0,0.2521221339702606,0.13929606727324426,nan,nan,nan,nan,nan,nan,nan,nan,0.0,0.01032903604209423
1651,393114,10.974242291176184,10.638885296881199,58,1,0,0,0,0,0,,0.0,0.25577715039253235,0.1834290568427793,nan,nan,nan,nan,nan,nan,nan,nan,0.0,0.010374877601861954
1652,393149,18.414617493097836,4.909432392567396,35,1,0,0,0,0,0,,0.0,0.31211987137794495,0.14026949693049703,nan,nan,nan,nan,nan,nan,nan,nan,0.0,0.010401924140751362
1653,393163,21.978789783829367,0.5105922818183899,14,1,0,0,0,0,0,,0.0,0.4973272681236267,0.03647087727274213,nan,nan,nan,nan,nan,nan,nan,nan,0.0,0.01040981337428093
1654,393177,21.692788098783517,2.484651267528534,14,1,0,0,0,0,0,,0.0,0.2985571324825287,0.17747509053775243,nan,nan,nan,nan,nan,nan,nan,nan,0.0,0.010394303128123283
1655,393207,18.094281596075692,7.0646200478076935,30,1,0,0,0,0,0,,0.0,0.24079979956150055,0.23548733492692311,nan,nan,nan,nan,nan,nan,nan,nan,0.0,0.010329760611057281
1656,393447,-69.1859592468212,58.52888189256191,240,0,0,0,0,0,0,,0.0,0.19428138434886932,0.24387034121900797,nan,nan,nan,nan,nan,nan,nan,nan,0.0,0.010321700014173985
1657,393454,20.88402983627316,1.1105483658611774,7,1,0,0,0,0,0,,0.0,0.4800488352775574,0.15864976655159677,nan,nan,nan,nan,nan,nan,nan,nan,0.0,0.010323915630578995
1658,393694,-78.0914641039725,22.75657246261835,240,0,0,0,0,0,0,,0.0,0.21640993654727936,0.09481905192757646,nan,nan,nan,nan,nan,nan,nan,nan,0.0,0.010489649139344692
1659,393716,22.26583507442205,1.8645527083426714,22,1,0,0,0,0,0,,0.0,0.19325701892375946,0.0847523958337578,nan,nan,nan,nan,nan,nan,nan,nan,0.0,0.01049436628818512
1660,393726,21.669996733077973,0.8401564136147499,10,1,0,0,0,0,0,,0.0,0.5420926213264465,0.08401564136147499,nan,nan,nan,nan,nan,nan,nan,nan,0.0,0.010496463626623154
1661,393966,-35.29212199415519,28.479732412844896,240,0,0,0,0,0,0,,0.0,0.2619028389453888,0.11866555172018707,nan,nan,nan,nan,nan,nan,nan,nan,0.0,0.010537736117839813
1662,393992,23.592358723490797,1.04126663133502,26,1,0,0,0,0,0,,0.0,0.43417632579803467,0.040048716589808464,nan,nan,nan,nan,nan,nan,nan,nan,0.0,0.010579393245279789
1663,394008,22.762316033788085,2.5974504575133324,16,1,0,0,0,0,0,,0.0,0.17260736227035522,0.16234065359458327,nan,nan,nan,nan,nan,nan,nan,nan,0.0,0.010621017776429653
1664,394033,20.154881057440015,4.1674536280334,25,1,0,0,0,0,0,,0.0,0.345237135887146,0.166698145121336,nan,nan,nan,nan,nan,nan,nan,nan,0.0,0.010664733126759529
1665,394069,20.686231082655894,4.358637370169163,36,1,0,0,0,0,0,,0.0,0.42725786566734314,0.12107326028247674,nan,nan,nan,nan,nan,nan,nan,nan,0.0,0.010638555511832237
1666,394309,-22.56816931838426,17.64685994014144,240,0,0,0,0,0,0,,0.0,0.36148709058761597,0.07352858308392267,nan,nan,nan,nan,nan,nan,nan,nan,0.0,0.010675819590687752
1667,394329,24.079586145838974,1.1504099518060684,20,1,0,0,0,0,0,,0.0,0.3362555503845215,0.05752049759030342,nan,nan,nan,nan,nan,nan,nan,nan,0.0,0.010711289010941982
1668,394359,21.437343878145555,1.3013908006250858,30,1,0,0,0,0,0,,0.0,0.48477303981781006,0.04337969335416953,nan,nan,nan,nan,nan,nan,nan,nan,0.0,0.010783959180116653
1669,394377,23.583860139416988,1.3386867754161358,18,1,0,0,0,0,0,,0.0,0.22820302844047546,0.07437148752311866,nan,nan,nan,nan,nan,nan,nan,nan,0.0,0.010794748552143574
1670,394388,23.775140802878102,0.6858989372849464,11,1,0,0,0,0,0,,0.0,0.3859506845474243,0.06235444884408604,nan,nan,nan,nan,nan,nan,nan,nan,0.0,0.010793646797537804
1671,394397,21.556270091098618,2.3371441066265106,9,1,0,0,0,0,0,,0.0,0.15474143624305725,0.25968267851405674,nan,nan,nan,nan,nan,nan,nan,nan,0.0,0.010785883292555809
1672,394429,21.76544809622434,2.310678608715534,32,1,0,0,0,0,0,,0.0,0.20895978808403015,0.07220870652236044,nan,nan,nan,nan,nan,nan,nan,nan,0.0,0.010731831192970276
1673,394490,21.37976755656549,1.5881923250854015,61,1,0,0,0,0,0,,0.0,0.6324695348739624,0.026035939755498387,nan,nan,nan,nan,nan,nan,nan,nan,0.0,0.010646146722137928
1674,394512,24.460285710139793,0.5450816452503204,22,1,0,0,0,0,0,,0.0,0.47527626156806946,0.024776438420469112,nan,nan,nan,nan,nan,nan,nan,nan,0.0,0.010656625032424927
1675,394539,21.755008790279806,1.137961957603693,27,1,0,0,0,0,0,,0.0,0.40687569975852966,0.042146739170507146,nan,nan,nan,nan,nan,nan,nan,nan,0.0,0.010678671300411224
1676,394551,20.829555351987434,1.8550520464777946,12,1,0,0,0,0,0,,0.0,0.45515280961990356,0.15458767053981623,nan,nan,nan,nan,nan,nan,nan,nan,0.0,0.010681716725230217
1677,394791,-180.8222262403242,26.512637093663216,240,0,0,0,0,0,0,,0.0,0.23161329329013824,0.11046932122359673,nan,nan,nan,nan,nan,nan,nan,nan,0.0,0.01054027397185564
1678,395031,-90.6506611301179,53.0105896294117,240,0,0,0,0,0,0,,0.0,0.2144988626241684,0.22087745678921542,nan,nan,nan,nan,nan,nan,nan,nan,0.0,0.010511274449527264
1679,395109,6.926722284028235,16.005356699228287,78,1,0,0,0,0,0,,0.0,0.23414558172225952,0.205196880759337,nan,nan,nan,nan,nan,nan,nan,nan,0.0,0.01041857898235321
1680,395349,-34.10934027984912,24.36877541989088,240,0,0,0,0,0,0,,0.0,0.283081978559494,0.10153656424954534,nan,nan,nan,nan,nan,nan,nan,nan,0.0,0.010377692990005016
1681,395364,20.93003347488215,1.8598481267690659,15,1,0,0,0,0,0,,0.0,0.25787097215652466,0.12398987511793773,nan,nan,nan,nan,nan,nan,nan,nan,0.0,0.010419255122542381
1682,395391,22.887252553589477,1.389721842482686,27,1,0,0,0,0,0,,0.0,0.24735993146896362,0.051471179351210594,nan,nan,nan,nan,nan,nan,nan,nan,0.0,0.010449799709022045
1683,395404,21.306076898730925,1.2929374501109123,13,1,0,0,0,0,0,,0.0,0.5453380942344666,0.09945672693160865,nan,nan,nan,nan,nan,nan,nan,nan,0.0,0.010465043596923351
1684,395416,21.7102405959628,0.5960980951786041,12,1,0,0,0,0,0,,0.0,0.4325242042541504,0.049674841264883675,nan,nan,nan,nan,nan,nan,nan,nan,0.0,0.01048602256923914
1685,395431,21.769550996398596,2.753442358225584,15,1,0,0,0,0,0,,0.0,0.4308265149593353,0.1835628238817056,nan,nan,nan,nan,nan,nan,nan,nan,0.0,0.01051319856196642
1686,395452,23.559123824868287,1.1932859271764755,21,1,0,0,0,0,0,,0.0,0.3020848333835602,0.05682313938935598,nan,nan,nan,nan,nan,nan,nan,nan,0.0,0.010515023022890091
1687,395487,18.627165208664355,3.545086331665516,35,1,0,0,0,0,0,,0.0,0.30630162358283997,0.10128818090472902,nan,nan,nan,nan,nan,nan,nan,nan,0.0,0.010487157851457596
1688,395547,9.460661767976793,10.31558396667242,60,1,0,0,0,0,0,,0.0,0.1864313781261444,0.17192639944454033,nan,nan,nan,nan,nan,nan,nan,nan,0.0,0.010459684766829014
1689,395557,23.022402991557005,0.5731428302824497,10,1,0,0,0,0,0,,0.0,0.3675461709499359,0.05731428302824497,nan,nan,nan,nan,nan,nan,nan,nan,0.0,0.010451603680849075
1690,395797,-117.64216145357402,94.59072063863277,240,0,0,0,0,0,0,,0.025,0.05951599404215813,0.3191280026609699,nan,nan,nan,nan,nan,nan,nan,nan,0.0,0.010492890141904354
1691,395808,22.569986545878145,0.8221179619431496,11,1,0,0,0,0,0,,0.0,0.31117525696754456,0.07473799654028633,nan,nan,nan,nan,nan,nan,nan,nan,0.0,0.01052378211170435
1692,395812,20.874755953805458,0.2809576094150543,4,1,0,0,0,0,0,,0.0,0.39499789476394653,0.07023940235376358,nan,nan,nan,nan,nan,nan,nan,nan,0.0,0.010534796863794327
1693,396052,-65.05739061143765,47.030827060341835,240,0,0,0,0,0,0,,0.0,0.20788682997226715,0.19596177941809098,nan,nan,nan,nan,nan,nan,nan,nan,0.0,0.010411764495074749
1694,396061,21.01224767701359,0.7080364599823952,9,1,0,0,0,0,0,,0.0,0.3830110430717468,0.07867071777582169,nan,nan,nan,nan,nan,nan,nan,nan,0.0,0.010424825362861156
1695,396076,23.6087456972978,0.3412941377609968,15,1,0,0,0,0,0,,0.0,0.5003712773323059,0.022752942517399788,nan,nan,nan,nan,nan,nan,nan,nan,0.0,0.010421182960271835
1696,396086,22.496901843160398,0.9310842007398605,10,1,0,0,0,0,0,,0.0,0.2981054186820984,0.09310842007398605,nan,nan,nan,nan,nan,nan,nan,nan,0.0,0.010413642041385174
1697,396098,21.821651905703046,0.670013815164566,12,1,0,0,0,0,0,,0.0,0.324895977973938,0.05583448459704717,nan,nan,nan,nan,nan,nan,nan,nan,0.0,0.010404122062027454
1698,396116,23.996030653016135,1.2243584543466568,18,1,0,0,0,0,0,,0.0,0.37977033853530884,0.06801991413036983,nan,nan,nan,nan,nan,nan,nan,nan,0.0,0.0104032838717103
1699,396143,21.72715607972196,1.3892206400632858,27,1,0,0,0,0,0,,0.0,0.2758418321609497,0.051452616298640216,nan,nan,nan,nan,nan,nan,nan,nan,0.0,0.010385059751570225
1700,396158,23.857726171996767,0.8366186153143644,15,1,0,0,0,0,0,,0.0,0.333593487739563,0.055774574354290965,nan,nan,nan,nan,nan,nan,nan,nan,0.0,0.010394848883152008
1701,396170,21.381178809287377,0.720060121268034,12,1,0,0,0,0,0,,0.0,0.4297914505004883,0.0600050101056695,nan,nan,nan,nan,nan,nan,nan,nan,0.0,0.010400669649243355
1702,396205,17.180592477909624,4.561679162085056,35,1,0,0,0,0,0,,0.0,0.39292535185813904,0.13033369034528733,nan,nan,nan,nan,nan,nan,nan,nan,0.0,0.01042361743748188
1703,396445,-63.86311154460601,44.13457324355841,240,0,0,0,0,0,0,,0.0,0.22619399428367615,0.18389405518149335,nan,nan,nan,nan,nan,nan,nan,nan,0.0,0.010324230417609215
1704,396459,24.090758940105015,0.7053673956543207,14,1,0,0,0,0,0,,0.0,0.3072492778301239,0.05038338540388005,nan,nan,nan,nan,nan,nan,nan,nan,0.0,0.010313257575035095
1705,396489,22.940752873309172,1.5652193780988455,30,1,0,0,0,0,0,,0.0,0.2741636633872986,0.052173979269961514,nan,nan,nan,nan,nan,nan,nan,nan,0.0,0.01025740522891283
1706,396729,-199.1135467055386,141.91240204498172,240,0,0,0,0,0,0,,0.075,0.10503286868333817,0.36630167518742385,nan,nan,nan,nan,nan,nan,nan,nan,0.0,0.010406255722045898
1707,396745,24.521415491449567,0.9361603409051895,16,1,0,0,0,0,0,,0.0,0.29334527254104614,0.058510021306574345,nan,nan,nan,nan,nan,nan,nan,nan,0.0,0.010413373820483685
1708,396763,20.614493071537073,3.843956120312214,18,1,0,0,0,0,0,,0.0,0.35864827036857605,0.21355311779512298,nan,nan,nan,nan,nan,nan,nan,nan,0.0,0.010424801148474216
1709,396792,17.44526951408659,6.00884298607707,29,1,0,0,0,0,0,,0.0,0.30658799409866333,0.20720148227851967,nan,nan,nan,nan,nan,nan,nan,nan,0.0,0.010439286008477211
1710,397032,-42.34507618776394,30.666160605847836,240,0,0,0,0,0,0,,0.0,0.2739904522895813,0.12777566919103264,nan,nan,nan,nan,nan,nan,nan,nan,0.0,0.010484018363058567
1711,397045,17.464220327974573,3.8010233342647552,13,1,0,0,0,0,0,,0.0,0.23068225383758545,0.2923864103280581,nan,nan,nan,nan,nan,nan,nan,nan,0.0,0.010461471043527126
1712,397056,23.07000032789688,0.4501784462481737,11,1,0,0,0,0,0,,0.0,0.39960208535194397,0.04092531329528852,nan,nan,nan,nan,nan,nan,nan,nan,0.0,0.010455706156790257
1713,397076,21.831941943219494,1.068769108504057,20,1,0,0,0,0,0,,0.0,0.34029296040534973,0.05343845542520285,nan,nan,nan,nan,nan,nan,nan,nan,0.0,0.01044502668082714
1714,397080,19.778952217686083,1.2049601525068283,4,1,0,0,0,0,0,,0.0,0.27726680040359497,0.3012400381267071,nan,nan,nan,nan,nan,nan,nan,nan,0.0,0.010446097701787949
1715,397093,23.69275980120145,1.9238414466381073,13,1,0,0,0,0,0,,0.0,0.3069153428077698,0.1479878035875467,nan,nan,nan,nan,nan,nan,nan,nan,0.0,0.010441177524626255
1716,397131,21.27384549151028,2.0803066082298756,38,1,0,0,0,0,0,,0.0,0.2888900339603424,0.054744910742891464,nan,nan,nan,nan,nan,nan,nan,nan,0.0,0.010403149761259556
1717,397371,-52.50038829412247,40.21684894710779,240,0,0,0,0,0,0,,0.0,0.22605998814105988,0.16757020394628247,nan,nan,nan,nan,nan,nan,nan,nan,0.0,0.010358535684645176
1718,397380,21.369966158399105,0.4056610241532326,9,1,0,0,0,0,0,,0.0,0.45136159658432007,0.045073447128136955,nan,nan,nan,nan,nan,nan,nan,nan,0.0,0.010357340797781944
1719,397464,8.193194076721262,14.476952411234379,84,1,0,0,0,0,0,,0.0,0.25765565037727356,0.17234467156231403,nan,nan,nan,nan,nan,nan,nan,nan,0.0,0.010358205065131187
1720,397476,22.014085096492547,1.7643424421548843,12,1,0,0,0,0,0,,0.0,0.4959459602832794,0.14702853684624037,nan,nan,nan,nan,nan,nan,nan,nan,0.0,0.010358900763094425
1721,397500,22.609781078194064,1.7710579633712769,24,1,0,0,0,0,0,,0.0,0.46698907017707825,0.07379408180713654,nan,nan,nan,nan,nan,nan,nan,nan,0.0,0.0103529654443264
1722,397559,22.232729324816376,2.017219692468643,59,1,0,0,0,0,0,,0.0,0.3009074926376343,0.03419016427912955,nan,nan,nan,nan,nan,nan,nan,nan,0.0,0.010299988090991974
1723,397576,24.444221255171502,1.0147991701960564,17,1,0,0,0,0,0,,0.0,0.45060834288597107,0.05969406883506214,nan,nan,nan,nan,nan,nan,nan,nan,0.0,0.01029237825423479
1724,397597,22.474239528128514,2.4602595642209053,21,1,0,0,0,0,0,,0.0,0.4380766451358795,0.11715521734385263,nan,nan,nan,nan,nan,nan,nan,nan,0.0,0.010318663902580738
1725,397615,22.011606581315903,0.9395508300513029,18,1,0,0,0,0,0,,0.0,0.6484984159469604,0.052197268336183496,nan,nan,nan,nan,nan,nan,nan,nan,0.0,0.010344680398702621
1726,397635,21.876326164817648,0.5770089086145163,20,1,0,0,0,0,0,,0.0,0.5721147060394287,0.02885044543072581,nan,nan,nan,nan,nan,nan,nan,nan,0.0,0.010311049409210682
1727,397646,23.675972977570808,0.5211374498903751,11,1,0,0,0,0,0,,0.0,0.45042985677719116,0.04737613180821592,nan,nan,nan,nan,nan,nan,nan,nan,0.0,0.010294921696186066
1728,397669,20.221636519377505,3.1142085939645767,23,1,0,0,0,0,0,,0.0,0.32263121008872986,0.13540037365063376,nan,nan,nan,nan,nan,nan,nan,nan,0.0,0.010240682400763035
1729,397689,25.070155175441286,1.0129182320088148,20,1,0,0,0,0,0,,0.0,0.30639007687568665,0.05064591160044074,nan,nan,nan,nan,nan,nan,nan,nan,0.0,0.010202440433204174
1730,397702,22.31817268026715,0.49398565851151943,13,1,0,0,0,0,0,,0.0,0.5101099610328674,0.03799889680857842,nan,nan,nan,nan,nan,nan,nan,nan,0.0,0.010208864696323872
1731,397715,25.265032494989462,0.40229831635951996,13,1,0,0,0,0,0,,0.0,0.4163946807384491,0.03094602433534769,nan,nan,nan,nan,nan,nan,nan,nan,0.0,0.010220115073025227
1732,397750,19.40534150352851,4.073094315826893,35,1,0,0,0,0,0,,0.0,0.31878361105918884,0.1163741233093398,nan,nan,nan,nan,nan,nan,nan,nan,0.0,0.01023903675377369
1733,397781,15.133674748298326,8.827875033020973,31,1,0,0,0,0,0,,0.0,0.2021569311618805,0.2847701623555153,nan,nan,nan,nan,nan,nan,nan,nan,0.0,0.01018586941063404
1734,397799,24.93549761058958,0.9679388664662838,18,1,0,0,0,0,0,,0.0,0.3244284987449646,0.0537743814703491,nan,nan,nan,nan,nan,nan,nan,nan,0.0,0.01015250850468874
1735,398023,-21.684351525525667,37.450463242828846,224,1,0,0,0,0,0,,0.0,0.19890661537647247,0.16718956804834306,nan,nan,nan,nan,nan,nan,nan,nan,0.0,0.010151714086532593
1736,398263,-110.67334509582425,42.81347921490669,240,0,0,0,0,0,0,,0.0,0.17961856722831726,0.17838949672877788,nan,nan,nan,nan,nan,nan,nan,nan,0.0,0.010306237265467644
1737,398274,24.70585413324023,0.920402966439724,11,1,0,0,0,0,0,,0.0,0.588721752166748,0.08367299694906581,nan,nan,nan,nan,nan,nan,nan,nan,0.0,0.01033632829785347
1738,398293,25.228666694408396,0.7716514077037573,19,1,0,0,0,0,0,,0.0,0.41833195090293884,0.04061323198440828,nan,nan,nan,nan,nan,nan,nan,nan,0.0,0.010363209061324596
1739,398310,21.181653072618833,1.2655284516513348,17,1,0,0,0,0,0,,0.0,0.44669559597969055,0.07444285009713734,nan,nan,nan,nan,nan,nan,nan,nan,0.0,0.010387535206973553
1740,398411,5.48494616973556,16.919300816953182,101,1,0,0,0,0,0,,0.0,0.2504868805408478,0.1675178298708236,nan,nan,nan,nan,nan,nan,nan,nan,0.0,0.01039278693497181
1741,398435,23.76444138553203,1.6955067366361618,24,1,0,0,0,0,0,,0.0,0.307731032371521,0.07064611402650674,nan,nan,nan,nan,nan,nan,nan,nan,0.0,0.01040121540427208
1742,398449,21.25513397736909,0.8972241245210171,14,1,0,0,0,0,0,,0.0,0.4253762364387512,0.06408743746578693,nan,nan,nan,nan,nan,nan,nan,nan,0.0,0.01042499952018261
1743,398464,23.732264159876653,0.4087059944868088,15,1,0,0,0,0,0,,0.0,0.5356367230415344,0.027247066299120586,nan,nan,nan,nan,nan,nan,nan,nan,0.0,0.010437519289553165
1744,398478,23.28641255174562,0.8004455007612705,14,1,0,0,0,0,0,,0.0,0.36911091208457947,0.05717467862580504,nan,nan,nan,nan,nan,nan,nan,nan,0.0,0.010446551255881786
1745,398506,20.768116768193654,2.0555496253073215,28,1,0,0,0,0,0,,0.0,0.4208527207374573,0.07341248661811862,nan,nan,nan,nan,nan,nan,nan,nan,0.0,0.010444498620927334
1746,398746,-53.28645427173393,40.66848185658455,240,0,0,0,0,0,0,,0.0,0.21770301461219788,0.16945200773576896,nan,nan,nan,nan,nan,nan,nan,nan,0.0,0.010366881266236305
1747,398986,-116.0762811639612,35.29053527675569,240,0,0,0,0,0,0,,0.0,0.19122032821178436,0.14704389698648204,nan,nan,nan,nan,nan,nan,nan,nan,0.0,0.01032316219061613
1748,399014,22.330454239563714,1.1693672686815262,28,1,0,0,0,0,0,,0.0,0.46791988611221313,0.041763116738625934,nan,nan,nan,nan,nan,nan,nan,nan,0.0,0.01029732171446085
1749,399162,18.095970242308834,4.637925833463669,148,1,0,0,0,0,0,,0.0,0.34404268860816956,0.031337336712592354,nan,nan,nan,nan,nan,nan,nan,nan,0.0,0.010338575579226017
1750,399172,22.126953966834265,0.6932086944580078,10,1,0,0,0,0,0,,0.0,0.3262563645839691,0.06932086944580078,nan,nan,nan,nan,nan,nan,nan,nan,0.0,0.010351366363465786
1751,399412,-20.4751980217476,11.121342057362199,240,0,0,0,0,0,0,,0.0,0.43956008553504944,0.04633892523900916,nan,nan,nan,nan,nan,nan,nan,nan,0.0,0.01039967779070139
1752,399435,20.829389519853063,4.0977698639035225,23,1,0,0,0,0,0,,0.0,0.2660701870918274,0.1781639071262401,nan,nan,nan,nan,nan,nan,nan,nan,0.0,0.010359583422541618
1753,399448,23.65875129933299,0.6639506630599499,13,1,0,0,0,0,0,,0.0,0.4739472568035126,0.05107312792768845,nan,nan,nan,nan,nan,nan,nan,nan,0.0,0.010346392169594765
1754,399458,22.973867526446014,0.23246623389422894,10,1,0,0,0,0,0,,0.0,0.5437048673629761,0.023246623389422894,nan,nan,nan,nan,nan,nan,nan,nan,0.0,0.010361909866333008
1755,399473,24.19147958559051,0.7887750640511513,15,1,0,0,0,0,0,,0.0,0.30294540524482727,0.05258500427007675,nan,nan,nan,nan,nan,nan,nan,nan,0.0,0.010393476113677025
1756,399572,8.171241185542524,13.88041553646326,99,1,0,0,0,0,0,,0.0,0.281032919883728,0.14020621754003293,nan,nan,nan,nan,nan,nan,nan,nan,0.0,0.010501479730010033
1757,399812,-19.012186383975198,11.763675514608622,240,0,0,0,0,0,0,,0.0,0.3192836344242096,0.04901531464420259,nan,nan,nan,nan,nan,nan,nan,nan,0.0,0.010423279367387295
1758,399830,21.194958391064084,1.7474199905991554,18,1,0,0,0,0,0,,0.0,0.3598763644695282,0.09707888836661975,nan,nan,nan,nan,nan,nan,nan,nan,0.0,0.010399102233350277
1759,400070,-68.5583598204249,62.31118202209473,240,0,0,0,0,0,0,,0.0,0.16012705862522125,0.25962992509206134,nan,nan,nan,nan,nan,nan,nan,nan,0.0,0.010110507719218731
1760,400310,-39.33023569601291,27.508854158222675,240,0,0,0,0,0,0,,0.0,0.2759016752243042,0.11462022565926115,nan,nan,nan,nan,nan,nan,nan,nan,0.0,0.010180125944316387
1761,400322,20.688385909736446,0.9794356003403664,12,1,0,0,0,0,0,,0.0,0.37398761510849,0.0816196333616972,nan,nan,nan,nan,nan,nan,nan,nan,0.0,0.010172899812459946
1762,400330,23.51079914068014,1.1541453152894974,8,1,0,0,0,0,0,,0.0,0.33650273084640503,0.14426816441118717,nan,nan,nan,nan,nan,nan,nan,nan,0.0,0.01016982551664114
1763,400342,21.48241847018076,1.8387270048260689,12,1,0,0,0,0,0,,0.0,0.42221811413764954,0.15322725040217242,nan,nan,nan,nan,nan,nan,nan,nan,0.0,0.010161773301661015
1764,400582,-21.668934380781316,10.040323119610548,240,0,0,0,0,0,0,,0.0,0.4370754659175873,0.04183467966504395,nan,nan,nan,nan,nan,nan,nan,nan,0.0,0.010209745727479458
1765,400586,20.31406589920915,0.3090599700808525,4,1,0,0,0,0,0,,0.0,0.35892894864082336,0.07726499252021313,nan,nan,nan,nan,nan,nan,nan,nan,0.0,0.010220324620604515
1766,400826,-96.36690375868596,70.59059555828571,240,0,0,0,0,0,0,,0.0,0.1583828181028366,0.2941274814928571,nan,nan,nan,nan,nan,nan,nan,nan,0.0,0.010292569175362587
1767,400844,24.26749156230678,1.0358734223991632,18,1,0,0,0,0,0,,0.0,0.2708666920661926,0.05754852346662018,nan,nan,nan,nan,nan,nan,nan,nan,0.0,0.010310047306120396
1768,400855,20.94309480812556,2.6490405052900314,11,1,0,0,0,0,0,,0.0,0.30587485432624817,0.24082186411727557,nan,nan,nan,nan,nan,nan,nan,nan,0.0,0.010328395292162895
1769,401095,-134.40667746035425,79.91374209523201,240,0,0,0,0,0,0,,0.004166666666666667,0.1189054623246193,0.32047392539680003,nan,nan,nan,nan,nan,nan,nan,nan,0.0,0.010384766384959221
1770,401116,20.007702502102852,3.7296788543462753,21,1,0,0,0,0,0,,0.0,0.28761059045791626,0.17760375496887026,nan,nan,nan,nan,nan,nan,nan,nan,0.0,0.010426201857626438
1771,401356,-84.39696436692543,37.40699116885662,240,0,0,0,0,0,0,,0.0,0.211368590593338,0.15586246320356925,nan,nan,nan,nan,nan,nan,nan,nan,0.0,0.010426336899399757
1772,401377,19.860703076491617,4.84164509922266,21,1,0,0,0,0,0,,0.0,0.3088008761405945,0.23055452853441238,nan,nan,nan,nan,nan,nan,nan,nan,0.0,0.010408910922706127
1773,401617,-115.44544912458983,66.86112435162067,240,0,0,0,0,0,0,,0.0,0.18206225335597992,0.2785880181317528,nan,nan,nan,nan,nan,nan,nan,nan,0.0,0.010382835753262043
1774,401626,22.021427467512176,0.7892179936170578,9,1,0,0,0,0,0,,0.0,0.2749519944190979,0.08769088817967309,nan,nan,nan,nan,nan,nan,nan,nan,0.0,0.010364226996898651
1775,401647,23.218115824949788,0.8980614524334669,21,1,0,0,0,0,0,,0.0,0.3645561933517456,0.04276483106826033,nan,nan,nan,nan,nan,nan,nan,nan,0.0,0.010362235829234123
1776,401658,24.7637800988864,0.4834880903363228,11,1,0,0,0,0,0,,0.0,0.48562830686569214,0.043953462757847526,nan,nan,nan,nan,nan,nan,nan,nan,0.0,0.010371356271207333
1777,401675,23.68543422878601,1.6800776235759258,17,1,0,0,0,0,0,,0.0,0.5358023643493652,0.09882809550446622,nan,nan,nan,nan,nan,nan,nan,nan,0.0,0.010379059240221977
1778,401693,23.889601843543613,1.4471921175718307,18,1,0,0,0,0,0,,0.0,0.3690515160560608,0.08039956208732393,nan,nan,nan,nan,nan,nan,nan,nan,0.0,0.01038171723484993
1779,401709,24.789503648016588,0.581024644896388,16,1,0,0,0,0,0,,0.0,0.39938798546791077,0.03631404030602425,nan,nan,nan,nan,nan,nan,nan,nan,0.0,0.010384871624410152
1780,401722,22.927866337382767,1.0784468278288841,13,1,0,0,0,0,0,,0.0,0.23367443680763245,0.08295744829452954,nan,nan,nan,nan,nan,nan,nan,nan,0.0,0.010399132035672665
1781,401747,21.67795041488983,1.0003365278244019,25,1,0,0,0,0,0,,0.0,0.3120042383670807,0.04001346111297607,nan,nan,nan,nan,nan,nan,nan,nan,0.0,0.010426819324493408
1782,401765,22.728781677981665,2.066909708082676,18,1,0,0,0,0,0,,0.0,0.1910233348608017,0.11482831711570422,nan,nan,nan,nan,nan,nan,nan,nan,0.0,0.010397987440228462
1783,401789,19.281221244007774,4.3299634382128716,24,1,0,0,0,0,0,,0.0,0.304834246635437,0.18041514325886965,nan,nan,nan,nan,nan,nan,nan,nan,0.0,0.010339329950511456
1784,402029,-52.222205930906746,37.75266423076391,240,0,0,0,0,0,0,,0.0,0.22902308404445648,0.15730276762818296,nan,nan,nan,nan,nan,nan,nan,nan,0.0,0.010218643583357334
1785,402064,18.6732015140535,6.349880665540695,35,1,0,0,0,0,0,,0.0,0.29018521308898926,0.18142516187259128,nan,nan,nan,nan,nan,nan,nan,nan,0.0,0.010283210314810276
1786,402075,23.88262291776444,0.6141618005931377,11,1,0,0,0,0,0,,0.0,0.364199697971344,0.05583289096301252,nan,nan,nan,nan,nan,nan,nan,nan,0.0,0.010288134217262268
1787,402092,24.725090219924876,1.3885110467672348,17,1,0,0,0,0,0,,0.0,0.2248145341873169,0.08167712039807264,nan,nan,nan,nan,nan,nan,nan,nan,0.0,0.010267755948007107
1788,402114,22.50233297497779,3.3921179696917534,22,1,0,0,0,0,0,,0.0,0.3888871371746063,0.15418718044053425,nan,nan,nan,nan,nan,nan,nan,nan,0.0,0.010270748287439346
1789,402134,24.070660331755203,0.9569109752774239,20,1,0,0,0,0,0,,0.0,0.38425305485725403,0.04784554876387119,nan,nan,nan,nan,nan,nan,nan,nan,0.0,0.010269852355122566
1790,402169,22.774589787332072,1.2239754740148783,35,1,0,0,0,0,0,,0.0,0.500455379486084,0.034970727828996524,nan,nan,nan,nan,nan,nan,nan,nan,0.0,0.010282072238624096
1791,402194,21.79146240067004,1.9871558770537376,25,1,0,0,0,0,0,,0.0,0.19487501680850983,0.07948623508214951,nan,nan,nan,nan,nan,nan,nan,nan,0.0,0.010283106938004494
1792,402206,18.327914015207377,1.9104303419589996,12,1,0,0,0,0,0,,0.0,0.2671929597854614,0.1592025284965833,nan,nan,nan,nan,nan,nan,nan,nan,0.0,0.010291485115885735
1793,402219,22.899956105725966,0.7593634575605392,13,1,0,0,0,0,0,,0.0,0.36203792691230774,0.05841257365850302,nan,nan,nan,nan,nan,nan,nan,nan,0.0,0.01031362172216177
1794,402226,22.46873633470426,0.26991987600922585,7,1,0,0,0,0,0,,0.0,0.4737609028816223,0.038559982287032266,nan,nan,nan,nan,nan,nan,nan,nan,0.0,0.01032523438334465
1795,402466,-21.53507169132334,9.042907794937491,240,0,0,0,0,0,0,,0.0,0.4596230685710907,0.037678782478906214,nan,nan,nan,nan,nan,nan,nan,nan,0.0,0.010238592512905598
1796,402491,20.069016603140025,3.6051701828837395,25,1,0,0,0,0,0,,0.0,0.35223615169525146,0.14420680731534957,nan,nan,nan,nan,nan,nan,nan,nan,0.0,0.010237108916044235
1797,402731,-60.44531070838686,40.184448555111885,240,0,0,0,0,0,0,,0.0,0.2108658254146576,0.16743520231296619,nan,nan,nan,nan,nan,nan,nan,nan,0.0,0.01021172758191824
1798,402971,-112.13246242642951,53.52367985248566,240,0,0,0,0,0,0,,0.0,0.19625155627727509,0.22301533271869023,nan,nan,nan,nan,nan,nan,nan,nan,0.0,0.010213436558842659
1799,402986,22.569272074343342,0.5056613124907017,15,1,0,0,0,0,0,,0.0,0.47883370518684387,0.033710754166046776,nan,nan,nan,nan,nan,nan,nan,nan,0.0,0.010217002592980862
1800,403010,23.429318634729402,0.7359139863401651,24,1,0,0,0,0,0,,0.0,0.5431498885154724,0.03066308276417355,nan,nan,nan,nan,nan,nan,nan,nan,0.0,0.010204814374446869
1801,403250,-83.1499871439855,34.034881230443716,240,0,0,0,0,0,0,,0.0,0.27155548334121704,0.14181200512684883,nan,nan,nan,nan,nan,nan,nan,nan,0.0,0.010271085426211357
1802,403254,21.12659855564269,0.33928126841783524,4,1,0,0,0,0,0,,0.0,0.35537439584732056,0.08482031710445881,nan,nan,nan,nan,nan,nan,nan,nan,0.0,0.010272574611008167
1803,403301,20.7852675662511,2.0032662004232407,47,1,0,0,0,0,0,,0.0,0.3510383665561676,0.0426226851153881,nan,nan,nan,nan,nan,nan,nan,nan,0.0,0.010216695256531239
1804,403541,-63.96465314312798,43.04409960657358,240,0,0,0,0,0,0,,0.0,0.17066426575183868,0.17935041502738994,nan,nan,nan,nan,nan,nan,nan,nan,0.0,0.010140533559024334
1805,403553,23.514366674359056,1.2440051771700382,12,1,0,0,0,0,0,,0.0,0.4310685396194458,0.10366709809750319,nan,nan,nan,nan,nan,nan,nan,nan,0.0,0.010142902843654156
1806,403793,-109.41872154517675,57.417589239776134,240,0,0,0,0,0,0,,0.0,0.16346970200538635,0.2392399551657339,nan,nan,nan,nan,nan,nan,nan,nan,0.0,0.010227149352431297
1807,403803,23.489182292761758,0.5331152118742466,10,1,0,0,0,0,0,,0.0,0.38135698437690735,0.05331152118742466,nan,nan,nan,nan,nan,nan,nan,nan,0.0,0.010223736986517906
1808,403806,20.288979063841637,0.3376437798142433,3,1,0,0,0,0,0,,0.0,0.31199178099632263,0.11254792660474777,nan,nan,nan,nan,nan,nan,nan,nan,0.0,0.010220695286989212
1809,403823,22.061721042799842,0.8748862780630589,17,1,0,0,0,0,0,,0.0,0.44655901193618774,0.0514638987095917,nan,nan,nan,nan,nan,nan,nan,nan,0.0,0.010182373225688934
1810,403849,20.31143465476703,2.5633481331169605,26,1,0,0,0,0,0,,0.0,0.13984715938568115,0.09859031281219079,nan,nan,nan,nan,nan,nan,nan,nan,0.0,0.010165083222091198
1811,403863,23.117243425625176,0.898004736751318,14,1,0,0,0,0,0,,0.0,0.5599925518035889,0.064143195482237,nan,nan,nan,nan,nan,nan,nan,nan,0.0,0.010158706456422806
1812,403885,21.618427684990113,1.817371852695942,22,1,0,0,0,0,0,,0.0,0.2352207750082016,0.08260781148617918,nan,nan,nan,nan,nan,nan,nan,nan,0.0,0.010144668631255627
1813,403905,20.23071807321825,3.1233855336904526,20,1,0,0,0,0,0,,0.0,0.39855390787124634,0.15616927668452263,nan,nan,nan,nan,nan,nan,nan,nan,0.0,0.010147600434720516
1814,403927,21.73148640772634,2.804974138736725,22,1,0,0,0,0,0,,0.0,0.20231156051158905,0.12749882448803296,nan,nan,nan,nan,nan,nan,nan,nan,0.0,0.010158352553844452
1815,403942,22.88168830712914,1.556062676012516,15,1,0,0,0,0,0,,0.0,0.2743304967880249,0.10373751173416773,nan,nan,nan,nan,nan,nan,nan,nan,0.0,0.010161545127630234
1816,404182,-79.85200806478389,50.396750308573246,240,0,0,0,0,0,0,,0.0,0.18548643589019775,0.20998645961905518,nan,nan,nan,nan,nan,nan,nan,nan,0.0,0.01007305458188057
1817,404190,24.304206569768287,0.2393136117607355,8,1,0,0,0,0,0,,0.0,0.5149878263473511,0.02991420147009194,nan,nan,nan,nan,nan,nan,nan,nan,0.0,0.010068492032587528
1818,404210,25.337679653766575,0.8589865826070309,20,1,0,0,0,0,0,,0.0,0.379475861787796,0.04294932913035154,nan,nan,nan,nan,nan,nan,nan,nan,0.0,0.010046273469924927
1819,404246,20.88213613251041,3.715007569640875,36,1,0,0,0,0,0,,0.0,0.4161159098148346,0.10319465471224652,nan,nan,nan,nan,nan,nan,nan,nan,0.0,0.01009627990424633
1820,404486,-61.364326054530856,45.81253442913294,240,0,0,0,0,0,0,,0.0,0.23412157595157623,0.19088556012138724,nan,nan,nan,nan,nan,nan,nan,nan,0.0,0.010273706167936325
1821,404498,22.60299563345833,0.8813077360391617,12,1,0,0,0,0,0,,0.0,0.34231698513031006,0.0734423113365968,nan,nan,nan,nan,nan,nan,nan,nan,0.0,0.01026485301554203
1822,404738,-47.76137089175909,38.39483343809843,240,0,0,0,0,0,0,,0.0,0.18691055476665497,0.15997847265874346,nan,nan,nan,nan,nan,nan,nan,nan,0.0,0.010150949470698833
1823,404978,-47.9436589131861,30.15749714523554,240,0,0,0,0,0,0,,0.0,0.24622060358524323,0.1256562381051481,nan,nan,nan,nan,nan,nan,nan,nan,0.0,0.010294587351381779
1824,405000,22.799969408370707,1.0387713108211756,22,1,0,0,0,0,0,,0.0,0.2953570485115051,0.04721687776459889,nan,nan,nan,nan,nan,nan,nan,nan,0.0,0.010286868549883366
1825,405033,24.033463879034347,1.3096211552619934,33,1,0,0,0,0,0,,0.0,0.4727668762207031,0.03968548955339374,nan,nan,nan,nan,nan,nan,nan,nan,0.0,0.010274347849190235
1826,405052,23.468361797809774,1.8714768588542938,19,1,0,0,0,0,0,,0.0,0.2523503005504608,0.09849878204496283,nan,nan,nan,nan,nan,nan,nan,nan,0.0,0.010285789147019386
1827,405071,23.532755999818686,1.633992051705718,19,1,0,0,0,0,0,,0.0,0.21493738889694214,0.085999581668722,nan,nan,nan,nan,nan,nan,nan,nan,0.0,0.010320046916604042
1828,405090,22.46740160255908,2.874068111181259,19,1,0,0,0,0,0,,0.0,0.4323786795139313,0.15126674269375048,nan,nan,nan,nan,nan,nan,nan,nan,0.0,0.010340671055018902
1829,405102,22.867218599561998,1.074125062674284,12,1,0,0,0,0,0,,0.0,0.26371070742607117,0.08951042188952367,nan,nan,nan,nan,nan,nan,nan,nan,0.0,0.010349945165216923
1830,405110,20.95698409223939,1.1287483349442482,8,1,0,0,0,0,0,,0.0,0.35270050168037415,0.14109354186803102,nan,nan,nan,nan,nan,nan,nan,nan,0.0,0.010352916084229946
1831,405350,-69.82193507669362,55.842223934829235,240,0,0,0,0,0,0,,0.0,0.1656259447336197,0.2326759330617885,nan,nan,nan,nan,nan,nan,nan,nan,0.0,0.010382737033069134
1832,405366,19.922829747004844,4.023711979389191,16,1,0,0,0,0,0,,0.0,0.24868251383304596,0.2514819987118244,nan,nan,nan,nan,nan,nan,nan,nan,0.0,0.010372350923717022
1833,405606,-30.994533607892443,24.29956206679344,240,0,0,0,0,0,0,,0.0,0.2725765109062195,0.10124817527830601,nan,nan,nan,nan,nan,nan,nan,nan,0.0,0.010443522594869137
1834,405620,21.364212956499962,2.820037752389908,14,1,0,0,0,0,0,,0.0,0.26790979504585266,0.20143126802785055,nan,nan,nan,nan,nan,nan,nan,nan,0.0,0.010433826595544815
1835,405647,21.877777750927354,2.0191041827201843,27,1,0,0,0,0,0,,0.0,0.26888522505760193,0.07478163639704387,nan,nan,nan,nan,nan,nan,nan,nan,0.0,0.010451908223330975
1836,405665,23.37696019301495,1.5947006344795227,18,1,0,0,0,0,0,,0.0,0.43911609053611755,0.08859447969330682,nan,nan,nan,nan,nan,nan,nan,nan,0.0,0.010454528965055943
1837,405690,21.396765021845876,3.575971156358719,25,1,0,0,0,0,0,,0.0,0.290292352437973,0.14303884625434876,nan,nan,nan,nan,nan,nan,nan,nan,0.0,0.01044066995382309
1838,405703,20.598381386691464,2.1671293526887894,13,1,0,0,0,0,0,,0.0,0.433233380317688,0.16670225789913765,nan,nan,nan,nan,nan,nan,nan,nan,0.0,0.010450332425534725
1839,405710,21.729903423099685,0.48494963347911835,7,1,0,0,0,0,0,,0.0,0.5849795937538147,0.06927851906844548,nan,nan,nan,nan,nan,nan,nan,nan,0.0,0.010457625612616539
1840,405734,23.88694841268555,1.0581878069788218,24,1,0,0,0,0,0,,0.0,0.3231923580169678,0.044091158624117575,nan,nan,nan,nan,nan,nan,nan,nan,0.0,0.010486043058335781
1841,405751,20.45559914535443,3.396728329360485,17,1,0,0,0,0,0,,0.0,0.4187268912792206,0.1998075487859109,nan,nan,nan,nan,nan,nan,nan,nan,0.0,0.010495486669242382
1842,405775,21.892592893374236,3.4511982537806034,24,1,0,0,0,0,0,,0.0,0.41604194045066833,0.14379992724085847,nan,nan,nan,nan,nan,nan,nan,nan,0.0,0.010500933974981308
1843,405782,21.17417997395603,2.141531080007553,7,1,0,0,0,0,0,,0.0,0.16801676154136658,0.30593301142965046,nan,nan,nan,nan,nan,nan,nan,nan,0.0,0.010512501932680607
1844,406022,-92.9584734649253,60.50530614703894,240,0,0,0,0,0,0,,0.0,0.15828806161880493,0.2521054422793289,nan,nan,nan,nan,nan,nan,nan,nan,0.0,0.010410036891698837
1845,406037,24.863144299772646,0.9820984341204166,15,1,0,0,0,0,0,,0.0,0.3404967784881592,0.06547322894136111,nan,nan,nan,nan,nan,nan,nan,nan,0.0,0.010378782637417316
1846,406063,20.906871561815894,2.1325310841202736,26,1,0,0,0,0,0,,0.0,0.44423362612724304,0.08202042631231822,nan,nan,nan,nan,nan,nan,nan,nan,0.0,0.010331976227462292
1847,406086,18.731784180819517,6.119224406778812,23,1,0,0,0,0,0,,0.0,0.3063954710960388,0.2660532350773397,nan,nan,nan,nan,nan,nan,nan,nan,0.0,0.010278856381773949
1848,406130,11.325921909716602,9.808317124843597,44,1,0,0,0,0,0,,0.0,0.18188810348510742,0.22291629829189993,nan,nan,nan,nan,nan,nan,nan,nan,0.0,0.01029056217521429
1849,406146,24.1107971093397,1.052397709339857,16,1,0,0,0,0,0,,0.0,0.24432682991027832,0.06577485683374107,nan,nan,nan,nan,nan,nan,nan,nan,0.0,0.010291156359016895
1850,406162,24.172274509530894,0.7034809924662113,16,1,0,0,0,0,0,,0.0,0.3777967691421509,0.04396756202913821,nan,nan,nan,nan,nan,nan,nan,nan,0.0,0.010298986919224262
1851,406402,-56.895480017893355,51.88608317822218,240,0,0,0,0,0,0,,0.0,0.21593216061592102,0.2161920132425924,nan,nan,nan,nan,nan,nan,nan,nan,0.0,0.010089957155287266
1852,406413,22.129188230897483,0.3216808568686247,11,1,0,0,0,0,0,,0.0,0.48105642199516296,0.02924371426078406,nan,nan,nan,nan,nan,nan,nan,nan,0.0,0.010088297538459301
1853,406434,22.75585409371477,0.8128794841468334,21,1,0,0,0,0,0,,0.0,0.49185603857040405,0.03870854686413493,nan,nan,nan,nan,nan,nan,nan,nan,0.0,0.010101187974214554
1854,406475,16.960725113654153,7.298588156700134,41,1,0,0,0,0,0,,0.0,0.24928899109363556,0.17801434528536914,nan,nan,nan,nan,nan,nan,nan,nan,0.0,0.010091361589729786
1855,406483,20.52818596193538,1.9458242654800415,8,1,0,0,0,0,0,,0.0,0.28248247504234314,0.2432280331850052,nan,nan,nan,nan,nan,nan,nan,nan,0.0,0.010092646814882755
1856,406509,21.044193765982282,3.214964047074318,26,1,0,0,0,0,0,,0.0,0.3570840656757355,0.12365246334901223,nan,nan,nan,nan,nan,nan,nan,nan,0.0,0.010104473680257797
1857,406538,20.02780722703328,4.045192338526249,29,1,0,0,0,0,0,,0.0,0.31553852558135986,0.13948939098366375,nan,nan,nan,nan,nan,nan,nan,nan,0.0,0.010122112929821014
1858,406778,-104.70354560873928,39.053564451634884,240,0,0,0,0,0,0,,0.0,0.14570647478103638,0.16272318521514534,nan,nan,nan,nan,nan,nan,nan,nan,0.0,0.010366085916757584
1859,406786,21.955871206284048,0.8269574716687202,8,1,0,0,0,0,0,,0.0,0.31743139028549194,0.10336968395859003,nan,nan,nan,nan,nan,nan,nan,nan,0.0,0.010378554463386536
1860,406795,19.578887655673242,3.066257819533348,9,1,0,0,0,0,0,,0.0,0.2875780463218689,0.3406953132814831,nan,nan,nan,nan,nan,nan,nan,nan,0.0,0.010389898903667927
1861,406821,24.43422718070191,0.7747734896838665,26,1,0,0,0,0,0,,0.0,0.5409539937973022,0.029798980372456405,nan,nan,nan,nan,nan,nan,nan,nan,0.0,0.010385931469500065
1862,406840,22.444623985573454,2.441474560648203,19,1,0,0,0,0,0,,0.0,0.37003275752067566,0.1284986610867475,nan,nan,nan,nan,nan,nan,nan,nan,0.0,0.010374021716415882
1863,406867,21.724241104484772,2.599457733333111,27,1,0,0,0,0,0,,0.0,0.31904399394989014,0.09627621234567077,nan,nan,nan,nan,nan,nan,nan,nan,0.0,0.010373908095061779
1864,406880,24.04818463799469,0.3160988036543131,13,1,0,0,0,0,0,,0.0,0.565312922000885,0.024315292588793315,nan,nan,nan,nan,nan,nan,nan,nan,0.0,0.010385910980403423
1865,406894,21.772858740281944,2.0941779166460037,14,1,0,0,0,0,0,,0.0,0.4015911817550659,0.14958413690328598,nan,nan,nan,nan,nan,nan,nan,nan,0.0,0.010401716455817223
1866,406900,20.439537968005833,0.27346301078796387,6,1,0,0,0,0,0,,0.0,0.4297160804271698,0.045577168464660645,nan,nan,nan,nan,nan,nan,nan,nan,0.0,0.010402807034552097
1867,406910,21.893705311145894,0.9741770885884762,10,1,0,0,0,0,0,,0.0,0.5232998132705688,0.09741770885884762,nan,nan,nan,nan,nan,nan,nan,nan,0.0,0.0103978980332613
1868,406993,13.494851825804261,7.267037577927113,83,1,0,0,0,0,0,,0.0,0.29524925351142883,0.08755466961357967,nan,nan,nan,nan,nan,nan,nan,nan,0.0,0.01040857844054699
1869,407233,-87.27160641106308,45.474362283945084,240,0,0,0,0,0,0,,0.0,0.17285209894180298,0.18947650951643785,nan,nan,nan,nan,nan,nan,nan,nan,0.0,0.010377757251262665
1870,407254,22.26030425495302,1.6235514525324106,21,1,0,0,0,0,0,,0.0,0.2570593059062958,0.0773119739301148,nan,nan,nan,nan,nan,nan,nan,nan,0.0,0.010366328060626984
1871,407263,21.946731877512303,0.7972987629473209,9,1,0,0,0,0,0,,0.0,0.28490006923675537,0.08858875143859121,nan,nan,nan,nan,nan,nan,nan,nan,0.0,0.010370214469730854
1872,407503,-26.841163777329086,16.165420841425657,240,0,0,0,0,0,0,,0.0,0.32578685879707336,0.0673559201726069,nan,nan,nan,nan,nan,nan,nan,nan,0.0,0.010357759892940521
1873,407712,8.130018290250273,7.438604861497879,209,1,0,0,0,0,0,,0.0,0.5026153922080994,0.035591410820564016,nan,nan,nan,nan,nan,nan,nan,nan,0.0,0.010119970887899399
1874,407719,23.132827410559084,0.3267271816730499,7,1,0,0,0,0,0,,0.0,0.5077633261680603,0.04667531166757856,nan,nan,nan,nan,nan,nan,nan,nan,0.0,0.010129916481673717
1875,407959,-15.828863733750438,10.450594855472445,240,0,0,0,0,0,0,,0.0,0.47737258672714233,0.04354414523113519,nan,nan,nan,nan,nan,nan,nan,nan,0.0,0.010205491445958614
1876,407969,22.929809177881697,0.4106374718248844,10,1,0,0,0,0,0,,0.0,0.4605622887611389,0.04106374718248844,nan,nan,nan,nan,nan,nan,nan,nan,0.0,0.010199361480772495
1877,407998,23.110643799319263,1.9684077985584736,29,1,0,0,0,0,0,,0.0,0.3499393165111542,0.06787613098477495,nan,nan,nan,nan,nan,nan,nan,nan,0.0,0.010203802958130836
1878,408030,12.25042129012646,11.248825117945671,32,1,0,0,0,0,0,,0.0,0.17524975538253784,0.3515257849358022,nan,nan,nan,nan,nan,nan,nan,nan,0.0,0.010239232331514359
1879,408051,23.07980284161585,1.3993350695818663,21,1,0,0,0,0,0,,0.0,0.2624582350254059,0.0666350033134222,nan,nan,nan,nan,nan,nan,nan,nan,0.0,0.010265708900988102
1880,408291,-65.65996150347944,38.909444365650415,240,0,0,0,0,0,0,,0.0,0.21898724138736725,0.16212268485687673,nan,nan,nan,nan,nan,nan,nan,nan,0.0,0.010287662968039513
1881,408314,20.826014929412754,3.00103996694088,23,1,0,0,0,0,0,,0.0,0.3219682574272156,0.13047999856264694,nan,nan,nan,nan,nan,nan,nan,nan,0.0,0.010266355238854885
1882,408554,-36.95157912029184,25.24813673272729,240,0,0,0,0,0,0,,0.0,0.29484331607818604,0.10520056971969703,nan,nan,nan,nan,nan,nan,nan,nan,0.0,0.009987104684114456
1883,408581,13.426149490852227,7.968418568372726,27,1,0,0,0,0,0,,0.0,0.19253934919834137,0.2951266136434343,nan,nan,nan,nan,nan,nan,nan,nan,0.0,0.009956369176506996
1884,408707,-14.232957897618896,29.03677074611187,126,1,0,0,0,0,0,,0.0,0.19358259439468384,0.23045056147707832,nan,nan,nan,nan,nan,nan,nan,nan,0.0,0.009877978824079037
1885,408733,17.562037492067248,6.591891959309578,26,1,0,0,0,0,0,,0.0,0.2486780881881714,0.25353430612729144,nan,nan,nan,nan,nan,nan,nan,nan,0.0,0.009937415830790997
1886,408750,25.06200127561425,0.5941159669309855,17,1,0,0,0,0,0,,0.0,0.4124734699726105,0.03494799805476385,nan,nan,nan,nan,nan,nan,nan,nan,0.0,0.009946674108505249
1887,408990,-87.86566532565918,30.60543778538704,240,0,0,0,0,0,0,,0.0,0.217478409409523,0.12752265743911267,nan,nan,nan,nan,nan,nan,nan,nan,0.0,0.010142719373106956
1888,409018,21.670014993988953,1.6130074262619019,28,1,0,0,0,0,0,,0.0,0.22499090433120728,0.057607408080782206,nan,nan,nan,nan,nan,nan,nan,nan,0.0,0.010169146582484245
1889,409036,21.48490175752693,2.490926444530487,18,1,0,0,0,0,0,,0.0,0.29660946130752563,0.13838480247391594,nan,nan,nan,nan,nan,nan,nan,nan,0.0,0.010171808302402496
1890,409276,-97.5711440984272,48.36910657584667,240,0,0,0,0,0,0,,0.0,0.19048365950584412,0.2015379440660278,nan,nan,nan,nan,nan,nan,nan,nan,0.0,0.010060382075607777
1891,409299,19.390666351863228,5.013586573302746,23,1,0,0,0,0,0,,0.0,0.3106229305267334,0.21798202492620633,nan,nan,nan,nan,nan,nan,nan,nan,0.0,0.01003163494169712
1892,409314,21.077343454225975,1.976745381951332,15,1,0,0,0,0,0,,0.0,0.35158205032348633,0.13178302546342213,nan,nan,nan,nan,nan,nan,nan,nan,0.0,0.01000953558832407
1893,409339,23.99098356216829,1.3471350371837616,25,1,0,0,0,0,0,,0.0,0.3883793354034424,0.053885401487350465,nan,nan,nan,nan,nan,nan,nan,nan,0.0,0.00999531801789999
1894,409372,15.526235224923523,7.684790074825287,33,1,0,0,0,0,0,,0.0,0.2152828425168991,0.23287242650985718,nan,nan,nan,nan,nan,nan,nan,nan,0.0,0.009939571842551231
1895,409382,20.259942786016683,0.6812627799808979,10,1,0,0,0,0,0,,0.0,0.4900173842906952,0.06812627799808979,nan,nan,nan,nan,nan,nan,nan,nan,0.0,0.009913335554301739
1896,409413,20.76829912349762,1.666577059775591,31,1,0,0,0,0,0,,0.0,0.44289612770080566,0.05376055031534164,nan,nan,nan,nan,nan,nan,nan,nan,0.0,0.009862437844276428
1897,409424,23.0965411128292,1.1613254621624947,11,1,0,0,0,0,0,,0.0,0.4875766634941101,0.10557504201477225,nan,nan,nan,nan,nan,nan,nan,nan,0.0,0.00984730664640665
1898,409445,23.586386144881086,0.49904320761561394,21,1,0,0,0,0,0,,0.0,0.5578107237815857,0.023763962267410187,nan,nan,nan,nan,nan,nan,nan,nan,0.0,0.009832854382693768
1899,409461,23.09706739222552,2.3101610094308853,16,1,0,0,0,0,0,,0.0,0.4141215980052948,0.14438506308943033,nan,nan,nan,nan,nan,nan,nan,nan,0.0,0.009817665442824364
1900,409469,21.55386548641591,0.8451860696077347,8,1,0,0,0,0,0,,0.0,0.29326146841049194,0.10564825870096684,nan,nan,nan,nan,nan,nan,nan,nan,0.0,0.009820367209613323
1901,409482,23.65352376527059,0.6699918769299984,13,1,0,0,0,0,0,,0.0,0.4787740409374237,0.05153783668692295,nan,nan,nan,nan,nan,nan,nan,nan,0.0,0.009827136062085629
1902,409722,-66.9383639520084,53.124725475907326,240,0,0,0,0,0,0,,0.0,0.18820235133171082,0.22135302281628053,nan,nan,nan,nan,nan,nan,nan,nan,0.0,0.010023119859397411
1903,409734,21.327286328375617,2.668797604739666,12,1,0,0,0,0,0,,0.0,0.34830841422080994,0.22239980039497217,nan,nan,nan,nan,nan,nan,nan,nan,0.0,0.01004260964691639
1904,409740,21.47994692998387,0.46432631462812424,6,1,0,0,0,0,0,,0.0,0.37371790409088135,0.07738771910468738,nan,nan,nan,nan,nan,nan,nan,nan,0.0,0.01005301158875227
1905,409757,20.550601275206816,2.5974424220621586,17,1,0,0,0,0,0,,0.0,0.45092111825942993,0.15279073070953875,nan,nan,nan,nan,nan,nan,nan,nan,0.0,0.010082093067467213
1906,409997,-107.49946401893548,55.971480913460255,240,0,0,0,0,0,0,,0.0125,0.10508135706186295,0.1957145038060844,nan,nan,nan,nan,nan,nan,nan,nan,0.0,0.010044055059552193
1907,410003,20.485333666570234,0.9364476203918457,6,1,0,0,0,0,0,,0.0,0.2621690034866333,0.15607460339864096,nan,nan,nan,nan,nan,nan,nan,nan,0.0,0.010049751959741116
1908,410243,-36.73619968001357,6.742947515100241,240,0,0,0,0,0,0,,0.0,0.5880381464958191,0.028095614646251002,nan,nan,nan,nan,nan,nan,nan,nan,0.0,0.010097377933561802
1909,410261,20.850932314378284,1.1076133474707603,18,1,0,0,0,0,0,,0.0,0.45596110820770264,0.061534074859486684,nan,nan,nan,nan,nan,nan,nan,nan,0.0,0.010087767615914345
1910,410318,10.40440809603612,10.001726686954498,57,1,0,0,0,0,0,,0.0,0.259030282497406,0.17546888924481577,nan,nan,nan,nan,nan,nan,nan,nan,0.0,0.010061105713248253
1911,410323,20.575714870894025,0.23747645318508148,5,1,0,0,0,0,0,,0.0,0.550404965877533,0.047495290637016296,nan,nan,nan,nan,nan,nan,nan,nan,0.0,0.010060478001832962
1912,410340,23.92940842669632,1.1165576092898846,17,1,0,0,0,0,0,,0.0,0.2708356976509094,0.06567985936999321,nan,nan,nan,nan,nan,nan,nan,nan,0.0,0.01005733571946621
1913,410357,23.6944374198567,0.3765139076858759,17,1,0,0,0,0,0,,0.0,0.6120189428329468,0.02214787692269858,nan,nan,nan,nan,nan,nan,nan,nan,0.0,0.0100704999640584
1914,410374,21.337637634701537,2.2848192900419235,17,1,0,0,0,0,0,,0.0,0.3169240951538086,0.13440113470834844,nan,nan,nan,nan,nan,nan,nan,nan,0.0,0.010079300962388515
1915,410393,21.26742459500889,0.9390853047370911,19,1,0,0,0,0,0,,0.0,0.605246901512146,0.04942554235458374,nan,nan,nan,nan,nan,nan,nan,nan,0.0,0.010097171179950237
1916,410424,20.36617238789912,3.011340416967869,31,1,0,0,0,0,0,,0.0,0.2901410162448883,0.0971400134505764,nan,nan,nan,nan,nan,nan,nan,nan,0.0,0.010057522915303707
1917,410481,9.332743796823038,15.191601999104023,57,1,0,0,0,0,0,,0.0,0.1959519386291504,0.26651933331761446,nan,nan,nan,nan,nan,nan,nan,nan,0.0,0.009996696375310421
1918,410507,19.34444367032672,4.187124967575073,26,1,0,0,0,0,0,,0.0,0.3579106628894806,0.16104326798365667,nan,nan,nan,nan,nan,nan,nan,nan,0.0,0.010003424249589443
1919,410526,23.50079310822219,0.8655623737722635,19,1,0,0,0,0,0,,0.0,0.327262818813324,0.0455559144090665,nan,nan,nan,nan,nan,nan,nan,nan,0.0,0.010010738857090473
1920,410546,23.60285028598016,1.6804909203201532,20,1,0,0,0,0,0,,0.0,0.5377494096755981,0.08402454601600766,nan,nan,nan,nan,nan,nan,nan,nan,0.0,0.010002374649047852
1921,410568,17.90111176064278,5.501367166638374,22,1,0,0,0,0,0,,0.0,0.22541847825050354,0.25006214393810794,nan,nan,nan,nan,nan,nan,nan,nan,0.0,0.009993068873882294
1922,410577,23.53333882589621,0.4902096539735794,9,1,0,0,0,0,0,,0.0,0.43471527099609375,0.05446773933039771,nan,nan,nan,nan,nan,nan,nan,nan,0.0,0.010000915266573429
1923,410592,24.032030644745713,1.0898479372262955,15,1,0,0,0,0,0,,0.0,0.4048263728618622,0.0726565291484197,nan,nan,nan,nan,nan,nan,nan,nan,0.0,0.010023544542491436
1924,410604,24.6277342266825,0.3592369928956032,12,1,0,0,0,0,0,,0.0,0.47821101546287537,0.0299364160746336,nan,nan,nan,nan,nan,nan,nan,nan,0.0,0.01002766564488411
1925,410617,23.524853190853133,1.0228135511279106,13,1,0,0,0,0,0,,0.0,0.3329237699508667,0.07867796547137774,nan,nan,nan,nan,nan,nan,nan,nan,0.0,0.010033849626779556
1926,410629,23.4835047997248,0.5880077853798866,12,1,0,0,0,0,0,,0.0,0.3582357168197632,0.04900064878165722,nan,nan,nan,nan,nan,nan,nan,nan,0.0,0.010036897845566273
1927,410661,20.450720093961916,4.620243560522795,32,1,0,0,0,0,0,,0.0,0.12193458527326584,0.14438261126633734,nan,nan,nan,nan,nan,nan,nan,nan,0.0,0.010034117847681046
1928,410678,24.27596564206158,0.6722691264003515,17,1,0,0,0,0,0,,0.0,0.3559475243091583,0.03954524272943244,nan,nan,nan,nan,nan,nan,nan,nan,0.0,0.01006512250751257
1929,410918,-70.15181413102245,36.37538966909051,240,0,0,0,0,0,0,,0.0,0.22771766781806946,0.15156412362121047,nan,nan,nan,nan,nan,nan,nan,nan,0.0,0.010198082774877548
1930,411158,-68.35013273933275,51.00492809712887,240,0,0,0,0,0,0,,0.0,0.1975017637014389,0.21252053373803695,nan,nan,nan,nan,nan,nan,nan,nan,0.0,0.01017604861408472
1931,411214,3.995153923608127,19.11796336621046,56,1,0,0,0,0,0,,0.0,0.16009138524532318,0.34139220296804396,nan,nan,nan,nan,nan,nan,nan,nan,0.0,0.0102127306163311
1932,411232,24.178185313047656,1.0049612745642662,18,1,0,0,0,0,0,,0.0,0.3283502161502838,0.05583118192023701,nan,nan,nan,nan,nan,nan,nan,nan,0.0,0.010261040180921555
1933,411247,23.73957278671412,1.217459261417389,15,1,0,0,0,0,0,,0.0,0.3156851530075073,0.08116395076115926,nan,nan,nan,nan,nan,nan,nan,nan,0.0,0.010295549407601357
1934,411277,22.907891955289383,1.3145040608942509,30,1,0,0,0,0,0,,0.0,0.4102800786495209,0.04381680202980836,nan,nan,nan,nan,nan,nan,nan,nan,0.0,0.010332902893424034
1935,411310,22.8076503740494,2.407482258975506,33,1,0,0,0,0,0,,0.0,0.16692307591438293,0.0729540078477426,nan,nan,nan,nan,nan,nan,nan,nan,0.0,0.010323304682970047
1936,411321,22.52323945265709,0.5733397863805294,11,1,0,0,0,0,0,,0.0,0.40665537118911743,0.05212179876186631,nan,nan,nan,nan,nan,nan,nan,nan,0.0,0.010323634371161461
1937,411561,-26.768291127714154,15.730667622759938,240,0,0,0,0,0,0,,0.0,0.30783650279045105,0.06554444842816641,nan,nan,nan,nan,nan,nan,nan,nan,0.0,0.010310882702469826
1938,411801,-46.19651229407609,23.747736763209105,240,0,0,0,0,0,0,,0.0,0.2840002477169037,0.09894890318003793,nan,nan,nan,nan,nan,nan,nan,nan,0.0,0.010267452336847782
1939,411824,22.71408140966493,1.037096418440342,23,1,0,0,0,0,0,,0.0,0.3343850374221802,0.04509114862784096,nan,nan,nan,nan,nan,nan,nan,nan,0.0,0.010329503566026688
1940,411839,23.455487484764117,1.368245430290699,15,1,0,0,0,0,0,,0.0,0.2083970308303833,0.09121636201937994,nan,nan,nan,nan,nan,nan,nan,nan,0.0,0.010335105471313
1941,411853,23.609044044742763,0.9619752541184425,14,1,0,0,0,0,0,,0.0,0.49794265627861023,0.06871251815131732,nan,nan,nan,nan,nan,nan,nan,nan,0.0,0.010332080535590649
1942,411870,21.154626909588227,3.7026866674423218,17,1,0,0,0,0,0,,0.0,0.3234485685825348,0.21780509808484247,nan,nan,nan,nan,nan,nan,nan,nan,0.0,0.0103217251598835
1943,411903,24.11635649897758,1.0661974288523197,33,1,0,0,0,0,0,,0.0,0.4519639015197754,0.03230901299552484,nan,nan,nan,nan,nan,nan,nan,nan,0.0,0.010285126976668835
1944,411933,21.115334831077334,1.6425998881459236,30,1,0,0,0,0,0,,0.0,0.24815627932548523,0.05475332960486412,nan,nan,nan,nan,nan,nan,nan,nan,0.0,0.010242546908557415
1945,411949,22.50878779037512,0.8313425742089748,16,1,0,0,0,0,0,,0.0,0.3282622694969177,0.05195891088806093,nan,nan,nan,nan,nan,nan,nan,nan,0.0,0.010228018276393414
1946,411968,23.599933330591504,1.8279453180730343,19,1,0,0,0,0,0,,0.0,0.44292178750038147,0.09620764831963338,nan,nan,nan,nan,nan,nan,nan,nan,0.0,0.010193541646003723
1947,411981,24.36364673767188,1.6153190210461617,13,1,0,0,0,0,0,,0.0,0.4305078685283661,0.1242553093112432,nan,nan,nan,nan,nan,nan,nan,nan,0.0,0.010178527794778347
1948,412001,22.89099858657624,2.3832218050956726,20,1,0,0,0,0,0,,0.0,0.20769061148166656,0.11916109025478364,nan,nan,nan,nan,nan,nan,nan,nan,0.0,0.010175150819122791
1949,412021,18.75639596987978,4.411819823086262,20,1,0,0,0,0,0,,0.0,0.2990093231201172,0.22059099115431308,nan,nan,nan,nan,nan,nan,nan,nan,0.0,0.010197971016168594
1950,412045,23.579751963105114,1.2199773527681828,24,1,0,0,0,0,0,,0.0,0.487864226102829,0.050832389698674284,nan,nan,nan,nan,nan,nan,nan,nan,0.0,0.010194236412644386
1951,412053,20.62675764443821,1.1177781485021114,8,1,0,0,0,0,0,,0.0,0.43900763988494873,0.13972226856276393,nan,nan,nan,nan,nan,nan,nan,nan,0.0,0.010183941572904587
1952,412098,23.295114114243795,1.8157068230211735,45,1,0,0,0,0,0,,0.0,0.3022567629814148,0.040349040511581634,nan,nan,nan,nan,nan,nan,nan,nan,0.0,0.010202363133430481
1953,412338,-89.35100098165488,49.05936501175165,240,0,0,0,0,0,0,,0.0,0.19363483786582947,0.20441402088229854,nan,nan,nan,nan,nan,nan,nan,nan,0.0,0.010164942592382431
1954,412352,23.644953087068984,1.9194889478385448,14,1,0,0,0,0,0,,0.0,0.38358667492866516,0.13710635341703892,nan,nan,nan,nan,nan,nan,nan,nan,0.0,0.010169180110096931
1955,412431,19.316080070196257,3.2080969102680683,79,1,0,0,0,0,0,,0.0,0.5471219420433044,0.04060882164896289,nan,nan,nan,nan,nan,nan,nan,nan,0.0,0.010177659802138805
1956,412452,22.622481028123378,1.0233643501996994,21,1,0,0,0,0,0,,0.0,0.40772977471351624,0.04873163572379521,nan,nan,nan,nan,nan,nan,nan,nan,0.0,0.010183747857809067
1957,412470,22.502274121080774,2.522255025804043,18,1,0,0,0,0,0,,0.0,0.3509792387485504,0.14012527921133572,nan,nan,nan,nan,nan,nan,nan,nan,0.0,0.010200250893831253
1958,412482,23.093598302468852,0.55018050968647,12,1,0,0,0,0,0,,0.0,0.4066455066204071,0.045848375807205834,nan,nan,nan,nan,nan,nan,nan,nan,0.0,0.010198661126196384
1959,412498,22.14921255851814,2.2471894659101963,16,1,0,0,0,0,0,,0.0,0.16809356212615967,0.14044934161938727,nan,nan,nan,nan,nan,nan,nan,nan,0.0,0.010220778174698353
1960,412524,22.51177345919837,1.0545320510864258,26,1,0,0,0,0,0,,0.0,0.5013374090194702,0.040558925041785605,nan,nan,nan,nan,nan,nan,nan,nan,0.0,0.01024702750146389
1961,412532,23.54528390821823,0.27495073340833187,8,1,0,0,0,0,0,,0.0,0.479646772146225,0.034368841676041484,nan,nan,nan,nan,nan,nan,nan,nan,0.0,0.010242078453302383
1962,412543,23.27481888239891,0.6889500059187412,11,1,0,0,0,0,0,,0.0,0.48311522603034973,0.06263181871988556,nan,nan,nan,nan,nan,nan,nan,nan,0.0,0.010234316810965538
1963,412574,23.127721095260558,1.8046307265758514,31,1,0,0,0,0,0,,0.0,0.248349130153656,0.05821389440567263,nan,nan,nan,nan,nan,nan,nan,nan,0.0,0.010228872299194336
1964,412814,-94.56329095478071,76.36373467743397,240,0,0,0,0,0,0,,0.016666666666666666,0.07615841180086136,0.2681822278226415,nan,nan,nan,nan,nan,nan,nan,nan,0.0,0.010070004500448704
1965,412826,23.739314833022263,0.5032144282013178,12,1,0,0,0,0,0,,0.0,0.5158796310424805,0.04193453568344315,nan,nan,nan,nan,nan,nan,nan,nan,0.0,0.01007295772433281
1966,412837,22.87408926342788,0.3969208709895611,11,1,0,0,0,0,0,,0.0,0.42789942026138306,0.036083715544505554,nan,nan,nan,nan,nan,nan,nan,nan,0.0,0.010062320157885551
1967,412850,25.18624847111696,0.859434437006712,13,1,0,0,0,0,0,,0.0,0.3811308741569519,0.06611034130820861,nan,nan,nan,nan,nan,nan,nan,nan,0.0,0.010065007954835892
1968,413090,-118.54153453113656,92.42897388339043,240,0,0,0,0,0,0,,0.0125,0.11714356392621994,0.3476207245141268,nan,nan,nan,nan,nan,nan,nan,nan,0.0,0.010287206619977951
1969,413138,9.175656428153248,11.884515155106783,48,1,0,0,0,0,0,,0.0,0.2246696650981903,0.2475940657313913,nan,nan,nan,nan,nan,nan,nan,nan,0.0,0.01028845738619566
1970,413165,22.191180373870477,0.7523283772170544,27,1,0,0,0,0,0,,0.0,0.5235229134559631,0.027864013971002015,nan,nan,nan,nan,nan,nan,nan,nan,0.0,0.010283988900482655
1971,413181,20.185688283126012,2.2706771343946457,16,1,0,0,0,0,0,,0.0,0.36320072412490845,0.14191732089966536,nan,nan,nan,nan,nan,nan,nan,nan,0.0,0.010280827060341835
1972,413421,-19.81923072127909,17.857490204274654,240,0,0,0,0,0,0,,0.0,0.21054255962371826,0.07440620918447773,nan,nan,nan,nan,nan,nan,nan,nan,0.0,0.01021277904510498
1973,413459,20.55378045605373,2.1982178315520287,38,1,0,0,0,0,0,,0.0,0.3876088559627533,0.057847837672421805,nan,nan,nan,nan,nan,nan,nan,nan,0.0,0.010239574126899242
1974,413476,22.424929915942517,1.3869017735123634,17,1,0,0,0,0,0,,0.0,0.39242398738861084,0.08158245726543314,nan,nan,nan,nan,nan,nan,nan,nan,0.0,0.010244673117995262
1975,413484,21.775635416108994,0.3762245699763298,8,1,0,0,0,0,0,,0.0,0.4341660737991333,0.047028071247041225,nan,nan,nan,nan,nan,nan,nan,nan,0.0,0.010241267271339893
1976,413490,21.67125684192972,0.6723615825176239,6,1,0,0,0,0,0,,0.0,0.29200446605682373,0.11206026375293732,nan,nan,nan,nan,nan,nan,nan,nan,0.0,0.01023615151643753
1977,413507,25.138190380370872,0.37608662247657776,17,1,0,0,0,0,0,,0.0,0.4934889078140259,0.02212274249862222,nan,nan,nan,nan,nan,nan,nan,nan,0.0,0.010214249603450298
1978,413526,24.13354282326977,0.4844622574746609,19,1,0,0,0,0,0,,0.0,0.4665561616420746,0.02549801355129794,nan,nan,nan,nan,nan,nan,nan,nan,0.0,0.010217099450528622
1979,413544,24.77346946038443,0.8071294091641903,18,1,0,0,0,0,0,,0.0,0.36623087525367737,0.0448405227313439,nan,nan,nan,nan,nan,nan,nan,nan,0.0,0.010252202861011028
1980,413566,24.07189546418879,0.8594955466687679,22,1,0,0,0,0,0,,0.0,0.506698727607727,0.039067979394034905,nan,nan,nan,nan,nan,nan,nan,nan,0.0,0.010276557877659798
1981,413573,22.549842450563844,0.38615159690380096,7,1,0,0,0,0,0,,0.0,0.6077082753181458,0.05516451384340014,nan,nan,nan,nan,nan,nan,nan,nan,0.0,0.010282067582011223
1982,413813,-17.995444702536947,10.302262183278799,240,0,0,0,0,0,0,,0.0,0.5351458191871643,0.04292609243032833,nan,nan,nan,nan,nan,nan,nan,nan,0.0,0.010426073335111141
1983,413849,22.195278474782423,3.2036612033843994,36,1,0,0,0,0,0,,0.0,0.39106783270835876,0.08899058898289998,nan,nan,nan,nan,nan,nan,nan,nan,0.0,0.010404117405414581
1984,413876,17.795872394363876,6.457054331898689,27,1,0,0,0,0,0,,0.0,0.23800761997699738,0.2391501604406922,nan,nan,nan,nan,nan,nan,nan,nan,0.0,0.01040275301784277
1985,413884,19.60064123853687,1.5046739727258682,8,1,0,0,0,0,0,,0.0,0.2227146327495575,0.18808424659073353,nan,nan,nan,nan,nan,nan,nan,nan,0.0,0.010408969596028328
1986,413891,20.50500655761458,0.19343526661396027,7,1,0,0,0,0,0,,0.0,0.5607757568359375,0.02763360951628004,nan,nan,nan,nan,nan,nan,nan,nan,0.0,0.010412598960101604
1987,413911,21.217900627532586,0.8813361432403326,20,1,0,0,0,0,0,,0.0,0.599915087223053,0.04406680716201663,nan,nan,nan,nan,nan,nan,nan,nan,0.0,0.010443702340126038
1988,413917,21.797517845179765,0.2104968186467886,6,1,0,0,0,0,0,,0.0,0.480733722448349,0.0350828031077981,nan,nan,nan,nan,nan,nan,nan,nan,0.0,0.01044908631592989
1989,413929,23.805393419466363,0.3215997535735369,12,1,0,0,0,0,0,,0.0,0.5148160457611084,0.026799979464461405,nan,nan,nan,nan,nan,nan,nan,nan,0.0,0.010458014905452728
1990,413939,20.6149622263406,0.43021050468087196,10,1,0,0,0,0,0,,0.0,0.4570976495742798,0.0430210504680872,nan,nan,nan,nan,nan,nan,nan,nan,0.0,0.010451334528625011
1991,413950,22.925589653256015,0.9390405155718327,11,1,0,0,0,0,0,,0.0,0.2899315655231476,0.08536731959743933,nan,nan,nan,nan,nan,nan,nan,nan,0.0,0.010444872081279755
1992,413962,23.37353385010953,0.8016785718500614,12,1,0,0,0,0,0,,0.0,0.3829430043697357,0.06680654765417178,nan,nan,nan,nan,nan,nan,nan,nan,0.0,0.010442293249070644
1993,413979,22.6055217156029,1.3928069435060024,17,1,0,0,0,0,0,,0.0,0.3019697666168213,0.08192982020623543,nan,nan,nan,nan,nan,nan,nan,nan,0.0,0.010426908731460571
1994,414219,-69.21302965077547,53.40566073358059,240,0,0,0,0,0,0,,0.0,0.1753959357738495,0.22252358638991912,nan,nan,nan,nan,nan,nan,nan,nan,0.0,0.01038526650518179
1995,414231,23.17012443159097,0.3922262564301491,12,1,0,0,0,0,0,,0.0,0.47769537568092346,0.03268552136917909,nan,nan,nan,nan,nan,nan,nan,nan,0.0,0.010382791049778461
1996,414471,-70.26562871226253,40.48672329634428,240,0,0,0,0,0,0,,0.0,0.21829766035079956,0.1686946804014345,nan,nan,nan,nan,nan,nan,nan,nan,0.0,0.010331306606531143
1997,414486,23.912675339874557,0.7733980379998684,15,1,0,0,0,0,0,,0.0,0.3997361660003662,0.051559869199991226,nan,nan,nan,nan,nan,nan,nan,nan,0.0,0.01035192422568798
1998,414505,20.749491957632692,3.010951578617096,19,1,0,0,0,0,0,,0.0,0.3292835056781769,0.15847113571668925,nan,nan,nan,nan,nan,nan,nan,nan,0.0,0.010356920771300793
1999,414745,-75.35453038817418,42.09289186447859,240,0,0,0,0,0,0,,0.0,0.19825343787670135,0.17538704943532746,nan,nan,nan,nan,nan,nan,nan,nan,0.0,0.010472431778907776
2000,414758,22.19149689220989,0.5606969688087702,13,1,0,0,0,0,0,,0.0,0.521663248538971,0.04313053606221309,nan,nan,nan,nan,nan,nan,nan,nan,0.0,0.010457630269229412
2001,414778,24.632739065329677,0.7509262319654226,20,1,0,0,0,0,0,,0.0,0.48372459411621094,0.03754631159827113,nan,nan,nan,nan,nan,nan,nan,nan,0.0,0.010433129966259003
2002,415018,-97.71985792847961,22.82382445037365,240,0,0,0,0,0,0,,0.0,0.24521692097187042,0.09509926854322354,nan,nan,nan,nan,nan,nan,nan,nan,0.0,0.010562699288129807
2003,415258,-144.98997055445443,53.99732867255807,240,0,0,0,0,0,0,,0.0,0.17363521456718445,0.22498886946899196,nan,nan,nan,nan,nan,nan,nan,nan,0.0,0.010473335161805153
2004,415498,-109.13161176636656,27.561121836304665,240,0,0,0,0,0,0,,0.0,0.23840449750423431,0.11483800765126943,nan,nan,nan,nan,nan,nan,nan,nan,0.0,0.010386594571173191
2005,415518,22.77611575270759,2.1626163255423307,20,1,0,0,0,0,0,,0.0,0.17932815849781036,0.10813081627711654,nan,nan,nan,nan,nan,nan,nan,nan,0.0,0.010394184850156307
2006,415524,21.28953834183701,0.2316741943359375,6,1,0,0,0,0,0,,0.0,0.47102585434913635,0.03861236572265625,nan,nan,nan,nan,nan,nan,nan,nan,0.0,0.01038785744458437
2007,415730,-225.92375457894332,177.5298523902893,206,0,1,1,0,1,1,pybullet_contact,0.16019417475728157,0.06221332401037216,0.34237792422470537,nan,nan,nan,nan,nan,nan,nan,nan,0.0,0.010450711473822594
2008,415753,20.19277858449833,3.1044159308075905,23,1,0,0,0,0,0,,0.0,0.3793462812900543,0.13497460568728653,nan,nan,nan,nan,nan,nan,nan,nan,0.0,0.010433832183480263
2009,415789,21.121102187195728,2.5761600211262703,36,1,0,0,0,0,0,,0.0,0.4037180542945862,0.07156000058684084,nan,nan,nan,nan,nan,nan,nan,nan,0.0,0.010459650307893753
2010,415804,22.72721610654645,1.0507705248892307,15,1,0,0,0,0,0,,0.0,0.3453759253025055,0.07005136832594872,nan,nan,nan,nan,nan,nan,nan,nan,0.0,0.010452640242874622
2011,416044,-90.11237568552637,71.31189426779747,240,0,0,0,0,0,0,,0.0,0.18152324855327606,0.29713289278248944,nan,nan,nan,nan,nan,nan,nan,nan,0.0,0.010318968445062637
2012,416284,-75.94147632661874,44.738506719470024,240,0,0,0,0,0,0,,0.0,0.22100992500782013,0.18641044466445844,nan,nan,nan,nan,nan,nan,nan,nan,0.0,0.010207900777459145
2013,416302,23.558893942551673,0.9194378405809402,18,1,0,0,0,0,0,,0.0,0.36737260222435,0.051079880032274455,nan,nan,nan,nan,nan,nan,nan,nan,0.0,0.010198146104812622
2014,416316,22.893110034595395,0.8116948790848255,14,1,0,0,0,0,0,,0.0,0.5631424784660339,0.057978205648916106,nan,nan,nan,nan,nan,nan,nan,nan,0.0,0.010192413814365864
2015,416336,22.692515983327816,0.6292172856628895,20,1,0,0,0,0,0,,0.0,0.4671088457107544,0.03146086428314447,nan,nan,nan,nan,nan,nan,nan,nan,0.0,0.01020579319447279
2016,416361,18.978436909836557,5.955980449914932,25,1,0,0,0,0,0,,0.0,0.2518511116504669,0.23823921799659728,nan,nan,nan,nan,nan,nan,nan,nan,0.0,0.010250579565763474
2017,416371,23.491794920241322,0.532300528138876,10,1,0,0,0,0,0,,0.0,0.3792446255683899,0.053230052813887596,nan,nan,nan,nan,nan,nan,nan,nan,0.0,0.010264427401125431
2018,416611,-160.0855391078765,111.19083138555288,240,0,0,0,0,0,0,,0.05416666666666667,0.11031828075647354,0.300795130773137,nan,nan,nan,nan,nan,nan,nan,nan,0.0,0.01028751116245985
2019,416626,22.744075688756443,1.3215329013764858,15,1,0,0,0,0,0,,0.0,0.3026651442050934,0.08810219342509905,nan,nan,nan,nan,nan,nan,nan,nan,0.0,0.010255631059408188
2020,416640,14.005351203760746,10.075990855693817,14,1,0,0,0,0,0,,0.14285714285714285,0.07399142533540726,0.2911422039781298,nan,nan,nan,nan,nan,nan,nan,nan,0.0,0.010246939025819302
2021,416663,23.59039487639717,1.1015669740736485,23,1,0,0,0,0,0,,0.0,0.44359833002090454,0.04789421626407167,nan,nan,nan,nan,nan,nan,nan,nan,0.0,0.010235047899186611
2022,416681,22.94375215324358,1.6437893826514482,18,1,0,0,0,0,0,,0.0,0.21310676634311676,0.0913216323695249,nan,nan,nan,nan,nan,nan,nan,nan,0.0,0.010240360163152218
2023,416698,23.355965336669783,0.6935313791036606,17,1,0,0,0,0,0,,0.0,0.4364010691642761,0.04079596347668592,nan,nan,nan,nan,nan,nan,nan,nan,0.0,0.010280346497893333
2024,416719,23.612872281031798,1.0697034560143948,21,1,0,0,0,0,0,,0.0,0.3435690701007843,0.050938259810209274,nan,nan,nan,nan,nan,nan,nan,nan,0.0,0.010288290679454803
2025,416741,20.7613660825461,3.278120346367359,22,1,0,0,0,0,0,,0.0,0.4386162757873535,0.14900547028942543,nan,nan,nan,nan,nan,nan,nan,nan,0.0,0.010269003920257092
2026,416761,23.668559797171717,0.7816327176988125,20,1,0,0,0,0,0,,0.0,0.47706109285354614,0.039081635884940624,nan,nan,nan,nan,nan,nan,nan,nan,0.0,0.010265122167766094
2027,416775,24.71021872050135,0.4951051324605942,14,1,0,0,0,0,0,,0.0,0.4510737359523773,0.03536465231861387,nan,nan,nan,nan,nan,nan,nan,nan,0.0,0.01026342436671257
2028,417015,-62.794250059399246,32.29761812835932,240,0,0,0,0,0,0,,0.0,0.25571274757385254,0.13457340886816382,nan,nan,nan,nan,nan,nan,nan,nan,0.0,0.010266810655593872
2029,417027,21.58987012525196,2.007678784430027,12,1,0,0,0,0,0,,0.0,0.3109997510910034,0.1673065653691689,nan,nan,nan,nan,nan,nan,nan,nan,0.0,0.01029342319816351
2030,417267,-20.94385391349824,14.86386888846755,240,0,0,0,0,0,0,,0.0,0.3272046148777008,0.06193278703528146,nan,nan,nan,nan,nan,nan,nan,nan,0.0,0.010390076786279678
2031,417507,-94.07373103739417,66.00966533273458,240,0,0,0,0,0,0,,0.0,0.14233732223510742,0.27504027221972743,nan,nan,nan,nan,nan,nan,nan,nan,0.0,0.010351873934268951
2032,417521,23.853666729116302,0.5100795160979033,14,1,0,0,0,0,0,,0.0,0.41492435336112976,0.03643425114985023,nan,nan,nan,nan,nan,nan,nan,nan,0.0,0.010380107909440994
2033,417540,23.229450409728535,1.5348968468606472,19,1,0,0,0,0,0,,0.0,0.2377476543188095,0.080784044571613,nan,nan,nan,nan,nan,nan,nan,nan,0.0,0.010396470315754414
2034,417573,23.179935454753057,1.3334764931350946,33,1,0,0,0,0,0,,0.0,0.33709993958473206,0.040408378579851356,nan,nan,nan,nan,nan,nan,nan,nan,0.0,0.010399588383734226
2035,417592,22.984496396664916,1.3942874036729336,19,1,0,0,0,0,0,,0.0,0.23496738076210022,0.07338354756173335,nan,nan,nan,nan,nan,nan,nan,nan,0.0,0.010420581325888634
2036,417601,22.559614492282797,0.41931696608662605,9,1,0,0,0,0,0,,0.0,0.5772690176963806,0.046590774009625115,nan,nan,nan,nan,nan,nan,nan,nan,0.0,0.010427912697196007
2037,417615,23.25005227443341,1.1770350560545921,14,1,0,0,0,0,0,,0.0,0.3793388903141022,0.08407393257532801,nan,nan,nan,nan,nan,nan,nan,nan,0.0,0.010423274710774422
2038,417639,22.883938958215808,1.2315309047698975,24,1,0,0,0,0,0,,0.0,0.5946020483970642,0.05131378769874573,nan,nan,nan,nan,nan,nan,nan,nan,0.0,0.010403268970549107
2039,417676,21.527576289394887,1.1876501813530922,37,1,0,0,0,0,0,,0.0,0.5897728800773621,0.032098653550083574,nan,nan,nan,nan,nan,nan,nan,nan,0.0,0.01039095874875784
2040,417693,23.581521347793643,1.1530269719660282,17,1,0,0,0,0,0,,0.0,0.3216475546360016,0.06782511599800166,nan,nan,nan,nan,nan,nan,nan,nan,0.0,0.010380242019891739
2041,417708,23.317636664941585,0.4956036489456892,15,1,0,0,0,0,0,,0.0,0.5146095156669617,0.03304024326304595,nan,nan,nan,nan,nan,nan,nan,nan,0.0,0.010368849150836468
2042,417734,24.074486094752224,0.7958177700638771,26,1,0,0,0,0,0,,0.0,0.3993869721889496,0.030608375771687582,nan,nan,nan,nan,nan,nan,nan,nan,0.0,0.010360847227275372
2043,417744,24.39336911315837,0.443215761333704,10,1,0,0,0,0,0,,0.0,0.39667341113090515,0.0443215761333704,nan,nan,nan,nan,nan,nan,nan,nan,0.0,0.010366035625338554
2044,417756,22.255793654490105,0.38943432457745075,12,1,0,0,0,0,0,,0.0,0.5138849020004272,0.03245286038145423,nan,nan,nan,nan,nan,nan,nan,nan,0.0,0.01038797665387392
2045,417764,21.0294061981493,0.8886114284396172,8,1,0,0,0,0,0,,0.0,0.26994654536247253,0.11107642855495214,nan,nan,nan,nan,nan,nan,nan,nan,0.0,0.01040489599108696
2046,417769,20.7885352480508,0.8814870417118073,5,1,0,0,0,0,0,,0.0,0.22449764609336853,0.17629740834236146,nan,nan,nan,nan,nan,nan,nan,nan,0.0,0.01041498314589262
2047,417777,22.3789360011749,1.1512928158044815,8,1,0,0,0,0,0,,0.0,0.26372116804122925,0.1439116019755602,nan,nan,nan,nan,nan,nan,nan,nan,0.0,0.010427366010844707
2048,417791,23.45019552264006,1.8789188265800476,14,1,0,0,0,0,0,,0.0,0.2891237139701843,0.13420848761286056,nan,nan,nan,nan,nan,nan,nan,nan,0.0,0.010427967645227909
2049,417807,23.926625763900592,0.7743586152791977,16,1,0,0,0,0,0,,0.0,0.49298912286758423,0.048397413454949856,nan,nan,nan,nan,nan,nan,nan,nan,0.0,0.010409501381218433
2050,417821,23.313675356388345,0.5289255362004042,14,1,0,0,0,0,0,,0.0,0.47284457087516785,0.037780395442886014,nan,nan,nan,nan,nan,nan,nan,nan,0.0,0.010383722372353077
2051,417830,22.0606819298157,0.3368707150220871,9,1,0,0,0,0,0,,0.0,0.4397452175617218,0.037430079446898565,nan,nan,nan,nan,nan,nan,nan,nan,0.0,0.01036405935883522
2052,417848,23.9614366106137,1.0522514581680298,18,1,0,0,0,0,0,,0.0,0.31096377968788147,0.058458414342668324,nan,nan,nan,nan,nan,nan,nan,nan,0.0,0.010331986472010612
2053,418088,-26.558253148291847,12.881927654147148,240,0,0,0,0,0,0,,0.0,0.4121364653110504,0.05367469855894645,nan,nan,nan,nan,nan,nan,nan,nan,0.0,0.010266786441206932
2054,418328,-69.34570664913385,47.85818189382553,240,0,0,0,0,0,0,,0.0,0.1766289323568344,0.19940909122427306,nan,nan,nan,nan,nan,nan,nan,nan,0.0,0.010243851691484451
2055,418348,24.109741176338858,0.6534031555056572,20,1,0,0,0,0,0,,0.0,0.4469795525074005,0.03267015777528286,nan,nan,nan,nan,nan,nan,nan,nan,0.0,0.010228530503809452
2056,418366,20.84227292354638,3.2125998437404633,18,1,0,0,0,0,0,,0.0,0.35043594241142273,0.1784777690966924,nan,nan,nan,nan,nan,nan,nan,nan,0.0,0.010241351090371609
2057,418384,23.376421380368498,1.1839586794376373,18,1,0,0,0,0,0,,0.0,0.2533556818962097,0.06577548219097985,nan,nan,nan,nan,nan,nan,nan,nan,0.0,0.010251268744468689
2058,418561,-2.8244374117561115,22.270859956741333,177,1,0,0,0,0,0,,0.0,0.22516591846942902,0.12582406755221093,nan,nan,nan,nan,nan,nan,nan,nan,0.0,0.010276978835463524
2059,418575,22.4304186971669,0.5567476935684681,14,1,0,0,0,0,0,,0.0,0.4795481264591217,0.039767692397747724,nan,nan,nan,nan,nan,nan,nan,nan,0.0,0.010269846767187119
2060,418591,25.667752967955245,0.7746150642633438,16,1,0,0,0,0,0,,0.0,0.387006551027298,0.04841344151645899,nan,nan,nan,nan,nan,nan,nan,nan,0.0,0.010275294072926044
2061,418603,20.44139167474426,0.9643974639475346,12,1,0,0,0,0,0,,0.0,0.429042249917984,0.08036645532896121,nan,nan,nan,nan,nan,nan,nan,nan,0.0,0.010279248468577862
2062,418610,23.29460255124884,0.45608650520443916,7,1,0,0,0,0,0,,0.0,0.34887152910232544,0.0651552150292056,nan,nan,nan,nan,nan,nan,nan,nan,0.0,0.010280062444508076
2063,418850,-14.240503119667535,9.070724941790104,240,0,0,0,0,0,0,,0.0,0.5252026915550232,0.03779468725745876,nan,nan,nan,nan,nan,nan,nan,nan,0.0,0.01008966751396656
2064,418887,21.061943447627407,1.481044590473175,37,1,0,0,0,0,0,,0.0,0.3371376395225525,0.040028232174950676,nan,nan,nan,nan,nan,nan,nan,nan,0.0,0.010060889646410942
2065,418906,21.125990239655675,2.6643163301050663,19,1,0,0,0,0,0,,0.0,0.3909914195537567,0.1402271752686877,nan,nan,nan,nan,nan,nan,nan,nan,0.0,0.010070441290736198
2066,418925,24.11170679357486,0.5669722855091095,19,1,0,0,0,0,0,,0.0,0.46621981263160706,0.029840646605742604,nan,nan,nan,nan,nan,nan,nan,nan,0.0,0.010077795945107937
2067,419165,-83.15430239562299,56.86422188580036,240,0,0,0,0,0,0,,0.0,0.18382932245731354,0.2369342578575015,nan,nan,nan,nan,nan,nan,nan,nan,0.0,0.010220144875347614
2068,419183,21.439530413294737,3.8712603598833084,18,1,0,0,0,0,0,,0.0,0.2831471562385559,0.21507001999351713,nan,nan,nan,nan,nan,nan,nan,nan,0.0,0.010275387205183506
2069,419200,23.662550807720827,0.5695870816707611,17,1,0,0,0,0,0,,0.0,0.4648043215274811,0.03350512245122124,nan,nan,nan,nan,nan,nan,nan,nan,0.0,0.010313528589904308
2070,419250,17.210009301437694,2.9520996063947678,50,1,0,0,0,0,0,,0.0,0.4081888496875763,0.059041992127895356,nan,nan,nan,nan,nan,nan,nan,nan,0.0,0.010376663878560066
2071,419429,1.7416038458354386,15.860621884465218,179,1,0,0,0,0,0,,0.0,0.3179817497730255,0.08860682617019675,nan,nan,nan,nan,nan,nan,nan,nan,0.0,0.010240095667541027
2072,419438,21.307331871948424,0.4386445917189121,9,1,0,0,0,0,0,,0.0,0.45342016220092773,0.048738287968768015,nan,nan,nan,nan,nan,nan,nan,nan,0.0,0.01023939810693264
2073,419450,23.329572757577274,0.44824978336691856,12,1,0,0,0,0,0,,0.0,0.40677276253700256,0.03735414861390988,nan,nan,nan,nan,nan,nan,nan,nan,0.0,0.010244447737932205
2074,419462,20.281180621504756,0.7374618873000145,12,1,0,0,0,0,0,,0.0,0.40350615978240967,0.061455157275001206,nan,nan,nan,nan,nan,nan,nan,nan,0.0,0.010252217762172222
2075,419702,-58.38199347356695,12.785358738154173,240,0,0,0,0,0,0,,0.0,0.3779654800891876,0.05327232807564239,nan,nan,nan,nan,nan,nan,nan,nan,0.0,0.010195155628025532
2076,419942,-95.34695843998085,44.219970125705004,240,0,0,0,0,0,0,,0.0,0.19164986908435822,0.18424987552377084,nan,nan,nan,nan,nan,nan,nan,nan,0.0,0.01016994658857584
2077,419956,22.794242576984715,1.0678114369511604,14,1,0,0,0,0,0,,0.0,0.5137933492660522,0.07627224549651146,nan,nan,nan,nan,nan,nan,nan,nan,0.0,0.010158226825296879
2078,419998,20.437606770808394,1.1916377767920494,42,1,0,0,0,0,0,,0.0,0.6392567753791809,0.02837232801885832,nan,nan,nan,nan,nan,nan,nan,nan,0.0,0.010171502828598022
