step,time,reward,cost,goal_error_norm,d_min,risk_global,beta,closest_link,safety_violation,collision,collision_any,collision_capsule_overlap,collision_pybullet_contact,termination_collision,termination_reason,unavoidable_collision,avoidable_collision,collision_avoidability_reason,safe_stop_infeasible_first_step,safe_stop_infeasible_last_step,safe_stop_h_drift_mps,safe_stop_drift_class,collision_contact_link_indices,collision_contact_link_names,collision_min_contact_distance,success,qdot_norm,acc_norm,jerk_norm,qdot_requested_norm,qdot_policy_norm,task_space_goal_error_before_m,task_space_goal_error_after_m,task_space_goal_error_delta_m,task_space_requested_speed_mps,task_space_executed_speed_mps,task_space_requested_toward_goal_mps,task_space_executed_toward_goal_mps,task_space_filter_velocity_loss_mps,task_space_nominal_toward_goal_mps,task_space_recovery_active_for_command,residual_control_enabled,residual_control_mode,residual_control_base_qdot_norm,hierarchical_control_enabled,hierarchical_state,hierarchical_plan_reason,hierarchical_plan_iterations,hierarchical_planning_time_s,hierarchical_planning_time_total_s,hierarchical_ik_candidate_count,hierarchical_ik_found,hierarchical_plan_found,hierarchical_direct_path,hierarchical_selected_candidate_index,hierarchical_selected_path_length_rad,hierarchical_selected_path_min_clearance_m,hierarchical_ik_candidate_errors_m,hierarchical_ik_candidate_clearances_m,hierarchical_ik_attempts_used,hierarchical_ik_fallback_used,hierarchical_ik_fallback_attempted,hierarchical_ik_rejection_counts,hierarchical_selected_path_predictive_h_m,hierarchical_selected_path_filter_intervention,hierarchical_filter_intervention_ratio,hierarchical_filter_status,hierarchical_servo_stall_steps,hierarchical_servo_stall_replans,hierarchical_plan_count,hierarchical_replan_count,hierarchical_hold_steps,hierarchical_consecutive_hold_steps,hierarchical_waypoint_index,hierarchical_waypoint_count,hierarchical_path_progress,hierarchical_residual_budget,hierarchical_nominal_qdot_norm,residual_qdot_norm,risk_speed_scale,risk_speed_h_min_m,recovery_active,recovery_triggered,recovery_success,recovery_initially_unsafe,recovery_initial_h_min_m,recovery_command_norm,safety_filter_status,safety_filter_reason,safety_filter_intervention_norm,safety_filter_safe_stop,safety_filter_active_constraints,safety_filter_constraint_count,safety_filter_active_constraint_categories,safety_filter_max_constraint_category,safety_filter_infeasible_constraint_categories,safety_filter_infeasibility_diagnostic_status,safety_filter_projection_iterations,safety_filter_fallback_used,safety_filter_qp_solver_used,safety_filter_qp_solver_status,safety_filter_fallback_stage,safety_filter_max_constraint_violation,predictive_risk_status,predictive_h_min_m,predictive_max_link_speed_bound_mps,predictive_link_velocity_norms_mps,predictive_h_by_link_m,predictive_distance_by_link_m,predictive_robust_distance_by_link_m,predictive_time_by_link_s,safety_jacobian_command_by_link_mps,safety_drift_by_link_mps,safety_constraint_residual_by_link_mps,filter_obstacle_position_m,filter_obstacle_velocity_mps,safety_filter_solve_time_s,safety_filter_predictive_risk_time_s,safety_filter_jacobian_workspace_time_s,safety_filter_projection_time_s
0,0.05,-0.5220561154402139,0.06174800917506218,0.4015471935272217,0.46158453822135925,0.04498663172125816,1.0,2,0,0,0,0,0,0,,0,0,,-1,-1,nan,not_applicable,,,nan,0,0.4269109070301056,8.538217544555664,170.7643585205078,1.3552521467208862,1.3552521467208862,0.40458644243435654,0.4015471935272217,0.0030392489071348616,0.44118260057003544,0.13474797825765122,0.20073068935096783,0.06205619520026985,0.138674494150698,0.2007306933548199,0,0,disabled,0.0,1,TRACK,direct_path,0,2.1059870589524508,2.1059870589524508,64,1,1,1,63,1.6055824188218712,0.4594847857952118,0.027664615741452746;0.027772363568479952;0.03231736983492143;0.029610638647477858;0.027155821718763906;0.037494046402239085;0.03260085185403268;0.03370170428810021;0.030948871757147986;0.027403924578462135;0.02387662031039598;0.029083585160161834;0.04096181776326708;0.04572105564332325;0.027759059234574904;0.0395177607603307;0.04325219495582453;0.03614832171062387;0.04202794225209264;0.029260023440258548;0.04695218008403328;0.033178444270870695;0.03593196225510018;0.03674876023100892;0.032627143580065604;0.04228636296182723;0.04208617670378579;0.04319845918109746;0.04044551802164729;0.033542087134389116;0.0316743298616319;0.025954854466811384;0.0283987052481133;0.040229415647231835;0.04107151242701295;0.024108629079600905;0.03178824038703049;0.036260560911725595;0.02942951494153127;0.0470458789700091;0.024223573568740938;0.028397033126030622;0.031140513258600958;0.028161804948685087;0.03947712385537715;0.03186492680815342;0.02771476265740283;0.03282107809733873;0.026697669328863964;0.033915408521923006;0.037374635771692;0.047805903520855175;0.03341601077705347;0.044103919367133225;0.023662836997045193;0.03854740831459706;0.042828945091793996;0.04438752628596605;0.026910085098080502;0.0410778341879496;0.036240327072727986;0.04540441324678602;0.03313101948578756;0.03414863544990425,0.49924081563949585;0.4993351101875305;0.4948933720588684;0.4970279932022095;0.5226290822029114;0.4869017004966736;0.4921557903289795;0.5179890990257263;0.49804794788360596;0.5060576796531677;0.5140811800956726;0.4982505440711975;0.5050853490829468;0.4991442561149597;0.5084092617034912;0.5206860303878784;0.4872993230819702;0.4909076690673828;0.5119396448135376;0.5348219275474548;0.533428966999054;0.5349695682525635;0.5037561058998108;0.4856269955635071;0.4930936098098755;0.4866124987602234;0.48587721586227417;0.4876185655593872;0.5186606049537659;0.5170036554336548;0.49603891372680664;0.5144087672233582;0.5228495001792908;0.48429346084594727;0.49979299306869507;0.5052623748779297;0.4945736527442932;0.4892444610595703;0.4968630075454712;0.4846597909927368;0.5215426087379456;0.5107139348983765;0.4936788082122803;0.5360509157180786;0.4969704747200012;0.5164966583251953;0.5001499056816101;0.49112653732299805;0.5127565264701843;0.4913891553878784;0.48737066984176636;0.48225998878479004;0.5249004364013672;0.48679250478744507;0.5226796269416809;0.4883151054382324;0.5263108611106873;0.49904489517211914;0.5088635683059692;0.5012344121932983;0.4867055416107178;0.4927937388420105;0.5147210955619812;0.5033809542655945,64,0,0,"{'solver_error': 0, 'short_solution': 0, 'duplicate': 0, 'goal_error': 0, 'joint_limit': 0, 'workspace': 0, 'obstacle_clearance': 0, 'obstacle_contact': 0, 'self_collision': 0}",0.2823653800664721,1.1543696213531646e-08,0.0,not_enabled,0,0,1,0,0,0,1,2,1.0,1.0,1.3552521467208862,0.0,1.0,0.2823653800664721,0,0,0,0,0.2823653800664721,0.0,filtered,osqp optimal,0.9485221099400554,0,0,12,joint_2_acceleration_lower|joint_3_acceleration_lower|joint_1_acceleration_upper,workspace_z_lower,,,0,0,1,solved,osqp,0.0,valid,0.2823653800664721,0.9423889754114189,0|0|0|0|0|0,,,,,,,,,,0.009734536986798048,0.002637295052409172,0.0012899090070277452,0.001600767020136118
1,0.1,-0.4654902277868712,0.06419725716114044,0.39541324973106384,0.4656197130680084,0.047275010496377945,1.0,2,0,0,0,0,0,0,,0,0,,-1,-1,nan,not_applicable,,,nan,0,0.8111860752105713,8.00556755065918,65.63961791992188,1.3452070951461792,1.3452070951461792,0.4015472039390084,0.39541324973106384,0.0061339542079445475,0.4365203953578422,0.27705951537802315,0.1900643753669746,0.12709363130311588,0.06297074406385872,0.19006438029518674,0,0,disabled,0.0,1,TRACK,direct_path,0,2.1059870589524508,2.1059870589524508,64,1,1,1,63,1.6055824188218712,0.4594847857952118,0.027664615741452746;0.027772363568479952;0.03231736983492143;0.029610638647477858;0.027155821718763906;0.037494046402239085;0.03260085185403268;0.03370170428810021;0.030948871757147986;0.027403924578462135;0.02387662031039598;0.029083585160161834;0.04096181776326708;0.04572105564332325;0.027759059234574904;0.0395177607603307;0.04325219495582453;0.03614832171062387;0.04202794225209264;0.029260023440258548;0.04695218008403328;0.033178444270870695;0.03593196225510018;0.03674876023100892;0.032627143580065604;0.04228636296182723;0.04208617670378579;0.04319845918109746;0.04044551802164729;0.033542087134389116;0.0316743298616319;0.025954854466811384;0.0283987052481133;0.040229415647231835;0.04107151242701295;0.024108629079600905;0.03178824038703049;0.036260560911725595;0.02942951494153127;0.0470458789700091;0.024223573568740938;0.028397033126030622;0.031140513258600958;0.028161804948685087;0.03947712385537715;0.03186492680815342;0.02771476265740283;0.03282107809733873;0.026697669328863964;0.033915408521923006;0.037374635771692;0.047805903520855175;0.03341601077705347;0.044103919367133225;0.023662836997045193;0.03854740831459706;0.042828945091793996;0.04438752628596605;0.026910085098080502;0.0410778341879496;0.036240327072727986;0.04540441324678602;0.03313101948578756;0.03414863544990425,0.49924081563949585;0.4993351101875305;0.4948933720588684;0.4970279932022095;0.5226290822029114;0.4869017004966736;0.4921557903289795;0.5179890990257263;0.49804794788360596;0.5060576796531677;0.5140811800956726;0.4982505440711975;0.5050853490829468;0.4991442561149597;0.5084092617034912;0.5206860303878784;0.4872993230819702;0.4909076690673828;0.5119396448135376;0.5348219275474548;0.533428966999054;0.5349695682525635;0.5037561058998108;0.4856269955635071;0.4930936098098755;0.4866124987602234;0.48587721586227417;0.4876185655593872;0.5186606049537659;0.5170036554336548;0.49603891372680664;0.5144087672233582;0.5228495001792908;0.48429346084594727;0.49979299306869507;0.5052623748779297;0.4945736527442932;0.4892444610595703;0.4968630075454712;0.4846597909927368;0.5215426087379456;0.5107139348983765;0.4936788082122803;0.5360509157180786;0.4969704747200012;0.5164966583251953;0.5001499056816101;0.49112653732299805;0.5127565264701843;0.4913891553878784;0.48737066984176636;0.48225998878479004;0.5249004364013672;0.48679250478744507;0.5226796269416809;0.4883151054382324;0.5263108611106873;0.49904489517211914;0.5088635683059692;0.5012344121932983;0.4867055416107178;0.4927937388420105;0.5147210955619812;0.5033809542655945,64,0,0,"{'solver_error': 0, 'short_solution': 0, 'duplicate': 0, 'goal_error': 0, 'joint_limit': 0, 'workspace': 0, 'obstacle_clearance': 0, 'obstacle_contact': 0, 'self_collision': 0}",0.2823653800664721,1.1543696213531646e-08,0.6998860781995893,filtered,0,0,1,0,0,0,1,2,1.0,1.0,1.3452070951461792,0.0,1.0,0.28421650840939594,0,0,0,0,0.2823653800664721,0.0,filtered,osqp optimal,0.5458110369851875,0,0,12,joint_2_acceleration_lower|joint_3_acceleration_lower|joint_0_acceleration_upper|joint_1_acceleration_upper,workspace_z_lower,,,0,0,1,solved,osqp,0.0,valid,0.28421650840939594,0.9473612660823343,0|0.0918410827|0.101324001|0.130351755|0.145564893|0.135556201,,,,,,,,,,0.009646696038544178,0.002584352041594684,0.0012295820051804185,0.0015890849754214287
2,0.15000000000000002,-0.4321313694584996,0.06619478017091751,0.3877057731151581,0.47019532322883606,0.048964984714984894,1.0,2,0,0,0,0,0,0,,0,0,,-1,-1,nan,not_applicable,,,nan,0,1.1715928316116333,7.385996341705322,29.091981887817383,1.3276399374008179,1.3276399374008179,0.39541325224605645,0.3877057731151581,0.007707479130898365,0.42628882009759805,0.3928985107701059,0.16750217979083326,0.16268410765123711,0.004818072139596147,0.16750218085621674,0,0,disabled,0.0,1,TRACK,direct_path,0,2.1059870589524508,2.1059870589524508,64,1,1,1,63,1.6055824188218712,0.4594847857952118,0.027664615741452746;0.027772363568479952;0.03231736983492143;0.029610638647477858;0.027155821718763906;0.037494046402239085;0.03260085185403268;0.03370170428810021;0.030948871757147986;0.027403924578462135;0.02387662031039598;0.029083585160161834;0.04096181776326708;0.04572105564332325;0.027759059234574904;0.0395177607603307;0.04325219495582453;0.03614832171062387;0.04202794225209264;0.029260023440258548;0.04695218008403328;0.033178444270870695;0.03593196225510018;0.03674876023100892;0.032627143580065604;0.04228636296182723;0.04208617670378579;0.04319845918109746;0.04044551802164729;0.033542087134389116;0.0316743298616319;0.025954854466811384;0.0283987052481133;0.040229415647231835;0.04107151242701295;0.024108629079600905;0.03178824038703049;0.036260560911725595;0.02942951494153127;0.0470458789700091;0.024223573568740938;0.028397033126030622;0.031140513258600958;0.028161804948685087;0.03947712385537715;0.03186492680815342;0.02771476265740283;0.03282107809733873;0.026697669328863964;0.033915408521923006;0.037374635771692;0.047805903520855175;0.03341601077705347;0.044103919367133225;0.023662836997045193;0.03854740831459706;0.042828945091793996;0.04438752628596605;0.026910085098080502;0.0410778341879496;0.036240327072727986;0.04540441324678602;0.03313101948578756;0.03414863544990425,0.49924081563949585;0.4993351101875305;0.4948933720588684;0.4970279932022095;0.5226290822029114;0.4869017004966736;0.4921557903289795;0.5179890990257263;0.49804794788360596;0.5060576796531677;0.5140811800956726;0.4982505440711975;0.5050853490829468;0.4991442561149597;0.5084092617034912;0.5206860303878784;0.4872993230819702;0.4909076690673828;0.5119396448135376;0.5348219275474548;0.533428966999054;0.5349695682525635;0.5037561058998108;0.4856269955635071;0.4930936098098755;0.4866124987602234;0.48587721586227417;0.4876185655593872;0.5186606049537659;0.5170036554336548;0.49603891372680664;0.5144087672233582;0.5228495001792908;0.48429346084594727;0.49979299306869507;0.5052623748779297;0.4945736527442932;0.4892444610595703;0.4968630075454712;0.4846597909927368;0.5215426087379456;0.5107139348983765;0.4936788082122803;0.5360509157180786;0.4969704747200012;0.5164966583251953;0.5001499056816101;0.49112653732299805;0.5127565264701843;0.4913891553878784;0.48737066984176636;0.48225998878479004;0.5249004364013672;0.48679250478744507;0.5226796269416809;0.4883151054382324;0.5263108611106873;0.49904489517211914;0.5088635683059692;0.5012344121932983;0.4867055416107178;0.4927937388420105;0.5147210955619812;0.5033809542655945,64,0,0,"{'solver_error': 0, 'short_solution': 0, 'duplicate': 0, 'goal_error': 0, 'joint_limit': 0, 'workspace': 0, 'obstacle_clearance': 0, 'obstacle_contact': 0, 'self_collision': 0}",0.2823653800664721,1.1543696213531646e-08,0.4057449882286534,filtered,0,0,1,0,0,0,1,2,1.0,1.0,1.3276399374008179,0.0,1.0,0.2877594981623174,0,0,0,0,0.2823653800664721,0.0,filtered,osqp optimal,0.1732042296436223,0,0,12,,workspace_z_lower,,,0,0,1,solved,osqp,0.0,valid,0.2877594981623174,0.9572045620863345,3.46918644e-19|0.184882182|0.20128298|0.263618137|0.293693446|0.280168165,,,,,,,,,,0.010134032927453518,0.0026856480399146676,0.0013809449737891555,0.0015335179632529616
3,0.2,-0.4585101992245354,0.06940089166164398,0.3815107047557831,0.4709721803665161,0.0513840988278389,1.0,1,0,0,0,0,0,0,,0,0,,-1,-1,nan,not_applicable,,,nan,0,1.306533932685852,3.629087209701538,99.9251480102539,1.3065340518951416,1.3065340518951416,0.3877057753093491,0.3815107047557831,0.0061950705535659956,0.4126778971119317,0.41267788967902735,0.1351362549038189,0.1351362232969143,3.160690459358406e-08,0.13513625566861212,0,0,disabled,0.0,1,TRACK,direct_path,0,2.1059870589524508,2.1059870589524508,64,1,1,1,63,1.6055824188218712,0.4594847857952118,0.027664615741452746;0.027772363568479952;0.03231736983492143;0.029610638647477858;0.027155821718763906;0.037494046402239085;0.03260085185403268;0.03370170428810021;0.030948871757147986;0.027403924578462135;0.02387662031039598;0.029083585160161834;0.04096181776326708;0.04572105564332325;0.027759059234574904;0.0395177607603307;0.04325219495582453;0.03614832171062387;0.04202794225209264;0.029260023440258548;0.04695218008403328;0.033178444270870695;0.03593196225510018;0.03674876023100892;0.032627143580065604;0.04228636296182723;0.04208617670378579;0.04319845918109746;0.04044551802164729;0.033542087134389116;0.0316743298616319;0.025954854466811384;0.0283987052481133;0.040229415647231835;0.04107151242701295;0.024108629079600905;0.03178824038703049;0.036260560911725595;0.02942951494153127;0.0470458789700091;0.024223573568740938;0.028397033126030622;0.031140513258600958;0.028161804948685087;0.03947712385537715;0.03186492680815342;0.02771476265740283;0.03282107809733873;0.026697669328863964;0.033915408521923006;0.037374635771692;0.047805903520855175;0.03341601077705347;0.044103919367133225;0.023662836997045193;0.03854740831459706;0.042828945091793996;0.04438752628596605;0.026910085098080502;0.0410778341879496;0.036240327072727986;0.04540441324678602;0.03313101948578756;0.03414863544990425,0.49924081563949585;0.4993351101875305;0.4948933720588684;0.4970279932022095;0.5226290822029114;0.4869017004966736;0.4921557903289795;0.5179890990257263;0.49804794788360596;0.5060576796531677;0.5140811800956726;0.4982505440711975;0.5050853490829468;0.4991442561149597;0.5084092617034912;0.5206860303878784;0.4872993230819702;0.4909076690673828;0.5119396448135376;0.5348219275474548;0.533428966999054;0.5349695682525635;0.5037561058998108;0.4856269955635071;0.4930936098098755;0.4866124987602234;0.48587721586227417;0.4876185655593872;0.5186606049537659;0.5170036554336548;0.49603891372680664;0.5144087672233582;0.5228495001792908;0.48429346084594727;0.49979299306869507;0.5052623748779297;0.4945736527442932;0.4892444610595703;0.4968630075454712;0.4846597909927368;0.5215426087379456;0.5107139348983765;0.4936788082122803;0.5360509157180786;0.4969704747200012;0.5164966583251953;0.5001499056816101;0.49112653732299805;0.5127565264701843;0.4913891553878784;0.48737066984176636;0.48225998878479004;0.5249004364013672;0.48679250478744507;0.5226796269416809;0.4883151054382324;0.5263108611106873;0.49904489517211914;0.5088635683059692;0.5012344121932983;0.4867055416107178;0.4927937388420105;0.5147210955619812;0.5033809542655945,64,0,0,"{'solver_error': 0, 'short_solution': 0, 'duplicate': 0, 'goal_error': 0, 'joint_limit': 0, 'workspace': 0, 'obstacle_clearance': 0, 'obstacle_contact': 0, 'self_collision': 0}",0.2823653800664721,1.1543696213531646e-08,0.1304602435979082,filtered,0,0,1,0,0,0,1,2,1.0,1.0,1.3065340518951416,0.0,1.0,0.29161011850578383,0,0,0,0,0.2823653800664721,0.0,filtered,osqp optimal,1.6078184619354916e-07,0,0,12,joint_2_velocity_lower|joint_1_velocity_upper,workspace_x_upper,,,0,0,1,solved,osqp,0.0,valid,0.29161011850578383,0.9717045141569126,0|0.274586324|0.288486143|0.369333861|0.408289137|0.398289752,,,,,,,,,,0.01311411103233695,0.004800803028047085,0.0012672269949689507,0.00240899994969368
4,0.25,-0.46897181179253045,0.06634941697120667,0.3770212233066559,0.4696691036224365,0.04836967960000038,1.0,1,0,0,0,0,0,0,,0,0,,-1,-1,nan,not_applicable,,,nan,0,1.2891845703125,0.9736752510070801,69.31543731689453,1.2891846895217896,1.2891846895217896,0.38151069423353307,0.3770212233066559,0.0044894709268771815,0.4008267405774297,0.40082673364555804,0.10138993778630515,0.10138990526711675,3.2519188397639454e-08,0.10138993498992155,0,0,disabled,0.0,1,TRACK,direct_path,0,2.1059870589524508,2.1059870589524508,64,1,1,1,63,1.6055824188218712,0.4594847857952118,0.027664615741452746;0.027772363568479952;0.03231736983492143;0.029610638647477858;0.027155821718763906;0.037494046402239085;0.03260085185403268;0.03370170428810021;0.030948871757147986;0.027403924578462135;0.02387662031039598;0.029083585160161834;0.04096181776326708;0.04572105564332325;0.027759059234574904;0.0395177607603307;0.04325219495582453;0.03614832171062387;0.04202794225209264;0.029260023440258548;0.04695218008403328;0.033178444270870695;0.03593196225510018;0.03674876023100892;0.032627143580065604;0.04228636296182723;0.04208617670378579;0.04319845918109746;0.04044551802164729;0.033542087134389116;0.0316743298616319;0.025954854466811384;0.0283987052481133;0.040229415647231835;0.04107151242701295;0.024108629079600905;0.03178824038703049;0.036260560911725595;0.02942951494153127;0.0470458789700091;0.024223573568740938;0.028397033126030622;0.031140513258600958;0.028161804948685087;0.03947712385537715;0.03186492680815342;0.02771476265740283;0.03282107809733873;0.026697669328863964;0.033915408521923006;0.037374635771692;0.047805903520855175;0.03341601077705347;0.044103919367133225;0.023662836997045193;0.03854740831459706;0.042828945091793996;0.04438752628596605;0.026910085098080502;0.0410778341879496;0.036240327072727986;0.04540441324678602;0.03313101948578756;0.03414863544990425,0.49924081563949585;0.4993351101875305;0.4948933720588684;0.4970279932022095;0.5226290822029114;0.4869017004966736;0.4921557903289795;0.5179890990257263;0.49804794788360596;0.5060576796531677;0.5140811800956726;0.4982505440711975;0.5050853490829468;0.4991442561149597;0.5084092617034912;0.5206860303878784;0.4872993230819702;0.4909076690673828;0.5119396448135376;0.5348219275474548;0.533428966999054;0.5349695682525635;0.5037561058998108;0.4856269955635071;0.4930936098098755;0.4866124987602234;0.48587721586227417;0.4876185655593872;0.5186606049537659;0.5170036554336548;0.49603891372680664;0.5144087672233582;0.5228495001792908;0.48429346084594727;0.49979299306869507;0.5052623748779297;0.4945736527442932;0.4892444610595703;0.4968630075454712;0.4846597909927368;0.5215426087379456;0.5107139348983765;0.4936788082122803;0.5360509157180786;0.4969704747200012;0.5164966583251953;0.5001499056816101;0.49112653732299805;0.5127565264701843;0.4913891553878784;0.48737066984176636;0.48225998878479004;0.5249004364013672;0.48679250478744507;0.5226796269416809;0.4883151054382324;0.5263108611106873;0.49904489517211914;0.5088635683059692;0.5012344121932983;0.4867055416107178;0.4927937388420105;0.5147210955619812;0.5033809542655945,64,0,0,"{'solver_error': 0, 'short_solution': 0, 'duplicate': 0, 'goal_error': 0, 'joint_limit': 0, 'workspace': 0, 'obstacle_clearance': 0, 'obstacle_contact': 0, 'self_collision': 0}",0.2823653800664721,1.1543696213531646e-08,1.230598207221108e-07,filtered,0,0,1,0,0,0,1,2,1.0,1.0,1.2891846895217896,0.0,1.0,0.28933978358500817,0,0,0,0,0.2823653800664721,0.0,filtered,osqp optimal,1.554042720282248e-07,0,0,12,joint_2_velocity_lower|joint_1_velocity_upper,workspace_x_upper,,,0,0,1,solved,osqp,0.0,valid,0.28933978358500817,0.9882094763164287,0|0.31317787|0.318686654|0.379510348|0.412659521|0.416603895,,,,,,,,,,0.015118821058422327,0.004649839014746249,0.0018354239873588085,0.002160696079954505
5,0.30000000000000004,-0.48358222620783436,0.06366166472434998,0.374178946018219,0.46889424324035645,0.04552922397851944,1.0,1,0,0,0,0,0,0,,0,0,,-1,-1,nan,not_applicable,,,nan,0,1.2749584913253784,0.8763059973716736,1.9473859071731567,1.2749584913253784,1.2749584913253784,0.3770212183158217,0.374178946018219,0.0028422722976026993,0.38987567657591254,0.38987567028931636,0.0686012833235828,0.06860125002027838,3.330330441975171e-08,0.06860128241547045,0,0,disabled,0.0,1,TRACK,direct_path,0,2.1059870589524508,2.1059870589524508,64,1,1,1,63,1.6055824188218712,0.4594847857952118,0.027664615741452746;0.027772363568479952;0.03231736983492143;0.029610638647477858;0.027155821718763906;0.037494046402239085;0.03260085185403268;0.03370170428810021;0.030948871757147986;0.027403924578462135;0.02387662031039598;0.029083585160161834;0.04096181776326708;0.04572105564332325;0.027759059234574904;0.0395177607603307;0.04325219495582453;0.03614832171062387;0.04202794225209264;0.029260023440258548;0.04695218008403328;0.033178444270870695;0.03593196225510018;0.03674876023100892;0.032627143580065604;0.04228636296182723;0.04208617670378579;0.04319845918109746;0.04044551802164729;0.033542087134389116;0.0316743298616319;0.025954854466811384;0.0283987052481133;0.040229415647231835;0.04107151242701295;0.024108629079600905;0.03178824038703049;0.036260560911725595;0.02942951494153127;0.0470458789700091;0.024223573568740938;0.028397033126030622;0.031140513258600958;0.028161804948685087;0.03947712385537715;0.03186492680815342;0.02771476265740283;0.03282107809733873;0.026697669328863964;0.033915408521923006;0.037374635771692;0.047805903520855175;0.03341601077705347;0.044103919367133225;0.023662836997045193;0.03854740831459706;0.042828945091793996;0.04438752628596605;0.026910085098080502;0.0410778341879496;0.036240327072727986;0.04540441324678602;0.03313101948578756;0.03414863544990425,0.49924081563949585;0.4993351101875305;0.4948933720588684;0.4970279932022095;0.5226290822029114;0.4869017004966736;0.4921557903289795;0.5179890990257263;0.49804794788360596;0.5060576796531677;0.5140811800956726;0.4982505440711975;0.5050853490829468;0.4991442561149597;0.5084092617034912;0.5206860303878784;0.4872993230819702;0.4909076690673828;0.5119396448135376;0.5348219275474548;0.533428966999054;0.5349695682525635;0.5037561058998108;0.4856269955635071;0.4930936098098755;0.4866124987602234;0.48587721586227417;0.4876185655593872;0.5186606049537659;0.5170036554336548;0.49603891372680664;0.5144087672233582;0.5228495001792908;0.48429346084594727;0.49979299306869507;0.5052623748779297;0.4945736527442932;0.4892444610595703;0.4968630075454712;0.4846597909927368;0.5215426087379456;0.5107139348983765;0.4936788082122803;0.5360509157180786;0.4969704747200012;0.5164966583251953;0.5001499056816101;0.49112653732299805;0.5127565264701843;0.4913891553878784;0.48737066984176636;0.48225998878479004;0.5249004364013672;0.48679250478744507;0.5226796269416809;0.4883151054382324;0.5263108611106873;0.49904489517211914;0.5088635683059692;0.5012344121932983;0.4867055416107178;0.4927937388420105;0.5147210955619812;0.5033809542655945,64,0,0,"{'solver_error': 0, 'short_solution': 0, 'duplicate': 0, 'goal_error': 0, 'joint_limit': 0, 'workspace': 0, 'obstacle_clearance': 0, 'obstacle_contact': 0, 'self_collision': 0}",0.2823653800664721,1.1543696213531646e-08,1.2054461497356945e-07,filtered,0,0,1,0,0,0,1,2,1.0,1.0,1.2749584913253784,0.0,1.0,0.2886569468437513,0,0,0,0,0.2823653800664721,0.0,filtered,osqp optimal,1.4940008861463067e-07,0,0,12,joint_2_velocity_lower|joint_1_velocity_upper,workspace_x_upper,,,0,0,1,solved,osqp,0.0,valid,0.2886569468437513,1.0042510013531298,1.15759678e-20|0.311855402|0.314443793|0.366546426|0.393644623|0.403535988,,,,,,,,,,0.018764328910037875,0.0034852400422096252,0.001824724953621626,0.007517339079640806
6,0.35000000000000003,-0.5004178256810249,0.06125272437930107,0.3729131817817688,0.46860361099243164,0.04283442720770836,1.0,1,0,0,0,0,0,0,,0,0,,-1,-1,nan,not_applicable,,,nan,0,1.2633177042007446,0.7886832356452942,1.7524545192718506,1.2633178234100342,1.2633178234100342,0.37417893094083277,0.3729131817817688,0.001265749159063967,0.37971403332688075,0.3797140278263012,0.03700151815525612,0.03700148419016326,3.396509285630289e-08,0.03700151666429524,0,0,disabled,0.0,1,TRACK,direct_path,0,2.1059870589524508,2.1059870589524508,64,1,1,1,63,1.6055824188218712,0.4594847857952118,0.027664615741452746;0.027772363568479952;0.03231736983492143;0.029610638647477858;0.027155821718763906;0.037494046402239085;0.03260085185403268;0.03370170428810021;0.030948871757147986;0.027403924578462135;0.02387662031039598;0.029083585160161834;0.04096181776326708;0.04572105564332325;0.027759059234574904;0.0395177607603307;0.04325219495582453;0.03614832171062387;0.04202794225209264;0.029260023440258548;0.04695218008403328;0.033178444270870695;0.03593196225510018;0.03674876023100892;0.032627143580065604;0.04228636296182723;0.04208617670378579;0.04319845918109746;0.04044551802164729;0.033542087134389116;0.0316743298616319;0.025954854466811384;0.0283987052481133;0.040229415647231835;0.04107151242701295;0.024108629079600905;0.03178824038703049;0.036260560911725595;0.02942951494153127;0.0470458789700091;0.024223573568740938;0.028397033126030622;0.031140513258600958;0.028161804948685087;0.03947712385537715;0.03186492680815342;0.02771476265740283;0.03282107809733873;0.026697669328863964;0.033915408521923006;0.037374635771692;0.047805903520855175;0.03341601077705347;0.044103919367133225;0.023662836997045193;0.03854740831459706;0.042828945091793996;0.04438752628596605;0.026910085098080502;0.0410778341879496;0.036240327072727986;0.04540441324678602;0.03313101948578756;0.03414863544990425,0.49924081563949585;0.4993351101875305;0.4948933720588684;0.4970279932022095;0.5226290822029114;0.4869017004966736;0.4921557903289795;0.5179890990257263;0.49804794788360596;0.5060576796531677;0.5140811800956726;0.4982505440711975;0.5050853490829468;0.4991442561149597;0.5084092617034912;0.5206860303878784;0.4872993230819702;0.4909076690673828;0.5119396448135376;0.5348219275474548;0.533428966999054;0.5349695682525635;0.5037561058998108;0.4856269955635071;0.4930936098098755;0.4866124987602234;0.48587721586227417;0.4876185655593872;0.5186606049537659;0.5170036554336548;0.49603891372680664;0.5144087672233582;0.5228495001792908;0.48429346084594727;0.49979299306869507;0.5052623748779297;0.4945736527442932;0.4892444610595703;0.4968630075454712;0.4846597909927368;0.5215426087379456;0.5107139348983765;0.4936788082122803;0.5360509157180786;0.4969704747200012;0.5164966583251953;0.5001499056816101;0.49112653732299805;0.5127565264701843;0.4913891553878784;0.48737066984176636;0.48225998878479004;0.5249004364013672;0.48679250478744507;0.5226796269416809;0.4883151054382324;0.5263108611106873;0.49904489517211914;0.5088635683059692;0.5012344121932983;0.4867055416107178;0.4927937388420105;0.5147210955619812;0.5033809542655945,64,0,0,"{'solver_error': 0, 'short_solution': 0, 'duplicate': 0, 'goal_error': 0, 'joint_limit': 0, 'workspace': 0, 'obstacle_clearance': 0, 'obstacle_contact': 0, 'self_collision': 0}",0.2823653800664721,1.1543696213531646e-08,1.1718035499282989e-07,filtered,0,0,1,0,0,0,1,2,1.0,1.0,1.2633178234100342,0.0,1.0,0.28778637204494784,0,0,0,0,0.2823653800664721,0.0,filtered,osqp optimal,1.4247262476812057e-07,0,0,12,joint_2_velocity_lower|joint_1_velocity_upper,workspace_x_upper,,,0,0,1,solved,osqp,0.0,valid,0.28778637204494784,1.0198107996404797,0|0.310532595|0.311483368|0.355326254|0.376312833|0.391485548,,,,,,,,,,0.015773972030729055,0.003909396938979626,0.0020911890314891934,0.003353766049258411
7,0.4,-0.48431911780780246,0.060818497091531754,0.37099769711494446,0.46909016370773315,0.04219892993569374,1.0,1,0,0,0,0,0,0,,0,0,,-1,-1,nan,not_applicable,,,nan,0,1.2162190675735474,1.5661126375198364,27.964828491210938,1.216219186782837,1.216219186782837,0.3729131758317124,0.37099769711494446,0.0019154787167679488,0.3453809405109297,0.34538093201229403,0.04745661745911202,0.04745658294604278,3.4513069235853067e-08,0.047456616701912875,0,0,disabled,0.0,1,TRACK,direct_path,0,2.1059870589524508,2.1059870589524508,64,1,1,1,63,1.6055824188218712,0.4594847857952118,0.027664615741452746;0.027772363568479952;0.03231736983492143;0.029610638647477858;0.027155821718763906;0.037494046402239085;0.03260085185403268;0.03370170428810021;0.030948871757147986;0.027403924578462135;0.02387662031039598;0.029083585160161834;0.04096181776326708;0.04572105564332325;0.027759059234574904;0.0395177607603307;0.04325219495582453;0.03614832171062387;0.04202794225209264;0.029260023440258548;0.04695218008403328;0.033178444270870695;0.03593196225510018;0.03674876023100892;0.032627143580065604;0.04228636296182723;0.04208617670378579;0.04319845918109746;0.04044551802164729;0.033542087134389116;0.0316743298616319;0.025954854466811384;0.0283987052481133;0.040229415647231835;0.04107151242701295;0.024108629079600905;0.03178824038703049;0.036260560911725595;0.02942951494153127;0.0470458789700091;0.024223573568740938;0.028397033126030622;0.031140513258600958;0.028161804948685087;0.03947712385537715;0.03186492680815342;0.02771476265740283;0.03282107809733873;0.026697669328863964;0.033915408521923006;0.037374635771692;0.047805903520855175;0.03341601077705347;0.044103919367133225;0.023662836997045193;0.03854740831459706;0.042828945091793996;0.04438752628596605;0.026910085098080502;0.0410778341879496;0.036240327072727986;0.04540441324678602;0.03313101948578756;0.03414863544990425,0.49924081563949585;0.4993351101875305;0.4948933720588684;0.4970279932022095;0.5226290822029114;0.4869017004966736;0.4921557903289795;0.5179890990257263;0.49804794788360596;0.5060576796531677;0.5140811800956726;0.4982505440711975;0.5050853490829468;0.4991442561149597;0.5084092617034912;0.5206860303878784;0.4872993230819702;0.4909076690673828;0.5119396448135376;0.5348219275474548;0.533428966999054;0.5349695682525635;0.5037561058998108;0.4856269955635071;0.4930936098098755;0.4866124987602234;0.48587721586227417;0.4876185655593872;0.5186606049537659;0.5170036554336548;0.49603891372680664;0.5144087672233582;0.5228495001792908;0.48429346084594727;0.49979299306869507;0.5052623748779297;0.4945736527442932;0.4892444610595703;0.4968630075454712;0.4846597909927368;0.5215426087379456;0.5107139348983765;0.4936788082122803;0.5360509157180786;0.4969704747200012;0.5164966583251953;0.5001499056816101;0.49112653732299805;0.5127565264701843;0.4913891553878784;0.48737066984176636;0.48225998878479004;0.5249004364013672;0.48679250478744507;0.5226796269416809;0.4883151054382324;0.5263108611106873;0.49904489517211914;0.5088635683059692;0.5012344121932983;0.4867055416107178;0.4927937388420105;0.5147210955619812;0.5033809542655945,64,0,0,"{'solver_error': 0, 'short_solution': 0, 'duplicate': 0, 'goal_error': 0, 'joint_limit': 0, 'workspace': 0, 'obstacle_clearance': 0, 'obstacle_contact': 0, 'self_collision': 0}",0.2823653800664721,1.1543696213531646e-08,1.1277654928001307e-07,filtered,0,0,1,0,0,0,1,2,1.0,1.0,1.216219186782837,0.0,1.0,0.2868601652161275,0,0,0,0,0.2823653800664721,0.0,filtered,osqp optimal,1.401322888073576e-07,0,0,12,joint_2_velocity_lower,workspace_x_upper,,,0,0,1,solved,osqp,0.0,valid,0.2868601652161275,1.0348684772388326,0|0.309225215|0.309365326|0.345660018|0.360513658|0.380341846,,,,,,,,,,0.019463577074930072,0.00493902200832963,0.0017325000371783972,0.002118383999913931
8,0.45,-0.4645317315726405,0.060686226934194565,0.36824125051498413,0.47013068199157715,0.04196355491876602,1.0,1,0,0,0,0,0,0,,0,0,,-1,-1,nan,not_applicable,,,nan,0,1.1765859127044678,1.412888765335083,3.064682960510254,1.1765860319137573,1.1765860319137573,0.3709977049082054,0.36824125051498413,0.0027564543932212526,0.3165266617249573,0.31652664973272904,0.062171765853141964,0.06217173082164056,3.5031501401106e-08,0.06217176715913603,0,0,disabled,0.0,1,TRACK,direct_path,0,2.1059870589524508,2.1059870589524508,64,1,1,1,63,1.6055824188218712,0.4594847857952118,0.027664615741452746;0.027772363568479952;0.03231736983492143;0.029610638647477858;0.027155821718763906;0.037494046402239085;0.03260085185403268;0.03370170428810021;0.030948871757147986;0.027403924578462135;0.02387662031039598;0.029083585160161834;0.04096181776326708;0.04572105564332325;0.027759059234574904;0.0395177607603307;0.04325219495582453;0.03614832171062387;0.04202794225209264;0.029260023440258548;0.04695218008403328;0.033178444270870695;0.03593196225510018;0.03674876023100892;0.032627143580065604;0.04228636296182723;0.04208617670378579;0.04319845918109746;0.04044551802164729;0.033542087134389116;0.0316743298616319;0.025954854466811384;0.0283987052481133;0.040229415647231835;0.04107151242701295;0.024108629079600905;0.03178824038703049;0.036260560911725595;0.02942951494153127;0.0470458789700091;0.024223573568740938;0.028397033126030622;0.031140513258600958;0.028161804948685087;0.03947712385537715;0.03186492680815342;0.02771476265740283;0.03282107809733873;0.026697669328863964;0.033915408521923006;0.037374635771692;0.047805903520855175;0.03341601077705347;0.044103919367133225;0.023662836997045193;0.03854740831459706;0.042828945091793996;0.04438752628596605;0.026910085098080502;0.0410778341879496;0.036240327072727986;0.04540441324678602;0.03313101948578756;0.03414863544990425,0.49924081563949585;0.4993351101875305;0.4948933720588684;0.4970279932022095;0.5226290822029114;0.4869017004966736;0.4921557903289795;0.5179890990257263;0.49804794788360596;0.5060576796531677;0.5140811800956726;0.4982505440711975;0.5050853490829468;0.4991442561149597;0.5084092617034912;0.5206860303878784;0.4872993230819702;0.4909076690673828;0.5119396448135376;0.5348219275474548;0.533428966999054;0.5349695682525635;0.5037561058998108;0.4856269955635071;0.4930936098098755;0.4866124987602234;0.48587721586227417;0.4876185655593872;0.5186606049537659;0.5170036554336548;0.49603891372680664;0.5144087672233582;0.5228495001792908;0.48429346084594727;0.49979299306869507;0.5052623748779297;0.4945736527442932;0.4892444610595703;0.4968630075454712;0.4846597909927368;0.5215426087379456;0.5107139348983765;0.4936788082122803;0.5360509157180786;0.4969704747200012;0.5164966583251953;0.5001499056816101;0.49112653732299805;0.5127565264701843;0.4913891553878784;0.48737066984176636;0.48225998878479004;0.5249004364013672;0.48679250478744507;0.5226796269416809;0.4883151054382324;0.5263108611106873;0.49904489517211914;0.5088635683059692;0.5012344121932983;0.4867055416107178;0.4927937388420105;0.5147210955619812;0.5033809542655945,64,0,0,"{'solver_error': 0, 'short_solution': 0, 'duplicate': 0, 'goal_error': 0, 'joint_limit': 0, 'workspace': 0, 'obstacle_clearance': 0, 'obstacle_contact': 0, 'self_collision': 0}",0.2823653800664721,1.1543696213531646e-08,1.1521960048832797e-07,filtered,0,0,1,0,0,0,1,2,1.0,1.0,1.1765860319137573,0.0,1.0,0.286623204835507,0,0,0,0,0.2823653800664721,0.0,filtered,osqp optimal,1.4245576027915905e-07,0,0,12,joint_2_velocity_lower,workspace_x_upper,,,0,0,1,solved,osqp,0.0,valid,0.286623204835507,1.049338793119157,0|0.279319758|0.279319758|0.302990368|0.319992052|0.344486817,,,,,,,,,,0.014783582999370992,0.003758635022677481,0.0020048179430887103,0.002464503049850464
9,0.5,-0.4405414704716213,0.06039931997656822,0.364520788192749,0.4715498089790344,0.04164581000804901,1.0,1,0,0,0,0,0,0,,0,0,,-1,-1,nan,not_applicable,,,nan,0,1.1434754133224487,1.2716223001480103,2.825331449508667,1.1434754133224487,1.1434754133224487,0.36824123254013236,0.364520788192749,0.0037204443473833337,0.2934482285646817,0.2934482285646817,0.07973742436394,0.07973742436394,0.0,0.07973742047174058,0,0,disabled,0.0,1,TRACK,direct_path,0,2.1059870589524508,2.1059870589524508,64,1,1,1,63,1.6055824188218712,0.4594847857952118,0.027664615741452746;0.027772363568479952;0.03231736983492143;0.029610638647477858;0.027155821718763906;0.037494046402239085;0.03260085185403268;0.03370170428810021;0.030948871757147986;0.027403924578462135;0.02387662031039598;0.029083585160161834;0.04096181776326708;0.04572105564332325;0.027759059234574904;0.0395177607603307;0.04325219495582453;0.03614832171062387;0.04202794225209264;0.029260023440258548;0.04695218008403328;0.033178444270870695;0.03593196225510018;0.03674876023100892;0.032627143580065604;0.04228636296182723;0.04208617670378579;0.04319845918109746;0.04044551802164729;0.033542087134389116;0.0316743298616319;0.025954854466811384;0.0283987052481133;0.040229415647231835;0.04107151242701295;0.024108629079600905;0.03178824038703049;0.036260560911725595;0.02942951494153127;0.0470458789700091;0.024223573568740938;0.028397033126030622;0.031140513258600958;0.028161804948685087;0.03947712385537715;0.03186492680815342;0.02771476265740283;0.03282107809733873;0.026697669328863964;0.033915408521923006;0.037374635771692;0.047805903520855175;0.03341601077705347;0.044103919367133225;0.023662836997045193;0.03854740831459706;0.042828945091793996;0.04438752628596605;0.026910085098080502;0.0410778341879496;0.036240327072727986;0.04540441324678602;0.03313101948578756;0.03414863544990425,0.49924081563949585;0.4993351101875305;0.4948933720588684;0.4970279932022095;0.5226290822029114;0.4869017004966736;0.4921557903289795;0.5179890990257263;0.49804794788360596;0.5060576796531677;0.5140811800956726;0.4982505440711975;0.5050853490829468;0.4991442561149597;0.5084092617034912;0.5206860303878784;0.4872993230819702;0.4909076690673828;0.5119396448135376;0.5348219275474548;0.533428966999054;0.5349695682525635;0.5037561058998108;0.4856269955635071;0.4930936098098755;0.4866124987602234;0.48587721586227417;0.4876185655593872;0.5186606049537659;0.5170036554336548;0.49603891372680664;0.5144087672233582;0.5228495001792908;0.48429346084594727;0.49979299306869507;0.5052623748779297;0.4945736527442932;0.4892444610595703;0.4968630075454712;0.4846597909927368;0.5215426087379456;0.5107139348983765;0.4936788082122803;0.5360509157180786;0.4969704747200012;0.5164966583251953;0.5001499056816101;0.49112653732299805;0.5127565264701843;0.4913891553878784;0.48737066984176636;0.48225998878479004;0.5249004364013672;0.48679250478744507;0.5226796269416809;0.4883151054382324;0.5263108611106873;0.49904489517211914;0.5088635683059692;0.5012344121932983;0.4867055416107178;0.4927937388420105;0.5147210955619812;0.5033809542655945,64,0,0,"{'solver_error': 0, 'short_solution': 0, 'duplicate': 0, 'goal_error': 0, 'joint_limit': 0, 'workspace': 0, 'obstacle_clearance': 0, 'obstacle_contact': 0, 'self_collision': 0}",0.2823653800664721,1.1543696213531646e-08,1.2107551544484162e-07,filtered,0,0,1,0,0,0,1,2,1.0,1.0,1.1434754133224487,0.0,1.0,0.28696966344641756,0,0,0,0,0.2823653800664721,0.0,passthrough,osqp optimal,2.553302984635736e-09,0,0,12,joint_2_velocity_lower|joint_3_velocity_lower,workspace_x_upper,,,0,0,1,solved,osqp,0.0,valid,0.28696966344641756,1.0632202148677101,2.333231e-17|0.252161499|0.252161499|0.265060288|0.286132945|0.314426215,,,,,,,,,,0.01416954305022955,0.003979458939284086,0.0016576189082115889,0.0021451649954542518
10,0.55,-0.413343052742273,0.0600111186504364,0.3597603738307953,0.47321265935897827,0.04127824306488037,1.0,1,0,0,0,0,0,0,,0,0,,-1,-1,nan,not_applicable,,,nan,0,1.1159350872039795,1.1444802284240723,2.542842149734497,1.1159350872039795,1.1159350872039795,0.3645207842429037,0.3597603738307953,0.004760410412108396,0.27621371618798496,0.27621371618798496,0.09913654111585526,0.09913654111585526,0.0,0.09913654004163942,0,0,disabled,0.0,1,TRACK,direct_path,0,2.1059870589524508,2.1059870589524508,64,1,1,1,63,1.6055824188218712,0.4594847857952118,0.027664615741452746;0.027772363568479952;0.03231736983492143;0.029610638647477858;0.027155821718763906;0.037494046402239085;0.03260085185403268;0.03370170428810021;0.030948871757147986;0.027403924578462135;0.02387662031039598;0.029083585160161834;0.04096181776326708;0.04572105564332325;0.027759059234574904;0.0395177607603307;0.04325219495582453;0.03614832171062387;0.04202794225209264;0.029260023440258548;0.04695218008403328;0.033178444270870695;0.03593196225510018;0.03674876023100892;0.032627143580065604;0.04228636296182723;0.04208617670378579;0.04319845918109746;0.04044551802164729;0.033542087134389116;0.0316743298616319;0.025954854466811384;0.0283987052481133;0.040229415647231835;0.04107151242701295;0.024108629079600905;0.03178824038703049;0.036260560911725595;0.02942951494153127;0.0470458789700091;0.024223573568740938;0.028397033126030622;0.031140513258600958;0.028161804948685087;0.03947712385537715;0.03186492680815342;0.02771476265740283;0.03282107809733873;0.026697669328863964;0.033915408521923006;0.037374635771692;0.047805903520855175;0.03341601077705347;0.044103919367133225;0.023662836997045193;0.03854740831459706;0.042828945091793996;0.04438752628596605;0.026910085098080502;0.0410778341879496;0.036240327072727986;0.04540441324678602;0.03313101948578756;0.03414863544990425,0.49924081563949585;0.4993351101875305;0.4948933720588684;0.4970279932022095;0.5226290822029114;0.4869017004966736;0.4921557903289795;0.5179890990257263;0.49804794788360596;0.5060576796531677;0.5140811800956726;0.4982505440711975;0.5050853490829468;0.4991442561149597;0.5084092617034912;0.5206860303878784;0.4872993230819702;0.4909076690673828;0.5119396448135376;0.5348219275474548;0.533428966999054;0.5349695682525635;0.5037561058998108;0.4856269955635071;0.4930936098098755;0.4866124987602234;0.48587721586227417;0.4876185655593872;0.5186606049537659;0.5170036554336548;0.49603891372680664;0.5144087672233582;0.5228495001792908;0.48429346084594727;0.49979299306869507;0.5052623748779297;0.4945736527442932;0.4892444610595703;0.4968630075454712;0.4846597909927368;0.5215426087379456;0.5107139348983765;0.4936788082122803;0.5360509157180786;0.4969704747200012;0.5164966583251953;0.5001499056816101;0.49112653732299805;0.5127565264701843;0.4913891553878784;0.48737066984176636;0.48225998878479004;0.5249004364013672;0.48679250478744507;0.5226796269416809;0.4883151054382324;0.5263108611106873;0.49904489517211914;0.5088635683059692;0.5012344121932983;0.4867055416107178;0.4927937388420105;0.5147210955619812;0.5033809542655945,64,0,0,"{'solver_error': 0, 'short_solution': 0, 'duplicate': 0, 'goal_error': 0, 'joint_limit': 0, 'workspace': 0, 'obstacle_clearance': 0, 'obstacle_contact': 0, 'self_collision': 0}",0.2823653800664721,1.1543696213531646e-08,2.2329321250703008e-09,passthrough,0,0,1,0,0,0,1,2,1.0,1.0,1.1159350872039795,0.0,1.0,0.28772459542073414,0,0,0,0,0.2823653800664721,0.0,passthrough,osqp optimal,4.094802508543762e-09,0,0,12,joint_2_velocity_lower|joint_3_velocity_lower,workspace_x_upper,,,0,0,1,solved,osqp,0.0,valid,0.28772459542073414,1.076504743121041,0|0.227579617|0.227579617|0.232047867|0.259315254|0.29046187,,,,,,,,,,0.014467905042693019,0.003820569021627307,0.001953396014869213,0.002622180967591703
11,0.6000000000000001,-0.38376239393438594,0.05956210568547249,0.3539208173751831,0.47501665353775024,0.04088519886136055,1.0,1,0,0,0,0,0,0,,0,0,,-1,-1,nan,not_applicable,,,nan,0,1.0931185483932495,1.030036211013794,2.2888810634613037,1.0931185483932495,1.0931185483932495,0.3597603603716484,0.3539208173751831,0.0058395429964652745,0.2646695307928325,0.2646695307928325,0.1195897871403918,0.1195897871403918,0.0,0.11958978266636788,0,0,disabled,0.0,1,TRACK,direct_path,0,2.1059870589524508,2.1059870589524508,64,1,1,1,63,1.6055824188218712,0.4594847857952118,0.027664615741452746;0.027772363568479952;0.03231736983492143;0.029610638647477858;0.027155821718763906;0.037494046402239085;0.03260085185403268;0.03370170428810021;0.030948871757147986;0.027403924578462135;0.02387662031039598;0.029083585160161834;0.04096181776326708;0.04572105564332325;0.027759059234574904;0.0395177607603307;0.04325219495582453;0.03614832171062387;0.04202794225209264;0.029260023440258548;0.04695218008403328;0.033178444270870695;0.03593196225510018;0.03674876023100892;0.032627143580065604;0.04228636296182723;0.04208617670378579;0.04319845918109746;0.04044551802164729;0.033542087134389116;0.0316743298616319;0.025954854466811384;0.0283987052481133;0.040229415647231835;0.04107151242701295;0.024108629079600905;0.03178824038703049;0.036260560911725595;0.02942951494153127;0.0470458789700091;0.024223573568740938;0.028397033126030622;0.031140513258600958;0.028161804948685087;0.03947712385537715;0.03186492680815342;0.02771476265740283;0.03282107809733873;0.026697669328863964;0.033915408521923006;0.037374635771692;0.047805903520855175;0.03341601077705347;0.044103919367133225;0.023662836997045193;0.03854740831459706;0.042828945091793996;0.04438752628596605;0.026910085098080502;0.0410778341879496;0.036240327072727986;0.04540441324678602;0.03313101948578756;0.03414863544990425,0.49924081563949585;0.4993351101875305;0.4948933720588684;0.4970279932022095;0.5226290822029114;0.4869017004966736;0.4921557903289795;0.5179890990257263;0.49804794788360596;0.5060576796531677;0.5140811800956726;0.4982505440711975;0.5050853490829468;0.4991442561149597;0.5084092617034912;0.5206860303878784;0.4872993230819702;0.4909076690673828;0.5119396448135376;0.5348219275474548;0.533428966999054;0.5349695682525635;0.5037561058998108;0.4856269955635071;0.4930936098098755;0.4866124987602234;0.48587721586227417;0.4876185655593872;0.5186606049537659;0.5170036554336548;0.49603891372680664;0.5144087672233582;0.5228495001792908;0.48429346084594727;0.49979299306869507;0.5052623748779297;0.4945736527442932;0.4892444610595703;0.4968630075454712;0.4846597909927368;0.5215426087379456;0.5107139348983765;0.4936788082122803;0.5360509157180786;0.4969704747200012;0.5164966583251953;0.5001499056816101;0.49112653732299805;0.5127565264701843;0.4913891553878784;0.48737066984176636;0.48225998878479004;0.5249004364013672;0.48679250478744507;0.5226796269416809;0.4883151054382324;0.5263108611106873;0.49904489517211914;0.5088635683059692;0.5012344121932983;0.4867055416107178;0.4927937388420105;0.5147210955619812;0.5033809542655945,64,0,0,"{'solver_error': 0, 'short_solution': 0, 'duplicate': 0, 'goal_error': 0, 'joint_limit': 0, 'workspace': 0, 'obstacle_clearance': 0, 'obstacle_contact': 0, 'self_collision': 0}",0.2823653800664721,1.1543696213531646e-08,3.6693913073415905e-09,passthrough,0,0,1,0,0,0,1,2,1.0,1.0,1.0931185483932495,0.0,1.0,0.28875363514873775,0,0,0,0,0.2823653800664721,0.0,passthrough,osqp optimal,6.1401781587271984e-09,0,0,12,joint_2_velocity_lower|joint_3_velocity_lower,workspace_x_upper,,,0,0,1,solved,osqp,0.0,valid,0.28875363514873775,1.0891806825033443,0|0.2053383|0.2053383|0.204089138|0.239688324|0.272667306,,,,,,,,,,0.014275779947638512,0.003874697955325246,0.0018626759992912412,0.0023258839501067996
12,0.65,-0.3524811802928219,0.05908203125,0.3469909131526947,0.4768851399421692,0.04048427939414978,1.0,1,0,0,0,0,0,0,,0,0,,-1,-1,nan,not_applicable,,,nan,0,1.0742812156677246,0.9270581603050232,2.0595638751983643,1.0742812156677246,1.0742812156677246,0.35392079277305605,0.3469909131526947,0.0069298796203613455,0.2583998022092308,0.2583998064260628,0.140509444793852,0.14050944698623227,-2.192380277321604e-09,0.14050943502660732,0,0,disabled,0.0,1,TRACK,direct_path,0,2.1059870589524508,2.1059870589524508,64,1,1,1,63,1.6055824188218712,0.4594847857952118,0.027664615741452746;0.027772363568479952;0.03231736983492143;0.029610638647477858;0.027155821718763906;0.037494046402239085;0.03260085185403268;0.03370170428810021;0.030948871757147986;0.027403924578462135;0.02387662031039598;0.029083585160161834;0.04096181776326708;0.04572105564332325;0.027759059234574904;0.0395177607603307;0.04325219495582453;0.03614832171062387;0.04202794225209264;0.029260023440258548;0.04695218008403328;0.033178444270870695;0.03593196225510018;0.03674876023100892;0.032627143580065604;0.04228636296182723;0.04208617670378579;0.04319845918109746;0.04044551802164729;0.033542087134389116;0.0316743298616319;0.025954854466811384;0.0283987052481133;0.040229415647231835;0.04107151242701295;0.024108629079600905;0.03178824038703049;0.036260560911725595;0.02942951494153127;0.0470458789700091;0.024223573568740938;0.028397033126030622;0.031140513258600958;0.028161804948685087;0.03947712385537715;0.03186492680815342;0.02771476265740283;0.03282107809733873;0.026697669328863964;0.033915408521923006;0.037374635771692;0.047805903520855175;0.03341601077705347;0.044103919367133225;0.023662836997045193;0.03854740831459706;0.042828945091793996;0.04438752628596605;0.026910085098080502;0.0410778341879496;0.036240327072727986;0.04540441324678602;0.03313101948578756;0.03414863544990425,0.49924081563949585;0.4993351101875305;0.4948933720588684;0.4970279932022095;0.5226290822029114;0.4869017004966736;0.4921557903289795;0.5179890990257263;0.49804794788360596;0.5060576796531677;0.5140811800956726;0.4982505440711975;0.5050853490829468;0.4991442561149597;0.5084092617034912;0.5206860303878784;0.4872993230819702;0.4909076690673828;0.5119396448135376;0.5348219275474548;0.533428966999054;0.5349695682525635;0.5037561058998108;0.4856269955635071;0.4930936098098755;0.4866124987602234;0.48587721586227417;0.4876185655593872;0.5186606049537659;0.5170036554336548;0.49603891372680664;0.5144087672233582;0.5228495001792908;0.48429346084594727;0.49979299306869507;0.5052623748779297;0.4945736527442932;0.4892444610595703;0.4968630075454712;0.4846597909927368;0.5215426087379456;0.5107139348983765;0.4936788082122803;0.5360509157180786;0.4969704747200012;0.5164966583251953;0.5001499056816101;0.49112653732299805;0.5127565264701843;0.4913891553878784;0.48737066984176636;0.48225998878479004;0.5249004364013672;0.48679250478744507;0.5226796269416809;0.4883151054382324;0.5263108611106873;0.49904489517211914;0.5088635683059692;0.5012344121932983;0.4867055416107178;0.4927937388420105;0.5147210955619812;0.5033809542655945,64,0,0,"{'solver_error': 0, 'short_solution': 0, 'duplicate': 0, 'goal_error': 0, 'joint_limit': 0, 'workspace': 0, 'obstacle_clearance': 0, 'obstacle_contact': 0, 'self_collision': 0}",0.2823653800664721,1.1543696213531646e-08,5.617120089813231e-09,passthrough,0,0,1,0,0,0,1,2,1.0,1.0,1.0742812156677246,0.0,1.0,0.28995499912871464,0,0,0,0,0.2823653800664721,0.0,passthrough,osqp optimal,8.865235862330909e-09,0,0,12,joint_2_velocity_lower|joint_3_velocity_lower,workspace_x_upper,,,0,0,1,solved,osqp,0.0,valid,0.28995499912871464,1.101232787473263,2.26793187e-17|0.185222525|0.185222525|0.181364432|0.227102136|0.26088147,,,,,,,,,,0.014446877059526742,0.003930840990506113,0.0018517319113016129,0.00242470798548311
13,0.7000000000000001,-0.30576163313022453,0.05848385766148567,0.33825621008872986,0.4792882204055786,0.039977751672267914,1.0,1,0,0,0,0,0,0,,0,0,,-1,-1,nan,not_applicable,,,nan,0,1.0269980430603027,1.4708170890808105,21.088401794433594,1.0495407581329346,1.0495407581329346,0.34699090271225014,0.33825621008872986,0.00873469262352028,0.25529070689731115,0.2653919833091115,0.16030334749516365,0.1758505121015595,-0.015547164606395852,0.16030334267187246,0,0,disabled,0.0,1,TRACK,direct_path,0,2.1059870589524508,2.1059870589524508,64,1,1,1,63,1.6055824188218712,0.4594847857952118,0.027664615741452746;0.027772363568479952;0.03231736983492143;0.029610638647477858;0.027155821718763906;0.037494046402239085;0.03260085185403268;0.03370170428810021;0.030948871757147986;0.027403924578462135;0.02387662031039598;0.029083585160161834;0.04096181776326708;0.04572105564332325;0.027759059234574904;0.0395177607603307;0.04325219495582453;0.03614832171062387;0.04202794225209264;0.029260023440258548;0.04695218008403328;0.033178444270870695;0.03593196225510018;0.03674876023100892;0.032627143580065604;0.04228636296182723;0.04208617670378579;0.04319845918109746;0.04044551802164729;0.033542087134389116;0.0316743298616319;0.025954854466811384;0.0283987052481133;0.040229415647231835;0.04107151242701295;0.024108629079600905;0.03178824038703049;0.036260560911725595;0.02942951494153127;0.0470458789700091;0.024223573568740938;0.028397033126030622;0.031140513258600958;0.028161804948685087;0.03947712385537715;0.03186492680815342;0.02771476265740283;0.03282107809733873;0.026697669328863964;0.033915408521923006;0.037374635771692;0.047805903520855175;0.03341601077705347;0.044103919367133225;0.023662836997045193;0.03854740831459706;0.042828945091793996;0.04438752628596605;0.026910085098080502;0.0410778341879496;0.036240327072727986;0.04540441324678602;0.03313101948578756;0.03414863544990425,0.49924081563949585;0.4993351101875305;0.4948933720588684;0.4970279932022095;0.5226290822029114;0.4869017004966736;0.4921557903289795;0.5179890990257263;0.49804794788360596;0.5060576796531677;0.5140811800956726;0.4982505440711975;0.5050853490829468;0.4991442561149597;0.5084092617034912;0.5206860303878784;0.4872993230819702;0.4909076690673828;0.5119396448135376;0.5348219275474548;0.533428966999054;0.5349695682525635;0.5037561058998108;0.4856269955635071;0.4930936098098755;0.4866124987602234;0.48587721586227417;0.4876185655593872;0.5186606049537659;0.5170036554336548;0.49603891372680664;0.5144087672233582;0.5228495001792908;0.48429346084594727;0.49979299306869507;0.5052623748779297;0.4945736527442932;0.4892444610595703;0.4968630075454712;0.4846597909927368;0.5215426087379456;0.5107139348983765;0.4936788082122803;0.5360509157180786;0.4969704747200012;0.5164966583251953;0.5001499056816101;0.49112653732299805;0.5127565264701843;0.4913891553878784;0.48737066984176636;0.48225998878479004;0.5249004364013672;0.48679250478744507;0.5226796269416809;0.4883151054382324;0.5263108611106873;0.49904489517211914;0.5088635683059692;0.5012344121932983;0.4867055416107178;0.4927937388420105;0.5147210955619812;0.5033809542655945,64,0,0,"{'solver_error': 0, 'short_solution': 0, 'duplicate': 0, 'goal_error': 0, 'joint_limit': 0, 'workspace': 0, 'obstacle_clearance': 0, 'obstacle_contact': 0, 'self_collision': 0}",0.2823653800664721,1.1543696213531646e-08,8.252248790202181e-09,passthrough,0,0,1,0,0,0,1,2,1.0,1.0,1.0495407581329346,0.0,1.0,0.29125295985468447,0,0,0,0,0.2823653800664721,0.0,filtered,,0.04779405809154252,0,1,12,workspace_x_upper,workspace_x_upper,,,2,0,0,inaccurate_solution,,0.0,valid,0.29125295985468447,1.1126437061490109,1.53220922e-17|0.167048672|0.167048672|0.164038809|0.220969418|0.254627037,,,,,,,,,,0.015505766961723566,0.003885348909534514,0.0019940409110859036,0.002536022919230163
14,0.75,-0.26463576174308856,0.05777505040168762,0.3281362056732178,0.4820266366004944,0.03941276669502258,1.0,1,0,0,0,0,0,0,,0,0,,-1,-1,nan,not_applicable,,,nan,0,0.9579835534095764,1.867888331413269,20.53636932373047,0.9937942624092102,0.9937942624092102,0.3382562073204421,0.3281362056732178,0.01012000164722432,0.2485730409980236,0.27276097982629177,0.17289254115367442,0.20319800441384925,-0.03030546326017483,0.1728925397387224,0,0,disabled,0.0,1,TRACK,direct_path,0,2.1059870589524508,2.1059870589524508,64,1,1,1,63,1.6055824188218712,0.4594847857952118,0.027664615741452746;0.027772363568479952;0.03231736983492143;0.029610638647477858;0.027155821718763906;0.037494046402239085;0.03260085185403268;0.03370170428810021;0.030948871757147986;0.027403924578462135;0.02387662031039598;0.029083585160161834;0.04096181776326708;0.04572105564332325;0.027759059234574904;0.0395177607603307;0.04325219495582453;0.03614832171062387;0.04202794225209264;0.029260023440258548;0.04695218008403328;0.033178444270870695;0.03593196225510018;0.03674876023100892;0.032627143580065604;0.04228636296182723;0.04208617670378579;0.04319845918109746;0.04044551802164729;0.033542087134389116;0.0316743298616319;0.025954854466811384;0.0283987052481133;0.040229415647231835;0.04107151242701295;0.024108629079600905;0.03178824038703049;0.036260560911725595;0.02942951494153127;0.0470458789700091;0.024223573568740938;0.028397033126030622;0.031140513258600958;0.028161804948685087;0.03947712385537715;0.03186492680815342;0.02771476265740283;0.03282107809733873;0.026697669328863964;0.033915408521923006;0.037374635771692;0.047805903520855175;0.03341601077705347;0.044103919367133225;0.023662836997045193;0.03854740831459706;0.042828945091793996;0.04438752628596605;0.026910085098080502;0.0410778341879496;0.036240327072727986;0.04540441324678602;0.03313101948578756;0.03414863544990425,0.49924081563949585;0.4993351101875305;0.4948933720588684;0.4970279932022095;0.5226290822029114;0.4869017004966736;0.4921557903289795;0.5179890990257263;0.49804794788360596;0.5060576796531677;0.5140811800956726;0.4982505440711975;0.5050853490829468;0.4991442561149597;0.5084092617034912;0.5206860303878784;0.4872993230819702;0.4909076690673828;0.5119396448135376;0.5348219275474548;0.533428966999054;0.5349695682525635;0.5037561058998108;0.4856269955635071;0.4930936098098755;0.4866124987602234;0.48587721586227417;0.4876185655593872;0.5186606049537659;0.5170036554336548;0.49603891372680664;0.5144087672233582;0.5228495001792908;0.48429346084594727;0.49979299306869507;0.5052623748779297;0.4945736527442932;0.4892444610595703;0.4968630075454712;0.4846597909927368;0.5215426087379456;0.5107139348983765;0.4936788082122803;0.5360509157180786;0.4969704747200012;0.5164966583251953;0.5001499056816101;0.49112653732299805;0.5127565264701843;0.4913891553878784;0.48737066984176636;0.48225998878479004;0.5249004364013672;0.48679250478744507;0.5226796269416809;0.4883151054382324;0.5263108611106873;0.49904489517211914;0.5088635683059692;0.5012344121932983;0.4867055416107178;0.4927937388420105;0.5147210955619812;0.5033809542655945,64,0,0,"{'solver_error': 0, 'short_solution': 0, 'duplicate': 0, 'goal_error': 0, 'joint_limit': 0, 'workspace': 0, 'obstacle_clearance': 0, 'obstacle_contact': 0, 'self_collision': 0}",0.2823653800664721,1.1543696213531646e-08,0.04553806769406942,filtered,0,0,1,0,0,0,1,2,1.0,1.0,0.9937942624092102,0.0,1.0,0.29289005335406626,0,0,0,0,0.2823653800664721,0.0,filtered,osqp optimal,0.08466008239529142,0,1,12,workspace_x_upper,workspace_x_upper,,,0,0,1,solved,osqp,3.2276982475654137e-10,valid,0.29289005335406626,1.1279633901531274,3.441076e-19|0.143460498|0.143460498|0.16748117|0.23800869|0.263078622,,,,,,,,,,0.013364271027967334,0.003861272009089589,0.0016712129581719637,0.001984704053029418
15,0.8,-0.2264629727643478,0.057012543082237244,0.3168783187866211,0.48489314317703247,0.038835007697343826,1.0,1,0,0,0,0,0,0,,0,0,,-1,-1,nan,not_applicable,,,nan,0,0.9062206745147705,1.5199557542800903,8.246988296508789,0.9469497799873352,0.9469497799873352,0.32813622301474826,0.3168783187866211,0.011257904228127169,0.24370532692204533,0.2811789716015032,0.18339376981119607,0.22575537685804523,-0.04236160704684916,0.18339377950329525,0,0,disabled,0.0,1,TRACK,direct_path,0,2.1059870589524508,2.1059870589524508,64,1,1,1,63,1.6055824188218712,0.4594847857952118,0.027664615741452746;0.027772363568479952;0.03231736983492143;0.029610638647477858;0.027155821718763906;0.037494046402239085;0.03260085185403268;0.03370170428810021;0.030948871757147986;0.027403924578462135;0.02387662031039598;0.029083585160161834;0.04096181776326708;0.04572105564332325;0.027759059234574904;0.0395177607603307;0.04325219495582453;0.03614832171062387;0.04202794225209264;0.029260023440258548;0.04695218008403328;0.033178444270870695;0.03593196225510018;0.03674876023100892;0.032627143580065604;0.04228636296182723;0.04208617670378579;0.04319845918109746;0.04044551802164729;0.033542087134389116;0.0316743298616319;0.025954854466811384;0.0283987052481133;0.040229415647231835;0.04107151242701295;0.024108629079600905;0.03178824038703049;0.036260560911725595;0.02942951494153127;0.0470458789700091;0.024223573568740938;0.028397033126030622;0.031140513258600958;0.028161804948685087;0.03947712385537715;0.03186492680815342;0.02771476265740283;0.03282107809733873;0.026697669328863964;0.033915408521923006;0.037374635771692;0.047805903520855175;0.03341601077705347;0.044103919367133225;0.023662836997045193;0.03854740831459706;0.042828945091793996;0.04438752628596605;0.026910085098080502;0.0410778341879496;0.036240327072727986;0.04540441324678602;0.03313101948578756;0.03414863544990425,0.49924081563949585;0.4993351101875305;0.4948933720588684;0.4970279932022095;0.5226290822029114;0.4869017004966736;0.4921557903289795;0.5179890990257263;0.49804794788360596;0.5060576796531677;0.5140811800956726;0.4982505440711975;0.5050853490829468;0.4991442561149597;0.5084092617034912;0.5206860303878784;0.4872993230819702;0.4909076690673828;0.5119396448135376;0.5348219275474548;0.533428966999054;0.5349695682525635;0.5037561058998108;0.4856269955635071;0.4930936098098755;0.4866124987602234;0.48587721586227417;0.4876185655593872;0.5186606049537659;0.5170036554336548;0.49603891372680664;0.5144087672233582;0.5228495001792908;0.48429346084594727;0.49979299306869507;0.5052623748779297;0.4945736527442932;0.4892444610595703;0.4968630075454712;0.4846597909927368;0.5215426087379456;0.5107139348983765;0.4936788082122803;0.5360509157180786;0.4969704747200012;0.5164966583251953;0.5001499056816101;0.49112653732299805;0.5127565264701843;0.4913891553878784;0.48737066984176636;0.48225998878479004;0.5249004364013672;0.48679250478744507;0.5226796269416809;0.4883151054382324;0.5263108611106873;0.49904489517211914;0.5088635683059692;0.5012344121932983;0.4867055416107178;0.4927937388420105;0.5147210955619812;0.5033809542655945,64,0,0,"{'solver_error': 0, 'short_solution': 0, 'duplicate': 0, 'goal_error': 0, 'joint_limit': 0, 'workspace': 0, 'obstacle_clearance': 0, 'obstacle_contact': 0, 'self_collision': 0}",0.2823653800664721,1.1543696213531646e-08,0.08518874136992283,filtered,0,0,1,0,0,0,1,2,1.0,1.0,0.9469497799873352,0.0,1.0,0.29485929717558346,0,0,0,0,0.2823653800664721,0.0,filtered,osqp optimal,0.108389867011494,0,1,12,workspace_x_upper,workspace_x_upper,,,0,0,1,solved,osqp,8.87471277022378e-10,valid,0.29485929717558346,1.1433470414279496,1.1413359e-17|0.124741673|0.124741673|0.176981533|0.253548308|0.271544574,,,,,,,,,,0.015288247028365731,0.0037756230449303985,0.0020516349468380213,0.0024337269132956862
16,0.8500000000000001,-0.1919361839541318,0.05625886470079422,0.3047138452529907,0.4877246618270874,0.03827769309282303,1.0,1,0,0,0,0,0,0,,0,0,,-1,-1,nan,not_applicable,,,nan,0,0.8674280047416687,1.265676736831665,6.588449954986572,0.9075678586959839,0.9075678586959839,0.31687830143161666,0.3047138452529907,0.012164456178625938,0.24034949927143817,0.28818441215517704,0.1923665659853497,0.24373676436772557,-0.05137019838237586,0.1923665554496885,0,0,disabled,0.0,1,TRACK,direct_path,0,2.1059870589524508,2.1059870589524508,64,1,1,1,63,1.6055824188218712,0.4594847857952118,0.027664615741452746;0.027772363568479952;0.03231736983492143;0.029610638647477858;0.027155821718763906;0.037494046402239085;0.03260085185403268;0.03370170428810021;0.030948871757147986;0.027403924578462135;0.02387662031039598;0.029083585160161834;0.04096181776326708;0.04572105564332325;0.027759059234574904;0.0395177607603307;0.04325219495582453;0.03614832171062387;0.04202794225209264;0.029260023440258548;0.04695218008403328;0.033178444270870695;0.03593196225510018;0.03674876023100892;0.032627143580065604;0.04228636296182723;0.04208617670378579;0.04319845918109746;0.04044551802164729;0.033542087134389116;0.0316743298616319;0.025954854466811384;0.0283987052481133;0.040229415647231835;0.04107151242701295;0.024108629079600905;0.03178824038703049;0.036260560911725595;0.02942951494153127;0.0470458789700091;0.024223573568740938;0.028397033126030622;0.031140513258600958;0.028161804948685087;0.03947712385537715;0.03186492680815342;0.02771476265740283;0.03282107809733873;0.026697669328863964;0.033915408521923006;0.037374635771692;0.047805903520855175;0.03341601077705347;0.044103919367133225;0.023662836997045193;0.03854740831459706;0.042828945091793996;0.04438752628596605;0.026910085098080502;0.0410778341879496;0.036240327072727986;0.04540441324678602;0.03313101948578756;0.03414863544990425,0.49924081563949585;0.4993351101875305;0.4948933720588684;0.4970279932022095;0.5226290822029114;0.4869017004966736;0.4921557903289795;0.5179890990257263;0.49804794788360596;0.5060576796531677;0.5140811800956726;0.4982505440711975;0.5050853490829468;0.4991442561149597;0.5084092617034912;0.5206860303878784;0.4872993230819702;0.4909076690673828;0.5119396448135376;0.5348219275474548;0.533428966999054;0.5349695682525635;0.5037561058998108;0.4856269955635071;0.4930936098098755;0.4866124987602234;0.48587721586227417;0.4876185655593872;0.5186606049537659;0.5170036554336548;0.49603891372680664;0.5144087672233582;0.5228495001792908;0.48429346084594727;0.49979299306869507;0.5052623748779297;0.4945736527442932;0.4892444610595703;0.4968630075454712;0.4846597909927368;0.5215426087379456;0.5107139348983765;0.4936788082122803;0.5360509157180786;0.4969704747200012;0.5164966583251953;0.5001499056816101;0.49112653732299805;0.5127565264701843;0.4913891553878784;0.48737066984176636;0.48225998878479004;0.5249004364013672;0.48679250478744507;0.5226796269416809;0.4883151054382324;0.5263108611106873;0.49904489517211914;0.5088635683059692;0.5012344121932983;0.4867055416107178;0.4927937388420105;0.5147210955619812;0.5033809542655945,64,0,0,"{'solver_error': 0, 'short_solution': 0, 'duplicate': 0, 'goal_error': 0, 'joint_limit': 0, 'workspace': 0, 'obstacle_clearance': 0, 'obstacle_contact': 0, 'self_collision': 0}",0.2823653800664721,1.1543696213531646e-08,0.11446210696933014,filtered,0,0,1,0,0,0,1,2,1.0,1.0,0.9075678586959839,0.0,1.0,0.2970144409785723,0,0,0,0,0.2823653800664721,0.0,filtered,osqp optimal,0.1212692060135537,0,1,12,workspace_x_upper,workspace_x_upper,,,0,0,1,solved,osqp,1.669162461026552e-09,valid,0.2970144409785723,1.157574162381599,0|0.109981001|0.109981001|0.186276078|0.266350671|0.280579006,,,,,,,,,,0.01525964995380491,0.0045289839617908,0.0019084200030192733,0.0024171730037778616
17,0.9,-0.16133432784881763,0.05555785819888115,0.2918594479560852,0.49039745330810547,0.03776354715228081,1.0,1,0,0,0,0,0,0,,0,0,,-1,-1,nan,not_applicable,,,nan,0,0.8382220268249512,1.08706796169281,5.181625843048096,0.874454915523529,0.874454915523529,0.30471385874686524,0.2918594479560852,0.012854410790780035,0.23833492088008648,0.29278735638331643,0.20030637599005316,0.2574476240810777,-0.05714124809102453,0.20030638486037244,0,0,disabled,0.0,1,TRACK,direct_path,0,2.1059870589524508,2.1059870589524508,64,1,1,1,63,1.6055824188218712,0.4594847857952118,0.027664615741452746;0.027772363568479952;0.03231736983492143;0.029610638647477858;0.027155821718763906;0.037494046402239085;0.03260085185403268;0.03370170428810021;0.030948871757147986;0.027403924578462135;0.02387662031039598;0.029083585160161834;0.04096181776326708;0.04572105564332325;0.027759059234574904;0.0395177607603307;0.04325219495582453;0.03614832171062387;0.04202794225209264;0.029260023440258548;0.04695218008403328;0.033178444270870695;0.03593196225510018;0.03674876023100892;0.032627143580065604;0.04228636296182723;0.04208617670378579;0.04319845918109746;0.04044551802164729;0.033542087134389116;0.0316743298616319;0.025954854466811384;0.0283987052481133;0.040229415647231835;0.04107151242701295;0.024108629079600905;0.03178824038703049;0.036260560911725595;0.02942951494153127;0.0470458789700091;0.024223573568740938;0.028397033126030622;0.031140513258600958;0.028161804948685087;0.03947712385537715;0.03186492680815342;0.02771476265740283;0.03282107809733873;0.026697669328863964;0.033915408521923006;0.037374635771692;0.047805903520855175;0.03341601077705347;0.044103919367133225;0.023662836997045193;0.03854740831459706;0.042828945091793996;0.04438752628596605;0.026910085098080502;0.0410778341879496;0.036240327072727986;0.04540441324678602;0.03313101948578756;0.03414863544990425,0.49924081563949585;0.4993351101875305;0.4948933720588684;0.4970279932022095;0.5226290822029114;0.4869017004966736;0.4921557903289795;0.5179890990257263;0.49804794788360596;0.5060576796531677;0.5140811800956726;0.4982505440711975;0.5050853490829468;0.4991442561149597;0.5084092617034912;0.5206860303878784;0.4872993230819702;0.4909076690673828;0.5119396448135376;0.5348219275474548;0.533428966999054;0.5349695682525635;0.5037561058998108;0.4856269955635071;0.4930936098098755;0.4866124987602234;0.48587721586227417;0.4876185655593872;0.5186606049537659;0.5170036554336548;0.49603891372680664;0.5144087672233582;0.5228495001792908;0.48429346084594727;0.49979299306869507;0.5052623748779297;0.4945736527442932;0.4892444610595703;0.4968630075454712;0.4846597909927368;0.5215426087379456;0.5107139348983765;0.4936788082122803;0.5360509157180786;0.4969704747200012;0.5164966583251953;0.5001499056816101;0.49112653732299805;0.5127565264701843;0.4913891553878784;0.48737066984176636;0.48225998878479004;0.5249004364013672;0.48679250478744507;0.5226796269416809;0.4883151054382324;0.5263108611106873;0.49904489517211914;0.5088635683059692;0.5012344121932983;0.4867055416107178;0.4927937388420105;0.5147210955619812;0.5033809542655945,64,0,0,"{'solver_error': 0, 'short_solution': 0, 'duplicate': 0, 'goal_error': 0, 'joint_limit': 0, 'workspace': 0, 'obstacle_clearance': 0, 'obstacle_contact': 0, 'self_collision': 0}",0.2823653800664721,1.1543696213531646e-08,0.1336199875872602,filtered,0,0,1,0,0,0,1,2,1.0,1.0,0.874454915523529,0.0,1.0,0.2991834027805923,0,0,0,0,0.2823653800664721,0.0,filtered,osqp optimal,0.12528637977294205,0,1,12,workspace_x_upper,workspace_x_upper,,,0,0,1,solved,osqp,2.3140180882563754e-09,valid,0.2991834027805923,1.1708244879812755,8.35856574e-20|0.0978642089|0.0978642089|0.193309847|0.275377571|0.287884121,,,,,,,,,,0.013402184005826712,0.0035737979924306273,0.0018393050413578749,0.0021535520208999515
18,0.9500000000000001,-0.13468605153679278,0.05493815615773201,0.2785097360610962,0.49282306432724,0.037306759506464005,1.0,1,0,0,0,0,0,0,,0,0,,-1,-1,nan,not_applicable,,,nan,0,0.8160191178321838,0.9638197422027588,4.0320868492126465,0.8466046452522278,0.8466046452522278,0.291859447918467,0.2785097360610962,0.013349711857370827,0.23756291847078262,0.29477168754309263,0.20762458093812286,0.2672319994684211,-0.05960741853029822,0.20762458091136182,0,0,disabled,0.0,1,TRACK,direct_path,0,2.1059870589524508,2.1059870589524508,64,1,1,1,63,1.6055824188218712,0.4594847857952118,0.027664615741452746;0.027772363568479952;0.03231736983492143;0.029610638647477858;0.027155821718763906;0.037494046402239085;0.03260085185403268;0.03370170428810021;0.030948871757147986;0.027403924578462135;0.02387662031039598;0.029083585160161834;0.04096181776326708;0.04572105564332325;0.027759059234574904;0.0395177607603307;0.04325219495582453;0.03614832171062387;0.04202794225209264;0.029260023440258548;0.04695218008403328;0.033178444270870695;0.03593196225510018;0.03674876023100892;0.032627143580065604;0.04228636296182723;0.04208617670378579;0.04319845918109746;0.04044551802164729;0.033542087134389116;0.0316743298616319;0.025954854466811384;0.0283987052481133;0.040229415647231835;0.04107151242701295;0.024108629079600905;0.03178824038703049;0.036260560911725595;0.02942951494153127;0.0470458789700091;0.024223573568740938;0.028397033126030622;0.031140513258600958;0.028161804948685087;0.03947712385537715;0.03186492680815342;0.02771476265740283;0.03282107809733873;0.026697669328863964;0.033915408521923006;0.037374635771692;0.047805903520855175;0.03341601077705347;0.044103919367133225;0.023662836997045193;0.03854740831459706;0.042828945091793996;0.04438752628596605;0.026910085098080502;0.0410778341879496;0.036240327072727986;0.04540441324678602;0.03313101948578756;0.03414863544990425,0.49924081563949585;0.4993351101875305;0.4948933720588684;0.4970279932022095;0.5226290822029114;0.4869017004966736;0.4921557903289795;0.5179890990257263;0.49804794788360596;0.5060576796531677;0.5140811800956726;0.4982505440711975;0.5050853490829468;0.4991442561149597;0.5084092617034912;0.5206860303878784;0.4872993230819702;0.4909076690673828;0.5119396448135376;0.5348219275474548;0.533428966999054;0.5349695682525635;0.5037561058998108;0.4856269955635071;0.4930936098098755;0.4866124987602234;0.48587721586227417;0.4876185655593872;0.5186606049537659;0.5170036554336548;0.49603891372680664;0.5144087672233582;0.5228495001792908;0.48429346084594727;0.49979299306869507;0.5052623748779297;0.4945736527442932;0.4892444610595703;0.4968630075454712;0.4846597909927368;0.5215426087379456;0.5107139348983765;0.4936788082122803;0.5360509157180786;0.4969704747200012;0.5164966583251953;0.5001499056816101;0.49112653732299805;0.5127565264701843;0.4913891553878784;0.48737066984176636;0.48225998878479004;0.5249004364013672;0.48679250478744507;0.5226796269416809;0.4883151054382324;0.5263108611106873;0.49904489517211914;0.5088635683059692;0.5012344121932983;0.4867055416107178;0.4927937388420105;0.5147210955619812;0.5033809542655945,64,0,0,"{'solver_error': 0, 'short_solution': 0, 'duplicate': 0, 'goal_error': 0, 'joint_limit': 0, 'workspace': 0, 'obstacle_clearance': 0, 'obstacle_contact': 0, 'self_collision': 0}",0.2823653800664721,1.1543696213531646e-08,0.1432736868977792,filtered,0,0,1,0,0,0,1,2,1.0,1.0,0.8466046452522278,0.0,1.0,0.30123657521975145,0,0,0,0,0.2823653800664721,0.0,filtered,osqp optimal,0.1221187580140468,0,1,12,workspace_x_upper,workspace_x_upper,,,0,0,1,solved,osqp,2.4543206494920256e-09,valid,0.30123657521975145,1.183218265268836,0|0.0875634536|0.0875634536|0.197544498|0.280578993|0.292540569,,,,,,,,,,0.018466589972376823,0.004893764038570225,0.0024310461012646556,0.002478554961271584
19,1.0,-0.11206894552786366,0.05441669374704361,0.26484525203704834,0.494942307472229,0.03691515326499939,1.0,1,0,0,0,0,0,0,,0,0,,-1,-1,nan,not_applicable,,,nan,0,0.7988834977149963,0.8767435550689697,3.141075372695923,0.8231583833694458,0.8231583833694458,0.278509728569758,0.26484525203704834,0.013664476532709635,0.23794988923261814,0.294260187978529,0.21463623792973135,0.27341839469016327,-0.058782156760431914,0.2146362321564587,0,0,disabled,0.0,1,TRACK,direct_path,0,2.1059870589524508,2.1059870589524508,64,1,1,1,63,1.6055824188218712,0.4594847857952118,0.027664615741452746;0.027772363568479952;0.03231736983492143;0.029610638647477858;0.027155821718763906;0.037494046402239085;0.03260085185403268;0.03370170428810021;0.030948871757147986;0.027403924578462135;0.02387662031039598;0.029083585160161834;0.04096181776326708;0.04572105564332325;0.027759059234574904;0.0395177607603307;0.04325219495582453;0.03614832171062387;0.04202794225209264;0.029260023440258548;0.04695218008403328;0.033178444270870695;0.03593196225510018;0.03674876023100892;0.032627143580065604;0.04228636296182723;0.04208617670378579;0.04319845918109746;0.04044551802164729;0.033542087134389116;0.0316743298616319;0.025954854466811384;0.0283987052481133;0.040229415647231835;0.04107151242701295;0.024108629079600905;0.03178824038703049;0.036260560911725595;0.02942951494153127;0.0470458789700091;0.024223573568740938;0.028397033126030622;0.031140513258600958;0.028161804948685087;0.03947712385537715;0.03186492680815342;0.02771476265740283;0.03282107809733873;0.026697669328863964;0.033915408521923006;0.037374635771692;0.047805903520855175;0.03341601077705347;0.044103919367133225;0.023662836997045193;0.03854740831459706;0.042828945091793996;0.04438752628596605;0.026910085098080502;0.0410778341879496;0.036240327072727986;0.04540441324678602;0.03313101948578756;0.03414863544990425,0.49924081563949585;0.4993351101875305;0.4948933720588684;0.4970279932022095;0.5226290822029114;0.4869017004966736;0.4921557903289795;0.5179890990257263;0.49804794788360596;0.5060576796531677;0.5140811800956726;0.4982505440711975;0.5050853490829468;0.4991442561149597;0.5084092617034912;0.5206860303878784;0.4872993230819702;0.4909076690673828;0.5119396448135376;0.5348219275474548;0.533428966999054;0.5349695682525635;0.5037561058998108;0.4856269955635071;0.4930936098098755;0.4866124987602234;0.48587721586227417;0.4876185655593872;0.5186606049537659;0.5170036554336548;0.49603891372680664;0.5144087672233582;0.5228495001792908;0.48429346084594727;0.49979299306869507;0.5052623748779297;0.4945736527442932;0.4892444610595703;0.4968630075454712;0.4846597909927368;0.5215426087379456;0.5107139348983765;0.4936788082122803;0.5360509157180786;0.4969704747200012;0.5164966583251953;0.5001499056816101;0.49112653732299805;0.5127565264701843;0.4913891553878784;0.48737066984176636;0.48225998878479004;0.5249004364013672;0.48679250478744507;0.5226796269416809;0.4883151054382324;0.5263108611106873;0.49904489517211914;0.5088635683059692;0.5012344121932983;0.4867055416107178;0.4927937388420105;0.5147210955619812;0.5033809542655945,64,0,0,"{'solver_error': 0, 'short_solution': 0, 'duplicate': 0, 'goal_error': 0, 'joint_limit': 0, 'workspace': 0, 'obstacle_clearance': 0, 'obstacle_contact': 0, 'self_collision': 0}",0.2823653800664721,1.1543696213531646e-08,0.14424532005451507,filtered,0,0,1,0,0,0,1,2,1.0,1.0,0.8231583833694458,0.0,1.0,0.30308130142525513,0,0,0,0,0.2823653800664721,0.0,filtered,osqp optimal,0.11313171216715798,0,1,12,workspace_x_upper,workspace_x_upper,,,0,0,1,solved,osqp,2.041287229526123e-09,valid,0.30308130142525513,1.1948356344250215,0|0.0786325543|0.0786325543|0.199161338|0.282392247|0.294524974,,,,,,,,,,0.013877823017537594,0.0036229999968782067,0.0017210219521075487,0.002465417026542127
20,1.05,-0.09344807974959422,0.054001517593860626,0.25103098154067993,0.49672067165374756,0.03659183159470558,1.0,1,0,0,0,0,0,0,,0,0,,-1,-1,nan,not_applicable,,,nan,0,0.7853589057922363,0.8109927177429199,2.4738917350769043,0.8033762574195862,0.8033762574195862,0.2648452586249854,0.25103098154067993,0.013814277084305493,0.23943195397554476,0.2915241955327115,0.22158645306133806,0.2763280055386359,-0.05474155247729784,0.221586458573227,0,0,disabled,0.0,1,TRACK,direct_path,0,2.1059870589524508,2.1059870589524508,64,1,1,1,63,1.6055824188218712,0.4594847857952118,0.027664615741452746;0.027772363568479952;0.03231736983492143;0.029610638647477858;0.027155821718763906;0.037494046402239085;0.03260085185403268;0.03370170428810021;0.030948871757147986;0.027403924578462135;0.02387662031039598;0.029083585160161834;0.04096181776326708;0.04572105564332325;0.027759059234574904;0.0395177607603307;0.04325219495582453;0.03614832171062387;0.04202794225209264;0.029260023440258548;0.04695218008403328;0.033178444270870695;0.03593196225510018;0.03674876023100892;0.032627143580065604;0.04228636296182723;0.04208617670378579;0.04319845918109746;0.04044551802164729;0.033542087134389116;0.0316743298616319;0.025954854466811384;0.0283987052481133;0.040229415647231835;0.04107151242701295;0.024108629079600905;0.03178824038703049;0.036260560911725595;0.02942951494153127;0.0470458789700091;0.024223573568740938;0.028397033126030622;0.031140513258600958;0.028161804948685087;0.03947712385537715;0.03186492680815342;0.02771476265740283;0.03282107809733873;0.026697669328863964;0.033915408521923006;0.037374635771692;0.047805903520855175;0.03341601077705347;0.044103919367133225;0.023662836997045193;0.03854740831459706;0.042828945091793996;0.04438752628596605;0.026910085098080502;0.0410778341879496;0.036240327072727986;0.04540441324678602;0.03313101948578756;0.03414863544990425,0.49924081563949585;0.4993351101875305;0.4948933720588684;0.4970279932022095;0.5226290822029114;0.4869017004966736;0.4921557903289795;0.5179890990257263;0.49804794788360596;0.5060576796531677;0.5140811800956726;0.4982505440711975;0.5050853490829468;0.4991442561149597;0.5084092617034912;0.5206860303878784;0.4872993230819702;0.4909076690673828;0.5119396448135376;0.5348219275474548;0.533428966999054;0.5349695682525635;0.5037561058998108;0.4856269955635071;0.4930936098098755;0.4866124987602234;0.48587721586227417;0.4876185655593872;0.5186606049537659;0.5170036554336548;0.49603891372680664;0.5144087672233582;0.5228495001792908;0.48429346084594727;0.49979299306869507;0.5052623748779297;0.4945736527442932;0.4892444610595703;0.4968630075454712;0.4846597909927368;0.5215426087379456;0.5107139348983765;0.4936788082122803;0.5360509157180786;0.4969704747200012;0.5164966583251953;0.5001499056816101;0.49112653732299805;0.5127565264701843;0.4913891553878784;0.48737066984176636;0.48225998878479004;0.5249004364013672;0.48679250478744507;0.5226796269416809;0.4883151054382324;0.5263108611106873;0.49904489517211914;0.5088635683059692;0.5012344121932983;0.4867055416107178;0.4927937388420105;0.5147210955619812;0.5033809542655945,64,0,0,"{'solver_error': 0, 'short_solution': 0, 'duplicate': 0, 'goal_error': 0, 'joint_limit': 0, 'workspace': 0, 'obstacle_clearance': 0, 'obstacle_contact': 0, 'self_collision': 0}",0.2823653800664721,1.1543696213531646e-08,0.1374361416378636,filtered,0,0,1,0,0,0,1,2,1.0,1.0,0.8033762574195862,0.0,1.0,0.30465592345667697,0,0,0,0,0.2823653800664721,0.0,filtered,osqp optimal,0.09944160750523624,0,1,12,workspace_x_upper,workspace_x_upper,,,0,0,1,solved,osqp,1.3319504388320524e-09,valid,0.30465592345667697,1.2057268424960466,2.33467153e-19|0.0709965429|0.0709965429|0.198497153|0.281288095|0.293920171,,,,,,,,,,0.01837926497682929,0.004415203933604062,0.002581431996077299,0.0034876640420407057
21,1.1,-0.07873523236730692,0.05369451269507408,0.23721741139888763,0.49814367294311523,0.03633654862642288,1.0,1,0,0,0,0,0,0,,0,0,,-1,-1,nan,not_applicable,,,nan,0,0.7743451595306396,0.7565949559211731,2.0079150199890137,0.7866281867027283,0.7866281867027283,0.251030975005056,0.23721741139888763,0.013813563606168366,0.2419665150767949,0.2868671980195751,0.2286619749160021,0.27626021608622575,-0.047598241170223654,0.22866196896275812,0,0,disabled,0.0,1,TRACK,direct_path,0,2.1059870589524508,2.1059870589524508,64,1,1,1,63,1.6055824188218712,0.4594847857952118,0.027664615741452746;0.027772363568479952;0.03231736983492143;0.029610638647477858;0.027155821718763906;0.037494046402239085;0.03260085185403268;0.03370170428810021;0.030948871757147986;0.027403924578462135;0.02387662031039598;0.029083585160161834;0.04096181776326708;0.04572105564332325;0.027759059234574904;0.0395177607603307;0.04325219495582453;0.03614832171062387;0.04202794225209264;0.029260023440258548;0.04695218008403328;0.033178444270870695;0.03593196225510018;0.03674876023100892;0.032627143580065604;0.04228636296182723;0.04208617670378579;0.04319845918109746;0.04044551802164729;0.033542087134389116;0.0316743298616319;0.025954854466811384;0.0283987052481133;0.040229415647231835;0.04107151242701295;0.024108629079600905;0.03178824038703049;0.036260560911725595;0.02942951494153127;0.0470458789700091;0.024223573568740938;0.028397033126030622;0.031140513258600958;0.028161804948685087;0.03947712385537715;0.03186492680815342;0.02771476265740283;0.03282107809733873;0.026697669328863964;0.033915408521923006;0.037374635771692;0.047805903520855175;0.03341601077705347;0.044103919367133225;0.023662836997045193;0.03854740831459706;0.042828945091793996;0.04438752628596605;0.026910085098080502;0.0410778341879496;0.036240327072727986;0.04540441324678602;0.03313101948578756;0.03414863544990425,0.49924081563949585;0.4993351101875305;0.4948933720588684;0.4970279932022095;0.5226290822029114;0.4869017004966736;0.4921557903289795;0.5179890990257263;0.49804794788360596;0.5060576796531677;0.5140811800956726;0.4982505440711975;0.5050853490829468;0.4991442561149597;0.5084092617034912;0.5206860303878784;0.4872993230819702;0.4909076690673828;0.5119396448135376;0.5348219275474548;0.533428966999054;0.5349695682525635;0.5037561058998108;0.4856269955635071;0.4930936098098755;0.4866124987602234;0.48587721586227417;0.4876185655593872;0.5186606049537659;0.5170036554336548;0.49603891372680664;0.5144087672233582;0.5228495001792908;0.48429346084594727;0.49979299306869507;0.5052623748779297;0.4945736527442932;0.4892444610595703;0.4968630075454712;0.4846597909927368;0.5215426087379456;0.5107139348983765;0.4936788082122803;0.5360509157180786;0.4969704747200012;0.5164966583251953;0.5001499056816101;0.49112653732299805;0.5127565264701843;0.4913891553878784;0.48737066984176636;0.48225998878479004;0.5249004364013672;0.48679250478744507;0.5226796269416809;0.4883151054382324;0.5263108611106873;0.49904489517211914;0.5088635683059692;0.5012344121932983;0.4867055416107178;0.4927937388420105;0.5147210955619812;0.5033809542655945,64,0,0,"{'solver_error': 0, 'short_solution': 0, 'duplicate': 0, 'goal_error': 0, 'joint_limit': 0, 'workspace': 0, 'obstacle_clearance': 0, 'obstacle_contact': 0, 'self_collision': 0}",0.2823653800664721,1.1543696213531646e-08,0.12377961955788797,filtered,0,0,1,0,0,0,1,2,1.0,1.0,0.7866281867027283,0.0,1.0,0.3059244975870301,0,0,0,0,0.2823653800664721,0.0,filtered,osqp optimal,0.08195059148768094,0,1,12,workspace_x_upper,workspace_x_upper,,,0,0,1,solved,osqp,5.506563330315295e-10,valid,0.3059244975870301,1.2159238076272842,0|0.0647726893|0.0647726893|0.195973785|0.277760954|0.291041406,,,,,,,,,,0.014251602930016816,0.004056912031956017,0.0017585649620741606,0.0022469699615612626
22,1.1500000000000001,-0.06835808398120669,0.053492918610572815,0.22357121109962463,0.4992123246192932,0.03614681214094162,1.0,1,0,0,0,0,0,0,,0,0,,-1,-1,nan,not_applicable,,,nan,0,0.7637178301811218,0.7059890627861023,1.981026530265808,0.7723871469497681,0.7723871469497681,0.23721740794654167,0.22357121109962463,0.013646196846917036,0.24554234984941656,0.2799242523435212,0.23600902534996346,0.2728206379141501,-0.03681161256418666,0.23600902191520376,0,0,disabled,0.0,1,TRACK,direct_path,0,2.1059870589524508,2.1059870589524508,64,1,1,1,63,1.6055824188218712,0.4594847857952118,0.027664615741452746;0.027772363568479952;0.03231736983492143;0.029610638647477858;0.027155821718763906;0.037494046402239085;0.03260085185403268;0.03370170428810021;0.030948871757147986;0.027403924578462135;0.02387662031039598;0.029083585160161834;0.04096181776326708;0.04572105564332325;0.027759059234574904;0.0395177607603307;0.04325219495582453;0.03614832171062387;0.04202794225209264;0.029260023440258548;0.04695218008403328;0.033178444270870695;0.03593196225510018;0.03674876023100892;0.032627143580065604;0.04228636296182723;0.04208617670378579;0.04319845918109746;0.04044551802164729;0.033542087134389116;0.0316743298616319;0.025954854466811384;0.0283987052481133;0.040229415647231835;0.04107151242701295;0.024108629079600905;0.03178824038703049;0.036260560911725595;0.02942951494153127;0.0470458789700091;0.024223573568740938;0.028397033126030622;0.031140513258600958;0.028161804948685087;0.03947712385537715;0.03186492680815342;0.02771476265740283;0.03282107809733873;0.026697669328863964;0.033915408521923006;0.037374635771692;0.047805903520855175;0.03341601077705347;0.044103919367133225;0.023662836997045193;0.03854740831459706;0.042828945091793996;0.04438752628596605;0.026910085098080502;0.0410778341879496;0.036240327072727986;0.04540441324678602;0.03313101948578756;0.03414863544990425,0.49924081563949585;0.4993351101875305;0.4948933720588684;0.4970279932022095;0.5226290822029114;0.4869017004966736;0.4921557903289795;0.5179890990257263;0.49804794788360596;0.5060576796531677;0.5140811800956726;0.4982505440711975;0.5050853490829468;0.4991442561149597;0.5084092617034912;0.5206860303878784;0.4872993230819702;0.4909076690673828;0.5119396448135376;0.5348219275474548;0.533428966999054;0.5349695682525635;0.5037561058998108;0.4856269955635071;0.4930936098098755;0.4866124987602234;0.48587721586227417;0.4876185655593872;0.5186606049537659;0.5170036554336548;0.49603891372680664;0.5144087672233582;0.5228495001792908;0.48429346084594727;0.49979299306869507;0.5052623748779297;0.4945736527442932;0.4892444610595703;0.4968630075454712;0.4846597909927368;0.5215426087379456;0.5107139348983765;0.4936788082122803;0.5360509157180786;0.4969704747200012;0.5164966583251953;0.5001499056816101;0.49112653732299805;0.5127565264701843;0.4913891553878784;0.48737066984176636;0.48225998878479004;0.5249004364013672;0.48679250478744507;0.5226796269416809;0.4883151054382324;0.5263108611106873;0.49904489517211914;0.5088635683059692;0.5012344121932983;0.4867055416107178;0.4927937388420105;0.5147210955619812;0.5033809542655945,64,0,0,"{'solver_error': 0, 'short_solution': 0, 'duplicate': 0, 'goal_error': 0, 'joint_limit': 0, 'workspace': 0, 'obstacle_clearance': 0, 'obstacle_contact': 0, 'self_collision': 0}",0.2823653800664721,1.1543696213531646e-08,0.10417957667038263,filtered,0,0,1,0,0,0,1,2,1.0,1.0,0.7723871469497681,0.0,1.0,0.3068712887008567,0,0,0,0,0.2823653800664721,0.0,filtered,osqp optimal,0.06140633383217072,0,1,12,workspace_x_upper|joint_2_velocity_lower,workspace_x_upper,,,0,0,1,solved,osqp,9.87577949973506e-10,valid,0.3068712887008567,1.2254479677346872,0|0.0601817505|0.0601817505|0.191973104|0.272258685|0.286218407,,,,,,,,,,0.017471247003413737,0.004469831008464098,0.00248134508728981,0.002630900009535253
23,1.2000000000000002,-0.061330195261961096,0.053390949964523315,0.2102019339799881,0.4999406933784485,0.03601846098899841,1.0,1,0,0,0,0,0,0,,0,0,,-1,-1,nan,not_applicable,,,nan,0,0.754569947719574,0.660889208316803,1.4065455198287964,0.7602067589759827,0.7602067589759827,0.2235712125423913,0.2102019339799881,0.013369278562403192,0.2501736138374148,0.2719371310529632,0.2437332027761512,0.26728114111374074,-0.02354793833758953,0.24373320434902876,0,0,disabled,0.0,1,TRACK,direct_path,0,2.1059870589524508,2.1059870589524508,64,1,1,1,63,1.6055824188218712,0.4594847857952118,0.027664615741452746;0.027772363568479952;0.03231736983492143;0.029610638647477858;0.027155821718763906;0.037494046402239085;0.03260085185403268;0.03370170428810021;0.030948871757147986;0.027403924578462135;0.02387662031039598;0.029083585160161834;0.04096181776326708;0.04572105564332325;0.027759059234574904;0.0395177607603307;0.04325219495582453;0.03614832171062387;0.04202794225209264;0.029260023440258548;0.04695218008403328;0.033178444270870695;0.03593196225510018;0.03674876023100892;0.032627143580065604;0.04228636296182723;0.04208617670378579;0.04319845918109746;0.04044551802164729;0.033542087134389116;0.0316743298616319;0.025954854466811384;0.0283987052481133;0.040229415647231835;0.04107151242701295;0.024108629079600905;0.03178824038703049;0.036260560911725595;0.02942951494153127;0.0470458789700091;0.024223573568740938;0.028397033126030622;0.031140513258600958;0.028161804948685087;0.03947712385537715;0.03186492680815342;0.02771476265740283;0.03282107809733873;0.026697669328863964;0.033915408521923006;0.037374635771692;0.047805903520855175;0.03341601077705347;0.044103919367133225;0.023662836997045193;0.03854740831459706;0.042828945091793996;0.04438752628596605;0.026910085098080502;0.0410778341879496;0.036240327072727986;0.04540441324678602;0.03313101948578756;0.03414863544990425,0.49924081563949585;0.4993351101875305;0.4948933720588684;0.4970279932022095;0.5226290822029114;0.4869017004966736;0.4921557903289795;0.5179890990257263;0.49804794788360596;0.5060576796531677;0.5140811800956726;0.4982505440711975;0.5050853490829468;0.4991442561149597;0.5084092617034912;0.5206860303878784;0.4872993230819702;0.4909076690673828;0.5119396448135376;0.5348219275474548;0.533428966999054;0.5349695682525635;0.5037561058998108;0.4856269955635071;0.4930936098098755;0.4866124987602234;0.48587721586227417;0.4876185655593872;0.5186606049537659;0.5170036554336548;0.49603891372680664;0.5144087672233582;0.5228495001792908;0.48429346084594727;0.49979299306869507;0.5052623748779297;0.4945736527442932;0.4892444610595703;0.4968630075454712;0.4846597909927368;0.5215426087379456;0.5107139348983765;0.4936788082122803;0.5360509157180786;0.4969704747200012;0.5164966583251953;0.5001499056816101;0.49112653732299805;0.5127565264701843;0.4913891553878784;0.48737066984176636;0.48225998878479004;0.5249004364013672;0.48679250478744507;0.5226796269416809;0.4883151054382324;0.5263108611106873;0.49904489517211914;0.5088635683059692;0.5012344121932983;0.4867055416107178;0.4927937388420105;0.5147210955619812;0.5033809542655945,64,0,0,"{'solver_error': 0, 'short_solution': 0, 'duplicate': 0, 'goal_error': 0, 'joint_limit': 0, 'workspace': 0, 'obstacle_clearance': 0, 'obstacle_contact': 0, 'self_collision': 0}",0.2823653800664721,1.1543696213531646e-08,0.07950201408020616,filtered,0,0,1,0,0,0,1,2,1.0,1.0,0.7602067589759827,0.0,1.0,0.3074970996132165,0,0,0,0,0.2823653800664721,0.0,filtered,osqp optimal,0.03848586349279338,0,1,12,workspace_x_upper|joint_2_velocity_lower,workspace_x_upper,,,0,0,1,solved,osqp,3.8284656694864694e-10,valid,0.3074970996132165,1.2343056177559923,1.75816811e-18|0.0574198543|0.0574198543|0.186296524|0.264504324|0.2790858,,,,,,,,,,0.013097414979711175,0.003627124009653926,0.0016395719721913338,0.00202137790620327
24,1.25,-0.0569069045357572,0.05338205024600029,0.1971786916255951,0.5003483891487122,0.03594695404171944,1.0,1,0,0,0,0,0,0,,0,0,,-1,-1,nan,not_applicable,,,nan,0,0.7476986050605774,0.6180053949356079,1.1964190006256104,0.749753475189209,0.749753475189209,0.2102019350522947,0.1971786916255951,0.01302324342669961,0.2559074913108441,0.2636759539742191,0.2519337165388454,0.2604243750008955,-0.008490658462050105,0.25193371782403906,0,0,disabled,0.0,1,TRACK,direct_path,0,2.1059870589524508,2.1059870589524508,64,1,1,1,63,1.6055824188218712,0.4594847857952118,0.027664615741452746;0.027772363568479952;0.03231736983492143;0.029610638647477858;0.027155821718763906;0.037494046402239085;0.03260085185403268;0.03370170428810021;0.030948871757147986;0.027403924578462135;0.02387662031039598;0.029083585160161834;0.04096181776326708;0.04572105564332325;0.027759059234574904;0.0395177607603307;0.04325219495582453;0.03614832171062387;0.04202794225209264;0.029260023440258548;0.04695218008403328;0.033178444270870695;0.03593196225510018;0.03674876023100892;0.032627143580065604;0.04228636296182723;0.04208617670378579;0.04319845918109746;0.04044551802164729;0.033542087134389116;0.0316743298616319;0.025954854466811384;0.0283987052481133;0.040229415647231835;0.04107151242701295;0.024108629079600905;0.03178824038703049;0.036260560911725595;0.02942951494153127;0.0470458789700091;0.024223573568740938;0.028397033126030622;0.031140513258600958;0.028161804948685087;0.03947712385537715;0.03186492680815342;0.02771476265740283;0.03282107809733873;0.026697669328863964;0.033915408521923006;0.037374635771692;0.047805903520855175;0.03341601077705347;0.044103919367133225;0.023662836997045193;0.03854740831459706;0.042828945091793996;0.04438752628596605;0.026910085098080502;0.0410778341879496;0.036240327072727986;0.04540441324678602;0.03313101948578756;0.03414863544990425,0.49924081563949585;0.4993351101875305;0.4948933720588684;0.4970279932022095;0.5226290822029114;0.4869017004966736;0.4921557903289795;0.5179890990257263;0.49804794788360596;0.5060576796531677;0.5140811800956726;0.4982505440711975;0.5050853490829468;0.4991442561149597;0.5084092617034912;0.5206860303878784;0.4872993230819702;0.4909076690673828;0.5119396448135376;0.5348219275474548;0.533428966999054;0.5349695682525635;0.5037561058998108;0.4856269955635071;0.4930936098098755;0.4866124987602234;0.48587721586227417;0.4876185655593872;0.5186606049537659;0.5170036554336548;0.49603891372680664;0.5144087672233582;0.5228495001792908;0.48429346084594727;0.49979299306869507;0.5052623748779297;0.4945736527442932;0.4892444610595703;0.4968630075454712;0.4846597909927368;0.5215426087379456;0.5107139348983765;0.4936788082122803;0.5360509157180786;0.4969704747200012;0.5164966583251953;0.5001499056816101;0.49112653732299805;0.5127565264701843;0.4913891553878784;0.48737066984176636;0.48225998878479004;0.5249004364013672;0.48679250478744507;0.5226796269416809;0.4883151054382324;0.5263108611106873;0.49904489517211914;0.5088635683059692;0.5012344121932983;0.4867055416107178;0.4927937388420105;0.5147210955619812;0.5033809542655945,64,0,0,"{'solver_error': 0, 'short_solution': 0, 'duplicate': 0, 'goal_error': 0, 'joint_limit': 0, 'workspace': 0, 'obstacle_clearance': 0, 'obstacle_contact': 0, 'self_collision': 0}",0.2823653800664721,1.1543696213531646e-08,0.050625521331374095,filtered,0,0,1,0,0,0,1,2,1.0,1.0,0.749753475189209,0.0,1.0,0.30781482766345464,0,0,0,0,0.2823653800664721,0.0,filtered,osqp optimal,0.013571654884289932,0,1,12,workspace_x_upper|joint_2_velocity_lower,workspace_x_upper,,,0,0,1,solved,osqp,2.5288943161783095e-10,valid,0.30781482766345464,1.2425173271167187,3.28507191e-18|0.0564997293|0.0564997293|0.179999498|0.255809011|0.270938258,,,,,,,,,,0.015583286993205547,0.004224946955218911,0.002060116035863757,0.0023286190116778016
25,1.3,-0.047064566122196116,0.053416501730680466,0.1841536909341812,0.5005902647972107,0.035904645919799805,1.0,1,0,0,0,0,0,0,,0,0,,-1,-1,nan,not_applicable,,,nan,0,0.7407578825950623,0.48381689190864563,5.276252269744873,0.7407578825950623,0.7407578825950623,0.19717869486827186,0.1841536909341812,0.013025003934090645,0.2628153499705262,0.2628153499065513,0.260706093791608,0.2607060935911382,2.004697519097931e-10,0.26070609807901646,0,0,disabled,0.0,1,TRACK,direct_path,0,2.1059870589524508,2.1059870589524508,64,1,1,1,63,1.6055824188218712,0.4594847857952118,0.027664615741452746;0.027772363568479952;0.03231736983492143;0.029610638647477858;0.027155821718763906;0.037494046402239085;0.03260085185403268;0.03370170428810021;0.030948871757147986;0.027403924578462135;0.02387662031039598;0.029083585160161834;0.04096181776326708;0.04572105564332325;0.027759059234574904;0.0395177607603307;0.04325219495582453;0.03614832171062387;0.04202794225209264;0.029260023440258548;0.04695218008403328;0.033178444270870695;0.03593196225510018;0.03674876023100892;0.032627143580065604;0.04228636296182723;0.04208617670378579;0.04319845918109746;0.04044551802164729;0.033542087134389116;0.0316743298616319;0.025954854466811384;0.0283987052481133;0.040229415647231835;0.04107151242701295;0.024108629079600905;0.03178824038703049;0.036260560911725595;0.02942951494153127;0.0470458789700091;0.024223573568740938;0.028397033126030622;0.031140513258600958;0.028161804948685087;0.03947712385537715;0.03186492680815342;0.02771476265740283;0.03282107809733873;0.026697669328863964;0.033915408521923006;0.037374635771692;0.047805903520855175;0.03341601077705347;0.044103919367133225;0.023662836997045193;0.03854740831459706;0.042828945091793996;0.04438752628596605;0.026910085098080502;0.0410778341879496;0.036240327072727986;0.04540441324678602;0.03313101948578756;0.03414863544990425,0.49924081563949585;0.4993351101875305;0.4948933720588684;0.4970279932022095;0.5226290822029114;0.4869017004966736;0.4921557903289795;0.5179890990257263;0.49804794788360596;0.5060576796531677;0.5140811800956726;0.4982505440711975;0.5050853490829468;0.4991442561149597;0.5084092617034912;0.5206860303878784;0.4872993230819702;0.4909076690673828;0.5119396448135376;0.5348219275474548;0.533428966999054;0.5349695682525635;0.5037561058998108;0.4856269955635071;0.4930936098098755;0.4866124987602234;0.48587721586227417;0.4876185655593872;0.5186606049537659;0.5170036554336548;0.49603891372680664;0.5144087672233582;0.5228495001792908;0.48429346084594727;0.49979299306869507;0.5052623748779297;0.4945736527442932;0.4892444610595703;0.4968630075454712;0.4846597909927368;0.5215426087379456;0.5107139348983765;0.4936788082122803;0.5360509157180786;0.4969704747200012;0.5164966583251953;0.5001499056816101;0.49112653732299805;0.5127565264701843;0.4913891553878784;0.48737066984176636;0.48225998878479004;0.5249004364013672;0.48679250478744507;0.5226796269416809;0.4883151054382324;0.5263108611106873;0.49904489517211914;0.5088635683059692;0.5012344121932983;0.4867055416107178;0.4927937388420105;0.5147210955619812;0.5033809542655945,64,0,0,"{'solver_error': 0, 'short_solution': 0, 'duplicate': 0, 'goal_error': 0, 'joint_limit': 0, 'workspace': 0, 'obstacle_clearance': 0, 'obstacle_contact': 0, 'self_collision': 0}",0.2823653800664721,1.1543696213531646e-08,0.01810148980085083,filtered,0,0,1,0,0,0,1,2,1.0,1.0,0.7407578825950623,0.0,1.0,0.3078426356066076,0,0,0,0,0.2823653800664721,0.0,passthrough,osqp optimal,5.0839611010298194e-09,0,0,12,joint_2_velocity_lower,workspace_x_upper,,,0,0,1,solved,osqp,0.0,valid,0.3078426356066076,1.2501152384790184,0|0.0573097852|0.0573097852|0.173672306|0.246929496|0.262522331,,,,,,,,,,0.014500300982035697,0.003998103900812566,0.0018138689920306206,0.0022006259532645345
26,1.35,-0.02998374014691993,0.05344519019126892,0.1707036942243576,0.500819742679596,0.035864587873220444,1.0,1,0,0,0,0,0,0,,0,0,,-1,-1,nan,not_applicable,,,nan,0,0.7331992387771606,0.48391851782798767,5.630643844604492,0.7331992387771606,0.7331992387771606,0.18415369631739606,0.1707036942243576,0.013450002093038455,0.27020010727672716,0.2702001071911611,0.2693548968890164,0.2693548966989871,1.900293256085206e-10,0.26935490476284873,0,0,disabled,0.0,1,TRACK,direct_path,0,2.1059870589524508,2.1059870589524508,64,1,1,1,63,1.6055824188218712,0.4594847857952118,0.027664615741452746;0.027772363568479952;0.03231736983492143;0.029610638647477858;0.027155821718763906;0.037494046402239085;0.03260085185403268;0.03370170428810021;0.030948871757147986;0.027403924578462135;0.02387662031039598;0.029083585160161834;0.04096181776326708;0.04572105564332325;0.027759059234574904;0.0395177607603307;0.04325219495582453;0.03614832171062387;0.04202794225209264;0.029260023440258548;0.04695218008403328;0.033178444270870695;0.03593196225510018;0.03674876023100892;0.032627143580065604;0.04228636296182723;0.04208617670378579;0.04319845918109746;0.04044551802164729;0.033542087134389116;0.0316743298616319;0.025954854466811384;0.0283987052481133;0.040229415647231835;0.04107151242701295;0.024108629079600905;0.03178824038703049;0.036260560911725595;0.02942951494153127;0.0470458789700091;0.024223573568740938;0.028397033126030622;0.031140513258600958;0.028161804948685087;0.03947712385537715;0.03186492680815342;0.02771476265740283;0.03282107809733873;0.026697669328863964;0.033915408521923006;0.037374635771692;0.047805903520855175;0.03341601077705347;0.044103919367133225;0.023662836997045193;0.03854740831459706;0.042828945091793996;0.04438752628596605;0.026910085098080502;0.0410778341879496;0.036240327072727986;0.04540441324678602;0.03313101948578756;0.03414863544990425,0.49924081563949585;0.4993351101875305;0.4948933720588684;0.4970279932022095;0.5226290822029114;0.4869017004966736;0.4921557903289795;0.5179890990257263;0.49804794788360596;0.5060576796531677;0.5140811800956726;0.4982505440711975;0.5050853490829468;0.4991442561149597;0.5084092617034912;0.5206860303878784;0.4872993230819702;0.4909076690673828;0.5119396448135376;0.5348219275474548;0.533428966999054;0.5349695682525635;0.5037561058998108;0.4856269955635071;0.4930936098098755;0.4866124987602234;0.48587721586227417;0.4876185655593872;0.5186606049537659;0.5170036554336548;0.49603891372680664;0.5144087672233582;0.5228495001792908;0.48429346084594727;0.49979299306869507;0.5052623748779297;0.4945736527442932;0.4892444610595703;0.4968630075454712;0.4846597909927368;0.5215426087379456;0.5107139348983765;0.4936788082122803;0.5360509157180786;0.4969704747200012;0.5164966583251953;0.5001499056816101;0.49112653732299805;0.5127565264701843;0.4913891553878784;0.48737066984176636;0.48225998878479004;0.5249004364013672;0.48679250478744507;0.5226796269416809;0.4883151054382324;0.5263108611106873;0.49904489517211914;0.5088635683059692;0.5012344121932983;0.4867055416107178;0.4927937388420105;0.5147210955619812;0.5033809542655945,64,0,0,"{'solver_error': 0, 'short_solution': 0, 'duplicate': 0, 'goal_error': 0, 'joint_limit': 0, 'workspace': 0, 'obstacle_clearance': 0, 'obstacle_contact': 0, 'self_collision': 0}",0.2823653800664721,1.1543696213531646e-08,6.863188661886955e-09,passthrough,0,0,1,0,0,0,1,2,1.0,1.0,0.7331992387771606,0.0,1.0,0.30773513897026694,0,0,0,0,0.2823653800664721,0.0,passthrough,osqp optimal,4.642135751628068e-09,0,0,12,joint_2_velocity_lower,workspace_x_upper,,,0,0,1,solved,osqp,0.0,valid,0.30773513897026694,1.257102026180809,0|0.0555461143|0.0555461143|0.174727376|0.246348736|0.261661987,,,,,,,,,,0.014378750929608941,0.004001272958703339,0.0018169260583817959,0.002260482986457646
27,1.4000000000000001,0.13872180053464367,0.05355117470026016,0.1484486162662506,0.5008406639099121,0.03586093708872795,1.0,1,0,0,0,0,0,0,,0,0,,-1,-1,nan,not_applicable,,,nan,0,0.807599663734436,5.992429256439209,122.04065704345703,0.8404995799064636,0.8404995799064636,0.17070370489779027,0.1484486162662506,0.02225508863153966,0.5273550433727497,0.4664027991138053,0.5246823568665338,0.46493262641684124,0.059749730449692506,0.5246823896728642,0,0,disabled,0.0,1,SERVO,direct_path,0,2.1059870589524508,2.1059870589524508,64,1,1,1,63,1.6055824188218712,0.4594847857952118,0.027664615741452746;0.027772363568479952;0.03231736983492143;0.029610638647477858;0.027155821718763906;0.037494046402239085;0.03260085185403268;0.03370170428810021;0.030948871757147986;0.027403924578462135;0.02387662031039598;0.029083585160161834;0.04096181776326708;0.04572105564332325;0.027759059234574904;0.0395177607603307;0.04325219495582453;0.03614832171062387;0.04202794225209264;0.029260023440258548;0.04695218008403328;0.033178444270870695;0.03593196225510018;0.03674876023100892;0.032627143580065604;0.04228636296182723;0.04208617670378579;0.04319845918109746;0.04044551802164729;0.033542087134389116;0.0316743298616319;0.025954854466811384;0.0283987052481133;0.040229415647231835;0.04107151242701295;0.024108629079600905;0.03178824038703049;0.036260560911725595;0.02942951494153127;0.0470458789700091;0.024223573568740938;0.028397033126030622;0.031140513258600958;0.028161804948685087;0.03947712385537715;0.03186492680815342;0.02771476265740283;0.03282107809733873;0.026697669328863964;0.033915408521923006;0.037374635771692;0.047805903520855175;0.03341601077705347;0.044103919367133225;0.023662836997045193;0.03854740831459706;0.042828945091793996;0.04438752628596605;0.026910085098080502;0.0410778341879496;0.036240327072727986;0.04540441324678602;0.03313101948578756;0.03414863544990425,0.49924081563949585;0.4993351101875305;0.4948933720588684;0.4970279932022095;0.5226290822029114;0.4869017004966736;0.4921557903289795;0.5179890990257263;0.49804794788360596;0.5060576796531677;0.5140811800956726;0.4982505440711975;0.5050853490829468;0.4991442561149597;0.5084092617034912;0.5206860303878784;0.4872993230819702;0.4909076690673828;0.5119396448135376;0.5348219275474548;0.533428966999054;0.5349695682525635;0.5037561058998108;0.4856269955635071;0.4930936098098755;0.4866124987602234;0.48587721586227417;0.4876185655593872;0.5186606049537659;0.5170036554336548;0.49603891372680664;0.5144087672233582;0.5228495001792908;0.48429346084594727;0.49979299306869507;0.5052623748779297;0.4945736527442932;0.4892444610595703;0.4968630075454712;0.4846597909927368;0.5215426087379456;0.5107139348983765;0.4936788082122803;0.5360509157180786;0.4969704747200012;0.5164966583251953;0.5001499056816101;0.49112653732299805;0.5127565264701843;0.4913891553878784;0.48737066984176636;0.48225998878479004;0.5249004364013672;0.48679250478744507;0.5226796269416809;0.4883151054382324;0.5263108611106873;0.49904489517211914;0.5088635683059692;0.5012344121932983;0.4867055416107178;0.4927937388420105;0.5147210955619812;0.5033809542655945,64,0,0,"{'solver_error': 0, 'short_solution': 0, 'duplicate': 0, 'goal_error': 0, 'joint_limit': 0, 'workspace': 0, 'obstacle_clearance': 0, 'obstacle_contact': 0, 'self_collision': 0}",0.2823653800664721,1.1543696213531646e-08,6.331342841231373e-09,passthrough,1,0,1,0,0,0,1,2,1.0,1.0,0.8404995799064636,0.0,1.0,0.30764572144165603,0,0,0,0,0.2823653800664721,0.0,filtered,osqp optimal,0.08031929390053513,0,0,12,joint_1_acceleration_lower|joint_2_velocity_lower|joint_3_acceleration_lower,workspace_x_upper,,,0,0,1,solved,osqp,0.0,valid,0.30764572144165603,1.263479723803899,0|0.049993879|0.049993879|0.183651412|0.25479431|0.269236356,,,,,,,,,,0.013818499050103128,0.003809176036156714,0.0021332340547814965,0.0022861260222271085
28,1.4500000000000002,0.16598235130978056,0.05388861894607544,0.12549430131912231,0.5008052587509155,0.036058954894542694,1.0,1,0,0,0,0,0,0,,0,0,,-1,-1,nan,not_applicable,,,nan,0,0.8352923393249512,1.196673035621643,109.9802017211914,0.8352923393249512,0.8352923393249512,0.14844861488540598,0.12549430131912231,0.022954313566283663,0.464109291535597,0.46410929135939616,0.46059109589592845,0.4605910957297096,1.6621887199974594e-10,0.46059109161158573,0,0,disabled,0.0,1,SERVO,direct_path,0,2.1059870589524508,2.1059870589524508,64,1,1,1,63,1.6055824188218712,0.4594847857952118,0.027664615741452746;0.027772363568479952;0.03231736983492143;0.029610638647477858;0.027155821718763906;0.037494046402239085;0.03260085185403268;0.03370170428810021;0.030948871757147986;0.027403924578462135;0.02387662031039598;0.029083585160161834;0.04096181776326708;0.04572105564332325;0.027759059234574904;0.0395177607603307;0.04325219495582453;0.03614832171062387;0.04202794225209264;0.029260023440258548;0.04695218008403328;0.033178444270870695;0.03593196225510018;0.03674876023100892;0.032627143580065604;0.04228636296182723;0.04208617670378579;0.04319845918109746;0.04044551802164729;0.033542087134389116;0.0316743298616319;0.025954854466811384;0.0283987052481133;0.040229415647231835;0.04107151242701295;0.024108629079600905;0.03178824038703049;0.036260560911725595;0.02942951494153127;0.0470458789700091;0.024223573568740938;0.028397033126030622;0.031140513258600958;0.028161804948685087;0.03947712385537715;0.03186492680815342;0.02771476265740283;0.03282107809733873;0.026697669328863964;0.033915408521923006;0.037374635771692;0.047805903520855175;0.03341601077705347;0.044103919367133225;0.023662836997045193;0.03854740831459706;0.042828945091793996;0.04438752628596605;0.026910085098080502;0.0410778341879496;0.036240327072727986;0.04540441324678602;0.03313101948578756;0.03414863544990425,0.49924081563949585;0.4993351101875305;0.4948933720588684;0.4970279932022095;0.5226290822029114;0.4869017004966736;0.4921557903289795;0.5179890990257263;0.49804794788360596;0.5060576796531677;0.5140811800956726;0.4982505440711975;0.5050853490829468;0.4991442561149597;0.5084092617034912;0.5206860303878784;0.4872993230819702;0.4909076690673828;0.5119396448135376;0.5348219275474548;0.533428966999054;0.5349695682525635;0.5037561058998108;0.4856269955635071;0.4930936098098755;0.4866124987602234;0.48587721586227417;0.4876185655593872;0.5186606049537659;0.5170036554336548;0.49603891372680664;0.5144087672233582;0.5228495001792908;0.48429346084594727;0.49979299306869507;0.5052623748779297;0.4945736527442932;0.4892444610595703;0.4968630075454712;0.4846597909927368;0.5215426087379456;0.5107139348983765;0.4936788082122803;0.5360509157180786;0.4969704747200012;0.5164966583251953;0.5001499056816101;0.49112653732299805;0.5127565264701843;0.4913891553878784;0.48737066984176636;0.48225998878479004;0.5249004364013672;0.48679250478744507;0.5226796269416809;0.4883151054382324;0.5263108611106873;0.49904489517211914;0.5088635683059692;0.5012344121932983;0.4867055416107178;0.4927937388420105;0.5147210955619812;0.5033809542655945,64,0,0,"{'solver_error': 0, 'short_solution': 0, 'duplicate': 0, 'goal_error': 0, 'joint_limit': 0, 'workspace': 0, 'obstacle_clearance': 0, 'obstacle_contact': 0, 'self_collision': 0}",0.2823653800664721,1.1543696213531646e-08,0.09556137304610383,filtered,2,0,1,0,0,0,1,2,1.0,1.0,0.8352923393249512,0.0,1.0,0.3073159035284223,0,0,0,0,0.2823653800664721,0.0,passthrough,osqp optimal,4.289537442917295e-09,0,0,12,joint_2_velocity_lower,workspace_x_upper,,,0,0,1,solved,osqp,0.0,valid,0.3073159035284223,1.2704847679140772,0|0.035092317|0.035092317|0.340143262|0.450003097|0.467881263,,,,,,,,,,0.012844415963627398,0.003844022983685136,0.0020233349641785026,0.002138642012141645
29,1.5,0.11823360163880348,0.05376735329627991,0.10572357475757599,0.5008101463317871,0.03586626052856445,1.0,1,0,0,0,0,0,0,,0,0,,-1,-1,nan,not_applicable,,,nan,0,0.8339277505874634,1.4666790962219238,32.682796478271484,0.8339277505874634,0.8339277505874634,0.12549430261678512,0.10572357475757599,0.019770727859209136,0.4018622605895165,0.40186225930977465,0.3968856706530263,0.3968856694408862,1.2121401105069651e-09,0.3968856747569878,0,0,disabled,0.0,1,SERVO,direct_path,0,2.1059870589524508,2.1059870589524508,64,1,1,1,63,1.6055824188218712,0.4594847857952118,0.027664615741452746;0.027772363568479952;0.03231736983492143;0.029610638647477858;0.027155821718763906;0.037494046402239085;0.03260085185403268;0.03370170428810021;0.030948871757147986;0.027403924578462135;0.02387662031039598;0.029083585160161834;0.04096181776326708;0.04572105564332325;0.027759059234574904;0.0395177607603307;0.04325219495582453;0.03614832171062387;0.04202794225209264;0.029260023440258548;0.04695218008403328;0.033178444270870695;0.03593196225510018;0.03674876023100892;0.032627143580065604;0.04228636296182723;0.04208617670378579;0.04319845918109746;0.04044551802164729;0.033542087134389116;0.0316743298616319;0.025954854466811384;0.0283987052481133;0.040229415647231835;0.04107151242701295;0.024108629079600905;0.03178824038703049;0.036260560911725595;0.02942951494153127;0.0470458789700091;0.024223573568740938;0.028397033126030622;0.031140513258600958;0.028161804948685087;0.03947712385537715;0.03186492680815342;0.02771476265740283;0.03282107809733873;0.026697669328863964;0.033915408521923006;0.037374635771692;0.047805903520855175;0.03341601077705347;0.044103919367133225;0.023662836997045193;0.03854740831459706;0.042828945091793996;0.04438752628596605;0.026910085098080502;0.0410778341879496;0.036240327072727986;0.04540441324678602;0.03313101948578756;0.03414863544990425,0.49924081563949585;0.4993351101875305;0.4948933720588684;0.4970279932022095;0.5226290822029114;0.4869017004966736;0.4921557903289795;0.5179890990257263;0.49804794788360596;0.5060576796531677;0.5140811800956726;0.4982505440711975;0.5050853490829468;0.4991442561149597;0.5084092617034912;0.5206860303878784;0.4872993230819702;0.4909076690673828;0.5119396448135376;0.5348219275474548;0.533428966999054;0.5349695682525635;0.5037561058998108;0.4856269955635071;0.4930936098098755;0.4866124987602234;0.48587721586227417;0.4876185655593872;0.5186606049537659;0.5170036554336548;0.49603891372680664;0.5144087672233582;0.5228495001792908;0.48429346084594727;0.49979299306869507;0.5052623748779297;0.4945736527442932;0.4892444610595703;0.4968630075454712;0.4846597909927368;0.5215426087379456;0.5107139348983765;0.4936788082122803;0.5360509157180786;0.4969704747200012;0.5164966583251953;0.5001499056816101;0.49112653732299805;0.5127565264701843;0.4913891553878784;0.48737066984176636;0.48225998878479004;0.5249004364013672;0.48679250478744507;0.5226796269416809;0.4883151054382324;0.5263108611106873;0.49904489517211914;0.5088635683059692;0.5012344121932983;0.4867055416107178;0.4927937388420105;0.5147210955619812;0.5033809542655945,64,0,0,"{'solver_error': 0, 'short_solution': 0, 'duplicate': 0, 'goal_error': 0, 'joint_limit': 0, 'workspace': 0, 'obstacle_clearance': 0, 'obstacle_contact': 0, 'self_collision': 0}",0.2823653800664721,1.1543696213531646e-08,5.135372660527357e-09,passthrough,3,0,1,0,0,0,1,2,1.0,1.0,0.8339277505874634,0.0,1.0,0.3068642699235705,0,0,0,0,0.2823653800664721,0.0,passthrough,osqp optimal,3.937584071925213e-09,0,0,12,joint_2_velocity_lower,workspace_x_upper,,,0,0,1,solved,osqp,0.0,valid,0.3068642699235705,1.2771310494311987,6.82916076e-20|0.0301811145|0.0301811145|0.331229581|0.445225377|0.465583425,,,,,,,,,,0.013333510956726968,0.0036804500268772244,0.002106441999785602,0.0023333869175985456
30,1.55,0.06941692864842425,0.053843915462493896,0.08901368826627731,0.5008496046066284,0.035859379917383194,1.0,1,0,0,0,0,0,0,,0,0,,-1,-1,nan,not_applicable,,,nan,0,0.8125377893447876,1.1768302917480469,12.941752433776855,0.8125373125076294,0.8125373125076294,0.10572357629753198,0.08901368826627731,0.01670988803125467,0.3433909955762374,0.3433911033390738,0.33648836548018374,0.3364884760814848,-1.1060130106210764e-07,0.33648837038143,0,0,disabled,0.0,1,SERVO,direct_path,0,2.1059870589524508,2.1059870589524508,64,1,1,1,63,1.6055824188218712,0.4594847857952118,0.027664615741452746;0.027772363568479952;0.03231736983492143;0.029610638647477858;0.027155821718763906;0.037494046402239085;0.03260085185403268;0.03370170428810021;0.030948871757147986;0.027403924578462135;0.02387662031039598;0.029083585160161834;0.04096181776326708;0.04572105564332325;0.027759059234574904;0.0395177607603307;0.04325219495582453;0.03614832171062387;0.04202794225209264;0.029260023440258548;0.04695218008403328;0.033178444270870695;0.03593196225510018;0.03674876023100892;0.032627143580065604;0.04228636296182723;0.04208617670378579;0.04319845918109746;0.04044551802164729;0.033542087134389116;0.0316743298616319;0.025954854466811384;0.0283987052481133;0.040229415647231835;0.04107151242701295;0.024108629079600905;0.03178824038703049;0.036260560911725595;0.02942951494153127;0.0470458789700091;0.024223573568740938;0.028397033126030622;0.031140513258600958;0.028161804948685087;0.03947712385537715;0.03186492680815342;0.02771476265740283;0.03282107809733873;0.026697669328863964;0.033915408521923006;0.037374635771692;0.047805903520855175;0.03341601077705347;0.044103919367133225;0.023662836997045193;0.03854740831459706;0.042828945091793996;0.04438752628596605;0.026910085098080502;0.0410778341879496;0.036240327072727986;0.04540441324678602;0.03313101948578756;0.03414863544990425,0.49924081563949585;0.4993351101875305;0.4948933720588684;0.4970279932022095;0.5226290822029114;0.4869017004966736;0.4921557903289795;0.5179890990257263;0.49804794788360596;0.5060576796531677;0.5140811800956726;0.4982505440711975;0.5050853490829468;0.4991442561149597;0.5084092617034912;0.5206860303878784;0.4872993230819702;0.4909076690673828;0.5119396448135376;0.5348219275474548;0.533428966999054;0.5349695682525635;0.5037561058998108;0.4856269955635071;0.4930936098098755;0.4866124987602234;0.48587721586227417;0.4876185655593872;0.5186606049537659;0.5170036554336548;0.49603891372680664;0.5144087672233582;0.5228495001792908;0.48429346084594727;0.49979299306869507;0.5052623748779297;0.4945736527442932;0.4892444610595703;0.4968630075454712;0.4846597909927368;0.5215426087379456;0.5107139348983765;0.4936788082122803;0.5360509157180786;0.4969704747200012;0.5164966583251953;0.5001499056816101;0.49112653732299805;0.5127565264701843;0.4913891553878784;0.48737066984176636;0.48225998878479004;0.5249004364013672;0.48679250478744507;0.5226796269416809;0.4883151054382324;0.5263108611106873;0.49904489517211914;0.5088635683059692;0.5012344121932983;0.4867055416107178;0.4927937388420105;0.5147210955619812;0.5033809542655945,64,0,0,"{'solver_error': 0, 'short_solution': 0, 'duplicate': 0, 'goal_error': 0, 'joint_limit': 0, 'workspace': 0, 'obstacle_clearance': 0, 'obstacle_contact': 0, 'self_collision': 0}",0.2823653800664721,1.1543696213531646e-08,4.721732870924811e-09,passthrough,4,0,1,0,0,0,1,2,1.0,1.0,0.8125373125076294,0.0,1.0,0.3066459888733412,0,0,0,0,0.2823653800664721,0.0,filtered,osqp optimal,6.104671113614717e-07,0,0,12,,workspace_x_upper,,,0,0,1,solved,osqp,0.0,valid,0.3066459888733412,1.2832826286802879,0|0.000779814279|0.000779814279|0.27312713|0.380065897|0.402606098,,,,,,,,,,0.013215760001912713,0.003897450980730355,0.001996470964513719,0.0024784000124782324
31,1.6,0.018897148376130768,0.0538894347846508,0.0753447636961937,0.5009719729423523,0.0358380563557148,1.0,1,0,0,0,0,0,0,,0,0,,-1,-1,nan,not_applicable,,,nan,0,0.8312212228775024,1.5234432220458984,17.293781280517578,0.8312203288078308,0.8312203288078308,0.08901369366263269,0.0753447636961937,0.013668929966438995,0.28323858015853004,0.28323871509383486,0.2759311472308418,0.27593129004874434,-1.4281790255976645e-07,0.27593116395885925,0,0,disabled,0.0,1,SERVO,direct_path,0,2.1059870589524508,2.1059870589524508,64,1,1,1,63,1.6055824188218712,0.4594847857952118,0.027664615741452746;0.027772363568479952;0.03231736983492143;0.029610638647477858;0.027155821718763906;0.037494046402239085;0.03260085185403268;0.03370170428810021;0.030948871757147986;0.027403924578462135;0.02387662031039598;0.029083585160161834;0.04096181776326708;0.04572105564332325;0.027759059234574904;0.0395177607603307;0.04325219495582453;0.03614832171062387;0.04202794225209264;0.029260023440258548;0.04695218008403328;0.033178444270870695;0.03593196225510018;0.03674876023100892;0.032627143580065604;0.04228636296182723;0.04208617670378579;0.04319845918109746;0.04044551802164729;0.033542087134389116;0.0316743298616319;0.025954854466811384;0.0283987052481133;0.040229415647231835;0.04107151242701295;0.024108629079600905;0.03178824038703049;0.036260560911725595;0.02942951494153127;0.0470458789700091;0.024223573568740938;0.028397033126030622;0.031140513258600958;0.028161804948685087;0.03947712385537715;0.03186492680815342;0.02771476265740283;0.03282107809733873;0.026697669328863964;0.033915408521923006;0.037374635771692;0.047805903520855175;0.03341601077705347;0.044103919367133225;0.023662836997045193;0.03854740831459706;0.042828945091793996;0.04438752628596605;0.026910085098080502;0.0410778341879496;0.036240327072727986;0.04540441324678602;0.03313101948578756;0.03414863544990425,0.49924081563949585;0.4993351101875305;0.4948933720588684;0.4970279932022095;0.5226290822029114;0.4869017004966736;0.4921557903289795;0.5179890990257263;0.49804794788360596;0.5060576796531677;0.5140811800956726;0.4982505440711975;0.5050853490829468;0.4991442561149597;0.5084092617034912;0.5206860303878784;0.4872993230819702;0.4909076690673828;0.5119396448135376;0.5348219275474548;0.533428966999054;0.5349695682525635;0.5037561058998108;0.4856269955635071;0.4930936098098755;0.4866124987602234;0.48587721586227417;0.4876185655593872;0.5186606049537659;0.5170036554336548;0.49603891372680664;0.5144087672233582;0.5228495001792908;0.48429346084594727;0.49979299306869507;0.5052623748779297;0.4945736527442932;0.4892444610595703;0.4968630075454712;0.4846597909927368;0.5215426087379456;0.5107139348983765;0.4936788082122803;0.5360509157180786;0.4969704747200012;0.5164966583251953;0.5001499056816101;0.49112653732299805;0.5127565264701843;0.4913891553878784;0.48737066984176636;0.48225998878479004;0.5249004364013672;0.48679250478744507;0.5226796269416809;0.4883151054382324;0.5263108611106873;0.49904489517211914;0.5088635683059692;0.5012344121932983;0.4867055416107178;0.4927937388420105;0.5147210955619812;0.5033809542655945,64,0,0,"{'solver_error': 0, 'short_solution': 0, 'duplicate': 0, 'goal_error': 0, 'joint_limit': 0, 'workspace': 0, 'obstacle_clearance': 0, 'obstacle_contact': 0, 'self_collision': 0}",0.2823653800664721,1.1543696213531646e-08,7.513096346030751e-07,filtered,5,0,1,0,0,0,1,2,1.0,1.0,0.8312203288078308,0.0,1.0,0.30640958964099835,0,0,0,0,0.2823653800664721,0.0,filtered,osqp optimal,9.325208772729275e-07,0,0,12,,workspace_x_upper,,,0,0,1,solved,osqp,0.0,valid,0.30640958964099835,1.2888006477863707,1.91746383e-21|0.0232588229|0.0232588229|0.221387821|0.320060861|0.343585638,,,,,,,,,,0.01510006794705987,0.0043509810930117965,0.00243376602884382,0.0027698250487446785
32,1.6500000000000001,-0.083062531308471,0.05389996990561485,0.06734366714954376,0.501112163066864,0.035813651978969574,1.0,1,0,0,0,0,0,0,,0,0,,-1,-1,nan,not_applicable,,,nan,0,0.5900388360023499,4.9112629890441895,107.00041961669922,0.5717124938964844,0.5717124938964844,0.07534476494637511,0.06734366714954376,0.00800109779683135,0.15249884516047973,0.1640092273987825,0.14793449500959485,0.15854006997212886,-0.010605574962534003,0.14793449746424397,0,0,disabled,0.0,1,SERVO,direct_path,0,2.1059870589524508,2.1059870589524508,64,1,1,1,63,1.6055824188218712,0.4594847857952118,0.027664615741452746;0.027772363568479952;0.03231736983492143;0.029610638647477858;0.027155821718763906;0.037494046402239085;0.03260085185403268;0.03370170428810021;0.030948871757147986;0.027403924578462135;0.02387662031039598;0.029083585160161834;0.04096181776326708;0.04572105564332325;0.027759059234574904;0.0395177607603307;0.04325219495582453;0.03614832171062387;0.04202794225209264;0.029260023440258548;0.04695218008403328;0.033178444270870695;0.03593196225510018;0.03674876023100892;0.032627143580065604;0.04228636296182723;0.04208617670378579;0.04319845918109746;0.04044551802164729;0.033542087134389116;0.0316743298616319;0.025954854466811384;0.0283987052481133;0.040229415647231835;0.04107151242701295;0.024108629079600905;0.03178824038703049;0.036260560911725595;0.02942951494153127;0.0470458789700091;0.024223573568740938;0.028397033126030622;0.031140513258600958;0.028161804948685087;0.03947712385537715;0.03186492680815342;0.02771476265740283;0.03282107809733873;0.026697669328863964;0.033915408521923006;0.037374635771692;0.047805903520855175;0.03341601077705347;0.044103919367133225;0.023662836997045193;0.03854740831459706;0.042828945091793996;0.04438752628596605;0.026910085098080502;0.0410778341879496;0.036240327072727986;0.04540441324678602;0.03313101948578756;0.03414863544990425,0.49924081563949585;0.4993351101875305;0.4948933720588684;0.4970279932022095;0.5226290822029114;0.4869017004966736;0.4921557903289795;0.5179890990257263;0.49804794788360596;0.5060576796531677;0.5140811800956726;0.4982505440711975;0.5050853490829468;0.4991442561149597;0.5084092617034912;0.5206860303878784;0.4872993230819702;0.4909076690673828;0.5119396448135376;0.5348219275474548;0.533428966999054;0.5349695682525635;0.5037561058998108;0.4856269955635071;0.4930936098098755;0.4866124987602234;0.48587721586227417;0.4876185655593872;0.5186606049537659;0.5170036554336548;0.49603891372680664;0.5144087672233582;0.5228495001792908;0.48429346084594727;0.49979299306869507;0.5052623748779297;0.4945736527442932;0.4892444610595703;0.4968630075454712;0.4846597909927368;0.5215426087379456;0.5107139348983765;0.4936788082122803;0.5360509157180786;0.4969704747200012;0.5164966583251953;0.5001499056816101;0.49112653732299805;0.5127565264701843;0.4913891553878784;0.48737066984176636;0.48225998878479004;0.5249004364013672;0.48679250478744507;0.5226796269416809;0.4883151054382324;0.5263108611106873;0.49904489517211914;0.5088635683059692;0.5012344121932983;0.4867055416107178;0.4927937388420105;0.5147210955619812;0.5033809542655945,64,0,0,"{'solver_error': 0, 'short_solution': 0, 'duplicate': 0, 'goal_error': 0, 'joint_limit': 0, 'workspace': 0, 'obstacle_clearance': 0, 'obstacle_contact': 0, 'self_collision': 0}",0.2823653800664721,1.1543696213531646e-08,1.1218696715591472e-06,filtered,6,0,1,0,0,0,1,2,1.0,1.0,0.5717124938964844,0.0,1.0,0.3062692868058707,0,0,0,0,0.2823653800664721,0.0,filtered,osqp optimal,0.023271250756301178,0,0,12,joint_2_acceleration_upper,workspace_x_upper,,,0,0,1,solved,osqp,0.0,valid,0.3062692868058707,1.2940540496968633,0|0.052404579|0.052404579|0.163399426|0.257024353|0.282821544,,,,,,,,,,0.012917667045257986,0.0037971959682181478,0.0020250959787517786,0.0023052560864016414
33,1.7000000000000002,-0.10755256876283456,0.053889576345682144,0.06092739477753639,0.5013092160224915,0.03577939420938492,1.0,1,0,0,0,0,0,0,,0,0,,-1,-1,nan,not_applicable,,,nan,0,0.5913251638412476,0.7929136753082275,97.1600570678711,0.5913251638412476,0.5913251638412476,0.06734366582690886,0.06092739477753639,0.006416271049372466,0.13387720290240018,0.133877202901826,0.12941571433963958,0.12941571433913715,5.024314297941146e-13,0.1294157117979048,0,0,disabled,0.0,1,SERVO,direct_path,0,2.1059870589524508,2.1059870589524508,64,1,1,1,63,1.6055824188218712,0.4594847857952118,0.027664615741452746;0.027772363568479952;0.03231736983492143;0.029610638647477858;0.027155821718763906;0.037494046402239085;0.03260085185403268;0.03370170428810021;0.030948871757147986;0.027403924578462135;0.02387662031039598;0.029083585160161834;0.04096181776326708;0.04572105564332325;0.027759059234574904;0.0395177607603307;0.04325219495582453;0.03614832171062387;0.04202794225209264;0.029260023440258548;0.04695218008403328;0.033178444270870695;0.03593196225510018;0.03674876023100892;0.032627143580065604;0.04228636296182723;0.04208617670378579;0.04319845918109746;0.04044551802164729;0.033542087134389116;0.0316743298616319;0.025954854466811384;0.0283987052481133;0.040229415647231835;0.04107151242701295;0.024108629079600905;0.03178824038703049;0.036260560911725595;0.02942951494153127;0.0470458789700091;0.024223573568740938;0.028397033126030622;0.031140513258600958;0.028161804948685087;0.03947712385537715;0.03186492680815342;0.02771476265740283;0.03282107809733873;0.026697669328863964;0.033915408521923006;0.037374635771692;0.047805903520855175;0.03341601077705347;0.044103919367133225;0.023662836997045193;0.03854740831459706;0.042828945091793996;0.04438752628596605;0.026910085098080502;0.0410778341879496;0.036240327072727986;0.04540441324678602;0.03313101948578756;0.03414863544990425,0.49924081563949585;0.4993351101875305;0.4948933720588684;0.4970279932022095;0.5226290822029114;0.4869017004966736;0.4921557903289795;0.5179890990257263;0.49804794788360596;0.5060576796531677;0.5140811800956726;0.4982505440711975;0.5050853490829468;0.4991442561149597;0.5084092617034912;0.5206860303878784;0.4872993230819702;0.4909076690673828;0.5119396448135376;0.5348219275474548;0.533428966999054;0.5349695682525635;0.5037561058998108;0.4856269955635071;0.4930936098098755;0.4866124987602234;0.48587721586227417;0.4876185655593872;0.5186606049537659;0.5170036554336548;0.49603891372680664;0.5144087672233582;0.5228495001792908;0.48429346084594727;0.49979299306869507;0.5052623748779297;0.4945736527442932;0.4892444610595703;0.4968630075454712;0.4846597909927368;0.5215426087379456;0.5107139348983765;0.4936788082122803;0.5360509157180786;0.4969704747200012;0.5164966583251953;0.5001499056816101;0.49112653732299805;0.5127565264701843;0.4913891553878784;0.48737066984176636;0.48225998878479004;0.5249004364013672;0.48679250478744507;0.5226796269416809;0.4883151054382324;0.5263108611106873;0.49904489517211914;0.5088635683059692;0.5012344121932983;0.4867055416107178;0.4927937388420105;0.5147210955619812;0.5033809542655945,64,0,0,"{'solver_error': 0, 'short_solution': 0, 'duplicate': 0, 'goal_error': 0, 'joint_limit': 0, 'workspace': 0, 'obstacle_clearance': 0, 'obstacle_contact': 0, 'self_collision': 0}",0.2823653800664721,1.1543696213531646e-08,0.04070446422763454,filtered,7,0,1,0,0,0,1,2,1.0,1.0,0.5913251638412476,0.0,1.0,0.30623686039235126,0,0,0,0,0.2823653800664721,0.0,passthrough,osqp optimal,1.167216075894151e-09,0,0,12,,workspace_x_upper,,,0,0,1,solved,osqp,0.0,valid,0.30623686039235126,1.2975060528220115,1.45808607e-21|0.0534203129|0.0534203129|0.0830501002|0.144420665|0.163438927,,,,,,,,,,0.013232810073532164,0.003990988014265895,0.0018847129540517926,0.002358308993279934
34,1.75,-0.11973908848717357,0.053860146552324295,0.055269695818424225,0.5015572905540466,0.03573635220527649,1.0,1,0,0,0,0,0,0,,0,0,,-1,-1,nan,not_applicable,,,nan,0,0.6051465272903442,0.5254045128822327,8.413938522338867,0.6051465272903442,0.6051465272903442,0.0609273951057084,0.055269695818424225,0.005657699287284178,0.11892503082682497,0.11892503082682497,0.114495665952903,0.114495665952903,0.0,0.11449566656960873,0,0,disabled,0.0,1,SERVO,direct_path,0,2.1059870589524508,2.1059870589524508,64,1,1,1,63,1.6055824188218712,0.4594847857952118,0.027664615741452746;0.027772363568479952;0.03231736983492143;0.029610638647477858;0.027155821718763906;0.037494046402239085;0.03260085185403268;0.03370170428810021;0.030948871757147986;0.027403924578462135;0.02387662031039598;0.029083585160161834;0.04096181776326708;0.04572105564332325;0.027759059234574904;0.0395177607603307;0.04325219495582453;0.03614832171062387;0.04202794225209264;0.029260023440258548;0.04695218008403328;0.033178444270870695;0.03593196225510018;0.03674876023100892;0.032627143580065604;0.04228636296182723;0.04208617670378579;0.04319845918109746;0.04044551802164729;0.033542087134389116;0.0316743298616319;0.025954854466811384;0.0283987052481133;0.040229415647231835;0.04107151242701295;0.024108629079600905;0.03178824038703049;0.036260560911725595;0.02942951494153127;0.0470458789700091;0.024223573568740938;0.028397033126030622;0.031140513258600958;0.028161804948685087;0.03947712385537715;0.03186492680815342;0.02771476265740283;0.03282107809733873;0.026697669328863964;0.033915408521923006;0.037374635771692;0.047805903520855175;0.03341601077705347;0.044103919367133225;0.023662836997045193;0.03854740831459706;0.042828945091793996;0.04438752628596605;0.026910085098080502;0.0410778341879496;0.036240327072727986;0.04540441324678602;0.03313101948578756;0.03414863544990425,0.49924081563949585;0.4993351101875305;0.4948933720588684;0.4970279932022095;0.5226290822029114;0.4869017004966736;0.4921557903289795;0.5179890990257263;0.49804794788360596;0.5060576796531677;0.5140811800956726;0.4982505440711975;0.5050853490829468;0.4991442561149597;0.5084092617034912;0.5206860303878784;0.4872993230819702;0.4909076690673828;0.5119396448135376;0.5348219275474548;0.533428966999054;0.5349695682525635;0.5037561058998108;0.4856269955635071;0.4930936098098755;0.4866124987602234;0.48587721586227417;0.4876185655593872;0.5186606049537659;0.5170036554336548;0.49603891372680664;0.5144087672233582;0.5228495001792908;0.48429346084594727;0.49979299306869507;0.5052623748779297;0.4945736527442932;0.4892444610595703;0.4968630075454712;0.4846597909927368;0.5215426087379456;0.5107139348983765;0.4936788082122803;0.5360509157180786;0.4969704747200012;0.5164966583251953;0.5001499056816101;0.49112653732299805;0.5127565264701843;0.4913891553878784;0.48737066984176636;0.48225998878479004;0.5249004364013672;0.48679250478744507;0.5226796269416809;0.4883151054382324;0.5263108611106873;0.49904489517211914;0.5088635683059692;0.5012344121932983;0.4867055416107178;0.4927937388420105;0.5147210955619812;0.5033809542655945,64,0,0,"{'solver_error': 0, 'short_solution': 0, 'duplicate': 0, 'goal_error': 0, 'joint_limit': 0, 'workspace': 0, 'obstacle_clearance': 0, 'obstacle_contact': 0, 'self_collision': 0}",0.2823653800664721,1.1543696213531646e-08,1.9738988753867955e-09,passthrough,8,0,1,0,0,0,1,2,1.0,1.0,0.6051465272903442,0.0,1.0,0.3062688824587074,0,0,0,0,0.2823653800664721,0.0,passthrough,osqp optimal,1.2581978832029692e-09,0,0,12,,workspace_x_upper,,,0,0,1,solved,osqp,0.0,valid,0.3062688824587074,1.300806904436322,9.21354259e-23|0.0639177301|0.0639177301|0.0548482988|0.113200139|0.133136548,,,,,,,,,,0.014929102035239339,0.004367423010990024,0.002028492046520114,0.0029699449660256505
35,1.8,19.86940881094423,0.05381051078438759,0.05028455704450607,0.5018588900566101,0.03568413853645325,1.0,1,0,0,0,0,0,0,,0,0,,-1,-1,nan,not_applicable,,,nan,1,0.616868257522583,0.4956863522529602,1.7971923351287842,0.616868257522583,0.616868257522583,0.05526969650544805,0.05028455704450607,0.004985139460941979,0.10559171639719203,0.10559171639719203,0.10112952447543845,0.10112952447543845,0.0,0.1011295257325178,0,0,disabled,0.0,1,SERVO,direct_path,0,2.1059870589524508,2.1059870589524508,64,1,1,1,63,1.6055824188218712,0.4594847857952118,0.027664615741452746;0.027772363568479952;0.03231736983492143;0.029610638647477858;0.027155821718763906;0.037494046402239085;0.03260085185403268;0.03370170428810021;0.030948871757147986;0.027403924578462135;0.02387662031039598;0.029083585160161834;0.04096181776326708;0.04572105564332325;0.027759059234574904;0.0395177607603307;0.04325219495582453;0.03614832171062387;0.04202794225209264;0.029260023440258548;0.04695218008403328;0.033178444270870695;0.03593196225510018;0.03674876023100892;0.032627143580065604;0.04228636296182723;0.04208617670378579;0.04319845918109746;0.04044551802164729;0.033542087134389116;0.0316743298616319;0.025954854466811384;0.0283987052481133;0.040229415647231835;0.04107151242701295;0.024108629079600905;0.03178824038703049;0.036260560911725595;0.02942951494153127;0.0470458789700091;0.024223573568740938;0.028397033126030622;0.031140513258600958;0.028161804948685087;0.03947712385537715;0.03186492680815342;0.02771476265740283;0.03282107809733873;0.026697669328863964;0.033915408521923006;0.037374635771692;0.047805903520855175;0.03341601077705347;0.044103919367133225;0.023662836997045193;0.03854740831459706;0.042828945091793996;0.04438752628596605;0.026910085098080502;0.0410778341879496;0.036240327072727986;0.04540441324678602;0.03313101948578756;0.03414863544990425,0.49924081563949585;0.4993351101875305;0.4948933720588684;0.4970279932022095;0.5226290822029114;0.4869017004966736;0.4921557903289795;0.5179890990257263;0.49804794788360596;0.5060576796531677;0.5140811800956726;0.4982505440711975;0.5050853490829468;0.4991442561149597;0.5084092617034912;0.5206860303878784;0.4872993230819702;0.4909076690673828;0.5119396448135376;0.5348219275474548;0.533428966999054;0.5349695682525635;0.5037561058998108;0.4856269955635071;0.4930936098098755;0.4866124987602234;0.48587721586227417;0.4876185655593872;0.5186606049537659;0.5170036554336548;0.49603891372680664;0.5144087672233582;0.5228495001792908;0.48429346084594727;0.49979299306869507;0.5052623748779297;0.4945736527442932;0.4892444610595703;0.4968630075454712;0.4846597909927368;0.5215426087379456;0.5107139348983765;0.4936788082122803;0.5360509157180786;0.4969704747200012;0.5164966583251953;0.5001499056816101;0.49112653732299805;0.5127565264701843;0.4913891553878784;0.48737066984176636;0.48225998878479004;0.5249004364013672;0.48679250478744507;0.5226796269416809;0.4883151054382324;0.5263108611106873;0.49904489517211914;0.5088635683059692;0.5012344121932983;0.4867055416107178;0.4927937388420105;0.5147210955619812;0.5033809542655945,64,0,0,"{'solver_error': 0, 'short_solution': 0, 'duplicate': 0, 'goal_error': 0, 'joint_limit': 0, 'workspace': 0, 'obstacle_clearance': 0, 'obstacle_contact': 0, 'self_collision': 0}",0.2823653800664721,1.1543696213531646e-08,2.079162362274115e-09,passthrough,9,0,1,0,0,0,1,2,1.0,1.0,0.616868257522583,0.0,1.0,0.30635955870230025,0,0,0,0,0.2823653800664721,0.0,passthrough,osqp optimal,1.341031149262628e-09,0,0,12,,workspace_x_upper,,,0,0,1,solved,osqp,0.0,valid,0.30635955870230025,1.3039550344829571,0|0.0714472081|0.0714472081|0.0397995831|0.0973895197|0.11806107,,,,,,,,,,0.012820156058296561,0.0038703579921275377,0.0018934099934995174,0.00209326995536685
