step,time,reward,cost,goal_error_norm,d_min,risk_global,beta,closest_link,safety_violation,collision,collision_capsule_overlap,collision_pybullet_contact,collision_contact_link_indices,collision_contact_link_names,collision_min_contact_distance,success,qdot_norm,acc_norm,jerk_norm,qdot_requested_norm,risk_speed_scale,risk_speed_h_min_m,recovery_active,recovery_triggered,recovery_success,recovery_initially_unsafe,recovery_initial_h_min_m,recovery_command_norm,safety_filter_status,safety_filter_intervention_norm,safety_filter_safe_stop,safety_filter_active_constraints,safety_filter_constraint_count,safety_filter_active_constraint_categories,safety_filter_max_constraint_category,safety_filter_projection_iterations,safety_filter_fallback_used,safety_filter_qp_solver_used,safety_filter_qp_solver_status,safety_filter_fallback_stage,safety_filter_max_constraint_violation,predictive_risk_status,predictive_h_min_m,predictive_h_by_link_m,predictive_distance_by_link_m,predictive_robust_distance_by_link_m,predictive_time_by_link_s,safety_jacobian_command_by_link_mps,safety_drift_by_link_mps,safety_constraint_residual_by_link_mps,filter_obstacle_position_m,filter_obstacle_velocity_mps,safety_filter_solve_time_s,safety_filter_predictive_risk_time_s,safety_filter_jacobian_workspace_time_s,safety_filter_projection_time_s
0,0.05,-0.9300738052625255,0.3771016001701355,0.5620127320289612,0.22032982110977173,0.32631242275238037,0.35,5,0,0,0,0,,,nan,0,0.3252020478248596,6.5040411949157715,130.08082580566406,0.3467777967453003,1.0,nan,0,0,0,0,0.04911607258410319,0.0,filtered,0.03344905693127876,0,0,12,joint_2_acceleration_upper,predictive_link_5,0,0,1,solved,osqp,0.0,valid,0.04911607258410319,0.566103111|0.477351919|0.304135647|0.107181113|0.0663648303|0.0491160726,0.716103111|0.627351919|0.454135647|0.257181113|0.21636483|0.199116073,0.686103111|0.597351919|0.424135647|0.227181113|0.18636483|0.169116073,0.15|0.15|0.15|0.15|0.15|0.15,0|0|0.00696883555|0.0337689656|0.0566473936|0.0787154715,-0.096912289|-0.0502999273|-0.0461333766|-0.152144135|-0.159879529|-0.16794826,2.16750016|1.85910775|1.17737805|0.310349284|0.162227186|0.107231502,0.662452996|0.499166846|0.515210807,0.00133058964|-0.173917338|-0.0161404647,0.005191821604967117,0.0016209566965699196,0.0016317861154675484,0.0019053872674703598
1,0.1,-0.8228449861593264,0.2940238416194916,0.5568069219589233,0.21883442997932434,0.24602626264095306,0.35,5,0,0,0,0,,,nan,0,0.46035221219062805,4.9576497077941895,139.9886016845703,0.46035194396972656,1.0,nan,0,0,0,0,0.04911607258410319,0.0,filtered,3.616389468286183e-07,0,0,12,,predictive_link_5,0,0,1,solved,osqp,0.0,valid,0.0450622749343739,0.561217869|0.473299575|0.300169339|0.101513007|0.0612372864|0.0450622749,0.711217869|0.623299575|0.450169339|0.251513007|0.211237286|0.195062275,0.681217869|0.593299575|0.420169339|0.221513007|0.181237286|0.165062275,0.15|0.15|0.15|0.15|0.15|0.15,0|0|0.0595638285|0.0776200714|0.104593423|0.130104925,-0.0956977537|-0.0486314666|-0.0440704647|-0.15212451|-0.159956658|-0.167939631,2.14917372|1.84456683|1.21617072|0.331547587|0.189585911|0.142414393,0.662519515|0.490471125|0.514403999,0.00133058964|-0.173917338|-0.0161404647,0.0057017067447304726,0.0017692521214485168,0.0018201377242803574,0.0020744167268276215
2,0.15000000000000002,-0.8015369890052082,0.2893369495868683,0.5514104962348938,0.21830818057060242,0.23799960315227509,0.35,5,0,0,0,0,,,nan,0,0.524685800075531,3.5051844120025635,91.83106231689453,0.5246855616569519,1.0,nan,0,0,0,0,0.04911607258410319,0.0,filtered,3.0559448408450677e-07,0,0,12,,predictive_link_5,0,0,1,solved,osqp,0.0,valid,0.04362387038119711,0.55636829|0.468927679|0.298194334|0.0981218615|0.0586111573|0.0436238704,0.70636829|0.618927679|0.448194334|0.248121861|0.208611157|0.19362387,0.67636829|0.588927679|0.418194334|0.218121861|0.178611157|0.16362387,0.15|0.15|0.15|0.15|0.15|0.15,0|0|0.0697982935|0.0903812454|0.124959599|0.147397184,-0.0944652195|-0.0469669995|-0.0419254035|-0.151831595|-0.159683886|-0.167526727,2.13100794|1.82874372|1.22065023|0.331037096|0.199720342|0.154365938,0.662586033|0.481775403|0.51359719,0.00133058964|-0.173917338|-0.0161404647,0.005303408019244671,0.0016043512150645256,0.0016936184838414192,0.0019709551706910133
3,0.2,-0.8633670929526513,0.34138572216033936,0.547052800655365,0.21592038869857788,0.29588085412979126,0.35,5,0,0,0,0,,,nan,0,0.5265445709228516,4.343222141265869,88.31858825683594,0.5265445709228516,1.0,nan,0,0,0,0,0.04911607258410319,0.0,passthrough,6.779958968724971e-10,0,0,12,,predictive_link_5,0,0,1,solved,osqp,0.0,valid,0.043179551070188144,0.551562955|0.464265258|0.296305835|0.0954657256|0.0568756652|0.0431795511,0.701562955|0.614265258|0.446305835|0.245465726|0.206875665|0.193179551,0.671562955|0.584265258|0.416305835|0.215465726|0.176875665|0.163179551,0.15|0.15|0.15|0.15|0.15|0.15,0|0|0.0258296728|0.0439193112|0.0841860203|0.112598314,-0.0932138923|-0.0453049943|-0.0398003547|-0.151699581|-0.159437665|-0.166935711,2.11303793|1.81175604|1.17125266|0.274082633|0.152251016|0.118380807,0.662652552|0.473079681|0.512790382,0.00133058964|-0.173917338|-0.0161404647,0.00523117370903492,0.0016148705035448074,0.0016597956418991089,0.0019233385100960732
4,0.25,-0.8840815703320917,0.3555961549282074,0.5435172915458679,0.21388426423072815,0.30863216519355774,0.35,5,0,0,0,0,,,nan,0,0.5604385137557983,3.6089982986450195,133.05918884277344,0.5604385137557983,1.0,nan,0,0,0,0,0.04911607258410319,0.0,passthrough,6.345952636940953e-10,0,0,12,,predictive_link_5,0,0,1,solved,osqp,0.0,valid,0.04087584415638654,0.546843915|0.460066161|0.292994323|0.0905058959|0.0530873348|0.0408758442,0.696843915|0.610066161|0.442994323|0.240505896|0.203087335|0.190875844,0.666843915|0.580066161|0.412994323|0.210505896|0.173087335|0.160875844,0.15|0.15|0.15|0.15|0.15|0.15,0|0|0.0226954978|0.0326797075|0.075772352|0.122123831,-0.0919397612|-0.0436023219|-0.0376847616|-0.152061148|-0.159522155|-0.166325099,2.0954359|1.79666232|1.15698803|0.242642143|0.128599536|0.119302109,0.662719071|0.46438396|0.511983573,0.00133058964|-0.173917338|-0.0161404647,0.005479882471263409,0.0017074057832360268,0.0017890557646751404,0.0019470173865556717
5,0.30000000000000004,-0.8178565459512367,0.30942681431770325,0.5394109487533569,0.21354174613952637,0.26156753301620483,0.35,5,0,0,0,0,,,nan,0,0.6296987533569336,2.0385255813598633,69.77359771728516,0.6296987533569336,1.0,nan,0,0,0,0,0.04911607258410319,0.0,passthrough,7.380498713535304e-10,0,0,12,,predictive_link_4,0,0,1,solved,osqp,0.0,valid,0.038988594527380876,0.542205063|0.456306404|0.29008043|0.0849667474|0.0492196865|0.0389885945,0.692205063|0.606306404|0.44008043|0.234966747|0.199219686|0.188988595,0.662205063|0.576306404|0.41008043|0.204966747|0.169219686|0.158988595,0.15|0.15|0.15|0.15|0.15|0.15,0|0|0.0245991304|0.0525668495|0.105544281|0.153756355,-0.0906432531|-0.0418606799|-0.0354825357|-0.152353582|-0.159381921|-0.165248078,2.078177|1.78336494|1.14943832|0.240080257|0.143041107|0.144462655,0.66278559|0.455688238|0.511176765,0.00133058964|-0.173917338|-0.0161404647,0.005543973296880722,0.0017149150371551514,0.001809348352253437,0.0019843755289912224
6,0.35000000000000003,-0.8315849812213867,0.3221180737018585,0.5357681512832642,0.21301448345184326,0.2732943892478943,0.35,5,0,0,0,0,,,nan,0,0.6230581402778625,3.069589853286743,62.747772216796875,0.6230581402778625,1.0,nan,0,0,0,0,0.04911607258410319,0.0,passthrough,9.064656496875275e-10,0,0,12,,predictive_link_4,0,0,1,solved,osqp,0.0,valid,0.038839563723961384,0.537610007|0.452148494|0.286743127|0.0805477941|0.0468132828|0.0388395637,0.687610007|0.602148494|0.436743127|0.230547794|0.196813283|0.188839564,0.657610007|0.572148494|0.406743127|0.200547794|0.166813283|0.158839564,0.15|0.15|0.15|0.15|0.15|0.15,0|0|0.000971937635|0.0472491916|0.106259187|0.147937802,-0.0893278019|-0.0401286197|-0.0333401556|-0.152733333|-0.159150323|-0.163853566,2.06111223|1.76846535|1.11460429|0.216707035|0.134361996|0.13944249,0.662852108|0.446992517|0.510369956,0.00133058964|-0.173917338|-0.0161404647,0.0053277043625712395,0.0016145482659339905,0.0017174631357192993,0.0019610775634646416
7,0.4,-0.8450973889805209,0.3385617136955261,0.5323739051818848,0.21178343892097473,0.2887443006038666,0.35,5,0,0,0,0,,,nan,0,0.5534030199050903,2.80741024017334,52.56116485595703,0.5534030199050903,1.0,nan,0,0,0,0,0.04911607258410319,0.0,passthrough,9.721738361898466e-10,0,0,12,,predictive_link_5,0,0,1,solved,osqp,0.0,valid,0.03853664743966831,0.533081592|0.448003942|0.282342312|0.0759091128|0.0442600901|0.0385366474,0.683081592|0.598003942|0.432342312|0.225909113|0.19426009|0.188536647,0.653081592|0.568003942|0.402342312|0.195909113|0.16426009|0.158536647,0.15|0.15|0.15|0.15|0.15|0.15,0|0|-0.0043686944|0.0551266179|0.108442923|0.134378856,-0.0879911879|-0.038382844|-0.0312399346|-0.15324117|-0.158888408|-0.162237467,2.04433518|1.75363293|1.09376062|0.205521899|0.126594875|0.126287978,0.662918627|0.438296795|0.509563148,0.00133058964|-0.173917338|-0.0161404647,0.005385995842516422,0.001647312194108963,0.001776181161403656,0.0019292626529932022
8,0.45,-0.8633330552390465,0.36231714487075806,0.5290545225143433,0.2093735635280609,0.311400443315506,0.35,5,0,0,0,0,,,nan,0,0.47479528188705444,3.110342264175415,29.598224639892578,0.47479528188705444,1.0,nan,0,0,0,0,0.04911607258410319,0.0,passthrough,9.54408142495979e-10,0,0,12,,predictive_link_5,0,0,1,solved,osqp,0.0,valid,0.03751920148727669,0.52862182|0.443958303|0.277828962|0.0715703702|0.0415894221|0.0375192015,0.67862182|0.593958303|0.427828962|0.22157037|0.191589422|0.187519201,0.64862182|0.563958303|0.397828962|0.19157037|0.161589422|0.157519201,0.15|0.15|0.15|0.15|0.15|0.15,0|0|0.00669828891|0.068373995|0.10834675|0.109984777,-0.0866331802|-0.0366188671|-0.029119505|-0.153501084|-0.158477448|-0.160696562,2.0278541|1.73921434|1.08889463|0.201154392|0.116226991|0.0993650207,0.662985146|0.429601073|0.50875634,0.00133058964|-0.173917338|-0.0161404647,0.005297659896314144,0.0016567064449191093,0.001725618727505207,0.0018817819654941559
9,0.5,-0.9767139926926101,0.447176456451416,0.527519166469574,0.20472905039787292,0.3926980495452881,0.35,5,0,0,0,0,,,nan,0,0.3949986398220062,2.4919931888580322,47.143699645996094,0.3949986398220062,1.0,nan,0,0,0,0,0.04911607258410319,0.0,passthrough,8.269361088887643e-10,0,0,12,,predictive_link_5,0,0,1,solved,osqp,0.0,valid,0.03527271461257128,0.524229784|0.440023706|0.273967107|0.0677710847|0.0386505844|0.0352727146,0.674229784|0.590023706|0.423967107|0.217771085|0.188650584|0.185272715,0.644229784|0.560023706|0.393967107|0.187771085|0.158650584|0.155272715,0.15|0.15|0.15|0.15|0.15|0.15,0|0|0.0233730965|0.0553852283|0.0786849724|0.0661946282,-0.0852538528|-0.0348363925|-0.0269376674|-0.153378714|-0.157961046|-0.159512844,2.01166528|1.72525843|1.09230386|0.173090854|0.0753262638|0.0477726429,0.663051665|0.420905352|0.507949531,0.00133058964|-0.173917338|-0.0161404647,0.005213060416281223,0.0016000894829630852,0.0016787992790341377,0.0019001765176653862
10,0.55,-1.0512690363539878,0.5041483640670776,0.5269021987915039,0.1987825334072113,0.44728201627731323,0.35,5,0,0,0,0,,,nan,0,0.2295328676700592,5.45365571975708,85.57099151611328,0.2295328676700592,1.0,nan,0,0,0,0,0.04911607258410319,0.0,filtered,1.8635244663155163e-08,0,0,12,,predictive_link_5,0,0,1,solved,osqp,0.0,valid,0.030793284716770092,0.519939258|0.436968089|0.271994258|0.0631647695|0.0342206259|0.0307932847,0.669939258|0.586968089|0.421994258|0.213164769|0.184220626|0.180793285,0.639939258|0.556968089|0.391994258|0.183164769|0.154220626|0.150793285,0.15|0.15|0.15|0.15|0.15|0.15,0|0|0.0539013561|0.0528748462|0.0559948812|0.0372216537,-0.0838497533|-0.0329900199|-0.0245395459|-0.15267516|-0.157072742|-0.158306808,1.99590728|1.71488234|1.11733884|0.152858765|0.0358046424|0.00208798503,0.663118184|0.41220963|0.507142723,0.00133058964|-0.173917338|-0.0161404647,0.005414777435362339,0.0015702852979302406,0.0016301041468977928,0.0021795015782117844
11,0.6000000000000001,-1.0200188235507994,0.489868700504303,0.5255522727966309,0.19411185383796692,0.43125107884407043,0.35,5,0,0,0,0,,,nan,0,0.2884979844093323,4.514873027801514,65.4033432006836,0.27711692452430725,1.0,nan,0,0,0,0,0.04911607258410319,0.0,filtered,0.030376753843607652,0,0,12,,predictive_link_5,0,0,1,solved,osqp,3.0807577509200934e-07,valid,0.02499078535146762,0.515743388|0.43465786|0.272383864|0.0583378456|0.0289181038|0.0249907854,0.665743388|0.58465786|0.422383864|0.208337846|0.178918104|0.174990785,0.635743388|0.55465786|0.392383864|0.178337846|0.148918104|0.144990785,0.15|0.15|0.15|0.15|0.15|0.15,0|0|0.0411069506|0.0490616431|0.0586819642|0.0572800315,-0.0824215555|-0.0310893662|-0.0219344427|-0.151263171|-0.155802471|-0.157243482,1.980552|1.70754207|1.10870796|0.131149854|0.0185519081|-3.08825665e-07,0.663184702|0.403513908|0.506335914,0.00133058964|-0.173917338|-0.0161404647,0.00520612858235836,0.001561816781759262,0.0016129566356539726,0.001997465267777443
12,0.65,-1.0118358023867384,0.4830196499824524,0.5243577361106873,0.1903100311756134,0.4249400496482849,0.35,5,0,0,0,0,,,nan,0,0.3489636480808258,2.0389750003814697,86.85991668701172,0.3371613621711731,1.0,nan,0,0,0,0,0.04911607258410319,0.0,filtered,0.0281977571778388,0,0,12,,predictive_link_5,0,0,1,solved,osqp,2.4769140748170937e-07,valid,0.020479151245953092,0.511615616|0.43231291|0.272144427|0.0533865166|0.0239755388|0.0204791512,0.661615616|0.58231291|0.422144427|0.203386517|0.173975539|0.170479151,0.631615616|0.55231291|0.392144427|0.173386517|0.143975539|0.140479151,0.15|0.15|0.15|0.15|0.15|0.15,0|0|0.0596118064|0.0603137336|0.0711337683|0.0741579771,-0.0809720021|-0.0291811861|-0.0193727531|-0.150056601|-0.154622121|-0.156074826,1.96549046|1.70007045|1.12881676|0.1238032|0.0124138026|-2.44139478e-07,0.663251221|0.394818187|0.505529106,0.00133058964|-0.173917338|-0.0161404647,0.005260134115815163,0.0015903022140264511,0.0016342131420969963,0.0020012548193335533
13,0.7000000000000001,-1.0227643380097178,0.48208087682724,0.523862898349762,0.18703800439834595,0.42251190543174744,0.35,5,0,0,0,0,,,nan,0,0.4148121774196625,2.6941943168640137,25.44855499267578,0.4084998369216919,1.0,nan,0,0,0,0,0.04911607258410319,0.0,filtered,0.014467521764552422,0,0,12,,predictive_link_5,0,0,1,solved,osqp,1.3233608309182188e-07,valid,0.016878775609840607,0.50755727|0.430048071|0.272856386|0.0490918976|0.0198300361|0.0168787756,0.65755727|0.580048071|0.422856386|0.199091898|0.169830036|0.166878776,0.62755727|0.550048071|0.392856386|0.169091898|0.139830036|0.136878776,0.15|0.15|0.15|0.15|0.15|0.15,0|0|0.0786766345|0.06573609|0.0767698007|0.0870870604,-0.0795010141|-0.0272592956|-0.016771503|-0.148582658|-0.153431511|-0.154602297,1.95072807|1.69293299|1.15333067|0.113521023|0.00265843387|-1.33799556e-07,0.66331774|0.386122465|0.504722297,0.00133058964|-0.173917338|-0.0161404647,0.005230925977230072,0.001611810177564621,0.0015722066164016724,0.0020123478025197983
14,0.75,-1.0153144261751075,0.47383183240890503,0.523475706577301,0.18474039435386658,0.41279086470603943,0.35,5,0,0,0,0,,,nan,0,0.4724506139755249,1.9960334300994873,22.090932846069336,0.4532119333744049,1.0,nan,0,0,0,0,0.04911607258410319,0.0,filtered,0.0526867242680956,0,1,12,predictive_link_4,predictive_link_4,0,0,1,solved,osqp,4.6816539367444676e-08,valid,0.013876201060443766,0.503578841|0.428081107|0.274825637|0.0451668606|0.0161242591|0.0138762011,0.653578841|0.578081107|0.424825637|0.195166861|0.166124259|0.163876201,0.623578841|0.548081107|0.394825637|0.165166861|0.136124259|0.133876201,0.15|0.15|0.15|0.15|0.15|0.15,0|0|0.0894179963|0.0754567344|0.0885164603|0.105828772,-0.0780076018|-0.0253127046|-0.0141057254|-0.14671812|-0.153013542|-0.152640694,1.93630776|1.68701172|1.17461482|0.109406057|-4.53939585e-08|0.00869288258,0.663384259|0.377426744|0.503915489,0.00133058964|-0.173917338|-0.0161404647,0.0050946855917572975,0.0015799487009644508,0.0016076527535915375,0.0018735453486442566
15,0.8,-0.9991283499274348,0.463514506816864,0.5228458046913147,0.18329551815986633,0.4012313485145569,0.35,5,0,0,0,0,,,nan,0,0.486728310585022,1.4717543125152588,27.57782554626465,0.4536682963371277,1.0,nan,0,0,0,0,0.04911607258410319,0.0,filtered,0.08620816376433857,0,1,12,predictive_link_4,predictive_link_4,0,0,1,solved,osqp,6.053428432128971e-08,valid,0.01189898065191361,0.499669999|0.426124906|0.277302122|0.041876034|0.0130205198|0.0118989807,0.649669999|0.576124906|0.427302122|0.191876034|0.16302052|0.161898981,0.619669999|0.546124906|0.397302122|0.161876034|0.13302052|0.131898981,0.15|0.15|0.15|0.15|0.15|0.15,0|0|0.0911049414|0.0849208049|0.100618741|0.120747623,-0.0764929084|-0.0233577311|-0.0114456243|-0.144645659|-0.152700881|-0.150316774,1.92218709|1.68114189|1.18886781|0.107779281|-6.06739276e-08|0.0180267715,0.663450778|0.368731022|0.50310868,0.00133058964|-0.173917338|-0.0161404647,0.0054303128272295,0.0016417820006608963,0.0016887811943888664,0.0020638080313801765
16,0.8500000000000001,-0.9788911780515493,0.45271748304367065,0.52180415391922,0.18122334778308868,0.38942277431488037,0.35,4,0,0,0,0,,,nan,0,0.4584895074367523,1.9085564613342285,33.72837448120117,0.4063878357410431,1.0,nan,0,0,0,0,0.04911607258410319,0.0,filtered,0.12063356591388938,0,1,12,predictive_link_4,predictive_link_4,0,0,1,solved,osqp,8.28905488414744e-08,valid,0.010434905584426446,0.495825322|0.424001699|0.279642745|0.0392208185|0.0104349056|0.0108001203,0.645825322|0.574001699|0.429642745|0.189220819|0.160434906|0.16080012,0.615825322|0.544001699|0.399642745|0.159220819|0.130434906|0.13080012,0.15|0.15|0.15|0.15|0.15|0.15,0|0|0.083752723|0.0912731541|0.110664284|0.128007168,-0.0749575903|-0.0214034275|-0.0088304783|-0.14253929|-0.152403991|-0.147815002,1.9083437|1.67460337|1.19349322|0.105617139|-8.40319948e-08|0.023392647,0.663517296|0.3600353|0.502301872,0.00133058964|-0.173917338|-0.0161404647,0.005213376134634018,0.0015955502167344093,0.001646488904953003,0.0019391141831874847
17,0.9,-0.9491996045340401,0.43752002716064453,0.5201216340065002,0.1793852001428604,0.3735560178756714,0.35,4,0,0,0,0,,,nan,0,0.41705039143562317,3.0197806358337402,37.51018524169922,0.3492303490638733,1.0,nan,0,0,0,0,0.04911607258410319,0.0,filtered,0.12793247304969962,0,1,12,predictive_link_4,predictive_link_4,0,0,1,solved,osqp,9.965693699431899e-08,valid,0.008264701859449941,0.492042645|0.421607165|0.281298968|0.037041458|0.00826470186|0.0102412626,0.642042645|0.571607165|0.431298968|0.187041458|0.158264702|0.160241263,0.612042645|0.541607165|0.401298968|0.157041458|0.128264702|0.130241263,0.15|0.15|0.15|0.15|0.15|0.15,0|0|0.0748853797|0.0975431354|0.118968847|0.123361588,-0.0734020036|-0.0194544674|-0.00627874245|-0.140577769|-0.152027753|-0.145296036,1.89476858|1.66697419|1.19380251|0.105131199|-9.78442053e-08|0.0190306033,0.663583815|0.351339579|0.501495063,0.00133058964|-0.173917338|-0.0161404647,0.005360645242035389,0.0016482407227158546,0.0017589116469025612,0.0019198954105377197
18,0.9500000000000001,-0.9329877243814962,0.42207664251327515,0.5186007022857666,0.17789669334888458,0.3577183783054352,0.35,4,0,0,0,0,,,nan,0,0.44901686906814575,1.9861420392990112,45.017887115478516,0.37632086873054504,1.0,nan,0,0,0,0,0.04911607258410319,0.0,filtered,0.14117309416454787,0,0,12,,predictive_link_4,0,0,1,solved,osqp,1.105208632945498e-07,valid,0.006526644251217462,0.488320679|0.418882859|0.28212495|0.035292738|0.00652664425|0.00961927149,0.638320679|0.568882859|0.43212495|0.185292738|0.156526644|0.159619271,0.608320679|0.538882859|0.40212495|0.155292738|0.126526644|0.129619271,0.15|0.15|0.15|0.15|0.15|0.15,0|0|0.0765274524|0.102435178|0.125222732|0.124075469,-0.071826454|-0.0175133502|-0.00378851845|-0.138833196|-0.151329419|-0.143034285,1.88145626|1.65801809|1.20123874|0.104772934|-1.09772699e-07|0.0195182701,0.663650334|0.342643857|0.500688255,0.00133058964|-0.173917338|-0.0161404647,0.00527340080589056,0.0016216300427913666,0.0017156768590211868,0.0019015595316886902
19,1.0,-0.9301695177776472,0.41024890542030334,0.5176896452903748,0.17665643990039825,0.3459007441997528,0.35,4,0,0,0,0,,,nan,0,0.477140873670578,1.773416519165039,34.46760177612305,0.4000943601131439,1.0,nan,0,0,0,0,0.04911607258410319,0.0,filtered,0.15459645054599816,0,0,12,,predictive_link_4,0,0,1,solved,osqp,3.2000756802763597e-07,valid,0.005168083513237165,0.484671331|0.416112932|0.282963372|0.0339093159|0.00516808351|0.00910885117,0.634671331|0.566112932|0.432963372|0.183909316|0.155168084|0.159108851,0.604671331|0.536112932|0.402963372|0.153909316|0.125168084|0.129108851,0.15|0.15|0.15|0.15|0.15|0.15,0|0|0.0969469916|0.112488219|0.129765963|0.113599834,-0.07022993|-0.0155664804|-0.00130735105|-0.13703769|-0.150438615|-0.140635549,1.86845539|1.64888525|1.22749313|0.111087792|-3.17979374e-07|0.00939969037,0.663716853|0.333948135|0.499881387,0.00133058964|-0.173917338|-0.0161404647,0.005329515784978867,0.0016702516004443169,0.0016858810558915138,0.0019386345520615578
20,1.05,-0.938514262214577,0.4093388617038727,0.517342209815979,0.17560870945453644,0.35100480914115906,0.35,4,0,0,0,0,,,nan,0,0.4915523827075958,1.1971421241760254,29.679492950439453,0.4096333384513855,1.0,nan,0,0,0,0,0.04911607258410319,0.0,filtered,0.16539633155939176,0,0,12,,predictive_link_4,0,0,1,solved,osqp,1.1156303142412227e-07,valid,0.00414414581070377,0.481102013|0.413511771|0.284931172|0.0331101662|0.00414414581|0.00821351227,0.631102013|0.563511771|0.434931172|0.183110166|0.154144146|0.158213512,0.601102013|0.533511771|0.404931172|0.153110166|0.124144146|0.128213512,0.15|0.15|0.12683421|0.15|0.15|0.15,0|0|0.117478634|0.121131996|0.132366881|0.107094536,-0.0686118702|-0.0136040442|5.29340117e-18|-0.134808465|-0.148943576|-0.138117647,1.85579618|1.64044304|1.25720332|0.118764195|-1.12202856e-07|0.00183093713,0.663783371|0.325252414|0.499074221,0.00133058964|-0.173917338|-0.0161404647,0.005331560969352722,0.0016138013452291489,0.0016684485599398613,0.0020157024264335632
21,1.1,-0.9400289620200559,0.4000595510005951,0.5175530314445496,0.17470185458660126,0.33651378750801086,0.35,4,0,0,0,0,,,nan,0,0.4968453347682953,2.1268310546875,33.453125,0.40915802121162415,1.0,nan,0,0,0,0,0.04911607258410319,0.0,filtered,0.17615544032510408,0,1,12,predictive_link_4,predictive_link_4,0,0,1,solved,osqp,2.0250505966545873e-08,valid,0.0033788338909064852,0.477616454|0.411139726|0.288015645|0.0328386216|0.00337883389|0.00714465081,0.627616454|0.561139726|0.438015645|0.182838622|0.153378834|0.157144651,0.597616454|0.531139726|0.408015645|0.152838622|0.123378834|0.127144651,0.15|0.15|0.0775865487|0.15|0.15|0.15,0|0|0.134208402|0.127135924|0.133459379|0.10999296,-0.0669721142|-0.0116239058|5.20673302e-18|-0.132113452|-0.14697473|-0.135444652,1.8434937|1.632935|1.28627098|0.126376959|-1.5596731e-08|0.00312691172,0.66384989|0.316556692|0.498267055,0.00133058964|-0.173917338|-0.0161404647,0.005289992317557335,0.0016076909378170967,0.0017158547416329384,0.001932809129357338
22,1.1500000000000001,-0.9424143597769035,0.40050673484802246,0.5178360939025879,0.17395053803920746,0.3376182019710541,0.35,4,0,0,0,0,,,nan,0,0.498779296875,2.245128870010376,59.063148498535156,0.3996776342391968,1.0,nan,0,0,0,0,0.04911607258410319,0.0,filtered,0.20153313160861847,0,0,12,,predictive_link_4,0,0,1,solved,osqp,8.177714775903233e-07,valid,0.0027744390486909576,0.47421853|0.409049437|0.292090489|0.0329889136|0.00277443905|0.00641847107,0.62421853|0.559049437|0.442090489|0.182988914|0.152774439|0.156418471,0.59421853|0.529049437|0.412090489|0.152988914|0.122774439|0.126418471,0.15|0.15|0.0271252797|0.15|0.15|0.15,0|0|0.128276534|0.12571549|0.13374561|0.10682397,-0.0653104952|-0.00962455664|6.94876113e-18|-0.128970242|-0.144844184|-0.132497414,1.83156363|1.62657319|1.29663849|0.128700902|-8.18033273e-07|4.40258094e-07,0.663916409|0.30786097|0.497459888,0.00133058964|-0.173917338|-0.0161404647,0.005315767601132393,0.001630452461540699,0.0016750320792198181,0.001976381056010723
23,1.2000000000000002,-0.9434914749957636,0.4009045660495758,0.5181342363357544,0.17330409586429596,0.338766485452652,0.35,4,0,0,0,0,,,nan,0,0.5086867809295654,1.7151426076889038,18.06755828857422,0.40599560737609863,1.0,nan,0,0,0,0,0.04911607258410319,0.0,filtered,0.21434131734784695,0,0,12,,predictive_link_4,0,0,1,solved,osqp,2.948387967938171e-07,valid,0.002354646789307857,0.470900814|0.406966535|0.295788099|0.0332280848|0.00235464679|0.00591588353,0.620900814|0.556966535|0.445788099|0.183228085|0.152354647|0.155915884,0.590900814|0.526966535|0.415788099|0.153228085|0.122354647|0.125915884,0.15|0.15|0|0.15|0.15|0.15,0|0|0.122191557|0.123273048|0.133109154|0.105807726,-0.0636280687|-0.00761976767|0.001202616|-0.125840859|-0.142528034|-0.129471104,1.81997519|1.62024637|1.30654657|0.130344528|-2.93022359e-07|1.55937528e-07,0.663982928|0.299165249|0.496652722,0.00133058964|-0.173917338|-0.0161404647,0.005471905693411827,0.0016865432262420654,0.0017108870670199394,0.0020407093688845634
24,1.25,-0.9421467889272301,0.4010532796382904,0.5183297991752625,0.1727534681558609,0.33974459767341614,0.35,4,0,0,0,0,,,nan,0,0.5250154733657837,1.5550457239151,15.123245239257812,0.4213685691356659,1.0,nan,0,0,0,0,0.04911607258410319,0.0,filtered,0.22792098310717707,0,0,12,,predictive_link_4,0,0,1,solved,osqp,9.749784615209478e-07,valid,0.002049433476968676,0.467665245|0.404910213|0.299222483|0.0335095304|0.00204943348|0.00571131622,0.617665245|0.554910213|0.449222483|0.18350953|0.152049433|0.155711316,0.587665245|0.524910213|0.419222483|0.15350953|0.122049433|0.125711316,0.15|0.15|0|0.15|0.15|0.15,0|0|0.111738215|0.118805369|0.131956173|0.10353012,-0.0619249342|-0.00560925611|0.00378054822|-0.122721958|-0.140154887|-0.126374899,1.80873605|1.6140316|1.31240869|0.130121532|-9.79325971e-07|4.8547138e-07,0.664049447|0.290469527|0.495845556,0.00133058964|-0.173917338|-0.0161404647,0.00539733748883009,0.0016208579763770103,0.0017538899555802345,0.001988946460187435
25,1.3,-0.9318041365281363,0.40103083848953247,0.5179945230484009,0.17229433357715607,0.3405621349811554,0.35,4,0,0,0,0,,,nan,0,0.5247624516487122,1.3100248575210571,20.33161163330078,0.42257893085479736,1.0,nan,0,0,0,0,0.04911607258410319,0.0,filtered,0.22444503708993202,0,1,12,predictive_link_4,predictive_link_4,2,0,0,inaccurate_solution,,0.0,valid,0.0018472963637846118,0.464511048|0.402822555|0.302136625|0.0337405858|0.00184729636|0.00572027141,0.614511048|0.552822555|0.452136625|0.183740586|0.151847296|0.155720271,0.584511048|0.522822555|0.422136625|0.153740586|0.121847296|0.125720271,0.15|0.15|0|0.15|0.15|0.15,0|0|0.0941085411|0.111843348|0.130362754|0.102196937,-0.0602015094|-0.00359626315|0.00632874149|-0.119719478|-0.137751942|-0.123253435,1.79784268|1.60769396|1.30898378|0.127086214|-2.78562695e-09|0.00182458733,0.664115965|0.281773806|0.49503839,0.00133058964|-0.173917338|-0.0161404647,0.005475988611578941,0.0016089864075183868,0.0016961991786956787,0.0021353689953684807
26,1.35,-0.9224056467199364,0.4009101092815399,0.5172339677810669,0.17191322147846222,0.34121328592300415,0.35,4,0,0,0,0,,,nan,0,0.5246150493621826,1.1116538047790527,13.049355506896973,0.42165079712867737,1.0,nan,0,0,0,0,0.04911607258410319,0.0,filtered,0.22655745834384003,0,1,12,predictive_link_4,predictive_link_4,0,0,1,solved,osqp,7.49167445301957e-08,valid,0.0017237756023012474,0.461434775|0.400574285|0.304040491|0.0337946005|0.0017237756|0.00590516662,0.611434775|0.550574285|0.454040491|0.1837946|0.151723776|0.155905167,0.581434775|0.520574285|0.424040491|0.1537946|0.121723776|0.125905167,0.15|0.15|0|0.15|0.15|0.15,0|0|0.0759127478|0.103852425|0.128569687|0.104999744,-0.0584585344|-0.00158715519|0.00883483701|-0.117037468|-0.135464865|-0.120281659,1.78728057|1.60070998|1.30090955|0.12199336|-7.57025175e-08|0.0083387514,0.664182484|0.273078084|0.494231224,0.00133058964|-0.173917338|-0.0161404647,0.00539042055606842,0.0016509182751178741,0.0017071263864636421,0.0019993549212813377
27,1.4000000000000001,-0.9228652049828372,0.40097421407699585,0.5165711641311646,0.17154590785503387,0.342136412858963,0.35,4,0,0,0,0,,,nan,0,0.5224940776824951,1.1398305892944336,26.60626983642578,0.41819387674331665,1.0,nan,0,0,0,0,0.04911607258410319,0.0,filtered,0.22954555636246848,0,1,12,predictive_link_4,predictive_link_4,0,0,1,solved,osqp,6.881857986251738e-08,valid,0.0016435118891385825,0.458438609|0.398186542|0.304937237|0.0336224494|0.00164351189|0.00644442533,0.608438609|0.548186542|0.454937237|0.183622449|0.151643512|0.156444425,0.578438609|0.518186542|0.424937237|0.153622449|0.121643512|0.126444425,0.15|0.140104782|0|0.15|0.15|0.15,0|0|0.0728567485|0.101251788|0.126873766|0.0997270988,-0.0566961791|1.44738575e-18|0.0113060417|-0.114690199|-0.133447881|-0.11737352,1.77705826|1.59274617|1.30391174|0.121051387|-6.74417202e-08|0.00813128017,0.664249003|0.264382362|0.493424058,0.00133058964|-0.173917338|-0.0161404647,0.005371026694774628,0.0016433913260698318,0.0017107948660850525,0.001982179470360279
28,1.4500000000000002,-0.9227329148755792,0.4010004997253418,0.5159715414047241,0.17118345201015472,0.3431001901626587,0.35,4,0,0,0,0,,,nan,0,0.524208664894104,0.8506535291671753,7.433585166931152,0.4201330244541168,1.0,nan,0,0,0,0,0.04911607258410319,0.0,filtered,0.23186061626671878,0,1,12,predictive_link_4,predictive_link_4,0,0,1,solved,osqp,6.16755342491837e-08,valid,0.001601189780677359,0.455530703|0.395815736|0.305793125|0.0334507143|0.00160118978|0.0068466357,0.605530703|0.545815736|0.455793125|0.183450714|0.15160119|0.156846636,0.575530703|0.515815736|0.425793125|0.153450714|0.12160119|0.126846636,0.15|0.0927314549|0|0.15|0.15|0.15,0|0|0.069572279|0.0984631648|0.124870744|0.0949200063,-0.0549139675|3.18886439e-18|0.0137757543|-0.11230021|-0.131275566|-0.114383025,1.76720884|1.58326294|1.30652053|0.119965812|-6.2803343e-08|0.00792352427,0.664315522|0.255686641|0.492616892,0.00133058964|-0.173917338|-0.0161404647,0.005342335440218449,0.0016302568838000298,0.0017056241631507874,0.001971106044948101
29,1.5,-0.9210090819589507,0.400937020778656,0.5153529047966003,0.17083491384983063,0.3439719080924988,0.35,4,0,0,0,0,,,nan,0,0.5326182246208191,0.5503377318382263,14.235407829284668,0.4289606511592865,1.0,nan,0,0,0,0,0.04911607258410319,0.0,filtered,0.24310002196422967,0,1,12,predictive_link_4,predictive_link_4,0,0,1,solved,osqp,3.596747609468931e-08,valid,0.0015865580083685993,0.452712216|0.393435596|0.306602852|0.0332677708|0.00158655801|0.00713492034,0.602712216|0.543435596|0.456602852|0.183267771|0.151586558|0.15713492,0.572712216|0.513435596|0.426602852|0.153267771|0.121586558|0.12713492,0.15|0.0455337405|0|0.15|0.15|0.15,0|0|0.0614147864|0.0934667887|0.122610858|0.0944108702,-0.0531121897|5.32119084e-19|0.0162429338|-0.109877713|-0.128957129|-0.111316253,1.75773667|1.57374238|1.30406913|0.116660159|-3.9015059e-08|0.0116342987,0.664382041|0.246990845|0.491809726,0.00133058964|-0.173917338|-0.0161404647,0.005349485203623772,0.001639016903936863,0.0017147529870271683,0.001962692476809025
30,1.55,-0.9227843238216258,0.4009704291820526,0.5148841142654419,0.17047546803951263,0.3450096845626831,0.35,4,0,0,0,0,,,nan,0,0.548047661781311,0.6389206051826477,10.543136596679688,0.44822996854782104,1.0,nan,0,0,0,0,0.04911607258410319,0.0,filtered,0.24639291288049597,0,1,12,predictive_link_4,predictive_link_4,0,0,1,solved,osqp,2.9090779271601086e-08,valid,0.001582142961902011,0.449983255|0.391008527|0.30709716|0.0329793187|0.00158214296|0.0075997374,0.599983255|0.541008527|0.45709716|0.182979319|0.151582143|0.157599737,0.569983255|0.511008527|0.42709716|0.152979319|0.121582143|0.127599737,0.15|0|0|0.15|0.15|0.15,0|0|0.0586979844|0.0904911098|0.120354434|0.0902790023,-0.0512912927|6.13641761e-05|0.0186996257|-0.107530143|-0.126683035|-0.108171237,1.74864173|1.56409547|1.30578625|0.114878241|-2.93448296e-08|0.0125067148,0.664448559|0.238294944|0.49100256,0.00133058964|-0.173917338|-0.0161404647,0.0053582750260829926,0.0016839858144521713,0.0016977936029434204,0.001940656453371048
31,1.6,-0.9261103761881714,0.4010200500488281,0.5146260261535645,0.1700982302427292,0.3461293876171112,0.35,4,0,0,0,0,,,nan,0,0.5670336484909058,0.7484555244445801,4.525165557861328,0.4726632833480835,1.0,nan,0,0,0,0,0.04911607258410319,0.0,filtered,0.2445635211728246,0,1,12,predictive_link_4,predictive_link_4,0,0,1,solved,osqp,2.114740062231224e-08,valid,0.0015891320312148016,0.447347363|0.388662994|0.307622528|0.03266967|0.00158913203|0.00807278714,0.597347363|0.538662994|0.457622528|0.18266967|0.151589132|0.158072787,0.567347363|0.508662994|0.427622528|0.15266967|0.121589132|0.128072787,0.15|0|0|0.15|0.15|0.15,0|0|0.0558558078|0.0870649812|0.117910482|0.0864936891,-0.0494513896|0.00206885811|0.0211544427|-0.105119273|-0.124267028|-0.10490079,1.73993806|1.55672083|1.30750036|0.112624388|-1.78963094e-08|0.0138840475,0.664515078|0.229599044|0.490195394,0.00133058964|-0.173917338|-0.0161404647,0.005226782523095608,0.0016090478748083115,0.0016856379806995392,0.0018991995602846146
32,1.6500000000000001,-0.9283683037729179,0.40104174613952637,0.51450514793396,0.16970692574977875,0.34727421402931213,0.35,4,0,0,0,0,,,nan,0,0.5916897058486938,0.8442220687866211,3.536972761154175,0.5027086138725281,1.0,nan,0,0,0,0,0.04911607258410319,0.0,filtered,0.24826449883525226,0,1,12,predictive_link_4,predictive_link_4,0,0,1,solved,osqp,1.4797320715964624e-08,valid,0.001600490286177425,0.444806427|0.386464258|0.308200807|0.032325554|0.00160049029|0.00857523599,0.594806427|0.536464258|0.458200807|0.182325554|0.15160049|0.158575236,0.564806427|0.506464258|0.428200807|0.152325554|0.12160049|0.128575236,0.15|0|0|0.15|0.15|0.15,0|0|0.0502338726|0.0823316398|0.115311049|0.0833371669,-0.0475927813|0.00408458517|0.0236062815|-0.102631189|-0.121713025|-0.101456455,1.73163293|1.54994162|1.30664338|0.109002667|-1.42774597e-08|0.0161816562,0.664581597|0.220903143|0.489388227,0.00133058964|-0.173917338|-0.0161404647,0.005378934554755688,0.0016757948324084282,0.0017079208046197891,0.001960150897502899
33,1.7000000000000002,-0.9310678609351283,0.40110835433006287,0.5145269632339478,0.16929273307323456,0.3485367000102997,0.35,4,0,0,0,0,,,nan,0,0.6215992569923401,0.9530971646308899,2.4287753105163574,0.5386762619018555,1.0,nan,0,0,0,0,0.04911607258410319,0.0,filtered,0.2510670195180406,0,1,12,predictive_link_4,predictive_link_4,0,0,1,solved,osqp,1.0462232150065809e-08,valid,0.0016152884664972778,0.442360675|0.384386459|0.308673321|0.0318959748|0.00161528847|0.00917079147,0.592360675|0.534386459|0.458673321|0.181895975|0.151615288|0.159170791,0.562360675|0.504386459|0.428673321|0.151895975|0.121615288|0.129170791,0.15|0|0|0.15|0.15|0.15,0|0|0.0448242484|0.0775063829|0.112596432|0.079277922,-0.0457159835|0.00610635665|0.0260499404|-0.100123994|-0.119057596|-0.097853575,1.72372672|1.54365219|1.30556747|0.104966288|-1.04471284e-08|0.0181075129,0.664648116|0.212207243|0.488581061,0.00133058964|-0.173917338|-0.0161404647,0.00524111557751894,0.0015770159661769867,0.0016481392085552216,0.001980431377887726
34,1.75,-0.9335796961148708,0.40124624967575073,0.5146639347076416,0.1688462644815445,0.34994766116142273,0.35,4,0,0,0,0,,,nan,0,0.6544647812843323,1.0489449501037598,3.0652101039886475,0.577771008014679,1.0,nan,0,0,0,0,0.04911607258410319,0.0,filtered,0.25240146374868433,0,1,12,predictive_link_4,predictive_link_4,0,0,1,solved,osqp,6.9978792205382945e-09,valid,0.0016319869742814075,0.440011545|0.382442609|0.309065437|0.0313780191|0.00163198697|0.00982997251,0.590011545|0.532442609|0.459065437|0.181378019|0.151631987|0.159829973,0.560011545|0.502442609|0.429065437|0.151378019|0.121631987|0.129829973,0.15|0|0|0.15|0.15|0.15,0|0|0.0384827382|0.0720397629|0.109723119|0.0750050873,-0.0438213999|0.00813410558|0.0284848355|-0.0975840915|-0.116251075|-0.0940825179,1.71622478|1.53790454|1.30322932|0.099967748|-8.07232528e-09|0.0202424594,0.664714634|0.203511342|0.487773895,0.00133058964|-0.173917338|-0.0161404647,0.005357125774025917,0.0016500288620591164,0.00166228786110878,0.0020105503499507904
35,1.8,-0.9293246535388587,0.40142202377319336,0.5145636200904846,0.1683734804391861,0.35142984986305237,0.35,4,0,0,0,0,,,nan,0,0.6906364560127258,1.2524161338806152,9.139394760131836,0.6217326521873474,1.0,nan,0,0,0,0,0.04911607258410319,0.0,filtered,0.2557753172446059,0,1,12,predictive_link_4,predictive_link_4,2,0,0,inaccurate_solution,,0.0,valid,0.0016435672201275398,0.437760094|0.380633048|0.309336187|0.030747906|0.00164356722|0.0105507118,0.587760094|0.530633048|0.459336187|0.180747906|0.151643567|0.160550712,0.557760094|0.500633048|0.429336187|0.150747906|0.121643567|0.130550712,0.15|0|0|0.15|0.15|0.15,0|0|0.0231168437|0.0628650022|0.106704152|0.0721652796,-0.0419095082|0.010166999|0.0309090237|-0.095022273|-0.113278422|-0.0901430274,1.70913087|1.53269919|1.29137062|0.0908343533|-1.40345358e-09|0.0242250992,0.664781153|0.194815442|0.486966729,0.00133058964|-0.173917338|-0.0161404647,0.0054023899137973785,0.0016335472464561462,0.0016729868948459625,0.002062765881419182
36,1.85,-0.930357971304243,0.4015311598777771,0.5145180821418762,0.16788025200366974,0.3528573513031006,0.35,4,0,0,0,0,,,nan,0,0.7381263971328735,1.373975157737732,9.173799514770508,0.6745623350143433,1.0,nan,0,0,0,0,0.04911607258410319,0.0,filtered,0.25293046060789576,0,0,12,,predictive_link_4,0,0,1,solved,osqp,8.459582747644134e-07,valid,0.0016412756481978819,0.435603003|0.378829122|0.308913298|0.0298532019|0.00164127565|0.0114449873,0.585603003|0.528829122|0.458913298|0.179853202|0.151641276|0.161444987,0.555603003|0.498829122|0.428913298|0.149853202|0.121641276|0.131444987,0.15|0|0|0.15|0.15|0.15,0|0|0.00632868262|0.0521603603|0.103682959|0.0725316182,-0.0399813311|0.0121971801|0.0333121763|-0.0926585451|-0.11024891|-0.0854851448,1.70243068|1.52751367|1.27529405|0.0789146227|-8.48159421e-07|0.0328264227,0.664847672|0.186119542|0.486159563,0.00133058964|-0.173917338|-0.0161404647,0.005348131991922855,0.0016078706830739975,0.0017396369948983192,0.0019679367542266846
37,1.9000000000000001,-0.9335472998144951,0.4013662040233612,0.514636754989624,0.16739697754383087,0.35398390889167786,0.35,4,0,0,0,0,,,nan,0,0.7938238978385925,1.8520402908325195,21.278810501098633,0.7371774315834045,1.0,nan,0,0,0,0,0.04911607258410319,0.0,filtered,0.2508423904149855,0,0,12,,predictive_link_4,0,0,1,solved,osqp,5.377383815730052e-07,valid,0.0016232360391827405,0.433545983|0.377134594|0.307866493|0.0286318863|0.00162323604|0.0125621734,0.583545983|0.527134594|0.457866493|0.178631886|0.151623236|0.162562173,0.553545983|0.497134594|0.427866493|0.148631886|0.121623236|0.132562173,0.15|0|0|0.15|0.15|0.15,0|0|-0.0161014002|0.0386189701|0.100725083|0.0753396187,-0.0380368491|0.014229524|0.035695459|-0.0904302031|-0.107218566|-0.0789734906,1.69614708|1.5227679|1.25106003|0.0627163121|-5.38187359e-07|0.0466148217,0.664914191|0.177423641|0.485352397,0.00133058964|-0.173917338|-0.0161404647,0.005288253538310528,0.001614491455256939,0.001733437180519104,0.001904522068798542
38,1.9500000000000002,-0.9449497676138301,0.4008737802505493,0.5153271555900574,0.1669447273015976,0.3627263009548187,0.35,4,0,0,0,0,,,nan,0,0.8591338992118835,2.2904627323150635,13.680399894714355,0.8096400499343872,1.0,nan,0,0,0,0,0.04911607258410319,0.0,filtered,0.2423925703394287,0,0,12,,predictive_link_4,0,0,1,solved,osqp,3.2791806398035916e-07,valid,0.0016037599360951837,0.431593286|0.375604204|0.306012721|0.0269735722|0.00160375994|0.0139445033,0.581593286|0.525604204|0.456012721|0.176973572|0.15160376|0.163944503,0.551593286|0.495604204|0.426012721|0.146973572|0.12160376|0.133944503,0.15|0|0|0.15|0.15|0.15,0|0|-0.0381663999|0.0247261989|0.0978821002|0.0779029956,-0.0360762367|0.0162662912|0.0380559177|-0.0883555336|-0.104297467|-0.0713657144,1.69029691|1.51868311|1.2239404|0.0442649541|-3.26938182e-07|0.0623152943,0.66498071|0.168727741|0.484545231,0.00133058964|-0.173917338|-0.0161404647,0.005356206558644772,0.0016349367797374725,0.0017132395878434181,0.001972631551325321
39,2.0,-0.9950252161126673,0.4265897274017334,0.5171582698822021,0.16654913127422333,0.39241209626197815,0.35,4,0,0,0,0,,,nan,0,0.9253888130187988,2.3876330852508545,10.247160911560059,0.8834484219551086,1.0,nan,0,0,0,0,0.04911607258410319,0.0,filtered,0.21789448538492032,0,0,12,,predictive_link_4,0,0,1,solved,osqp,1.7780142341772276e-07,valid,0.001608288637696742,0.429754196|0.374429402|0.3036146|0.0248717637|0.00160828864|0.0153150377,0.579754196|0.524429402|0.4536146|0.174871764|0.151608289|0.165315038,0.549754196|0.494429402|0.4236146|0.144871764|0.121608289|0.135315038,0.15|0|0|0.15|0.15|0.15,0|0|-0.0569749416|0.0117042732|0.095013364|0.0796388517,-0.0340990916|0.0183171671|0.0403980532|-0.0862424891|-0.101446696|-0.062430382,1.68491769|1.51603478|1.19788151|0.0249488387|-1.7790725e-07|0.0784686206,0.665047228|0.16003184|0.483738065,0.00133058964|-0.173917338|-0.0161404647,0.00516140554100275,0.0015802020207047462,0.0016269544139504433,0.001920066773891449
40,2.0500000000000003,-1.0672114988268184,0.4583355486392975,0.5208077430725098,0.16626738011837006,0.42443519830703735,0.35,4,0,0,0,0,,,nan,0,0.9994767904281616,2.653341770172119,13.105901718139648,0.9666540026664734,1.0,nan,0,0,0,0,0.04911607258410319,0.0,filtered,0.17490604404714807,0,1,12,predictive_link_4,predictive_link_4,0,0,1,solved,osqp,1.5539665249031387e-09,valid,0.0016694600552157324,0.428041154|0.373883416|0.301172418|0.0223816079|0.00166946006|0.0162458081,0.578041154|0.523883416|0.451172418|0.172381608|0.15166946|0.166245808,0.548041154|0.493883416|0.421172418|0.142381608|0.12166946|0.136245808,0.15|0|0|0.15|0.15|0.15,0|0|-0.0778171047|-0.00308067957|0.0919256106|0.0829008144,-0.0321046939|0.0203955984|0.042730759|-0.0837662272|-0.098603454|-0.0520655256,1.68005992|1.51592926|1.16960333|0.00267952501|-3.09420593e-09|0.0958185211,0.665113747|0.15133594|0.482930899,0.00133058964|-0.173917338|-0.0161404647,0.005129499360918999,0.0015778737142682076,0.0015915771946310997,0.001927289180457592
41,2.1,-1.1102403908461271,0.4600025415420532,0.5261498093605042,0.16607297956943512,0.42699047923088074,0.35,4,0,0,0,0,,,nan,0,1.0301519632339478,2.033254384994507,43.48008346557617,1.042227029800415,1.0,nan,0,0,0,0,0.04911607258410319,0.0,filtered,0.16764948854116127,0,1,12,predictive_link_3,predictive_link_3,0,0,1,solved,osqp,3.841424535758198e-08,valid,0.0018372837788488972,0.426469668|0.374284121|0.299004398|0.0194903482|0.00183728378|0.0163650079,0.576469668|0.524284121|0.449004398|0.169490348|0.151837284|0.166365008,0.546469668|0.494284121|0.419004398|0.139490348|0.121837284|0.136365008,0.15|0|0|0.15|0.15|0.15,0|0|-0.0590119634|0.00261911247|0.0905757923|0.0805760045,-0.030092106|0.0225151163|0.0450624573|-0.0805805427|-0.0958053225|-0.0400248803,1.67578656|1.5196516|1.18206809|-3.75501058e-08|0.00211960489|0.106011156,0.665180266|0.142640039|0.482123733,0.00133058964|-0.173917338|-0.0161404647,0.00523105263710022,0.0016095573082566261,0.0017131445929408073,0.0018733097240328789
42,2.15,-1.10633768929246,0.4454212486743927,0.5314761400222778,0.166507288813591,0.41362348198890686,0.35,4,0,0,0,0,,,nan,0,1.0630606412887573,1.0426595211029053,33.687137603759766,1.06770658493042,1.0,nan,0,0,0,0,0.04911607258410319,0.0,filtered,0.13281444903031173,0,1,12,predictive_link_3,predictive_link_3,0,0,1,solved,osqp,2.0880349532736986e-11,valid,0.002167222429105553,0.425035845|0.375678953|0.298949135|0.0170108917|0.00216722243|0.0162205985,0.575035845|0.525678953|0.448949135|0.167010892|0.152167222|0.166220598,0.545035845|0.495678953|0.418949135|0.137010892|0.122167222|0.136220598,0.15|0|0|0.15|0.15|0.15,0|0|-0.0608152209|0.00810761228|0.0985135015|0.0826655854,-0.0280628552|0.0246707684|0.0474112148|-0.0761511791|-0.0924575839|-0.0333608645,1.67208053|1.52738658|1.18239253|3.41928291e-11|0.0147248073|0.114187115,0.665246785|0.133944139|0.481316566,0.00133058964|-0.173917338|-0.0161404647,0.005211230367422104,0.0016008373349905014,0.001629391685128212,0.0019457563757896423
43,2.2,-1.0901371680298397,0.4262864291667938,0.5363845229148865,0.1676819771528244,0.3958899974822998,0.35,4,0,0,0,0,,,nan,0,1.0870869159698486,0.9117782115936279,13.42132568359375,1.088789701461792,1.0,nan,0,0,0,0,0.04911607258410319,0.0,filtered,0.11364176104862418,0,1,12,predictive_link_3,predictive_link_3,0,0,1,solved,osqp,6.684548747859509e-13,valid,0.003236132152430682,0.423705876|0.37721938|0.298982992|0.0150909277|0.00323613215|0.0164099773,0.573705876|0.52721938|0.448982992|0.165090928|0.153236132|0.166409977,0.543705876|0.49721938|0.418982992|0.135090928|0.123236132|0.136409977,0.15|0|0|0.15|0.15|0.15,0|0|-0.072575114|0.0110644155|0.108301928|0.0826708719,-0.0260217916|0.0268152324|0.049753527|-0.0714281291|-0.0883364045|-0.0266782047,1.66880171|1.53569275|1.17311038|-2.84840862e-09|0.0329100524|0.121632576,0.665313303|0.125248238|0.4805094,0.00133058964|-0.173917338|-0.0161404647,0.005281212739646435,0.0015974948182702065,0.0016246708109974861,0.002025764435529709
44,2.25,-1.0957870678547077,0.42934510111808777,0.5408968925476074,0.16925115883350372,0.40059199929237366,0.35,4,0,0,0,0,,,nan,0,1.102245807647705,0.8967531323432922,12.439088821411133,1.102419376373291,1.0,nan,0,0,0,0,0.04911607258410319,0.0,filtered,0.0937012576698572,0,1,12,predictive_link_3,predictive_link_3,0,0,1,solved,osqp,5.9687151054976795e-12,valid,0.005160613077984766,0.422473046|0.378705518|0.298402897|0.0136561418|0.00516061308|0.0168472644,0.572473046|0.528705518|0.448402897|0.163656142|0.155160613|0.166847264,0.542473046|0.498705518|0.418402897|0.133656142|0.125160613|0.136847264,0.15|0|0|0.15|0.15|0.15,0|0|-0.0784935922|0.0120828559|0.111882113|0.078285433,-0.0239704727|0.0289391669|0.0520899094|-0.0667074223|-0.0834132075|-0.0202622196,1.66592171|1.54376124|1.1672079|7.12740422e-10|0.0491113579|0.125412271,0.665379822|0.116552338|0.479702234,0.00133058964|-0.173917338|-0.0161404647,0.0052028838545084,0.0015850262716412544,0.0016399780288338661,0.0019442010670900345
45,2.3000000000000003,-1.1539352347574712,0.482505738735199,0.5451716780662537,0.1704781949520111,0.45644986629486084,0.35,5,0,0,0,0,,,nan,0,1.1158905029296875,0.7683719992637634,5.302855014801025,1.1154545545578003,1.0,nan,0,0,0,0,0.04911607258410319,0.0,filtered,0.07433767974427814,0,1,12,predictive_link_3,predictive_link_3,0,0,1,solved,osqp,5.444694660405869e-10,valid,0.0075844053205813555,0.421341824|0.380247564|0.297611846|0.0125441234|0.00758440532|0.0173772463,0.571341824|0.530247564|0.447611846|0.162544123|0.157584405|0.167377246,0.541341824|0.500247564|0.417611846|0.132544123|0.127584405|0.137377246,0.15|0|0|0.15|0.15|0.15,0|0|-0.0867436491|0.0117222753|0.114839185|0.0754196979,-0.0219092392|0.0310474818|0.0544250421|-0.0618987699|-0.077758715|-0.0140101202,1.66345806|1.55203774|1.15812878|-9.30221164e-10|0.0674180911|0.130918563,0.665446341|0.107856438|0.478895068,0.00133058964|-0.173917338|-0.0161404647,0.005245620384812355,0.001657392829656601,0.001630505546927452,0.0019226931035518646
46,2.35,-1.198755585283723,0.5213819146156311,0.5492791533470154,0.1676412671804428,0.4979536831378937,0.35,3,0,0,0,0,,,nan,0,1.1215696334838867,0.4892750680446625,15.279681205749512,1.1224414110183716,1.0,nan,0,0,0,0,0.04911607258410319,0.0,filtered,0.09127969567276598,0,1,12,predictive_link_3,predictive_link_3,0,0,1,solved,osqp,1.1471469746338059e-09,valid,0.010463290171095485,0.420316291|0.381914721|0.296595152|0.0113328646|0.0104632902|0.0181096045,0.570316291|0.531914721|0.446595152|0.161332865|0.16046329|0.168109604,0.540316291|0.501914721|0.416595152|0.131332865|0.13046329|0.138109604,0.15|0|0|0.15|0.15|0.15,0|0|-0.0953393212|0.00934511466|0.126832557|0.0800317488,-0.0198385408|0.0331421764|0.0567627703|-0.0546765765|-0.0715137537|-0.00786874293,1.66142662|1.56080106|1.14780406|-3.42636432e-09|0.0971719638|0.144601424,0.66551286|0.0991605371|0.478087902,0.00133058964|-0.173917338|-0.0161404647,0.005253668874502182,0.001604330725967884,0.0016638655215501785,0.0019503356888890266
47,2.4000000000000004,-1.233241661832973,0.5514397621154785,0.5531579256057739,0.1643601804971695,0.5305165648460388,0.35,3,0,0,0,0,,,nan,0,1.1172207593917847,0.40764862298965454,12.25716781616211,1.1191452741622925,1.0,nan,0,0,0,0,0.04911607258410319,0.0,filtered,0.10690281181509852,0,1,12,predictive_link_3,predictive_link_3,0,0,1,solved,osqp,8.657465994099667e-10,valid,0.009556652314606118,0.419390145|0.383552084|0.295149328|0.00955665231|0.0142520383|0.0194475484,0.569390145|0.533552084|0.445149328|0.159556652|0.164252038|0.169447548,0.539390145|0.503552084|0.415149328|0.129556652|0.134252038|0.139447548,0.15|0|0|0.15|0.15|0.15,0|0|-0.0914382546|0.00893191716|0.136677481|0.0833264051,-0.0177598725|0.0345118921|0.0591058347|-0.0471585273|-0.0646788368|-0.00200988423,1.65980071|1.56872023|1.14826489|-9.18958257e-10|0.129006797|0.159106715,0.665579379|0.0904646367|0.477280736,0.00133058964|-0.173917338|-0.0161404647,0.005137813277542591,0.001569550484418869,0.0016134576871991158,0.001920047216117382
48,2.45,-1.2551074838755494,0.5756457448005676,0.5564930438995361,0.16081027686595917,0.5570701360702515,0.35,3,0,0,0,0,,,nan,0,1.1051809787750244,0.7784212231636047,8.421027183532715,1.1077085733413696,1.0,nan,0,0,0,0,0.04911607258410319,0.0,filtered,0.12490072814804157,0,1,12,predictive_link_3,predictive_link_3,0,0,1,solved,osqp,4.635292427668247e-10,valid,0.007304256345621651,0.41855988|0.385046726|0.293791028|0.00730425635|0.01878999|0.0213187495,0.56855988|0.535046726|0.443791028|0.157304256|0.16878999|0.17131875,0.53855988|0.505046726|0.413791028|0.127304256|0.13878999|0.14131875,0.15|0|0|0.15|0.15|0.116423561,0|0|-0.0819816119|0.0107986953|0.143257011|0.0818751488,-0.0156743974|0.0345293987|0.0614451377|-0.0400157207|-0.0573800277|7.6607554e-19,1.65856512|1.5747163|1.15462764|-9.25357013e-12|0.161036943|0.167150147,0.665645897|0.0817687362|0.47647357,0.00133058964|-0.173917338|-0.0161404647,0.005134568549692631,0.0015786616131663322,0.00159511249512434,0.0019259797409176826
49,2.5,-1.26893208823176,0.5951072573661804,0.5591799020767212,0.15715952217578888,0.5787284970283508,0.35,3,0,0,0,0,,,nan,0,1.0876901149749756,0.985179603099823,5.039303779602051,1.091055989265442,1.0,nan,0,0,0,0,0.04911607258410319,0.0,filtered,0.15480340619368516,0,1,12,predictive_link_3,predictive_link_3,0,0,1,solved,osqp,5.454256560288862e-10,valid,0.004704291624230861,0.41781776|0.386249913|0.292576556|0.00470429162|0.0238669423|0.0233467943,0.56781776|0.536249913|0.442576556|0.154704292|0.173866942|0.173346794,0.53781776|0.506249913|0.412576556|0.124704292|0.143866942|0.143346794,0.15|0|0|0.15|0.15|0.0677091813,0|0|-0.0694069743|0.0146073489|0.146890099|0.0787393501,-0.013583616|0.0347529701|0.0637697817|-0.0334245162|-0.0497275889|-2.25757276e-18,1.65768742|1.57975262|1.16466903|-8.18526712e-10|0.19263028|0.172126527,0.665712416|0.0730728358|0.475666404,0.00133058964|-0.173917338|-0.0161404647,0.00527642946690321,0.0016073286533355713,0.0017370330169796944,0.001898026093840599
50,2.5500000000000003,-1.280641288423224,0.6107801198959351,0.5613732933998108,0.15353809297084808,0.5965048670768738,0.35,3,0,0,0,0,,,nan,0,1.06839919090271,1.0008777379989624,5.0884222984313965,1.0721442699432373,1.0,nan,0,0,0,0,0.04911607258410319,0.0,filtered,0.18666266345006097,0,1,12,predictive_link_3,predictive_link_3,0,0,1,solved,osqp,5.871443959498679e-09,valid,0.0019179873820466264,0.41716055|0.387136733|0.29153762|0.00191798738|0.0292897782|0.0254744925,0.56716055|0.537136733|0.44153762|0.151917987|0.179289778|0.175474493,0.53716055|0.507136733|0.41153762|0.121917987|0.149289778|0.145474493,0.15|0|0|0.15|0.15|0.023408197,0|0|-0.0545609937|0.0197576756|0.147709135|0.0762678525,-0.0114885755|0.0352271114|0.064478261|-0.0274296308|-0.0418551026|-2.1022758e-18,1.65715363|1.58377404|1.17606775|-5.66245534e-09|0.223013145|0.178165823,0.665778935|0.0643769354|0.474859238,0.00133058964|-0.173917338|-0.0161404647,0.005301311612129211,0.001629670150578022,0.0017378441989421844,0.0018990356475114822
51,2.6,-1.2676330941770175,0.5995751619338989,0.5632338523864746,0.15042166411876678,0.5866212248802185,0.35,3,0,0,0,0,,,nan,0,1.0485857725143433,1.015507459640503,5.819498062133789,1.0515251159667969,1.0,nan,0,0,0,0,0.04911607258410319,0.0,filtered,0.2126363499446602,0,1,12,predictive_link_3,predictive_link_3,0,0,1,solved,osqp,3.320000383985611e-08,valid,-0.0009092469160354444,0.416591659|0.387808593|0.290845731|-0.000909246916|0.0348797349|0.027761709,0.566591659|0.537808593|0.440845731|0.149090753|0.184879735|0.177761709,0.536591659|0.507808593|0.410845731|0.119090753|0.154879735|0.147761709,0.15|0|0|0.15|0.15|0,0|0|-0.0396545882|0.0255614914|0.147481057|0.0749502968,-0.00938977266|0.0359115823|0.065111649|-0.0219245376|-0.033916237|0.0017883641,1.65697686|1.58714595|1.18883999|-3.38382332e-08|0.25308376|0.187785497,0.665845454|0.0556810722|0.474052072,0.00133058964|-0.173917338|-0.0161404647,0.005293030291795731,0.0016025109216570854,0.0017319992184638977,0.0019241385161876678
52,2.6500000000000004,-1.2587758836045535,0.5901528596878052,0.5649169087409973,0.14791370928287506,0.5784763097763062,0.35,3,0,0,0,0,,,nan,0,1.0358954668045044,0.8110608458518982,8.651500701904297,1.0344443321228027,1.0,nan,0,0,0,0,0.04911607258410319,0.0,filtered,0.21712010752084043,0,1,12,predictive_link_3,predictive_link_3,0,0,1,solved,osqp,2.0391134419872614e-08,valid,-0.003518963792048635,0.416114292|0.388344231|0.290609888|-0.00351896379|0.0405601678|0.0303813147,0.566114292|0.538344231|0.440609888|0.146481036|0.190560168|0.180381315,0.536114292|0.508344231|0.410609888|0.116481036|0.160560168|0.150381315,0.15|0|0|0.15|0.15|0,0|0|-0.0311427225|0.0321295994|0.147539234|0.0748728205,-0.0072877602|0.0367679447|0.0659414938|-0.0180537647|-0.0260019287|0.00565214282,1.65716941|1.59014487|1.19723833|-2.04139521e-08|0.283777977|0.202050222,0.665911973|0.0469852164|0.473244905,0.00133058964|-0.173917338|-0.0161404647,0.005281270481646061,0.001643005758523941,0.0016897711902856827,0.0019152425229549408
53,2.7,-1.2583448605910337,0.5854467749595642,0.5666245222091675,0.1457715481519699,0.57513427734375,0.35,3,0,0,0,0,,,nan,0,1.02858304977417,0.5860449075698853,7.82794189453125,1.0228877067565918,1.0,nan,0,0,0,0,0.04911607258410319,0.0,filtered,0.21424245831850539,0,1,12,predictive_link_3,predictive_link_3,0,0,1,solved,osqp,3.5378401250230063e-09,valid,-0.005571490832649184,0.415732855|0.388812461|0.290638151|-0.00557149083|0.0463259803|0.0333929274,0.565732855|0.538812461|0.440638151|0.144428509|0.19632598|0.183392927,0.535732855|0.508812461|0.410638151|0.114428509|0.16632598|0.153392927,0.15|0|0|0.15|0.15|0,0|0|-0.0285518982|0.0371995007|0.148383261|0.0771209897,-0.00518303583|0.0377412867|0.066901825|-0.0149135407|-0.0181301594|0.00922118509,1.65774838|1.59299113|1.20090253|-3.33210927e-09|0.315557023|0.219913884,0.665978491|0.0382893607|0.472437739,0.00133058964|-0.173917338|-0.0161404647,0.005240146070718765,0.0016000010073184967,0.001687019132077694,0.0019192472100257874
54,2.75,-1.2665046888841383,0.5835757255554199,0.5686362385749817,0.14386878907680511,0.5747182965278625,0.35,3,0,0,0,0,,,nan,0,1.0308107137680054,0.48708420991897583,8.312350273132324,1.0223459005355835,1.0,nan,0,0,0,0,0.04911607258410319,0.0,filtered,0.21449852048540013,0,1,12,predictive_link_3,predictive_link_3,0,0,1,solved,osqp,6.385986864310134e-09,valid,-0.0072578064861505975,0.415453007|0.389298965|0.290784339|-0.00725780649|0.0522075343|0.0368860039,0.565453007|0.539298965|0.440784339|0.142742194|0.202207534|0.186886004,0.535453007|0.509298965|0.410784339|0.112742194|0.172207534|0.156886004,0.15|0|0|0.15|0.15|0,0|0|-0.031455178|0.0408164449|0.152994283|0.084082055,-0.0030760333|0.0387611021|0.0679084869|-0.0117852258|-0.0103689367|0.0125831015,1.658736|1.59595696|1.19959066|-6.86576579e-09|0.351455483|0.244209172,0.66604501|0.0295934994|0.471630573,0.00133058964|-0.173917338|-0.0161404647,0.005267529748380184,0.0015982165932655334,0.0016707144677639008,0.001963142305612564
55,2.8000000000000003,-1.2755475554224565,0.5815628170967102,0.5709671378135681,0.1421615034341812,0.5742409229278564,0.35,3,0,0,0,0,,,nan,0,1.0387619733810425,0.46483442187309265,4.537600040435791,1.0283641815185547,1.0,nan,0,0,0,0,0.04911607258410319,0.0,filtered,0.21302653780744144,0,1,12,predictive_link_3,predictive_link_3,0,0,1,solved,osqp,4.1224960098396046e-08,valid,-0.008697176195089085,0.415280251|0.389880825|0.290911984|-0.0086971762|0.0583916105|0.0410837029,0.565280251|0.539880825|0.440911984|0.141302824|0.208391611|0.191083703,0.535280251|0.509880825|0.410911984|0.111302824|0.178391611|0.161083703,0.15|0|0|0.15|0.15|0,0|0|-0.0372603312|0.0434071686|0.1572676|0.0909786716,-0.000967230628|0.0397591392|0.068878535|-0.00861850253|-0.00274717581|0.0158158499,1.66015377|1.59928244|1.19526614|-3.87119757e-08|0.388086866|0.271129333,0.666111529|0.0208976213|0.470823407,0.00133058964|-0.173917338|-0.0161404647,0.005328483879566193,0.0016206372529268265,0.0017226273193955421,0.001950555481016636
56,2.85,-1.2814387316782643,0.5772803425788879,0.5735365152359009,0.14064104855060577,0.571554958820343,0.35,3,0,0,0,0,,,nan,0,1.0482721328735352,0.4618103504180908,3.087883234024048,1.0363906621932983,1.0,nan,0,0,0,0,0.04911607258410319,0.0,filtered,0.20263694518753583,0,0,12,,predictive_link_3,0,0,1,solved,osqp,1.8257790328213286e-07,valid,-0.00993379063086397,0.415200727|0.39057103|0.290909033|-0.00993379063|0.0645714898|0.0459910025,0.565200727|0.54057103|0.440909033|0.140066209|0.21457149|0.195991002,0.535200727|0.51057103|0.410909033|0.110066209|0.18457149|0.165991002,0.122991575|0|0|0.15|0.060829097|0,0|0|-0.0447310405|0.0451484971|0.16027037|0.0962310338,-5.15783508e-19|0.040716315|0.0697890417|-0.00541351869|1.20161467e-18|0.0189214143,1.66080291|1.60300044|1.18869413|-1.84079166e-07|0.418556329|0.299116458,0.666178048|0.0122017479|0.470016241,0.00133058964|-0.173917338|-0.0161404647,0.0053024329245090485,0.0016214940696954727,0.0016998248174786568,0.0019471906125545502
57,2.9000000000000004,-1.280650611277554,0.5682290196418762,0.5762220025062561,0.13932137191295624,0.5641350150108337,0.35,3,0,0,0,0,,,nan,0,1.056433916091919,0.4385022819042206,3.1519668102264404,1.043829321861267,1.0,nan,0,0,0,0,0.04911607258410319,0.0,filtered,0.18730722651246598,0,0,12,,predictive_link_3,0,0,1,solved,osqp,5.840337928553208e-07,valid,-0.01097994021515386,0.415135454|0.391355459|0.290680962|-0.0109799402|0.070788466|0.0515388359,0.565135454|0.541355459|0.440680962|0.13902006|0.220788466|0.201538836,0.535135454|0.511355459|0.410680962|0.10902006|0.190788466|0.171538836,0.0731138515|0|0|0.15|0.0184874663|0,0|0|-0.0519931302|0.046114602|0.160189853|0.0985256962,7.21198097e-21|0.0416357103|0.0706437426|-0.00219542213|-2.45247347e-18|0.0218760673,1.66054182|1.60705755|1.18137446|-5.81029924e-07|0.443343717|0.326557107,0.666244566|0.00350588094|0.469209075,0.00133058964|-0.173917338|-0.0161404647,0.005326026119291782,0.0016348231583833694,0.001706564798951149,0.001950342208147049
58,2.95,-1.2661409103671588,0.548005998134613,0.5788835287094116,0.13825397193431854,0.5453289151191711,0.35,3,0,0,0,0,,,nan,0,1.0630927085876465,0.3893706798553467,3.360072374343872,1.0500049591064453,1.0,nan,0,0,0,0,0.04911607258410319,0.0,filtered,0.1711154180213188,0,1,12,predictive_link_3,predictive_link_3,2,0,0,inaccurate_solution,,0.0,valid,-0.011827326016097983,0.415072986|0.392225815|0.29022468|-0.011827326|0.0770823241|0.0575883159,0.565072986|0.542225815|0.44022468|0.138172674|0.227082324|0.207588316,0.535072986|0.512225815|0.41022468|0.108172674|0.197082324|0.177588316,0.0232332165|0|0|0.141112042|0|0,0|0|-0.0570875372|0.0473093056|0.156553429|0.0977867126,4.48850121e-19|0.0425219963|0.071449851|-8.29135034e-19|0.00210096354|0.0246726812,1.66029194|1.61142526|1.17526103|1.57770651e-09|0.466983689|0.352812657,0.666311085|-0.00518998643|0.468401909,0.00133058964|-0.173917338|-0.0161404647,0.005463728681206703,0.0016286354511976242,0.001727106049656868,0.0020711030811071396
59,3.0,-1.2211053805350822,0.5000768303871155,0.5813837051391602,0.13754068315029144,0.4985140264034271,0.35,3,0,0,0,0,,,nan,0,1.0675922632217407,0.33688586950302124,5.18437385559082,1.0535738468170166,1.0,nan,0,0,0,0,0.04911607258410319,0.0,filtered,0.15829868833966573,0,1,12,predictive_link_3,predictive_link_3,0,0,1,solved,osqp,2.0752064219808908e-08,valid,-0.012491769456290935,0.415026499|0.393157924|0.289600868|-0.0124917695|0.0834201358|0.0639857022,0.565026499|0.543157924|0.439600868|0.137508231|0.233420136|0.213985702,0.535026499|0.513157924|0.409600868|0.107508231|0.203420136|0.183985702,0|0|0|0.113510738|0|0,0|0|-0.0573813499|0.0499670585|0.149801805|0.0940929066,0.00112755905|0.043398299|0.0722364868|1.19999091e-18|0.00570629045|0.0272947684,1.66123355|1.61603|1.17325861|-1.930813e-08|0.489188638|0.377330484,0.666377604|-0.0138858538|0.467594743,0.00133058964|-0.173917338|-0.0161404647,0.005157295614480972,0.0016138432547450066,0.0016089044511318207,0.0019000815227627754
60,3.0500000000000003,-1.1719986868472283,0.4501853883266449,0.583635151386261,0.13718681037425995,0.44945651292800903,0.35,3,0,0,0,0,,,nan,0,1.0674834251403809,0.5223619937896729,6.990200042724609,1.0535508394241333,1.0,nan,0,0,0,0,0.04911607258410319,0.0,filtered,0.14074393085634385,0,1,12,predictive_link_3,predictive_link_3,0,0,1,solved,osqp,4.1127792817230446e-08,valid,-0.012892644163179368,0.41507174|0.394120333|0.288978415|-0.0128926442|0.0896765577|0.0705677748,0.56507174|0.544120333|0.438978415|0.137107356|0.239676558|0.220567775,0.53507174|0.514120333|0.408978415|0.107107356|0.209676558|0.190567775,0|0|0|0.0864374393|0|0,0|0|-0.0511018616|0.0515705352|0.137900905|0.0860756487,0.0032377481|0.0443037834|0.0730515772|-9.70320495e-19|0.00916098328|0.0297267164,1.66352471|1.62078512|1.17786337|-4.14721054e-08|0.505768119|0.398073464,0.666444123|-0.02258173|0.466787577,0.00133058964|-0.173917338|-0.0161404647,0.005212526768445969,0.00156334787607193,0.001642492599785328,0.001972021535038948
61,3.1,-1.168351327849741,0.4484376013278961,0.5855321884155273,0.13717995584011078,0.44824111461639404,0.35,3,0,0,0,0,,,nan,0,1.0799989700317383,0.8436388373374939,10.110727310180664,1.0668166875839233,1.0,nan,0,0,0,0,0.04911607258410319,0.0,filtered,0.13074955527115975,0,1,12,predictive_link_3,predictive_link_3,0,0,1,solved,osqp,6.516572424730693e-08,valid,-0.013014903348442464,0.415221803|0.395166339|0.288723547|-0.0130149033|0.0956168863|0.0770874174,0.565221803|0.545166339|0.438723547|0.136985097|0.245616886|0.227087417,0.535221803|0.515166339|0.408723547|0.106985097|0.215616886|0.197087417,0|0|0|0.0589441354|0|0,0|0|-0.0392407141|0.0520595479|0.123034423|0.0746833503,0.00534675938|0.0452181763|0.0738784205|-2.36018762e-18|0.0125273778|0.0320601254,1.66623397|1.62588353|1.1895319|-6.54540371e-08|0.518029346|0.415093145,0.666510642|-0.0312776081|0.465980411,0.00133058964|-0.173917338|-0.0161404647,0.005217893049120903,0.0015816707164049149,0.0016270391643047333,0.0019763903692364693
62,3.1500000000000004,-1.1724595647822582,0.4475599527359009,0.5874580144882202,0.13736902177333832,0.4475589394569397,0.35,3,0,0,0,0,,,nan,0,1.0900752544403076,0.457221657037735,18.447906494140625,1.0793172121047974,1.0,nan,0,0,0,0,0.04911607258410319,0.0,filtered,0.09726665298193435,0,1,12,predictive_link_3,predictive_link_3,0,0,1,solved,osqp,6.669847125995165e-08,valid,-0.012874464889206405,0.415476252|0.39631137|0.289106582|-0.0128744649|0.101094392|0.0833530709,0.565476252|0.54631137|0.439106582|0.137125535|0.251094392|0.233353071,0.535476252|0.51631137|0.409106582|0.107125535|0.221094392|0.203353071,0|0|0|0.0306205395|0|0,0|0|-0.0454545694|0.0514977913|0.11842322|0.074702949,0.00745363825|0.0461469922|0.0747281786|-1.06168342e-18|0.0158327933|0.0343259643,1.66935864|1.63139247|1.18569994|-6.82875452e-08|0.538633582|0.442441197,0.66657716|-0.0399734639|0.465173244,0.00133058964|-0.173917338|-0.0161404647,0.00524042546749115,0.0016266703605651855,0.0016453228890895844,0.0019327038899064064
63,3.2,-1.1775532303926914,0.44621115922927856,0.5894772410392761,0.13774345815181732,0.4462111294269562,0.35,3,0,0,0,0,,,nan,0,1.094793438911438,0.5399799942970276,4.897143840789795,1.0869038105010986,1.0,nan,0,0,0,0,0.04911607258410319,0.0,filtered,0.06687684628672932,0,1,12,predictive_link_3,predictive_link_3,0,0,1,solved,osqp,5.722110214129161e-08,valid,-0.012631256725452178,0.415839187|0.397551054|0.289317233|-0.0126312567|0.106604375|0.0899543588,0.565839187|0.547551054|0.439317233|0.137368743|0.256604375|0.239954359,0.535839187|0.517551054|0.409317233|0.107368743|0.226604375|0.209954359,0|0|0|0.00219025438|0|0,0|0|-0.0548490064|0.0505249684|0.114372877|0.0761643211,0.00955779441|0.0470347647|0.0755242825|1.68205482e-18|0.0190652609|0.0364844137,1.67291454|1.63723898|1.17794421|-5.8485469e-08|0.559855639|0.47246617,0.666643679|-0.0486693196|0.464366078,0.00133058964|-0.173917338|-0.0161404647,0.005249122157692909,0.001613355241715908,0.0016117487102746964,0.0019898172467947006
64,3.25,-1.1770342642022071,0.4443966746330261,0.5913260579109192,0.13824938237667084,0.4443967044353485,0.35,3,0,0,0,0,,,nan,0,1.0945420265197754,0.508648693561554,9.855504989624023,1.088868260383606,1.0,nan,0,0,0,0,0.04911607258410319,0.0,filtered,0.052671011759781575,0,1,12,predictive_link_3,predictive_link_3,0,0,1,solved,osqp,5.30024309858268e-08,valid,-0.012256552236724172,0.416312501|0.398899058|0.289232864|-0.0122565522|0.112184031|0.0969549087,0.566312501|0.548899058|0.439232864|0.137743448|0.262184031|0.246954909,0.536312501|0.518899058|0.409232864|0.107743448|0.232184031|0.216954909,0|0|0|0|0|0,0|0|-0.0554283185|0.0459558224|0.102363707|0.0696877007,0.0116584494|0.0478559347|0.0762361838|0.00307033146|0.0222378096|0.0385567653,1.67690845|1.64345217|1.17773932|-5.50590696e-08|0.573337639|0.496064101,0.666710198|-0.0573651753|0.463558912,0.00133058964|-0.173917338|-0.0161404647,0.0053425682708621025,0.0015875520184636116,0.0017278222367167473,0.001993534155189991
65,3.3000000000000003,-1.1735506308639025,0.44219115376472473,0.5928970575332642,0.13886724412441254,0.44219115376472473,0.35,3,0,0,0,0,,,nan,0,1.0946613550186157,0.5257588624954224,3.305659055709839,1.0904147624969482,1.0,nan,0,0,0,0,0.04911607258410319,0.0,filtered,0.04602038582841881,0,1,12,predictive_link_3,predictive_link_3,0,0,1,solved,osqp,5.0840652653094676e-08,valid,-0.011750615183940993,0.416896394|0.400387373|0.289291169|-0.0117506152|0.117456705|0.103907192,0.566896394|0.550387373|0.439291169|0.138249385|0.267456705|0.253907192,0.536896394|0.520387373|0.409291169|0.108249385|0.237456705|0.223907192,0|0|0|0|0|0,0|0|-0.0530669992|0.0404904513|0.0887686611|0.0611056415,0.0137547014|0.0486074161|0.076871072|0.00651195646|0.0253903772|0.0406136798,1.68134028|1.65015691|1.18096875|-5.29734507e-08|0.583985857|0.51734809,0.666776717|-0.0660610497|0.462751746,0.00133058964|-0.173917338|-0.0161404647,0.005516313016414642,0.0016527101397514343,0.0017494969069957733,0.0020771706476807594
66,3.35,-1.1687012503229197,0.4397352337837219,0.5941677093505859,0.13955901563167572,0.43973520398139954,0.35,3,0,0,0,0,,,nan,0,1.095989465713501,0.48734134435653687,2.292956590652466,1.0932669639587402,1.0,nan,0,0,0,0,0.04911607258410319,0.0,filtered,0.03475339759886538,0,1,12,predictive_link_3,predictive_link_3,0,0,1,solved,osqp,3.887244989092542e-08,valid,-0.01113275791110574,0.417588738|0.401994616|0.289594128|-0.0111327579|0.12233957|0.110671935,0.567588738|0.551994616|0.439594128|0.138867242|0.27233957|0.260671935,0.537588738|0.521994616|0.409594128|0.108867242|0.24233957|0.230671935,0|0|0|0|0|0,0|0|-0.0527746641|0.0344824443|0.0760528718|0.0531533893,0.0158454972|0.0493129997|0.0774592482|0.0100485473|0.0285116957|0.0426458321,1.68620045|1.65729146|1.1830611|-3.99914353e-08|0.593922847|0.53848696,0.666843235|-0.0747569501|0.46194458,0.00133058964|-0.173917338|-0.0161404647,0.005469669587910175,0.0016341404989361763,0.0017565954476594925,0.002042156644165516
67,3.4000000000000004,-1.1629462885325212,0.4371115267276764,0.5951364636421204,0.14030246436595917,0.4371115565299988,0.35,3,0,0,0,0,,,nan,0,1.097213864326477,0.4729042649269104,0.8951514363288879,1.0957657098770142,1.0,nan,0,0,0,0,0.04911607258410319,0.0,filtered,0.022270868947492896,0,1,12,predictive_link_3,predictive_link_3,2,0,0,inaccurate_solution,,0.0,valid,-0.010440996490893972,0.418387718|0.403688556|0.290004896|-0.0104409965|0.126865875|0.117260839,0.568387718|0.553688556|0.440004896|0.139559004|0.276865875|0.267260839,0.538387718|0.523688556|0.410004896|0.109559004|0.246865875|0.237260839,0|0|0|0|0|0,0|0|-0.0530109612|0.0281487645|0.0637832127|0.0455548901,0.0179298227|0.049990869|0.0780203364|0.0136152219|0.0315757588|0.0446216118,1.69148069|1.66474509|1.18502896|3.8951696e-10|0.602822472|0.559219858,0.666909754|-0.0834528506|0.461137414,0.00133058964|-0.173917338|-0.0161404647,0.005468153394758701,0.0016515469178557396,0.0017031077295541763,0.002079238183796406
68,3.45,-1.1560631004728819,0.43436935544013977,0.5957888960838318,0.1410844475030899,0.43436938524246216,0.35,3,0,0,0,0,,,nan,0,1.097731113433838,0.4598226547241211,1.7987897396087646,1.0974613428115845,1.0,nan,0,0,0,0,0.04911607258410319,0.0,filtered,0.011445540579339658,0,2,12,predictive_link_3|workspace_z_lower,workspace_z_lower,0,0,1,solved,osqp,0.0,valid,-0.00969752858928663,0.419292557|0.405458823|0.290486061|-0.00969752859|0.131051138|0.123667138,0.569292557|0.555458823|0.440486061|0.140302471|0.281051138|0.273667138,0.539292557|0.525458823|0.410486061|0.110302471|0.251051138|0.243667138,0|0|0|0|0|0,0|0|-0.051500691|0.0215983466|0.0514038397|0.0375518658,0.0200067676|0.0506462253|0.0785602636|0.0171917808|0.0345798835|0.0465385742,1.697177|1.67248152|1.18900382|1.30427181e-08|0.610188276|0.578758992,0.666976273|-0.092148751|0.460330248,0.00133058964|-0.173917338|-0.0161404647,0.005279362201690674,0.0016101989895105362,0.0016663121059536934,0.0019675083458423615
69,3.5,-1.1480824440936352,0.43154188990592957,0.5961116552352905,0.1418961137533188,0.43154194951057434,0.35,3,0,0,0,0,,,nan,0,1.0968290567398071,0.5716506242752075,6.581538677215576,1.0988705158233643,1.0,nan,0,0,0,0,0.04911607258410319,0.0,filtered,0.019994725465390772,0,2,12,predictive_link_3|workspace_z_lower,workspace_z_lower,0,0,1,solved,osqp,0.0,valid,-0.008915549830895098,0.420302298|0.407302551|0.291112448|-0.00891554983|0.134883436|0.129839537,0.570302298|0.557302551|0.441112448|0.14108445|0.284883436|0.279839537,0.540302298|0.527302551|0.411112448|0.11108445|0.254883436|0.249839537,0|0|0|0|0|0,0|0|-0.0432841409|0.0148835106|0.038186611|0.0279654436,0.0220754337|0.0512863314|0.0790887152|0.0207787304|0.0375313981|0.0484075894,1.70328462|1.68049653|1.20025437|4.16961244e-08|0.615251755|0.595731182,0.667042792|-0.100844651|0.459523082,0.00133058964|-0.173917338|-0.0161404647,0.005380516871809959,0.0016831746324896812,0.0016891974955797195,0.0019729509949684143
70,3.5500000000000003,-1.1393281743613306,0.4287358224391937,0.5961053371429443,0.14270712435245514,0.4287358522415161,0.35,3,0,0,0,0,,,nan,0,1.097520112991333,0.4788699448108673,2.657460927963257,1.1004880666732788,1.0,nan,0,0,0,0,0.04911607258410319,0.0,filtered,0.030731722234573978,0,2,12,predictive_link_3|workspace_z_lower,workspace_z_lower,0,0,1,solved,osqp,0.0,valid,-0.008103870518728018,0.421416321|0.409240113|0.292214468|-0.00810387052|0.138315|0.13565598,0.571416321|0.559240113|0.442214468|0.141896129|0.288315|0.28565598,0.541416321|0.529240113|0.412214468|0.111896129|0.258315|0.25565598,0|0|0|0|0|0,0|0|-0.0376081799|0.007980448|0.0262084197|0.0193027019,0.0241349659|0.0519146923|0.0796144965|0.024435059|0.0404695478|0.0502788166,1.70980025|1.68887514|1.21086419|2.48853912e-08|0.619937966|0.612205437,0.667109311|-0.109540552|0.458715916,0.00133058964|-0.173917338|-0.0161404647,0.005220530554652214,0.0015917997807264328,0.0016325367614626884,0.001963079907000065
71,3.6,-1.1297112634970248,0.4254600405693054,0.5957886576652527,0.14366085827350616,0.4254601001739502,0.35,3,0,0,0,0,,,nan,0,1.0987284183502197,0.4817086160182953,7.67684268951416,1.1029987335205078,1.0,nan,0,0,0,0,0.04911607258410319,0.0,filtered,0.05064678069193578,0,1,12,workspace_z_lower,workspace_z_lower,0,0,1,solved,osqp,1.6151285624904643e-08,valid,-0.00729287871842299,0.422632783|0.411245573|0.293642215|-0.00729287872|0.141394507|0.14115432,0.572632783|0.561245573|0.443642215|0.142707121|0.291394507|0.29115432,0.542632783|0.531245573|0.413642215|0.112707121|0.261394507|0.26115432,0|0|0|0|0|0,0|0|-0.030340397|0.00436566865|0.0177991158|0.0127487929,0.0261844632|0.0525474211|0.0801536532|0.0281006294|0.0433712684|0.0521255535,1.71671559|1.69752971|1.22438211|0.00329478318|0.626748414|0.629491626,0.667175829|-0.118236452|0.45790875,0.00133058964|-0.173917338|-0.0161404647,0.005256636068224907,0.0016424329951405525,0.0016617057844996452,0.0019172457978129387
72,3.6500000000000004,-1.120754307604566,0.4213457405567169,0.5952709317207336,0.1448695808649063,0.4213457703590393,0.35,3,0,0,0,0,,,nan,0,1.1001808643341064,0.5715745687484741,4.554047584533691,1.105250358581543,1.0,nan,0,0,0,0,0.04911607258410319,0.0,filtered,0.06469399675749735,0,1,12,workspace_z_lower,workspace_z_lower,0,0,1,solved,osqp,2.1139581071749625e-08,valid,-0.006339140131001675,0.423943149|0.413239534|0.295350069|-0.00633914013|0.144270388|0.146436042,0.573943149|0.563239534|0.445350069|0.14366086|0.294270388|0.296436042,0.543943149|0.533239534|0.415350069|0.11366086|0.264270388|0.266436042,0|0|0|0|0|0,0|0|-0.0219864247|0.00347763058|0.0126485288|0.00886484441,0.0282226873|0.0532819353|0.0808102796|0.031589283|0.0461540878|0.0538562075,1.72399528|1.70624007|1.24022413|0.0097103531|0.635884167|0.648465219,0.667242348|-0.126932353|0.457101583,0.00133058964|-0.173917338|-0.0161404647,0.005308421328663826,0.0016702981665730476,0.001660672016441822,0.001939491368830204
73,3.7,-1.1121295707202719,0.41620105504989624,0.5946424603462219,0.14639835059642792,0.41620105504989624,0.35,3,0,0,0,0,,,nan,0,1.1011134386062622,0.6456710696220398,2.8971025943756104,1.1068147420883179,1.0,nan,0,0,0,0,0.04911607258410319,0.0,filtered,0.07694009493959736,0,1,12,workspace_z_lower,workspace_z_lower,0,0,1,solved,osqp,2.5483812990390042e-08,valid,-0.00513041770306949,0.425343968|0.415206209|0.297359836|-0.0051304177|0.147088058|0.151629379,0.575343968|0.565206209|0.447359836|0.144869582|0.297088058|0.301629379,0.545343968|0.535206209|0.417359836|0.114869582|0.267088058|0.271629379,0|0|0|0|0|0,0|0|-0.0134297619|0.00432702254|0.00974622418|0.00696467123,0.0302487603|0.0541529478|0.0816189183|0.0348338882|0.0487961026|0.055450161,1.73162463|1.71497778|1.2576285|0.01863924|0.646894561|0.668932347,0.667308867|-0.135628253|0.456294417,0.00133058964|-0.173917338|-0.0161404647,0.005399693734943867,0.0016474947333335876,0.0017328057438135147,0.001985318958759308
74,3.75,-1.1037422814321034,0.40993836522102356,0.5939827561378479,0.14828599989414215,0.40993836522102356,0.35,3,0,0,0,0,,,nan,0,1.101539969444275,0.6896577477455139,1.9945194721221924,1.1080201864242554,1.0,nan,0,0,0,0,0.04911607258410319,0.0,filtered,0.0898265987097437,0,1,12,workspace_z_lower,workspace_z_lower,0,0,1,solved,osqp,2.9656248026754817e-08,valid,-0.0036016435507417732,0.426833102|0.417142553|0.299672123|-0.00360164355|0.149946932|0.156826147,0.576833102|0.567142553|0.449672123|0.146398356|0.299946932|0.306826147,0.546833102|0.537142553|0.419672123|0.116398356|0.269946932|0.276826147,0|0|0|0|0|0,0|0|-0.00516631871|0.00635323244|0.00846042256|0.00663533385,0.0322619122|0.0551782431|0.0825957675|0.0377934823|0.0512872125|0.0569036237,1.73959432|1.72374845|1.27611794|0.0297401406|0.659535364|0.690843547,0.667375386|-0.144324154|0.455487251,0.00133058964|-0.173917338|-0.0161404647,0.0052531324326992035,0.0015903664752840996,0.0016815755516290665,0.0019478006288409233
75,3.8000000000000003,-1.0955457589923037,0.40248438715934753,0.5933631658554077,0.15057213604450226,0.40248435735702515,0.35,3,0,0,0,0,,,nan,0,1.1025545597076416,0.7369107007980347,1.599395513534546,1.10988450050354,1.0,nan,0,0,0,0,0.04911607258410319,0.0,filtered,0.10239288093500738,0,1,12,workspace_z_lower,workspace_z_lower,0,0,1,solved,osqp,3.302322302070615e-08,valid,-0.0017140189904533698,0.428409281|0.419052092|0.302274625|-0.00171401899|0.152918012|0.162097311,0.578409281|0.569052092|0.452274625|0.148285981|0.302918012|0.312097311,0.548409281|0.539052092|0.422274625|0.118285981|0.272918012|0.282097311,0|0|0|0|0|0,0|0|0.00293634319|0.00950577709|0.00858055537|0.00768566696,0.0342614385|0.0563643607|0.0837449484|0.040447181|0.0536257057|0.0582232968,1.74789856|1.73257273|1.29577979|0.0430968822|0.673878307|0.714298209,0.667441905|-0.153020054|0.454680085,0.00133058964|-0.173917338|-0.0161404647,0.005356792360544205,0.0016646003350615501,0.0016890065744519234,0.001970311626791954
76,3.85,-1.087396946326883,0.39384350180625916,0.592839777469635,0.1532779484987259,0.39384353160858154,0.35,3,0,0,0,0,,,nan,0,1.1044670343399048,0.7512121200561523,1.010036587715149,1.112593650817871,1.0,nan,0,0,0,0,0.04911607258410319,0.0,filtered,0.11351393087353132,0,1,12,workspace_z_lower,workspace_z_lower,0,0,1,solved,osqp,3.439150550454961e-08,valid,0.00057211429455295,0.430071078|0.420935759|0.305157651|0.000572114295|0.156062448|0.167507723,0.580071078|0.570935759|0.455157651|0.150572114|0.306062448|0.317507723,0.550071078|0.540935759|0.425157651|0.120572114|0.276062448|0.287507723,0|0|0|0|0|0,0|0|0.0105295171|0.0133706535|0.00961033704|0.00973896791,0.036246649|0.0577188231|0.0850718994|0.0427765261|0.0558092949|0.0594154023,1.75653096|1.74146186|1.31623202|0.0584356368|0.689669423|0.739185262,0.667508423|-0.161715955|0.453872919,0.00133058964|-0.173917338|-0.0161404647,0.005291125737130642,0.0015901708975434303,0.0017025908455252647,0.001964881084859371
77,3.9000000000000004,-1.0811035638216735,0.38403499126434326,0.5925506949424744,0.15642522275447845,0.38403502106666565,0.35,3,0,0,0,0,,,nan,0,1.1037497520446777,0.6277410984039307,3.7994420528411865,1.1163694858551025,1.0,nan,0,0,0,0,0.04911607258410319,0.0,filtered,0.13719681223115693,0,1,12,workspace_z_lower|joint_3_velocity_upper,workspace_z_lower,0,0,1,solved,osqp,0.0,valid,0.003277949696637028,0.431817458|0.422794965|0.308297421|0.0032779497|0.159418406|0.173104348,0.581817458|0.572794965|0.458297421|0.15327795|0.309418406|0.323104348,0.551817458|0.542794965|0.428297421|0.12327795|0.279418406|0.293104348,0|0|0|0|0|0,0|0|0.0170101924|0.0179563298|0.0117543458|0.0136935994,0.0382168893|0.0592435291|0.0865762411|0.0447750498|0.057839791|0.0604905358,1.76548672|1.75042339|1.33677612|0.0758431784|0.70726776|0.766601528,0.667574942|-0.170411855|0.453065753,0.00133058964|-0.173917338|-0.0161404647,0.00526006706058979,0.001577494665980339,0.001694059930741787,0.001954232342541218
78,3.95,-1.0753964397795106,0.37315550446510315,0.5925495624542236,0.1600155085325241,0.37315550446510315,0.35,3,0,0,0,0,,,nan,0,1.0991700887680054,0.559930145740509,2.6993095874786377,1.1187248229980469,1.0,nan,0,0,0,0,0.04911607258410319,0.0,filtered,0.16070515900153406,0,1,12,workspace_z_lower|joint_3_velocity_upper,workspace_z_lower,0,0,1,solved,osqp,4.419022786583682e-11,valid,0.006425218429234769,0.43365268|0.424676315|0.311713231|0.00642521843|0.16304662|0.178971087,0.58365268|0.574676315|0.461713231|0.156425218|0.31304662|0.328971087,0.55365268|0.544676315|0.431713231|0.126425218|0.28304662|0.298971087,0|0|0|0|0|0,0|0|0.0226260214|0.0227404167|0.0142865237|0.0183441601,0.0401717803|0.0608766188|0.0881889482|0.0465576712|0.059772909|0.0615175027,1.7747825|1.75958188|1.35766789|0.0949989616|0.726245911|0.795746012,0.667641461|-0.179107755|0.452258587,0.00133058964|-0.173917338|-0.0161404647,0.005274413153529167,0.0015495000407099724,0.0016403105109930038,0.002052837051451206
79,4.0,-1.068997410792658,0.3613881766796112,0.5928122997283936,0.16402365267276764,0.3613881468772888,0.35,3,0,0,0,0,,,nan,0,1.0955735445022583,0.520747184753418,1.3626090288162231,1.1186197996139526,1.0,nan,0,0,0,0,0.04911607258410319,0.0,filtered,0.175937173133236,0,1,12,workspace_z_lower|joint_3_velocity_upper,workspace_z_lower,0,0,1,solved,osqp,1.3457340103384396e-10,valid,0.010015491802481624,0.435578487|0.426600897|0.315397799|0.0100154918|0.166965015|0.185127796,0.585578487|0.576600897|0.465397799|0.160015492|0.316965015|0.335127796,0.555578487|0.546600897|0.435397799|0.130015492|0.286965015|0.305127796,0|0|0|0|0|0,0|0|0.0271128472|0.027131416|0.0164341779|0.0226328359,0.0421108372|0.0625865925|0.089874697|0.0481852668|0.0616344925|0.0625306713,1.78442478|1.76899018|1.37857874|0.11537865|0.745928731|0.825674693,0.66770798|-0.187803656|0.451451421,0.00133058964|-0.173917338|-0.0161404647,0.005273979157209396,0.0015690550208091736,0.0016526244580745697,0.002022216096520424
80,4.05,-1.0620400782414845,0.34894660115242004,0.5933139324188232,0.16841228306293488,0.34894663095474243,0.35,3,0,0,0,0,,,nan,0,1.0914795398712158,0.4609105587005615,1.9779763221740723,1.116618037223816,1.0,nan,0,0,0,0,0.04911607258410319,0.0,filtered,0.18490219845054587,0,1,12,workspace_z_lower|joint_3_velocity_upper,workspace_z_lower,0,0,1,solved,osqp,1.8277859781257177e-10,valid,0.014023637541123901,0.437593392|0.428557435|0.319282961|0.0140236375|0.171148043|0.191552381,0.587593392|0.578557435|0.469282961|0.164023638|0.321148043|0.341552381,0.557593392|0.548557435|0.439282961|0.134023638|0.291148043|0.311552381,0|0|0|0|0|0,0|0|0.0302076849|0.0308874855|0.0179389688|0.0264410353,0.0440334376|0.0643797205|0.0916396632|0.0496419137|0.0634170709|0.0635256463,1.79440701|1.77860946|1.39897919|0.136623949|0.765948212|0.856176205,0.667774498|-0.196499556|0.450644255,0.00133058964|-0.173917338|-0.0161404647,0.005237938836216927,0.0015539005398750305,0.0016048680990934372,0.0020493799820542336
81,4.1000000000000005,-1.054992443538322,0.3360019028186798,0.5940467715263367,0.17315544188022614,0.3360019326210022,0.35,3,0,0,0,0,,,nan,0,1.0867981910705566,0.4037729799747467,1.7995694875717163,1.113235592842102,1.0,nan,0,0,0,0,0.04911607258410319,0.0,filtered,0.19013863624048613,0,1,12,workspace_z_lower|joint_3_velocity_upper,workspace_z_lower,0,0,1,solved,osqp,2.070779173135584e-10,valid,0.018412278583486208,0.439696837|0.430541519|0.323300345|0.0184122786|0.175559161|0.198210367,0.589696837|0.580541519|0.473300345|0.168412279|0.325559161|0.348210367,0.559696837|0.550541519|0.443300345|0.138412279|0.295559161|0.318210367,0|0|0|0|0|0,0|0|0.0321058214|0.0342291938|0.0189989058|0.0300275898,0.0459390335|0.066250877|0.0934776694|0.0509335612|0.0651225299|0.064506769,1.80472638|1.78841695|1.41878487|0.158811869|0.786358081|0.887375829,0.667841017|-0.205195457|0.449837089,0.00133058964|-0.173917338|-0.0161404647,0.005265179090201855,0.001597394235432148,0.0016309013590216637,0.002006254158914089
82,4.15,-1.0479118292097453,0.32269325852394104,0.5949998497962952,0.17823566496372223,0.32269325852394104,0.35,3,0,0,0,0,,,nan,0,1.082198977470398,0.3676861524581909,1.3695924282073975,1.109116792678833,1.0,nan,0,0,0,0,0.04911607258410319,0.0,filtered,0.19200478239176277,0,1,12,workspace_z_lower|joint_3_velocity_upper,workspace_z_lower,0,0,1,solved,osqp,2.1201154026817548e-10,valid,0.023155443082236715,0.44188895|0.432555399|0.327400722|0.0231554431|0.180173891|0.205079803,0.59188895|0.582555399|0.477400722|0.173155443|0.330173891|0.355079803,0.56188895|0.552555399|0.447400722|0.143155443|0.300173891|0.325079803,0|0|0|0|0|0,0|0|0.033095734|0.037289305|0.0196830941|0.0333804918,0.0478271389|0.0681865605|0.0953738328|0.0520830298|0.0667599823|0.0654846752,1.81538294|1.79840816|1.43807246|0.181994107|0.807138641|0.919184377,0.667907536|-0.213891357|0.449029922,0.00133058964|-0.173917338|-0.0161404647,0.00483758095651865,0.0012964541092514992,0.00156394112855196,0.0019471747800707817
83,4.2,-1.040144270278489,0.30916139483451843,0.5961240530014038,0.18363149464130402,0.30916139483451843,0.35,3,0,0,0,0,,,nan,0,1.0771902799606323,0.44096052646636963,2.5398690700531006,1.1020770072937012,1.0,nan,0,0,0,0,0.04911607258410319,0.0,filtered,0.18637309938085425,0,1,12,workspace_z_lower|joint_3_velocity_upper,workspace_z_lower,0,0,1,solved,osqp,1.5664426700201517e-10,valid,0.028235652332444683,0.444169335|0.434597036|0.331541753|0.0282356523|0.184970989|0.211646301,0.594169335|0.584597036|0.481541753|0.178235652|0.334970989|0.361646301,0.564169335|0.554597036|0.451541753|0.148235652|0.304970989|0.331646301,0|0|0|0|0|0,0|0|0.0333550155|0.0399370717|0.0197000882|0.0348244146,0.0496972686|0.0701791826|0.0973196695|0.0531043239|0.0683341416|0.0720290814,1.82637461|1.80856733|1.4568417|0.205984005|0.827918185|0.9534387,0.667974055|-0.222587258|0.448222756,0.00133058964|-0.173917338|-0.0161404647,0.005201704800128937,0.0016583837568759918,0.0014752233400940895,0.002032897435128689
84,4.25,-1.0322909361181203,0.2955402731895447,0.5973994135856628,0.18931959569454193,0.2955402433872223,0.35,3,0,0,0,0,,,nan,0,1.0709866285324097,0.4696137309074402,2.109023094177246,1.0923330783843994,1.0,nan,0,0,0,0,0.04911607258410319,0.0,filtered,0.17802273129950527,0,1,12,workspace_z_lower|joint_3_velocity_upper,workspace_z_lower,0,0,1,solved,osqp,9.576998916127621e-11,valid,0.033631485204826866,0.446535212|0.436640831|0.33565352|0.0336314852|0.189903128|0.217295673,0.596535212|0.586640831|0.48565352|0.183631485|0.339903128|0.367295673,0.566535212|0.556640831|0.45565352|0.153631485|0.309903128|0.337295673,0|0|0|0|0|0,0|0|0.0325835765|0.042183825|0.0197124927|0.0353008484,0.0515488494|0.0722481874|0.0993357814|0.0539651631|0.0693200536|0.0788475609,1.8376897|1.81881151|1.47453344|0.230674929|0.848645056|0.983331101,0.668040574|-0.231283158|0.44741559,0.00133058964|-0.173917338|-0.0161404647,0.004893552511930466,0.0013532498851418495,0.0014912020415067673,0.00201409962028265
85,4.3,-1.0241398772844268,0.2820156514644623,0.5987886786460876,0.19524739682674408,0.2820156514644623,0.35,3,0,0,0,0,,,nan,0,1.0637085437774658,0.4657400846481323,2.8647561073303223,1.0790596008300781,1.0,nan,0,0,0,0,0.04911607258410319,0.0,filtered,0.166069902034445,0,1,12,workspace_z_lower|joint_3_velocity_upper,workspace_z_lower,0,0,1,solved,osqp,3.1745606143829264e-11,valid,0.03931957647751569,0.448986175|0.438682207|0.33968559|0.0393195765|0.194860918|0.221996879,0.598986175|0.588682207|0.48968559|0.189319576|0.344860918|0.371996879,0.568986175|0.558682207|0.45968559|0.159319576|0.314860918|0.341996879,0|0|0|0|0|0,0|0|0.030168081|0.0434652011|0.0196075621|0.034438242,0.0533814541|0.0743848491|0.101412682|0.0546818135|0.0694360569|0.0856936177,1.84932615|1.82911368|1.49032312|0.255425321|0.86848729|1.00811937,0.668107092|-0.239979059|0.446608424,0.00133058964|-0.173917338|-0.0161404647,0.005220421589910984,0.0015924135223031044,0.0015865135937929153,0.002005581744015217
86,4.3500000000000005,-1.0151750390861802,0.268833726644516,0.6002214550971985,0.20132125914096832,0.2688336968421936,0.35,3,0,0,0,0,,,nan,0,1.0528775453567505,0.4443647563457489,4.308701515197754,1.0645251274108887,1.0,nan,0,0,0,0,0.04911607258410319,0.0,filtered,0.15230509751211693,0,1,12,workspace_z_lower,workspace_z_lower,0,0,1,solved,osqp,2.311441320290708e-08,valid,0.045247390460703,0.451523159|0.440727761|0.343577545|0.0452473905|0.19974334|0.225804176,0.601523159|0.590727761|0.493577545|0.19524739|0.34974334|0.375804176,0.571523159|0.560727761|0.463577545|0.16524739|0.31974334|0.345804176,0|0|0|0|0|0,0|0|0.026378523|0.0431768206|0.0180928422|0.0324379251,0.0551947515|0.0765652812|0.103525081|0.0552906889|0.0695030642|0.0902835639,1.86128739|1.83947633|1.50421378|0.279457071|0.886569265|1.02593819,0.668173611|-0.248674959|0.445801258,0.00133058964|-0.173917338|-0.0161404647,0.005136393941938877,0.001594257541000843,0.0014708060771226883,0.00203621294349432
87,4.4,-1.0054151369881958,0.2561834156513214,0.601626992225647,0.20745427906513214,0.2561834156513214,0.35,3,0,0,0,0,,,nan,0,1.0405516624450684,0.4688014090061188,4.1730828285217285,1.049753189086914,1.0,nan,0,0,0,0,0.04911607258410319,0.0,filtered,0.1341776683054926,0,1,12,workspace_z_lower,workspace_z_lower,0,0,1,solved,osqp,1.878007160893702e-08,valid,0.051321251080488434,0.4541479|0.442795629|0.347297564|0.0513212511|0.204434964|0.229479775,0.6041479|0.592795629|0.497297564|0.201321251|0.354434964|0.379479775,0.5741479|0.562795629|0.467297564|0.171321251|0.324434964|0.349479775,0|0|0|0|0|0,0|0|0.0219351548|0.0415223666|0.0154341542|0.0301735923,0.0569884608|0.0787564523|0.105638933|0.0558474586|0.0695361282|0.0913822653,1.87358006|1.84993897|1.51676435|0.30265483|0.902710139|1.03947496,0.66824013|-0.25737071|0.444994092,0.00133058964|-0.173917338|-0.0161404647,0.00526815839111805,0.0016248039901256561,0.0015712529420852661,0.002037998288869858
88,4.45,-0.9940825903603957,0.244268000125885,0.6028944253921509,0.21353255212306976,0.244268000125885,0.35,3,0,0,0,0,,,nan,0,1.0262998342514038,0.6116935610771179,3.671759843826294,1.0321764945983887,1.0,nan,0,0,0,0,0.04911607258410319,0.0,filtered,0.10563212374796488,0,1,12,workspace_z_lower,workspace_z_lower,0,0,1,solved,osqp,1.3652101747696488e-08,valid,0.057454269984231504,0.45686105|0.444896406|0.350834085|0.05745427|0.208831899|0.233173439,0.60686105|0.594896406|0.500834085|0.20745427|0.358831899|0.383173439,0.57686105|0.564896406|0.470834085|0.17745427|0.328831899|0.353173439,0|0|0|0|0|0,0|0|0.0167748754|0.0380308762|0.0111588372|0.0257295118,0.0587623304|0.0809394648|0.107735429|0.0563861839|0.0695581815|0.0924165307,1.88620653|1.86052509|1.52784664|0.32423414|0.916044614|1.0508398,0.668306649|-0.266066432|0.444186926,0.00133058964|-0.173917338|-0.0161404647,0.005228937603533268,0.0015112478286027908,0.0016679158434271812,0.002014334313571453
89,4.5,-0.9808937801660841,0.2332601100206375,0.6039040088653564,0.21943534910678864,0.2332601249217987,0.35,3,0,0,0,0,,,nan,0,1.0106958150863647,0.78143310546875,3.5383317470550537,1.0134997367858887,1.0,nan,0,0,0,0,0.04911607258410319,0.0,filtered,0.07110923100916214,0,1,12,workspace_z_lower,workspace_z_lower,0,0,1,solved,osqp,8.597142324429097e-09,valid,0.06353254570150854,0.459661348|0.447020958|0.354143697|0.0635325457|0.212813298|0.23680229,0.609661348|0.597020958|0.504143697|0.213532546|0.362813298|0.38680229,0.579661348|0.567020958|0.474143697|0.183532546|0.332813298|0.35680229,0|0|0|0|0|0,0|0|0.0105877924|0.0325561941|0.00502968694|0.0188857537,0.0605160254|0.0831162308|0.10981821|0.0569030781|0.0695928605|0.0933811949,1.89916142|1.87120006|1.53698079|0.343589455|0.925875738|1.05947611,0.668373168|-0.274762154|0.44337976,0.00133058964|-0.173917338|-0.0161404647,0.005214870907366276,0.001497974619269371,0.0016732262447476387,0.0020065782591700554
90,4.55,-0.96414620907075,0.22336526215076447,0.6044559478759766,0.22500105202198029,0.22336530685424805,0.35,3,0,0,0,0,,,nan,0,0.9960440993309021,1.058578610420227,6.68576192855835,0.9965933561325073,1.0,nan,0,0,0,0,0.04911607258410319,0.0,filtered,0.029064974494115634,0,1,12,workspace_z_lower,workspace_z_lower,0,0,1,solved,osqp,3.4374282587013028e-09,valid,0.06943534379347524,0.462546687|0.449148745|0.357152028|0.0694353438|0.216257234|0.240272217,0.612546687|0.599148745|0.507152028|0.219435344|0.366257234|0.390272217,0.582546687|0.569148745|0.477152028|0.189435344|0.336257234|0.360272217,0|0|0|0|0|0,0|0|0.00247297887|0.0241625865|-0.00418645399|0.00792513055,0.0622491873|0.0852972936|0.11190002|0.0573737201|0.0696547841|0.094265666,1.91243594|1.88189227|1.54298111|0.359277682|0.930497267|1.06327966,0.668439686|-0.283457875|0.442572594,0.00133058964|-0.173917338|-0.0161404647,0.00515209324657917,0.0014366349205374718,0.0016811061650514603,0.0020002834498882294
91,4.6000000000000005,-0.9388910297834365,0.21532398462295532,0.6040955781936646,0.22972239553928375,0.21532398462295532,0.35,3,0,0,0,0,,,nan,0,0.9842665195465088,1.3811743259429932,10.656545639038086,0.9842665195465088,1.0,nan,0,0,0,0,0.04911607258410319,0.0,passthrough,5.7304293992576295e-12,0,0,12,,workspace_z_lower,0,0,1,solved,osqp,0.0,valid,0.07500106466496623,0.465511049|0.451206989|0.359671068|0.0750010647|0.219000055|0.243403522,0.615511049|0.601206989|0.509671068|0.225001065|0.369000055|0.393403522,0.585511049|0.571206989|0.479671068|0.195001065|0.339000055|0.363403522,0|0|0|0|0|0,0|0|-0.00233515963|0.00686827994|-0.0205019657|-0.012298502,0.0639612699|0.0875336361|0.114036698|0.0576990412|0.0697436022|0.0950337815,1.92600547|1.89236159|1.55038581|0.36457158|0.925241856|1.05634937,0.668506205|-0.292153597|0.441765428,0.00133058964|-0.173917338|-0.0161404647,0.005187457427382469,0.0014889929443597794,0.0016343025490641594,0.002033771015703678
92,4.65,-0.902510370893765,0.21035225689411163,0.6022317409515381,0.232737198472023,0.21035228669643402,0.35,3,0,0,0,0,,,nan,0,0.9787148237228394,1.8467395305633545,20.202098846435547,0.9787148237228394,1.0,nan,0,0,0,0,0.04911607258410319,0.0,passthrough,5.17294639302773e-12,0,0,12,,workspace_z_lower,0,0,1,solved,osqp,0.0,valid,0.07972238603812584,0.468550961|0.453166954|0.361810241|0.079722386|0.220732936|0.245789072,0.618550961|0.603166954|0.511810241|0.229722386|0.370732936|0.395789072,0.588550961|0.573166954|0.481810241|0.199722386|0.340732936|0.365789072,0|0|0|0|0|0,0|0|0.00470589729|-0.0247537438|-0.0454021031|-0.0441890919,0.0656518796|0.0898477415|0.116261915|0.0578767591|0.0699633935|0.0957003482,1.93985572|1.90251556|1.56820878|0.352012559|0.907493033|1.03466755,0.668572724|-0.300849319|0.440958261,0.00133058964|-0.173917338|-0.0161404647,0.005089654587209225,0.0014337338507175446,0.0016613686457276344,0.001961873844265938
93,4.7,-0.8705146657099343,0.20804549753665924,0.599134624004364,0.23416216671466827,0.20804549753665924,0.35,3,0,0,0,0,,,nan,0,0.9864636063575745,1.7107830047607422,15.72403335571289,0.9864636063575745,1.0,nan,0,0,0,0,0.04911607258410319,0.0,passthrough,6.513206493049252e-12,0,0,12,,workspace_z_lower,0,0,1,solved,osqp,0.0,valid,0.0827371941983491,0.471674107|0.455171979|0.364298732|0.0827371942|0.221165574|0.246920405,0.621674107|0.605171979|0.514298732|0.232737194|0.371165574|0.396920405,0.591674107|0.575171979|0.484298732|0.202737194|0.341165574|0.366920405,0|0|0|0|0|0,0|0|0.0181818308|-0.0533814565|-0.0647732832|-0.0703955565,0.0673212742|0.0921472867|0.11849667|0.0581577581|0.0705756602|0.0963883149,1.9540177|1.9128352|1.59387343|0.335725078|0.890464672|1.01367438,0.668639243|-0.30954504|0.440151095,0.00133058964|-0.173917338|-0.0161404647,0.005066253244876862,0.0014595435932278633,0.001622742973268032,0.0019498514011502266
94,4.75,-0.8511051820063383,0.20710548758506775,0.5954999327659607,0.2347477227449417,0.20710548758506775,0.35,3,0,0,0,0,,,nan,0,1.0005546808242798,1.3557169437408447,20.712963104248047,1.0005546808242798,1.0,nan,0,0,0,0,0.04911607258410319,0.0,passthrough,7.255552506993987e-12,0,0,12,,workspace_z_lower,0,0,1,solved,osqp,0.0,valid,0.08416215178230677,0.474888219|0.457360111|0.367611571|0.0841621518|0.220669869|0.247018697,0.624888219|0.607360111|0.517611571|0.234162152|0.370669869|0.397018697,0.594888219|0.577360111|0.487611571|0.204162152|0.340669869|0.367018697,0|0|0|0|0|0,0|0|0.0260488547|-0.0684896692|-0.0733194345|-0.0824359802,0.0689697751|0.094343255|0.120646146|0.0587192961|0.0716395809|0.0971711936,1.96852265|1.9237837|1.61714129|0.326878234|0.880999624|1.00281,0.668705761|-0.318240762|0.439343929,0.00133058964|-0.173917338|-0.0161404647,0.005199129693210125,0.0014764275401830673,0.0017309105023741722,0.001958015374839306
95,4.800000000000001,-0.8334323572792448,0.20780955255031586,0.5913878679275513,0.23462913930416107,0.20780956745147705,0.35,3,0,0,0,0,,,nan,0,1.0166009664535522,1.2678768634796143,5.339347839355469,1.0166009664535522,1.0,nan,0,0,0,0,0.04911607258410319,0.0,passthrough,6.8434024708445915e-12,0,0,12,,workspace_z_lower,0,0,1,solved,osqp,0.0,valid,0.08474770227172393,0.478196418|0.459774128|0.37155519|0.0847477023|0.219771328|0.246639856,0.628196418|0.609774128|0.52155519|0.234747702|0.369771328|0.396639856,0.598196418|0.579774128|0.49155519|0.204747702|0.339771328|0.366639856,0|0|0|0|0|0,0|0|0.033118425|-0.0812379182|-0.0795964445|-0.0934686233,0.0705974891|0.0963953333|0.122652124|0.0595586482|0.0729990093|0.0980328506,1.98338316|1.93549185|1.64199131|0.317311539|0.872487875|0.991123652,0.66877228|-0.326936483|0.438536763,0.00133058964|-0.173917338|-0.0161404647,0.004782612435519695,0.001506728120148182,0.0012865560129284859,0.0019526965916156769
96,4.8500000000000005,-0.8206091507970567,0.21171674132347107,0.5869325995445251,0.2339937835931778,0.21171675622463226,0.35,3,0,0,0,0,,,nan,0,1.0231572389602661,1.036761999130249,8.19468879699707,1.0231572389602661,1.0,nan,0,0,0,0,0.04911607258410319,0.0,passthrough,6.664149946773596e-12,0,0,12,,workspace_z_lower,0,0,1,solved,osqp,0.0,valid,0.08462911907411888,0.481592089|0.462343485|0.375992301|0.0846291191|0.218657646|0.245812677,0.631592089|0.612343485|0.525992301|0.234629119|0.368657646|0.395812677,0.601592089|0.582343485|0.495992301|0.204629119|0.338657646|0.365812677,0|0|0|0|0|0,0|0|0.0399843211|-0.0903322526|-0.0824686424|-0.102014589,0.0722039799|0.0983623871|0.124573423|0.0605795965|0.0746212062|0.0989306198,1.99857233|1.94773633|1.66852695|0.30876382|0.866783147|0.980166738,0.668838799|-0.335632205|0.437729597,0.00133058964|-0.173917338|-0.0161404647,0.005173835903406143,0.0016076220199465752,0.001590765081346035,0.0019410261884331703
97,4.9,-0.8145301387133285,0.2122388482093811,0.582667887210846,0.23342211544513702,0.2122388482093811,0.35,3,0,0,0,0,,,nan,0,1.0115690231323242,0.7237329483032227,13.288731575012207,1.0115690231323242,1.0,nan,0,0,0,0,0.04911607258410319,0.0,passthrough,5.201899939116599e-12,0,0,12,,workspace_x_lower,0,0,1,solved,osqp,0.0,valid,0.08399378255065112,0.485070341|0.465016656|0.380840431|0.0839937826|0.217578244|0.24467403,0.635070341|0.615016656|0.530840431|0.233993783|0.367578244|0.39467403,0.605070341|0.585016656|0.500840431|0.203993783|0.337578244|0.36467403,0|0|0|0|0|0,0|0|0.0420187394|-0.0887977815|-0.0780738023|-0.0994990394,0.0737889215|0.10028346|0.126447444|0.061725468|0.0764760516|0.099833067,2.01407028|1.96035008|1.69182791|0.308902817|0.868715225|0.979030149,0.668905318|-0.344327927|0.436922431,0.00133058964|-0.173917338|-0.0161404647,0.0050176652148365974,0.0015874309465289116,0.0016433438286185265,0.0017509916797280312
98,4.95,-0.811577491611198,0.21052931249141693,0.5788305997848511,0.2332053929567337,0.21052932739257812,0.35,3,0,0,0,0,,,nan,0,0.997326135635376,0.544300377368927,8.024858474731445,0.9973253607749939,1.0,nan,0,0,0,0,0.04911607258410319,0.0,filtered,1.0973603655502773e-06,0,0,12,,workspace_x_lower,0,0,1,solved,osqp,0.0,valid,0.08342209681200471,0.488634777|0.467844133|0.38595681|0.0834220968|0.216837228|0.243750942,0.638634777|0.617844133|0.53595681|0.233422097|0.366837228|0.393750942,0.608634777|0.587844133|0.50595681|0.203422097|0.336837228|0.363750942,0|0|0|0|0|0,0|0|0.0458229086|-0.0823222052|-0.0697077424|-0.0921275572,0.0753525127|0.102113073|0.128215798|0.0630228404|0.0784453324|0.100740087,2.02989162|1.9734896|1.71786595|0.314389022|0.876086504|0.9836163,0.668971837|-0.353023648|0.436115265,0.00133058964|-0.173917338|-0.0161404647,0.005079429596662521,0.001548641361296177,0.00161794014275074,0.0018827393651008606
99,5.0,-0.8107359309052856,0.2092234343290329,0.575452446937561,0.23343239724636078,0.2092234492301941,0.35,3,0,0,0,0,,,nan,0,0.9859288334846497,0.5311351418495178,5.355156898498535,0.9859284162521362,1.0,nan,0,0,0,0,0.04911607258410319,0.0,filtered,5.477754523890837e-07,0,0,12,,workspace_x_lower,0,0,1,solved,osqp,0.0,valid,0.08320538716955869,0.492282723|0.470813617|0.391403762|0.0832053872|0.216610268|0.243271408,0.642282723|0.620813617|0.541403762|0.233205387|0.366610268|0.393271408,0.612282723|0.590813617|0.511403762|0.203205387|0.336610268|0.363271408,0|0|0|0|0|0,0|0|0.0523382233|-0.0745180517|-0.0599798888|-0.0843288443,0.0768946032|0.10386894|0.129894646|0.06445622|0.080483338|0.101653209,2.0460255|1.98712341|1.74784792|0.322759717|0.886944522|0.990409998,0.669038355|-0.36171937|0.435308099,0.00133058964|-0.173917338|-0.0161404647,0.005086534656584263,0.0014823870733380318,0.001660594716668129,0.0019084755331277847
100,5.050000000000001,-0.8104588812861518,0.20813868939876556,0.5724958777427673,0.23410426080226898,0.20813870429992676,0.35,3,0,0,0,0,,,nan,0,0.9771299958229065,0.5947884321212769,3.4408044815063477,0.9771293997764587,1.0,nan,0,0,0,0,0.04911607258410319,0.0,filtered,9.100786206184046e-07,0,0,12,,workspace_x_lower,0,0,1,solved,osqp,0.0,valid,0.08343239014536577,0.496007795|0.47385741|0.397207733|0.0834323901|0.216990289|0.243249024,0.646007795|0.62385741|0.547207733|0.23343239|0.366990289|0.393249024,0.616007795|0.59385741|0.517207733|0.20343239|0.336990289|0.363249024,0|0|0|0|0|0,0|0|0.0607852904|-0.0667878982|-0.0501227528|-0.0774919692,0.0784148401|0.10560285|0.131538952|0.0659623718|0.0825675414|0.10255369,2.06244602|2.00103249|1.78115517|0.332904034|0.900405943|0.998057817,0.669104874|-0.370415092|0.434500933,0.00133058964|-0.173917338|-0.0161404647,0.005177364684641361,0.0015566544607281685,0.001639348454773426,0.0019486835226416588
101,5.1000000000000005,-0.8091196698043999,0.2064228504896164,0.5698906779289246,0.235174760222435,0.2064228355884552,0.35,3,0,0,0,0,,,nan,0,0.969250500202179,0.6296537518501282,2.595900058746338,0.9692496657371521,1.0,nan,0,0,0,0,0.04911607258410319,0.0,filtered,1.3084211677478717e-06,0,0,12,,workspace_x_lower,0,0,1,solved,osqp,0.0,valid,0.08410425090719667,0.49980481|0.476917046|0.403373545|0.0841042509|0.218025607|0.243630428,0.64980481|0.626917046|0.553373545|0.234104251|0.368025607|0.393630428,0.61980481|0.596917046|0.523373545|0.204104251|0.338025607|0.363630428,0|0|0|0|0|0,0|0|0.069892898|-0.059881749|-0.0410498461|-0.0722092505,0.0799129605|0.107352737|0.133189431|0.0674925442|0.0846815102|0.103426723,2.0791322|2.01502092|1.81657651|0.344027799|0.915734093|1.00573918,0.669171393|-0.379110813|0.433693767,0.00133058964|-0.173917338|-0.0161404647,0.005238117650151253,0.0015731742605566978,0.001707911491394043,0.0019215112552046776
102,5.15,-0.8075691346632428,0.2041284739971161,0.5676146149635315,0.23662124574184418,0.20412850379943848,0.35,3,0,0,0,0,,,nan,0,0.9580625891685486,0.6090304255485535,3.673733711242676,0.9580625891685486,1.0,nan,0,0,0,0,0.04911607258410319,0.0,passthrough,4.6941174388812005e-12,0,0,12,,workspace_x_lower,0,0,1,solved,osqp,0.0,valid,0.08517474337282296,0.50367046|0.479953863|0.409875667|0.0851747434|0.219719334|0.244338233,0.65367046|0.629953863|0.559875667|0.235174743|0.369719334|0.394338233,0.62367046|0.599953863|0.529875667|0.205174743|0.339719334|0.364338233,0|0|0|0|0|0,0|0|0.0772898635|-0.0531975977|-0.0328883862|-0.067228766,0.0813888308|0.109136811|0.134866179|0.0690176569|0.0868084836|0.104263902,2.09607067|2.02895226|1.85165871|0.356519033|0.932797433|1.01438807,0.669237912|-0.387806535|0.4328866,0.00133058964|-0.173917338|-0.0161404647,0.005154808983206749,0.0015835221856832504,0.0016314815729856491,0.0019045360386371613
103,5.2,-0.8060424847917514,0.20128116011619568,0.5656583905220032,0.23844097554683685,0.20128116011619568,0.35,3,0,0,0,0,,,nan,0,0.9450863599777222,0.5876656174659729,3.911942958831787,0.9450863599777222,1.0,nan,0,0,0,0,0.04911607258410319,0.0,passthrough,5.071167032127834e-12,0,0,12,,workspace_x_lower,0,0,1,solved,osqp,0.0,valid,0.08662124939679364,0.507605516|0.482982534|0.416658668|0.0866212494|0.222041547|0.245363228,0.657605516|0.632982534|0.566658668|0.236621249|0.372041547|0.395363228,0.627605516|0.602982534|0.536658668|0.206621249|0.342041547|0.365363228,0|0|0|0|0|0,0|0|0.0821277113|-0.0465345227|-0.0258976011|-0.0623565824,0.0828425824|0.110935195|0.136548163|0.0705507023|0.0889307982|0.105068156,2.11326465|2.04286533|1.88531055|0.370501177|0.951199386|1.02416449,0.66930443|-0.396502256|0.432079434,0.00133058964|-0.173917338|-0.0161404647,0.005183868110179901,0.0015781745314598083,0.0016263080760836601,0.001945028081536293
104,5.25,-0.8039511523155681,0.1979539692401886,0.5639816522598267,0.24060292541980743,0.1979539841413498,0.35,3,0,0,0,0,,,nan,0,0.934261679649353,0.5278600454330444,2.614708423614502,0.934261679649353,1.0,nan,0,0,0,0,0.04911607258410319,0.0,passthrough,4.855357704013621e-12,0,0,12,,workspace_x_lower,0,0,1,solved,osqp,0.0,valid,0.08844096437140872,0.511610231|0.486007835|0.423617269|0.0884409644|0.224929002|0.246700658,0.661610231|0.636007835|0.573617269|0.238440964|0.374929002|0.396700658,0.631610231|0.606007835|0.543617269|0.208440964|0.344929002|0.366700658,0|0|0|0|0|0,0|0|0.086122365|-0.0405711611|-0.0201398294|-0.0582657979,0.0842743355|0.112733384|0.138219713|0.072085505|0.0910200789|0.105834133,2.13071526|2.05676473|1.91881115|0.385278201|0.970596259|1.03437097,0.669370949|-0.405197978|0.431272268,0.00133058964|-0.173917338|-0.0161404647,0.0050452714785933495,0.0015847990289330482,0.001628069207072258,0.0017973054200410843
105,5.300000000000001,-0.8016658129755205,0.1941838413476944,0.5625650882720947,0.24310071766376495,0.1941838562488556,0.35,3,0,0,0,0,,,nan,0,0.9260234236717224,0.4600687026977539,2.1589245796203613,0.9260234236717224,1.0,nan,0,0,0,0,0.04911607258410319,0.0,passthrough,4.728022560070031e-12,0,0,12,,workspace_x_lower,0,0,1,solved,osqp,0.0,valid,0.09060292167700165,0.515684235|0.489032332|0.430717138|0.0906029217|0.228309607|0.248313599,0.665684235|0.639032332|0.580717138|0.240602922|0.378309607|0.398313599,0.635684235|0.609032332|0.550717138|0.210602922|0.348309607|0.368313599,0|0|0|0|0|0,0|0|0.0902415762|-0.0348559803|-0.0149258208|-0.0543776751,0.0856841915|0.11452327|0.139872975|0.0736214312|0.0930593089|0.106564736,2.14842113|2.0706526|1.9529831|0.401177138|0.991371914|1.04544146,0.669437468|-0.4138937|0.430465102,0.00133058964|-0.173917338|-0.0161404647,0.005089892074465752,0.0015383213758468628,0.0015992559492588043,0.0019169449806213379
106,5.3500000000000005,-0.7965638992533525,0.1902102380990982,0.561249852180481,0.24579085409641266,0.190210223197937,0.35,3,0,0,0,0,,,nan,0,0.9186760783195496,0.5011751651763916,4.867467403411865,0.9224779605865479,1.0,nan,0,0,0,0,0.04911607258410319,0.0,filtered,0.011379692947926921,0,1,12,workspace_x_lower,workspace_x_lower,0,0,1,solved,osqp,0.0,valid,0.09310072294618574,0.519827644|0.492072163|0.437985559|0.0931007229|0.232143894|0.250189429,0.669827644|0.642072163|0.587985559|0.243100723|0.382143894|0.400189429,0.639827644|0.612072163|0.557985559|0.213100723|0.352143894|0.370189429,0|0|0|0|0|0,0|0|0.0933176184|-0.0318986392|-0.0122778988|-0.0534570349,0.0870722997|0.116293254|0.141496602|0.0751742086|0.0950388933|0.10727219,2.16638288|2.0845819|1.98675646|0.415678461|1.01133657|1.05457287,0.669503987|-0.422589421|0.429657936,0.00133058964|-0.173917338|-0.0161404647,0.005103678442537785,0.001550048589706421,0.001618940383195877,0.0018988735973834991
107,5.4,-0.7755636116992994,0.1873488426208496,0.5591714978218079,0.24776603281497955,0.1873488575220108,0.35,3,0,0,0,0,,,nan,0,0.9056557416915894,1.6721830368041992,27.420337677001953,0.9274289608001709,1.0,nan,0,0,0,0,0.04911607258410319,0.0,filtered,0.07193856611588527,0,1,12,workspace_x_lower,workspace_x_lower,0,0,1,solved,osqp,3.095130124419754e-10,valid,0.09579084207117297,0.524041544|0.495158524|0.445417656|0.0957908421|0.23631182|0.252182152,0.674041544|0.645158524|0.595417656|0.245790842|0.38631182|0.402182152,0.644041544|0.615158524|0.565417656|0.215790842|0.35631182|0.372182152,0|0|0|0|0|0,0|0|0.0865589466|-0.0455710286|-0.023560409|-0.0685181083,0.0884388888|0.118024202|0.143072594|0.07676681|0.0969564315|0.107973975,2.18460506|2.0986583|2.01130217|0.41435915|1.0186433|1.04818448,0.669570506|-0.431285143|0.42885077,0.00133058964|-0.173917338|-0.0161404647,0.00501222163438797,0.0015439921990036964,0.0015993434935808182,0.001833401620388031
108,5.45,-0.7572848500649707,0.18515564501285553,0.5565290451049805,0.24930231273174286,0.18515563011169434,0.35,3,0,0,0,0,,,nan,0,0.9074994325637817,1.56268310546875,7.4813385009765625,0.9249125719070435,1.0,nan,0,0,0,0,0.04911607258410319,0.0,filtered,0.07021170281824857,0,0,12,,workspace_x_lower,0,0,1,solved,osqp,9.810954037237085e-07,valid,0.09776604117905482,0.528342421|0.49858028|0.452963385|0.0977660412|0.240178594|0.253532852,0.678342421|0.64858028|0.602963385|0.247766041|0.390178594|0.403532852,0.648342421|0.61858028|0.572963385|0.217766041|0.360178594|0.373532852,0|0|0|0|0|0,0|0|0.0821385357|-0.0544282553|-0.0312241013|-0.0792692468,0.0897851718|0.119570697|0.144458552|0.0785913385|0.0988822186|0.108766799,2.20315486|2.11389182|2.03845063|0.415227248|1.02837249|1.04362896,0.669637024|-0.439980865|0.428043604,0.00133058964|-0.173917338|-0.0161404647,0.005037595517933369,0.0015273550525307655,0.0015747956931591034,0.0019028838723897934
109,5.5,-0.7411559181324548,0.18324442207813263,0.5534745454788208,0.2506572902202606,0.18324439227581024,0.35,3,0,0,0,0,,,nan,0,0.9104156494140625,1.4978128671646118,10.1463041305542,0.9249299168586731,1.0,nan,0,0,0,0,0.04911607258410319,0.0,filtered,0.07102150122483433,0,0,12,,workspace_x_lower,0,0,1,solved,osqp,3.633705708411261e-07,valid,0.09930228870287036,0.53273042|0.502389682|0.460798026|0.0993022887|0.243867638|0.254434972,0.68273042|0.652389682|0.610798026|0.249302289|0.393867638|0.404434972,0.65273042|0.622389682|0.580798026|0.219302289|0.363867638|0.374434972,0|0|0|0|0|0,0|0|0.07405102|-0.0590790402|-0.0382818672|-0.0880004454,0.0911113542|0.120930833|0.145651496|0.0806771326|0.100782409|0.109652924,2.22203304|2.13048956|2.06289462|0.418807247|1.03797109|1.03939237,0.669703543|-0.448676586|0.427236438,0.00133058964|-0.173917338|-0.0161404647,0.005091763101518154,0.0015742294490337372,0.0015996843576431274,0.0018835337832570076
110,5.550000000000001,-0.7265510135793056,0.1813901662826538,0.5501205921173096,0.25198662281036377,0.1813901960849762,0.35,3,0,0,0,0,,,nan,0,0.9051783084869385,1.6330218315124512,15.294571876525879,0.917991042137146,1.0,nan,0,0,0,0,0.04911607258410319,0.0,filtered,0.07448857992861264,0,0,12,,workspace_x_lower,0,0,1,solved,osqp,1.1428798936397033e-07,valid,0.10065727849928244,0.53719752|0.50645218|0.468591101|0.100657278|0.247326159|0.254951213,0.68719752|0.65645218|0.618591101|0.250657278|0.397326159|0.404951213,0.65719752|0.62645218|0.588591101|0.220657278|0.367326159|0.374951213,0|0|0|0|0|0,0|0|0.0572406326|-0.0615582464|-0.0479270745|-0.0966429239,0.0924171273|0.122166676|0.14625632|0.0828731234|0.102535774|0.110555595,2.24120721|2.14797539|2.07786136|0.423943991|1.04391334|1.03371752,0.669770062|-0.457372308|0.426429272,0.00133058964|-0.173917338|-0.0161404647,0.0051540108397603035,0.0016453294083476067,0.0016023898497223854,0.00186923798173666
111,5.6000000000000005,-0.7133378727469997,0.17954900860786438,0.5465713143348694,0.2533213794231415,0.17954899370670319,0.35,3,0,0,0,0,,,nan,0,0.8851472735404968,1.3980733156204224,16.83213996887207,0.8954035639762878,1.0,nan,0,0,0,0,0.04911607258410319,0.0,filtered,0.07087533794604008,0,1,12,workspace_x_lower,workspace_x_lower,0,0,1,solved,osqp,3.2597604886219766e-08,valid,0.10198664762400586,0.541730947|0.51050841|0.475622742|0.101986648|0.250312928|0.255035173,0.691730947|0.66050841|0.625622742|0.251986648|0.400312928|0.405035173,0.661730947|0.63050841|0.595622742|0.221986648|0.370312928|0.375035173,0|0|0|0|0|0,0|0|0.0349378804|-0.0641975934|-0.060062051|-0.103960593,0.093701904|0.123373541|0.146829685|0.0849099305|0.103980529|0.111350342,2.26062569|2.16540718|2.08425854|0.428658928|1.04517019|1.02753044,0.669836581|-0.466068029|0.425622106,0.00133058964|-0.173917338|-0.0161404647,0.004562863148748875,0.001246333122253418,0.0013942532241344452,0.0018914081156253815
112,5.65,-0.7005055127775975,0.1777421236038208,0.5428610444068909,0.25464585423469543,0.1777421087026596,0.35,3,0,0,0,0,,,nan,0,0.8615179061889648,1.2329672574996948,11.757248878479004,0.8671310544013977,1.0,nan,0,0,0,0,0.04911607258410319,0.0,filtered,0.04983479389536056,0,1,12,workspace_x_lower,workspace_x_lower,0,0,1,solved,osqp,1.5140860735313177e-08,valid,0.10332139171400448,0.546325297|0.514447134|0.481507623|0.103321392|0.252623624|0.254746506,0.696325297|0.664447134|0.631507623|0.253321392|0.402623624|0.404746506,0.666325297|0.634447134|0.601507623|0.223321392|0.372623624|0.374746506,0|0|0|0|0|0,0|0|0.0163810927|-0.0670985505|-0.071047264|-0.110379776,0.0949655793|0.124585017|0.147400714|0.0866571793|0.105069802|0.112011452,2.28026677|2.18237355|2.0898123|0.432844196|1.04451704|1.0206177,0.6699031|-0.474763751|0.424814939,0.00133058964|-0.173917338|-0.0161404647,0.005245281383395195,0.0015947250649333,0.0016463221982121468,0.001972225494682789
113,5.7,-0.6902345898376655,0.17586900293827057,0.5391312837600708,0.2560344934463501,0.17586897313594818,0.35,3,0,0,0,0,,,nan,0,0.8379429578781128,1.3273893594741821,12.816557884216309,0.8406735062599182,1.0,nan,0,0,0,0,0.04911607258410319,0.0,filtered,0.03197330398588401,0,1,12,workspace_x_lower,workspace_x_lower,0,0,1,solved,osqp,6.034158010065349e-09,valid,0.10464585476197316,0.550980938|0.518307751|0.486466714|0.104645855|0.254309114|0.25417281,0.700980938|0.668307751|0.636466714|0.254645855|0.404309114|0.40417281,0.670980938|0.638307751|0.606466714|0.224645855|0.374309114|0.37417281,0|0|0|0|0|0,0|0|-0.00098319335|-0.0678691965|-0.0787363412|-0.114325066,0.0962084153|0.125789911|0.147965751|0.0881692762|0.105853787|0.112580711,2.30013217|2.19902092|2.09284941|0.438883499|1.0443539|1.01494689,0.669969618|-0.483459473|0.424007773,0.00133058964|-0.173917338|-0.0161404647,0.004677806980907917,0.0013913661241531372,0.0014085257425904274,0.0018469607457518578
114,5.75,-0.6847443618834871,0.1739625781774521,0.5356158018112183,0.25746452808380127,0.1739625334739685,0.35,3,0,0,0,0,,,nan,0,0.8209509253501892,1.7084627151489258,16.928173065185547,0.8212977647781372,1.0,nan,0,0,0,0,0.04911607258410319,0.0,filtered,0.0062559237153254725,0,1,12,workspace_x_lower,workspace_x_lower,0,0,1,solved,osqp,0.0,valid,0.10603450432954595,0.55569748|0.522104972|0.49057607|0.106034504|0.255512111|0.253422646,0.70569748|0.672104972|0.64057607|0.256034504|0.405512111|0.403422646,0.67569748|0.642104972|0.61057607|0.226034504|0.375512111|0.373422646,0|0|0|0|0|0,0|0|-0.0229098942|-0.0682826713|-0.0844644462|-0.11382649,0.0974306357|0.126983013|0.148522682|0.0894681441|0.106348577|0.113039654,2.32022056|2.2154029|2.08791707|0.44532349|1.04393258|1.01290375,0.670036137|-0.492155194|0.423200607,0.00133058964|-0.173917338|-0.0161404647,0.004847547970712185,0.001355423592031002,0.0015407297760248184,0.0019204728305339813
115,5.800000000000001,-0.6749041310477449,0.17217250168323517,0.532084047794342,0.2588229477405548,0.17217247188091278,0.35,3,0,0,0,0,,,nan,0,0.8099395632743835,0.8736923336982727,29.087520599365234,0.809939444065094,1.0,nan,0,0,0,0,0.04911607258410319,0.0,filtered,2.473743559183815e-07,0,0,12,,workspace_x_lower,0,0,1,solved,osqp,0.0,valid,0.10746451253838826,0.560477721|0.525894811|0.493706284|0.107464513|0.256385421|0.252667154,0.710477721|0.675894811|0.643706284|0.257464513|0.406385421|0.402667154,0.680477721|0.645894811|0.613706284|0.227464513|0.376385421|0.372667154,0|0|0|0|0|0,0|0|-0.0354955679|-0.0714503618|-0.0907886525|-0.117495804,0.0986326696|0.128135174|0.149071333|0.0905641884|0.10687223|0.113353919,2.34054355|2.23171442|2.0884009|0.448971877|1.04162526|1.00652673,0.670102656|-0.500850976|0.422393441,0.00133058964|-0.173917338|-0.0161404647,0.005067210644483566,0.0015287743881344795,0.0016675638034939766,0.0018378803506493568
116,5.8500000000000005,-0.6605965321832608,0.17050763964653015,0.5282906889915466,0.26010027527809143,0.17050766944885254,0.35,3,0,0,0,0,,,nan,0,0.7977437376976013,1.3683816194534302,15.889643669128418,0.7977436184883118,1.0,nan,0,0,0,0,0.04911607258410319,0.0,filtered,1.4688728752632086e-07,0,0,12,,workspace_x_lower,0,0,1,solved,osqp,0.0,valid,0.10882294644130361,0.565319922|0.529699792|0.496295704|0.108822946|0.257024036|0.251774419,0.715319922|0.679699792|0.646295704|0.258822946|0.407024036|0.401774419,0.685319922|0.649699792|0.616295704|0.228822946|0.377024036|0.371774419,0|0|0|0|0|0,0|0|-0.0425480027|-0.0748751017|-0.0960466463|-0.126062074,0.0998146953|0.129254964|0.149607472|0.0915357107|0.107572979|0.113609788,2.36109438|2.24805413|2.09224229|0.451952395|1.03962248|0.99464539,0.670169175|-0.509547055|0.421586275,0.00133058964|-0.173917338|-0.0161404647,0.00479807797819376,0.001397654414176941,0.001447802409529686,0.0019221948459744453
117,5.9,-0.6457604120380396,0.16910496354103088,0.5242207646369934,0.2611871659755707,0.1691049486398697,0.35,3,0,0,0,0,,,nan,0,0.7906660437583923,1.7299326658248901,22.306293487548828,0.7906660437583923,1.0,nan,0,0,0,0,0.04911607258410319,0.0,filtered,1.0948552912515007e-08,0,0,12,,workspace_x_lower,0,0,1,solved,osqp,0.0,valid,0.11010029103904181,0.570224649|0.533580283|0.498662903|0.110100291|0.257369594|0.2505618,0.720224649|0.683580283|0.648662903|0.260100291|0.407369594|0.4005618,0.690224649|0.653580283|0.618662903|0.230100291|0.377369594|0.3705618,0|0|0|0|0|0,0|0|-0.0566649325|-0.0802349606|-0.102830741|-0.135703622,0.100976983|0.130331091|0.150128979|0.0924705819|0.108239866|0.113852461,2.38187558|2.26465222|2.08811566|0.452636786|1.0348875|0.980396041,0.670235693|-0.518243134|0.420779109,0.00133058964|-0.173917338|-0.0161404647,0.004671644419431686,0.0014576530084013939,0.0014059599488973618,0.0017737438902258873
118,5.95,-0.6294597508210907,0.16813795268535614,0.5198072791099548,0.2619422376155853,0.16813792288303375,0.35,3,0,0,0,0,,,nan,0,0.7636566758155823,1.9113417863845825,19.798410415649414,0.7636566758155823,1.0,nan,0,0,0,0,0.04911607258410319,0.0,passthrough,1.4979808303026102e-09,0,0,12,,workspace_x_lower,0,0,1,solved,osqp,0.0,valid,0.11118717982419093,0.575192718|0.537546438|0.500502212|0.11118718|0.257316433|0.24891346,0.725192718|0.687546438|0.650502212|0.26118718|0.407316433|0.39891346,0.695192718|0.657546438|0.620502212|0.23118718|0.377316433|0.36891346,0|0|0|0|0|0,0|0|-0.0715323704|-0.087101862|-0.108375476|-0.141426943,0.10211985|0.131350886|0.15063793|0.0933354242|0.108843717|0.114039388,2.40289072|2.28153664|2.08111441|0.450982281|1.02973397|0.968266286,0.670302212|-0.526939213|0.419971943,0.00133058964|-0.173917338|-0.0161404647,0.004742473363876343,0.0014210846275091171,0.0014935275539755821,0.001795935444533825
119,6.0,-0.6161371488291673,0.1670890897512436,0.5152486562728882,0.26276659965515137,0.1670890897512436,0.35,3,0,0,0,0,,,nan,0,0.7337877750396729,1.1870744228363037,26.388635635375977,0.7337877750396729,1.0,nan,0,0,0,0,0.04911607258410319,0.0,passthrough,1.3886924461183888e-09,0,0,12,,workspace_x_lower,0,0,1,solved,osqp,0.0,valid,0.11194224426093394,0.580242562|0.542017197|0.502276684|0.111942244|0.256945643|0.247033172,0.730242562|0.692017197|0.652276684|0.261942244|0.406945643|0.397033172,0.700242562|0.662017197|0.622276684|0.231942244|0.376945643|0.367033172,0|0|0|0|0|0,0|0|-0.0743063683|-0.0874031875|-0.10938952|-0.143709252,0.103244637|0.13217958|0.151135692|0.0944109966|0.109531961|0.114334405,2.42421489|2.30024837|2.08593606|0.454776786|1.02792501|0.95875784,0.670368731|-0.535635293|0.419164777,0.00133058964|-0.173917338|-0.0161404647,0.004726788029074669,0.0013899868354201317,0.001515713520348072,0.001789701171219349
120,6.050000000000001,-0.6066780444106169,0.1655169576406479,0.5107621550559998,0.2640129625797272,0.1655169427394867,0.35,3,0,0,0,0,,,nan,0,0.7231131196022034,1.273383617401123,18.39718246459961,0.7231131196022034,1.0,nan,0,0,0,0,0.04911607258410319,0.0,passthrough,1.3100508321117348e-09,0,0,12,,workspace_x_lower,0,0,1,solved,osqp,0.0,valid,0.11276659492575578,0.585361772|0.546803929|0.504292017|0.112766595|0.256519254|0.245139301,0.735361772|0.696803929|0.654292017|0.262766595|0.406519254|0.395139301,0.705361772|0.666803929|0.624292017|0.232766595|0.376519254|0.365139301,0|0|0|0|0|0,0|0|-0.0721300546|-0.0824339091|-0.107703146|-0.146000359,0.104350861|0.13290434|0.151620935|0.095626037|0.110292376|0.11473962,2.44579795|2.32012006|2.09665895|0.464258508|1.02866625|0.949296466,0.67043525|-0.544331372|0.418357611,0.00133058964|-0.173917338|-0.0161404647,0.004625517874956131,0.001406937837600708,0.0013987384736537933,0.0017869975417852402
121,6.1000000000000005,-0.5948156375277551,0.16369925439357758,0.5062259435653687,0.2654702961444855,0.16369928419589996,0.35,3,0,0,0,0,,,nan,0,0.7271363735198975,1.545244574546814,23.090158462524414,0.7271363735198975,1.0,nan,0,0,0,0,0.04911607258410319,0.0,passthrough,1.300312580623727e-09,0,0,12,,workspace_x_lower,0,0,1,solved,osqp,0.0,valid,0.11401296968431932,0.590532685|0.551567804|0.506364016|0.11401297|0.256143586|0.243225885,0.740532685|0.701567804|0.656364016|0.26401297|0.406143586|0.393225885,0.710532685|0.671567804|0.626364016|0.23401297|0.376143586|0.363225885,0|0|0|0|0|0,0|0|-0.0755193844|-0.0810974831|-0.107816414|-0.14932748,0.105437791|0.133643683|0.152092017|0.0967728745|0.111011897|0.115125441,2.46756853|2.3399149|2.1020287|0.47172727|1.02776983|0.938701501,0.670501769|-0.553027451|0.417550445,0.00133058964|-0.173917338|-0.0161404647,0.004728707484900951,0.0014232927933335304,0.001428890973329544,0.001846536062657833
122,6.15,-0.5756742236055208,0.1619744747877121,0.5012720823287964,0.2668697237968445,0.16197450459003448,0.35,3,0,0,0,0,,,nan,0,0.7146921753883362,1.7940179109573364,23.724775314331055,0.7146921753883362,1.0,nan,0,0,0,0,0.04911607258410319,0.0,passthrough,1.2740560973740457e-09,0,0,12,,workspace_x_lower,0,0,1,solved,osqp,0.0,valid,0.11547032078959321,0.595764772|0.556509489|0.508482221|0.115470321|0.255705016|0.24119764,0.745764772|0.706509489|0.658482221|0.265470321|0.405705016|0.39119764,0.715764772|0.676509489|0.628482221|0.235470321|0.375705016|0.36119764,0|0|0|0|0|0,0|0|-0.0787368952|-0.083485474|-0.107729589|-0.150653027,0.106506249|0.134325013|0.152551966|0.0979661107|0.111732365|0.115519692,2.48956534|2.36036297|2.10774395|0.47636192|1.02682284|0.929657226,0.670568287|-0.56172353|0.416743279,0.00133058964|-0.173917338|-0.0161404647,0.004635008051991463,0.001411925069987774,0.001400684006512165,0.0017916560173034668
123,6.2,-0.5567684681805207,0.15992803871631622,0.4959730803966522,0.26855161786079407,0.15992802381515503,0.35,3,0,0,0,0,,,nan,0,0.6848532557487488,1.5616378784179688,31.520580291748047,0.6848532557487488,1.0,nan,0,0,0,0,0.04911607258410319,0.0,passthrough,1.1454211691390806e-09,0,0,12,,workspace_x_lower,0,0,1,solved,osqp,0.0,valid,0.11686975451969048,0.601086678|0.562264698|0.511413618|0.116869755|0.255227136|0.239211777,0.751086678|0.712264698|0.661413618|0.266869755|0.405227136|0.389211777,0.721086678|0.682264698|0.631413618|0.236869755|0.375227136|0.359211777,0|0|0|0|0|0,0|0|-0.0749906045|-0.0809270341|-0.106009389|-0.151247356,0.107558036|0.134748276|0.153007455|0.0996496454|0.11269074|0.116190397,2.51190475|2.38380707|2.12367132|0.486201629|1.0275899|0.921790147,0.670634806|-0.57041961|0.415936112,0.00133058964|-0.173917338|-0.0161404647,0.004629543051123619,0.0013901926577091217,0.0014125583693385124,0.0017922408878803253
124,6.25,-0.5444468274892655,0.15699328482151031,0.4907258450984955,0.27100539207458496,0.1569933146238327,0.35,3,0,0,0,0,,,nan,0,0.6906357407569885,1.67352294921875,29.89923858642578,0.6906357407569885,1.0,nan,0,0,0,0,0.04911607258410319,0.0,passthrough,1.083032929143593e-09,0,0,12,,workspace_x_lower,0,0,1,solved,osqp,0.0,valid,0.11855162184141402,0.606485101|0.568578537|0.51518329|0.118551622|0.254840229|0.237387093,0.756485101|0.718578537|0.66518329|0.268551622|0.404840229|0.387387093,0.726485101|0.688578537|0.63518329|0.238551622|0.374840229|0.357387093,0|0|0|0|0|0,0|0|-0.0679721442|-0.0719867224|-0.104122785|-0.154259661,0.108592603|0.135001234|0.153457157|0.10167584|0.113847996|0.117128732,2.53453301|2.40931538|2.14621817|0.503895605|1.02908613|0.912417443,0.670701325|-0.579115689|0.415128946,0.00133058964|-0.173917338|-0.0161404647,0.004336478188633919,0.0014007724821567535,0.0014983955770730972,0.0014073392376303673
125,6.300000000000001,-0.5261604464044378,0.15387588739395142,0.4852392077445984,0.273668110370636,0.15387587249279022,0.35,3,0,0,0,0,,,nan,0,0.7216317653656006,1.139534592628479,28.29187774658203,0.7216317653656006,1.0,nan,0,0,0,0,0.04911607258410319,0.0,passthrough,1.0988601165729558e-09,0,0,12,,workspace_x_lower,0,0,1,solved,osqp,0.0,valid,0.12100541582583632,0.611926425|0.57476376|0.519115139|0.121005416|0.254556345|0.235576912,0.761926425|0.72476376|0.669115139|0.271005416|0.404556345|0.385576912,0.731926425|0.69476376|0.639115139|0.241005416|0.374556345|0.355576912,0|0|0|0|0|0,0|0|-0.0731226997|-0.0732504951|-0.109536021|-0.1624714,0.109608465|0.135307696|0.15389412|0.103565842|0.114956525|0.118054099,2.55731417|2.43436274|2.15723198|0.514337011|1.02364588|0.897890347,0.670767844|-0.587811768|0.41432178,0.00133058964|-0.173917338|-0.0161404647,0.0038825320079922676,0.00105998944491148,0.0010639820247888565,0.0017359843477606773
126,6.3500000000000005,-0.49897139935919604,0.15115198493003845,0.47905322909355164,0.2760440707206726,0.15115197002887726,0.35,3,0,0,0,0,,,nan,0,0.7468980550765991,1.3529136180877686,19.734508514404297,0.7468980550765991,1.0,nan,0,0,0,0,0.04911607258410319,0.0,passthrough,1.0788141400185065e-09,0,0,12,,workspace_x_lower,0,0,1,solved,osqp,0.0,valid,0.12366812388570123,0.617422407|0.581035687|0.52292467|0.123668124|0.254007567|0.233464554,0.767422407|0.731035687|0.67292467|0.273668124|0.404007567|0.383464554,0.737422407|0.701035687|0.64292467|0.243668124|0.374007567|0.353464554,0|0|0|0|0|0,0|0|-0.0853356502|-0.0829156749|-0.120164518|-0.174059822,0.110606534|0.135579648|0.154324434|0.10542448|0.116051317|0.118982077,2.58029616|2.4597224|2.16068746|0.5171813|1.01191707|0.87878047,0.670834363|-0.596507847|0.413514614,0.00133058964|-0.173917338|-0.0161404647,0.004523315466940403,0.0013759443536400795,0.0013641221448779106,0.0017532873898744583
127,6.4,-0.4731294798909068,0.14825275540351868,0.47230789065361023,0.2786257266998291,0.14825275540351868,0.35,3,0,0,0,0,,,nan,0,0.7796304225921631,1.1972019672393799,18.17252540588379,0.7796304225921631,1.0,nan,0,0,0,0,0.04911607258410319,0.0,passthrough,1.0781404777905801e-09,0,0,12,,workspace_x_lower,0,0,1,solved,osqp,0.0,valid,0.1260440647034348,0.622991712|0.587750846|0.52675498|0.126044065|0.252947449|0.230904764,0.772991712|0.737750846|0.67675498|0.276044065|0.402947449|0.380904764,0.742991712|0.707750846|0.64675498|0.246044065|0.372947449|0.350904764,0|0|0|0|0|0,0|0|-0.0898155388|-0.0849512941|-0.127110711|-0.18426161,0.111587955|0.135682403|0.154756067|0.107494521|0.117270552|0.120073822,2.6035548|2.48668579|2.17196045|0.526719485|1.00194964|0.85943127,0.670900881|-0.605203927|0.412707448,0.00133058964|-0.173917338|-0.0161404647,0.004716484807431698,0.0013561714440584183,0.001469835638999939,0.0018601641058921814
128,6.45,-0.4501917393857687,0.14488749206066132,0.46521347761154175,0.2816937267780304,0.14488749206066132,0.35,3,0,0,0,0,,,nan,0,0.8070773482322693,1.2510898113250732,10.329021453857422,0.8070773482322693,1.0,nan,0,0,0,0,0.04911607258410319,0.0,passthrough,1.0503828446738783e-09,0,0,12,,workspace_x_lower,0,0,1,solved,osqp,0.0,valid,0.12862572763286054,0.628624528|0.594734857|0.530762384|0.128625728|0.251560092|0.228014449,0.778624528|0.744734857|0.680762384|0.278625728|0.401560092|0.378014449,0.748624528|0.714734857|0.650762384|0.248625728|0.371560092|0.348014449,0|0|0|0|0|0,0|0|-0.0914510417|-0.082617738|-0.132168253|-0.192907157,0.112552469|0.135676809|0.155186004|0.109681254|0.118582188|0.12130132,2.62705058|2.51461624|2.1867845|0.541566427|0.992654305|0.840451961,0.6709674|-0.613900006|0.411900282,0.00133058964|-0.173917338|-0.0161404647,0.004652391187846661,0.0013847211375832558,0.0014469176530838013,0.0017903754487633705
129,6.5,-0.42475747263175434,0.14119680225849152,0.4576835632324219,0.2851511240005493,0.14119680225849152,0.35,3,0,0,0,0,,,nan,0,0.8392810225486755,1.2273592948913574,4.579644680023193,0.8392810225486755,1.0,nan,0,0,0,0,0.04911607258410319,0.0,passthrough,1.0277111271287414e-09,0,0,12,,workspace_x_lower,0,0,1,solved,osqp,0.0,valid,0.13169372295226123,0.634308295|0.601755021|0.534790628|0.131693723|0.249954089|0.224878651,0.784308295|0.751755021|0.684790628|0.281693723|0.399954089|0.374878651,0.754308295|0.721755021|0.654790628|0.251693723|0.369954089|0.344878651,0|0|0|0|0|0,0|0|-0.0956279986|-0.0822590454|-0.139188135|-0.202878982,0.11349977|0.135642869|0.155610939|0.11181981|0.119914996|0.122596318,2.65073295|2.54266295|2.19914545|0.556335656|0.980543218|0.819231938,0.671033919|-0.622596085|0.411093116,0.00133058964|-0.173917338|-0.0161404647,0.004752202890813351,0.0014456305652856827,0.0013997135683894157,0.0018777577206492424
130,6.550000000000001,-0.3965063324783159,0.13716787099838257,0.44962000846862793,0.28904271125793457,0.13716785609722137,0.35,3,0,0,0,0,,,nan,0,0.8713907599449158,1.2889654636383057,4.95627498626709,0.8713905215263367,1.0,nan,0,0,0,0,0.04911607258410319,0.0,filtered,3.998906756503216e-07,0,0,12,,workspace_x_lower,0,0,1,solved,osqp,0.0,valid,0.13515113780929644,0.640044422|0.608836187|0.538768813|0.135151138|0.248043552|0.221438434,0.790044422|0.758836187|0.688768813|0.285151138|0.398043552|0.371438434,0.760044422|0.728836187|0.658768813|0.255151138|0.368043552|0.341438434,0|0|0|0|0|0,0|0|-0.0994108216|-0.0812052425|-0.145781879|-0.212331659,0.114430203|0.135564111|0.155930643|0.113922717|0.121281736|0.123973166,2.67460789|2.57090886|2.21159507|0.573322025|0.967674066|0.797395242,0.671100438|-0.631292164|0.41028595,0.00133058964|-0.173917338|-0.0161404647,0.0047239745035767555,0.001425701193511486,0.0014790119603276253,0.0017878962680697441
131,6.6000000000000005,-0.3717939406189783,0.13251574337482452,0.4412711560726166,0.29369908571243286,0.13251572847366333,0.35,3,0,0,0,0,,,nan,0,0.8985004425048828,1.0820074081420898,7.35444974899292,0.8985000252723694,1.0,nan,0,0,0,0,0.04911607258410319,0.0,filtered,8.076141747441216e-07,0,0,12,,workspace_x_lower,0,0,1,solved,osqp,0.0,valid,0.1390427020275934,0.645836302|0.61604361|0.542777188|0.139042702|0.245856648|0.217748784,0.795836302|0.76604361|0.692777188|0.289042702|0.395856648|0.367748784,0.765836302|0.73604361|0.662777188|0.259042702|0.365856648|0.337748784,0|0|0|0|0|0,0|0|-0.0987581579|-0.0743319314|-0.148746763|-0.217975184,0.11534417|0.135410083|0.155614679|0.116042975|0.122724933|0.125483959,2.69868938|2.59958452|2.22796527|0.597881852|0.957404763|0.778503909,0.671166956|-0.639988244|0.409478784,0.00133058964|-0.173917338|-0.0161404647,0.004707677289843559,0.0014473358169198036,0.001444319263100624,0.001785101369023323
132,6.65,-0.3558447518756364,0.12683618068695068,0.433143675327301,0.2996402382850647,0.1268361657857895,0.35,3,0,0,0,0,,,nan,0,0.9164258241653442,0.8737142086029053,14.651361465454102,0.9164252281188965,1.0,nan,0,0,0,0,0.04911607258410319,0.0,filtered,1.1271368814585763e-06,0,0,12,,workspace_x_lower,0,0,1,solved,osqp,0.0,valid,0.14369907915125157,0.651675674|0.623251551|0.546823669|0.143699079|0.243600131|0.213995903,0.801675674|0.773251551|0.696823669|0.293699079|0.393600131|0.363995903,0.771675674|0.743251551|0.666823669|0.263699079|0.363600131|0.333995903,0|0|0|0|0|0,0|0|-0.0908316194|-0.0580707523|-0.145772762|-0.217307972,0.116241625|0.13523282|0.155280086|0.118082333|0.124203104|0.127078721,2.72294432|2.62823903|2.25174314|0.634807897|0.952830867|0.765754362,0.671233475|-0.648684323|0.408671618,0.00133058964|-0.173917338|-0.0161404647,0.00455445796251297,0.0013431087136268616,0.0013749711215496063,0.0018043778836727142
133,6.7,-0.34309945228391436,0.12002318352460861,0.42542341351509094,0.30717822909355164,0.120023213326931,0.35,3,0,0,0,0,,,nan,0,0.9209387302398682,0.8415452837944031,13.132781982421875,0.9209380149841309,1.0,nan,0,0,0,0,0.04911607258410319,0.0,filtered,1.1886944764688715e-06,0,0,12,,workspace_x_lower,0,0,1,solved,osqp,0.0,valid,0.1496402360558715,0.657548146|0.630267178|0.550957224|0.149640236|0.241609621|0.210453591,0.807548146|0.780267178|0.700957224|0.299640236|0.391609621|0.360453591,0.777548146|0.750267178|0.670957224|0.269640236|0.361609621|0.330453591,0|0|0|0|0|0,0|0|-0.0782708454|-0.0355433601|-0.137850169|-0.211134537,0.117122368|0.135130227|0.15501569|0.119866353|0.125622429|0.128638046,2.74731495|2.65619894|2.28057374|0.682883937|0.954210746|0.759317874,0.671299994|-0.657380402|0.407864451,0.00133058964|-0.173917338|-0.0161404647,0.003797834739089012,0.0014025643467903137,0.0010832324624061584,0.0012827599421143532
134,6.75,-0.33308667952925197,0.1120411828160286,0.41826131939888,0.3166577219963074,0.11204119771718979,0.35,3,0,0,0,0,,,nan,0,0.9238866567611694,0.8839015364646912,9.170600891113281,0.9238861203193665,1.0,nan,0,0,0,0,0.04911607258410319,0.0,filtered,8.101271120954561e-07,0,0,12,,workspace_x_lower,0,0,1,solved,osqp,0.0,valid,0.15717825041174016,0.663452367|0.637121574|0.555420323|0.15717825|0.240156137|0.20738257,0.813452367|0.787121574|0.705420323|0.30717825|0.390156137|0.35738257,0.783452367|0.757121574|0.675420323|0.27717825|0.360156137|0.32738257,0|0|0|0|0|0,0|0|-0.0611073442|-0.00617348501|-0.124454723|-0.198550904,0.11798672|0.135108643|0.154824909|0.121392827|0.126984419|0.130154919,2.77179619|2.68359494|2.31539886|0.743932344|0.963154245|0.761134294,0.671366513|-0.666076481|0.407057285,0.00133058964|-0.173917338|-0.0161404647,0.004396295174956322,0.0013750558719038963,0.0011704368516802788,0.0018180226907134056
135,6.800000000000001,-0.32879099846558413,0.10310125350952148,0.41193887591362,0.3282475769519806,0.10310125350952148,0.35,3,0,0,0,0,,,nan,0,0.923184335231781,1.031759262084961,6.107287883758545,0.9231838583946228,1.0,nan,0,0,0,0,0.04911607258410319,0.0,filtered,5.92783229066298e-07,0,0,12,,workspace_y_lower,0,0,1,solved,osqp,0.0,valid,0.1666577423675326,0.669391472|0.643911211|0.560549015|0.166657742|0.239545646|0.205127599,0.819391472|0.793911211|0.710549015|0.316657742|0.389545646|0.355127599,0.789391472|0.763911211|0.680549015|0.286657742|0.359545646|0.325127599,0|0|0|0|0|0,0|0|-0.0421112613|0.0270046412|-0.107743078|-0.181183855,0.118835131|0.135141818|0.154680805|0.12271355|0.128313742|0.131646008,2.79640102|2.71078666|2.3547656|0.816349161|0.97875325|0.770972548,0.671433032|-0.674772561|0.406250119,0.00133058964|-0.173917338|-0.0161404647,0.0037715770304203033,0.0011425511911511421,0.0011046705767512321,0.0014946972951292992
136,6.8500000000000005,-0.329373942807986,0.0937514528632164,0.40665048360824585,0.3417000472545624,0.093751460313797,0.35,3,0,0,0,0,,,nan,0,0.9164037108421326,0.9182581305503845,7.495150089263916,0.9164032340049744,1.0,nan,0,0,0,0,0.04911607258410319,0.0,filtered,5.605767482518763e-07,0,0,12,,workspace_y_lower,0,0,1,solved,osqp,0.0,valid,0.1782475865147991,0.675359923|0.650585541|0.566345891|0.178247587|0.239979935|0.203937843,0.825359923|0.800585541|0.716345891|0.328247587|0.389979935|0.353937843,0.795359923|0.770585541|0.686345891|0.298247587|0.359979935|0.323937843,0|0|0|0|0|0,0|0|-0.0262876549|0.0570955665|-0.0915188178|-0.161697529,0.119667764|0.135265137|0.154613862|0.123774913|0.129558589|0.133048626,2.82110746|2.7376073|2.39370977|0.893860826|0.997959512|0.787102468,0.67149955|-0.68346864|0.405442953,0.00133058964|-0.173917338|-0.0161404647,0.0035396702587604523,0.0009481078013777733,0.0009206952527165413,0.0016441093757748604
137,6.9,-0.5058129727797707,0.26315784454345703,0.4021556079387665,0.35396239161491394,0.250683069229126,0.35,5,0,0,0,0,,,nan,0,0.9048967957496643,1.0228601694107056,17.071455001831055,0.9048963189125061,1.0,nan,0,0,0,0,0.04911607258410319,0.0,filtered,5.991521307429112e-07,0,0,12,,workspace_y_lower,0,0,1,solved,osqp,0.0,valid,0.1917000509200808,0.681354685|0.65711515|0.572621384|0.191700051|0.241466239|0.203883478,0.831354685|0.80711515|0.722621384|0.341700051|0.391466239|0.353883478,0.801354685|0.77711515|0.692621384|0.311700051|0.361466239|0.323883478,0|0|0|0|0|0,0|0|-0.011075387|0.0873010921|-0.0727115153|-0.137954067,0.120484871|0.135495151|0.154638658|0.124572017|0.130673997|0.134295898,2.84590361|2.76395575|2.43404881|0.978673312|1.02382744|0.811875745,0.671566069|-0.692164719|0.404635787,0.00133058964|-0.173917338|-0.0161404647,0.0034526586532592773,0.0007987963035702705,0.0009307293221354485,0.001702781766653061
138,6.95,-0.483014575275409,0.1824902445077896,0.40070316195487976,0.34694766998291016,0.16955974698066711,0.35,5,0,0,0,0,,,nan,0,0.8068069219589233,7.444669723510742,146.13790893554688,0.7468322515487671,1.0,nan,0,0,0,0,0.04911607258410319,0.0,filtered,0.19380472231523813,0,0,12,joint_1_acceleration_lower|joint_4_acceleration_lower|joint_2_acceleration_upper,workspace_x_lower,0,0,1,solved,osqp,0.0,valid,0.18457879422721657,0.667452458|0.640958551|0.555874934|0.189738833|0.224295544|0.184578794,0.817452458|0.790958551|0.705874934|0.339738833|0.374295544|0.334578794,0.787452458|0.760958551|0.675874934|0.309738833|0.344295544|0.304578794,0.15|0.15|0.15|0.15|0.15|0.15,0|0|0.0730933936|0.18302634|0.0175896321|-0.0429999012,-0.124250931|-0.143265131|-0.149342184|-0.104502213|-0.122194067|-0.126937221,2.5455589|2.42056907|2.14725095|0.837479462|0.792577741|0.568378055,0.671632588|-0.699275315|0.403828621,0.00133058964|0.173917338|-0.0161404647,0.0037589073181152344,0.0015399400144815445,0.0009439270943403244,0.0012414827942848206
139,7.0,-0.45494648225312184,0.1177000179886818,0.40146884322166443,0.3443496823310852,0.10481231659650803,0.35,5,0,0,0,0,,,nan,0,0.7929816246032715,3.3312718868255615,114.53511047363281,0.7929816246032715,1.0,nan,0,0,0,0,0.04911607258410319,0.0,passthrough,4.227653464085091e-12,0,0,12,,workspace_x_lower,0,0,1,solved,osqp,0.0,valid,0.1779642994821955,0.661219586|0.633467497|0.551248187|0.198477614|0.219046152|0.177964299,0.811219586|0.783467497|0.701248187|0.348477614|0.369046152|0.327964299,0.781219586|0.753467497|0.671248187|0.318477614|0.339046152|0.297964299,0.15|0.15|0.15|0.15|0.15|0.15,0|0|0.13686676|0.274584292|0.0931863898|0.0388035688,-0.12346834|-0.143533219|-0.149457958|-0.100940444|-0.11956093|-0.124120428,2.52141|2.39033677|2.19240155|0.967554302|0.849810068|0.626540339,0.671699107|-0.690579236|0.403021455,0.00133058964|0.173917338|-0.0161404647,0.00450380053371191,0.0013539334759116173,0.001424945890903473,0.0017031077295541763
140,7.050000000000001,-0.5168219373864849,0.10418548434972763,0.4059171676635742,0.3447129428386688,0.09179724752902985,0.35,5,0,0,0,0,,,nan,0,0.8731492161750793,5.5037431716918945,124.95545959472656,0.8821914792060852,1.0,nan,0,0,0,0,0.04911607258410319,0.0,filtered,0.047575976005290996,0,0,12,joint_4_acceleration_upper,workspace_x_lower,0,0,1,solved,osqp,0.0,valid,0.17580000238063498,0.655028672|0.62623595|0.549841871|0.212182869|0.217968162|0.175800002,0.805028672|0.77623595|0.699841871|0.362182869|0.367968162|0.325800002,0.775028672|0.74623595|0.669841871|0.332182869|0.337968162|0.295800002,0.15|0.15|0.15|0.15|0.15|0.15,0|0|0.164833391|0.352016247|0.136742514|0.0960672187,-0.122670594|-0.14378491|-0.149529738|-0.0976906683|-0.116838806|-0.121095137,2.4974441|2.36115889|2.21467113|1.10305706|0.891776354|0.678172091,0.671765625|-0.681883156|0.402214289,0.00133058964|0.173917338|-0.0161404647,0.004986278712749481,0.0014518778771162033,0.0014929156750440598,0.0020075598731637
141,7.1000000000000005,-0.56975420879111,0.10086370259523392,0.4129154086112976,0.34856048226356506,0.0893719494342804,0.35,5,0,0,0,0,,,nan,0,0.9565280675888062,4.386228084564209,45.48808670043945,0.9565280675888062,1.0,nan,0,0,0,0,0.04911607258410319,0.0,passthrough,4.872117025953127e-12,0,0,12,,workspace_x_lower,0,0,1,solved,osqp,0.0,valid,0.17678085376404107,0.648831821|0.618292329|0.54880563|0.230749289|0.219929442|0.176780854,0.798831821|0.768292329|0.69880563|0.380749289|0.369929442|0.326780854,0.768831821|0.738292329|0.66880563|0.350749289|0.339929442|0.296780854,0.15|0.15|0.15|0.15|0.15|0.15,0|0|0.182824912|0.407915535|0.180814753|0.160242854,-0.121856005|-0.14437882|-0.149870723|-0.0952096222|-0.113315463|-0.116814788,2.47347128|2.3287905|2.22817671|1.23570307|0.947217057|0.750551481,0.671832144|-0.673187077|0.401407123,0.00133058964|0.173917338|-0.0161404647,0.005064989440143108,0.0015125246718525887,0.0015061777085065842,0.0020106956362724304
142,7.15,-0.5674383749769562,0.09673241525888443,0.419421523809433,0.3538420796394348,0.08616683632135391,0.35,5,0,0,0,0,,,nan,0,0.8891764283180237,4.203637599945068,130.10533142089844,0.8891764283180237,1.0,nan,0,0,0,0,0.04911607258410319,0.0,passthrough,4.2866127504685615e-12,0,0,12,,workspace_x_lower,0,0,1,solved,osqp,0.0,valid,0.1813323886563245,0.642677498|0.61034719|0.548670563|0.249283774|0.224847794|0.181332389,0.792677498|0.76034719|0.698670563|0.399283774|0.374847794|0.331332389,0.762677498|0.73034719|0.668670563|0.369283774|0.344847794|0.301332389,0.15|0.15|0.15|0.15|0.15|0.15,0|0|0.168845776|0.369380136|0.186336452|0.179292852,-0.121025471|-0.144955695|-0.150169404|-0.0994138341|-0.109570756|-0.111965817,2.44968452|2.29643307|2.21335863|1.2671014|0.97615687|0.792656589,0.671898663|-0.664490998|0.400599957,0.00133058964|0.173917338|-0.0161404647,0.004942740313708782,0.0014844778925180435,0.0014726882800459862,0.001951661892235279
143,7.2,-0.5806423854624634,0.09155154973268509,0.4263548254966736,0.3611351549625397,0.08196666836738586,0.35,5,0,0,0,0,,,nan,0,0.8285513520240784,2.7102229595184326,60.78032302856445,0.8285506367683411,1.0,nan,0,0,0,0,0.04911607258410319,0.0,filtered,1.1095153343171104e-06,0,0,12,,workspace_x_lower,0,0,1,solved,osqp,0.0,valid,0.18724513094457618,0.636602918|0.60296915|0.548735031|0.2617106|0.230193204|0.187245131,0.786602918|0.75296915|0.698735031|0.4117106|0.380193204|0.337245131,0.756602918|0.72296915|0.668735031|0.3817106|0.350193204|0.307245131,0.15|0.15|0.15|0.15|0.15|0.15,0|0|0.173648856|0.357738385|0.208302162|0.212387887,-0.120179909|-0.1452492|-0.149937262|-0.102163059|-0.106282023|-0.107639345,2.42623176|2.2666274|2.21865172|1.30241773|1.02279296|0.853729066,0.671965182|-0.655794919|0.39979279,0.00133058964|0.173917338|-0.0161404647,0.0030399980023503304,0.0008480492979288101,0.0009073046967387199,0.0012642331421375275
144,7.25,-0.6748473532423691,0.08436416834592819,0.437750905752182,0.37231025099754333,0.07600624114274979,0.35,5,0,0,0,0,,,nan,0,0.8660135865211487,4.584789276123047,123.01660919189453,0.8660131692886353,1.0,nan,0,0,0,0,0.04911607258410319,0.0,filtered,7.492697262218697e-07,0,0,12,,workspace_x_lower,0,0,1,solved,osqp,0.0,valid,0.19509715901187896,0.630594436|0.596031209|0.549651568|0.272699558|0.236790729|0.195097159,0.780594436|0.746031209|0.699651568|0.422699558|0.386790729|0.345097159,0.750594436|0.716031209|0.669651568|0.392699558|0.356790729|0.315097159,0.15|0.15|0.15|0.15|0.15|0.15,0|0|0.197965756|0.420678593|0.265460806|0.292470502,-0.119318726|-0.145370057|-0.149389931|-0.0997531442|-0.103372185|-0.103832767,2.40305902|2.23875478|2.2471821|1.41172368|1.10925154|0.969026371,0.672031701|-0.647098839|0.398985624,0.00133058964|0.173917338|-0.0161404647,0.003056395798921585,0.0008185217157006264,0.0009497357532382011,0.001268245279788971
145,7.300000000000001,-0.7677892083360394,0.07614690810441971,0.4532897472381592,0.38670530915260315,0.07004780322313309,0.35,5,0,0,0,0,,,nan,0,0.9431116580963135,3.162220001220703,44.848628997802734,0.9431111812591553,1.0,nan,0,0,0,0,0.04911607258410319,0.0,filtered,8.732954841755865e-07,0,0,12,,workspace_x_lower,0,0,1,solved,osqp,0.0,valid,0.20691805981325628,0.624575644|0.588096632|0.550504791|0.286929308|0.246935336|0.20691806,0.774575644|0.738096632|0.700504791|0.436929308|0.396935336|0.35691806,0.744575644|0.708096632|0.670504791|0.406929308|0.366935336|0.32691806,0.15|0.15|0.15|0.15|0.15|0.15,0|0|0.209736458|0.464733461|0.308124057|0.36007158,-0.118438886|-0.145879042|-0.148828978|-0.0970762293|-0.0999892087|-0.0994619518,2.37986369|2.20650749|2.26292664|1.51537446|1.19587619|1.08828187,0.672098219|-0.63840276|0.398178458,0.00133058964|0.173917338|-0.0161404647,0.003111475147306919,0.0008224993944168091,0.0009668441489338875,0.0013029109686613083
146,7.3500000000000005,-0.7536749942284451,0.06983616948127747,0.4669565260410309,0.39911791682243347,0.0691625326871872,0.35,5,0,0,0,0,,,nan,0,0.8364260196685791,4.171344757080078,135.46034240722656,0.8364257216453552,1.0,nan,0,0,0,0,0.04911607258410319,0.0,filtered,4.7595549719713745e-07,0,0,12,,workspace_x_lower,0,0,1,solved,osqp,0.0,valid,0.22203415684354166,0.618542654|0.578870301|0.550525344|0.303474089|0.259908246|0.222034157,0.768542654|0.728870301|0.700525344|0.453474089|0.409908246|0.372034157,0.738542654|0.698870301|0.670525344|0.423474089|0.379908246|0.342034157,0.15|0.15|0.15|0.15|0.15|0.15,0|0|0.160199858|0.389342441|0.258624969|0.317569955,-0.117539491|-0.146797829|-0.148270449|-0.0942086818|-0.0962113567|-0.0946046667,2.35663112|2.16868338|2.21403079|1.50903011|1.20204659|1.11110192,0.672164738|-0.629706681|0.397371292,0.00133058964|0.173917338|-0.0161404647,0.002964225597679615,0.0008246991783380508,0.0009063016623258591,0.00121354591101408
147,7.4,-0.6783553512872568,0.06594151258468628,0.4756755530834198,0.40745434165000916,0.0605018213391304,0.35,5,0,0,0,0,,,nan,0,0.7248597145080566,5.419306755065918,50.60059356689453,0.7248595356941223,1.0,nan,0,0,0,0,0.04911607258410319,0.0,filtered,5.044434474635316e-07,0,0,12,,workspace_x_lower,0,0,1,solved,osqp,0.0,valid,0.2350912495242481,0.612581583|0.569874419|0.548765207|0.316647857|0.270436145|0.23509125,0.762581583|0.719874419|0.698765207|0.466647857|0.420436145|0.38509125,0.732581583|0.689874419|0.668765207|0.436647857|0.390436145|0.35509125,0.15|0.15|0.15|0.15|0.15|0.15,0|0|0.0984631316|0.27949501|0.176344188|0.226773358,-0.116623399|-0.146672805|-0.147739176|-0.0916804513|-0.0928210386|-0.0902690674,2.33370293|2.13282487|2.14578478|1.45440599|1.16526773|1.07686929,0.672231257|-0.621010602|0.396564126,0.00133058964|0.173917338|-0.0161404647,0.003169722855091095,0.0008185049518942833,0.0011125272139906883,0.0012196879833936691
148,7.45,-0.6502412036500994,0.0626690536737442,0.4824043810367584,0.41503581404685974,0.05771208181977272,0.35,5,0,0,0,0,,,nan,0,0.6691559553146362,3.201988697052002,74.20707702636719,0.6691559553146362,1.0,nan,0,0,0,0,0.04911607258410319,0.0,passthrough,9.416639827649194e-10,0,0,12,,workspace_x_lower,0,0,1,solved,osqp,0.0,valid,0.24392119547134428,0.60675345|0.562547034|0.546134472|0.324756189|0.276566734|0.243921195,0.75675345|0.712547034|0.696134472|0.474756189|0.426566734|0.393921195,0.72675345|0.682547034|0.666134472|0.444756189|0.396566734|0.363921195,0.15|0.15|0.15|0.15|0.15|0.15,0|0|0.0894740902|0.253096697|0.163548372|0.206498245,-0.115693285|-0.146162946|-0.147225904|-0.0897129542|-0.0901730366|-0.0869460881,2.31132051|2.10402519|2.12678607|1.4624085|1.17964227|1.09523694,0.672297776|-0.612314522|0.39575696,0.00133058964|0.173917338|-0.0161404647,0.003074907697737217,0.0008376333862543106,0.0008968645706772804,0.0013203835114836693
149,7.5,-0.7327788059499042,0.06087943911552429,0.49266189336776733,0.42547711730003357,0.06021092087030411,0.35,5,0,0,0,0,,,nan,0,0.6499966382980347,4.280960559844971,127.24592590332031,0.6499966382980347,1.0,nan,0,0,0,0,0.04911607258410319,0.0,passthrough,7.025394478284791e-10,0,0,12,,workspace_x_lower,0,0,1,solved,osqp,0.0,valid,0.25187839027306136,0.601025575|0.556380348|0.544326871|0.331629516|0.281754482|0.25187839,0.751025575|0.706380348|0.694326871|0.481629516|0.431754482|0.40187839,0.721025575|0.676380348|0.664326871|0.451629516|0.401754482|0.37187839,0.15|0.15|0.15|0.15|0.15|0.15,0|0|0.11655808|0.30403482|0.214197238|0.270343908,-0.114747781|-0.145654581|-0.146717244|-0.0881697925|-0.0880798334|-0.0844268231,2.28935452|2.07986681|2.14714832|1.54238309|1.25313533|1.19343065,0.672364295|-0.603618443|0.394949794,0.00133058964|0.173917338|-0.0161404647,0.0030430154874920845,0.0008282214403152466,0.0009210528805851936,0.0012744283303618431
150,7.550000000000001,-0.7931676982831425,0.0640031024813652,0.5047966241836548,0.436955064535141,0.0632922574877739,0.35,5,0,0,0,0,,,nan,0,0.7113631367683411,3.316892385482788,76.6794662475586,0.7460908889770508,1.0,nan,0,0,0,0,0.04911607258410319,0.0,filtered,0.08408425854187965,0,1,12,workspace_x_lower,workspace_x_lower,0,0,1,solved,osqp,2.661010717330825e-09,valid,0.2627291067763382,0.595288883|0.54910662|0.542486375|0.341139277|0.289857738|0.262729107,0.745288883|0.69910662|0.692486375|0.491139277|0.439857738|0.412729107,0.715288883|0.66910662|0.662486375|0.461139277|0.409857738|0.382729107,0.15|0.15|0.15|0.15|0.15|0.15,0|0|0.113407171|0.314987914|0.224998281|0.298128238,-0.113781485|-0.145119509|-0.14620183|-0.0864689583|-0.0857295646|-0.0816982635,2.26737405|2.05130697|2.13715084|1.59307606|1.29869967|1.2673464,0.672430813|-0.594922364|0.394142628,0.00133058964|0.173917338|-0.0161404647,0.003740224987268448,0.0007941024377942085,0.0012737242504954338,0.0016515124589204788
151,7.6000000000000005,-0.7834856411555847,0.06536445766687393,0.515139102935791,0.4452342689037323,0.06460750848054886,0.35,5,0,0,0,0,,,nan,0,0.6994760632514954,3.492814540863037,102.80043029785156,0.7009466290473938,1.0,nan,0,0,0,0,0.04911607258410319,0.0,filtered,0.004952799348442707,0,1,12,workspace_x_lower,workspace_x_lower,2,0,0,inaccurate_solution,,0.0,valid,0.2747450420893499,0.589577948|0.541335549|0.539941088|0.351278039|0.298974496|0.274745042,0.739577948|0.691335549|0.689941088|0.501278039|0.448974496|0.424745042,0.709577948|0.661335549|0.659941088|0.471278039|0.418974496|0.394745042,0.15|0.15|0.15|0.15|0.15|0.15,0|0|0.0653782312|0.244214753|0.167925162|0.241556749,-0.112795467|-0.144563283|-0.145682067|-0.0846933494|-0.083204887|-0.0784293432,2.24551633|2.02077891|2.07946052|1.56463356|1.28061826|1.26210757,0.672497332|-0.586226285|0.393335462,0.00133058964|0.173917338|-0.0161404647,0.003507268615067005,0.0008433349430561066,0.0008805049583315849,0.0017632590606808662
152,7.65,-0.6600042898520871,0.05833989009261131,0.518452525138855,0.44556036591529846,0.057542379945516586,0.35,5,0,0,0,0,,,nan,0,0.6437053084373474,6.6608991622924805,114.13280487060547,0.6437047123908997,1.0,nan,0,0,0,0,0.04911607258410319,0.0,filtered,8.754608652205966e-07,0,0,12,,workspace_x_lower,0,0,1,solved,osqp,0.0,valid,0.28374692150779757,0.583916672|0.533379641|0.535013448|0.35820742|0.305326605|0.283746922,0.733916672|0.683379641|0.685013448|0.50820742|0.455326605|0.433746922,0.703916672|0.653379641|0.655013448|0.47820742|0.425326605|0.403746922,0.15|0.15|0.15|0.15|0.15|0.15,0|0|-0.00296476434|0.0903697493|0.0375667767|0.0804673126,-0.11179048|-0.143988732|-0.145140003|-0.0827327375|-0.0805023209|-0.0736034239,2.22387621|1.98952983|1.99194902|1.44046669|1.17837088|1.14185157,0.672563851|-0.577530205|0.392528296,0.00133058964|0.173917338|-0.0161404647,0.004730437882244587,0.0014251023530960083,0.0014211656525731087,0.0018558679148554802
153,7.7,-0.5990881189555194,0.07779376953840256,0.5175516605377197,0.44144031405448914,0.07479237765073776,0.35,5,0,0,0,0,,,nan,0,0.6412932276725769,4.231393814086914,95.51705169677734,0.6412929892539978,1.0,nan,0,0,0,0,0.04911607258410319,0.0,filtered,2.6009714122902687e-07,0,0,12,,workspace_x_lower,0,0,1,solved,osqp,0.0,valid,0.28479791796769505,0.578374661|0.526698755|0.528550101|0.358131483|0.304835224|0.284797918,0.728374661|0.676698755|0.678550101|0.508131483|0.454835224|0.434797918,0.698374661|0.646698755|0.648550101|0.478131483|0.424835224|0.404797918,0.15|0.15|0.15|0.15|0.15|0.15,0|0|-0.0258824294|0.0315413467|-0.0123538613|0.00697132708,-0.110770073|-0.143419122|-0.144565855|-0.080821651|-0.0780417563|-0.0687406482,2.20272857|1.9633759|1.94375212|1.38324563|1.12894528|1.07742235,0.67263037|-0.568834126|0.391721129,0.00133058964|0.173917338|-0.0161404647,0.004772543907165527,0.0014932267367839813,0.0015524588525295258,0.0016946103423833847
154,7.75,-0.7388537949406156,0.05928298085927963,0.5244485139846802,0.44509032368659973,0.058408740907907486,0.35,5,0,0,0,0,,,nan,0,0.6188555359840393,7.304083824157715,210.05734252929688,0.6191878914833069,1.0,nan,0,0,0,0,0.04911607258410319,0.0,filtered,0.02357064487432875,0,0,12,joint_5_acceleration_lower,workspace_x_lower,0,0,1,solved,osqp,0.0,valid,0.28138172368537295,0.572958078|0.521579248|0.522596903|0.354931963|0.301168145|0.281381724,0.722958078|0.671579248|0.672596903|0.504931963|0.451168145|0.431381724,0.692958078|0.641579248|0.642596903|0.474931963|0.421168145|0.401381724,0.15|0.15|0.15|0.15|0.15|0.15,0|0|0.0502710599|0.175744212|0.120350203|0.168161179,-0.109734575|-0.14286124|-0.143973518|-0.0791559886|-0.0759860053|-0.0640245567,2.18209774|1.94345575|1.99668515|1.51631607|1.24903678|1.22966352,0.672696888|-0.560138047|0.390913963,0.00133058964|0.173917338|-0.0161404647,0.005002756603062153,0.0014813533052802086,0.0016914186999201775,0.0017978623509407043
155,7.800000000000001,-0.7692951037267369,0.06388210505247116,0.5320979356765747,0.4491346776485443,0.0629550963640213,0.35,5,0,0,0,0,,,nan,0,0.669983983039856,3.8301198482513428,120.52606201171875,0.66998291015625,1.0,nan,0,0,0,0,0.04911607258410319,0.0,filtered,1.3617520763029399e-06,0,0,12,,workspace_x_lower,0,0,1,solved,osqp,0.0,valid,0.28563823363424357,0.567505096|0.514824814|0.518098169|0.358605941|0.304748991|0.285638234,0.717505096|0.664824814|0.668098169|0.508605941|0.454748991|0.435638234,0.687505096|0.634824814|0.638098169|0.478605941|0.424748991|0.405638234,0.15|0.15|0.15|0.15|0.15|0.15,0|0|0.0294057067|0.150132413|0.100831079|0.161628359,-0.108674533|-0.142262065|-0.143393645|-0.0774581736|-0.0736913282|-0.0595422029,2.16134585|1.91703719|1.95840474|1.507098|1.24613571|1.24463909,0.672763407|-0.551441967|0.390106797,0.00133058964|0.173917338|-0.0161404647,0.0049179932102561,0.001453653909265995,0.001484191045165062,0.0019470667466521263
156,7.8500000000000005,-0.6540307035577897,0.07162857055664062,0.532686173915863,0.44531187415122986,0.07014726847410202,0.35,5,0,0,0,0,,,nan,0,0.6645954847335815,6.56104040145874,176.66583251953125,0.6702063083648682,1.0,nan,0,0,0,0,0.04911607258410319,0.0,filtered,0.026312557907968038,0,0,12,joint_1_acceleration_upper,workspace_x_lower,0,0,1,solved,osqp,0.0,valid,0.2901501421248234,0.562074575|0.507328863|0.511964353|0.361493073|0.30797491|0.290150142,0.712074575|0.657328863|0.661964353|0.511493073|0.45797491|0.440150142,0.682074575|0.627328863|0.631964353|0.481493073|0.42797491|0.410150142,0.15|0.15|0.15|0.15|0.15|0.15,0|0|-0.0535328414|-0.011147512|-0.0438566094|-0.0030394919,-0.107592664|-0.141634|-0.142787899|-0.0754707074|-0.0710097918|-0.0562817398,2.14070564|1.88768145|1.85153667|1.35935407|1.11703324|1.10127934,0.672829926|-0.542745888|0.389299631,0.00133058964|0.173917338|-0.0161404647,0.004810496233403683,0.0015606079250574112,0.0013876687735319138,0.0018166713416576385
157,7.9,-0.6204156728647388,0.10270306468009949,0.530152440071106,0.4385250508785248,0.10028889030218124,0.35,5,0,0,0,0,,,nan,0,0.7244066596031189,3.4591875076293945,85.89400482177734,0.7244066596031189,1.0,nan,0,0,0,0,0.04911607258410319,0.0,passthrough,4.334444003673443e-12,0,0,12,,workspace_x_lower,0,0,1,solved,osqp,0.0,valid,0.28683608588484133,0.556749736|0.500672053|0.50324147|0.357130101|0.303958755|0.286836086,0.706749736|0.650672053|0.65324147|0.507130101|0.453958755|0.436836086,0.676749736|0.620672053|0.62324147|0.477130101|0.423958755|0.406836086,0.15|0.15|0.15|0.15|0.15|0.15,0|0|-0.0867350258|-0.0518263055|-0.0816265458|-0.0530799022,-0.10649363|-0.141004968|-0.142125498|-0.0731549897|-0.0680949329|-0.052815235,2.12050531|1.86168324|1.78410536|1.30353911|1.06611354|1.04144921,0.672896445|-0.534049809|0.388492465,0.00133058964|0.173917338|-0.0161404647,0.004516972228884697,0.0013292888179421425,0.0013849269598722458,0.001774011179804802
158,7.95,-0.686559873377264,0.06450881063938141,0.5329990386962891,0.4378487169742584,0.06341233849525452,0.35,5,0,0,0,0,,,nan,0,0.6337156295776367,5.134527206420898,166.42108154296875,0.6337156295776367,1.0,nan,0,0,0,0,0.04911607258410319,0.0,passthrough,4.683925624754373e-12,0,0,12,,workspace_x_lower,0,0,1,solved,osqp,0.0,valid,0.2805585907728797,0.551534864|0.495100197|0.493966394|0.350358797|0.297468693|0.280558591,0.701534864|0.645100197|0.643966394|0.500358797|0.447468693|0.430558591,0.671534864|0.615100197|0.613966394|0.470358797|0.417468693|0.400558591,0.15|0.15|0.15|0.15|0.15|0.15,0|0|-0.0112177982|0.0489305191|0.0185847877|0.0635847567,-0.10537762|-0.140381235|-0.141429022|-0.0708012893|-0.0652068031|-0.0493264762,2.10076183|1.84001955|1.82321876|1.37956442|1.14325275|1.13649264,0.672962964|-0.52535373|0.387685299,0.00133058964|0.173917338|-0.0161404647,0.0047933561727404594,0.001586725004017353,0.0015244986861944199,0.0016500474885106087
159,8.0,-0.6891775670267773,0.06585274636745453,0.5357173085212708,0.4371286928653717,0.06468997895717621,0.35,5,0,0,0,0,,,nan,0,0.6491867303848267,2.024585247039795,115.0924301147461,0.6491867303848267,1.0,nan,0,0,0,0,0.04911607258410319,0.0,passthrough,5.127614932167283e-12,0,0,12,,workspace_x_lower,0,0,1,solved,osqp,0.0,valid,0.2803743338078819,0.546303025|0.488236696|0.486554875|0.348633077|0.296333103|0.280374334,0.696303025|0.638236696|0.636554875|0.498633077|0.446333103|0.430374334,0.666303025|0.608236696|0.606554875|0.468633077|0.416333103|0.400374334,0.15|0.15|0.15|0.15|0.15|0.15,0|0|-0.018448902|0.0331301327|0.00704107038|0.0567415921,-0.104236232|-0.139715541|-0.140748269|-0.0685698931|-0.0623735448|-0.0459984925,2.08097587|1.81323124|1.78702233|1.35909255|1.12999994|1.13224043,0.673029482|-0.51665765|0.386878133,0.00133058964|0.173917338|-0.0161404647,0.0038741789758205414,0.0008452450856566429,0.001143328845500946,0.001863677054643631
160,8.05,-0.6505411923968495,0.07562262564897537,0.5357255935668945,0.4334820806980133,0.0743761658668518,0.35,5,0,0,0,0,,,nan,0,0.694385826587677,2.766970634460449,61.96713638305664,0.694385826587677,1.0,nan,0,0,0,0,0.04911607258410319,0.0,passthrough,4.573885034038556e-12,0,0,12,,workspace_z_upper,0,0,1,solved,osqp,0.0,valid,0.2801542574872964,0.541132045|0.481457597|0.478987638|0.346443903|0.294946937|0.280154257,0.691132045|0.631457597|0.628987638|0.496443903|0.444946937|0.430154257,0.661132045|0.601457597|0.598987638|0.466443903|0.414946937|0.400154257,0.15|0.15|0.15|0.15|0.15|0.15,0|0|-0.0564035983|-0.0264432231|-0.0466829711|-0.00216696741,-0.103073963|-0.1390338|-0.140045616|-0.066279989|-0.0594651727|-0.0426203242,2.06145422|1.78679659|1.71950134|1.2930524|1.07363961|1.07582974,0.673096001|-0.507961571|0.386070967,0.00133058964|0.173917338|-0.0161404647,0.004810878075659275,0.0013886280357837677,0.0015245070680975914,0.001868322491645813
161,8.1,-0.6470771678304675,0.0725143626332283,0.535739541053772,0.43022361397743225,0.07042302191257477,0.35,5,0,0,0,0,,,nan,0,0.7205789685249329,1.6674493551254272,45.20021057128906,0.7205778360366821,1.0,nan,0,0,0,0,0.04911607258410319,0.0,filtered,1.4529792421526196e-06,0,0,12,,workspace_z_upper,0,0,1,solved,osqp,0.0,valid,0.2770508685910774,0.536041431|0.475037511|0.470089076|0.341472825|0.290842324|0.277050869,0.686041431|0.625037511|0.620089076|0.491472825|0.440842324|0.427050869,0.656041431|0.595037511|0.590089076|0.461472825|0.410842324|0.397050869,0.15|0.15|0.15|0.15|0.15|0.15,0|0|-0.0527280783|-0.0178313888|-0.037096708|0.00395478156,-0.101891849|-0.13834202|-0.139300375|-0.0637338686|-0.0563041158|-0.0389322889,2.04227387|1.76180802|1.68832785|1.28432604|1.06996847|1.07322597,0.67316252|-0.499265552|0.385263801,0.00133058964|0.173917338|-0.0161404647,0.0029989201575517654,0.0007987311109900475,0.00090003851801157,0.0012819264084100723
162,8.15,-0.6522398415268356,0.07512890547513962,0.5358878374099731,0.42746105790138245,0.07242105156183243,0.35,5,0,0,0,0,,,nan,0,0.7130513191223145,0.948962926864624,28.691858291625977,0.7130513191223145,1.0,nan,0,0,0,0,0.04911607258410319,0.0,passthrough,4.37536772727407e-12,0,0,12,,workspace_z_upper,0,0,1,solved,osqp,0.0,valid,0.2743094970725346,0.53102959|0.469099684|0.461915374|0.33705341|0.287173375|0.274309497,0.68102959|0.619099684|0.611915374|0.48705341|0.437173375|0.424309497,0.65102959|0.589099684|0.581915374|0.45705341|0.407173375|0.394309497,0.15|0.15|0.15|0.15|0.15|0.15,0|0|-0.0424758538|-0.0123169356|-0.0308079069|0.0097122052,-0.100689581|-0.13764346|-0.138543759|-0.0613031388|-0.0566900139|-0.0354259429,2.02342878|1.73875528|1.66664188|1.27459357|1.06119558|1.07152425,0.673229039|-0.49056983|0.384456635,0.00133058964|0.173917338|-0.0161404647,0.0029578981921076775,0.0008018650114536285,0.000866980291903019,0.0012696925550699234
163,8.200000000000001,-0.6854699713093626,0.07074042409658432,0.5378811955451965,0.4270264208316803,0.06779040396213531,0.35,5,0,0,0,0,,,nan,0,0.6853381395339966,1.4722082614898682,28.78094482421875,0.6853381395339966,1.0,nan,0,0,0,0,0.04911607258410319,0.0,passthrough,5.125818518787271e-12,0,0,12,,workspace_z_upper,0,0,1,solved,osqp,0.0,valid,0.27204195603029024,0.526084019|0.46337118|0.454438808|0.333068533|0.283012293|0.272041956,0.676084019|0.61337118|0.604438808|0.483068533|0.433012293|0.422041956,0.646084019|0.58337118|0.574438808|0.453068533|0.403012293|0.392041956,0.15|0.15|0.15|0.15|0.15|0.15,0|0|-0.0157242118|0.024731589|0.00542466207|0.0510655046,-0.099465974|-0.136932044|-0.137778161|-0.0589592682|-0.0602253702|-0.0320745041,2.0048701|1.71655268|1.66425286|1.29804645|1.07724846|1.10715882,0.673295557|-0.481874108|0.383649468,0.00133058964|0.173917338|-0.0161404647,0.0030984580516815186,0.0008805245161056519,0.0009333975613117218,0.0012640254572033882
164,8.25,-0.7008064649726122,0.0758257508277893,0.5401796102523804,0.42714038491249084,0.07261655479669571,0.35,5,0,0,0,0,,,nan,0,0.6657602190971375,0.46072494983673096,27.27840805053711,0.6657602190971375,1.0,nan,0,0,0,0,0.04911607258410319,0.0,passthrough,4.251469502807865e-12,0,0,12,,workspace_z_upper,0,0,1,solved,osqp,0.0,valid,0.2720566565587038,0.521193188|0.457638433|0.448179917|0.331087168|0.279799719|0.272056657,0.671193188|0.607638433|0.598179917|0.481087168|0.429799719|0.422056657,0.641193188|0.577638433|0.568179917|0.451087168|0.399799719|0.392056657,0.15|0.15|0.15|0.15|0.15|0.15,0|0|-0.0127412827|0.0285361125|0.0100422221|0.057574555,-0.0982198618|-0.136202418|-0.13701195|-0.0568142967|-0.0640295818|-0.0290501661,1.98655289|1.69435131|1.64296644|1.29607049|1.06521152|1.11675102,0.673362076|-0.473178387|0.382842302,0.00133058964|0.173917338|-0.0161404647,0.003838740289211273,0.0012089712545275688,0.0013040555641055107,0.001306082122027874
165,8.3,-0.7158851584903758,0.08317097276449203,0.5426145195960999,0.42756202816963196,0.07967433333396912,0.35,5,0,0,0,0,,,nan,0,0.656290590763092,0.49783316254615784,9.97441577911377,0.6562894582748413,1.0,nan,0,0,0,0,0.04911607258410319,0.0,filtered,1.3328865756195158e-06,0,0,12,,workspace_z_upper,0,0,1,solved,osqp,0.0,valid,0.2726123181555229,0.51636163|0.45187559|0.442018377|0.329460695|0.27592992|0.272612318,0.66636163|0.60187559|0.592018377|0.479460695|0.42592992|0.422612318,0.63636163|0.57187559|0.562018377|0.449460695|0.39592992|0.392612318,0.15|0.15|0.15|0.15|0.15|0.15,0|0|-0.0172192163|0.0260557581|0.00788827086|0.0594919583,-0.0969512292|-0.135453379|-0.136226878|-0.0546632851|-0.0675882659|-0.0260836866,1.96849529|1.67204898|1.61462741|1.28923525|1.04401969|1.12385754,0.673428595|-0.464482665|0.382035136,0.00133058964|0.173917338|-0.0161404647,0.0032650213688611984,0.000945262610912323,0.000947875902056694,0.0013518249616026878
166,8.35,-0.7292594161569358,0.1053239032626152,0.544349730014801,0.42574015259742737,0.101706862449646,0.35,4,0,0,0,0,,,nan,0,0.6466050744056702,0.8274552226066589,14.55346965789795,0.6535558700561523,1.0,nan,0,0,0,0,0.04911607258410319,0.0,filtered,0.02567123324256491,0,0,12,,workspace_z_upper,0,0,1,solved,osqp,3.666165809684818e-07,valid,0.27109231998560634,0.511586601|0.445962991|0.435479214|0.327882645|0.27109232|0.2734872,0.661586601|0.595962991|0.585479214|0.477882645|0.42109232|0.4234872,0.631586601|0.565962991|0.555479214|0.447882645|0.39109232|0.3934872,0.15|0.15|0.15|0.15|0.15|0.15,0|0|-0.0278980411|0.00406982775|-0.0132196702|0.0422754402,-0.0956595207|-0.13468112|-0.135413287|-0.0524081223|-0.0702086876|-0.0230448381,1.95068688|1.64917084|1.57860553|1.26319228|1.00094092|1.1131794,0.673495114|-0.455786943|0.38122797,0.00133058964|0.173917338|-0.0161404647,0.0032910630106925964,0.0009089997038245201,0.0009496603161096573,0.0014112954959273338
167,8.4,-0.7365641669603065,0.11282651126384735,0.5458755493164062,0.4191027581691742,0.10917598009109497,0.35,4,0,0,0,0,,,nan,0,0.659050464630127,1.7682691812515259,31.96634292602539,0.6733722686767578,1.0,nan,0,0,0,0,0.04911607258410319,0.0,filtered,0.05955483057618623,0,1,12,workspace_z_upper,workspace_z_upper,0,0,1,solved,osqp,1.8947343694009078e-12,valid,0.2651297123566959,0.506863193|0.439736305|0.428072123|0.325400848|0.265129712|0.273742055,0.656863193|0.589736305|0.578072123|0.475400848|0.415129712|0.423742055,0.626863193|0.559736305|0.548072123|0.445400848|0.385129712|0.393742055,0.15|0.15|0.15|0.15|0.15|0.15,0|0|-0.0217314034|-0.00761888612|-0.0205550398|0.0355638748,-0.094343981|-0.133880024|-0.134560044|-0.0499027857|-0.0671968155|-0.0197352697,1.93310879|1.62506519|1.55599705|1.24408172|0.972766994|1.11079683,0.673561633|-0.447091222|0.380420804,0.00133058964|0.173917338|-0.0161404647,0.0031686266884207726,0.0008243760094046593,0.0009350208565592766,0.001390586607158184
168,8.450000000000001,-0.743535682446732,0.11734365671873093,0.5473563075065613,0.41242673993110657,0.1136755719780922,0.35,4,0,0,0,0,,,nan,0,0.6884956359863281,1.8453279733657837,12.464193344116211,0.7000637054443359,1.0,nan,0,0,0,0,0.04911607258410319,0.0,filtered,0.059878483537876476,0,1,12,workspace_z_upper,workspace_z_upper,0,0,1,solved,osqp,1.3025969192170805e-12,valid,0.258950663482693,0.502191161|0.43323646|0.420599741|0.322529659|0.258950663|0.273830121,0.652191161|0.58323646|0.570599741|0.472529659|0.408950663|0.423830121,0.622191161|0.55323646|0.540599741|0.442529659|0.378950663|0.393830121,0.15|0.15|0.15|0.15|0.15|0.15,0|0|-0.0161548506|-0.0151147098|-0.0241725576|0.0325464494,-0.0930041859|-0.133049409|-0.133679885|-0.0472721937|-0.0640409111|-0.0163113341,1.91576046|1.59989643|1.53256423|1.22773173|0.947589185|1.1115556,0.673628151|-0.4383955|0.379613638,0.00133058964|0.173917338|-0.0161404647,0.0029922667890787125,0.0008223690092563629,0.0008636265993118286,0.0012859301641583443
169,8.5,-0.7476113082640268,0.111787348985672,0.5491530895233154,0.4063017666339874,0.10813650488853455,0.35,4,0,0,0,0,,,nan,0,0.6994734406471252,1.8537839651107788,15.382797241210938,0.7116829752922058,1.0,nan,0,0,0,0,0.04911607258410319,0.0,filtered,0.07220841534851537,0,0,12,,workspace_z_upper,0,0,1,solved,osqp,6.386569921038032e-07,valid,0.25275812363956407,0.497570105|0.426423622|0.412994958|0.319484623|0.252758124|0.273904043,0.647570105|0.576423622|0.562994958|0.469484623|0.402758124|0.423904043,0.617570105|0.546423622|0.532994958|0.439484623|0.372758124|0.393904043,0.15|0.15|0.15|0.15|0.15|0.15,0|0|-0.00504638086|-0.0127757105|-0.0175141646|0.0370604365,-0.0916396759|-0.132185978|-0.132768578|-0.0445047123|-0.0607146362|-0.0127674029,1.89864075|1.57350851|1.51416487|1.22065807|0.932803694|1.11990921,0.67369467|-0.429699779|0.378806472,0.00133058964|0.173917338|-0.0161404647,0.003134670667350292,0.0007955003529787064,0.0008639860898256302,0.0014558983966708183
170,8.55,-0.7467176621215734,0.08843997865915298,0.5518237948417664,0.40228787064552307,0.0848725363612175,0.35,4,0,0,0,0,,,nan,0,0.6301799416542053,3.4438154697418213,51.055076599121094,0.6460984945297241,1.0,nan,0,0,0,0,0.04911607258410319,0.0,filtered,0.09079584232844004,0,0,12,,workspace_z_upper,0,0,1,solved,osqp,7.450354730376141e-07,valid,0.24713796919684927,0.492996751|0.419217165|0.405419206|0.316766089|0.247137969|0.274376365,0.642996751|0.569217165|0.555419206|0.466766089|0.397137969|0.424376365,0.612996751|0.539217165|0.525419206|0.436766089|0.367137969|0.394376365,0.15|0.15|0.15|0.15|0.15|0.15,0|0|0.0220806777|0.0126738993|0.0137441535|0.0533585696,-0.0902497014|-0.131284308|-0.131826703|-0.0416446171|-0.0572482346|-0.00918473621,1.8817373|1.54558435|1.5119308|1.23809364|0.945047796|1.1416793,0.673761189|-0.421004057|0.377999306,0.00133058964|0.173917338|-0.0161404647,0.003165260888636112,0.0008293632417917252,0.0010362984612584114,0.0012781331315636635
171,8.6,-0.7774579431295752,0.08157796412706375,0.5560154914855957,0.401051789522171,0.07954230904579163,0.35,4,0,0,0,0,,,nan,0,0.5669924020767212,4.607586860656738,30.460708618164062,0.5688009262084961,1.0,nan,0,0,0,0,0.04911607258410319,0.0,filtered,0.10393185611863998,0,1,12,workspace_z_upper|joint_3_acceleration_upper,workspace_z_upper,0,0,1,solved,osqp,0.0,valid,0.24361016592697682,0.488471818|0.411671486|0.398670786|0.315498277|0.243610166|0.275887711,0.638471818|0.561671486|0.548670786|0.465498277|0.393610166|0.425887711,0.608471818|0.531671486|0.518670786|0.435498277|0.363610166|0.395887711,0.15|0.15|0.15|0.15|0.15|0.15,0|0|0.0527320207|0.0503652319|0.0573314951|0.0808426623,-0.0888338012|-0.130342539|-0.130874108|-0.0389386323|-0.0539256758|-0.00592884536,1.86505347|1.51634341|1.51654106|1.27341971|0.977846483|1.17846466,0.673827708|-0.412308335|0.37719214,0.00133058964|0.173917338|-0.0161404647,0.0031628217548131943,0.0008509261533617973,0.0009843241423368454,0.001306505873799324
172,8.65,-0.8443400187851264,0.0974203571677208,0.5622572302818298,0.40267905592918396,0.09523618966341019,0.35,4,0,0,0,0,,,nan,0,0.6086458563804626,4.7978925704956055,19.47864532470703,0.62840336561203,1.0,nan,0,0,0,0,0.04911607258410319,0.0,filtered,0.09130049345471396,0,2,12,workspace_x_lower|workspace_z_upper|joint_3_acceleration_upper,workspace_x_lower,0,0,1,solved,osqp,3.999660194708987e-08,valid,0.24283804064595083,0.483979576|0.403403549|0.392469285|0.316298149|0.242838041|0.279038013,0.633979576|0.553403549|0.542469285|0.466298149|0.392838041|0.429038013,0.603979576|0.523403549|0.512469285|0.436298149|0.362838041|0.399038013,0.15|0.15|0.15|0.15|0.15|0.15,0|0|0.0848827488|0.0929081863|0.105916605|0.117650484,-0.087389834|-0.129341323|-0.129907523|-0.0363830101|-0.0507765859|-0.00301785894,1.84852847|1.48427287|1.52485237|1.32171777|1.02649218|1.23078468,0.673894227|-0.403612614|0.376384974,0.00133058964|0.173917338|-0.0161404647,0.003217887133359909,0.0008903071284294128,0.0009088274091482162,0.0013981414958834648
173,8.700000000000001,-0.788613435772202,0.09742537140846252,0.5651025176048279,0.4024951756000519,0.09508661925792694,0.35,4,0,0,0,0,,,nan,0,0.6543318033218384,3.593302011489868,77.47101593017578,0.7600526809692383,1.0,nan,0,0,0,0,0.04911607258410319,0.0,filtered,0.2246442388624959,0,1,12,workspace_x_lower,workspace_x_lower,0,0,1,solved,osqp,4.730122127316605e-10,valid,0.2449095959893569,0.479506888|0.394071652|0.386479542|0.319409837|0.244909596|0.284249703,0.629506888|0.544071652|0.536479542|0.469409837|0.394909596|0.434249703,0.599506888|0.514071652|0.506479542|0.439409837|0.364909596|0.404249703,0.15|0.15|0.15|0.15|0.15|0.15,0|0|0.0761909629|0.036483512|0.0497779388|0.0440421327,-0.0859154738|-0.128255988|-0.128926188|-0.0339470167|-0.0477850234|-0.000404119733,1.83211208|1.44803062|1.49318294|1.28017584|0.981631299|1.18063682,0.673960745|-0.394916892|0.375577807,0.00133058964|0.173917338|-0.0161404647,0.004739412106573582,0.00139637291431427,0.001400575041770935,0.0019121179357171059
174,8.75,-0.7441280312866914,0.09748643636703491,0.565468966960907,0.4005121886730194,0.09498722106218338,0.35,4,0,0,0,0,,,nan,0,0.6986917853355408,2.3134419918060303,37.277854919433594,0.7938662767410278,1.0,nan,0,0,0,0,0.04911607258410319,0.0,filtered,0.23837375817883857,0,1,12,workspace_x_lower,workspace_x_lower,0,0,1,solved,osqp,2.4914204033166243e-10,valid,0.24514756501706325,0.475117395|0.3849437|0.380245488|0.319807754|0.245147565|0.285916058,0.625117395|0.5349437|0.530245488|0.469807754|0.395147565|0.435916058,0.595117395|0.5049437|0.500245488|0.439807754|0.365147565|0.405916058,0.15|0.15|0.15|0.15|0.15|0.104909417,0|0|0.0629058155|-0.0100517633|0.00274781953|-0.00929318505,-0.0844165655|-0.127131491|-0.127923139|-0.0313200843|-0.0449336745|1.6393115e-18,1.81605301|1.41264331|1.45596463|1.23785917|0.938404405|1.13437105,0.674027264|-0.38622117|0.374770641,0.00133058964|0.173917338|-0.0161404647,0.004836534149944782,0.001422635279595852,0.0015110764652490616,0.0018692165613174438
175,8.8,-0.7015230850227556,0.09959755092859268,0.5635746717453003,0.3964649736881256,0.09692918509244919,0.35,4,0,0,0,0,,,nan,0,0.7590922713279724,2.8107411861419678,23.56123924255371,0.8375946283340454,1.0,nan,0,0,0,0,0.04911607258410319,0.0,filtered,0.2377903847808247,0,1,12,workspace_x_lower,workspace_x_lower,0,0,1,solved,osqp,9.527384436935904e-11,valid,0.2435891426818143,0.470812909|0.376017887|0.373575673|0.318003486|0.243589143|0.284913901,0.620812909|0.526017887|0.523575673|0.468003486|0.393589143|0.434913901,0.590812909|0.496017887|0.493575673|0.438003486|0.363589143|0.404913901,0.15|0.15|0.15|0.15|0.15|0.046470842,0|0|0.0410901378|-0.0584850414|-0.0463621269|-0.0593889727,-0.0828931904|-0.125967555|-0.126882544|-0.0284362432|-0.0420521868|1.60809949e-18,1.80035844|1.37810399|1.40851029|1.18509266|0.885942257|1.08026663,0.674093783|-0.377525449|0.373963475,0.00133058964|0.173917338|-0.0161404647,0.004994263872504234,0.001513107679784298,0.0016127536073327065,0.0018364768475294113
176,8.85,-0.6698330379870834,0.11516594886779785,0.5595546960830688,0.39066389203071594,0.11247994750738144,0.35,4,0,0,0,0,,,nan,0,0.8466084003448486,2.8700788021087646,14.374735832214355,0.9142813682556152,1.0,nan,0,0,0,0,0.04911607258410319,0.0,filtered,0.24780410379044251,0,1,12,workspace_x_lower,workspace_x_lower,0,0,1,solved,osqp,2.4276108900878057e-11,valid,0.23999440223495228,0.466589842|0.367146959|0.365920378|0.313948331|0.239994402|0.281418718,0.616589842|0.517146959|0.515920378|0.463948331|0.389994402|0.431418718,0.586589842|0.487146959|0.485920378|0.433948331|0.359994402|0.401418718,0.15|0.15|0.15|0.15|0.15|0,0|0|0.0246012129|-0.103556547|-0.0909927824|-0.108071949,-0.0813447837|-0.124755295|-0.125767885|-0.0251205525|-0.0389676331|0.00113796435,1.78501459|1.34383254|1.36251484|1.12711622|0.830017193|1.01874089,0.674160302|-0.368829727|0.373156309,0.00133058964|0.173917338|-0.0161404647,0.004656117409467697,0.0013103215023875237,0.0014306381344795227,0.0018860343843698502
177,8.9,-0.6595937034076315,0.14550676941871643,0.5539801120758057,0.38343992829322815,0.1428893655538559,0.35,4,0,0,0,0,,,nan,0,0.9442787170410156,2.532818555831909,21.31886100769043,1.006778597831726,1.0,nan,0,0,0,0,0.04911607258410319,0.0,filtered,0.26819921518508416,0,1,12,workspace_x_lower,workspace_x_lower,0,0,1,solved,osqp,2.496502310433968e-11,valid,0.2346662074944592,0.46244991|0.358368525|0.357563096|0.307839319|0.234666207|0.275739859,0.61244991|0.508368525|0.507563096|0.457839319|0.384666207|0.425739859,0.58244991|0.478368525|0.477563096|0.427839319|0.354666207|0.395739859,0.15|0.15|0.15|0.15|0.15|0,0|0|0.0143581961|-0.139595682|-0.125645352|-0.142867683,-0.0797713845|-0.123494585|-0.124577902|-0.0213970498|-0.0357329205|0.00525655806,1.77002826|1.30997951|1.32003268|1.07036455|0.777286557|0.965348312,0.67422682|-0.360134006|0.372349143,0.00133058964|0.173917338|-0.0161404647,0.00502339843660593,0.001477811485528946,0.0015184767544269562,0.0019936682656407356
178,8.950000000000001,-0.6543241757547411,0.1760430634021759,0.5472519397735596,0.37487974762916565,0.17350339889526367,0.35,4,0,0,0,0,,,nan,0,1.027920126914978,2.0465643405914307,16.974470138549805,1.0767300128936768,1.0,nan,0,0,0,0,0.04911607258410319,0.0,filtered,0.2549966695054454,0,1,12,workspace_x_lower,workspace_x_lower,0,0,1,solved,osqp,2.627989353909399e-10,valid,0.2279257208328277,0.458401502|0.349886606|0.349031938|0.300141384|0.227925721|0.268526647,0.608401502|0.499886606|0.499031938|0.450141384|0.377925721|0.418526647,0.578401502|0.469886606|0.469031938|0.420141384|0.347925721|0.388526647,0.15|0.15|0.15|0.15|0.15|0,0|0|-0.00179486289|-0.172378663|-0.156507824|-0.16914378,-0.0781740283|-0.122197734|-0.123328873|-0.0173825565|-0.0324160016|0.00963020516,1.75543198|1.27734869|1.27100402|1.01080431|0.722779058|0.914593015,0.674293339|-0.351438284|0.371541977,0.00133058964|0.173917338|-0.0161404647,0.006749323569238186,0.0025719525292515755,0.0019005201756954193,0.0022399025037884712
179,9.0,-0.6516401929659199,0.20300349593162537,0.5397879481315613,0.3652418553829193,0.20057281851768494,0.35,4,0,0,0,0,,,nan,0,1.0849844217300415,1.5699958801269531,13.29379940032959,1.1245518922805786,1.0,nan,0,0,0,0,0.04911607258410319,0.0,filtered,0.2434292148884334,0,1,12,workspace_x_lower,workspace_x_lower,0,0,1,solved,osqp,1.6928806967353438e-09,valid,0.21988678441419607,0.454440102|0.341542689|0.339887388|0.291074785|0.219886784|0.260243167,0.604440102|0.491542689|0.489887388|0.441074785|0.369886784|0.410243167,0.574440102|0.461542689|0.459887388|0.411074785|0.339886784|0.380243167,0.15|0.15|0.15|0.15|0.15|0,0|0|-0.0207966907|-0.199228853|-0.181109025|-0.186298639,-0.0765520551|-0.120854043|-0.121985534|-0.012951755|-0.0288335577|0.0143583725,1.74120835|1.24531671|1.21676733|0.952118533|0.669604555|0.869032403,0.674359858|-0.342742562|0.370734811,0.00133058964|0.173917338|-0.0161404647,0.0048735784366726875,0.0015464862808585167,0.0014450084418058395,0.0018474375829100609
180,9.05,-0.6473671188322078,0.2191237062215805,0.5321106910705566,0.3552216589450836,0.21684375405311584,0.35,4,0,0,0,0,,,nan,0,1.1236724853515625,1.2266401052474976,15.453710556030273,1.162596583366394,1.0,nan,0,0,0,0,0.04911607258410319,0.0,filtered,0.25714820890739803,0,1,12,workspace_x_lower,workspace_x_lower,0,0,1,solved,osqp,9.086553332676717e-09,valid,0.2108213508301897,0.450565443|0.333292147|0.3299621|0.280977904|0.210821351|0.25140248,0.600565443|0.483292147|0.4799621|0.430977904|0.360821351|0.40140248,0.570565443|0.453292147|0.4499621|0.400977904|0.330821351|0.37140248,0.15|0.15|0.15|0.15|0.15|0,0|0|-0.0342086827|-0.212752534|-0.192094112|-0.191885282,-0.0749053367|-0.119458548|-0.120520574|-0.00805827322|-0.0248973208|0.0194375059,1.72735644|1.21371004|1.16511914|0.903100811|0.626293971|0.833162144,0.674426377|-0.334046841|0.369927645,0.00133058964|0.173917338|-0.0161404647,0.0048129986971616745,0.0016122572124004364,0.001436907798051834,0.0017301039770245552
181,9.1,-0.6421707997191618,0.22260576486587524,0.5248090028762817,0.3456088602542877,0.22051364183425903,0.35,4,0,0,0,0,,,nan,0,1.1380378007888794,1.2101378440856934,17.52241325378418,1.1804687976837158,1.0,nan,0,0,0,0,0.04911607258410319,0.0,filtered,0.28195407277371126,0,1,12,workspace_x_lower,workspace_x_lower,0,0,1,solved,osqp,3.660341266545353e-08,valid,0.20139788309439077,0.446785982|0.325342342|0.319768576|0.270503613|0.201397883|0.242563223,0.596785982|0.475342342|0.469768576|0.420503613|0.351397883|0.392563223,0.566785982|0.445342342|0.439768576|0.390503613|0.321397883|0.362563223,0.15|0.15|0.15|0.15|0.15|0,0|0|-0.0376662834|-0.209560093|-0.186447464|-0.184067229,-0.0732351793|-0.118027498|-0.118952864|-0.00289998219|-0.0207942727|0.0245886129,1.71390875|1.18334187|1.12245516|0.869554379|0.598349796|0.810774275,0.674492896|-0.325351119|0.369120479,0.00133058964|0.173917338|-0.0161404647,0.004804676398634911,0.0014557866379618645,0.0014313086867332458,0.0018843868747353554
182,9.15,-0.637215859542307,0.2137327343225479,0.5184552669525146,0.3370721638202667,0.21185024082660675,0.35,4,0,0,0,0,,,nan,0,1.1186846494674683,1.6082417964935303,20.768083572387695,1.1674742698669434,1.0,nan,0,0,0,0,0.04911607258410319,0.0,filtered,0.31008268407795136,0,0,12,,workspace_x_lower,0,0,1,solved,osqp,1.0609350755558244e-07,valid,0.1923623843485167,0.443112259|0.317975024|0.310106571|0.260389822|0.192362384|0.234312727,0.593112259|0.467975024|0.460106571|0.410389822|0.342362384|0.384312727,0.563112259|0.437975024|0.430106571|0.380389822|0.312362384|0.354312727,0.15|0.15|0.15|0.11156742|0.15|0,0|0|-0.0310603837|-0.191095182|-0.164885881|-0.162680047,-0.0715435101|-0.116589818|-0.117338091|6.15008206e-18|-0.0168257724|0.0294218072,1.70090553|1.15531028|1.09202781|0.850464107|0.587737884|0.803992667,0.674559414|-0.316655397|0.368313313,0.00133058964|0.173917338|-0.0161404647,0.004825524054467678,0.0015791691839694977,0.0013571614399552345,0.0018569333478808403
183,9.200000000000001,-0.6333372094867812,0.19150102138519287,0.5136443972587585,0.33015650510787964,0.1898382604122162,0.35,4,0,0,0,0,,,nan,0,1.0511616468429565,2.7761642932891846,32.29071807861328,1.1087912321090698,1.0,nan,0,0,0,0,0.04911607258410319,0.0,filtered,0.33494973403906386,0,0,12,,workspace_x_lower,0,0,1,solved,osqp,2.1953319202100419e-07,valid,0.18434567114398137,0.439551894|0.311403445|0.301701214|0.251131484|0.184345671|0.227211377,0.589551894|0.461403445|0.451701214|0.401131484|0.334345671|0.377211377,0.559551894|0.431403445|0.421701214|0.371131484|0.304345671|0.347211377,0.15|0.15|0.15|0.0315689862|0.15|0,0|0|-0.0185335172|-0.154017562|-0.128055502|-0.126179888,-0.0698320271|-0.115174506|-0.115746493|6.51926683e-19|-0.013252833|0.0336094781,1.68837555|1.13043927|1.07252484|0.850508372|0.596074349|0.8162751,0.674625933|-0.307959676|0.367506146,0.00133058964|0.173917338|-0.0161404647,0.0036981208249926567,0.0009367940947413445,0.0013595148921012878,0.0013783648610115051
184,9.25,-0.6301290931980941,0.16448761522769928,0.5104876756668091,0.3248586058616638,0.16305063664913177,0.35,4,0,0,0,0,,,nan,0,0.9631593823432922,3.559680461883545,26.339271545410156,1.0296835899353027,1.0,nan,0,0,0,0,0.04911607258410319,0.0,filtered,0.35057159668097065,0,0,12,,workspace_x_lower,0,0,1,solved,osqp,3.641158596787153e-07,valid,0.17787879101071602,0.436107848|0.305707941|0.294941963|0.243703329|0.177878791|0.221891379,0.586107848|0.455707941|0.444941963|0.393703329|0.327878791|0.371891379,0.556107848|0.425707941|0.414941963|0.363703329|0.297878791|0.341891379,0.15|0.15|0.15|0|0.15|0,0|0|-0.00267341793|-0.107630261|-0.0884366972|-0.0861842182,-0.0681017249|-0.113800511|-0.114231409|0.00203933829|-0.0101741469|0.0370090943,1.67632967|1.10903125|1.06286303|0.869222391|0.61290432|0.838390394,0.674692452|-0.299263954|0.36669898,0.00133058964|0.173917338|-0.0161404647,0.0034436583518981934,0.0011504413560032845,0.0009727012366056442,0.0012907031923532486
185,9.3,-0.6216137763216446,0.13260865211486816,0.508822500705719,0.32126864790916443,0.13139890134334564,0.35,4,0,0,0,0,,,nan,0,0.8924503326416016,3.4316165447235107,24.383651733398438,0.9644600749015808,1.0,nan,0,0,0,0,0.04911607258410319,0.0,filtered,0.35506258796943857,0,0,12,,workspace_x_lower,0,0,1,solved,osqp,4.43494185674298e-07,valid,0.1729721348123343,0.432776229|0.300783688|0.289845941|0.238618444|0.172972135|0.218486309,0.582776229|0.450783688|0.439845941|0.388618444|0.322972135|0.368486309,0.552776229|0.420783688|0.409845941|0.358618444|0.292972135|0.338486309,0.15|0.15|0.15|0|0.15|0,0|0|0.00789868188|-0.0620310474|-0.050942941|-0.0514927259,-0.0663522952|-0.112466215|-0.112815458|0.00521097554|-0.00749890087|0.0397444561,1.66475262|1.09066854|1.05446699|0.897653703|0.633446697|0.862196966,0.674758971|-0.290568233|0.365891814,0.00133058964|0.173917338|-0.0161404647,0.0032216645777225494,0.0008421633392572403,0.0009402865543961525,0.00141848623752594
186,9.35,-0.6266656167324962,0.12249279767274857,0.5081015229225159,0.3192221522331238,0.1215037927031517,0.35,4,0,0,0,0,,,nan,0,0.8504483699798584,2.85675311088562,37.89885330200195,0.9226000905036926,1.0,nan,0,0,0,0,0.04911607258410319,0.0,filtered,0.34927540121366657,0,0,12,,workspace_x_lower,0,0,1,solved,osqp,4.301300315784351e-07,valid,0.1697251071748428,0.429551138|0.296439991|0.28598152|0.235866985|0.169725107|0.216844116,0.579551138|0.446439991|0.43598152|0.385866985|0.319725107|0.366844116,0.549551138|0.416439991|0.40598152|0.355866985|0.289725107|0.336844116,0.15|0.15|0.15|0|0.15|0,0|0|0.0128573143|-0.0294687115|-0.023055668|-0.030997047,-0.064582913|-0.111156971|-0.111470793|0.00777549427|-0.00516688174|0.0419420609,1.65362164|1.07460299|1.0453126|0.921774721|0.650677879|0.878321477,0.67482549|-0.281872511|0.365084648,0.00133058964|0.173917338|-0.0161404647,0.00475301593542099,0.0015726443380117416,0.0014098705723881721,0.0017478512600064278
187,9.4,-0.6247074915059492,0.1199067160487175,0.5075188279151917,0.3177949786186218,0.11912734061479568,0.35,4,0,0,0,0,,,nan,0,0.8181292414665222,1.1771330833435059,49.705562591552734,0.890343189239502,1.0,nan,0,0,0,0,0.04911607258410319,0.0,filtered,0.3446498533572545,0,0,12,,workspace_x_lower,0,0,1,solved,osqp,3.639667372733191e-07,valid,0.1679800353199532,0.426425334|0.29244491|0.282794379|0.234828166|0.167980035|0.216357163,0.576425334|0.44244491|0.432794379|0.384828166|0.317980035|0.366357163,0.546425334|0.41244491|0.402794379|0.354828166|0.287980035|0.336357163,0.15|0.15|0.15|0|0.15|0,0|0|0.0195817125|-0.0229273062|-0.0162521032|-0.0305742252,-0.0627923664|-0.109849986|-0.110150985|0.00992974936|-0.00313093868|0.0437415457,1.64290897|1.05992966|1.04060824|0.926315107|0.652537099|0.878595973,0.674892008|-0.273176789|0.364277482,0.00133058964|0.173917338|-0.0161404647,0.005162683315575123,0.0015101265162229538,0.0016713030636310577,0.0019466495141386986
188,9.450000000000001,-0.6224787421089562,0.12072471529245377,0.5068451762199402,0.31639060378074646,0.12014859169721603,0.35,4,0,0,0,0,,,nan,0,0.7988513708114624,0.9782229661941528,25.93630599975586,0.8731598258018494,1.0,nan,0,0,0,0,0.04911607258410319,0.0,filtered,0.34736874853618255,0,0,12,,workspace_x_lower,0,0,1,solved,osqp,2.9981109729224076e-07,valid,0.16682659714284476,0.423392733|0.288626415|0.280112982|0.234220584|0.166826597|0.216053292,0.573392733|0.438626415|0.430112982|0.384220584|0.316826597|0.366053292,0.543392733|0.408626415|0.400112982|0.354220584|0.286826597|0.336053292,0.15|0.15|0.15|0|0.15|0,0|0|0.0256137588|-0.0267902902|-0.0190175204|-0.0354297219,-0.0609795743|-0.108526577|-0.108848752|0.0118955754|-0.00128793919|0.0453432165,1.63259136|1.04597908|1.03721693|0.921987622|0.647000929|0.874126661,0.674958527|-0.264481068|0.363470316,0.00133058964|0.173917338|-0.0161404647,0.004905787296593189,0.001445145346224308,0.0015667546540498734,0.0018625231459736824
189,9.5,-0.6222559503313917,0.1218549907207489,0.5061739087104797,0.3149608075618744,0.1214611604809761,0.35,4,0,0,0,0,,,nan,0,0.7812459468841553,0.7728069424629211,9.99620246887207,0.8569113612174988,1.0,nan,0,0,0,0,0.04911607258410319,0.0,filtered,0.34817531749837133,0,0,12,,workspace_x_lower,0,0,1,solved,osqp,2.4258238063429305e-07,valid,0.16568231444051174,0.420453301|0.284954148|0.277853587|0.233518841|0.165682314|0.215635256,0.570453301|0.434954148|0.427853587|0.383518841|0.315682314|0.365635256,0.540453301|0.404954148|0.397853587|0.353518841|0.285682314|0.335635256,0.15|0.15|0.15|0|0.143153352|0,0|0|0.0282591747|-0.0289539601|-0.0207713103|-0.0370875429,-0.0591446266|-0.107183301|-0.107559946|0.013781367|8.7275599e-19|0.0468695097,1.62266858|1.03263329|1.03211358|0.918902771|0.641957947|0.872322989,0.675025046|-0.255785346|0.36266315,0.00133058964|0.173917338|-0.0161404647,0.004919106140732765,0.0014689406380057335,0.0016014669090509415,0.0018174545839428902
190,9.55,-0.6227874199974803,0.12215160578489304,0.5055840015411377,0.31364142894744873,0.1219111755490303,0.35,4,0,0,0,0,,,nan,0,0.7624194622039795,0.487627238035202,11.379636764526367,0.8380499482154846,1.0,nan,0,0,0,0,0.04911607258410319,0.0,filtered,0.3450055360312739,0,0,12,,workspace_x_lower,0,0,1,solved,osqp,1.9261434456088744e-07,valid,0.16448192862883215,0.417606851|0.281382608|0.275812531|0.232800619|0.164481929|0.21524277,0.567606851|0.431382608|0.425812531|0.382800619|0.314481929|0.36524277,0.537606851|0.401382608|0.395812531|0.352800619|0.284481929|0.33524277,0.15|0.15|0.15|0|0.117536645|0,0|0|0.0279101021|-0.0281338531|-0.0193757285|-0.0361882172,-0.0572875907|-0.105814665|-0.106263073|0.015646692|1.56073927e-18|0.0483969335,1.61313981|1.01971577|1.02489715|0.918715316|0.638551986|0.873179798,0.675091565|-0.24708955|0.361855984,0.00133058964|0.173917338|-0.0161404647,0.004963467828929424,0.0014989487826824188,0.0016872752457857132,0.001745692454278469
191,9.600000000000001,-0.6236428261881545,0.12195993959903717,0.5051055550575256,0.3124987781047821,0.12184067070484161,0.35,4,0,0,0,0,,,nan,0,0.7415710091590881,0.5628480911254883,5.176627159118652,0.816470742225647,1.0,nan,0,0,0,0,0.04911607258410319,0.0,filtered,0.3394829051804913,0,0,12,,workspace_x_lower,0,0,1,solved,osqp,1.4989309514781834e-07,valid,0.16335204862079755,0.41485303|0.27786349|0.273802809|0.232216135|0.163352049|0.215004983,0.56485303|0.42786349|0.423802809|0.382216135|0.313352049|0.365004983,0.53485303|0.39786349|0.393802809|0.352216135|0.283352049|0.335004983,0.15|0.15|0.15|0|0.0912399646|0,0|0|0.0261263323|-0.0259230242|-0.0168548206|-0.0340742266,-0.0554085275|-0.104414393|-0.104936793|0.0175249639|-5.53744129e-18|0.0499538652,1.60400359|1.00703957|1.01640078|0.920466478|0.636553374|0.875899572,0.675158083|-0.238393649|0.361048818,0.00133058964|0.173917338|-0.0161404647,0.004614328034222126,0.0014095362275838852,0.0013886243104934692,0.0017839353531599045
192,9.65,-0.6244220439137601,0.12179888784885406,0.5047222971916199,0.3115123212337494,0.12176217138767242,0.35,4,0,0,0,0,,,nan,0,0.7211287021636963,0.5709910988807678,1.3833222389221191,0.7943636775016785,1.0,nan,0,0,0,0,0.04911607258410319,0.0,filtered,0.331635252647665,0,0,12,,workspace_x_lower,0,0,1,solved,osqp,1.1459372661545841e-07,valid,0.16235648751193255,0.412191893|0.274365006|0.271725405|0.231837078|0.162356488|0.214986418,0.562191893|0.424365006|0.421725405|0.381837078|0.312356488|0.364986418,0.532191893|0.394365006|0.391725405|0.351837078|0.282356488|0.334986418,0.15|0.15|0.15|0|0.0639043101|0,0|0|0.0240825441|-0.0240541818|-0.0147798872|-0.0319989556,-0.0535076242|-0.102977879|-0.10356885|0.0194359415|-5.42106463e-19|0.051559335,1.59525995|0.994482144|1.00741532|0.922730074|0.634646063|0.879506053,0.675224602|-0.229697749|0.360241652,0.00133058964|0.173917338|-0.0161404647,0.004548107273876667,0.0014400072395801544,0.0013361144810914993,0.0017328429967164993
193,9.700000000000001,-0.6250593602511529,0.12205090373754501,0.5043966174125671,0.31060609221458435,0.1220501959323883,0.35,4,0,0,0,0,,,nan,0,0.7005109190940857,0.6228741407394409,4.032069683074951,0.7712677121162415,1.0,nan,0,0,0,0,0.04911607258410319,0.0,filtered,0.3216676708655537,0,1,12,workspace_x_lower,workspace_x_lower,0,0,1,solved,osqp,8.635715276900102e-08,valid,0.16146886525431603,0.409623861|0.270871044|0.269548714|0.231647989|0.161468865|0.215185823,0.559623861|0.420871044|0.419548714|0.381647989|0.311468865|0.365185823,0.529623861|0.390871044|0.389548714|0.351647989|0.281468865|0.335185823,0.15|0.15|0.15|0|0.0352903496|0,0|0|0.0214833188|-0.0233313608|-0.0140574213|-0.0301311701,-0.0515851601|-0.101502173|-0.102154811|0.0213931812|4.99834514e-18|0.0532287782,1.58691028|0.981982004|0.997523363|0.924653776|0.63181804|0.8838409,0.675291121|-0.221001849|0.359434485,0.00133058964|0.173917338|-0.0161404647,0.0031556617468595505,0.0009149536490440369,0.0009373212233185768,0.001273241825401783
194,9.75,-0.6251272834397968,0.1226709857583046,0.5040760040283203,0.30971869826316833,0.1226709708571434,0.35,4,0,0,0,0,,,nan,0,0.6814874410629272,0.6488676071166992,2.5402231216430664,0.7485255002975464,1.0,nan,0,0,0,0,0.04911607258410319,0.0,filtered,0.30893884399920296,0,1,12,workspace_x_lower,workspace_x_lower,0,0,1,solved,osqp,6.462566167278472e-08,valid,0.16060528979750854,0.407148811|0.267350553|0.267209304|0.231594454|0.16060529|0.215594,0.557148811|0.417350553|0.417209304|0.381594454|0.31060529|0.365594,0.527148811|0.387350553|0.387209304|0.351594454|0.28060529|0.335594,0.15|0.15|0.15|0|0.00480597933|0,0|0|0.0180477291|-0.0239884692|-0.0148098997|-0.0287919052,-0.049641323|-0.0999821639|-0.10068637|0.0234299162|-2.91454814e-19|0.0549988942,1.57895392|0.969420049|0.986198574|0.925819261|0.62761126|0.888582988,0.67535764|-0.212305948|0.358627319,0.00133058964|0.173917338|-0.0161404647,0.003714887425303459,0.0014673713594675064,0.0009681284427642822,0.0012451708316802979
195,9.8,-0.625140031702108,0.1232452467083931,0.5037600994110107,0.30885493755340576,0.12324526160955429,0.35,4,0,0,0,0,,,nan,0,0.6689851880073547,0.5708991885185242,3.0162532329559326,0.7322776317596436,1.0,nan,0,0,0,0,0.04911607258410319,0.0,filtered,0.2973803079445932,0,1,12,workspace_x_lower,workspace_x_lower,0,0,1,solved,osqp,4.901852942301721e-08,valid,0.15971870647773978,0.404766486|0.263767887|0.264625671|0.231614687|0.159718706|0.21619081,0.554766486|0.413767887|0.414625671|0.381614687|0.309718706|0.36619081,0.524766486|0.383767887|0.384625671|0.351614687|0.279718706|0.33619081,0.15|0.15|0.15|0|0|0,0|0|0.0140910164|-0.0244222465|-0.0162096347|-0.0271121971,-0.0476762907|-0.0984116587|-0.0991522568|0.0255841557|0.00196867926|0.0569011356,1.57138965|0.956659888|0.973441445|0.927620658|0.62463387|0.894552179,0.675424159|-0.203610048|0.357820153,0.00133058964|0.173917338|-0.0161404647,0.003439750522375107,0.0008655600249767303,0.0011302446946501732,0.0014214441180229187
196,9.850000000000001,-0.6252689179148012,0.12359185516834259,0.5034652948379517,0.3080466091632843,0.123591847717762,0.35,4,0,0,0,0,,,nan,0,0.6623454093933105,0.5379483699798584,3.1702919006347656,0.7212239503860474,1.0,nan,0,0,0,0,0.04911607258410319,0.0,filtered,0.28516531155281644,0,1,12,workspace_x_lower,workspace_x_lower,0,0,1,solved,osqp,3.786124716173567e-08,valid,0.15885495376793524,0.402477965|0.26012392|0.261776421|0.231725861|0.158854954|0.216995546,0.552477965|0.41012392|0.411776421|0.381725861|0.308854954|0.366995546,0.522477965|0.38012392|0.381776421|0.351725861|0.278854954|0.336995546,0.15|0.15|0.15|0|0|0,0|0|0.0097747663|-0.0240500592|-0.0170780918|-0.0247695094,-0.0456905685|-0.0967889217|-0.0975465146|0.0278591746|0.00445590867|0.0589329764,1.56422129|0.94370676|0.959333937|0.930712558|0.622797632|0.902145652,0.675490677|-0.194914147|0.357012987,0.00133058964|0.173917338|-0.0161404647,0.0039185089990496635,0.0008786311373114586,0.001108689233660698,0.0019100019708275795
197,9.9,-0.6252401445800035,0.12362518161535263,0.5031973123550415,0.3073348104953766,0.12362516671419144,0.35,4,0,0,0,0,,,nan,0,0.6616970896720886,0.4855649769306183,3.065173864364624,0.7147171497344971,1.0,nan,0,0,0,0,0.04911607258410319,0.0,filtered,0.27000914868793546,0,1,12,workspace_x_lower,workspace_x_lower,0,0,1,solved,osqp,2.9480620486466158e-08,valid,0.15804660975878138,0.400284527|0.256425682|0.258655764|0.231973348|0.15804661|0.218044284,0.550284527|0.406425682|0.408655764|0.381973348|0.30804661|0.368044284,0.520284527|0.376425682|0.378655764|0.351973348|0.27804661|0.338044284,0.15|0.15|0.15|0|0|0,0|0|0.00558150174|-0.0231950138|-0.0173807537|-0.0223379687,-0.0436847475|-0.0951129616|-0.0958642456|0.0302484336|0.00712399725|0.0610846483,1.55745336|0.930589768|0.944340312|0.934946812|0.621929683|0.910923817,0.675557196|-0.186218247|0.356205821,0.00133058964|0.173917338|-0.0161404647,0.003575025126338005,0.0008468087762594223,0.0010933168232440948,0.001613060012459755
198,9.950000000000001,-0.6249787109167948,0.12359901517629623,0.502944827079773,0.30671676993370056,0.12359900772571564,0.35,4,0,0,0,0,,,nan,0,0.6655981540679932,0.41752269864082336,2.284071445465088,0.7128482460975647,1.0,nan,0,0,0,0,0.04911607258410319,0.0,filtered,0.2551455728478608,0,1,12,workspace_x_lower,workspace_x_lower,0,0,1,solved,osqp,2.3301601568409547e-08,valid,0.15733482000385524,0.398187719|0.252690264|0.255291048|0.232386577|0.15733482|0.21934572,0.548187719|0.402690264|0.405291048|0.382386577|0.30733482|0.36934572,0.518187719|0.372690264|0.375291048|0.352386577|0.27733482|0.33934572,0.15|0.15|0.15|0|0|0,0|0|0.002062205|-0.0227113964|-0.0178901998|-0.0204081178,-0.0416595269|-0.0933841471|-0.0941043055|0.0327348855|0.00995196311|0.0633326741,1.55109135|0.917376907|0.929122091|0.939569799|0.621401043|0.920307435,0.675623715|-0.177522346|0.355398655,0.00133058964|0.173917338|-0.0161404647,0.004063712432980537,0.0009637428447604179,0.0013449601829051971,0.001734018325805664
199,10.0,-0.6244550220933934,0.12367017567157745,0.5026881694793701,0.3061661124229431,0.12367016077041626,0.35,4,0,0,0,0,,,nan,0,0.6727768778800964,0.3727165162563324,3.016348361968994,0.7144667506217957,1.0,nan,0,0,0,0,0.04911607258410319,0.0,filtered,0.24046660777169193,0,1,12,workspace_x_lower,workspace_x_lower,0,0,1,solved,osqp,1.8630019246040908e-08,valid,0.15671677626374814,0.396189172|0.248940345|0.251739143|0.232951826|0.156716776|0.220880382,0.546189172|0.398940345|0.401739143|0.382951826|0.306716776|0.370880382,0.516189172|0.368940345|0.371739143|0.352951826|0.276716776|0.340880382,0.15|0.15|0.15|0|0|0,0|0|-0.000615077879|-0.0230023237|-0.0189958701|-0.0192190878,-0.03961568|-0.0916038089|-0.0922699621|0.0353005719|0.0129170818|0.0656548012,1.54514101|0.904157573|0.914071532|0.944105553|0.620788317|0.92995724,0.675690234|-0.168826446|0.354591489,0.00133058964|0.173917338|-0.0161404647,0.004340817220509052,0.0010489942505955696,0.0015826784074306488,0.0016850894317030907
200,10.05,-0.6237390357172546,0.12350316345691681,0.5024300813674927,0.3057110905647278,0.12350314855575562,0.35,4,0,0,0,0,,,nan,0,0.6818945407867432,0.3079764246940613,2.1937708854675293,0.718256950378418,1.0,nan,0,0,0,0,0.04911607258410319,0.0,filtered,0.2256435404971702,0,1,12,workspace_x_lower,workspace_x_lower,0,0,1,solved,osqp,1.5041943836335836e-08,valid,0.15616612668094365,0.394290472|0.24519902|0.248064641|0.233633444|0.156166127|0.222616552,0.544290472|0.39519902|0.398064641|0.383633444|0.306166127|0.372616552,0.514290472|0.36519902|0.368064641|0.353633444|0.276166127|0.342616552,0.15|0.15|0.15|0|0|0,0|0|-0.00283937642|-0.0231701786|-0.0198008429|-0.0183270067,-0.0375540227|-0.0897737033|-0.0903662242|0.0379299639|0.0159994168|0.0680324955,1.53960787|0.891022375|0.899052965|0.949293562|0.620863081|0.940171695,0.675756752|-0.160130545|0.353784323,0.00133058964|0.173917338|-0.0161404647,0.0038668354973196983,0.0009474810212850571,0.0010224124416708946,0.0018624840304255486
201,10.100000000000001,-0.6228655580045608,0.1229822188615799,0.5021804571151733,0.30539387464523315,0.1229822114109993,0.35,4,0,0,0,0,,,nan,0,0.6909140944480896,0.24804571270942688,2.1937150955200195,0.7225292921066284,1.0,nan,0,0,0,0,0.04911607258410319,0.0,filtered,0.21140976358612562,0,1,12,workspace_x_lower,workspace_x_lower,0,0,1,solved,osqp,1.2243927260957577e-08,valid,0.1557110927308354,0.392493196|0.241488978|0.24431467|0.234440232|0.155711093|0.224544699,0.542493196|0.391488978|0.39431467|0.384440232|0.305711093|0.374544699,0.512493196|0.361488978|0.36431467|0.354440232|0.275711093|0.344544699,0.15|0.15|0.15|0|0|0,0|0|-0.00438527097|-0.0229906161|-0.0200766441|-0.0176960728,-0.0354754257|-0.087895763|-0.0883962137|0.040602303|0.0191702711|0.0704394373,1.53449736|0.878060148|0.884477194|0.955372613|0.621937998|0.95092216,0.675823271|-0.151434645|0.352977157,0.00133058964|0.173917338|-0.0161404647,0.0042356401681900024,0.0011958936229348183,0.0011349236592650414,0.001872471533715725
202,10.15,-0.621897217468727,0.12217137962579727,0.5019481182098389,0.30524107813835144,0.12217138707637787,0.35,4,0,0,0,0,,,nan,0,0.6989856362342834,0.20276562869548798,1.4510717391967773,0.7261834740638733,1.0,nan,0,0,0,0,0.04911607258410319,0.0,filtered,0.19690448729597435,0,1,12,workspace_x_lower,workspace_x_lower,0,0,1,solved,osqp,9.93034339480392e-09,valid,0.1553938838257778,0.390798906|0.23783448|0.240549431|0.23539037|0.155393884|0.226655638,0.540798906|0.38783448|0.390549431|0.38539037|0.305393884|0.376655638,0.510798906|0.35783448|0.360549431|0.35539037|0.275393884|0.346655638,0.15|0.15|0.15|0|0|0,0|0|-0.00518469584|-0.0226117371|-0.0200147251|-0.0173517575,-0.0333808171|-0.0859726961|-0.0863656654|0.0432906161|0.0223931145|0.0728462411,1.52981481|0.865365226|0.870647362|0.96224036|0.623953925|0.962117036,0.67588979|-0.142738745|0.352169991,0.00133058964|0.173917338|-0.0161404647,0.0040941061452031136,0.001133682206273079,0.0010107401758432388,0.0019148094579577446
203,10.200000000000001,-0.6214474618858687,0.12170769274234772,0.5017397999763489,0.30526992678642273,0.12170771509408951,0.35,4,0,0,0,0,,,nan,0,0.7056732177734375,0.19605064392089844,1.0811336040496826,0.7293855547904968,1.0,nan,0,0,0,0,0.04911607258410319,0.0,filtered,0.1844963990416855,0,1,12,workspace_x_lower,workspace_x_lower,0,0,1,solved,osqp,8.069786484876662e-09,valid,0.15524111057306156,0.389209036|0.234258011|0.236829408|0.236493229|0.155241111|0.228937521,0.539209036|0.384258011|0.386829408|0.386493229|0.305241111|0.378937521,0.509209036|0.354258011|0.356829408|0.356493229|0.275241111|0.348937521,0.15|0.15|0.15|0|0|0,0|0|-0.00606069915|-0.0219299474|-0.0196566537|-0.016830438,-0.0312711463|-0.0840073831|-0.0842817593|0.0459700165|0.0256351533|0.075228784,1.525565|0.853024659|0.856975172|0.970012986|0.626942942|0.974148432,0.675956309|-0.134042844|0.351362824,0.00133058964|0.173917338|-0.0161404647,0.004680057987570763,0.0014052186161279678,0.0014460515230894089,0.0018056761473417282
204,10.25,-0.6212279921868333,0.12151488661766052,0.5015510320663452,0.3054868280887604,0.12151490151882172,0.35,4,0,0,0,0,,,nan,0,0.7103715538978577,0.20130611956119537,1.1720201969146729,0.7311500310897827,1.0,nan,0,0,0,0,0.04911607258410319,0.0,filtered,0.17309702055757328,0,1,12,workspace_x_lower,workspace_x_lower,0,0,1,solved,osqp,6.523424009308165e-09,valid,0.15526995285237466,0.387724346|0.230761967|0.233154778|0.237763292|0.155269953|0.231401508,0.537724346|0.380761967|0.383154778|0.387763292|0.305269953|0.381401508,0.507724346|0.350761967|0.353154778|0.357763292|0.275269953|0.351401508,0.15|0.15|0.15|0|0|0,0|0|-0.00738966844|-0.0210979273|-0.0192020453|-0.0159931479,-0.0291472425|-0.0819995806|-0.0821428916|0.0486358602|0.028890228|0.077582054,1.52175014|0.841048289|0.843086554|0.978591102|0.630767994|0.98719494,0.676022828|-0.125346944|0.350555658,0.00133058964|0.173917338|-0.0161404647,0.0030594486743211746,0.0008141482248902321,0.0009798584505915642,0.001244957558810711
205,10.3,-0.6205755791028631,0.12116482853889465,0.5013660788536072,0.30588164925575256,0.12116481363773346,0.35,4,0,0,0,0,,,nan,0,0.7133124470710754,0.20045804977416992,1.4110283851623535,0.731325626373291,1.0,nan,0,0,0,0,0.04911607258410319,0.0,filtered,0.16134220196273602,0,1,12,workspace_x_lower,workspace_x_lower,0,0,1,solved,osqp,5.21713487688924e-09,valid,0.15548686026471692,0.386345017|0.227332939|0.229489367|0.239208424|0.15548686|0.234066403,0.536345017|0.377332939|0.379489367|0.389208424|0.30548686|0.384066403,0.506345017|0.347332939|0.349489367|0.359208424|0.27548686|0.354066403,0.15|0.15|0.15|0|0|0,0|0|-0.00921054728|-0.0204216277|-0.0189638228|-0.0149086475,-0.0270098074|-0.0799461252|-0.0799412225|0.051298752|0.0321704544|0.0799148738,1.51837026|0.829385632|0.828805697|0.98771082|0.635154073|1.00127184,0.676089346|-0.116651043|0.349748492,0.00133058964|0.173917338|-0.0161404647,0.005057039670646191,0.0015522781759500504,0.0015847450122237206,0.0018863063305616379
206,10.350000000000001,-0.6194750899602195,0.12066751718521118,0.5011694431304932,0.3064447343349457,0.12066751718521118,0.35,4,0,0,0,0,,,nan,0,0.7151119112968445,0.23225709795951843,1.627048134803772,0.7301768064498901,1.0,nan,0,0,0,0,0.04911607258410319,0.0,filtered,0.14757955700592068,0,1,12,workspace_x_lower,workspace_x_lower,0,0,1,solved,osqp,4.103806672955956e-09,valid,0.15588166401101866,0.385070996|0.223951876|0.225789325|0.240822214|0.155881664|0.236947077,0.535070996|0.373951876|0.375789325|0.390822214|0.305881664|0.386947077,0.505070996|0.343951876|0.345789325|0.360822214|0.275881664|0.356947077,0.15|0.15|0.15|0|0|0,0|0|-0.0115704474|-0.0198212594|-0.018887447|-0.0134384696,-0.0248595104|-0.0778424824|-0.0776665593|0.0539766871|0.0354970569|0.0822425335,1.51542447|0.81796502|0.813920294|0.997444285|0.640136266|1.01659237,0.676155865|-0.107955143|0.348941326,0.00133058964|0.173917338|-0.0161404647,0.005020284093916416,0.001424103043973446,0.00145674217492342,0.002108032815158367
207,10.4,-0.6179024265011597,0.12002580612897873,0.5009458661079407,0.30717527866363525,0.12002579122781754,0.35,4,0,0,0,0,,,nan,0,0.7163677215576172,0.2735916078090668,1.2313040494918823,0.7283682823181152,1.0,nan,0,0,0,0,0.04911607258410319,0.0,filtered,0.13168637924059584,0,1,12,workspace_x_lower,workspace_x_lower,0,0,1,solved,osqp,3.17837499722029e-09,valid,0.15644474187865998,0.383902159|0.220599155|0.22200726|0.242602952|0.156444742|0.240066595,0.533902159|0.370599155|0.37200726|0.392602952|0.306444742|0.390066595,0.503902159|0.340599155|0.34200726|0.362602952|0.276444742|0.360066595,0.15|0.15|0.15|0|0|0,0|0|-0.0143798527|-0.0192464509|-0.0188829576|-0.0116286977,-0.0226970181|-0.0756832205|-0.0753064349|0.0566892084|0.0388957117|0.0845818165,1.51291162|0.806713399|0.798342751|1.00785457|0.645791722|1.0332195,0.676222384|-0.0992592424|0.34813416,0.00133058964|0.173917338|-0.0161404647,0.00459009874612093,0.001459190621972084,0.0014200462028384209,0.001678120344877243
208,10.450000000000001,-0.6158855698230218,0.1192348375916481,0.5006833076477051,0.30808186531066895,0.1192348450422287,0.35,4,0,0,0,0,,,nan,0,0.7175379395484924,0.30389800667762756,0.786475419998169,0.7266180515289307,1.0,nan,0,0,0,0,0.04911607258410319,0.0,filtered,0.11451673968066818,0,1,12,workspace_x_lower,workspace_x_lower,0,0,1,solved,osqp,2.4360555447855425e-09,valid,0.1571752813259254,0.382838468|0.217258263|0.218104442|0.244552411|0.157175281|0.243446001,0.532838468|0.367258263|0.368104442|0.394552411|0.307175281|0.393446001,0.502838468|0.337258263|0.338104442|0.364552411|0.277175281|0.363446001,0.15|0.15|0.15|0|0|0,0|0|-0.0175002865|-0.0186226363|-0.0188338172|-0.0095493487,-0.0205230405|-0.0734630299|-0.0728481399|0.0594523141|0.0423864667|0.0869449612,1.51083083|0.795570024|0.782069342|1.01903932|0.652253775|1.05117962,0.676288903|-0.090563342|0.347326994,0.00133058964|0.173917338|-0.0161404647,0.004919671453535557,0.0014206171035766602,0.0015455158427357674,0.0019206777215003967
209,10.5,-0.6133166027296284,0.11830956488847733,0.5003647804260254,0.30915120244026184,0.11830954998731613,0.35,4,0,0,0,0,,,nan,0,0.7197228670120239,0.3271215260028839,1.676998257637024,0.7265617251396179,1.0,nan,0,0,0,0,0.04911607258410319,0.0,filtered,0.09944646640649797,0,1,12,workspace_x_lower,workspace_x_lower,0,0,1,solved,osqp,1.9000215081832472e-09,valid,0.15808189717736398,0.381880047|0.21391886|0.214055931|0.246676753|0.158081897|0.247102391,0.531880047|0.36391886|0.364055931|0.396676753|0.308081897|0.397102391,0.501880047|0.33391886|0.334055931|0.366676753|0.278081897|0.367102391,0.15|0.15|0.15|0|0|0,0|0|-0.0208780787|-0.0182794466|-0.0190666381|-0.00738252201,-0.0183383559|-0.0711771814|-0.0702796571|0.0622760563|0.0459805395|0.0893378662,1.50918183|0.78449826|0.765065989|1.03070362|0.65924149|1.07036491,0.676355422|-0.0818674415|0.346519828,0.00133058964|0.173917338|-0.0161404647,0.004946491681039333,0.0014790259301662445,0.0015688072890043259,0.001867620274424553
210,10.55,-0.6125867877966932,0.11968496441841125,0.4999726116657257,0.3103668987751007,0.11726757884025574,0.35,4,0,0,0,0,,,nan,0,0.723681628704071,0.39542675018310547,2.426037073135376,0.7285798788070679,1.0,nan,0,0,0,0,0.04911607258410319,0.0,filtered,0.08432548145303533,0,1,12,workspace_x_lower,workspace_x_lower,0,0,1,solved,osqp,1.4728368212535425e-09,valid,0.15915121133160048,0.381027217|0.210577461|0.209847377|0.248965955|0.159151211|0.251045586,0.531027217|0.360577461|0.359847377|0.398965955|0.309151211|0.401045586,0.501027217|0.330577461|0.329847377|0.368965955|0.279151211|0.371045586,0.15|0.15|0.15|0|0|0,0|0|-0.0247166433|-0.0181867823|-0.0195815349|-0.0049671938,-0.0161438289|-0.0688219229|-0.0675893228|0.0651708736|0.0496916731|0.0917653415,1.50796504|0.773487921|0.747083541|1.04284791|0.666714983|1.09098049,0.67642194|-0.0731715411|0.345712662,0.00133058964|0.173917338|-0.0161404647,0.004941152408719063,0.0014698365703225136,0.0015067318454384804,0.0019315201789140701
211,10.600000000000001,-0.6176131884684583,0.1272718608379364,0.49949169158935547,0.3117436468601227,0.12151491641998291,0.35,4,0,0,0,0,,,nan,0,0.7284671664237976,0.37401968240737915,1.5415688753128052,0.7315784692764282,1.0,nan,0,0,0,0,0.04911607258410319,0.0,filtered,0.0673736944294401,0,1,12,workspace_x_lower,workspace_x_lower,0,0,1,solved,osqp,1.1795878405995719e-09,valid,0.16036691704511197,0.38028021|0.207228479|0.205453034|0.251412329|0.160366917|0.255296036,0.53028021|0.357228479|0.355453034|0.401412329|0.310366917|0.405296036,0.50028021|0.327228479|0.325453034|0.371412329|0.280366917|0.375296036,0.15|0.15|0.15|0|0|0,0|0|-0.0285971547|-0.0182901958|-0.0201765437|-0.0027678966,-0.0139403157|-0.0663925044|-0.0647609427|0.0681523792|0.0535430776|0.0942359246,1.50718052|0.762521411|0.72845404|1.0555115|0.674834202|1.11265217,0.676488459|-0.0644756407|0.344905496,0.00133058964|0.173917338|-0.0161404647,0.004836904816329479,0.001409534364938736,0.001456226222217083,0.0019399086013436317
212,10.65,-0.6212716912098586,0.13397523760795593,0.4989067018032074,0.31330031156539917,0.1282542645931244,0.35,4,0,0,0,0,,,nan,0,0.7313085794448853,0.3236594498157501,4.6014485359191895,0.7331006526947021,1.0,nan,0,0,0,0,0.04911607258410319,0.0,filtered,0.05119646695111831,0,1,12,workspace_x_lower,workspace_x_lower,0,0,1,solved,osqp,9.703249106984835e-10,valid,0.1617436894615829,0.379639497|0.203875969|0.200877948|0.25401177|0.161743689|0.259845329,0.529639497|0.353875969|0.350877948|0.40401177|0.311743689|0.409845329,0.499639497|0.323875969|0.320877948|0.37401177|0.281743689|0.379845329,0.15|0.15|0.15|0|0|0,0|0|-0.0315164401|-0.0189570091|-0.0210639834|-0.00170140454,-0.0117287853|-0.0638859532|-0.0617829664|0.071222071|0.0575279009|0.0967429903,1.5068292|0.751617923|0.710212386|1.06831214|0.683438675|1.1344229,0.676554978|-0.0557797775|0.34409833,0.00133058964|0.173917338|-0.0161404647,0.0044200606644153595,0.0012758336961269379,0.0012633660808205605,0.0018492499366402626
213,10.700000000000001,-0.6239935034879807,0.1398143321275711,0.4982241094112396,0.31506291031837463,0.1341528594493866,0.35,4,0,0,0,0,,,nan,0,0.7323583364486694,0.3362739682197571,2.069288969039917,0.733238935470581,1.0,nan,0,0,0,0,0.04911607258410319,0.0,filtered,0.03589651388491152,0,1,12,workspace_x_lower,workspace_x_lower,0,0,1,solved,osqp,8.272478015103335e-10,valid,0.16330031506744913,0.379105994|0.200542061|0.19619271|0.256739009|0.163300315|0.26463031,0.529105994|0.350542061|0.34619271|0.406739009|0.313300315|0.41463031,0.499105994|0.320542061|0.31619271|0.376739009|0.283300315|0.38463031,0.15|0.15|0.15|0|0|0,0|0|-0.0336437687|-0.0195048755|-0.0217316271|-0.000959650314,-0.00951037382|-0.0613037362|-0.0586595675|0.074360441|0.0615994705|0.0992620943,1.5069136|0.740864508|0.692467505|1.0818116|0.693069104|1.15682368,0.676621497|-0.0470839217|0.343291163,0.00133058964|0.173917338|-0.0161404647,0.004771034233272076,0.001508926972746849,0.0014047538861632347,0.0018227975815534592
214,10.75,-0.6265594945929196,0.1449248343706131,0.49748244881629944,0.31708958745002747,0.13935154676437378,0.35,4,0,0,0,0,,,nan,0,0.7330158948898315,0.26414331793785095,2.0532054901123047,0.7332527041435242,1.0,nan,0,0,0,0,0.04911607258410319,0.0,filtered,0.01862347978232729,0,1,12,workspace_x_lower,workspace_x_lower,0,0,1,solved,osqp,3.7816088455100427e-10,valid,0.16506292792518795,0.378680496|0.197246373|0.19145921|0.259601404|0.165062928|0.26962982,0.528680496|0.347246373|0.34145921|0.409601404|0.315062928|0.41962982,0.498680496|0.317246373|0.31145921|0.379601404|0.285062928|0.38962982,0.15|0.15|0.15|0|0|0,0|0|-0.035367812|-0.0188752395|-0.0212387158|0.000363516197,-0.00728622409|-0.058647231|-0.0553942512|0.0775463764|0.0657231099|0.10177565,1.50743576|0.730338262|0.675074775|1.09707675|0.704736106|1.18065845,0.676688015|-0.038388066|0.342483997,0.00133058964|0.173917338|-0.0161404647,0.00454955268651247,0.0015132715925574303,0.0013581207022070885,0.0016509387642145157
215,10.8,-0.6295485350148778,0.1502843201160431,0.49669596552848816,0.31943240761756897,0.14483201503753662,0.35,4,0,0,0,0,,,nan,0,0.7329988479614258,0.2673898935317993,2.5957207679748535,0.7329988479614258,1.0,nan,0,0,0,0,0.04911607258410319,0.0,passthrough,5.215599132786689e-12,0,0,12,,workspace_x_lower,0,0,1,solved,osqp,0.0,valid,0.16708959972931448,0.378363896|0.194011214|0.186726852|0.262657133|0.1670896|0.274870048,0.528363896|0.344011214|0.336726852|0.412657133|0.3170896|0.424870048,0.498363896|0.314011214|0.306726852|0.382657133|0.2870896|0.394870048,0.15|0.15|0.15|0|0|0,0|0|-0.0373825928|-0.0170645354|-0.0196409704|0.00262216865,-0.00505756126|-0.0559191502|-0.0519884011|0.0807501719|0.0698653138|0.104264387,1.50839802|0.720125707|0.657536416|1.11431417|0.718582742|1.20636675,0.676754534|-0.0296922047|0.341676831,0.00133058964|0.173917338|-0.0161404647,0.0030247606337070465,0.0008542118594050407,0.0009268410503864288,0.0012222612276673317
216,10.850000000000001,-0.6236178750185082,0.15698766708374023,0.4953540861606598,0.3217673599720001,0.1516931653022766,0.35,4,0,0,0,0,,,nan,0,0.7330843210220337,0.5717971920967102,9.152525901794434,0.7330831289291382,1.0,nan,0,0,0,0,0.04911607258410319,0.0,filtered,1.247652369644278e-06,0,0,12,,workspace_x_lower,0,0,1,solved,osqp,0.0,valid,0.1694324379385702,0.378156556|0.190843029|0.181995866|0.26596445|0.169432438|0.280396652,0.528156556|0.340843029|0.331995866|0.41596445|0.319432438|0.430396652,0.498156556|0.310843029|0.301995866|0.38596445|0.289432438|0.400396652,0.15|0.15|0.15|0|0|0,0|0|-0.0438512579|-0.0221898766|-0.0254672182|-0.00196153097,-0.0028254566|-0.0531182654|-0.0484299515|0.0839621295|0.0740192764|0.106727825,1.50980077|0.710253851|0.635702253|1.12563005|0.72628181|1.2263529,0.676821053|-0.0209963266|0.340869665,0.00133058964|0.173917338|-0.0161404647,0.00423443503677845,0.0009815739467740059,0.0013668155297636986,0.0018553249537944794
217,10.9,-0.6113818147786344,0.16390115022659302,0.4931837320327759,0.32394570112228394,0.15880681574344635,0.35,4,0,0,0,0,,,nan,0,0.7360988259315491,0.9308693408966064,9.48890209197998,0.7360979318618774,1.0,nan,0,0,0,0,0.04911607258410319,0.0,filtered,9.60355678558457e-07,0,0,12,,workspace_x_lower,0,0,1,solved,osqp,0.0,valid,0.17176737294494526,0.378063923|0.187872992|0.177218315|0.269176893|0.171767373|0.285845348,0.528063923|0.337872992|0.327218315|0.419176893|0.321767373|0.435845348,0.498063923|0.307872992|0.297218315|0.389176893|0.291767373|0.405845348,0.15|0.15|0.15|0|0|0,0|0|-0.0527229721|-0.0299849854|-0.0342546398|-0.00925144031,-0.000593015377|-0.0502832719|-0.0446923581|0.0872629332|0.0782441344|0.109257574,1.51166268|0.701208695|0.61145793|1.13398552|0.731058986|1.24338753,0.676887572|-0.0123004531|0.340062499,0.00133058964|0.173917338|-0.0161404647,0.00451306439936161,0.001302715390920639,0.0013281498104333878,0.001851893961429596
218,10.950000000000001,-0.5948157208989099,0.1700531542301178,0.49008530378341675,0.32378625869750977,0.1652069240808487,0.35,2,0,0,0,0,,,nan,0,0.7468003630638123,1.292536973953247,9.913458824157715,0.746799647808075,1.0,nan,0,0,0,0,0.04911607258410319,0.0,filtered,8.428638468350368e-07,0,0,12,,workspace_x_lower,0,0,1,solved,osqp,0.0,valid,0.1724014335041687,0.378059648|0.185196474|0.172401434|0.272162759|0.173945717|0.291079158,0.528059648|0.335196474|0.322401434|0.422162759|0.323945717|0.441079158,0.498059648|0.305196474|0.292401434|0.392162759|0.293945717|0.411079158,0.113293306|0.15|0.15|0|0|0,0|0|-0.0624000288|-0.0380922647|-0.043355854|-0.0169990107,3.77288865e-19|-0.0474487666|-0.040767146|0.0906736719|0.0825722585|0.111898866,1.51223859|0.693337131|0.586438559|1.14123244|0.734999274|1.25921649,0.676954091|-0.00360458624|0.339255333,0.00133058964|0.173917338|-0.0161404647,0.0050439415499567986,0.0015762001276016235,0.0016352394595742226,0.0018019285053014755
219,11.0,-0.57506623362999,0.17485707998275757,0.48605647683143616,0.31843188405036926,0.17031127214431763,0.35,2,0,0,0,0,,,nan,0,0.7637993097305298,1.5041325092315674,5.916250228881836,0.7637988328933716,1.0,nan,0,0,0,0,0.04911607258410319,0.0,filtered,6.21892648277542e-07,0,0,12,,workspace_x_lower,0,0,1,solved,osqp,0.0,valid,0.16759346119066154,0.378068872|0.182879985|0.167593461|0.274909082|0.175924628|0.296090635,0.528068872|0.332879985|0.317593461|0.424909082|0.325924628|0.446090635,0.498068872|0.302879985|0.287593461|0.394909082|0.295924628|0.416090635,0.0633749237|0.15|0.15|0|0|0,0|0|-0.0714528035|-0.0449753219|-0.0509421806|-0.0241553387,2.34087874e-19|-0.0446453754|-0.0366651599|0.0941732402|0.0870071529|0.114654957,1.51227549|0.686874564|0.562255881|1.14883425|0.739763485|1.27486216,0.677020609|0.00509128114|0.338448167,0.00133058964|0.173917338|-0.0161404647,0.004829332232475281,0.0014600800350308418,0.0015323180705308914,0.001805908977985382
220,11.05,-0.5481451483222668,0.1746397465467453,0.4810742437839508,0.313353955745697,0.17044630646705627,0.35,2,0,0,0,0,,,nan,0,0.7829273343086243,1.7909231185913086,11.95036792755127,0.7829273343086243,1.0,nan,0,0,0,0,0.04911607258410319,0.0,filtered,6.53087594969389e-08,0,0,12,,workspace_x_lower,0,0,1,solved,osqp,0.0,valid,0.16286193361432222,0.378089068|0.180952828|0.162861934|0.277480246|0.17777057|0.30091295,0.528089068|0.330952828|0.312861934|0.427480246|0.32777057|0.45091295,0.498089068|0.300952828|0.282861934|0.397480246|0.29777057|0.42091295,0.013552424|0.15|0.15|0|0|0,0|0|-0.077921755|-0.051156076|-0.0573481182|-0.032614009,5.81655519e-19|-0.0418940265|-0.0324127194|0.0977117317|0.0915011439|0.1175021,1.51235627|0.681917287|0.54111326|1.15647664|0.745235307|1.28853989,0.677087128|0.0137871485|0.337641001,0.00133058964|0.173917338|-0.0161404647,0.005308006890118122,0.0014978889375925064,0.0016931667923927307,0.0020842207595705986
221,11.100000000000001,-0.5094127296252748,0.16842442750930786,0.4749228060245514,0.30879372358322144,0.16462549567222595,0.35,2,0,0,0,0,,,nan,0,0.811342716217041,2.4715144634246826,17.196056365966797,0.8113425970077515,1.0,nan,0,0,0,0,0.04911607258410319,0.0,filtered,1.4467287567418892e-07,0,0,12,,workspace_x_lower,0,0,1,solved,osqp,0.0,valid,0.15841556777384203,0.378152522|0.179493287|0.158415568|0.279908638|0.179548918|0.305455967,0.528152522|0.329493287|0.308415568|0.429908638|0.329548918|0.455455967,0.498152522|0.299493287|0.278415568|0.399908638|0.299548918|0.425455967,0|0.15|0.15|0|0|0,0|0|-0.0828584439|-0.0594277442|-0.0654677443|-0.0453682237,0.00161207571|-0.0392353768|-0.0281082952|0.101172684|0.0959047322|0.120386015,1.51422216|0.67873777|0.522695532|1.16137949|0.74863266|1.29684166,0.677153647|0.0224830247|0.336833835,0.00133058964|0.173917338|-0.0161404647,0.005332013592123985,0.0016584629192948341,0.0016932664439082146,0.0019434913992881775
222,11.15,-0.46021574897510287,0.1681872457265854,0.4668487012386322,0.3044687807559967,0.16482079029083252,0.35,2,0,0,0,0,,,nan,0,0.8612983226776123,3.830104112625122,39.015193939208984,0.8612978458404541,1.0,nan,0,0,0,0,0.04911607258410319,0.0,filtered,5.985004317555499e-07,0,0,12,,workspace_x_lower,0,0,1,solved,osqp,0.0,valid,0.1544755590058382,0.378341556|0.178642638|0.154475559|0.282084737|0.181181677|0.309454769,0.528341556|0.328642638|0.304475559|0.432084737|0.331181677|0.459454769,0.498341556|0.298642638|0.274475559|0.402084737|0.301181677|0.429454769,0|0.15|0.15|0|0|0,0|0|-0.0925537635|-0.0736212781|-0.0792307607|-0.0612514973,0.00381994444|-0.0367364048|-0.0238896149|0.104439457|0.100055805|0.123272723,1.51718617|0.677834149|0.501458858|1.15915713|0.745551751|1.2998403,0.677220166|0.0311789028|0.336026669,0.00133058964|0.173917338|-0.0161404647,0.005128881894052029,0.0014572832733392715,0.001536395400762558,0.002097967080771923
223,11.200000000000001,-0.3971284503506951,0.16716159880161285,0.45637962222099304,0.30040255188941956,0.16425597667694092,0.35,2,0,0,0,0,,,nan,0,0.9350314736366272,4.295991897583008,32.03252410888672,0.935031533241272,1.0,nan,0,0,0,0,0.04911607258410319,0.0,filtered,5.520537354205592e-07,0,0,12,,workspace_x_lower,0,0,1,solved,osqp,0.0,valid,0.15076808220961013,0.378659734|0.178370207|0.150768082|0.283719434|0.182453512|0.312646467,0.528659734|0.328370207|0.300768082|0.433719434|0.332453512|0.462646467,0.498659734|0.298370207|0.270768082|0.403719434|0.302453512|0.432646467,0|0.15|0.15|0|0|0,0|0|-0.10116359|-0.0999745686|-0.104849571|-0.0859043858,0.00601807086|-0.0343984577|-0.0196962859|0.107674143|0.10407623|0.12634326,1.520657|0.67908237|0.482212453|1.14257731|0.729040706|1.29102474,0.677286685|0.0398747586|0.335219502,0.00133058964|0.173917338|-0.0161404647,0.004981666803359985,0.001480303704738617,0.00152647215873003,0.0019409079104661942
224,11.25,-0.33296886739091014,0.15783345699310303,0.44410440325737,0.2969299554824829,0.15539804100990295,0.35,2,0,0,0,0,,,nan,0,0.984919011592865,4.0396904945373535,49.771785736083984,0.9849187135696411,1.0,nan,0,0,0,0,0.04911607258410319,0.0,filtered,8.733630853149105e-07,0,0,12,,workspace_y_lower,0,0,1,solved,osqp,0.0,valid,0.14730701688446668,0.379106824|0.178678623|0.147307017|0.2842001|0.182808677|0.314499948,0.529106824|0.328678623|0.297307017|0.4342001|0.332808677|0.464499948,0.499106824|0.298678623|0.267307017|0.4042001|0.302808677|0.434499948,0|0.15|0.15|0|0|0,0|0|-0.0991502789|-0.1320992|-0.135972281|-0.114234751,0.00820539277|-0.0322305233|-0.0155925267|0.110995223|0.108031542|0.129647626,1.52463269|0.682483968|0.474485262|1.11569642|0.70329397|1.27341267,0.677353203|0.0485706143|0.334412336,0.00133058964|0.173917338|-0.0161404647,0.005212672986090183,0.001511487178504467,0.0015954570844769478,0.0020716963335871696
225,11.3,-0.33146499691993797,0.13944095373153687,0.43380361795425415,0.29567450284957886,0.1374121904373169,0.35,2,0,0,0,0,,,nan,0,0.9881510138511658,3.266528367996216,81.83319854736328,0.9881502985954285,1.0,nan,0,0,0,0,0.04911607258410319,0.0,filtered,1.1675381820589307e-06,0,0,12,,workspace_y_lower,0,0,1,solved,osqp,0.0,valid,0.14440336055485425,0.379675793|0.179433156|0.144403361|0.283232211|0.181958639|0.314841376,0.529675793|0.329433156|0.294403361|0.433232211|0.331958639|0.464841376,0.499675793|0.299433156|0.264403361|0.403232211|0.301958639|0.434841376,0|0.15|0.15|0|0|0,0|0|-0.0617753271|-0.120633222|-0.120748379|-0.110700451,0.0103836703|-0.0301839302|-0.0117427888|0.114379447|0.111879316|0.13302807,1.52908684|0.687548695|0.504095326|1.12667507|0.718965492|1.28169312,0.677419722|0.05726647|0.33360517,0.00133058964|0.173917338|-0.0161404647,0.003144645132124424,0.0008814381435513496,0.0009352918714284897,0.001306755468249321
226,11.350000000000001,-0.329701792708868,0.13199907541275024,0.42468971014022827,0.295974999666214,0.13030675053596497,0.35,2,0,0,0,0,,,nan,0,1.0074131488800049,3.2099192142486572,66.87275695800781,1.007412075996399,1.0,nan,0,0,0,0,0.04911607258410319,0.0,filtered,1.3669352064535648e-06,0,0,12,,workspace_y_lower,0,0,1,solved,osqp,0.0,valid,0.14358785142670405,0.380356074|0.180504767|0.143587851|0.283037909|0.181881731|0.315612264,0.530356074|0.330504767|0.293587851|0.433037909|0.331881731|0.465612264,0.500356074|0.300504767|0.263587851|0.403037909|0.301881731|0.435612264,0|0.15|0.15|0|0|0,0|0|-0.0453720235|-0.117001242|-0.115315388|-0.113816657,0.0125560319|-0.0282110919|-0.0087853566|0.116755595|0.114697378|0.135622984,1.53398033|0.693807976|0.520194026|1.13190599|0.726908913|1.28425538,0.677486241|0.0659623444|0.332798004,0.00133058964|0.173917338|-0.0161404647,0.0034235911443829536,0.0009149564430117607,0.0009354818612337112,0.0015450185164809227
227,11.4,-0.32079627032027275,0.13128237426280975,0.4159693121910095,0.29637667536735535,0.12992121279239655,0.35,2,0,0,0,0,,,nan,0,1.0361722707748413,2.049687147140503,48.45228958129883,1.0361722707748413,1.0,nan,0,0,0,0,0.04911607258410319,0.0,passthrough,5.832020254939292e-12,0,0,12,,workspace_y_lower,0,0,1,solved,osqp,0.0,valid,0.1442275545846986,0.38116105|0.182166237|0.144227555|0.283223272|0.182032886|0.316564094,0.53116105|0.332166237|0.294227555|0.433223272|0.332032886|0.466564094,0.50116105|0.302166237|0.264227555|0.403223272|0.302032886|0.436564094,0|0.15|0.15|0|0|0,0|0|-0.0487019067|-0.107393164|-0.104896398|-0.104282177,0.0147162576|-0.0264133839|-0.00652155795|0.118335029|0.116811399|0.137586316,1.53936046|0.702251565|0.521686754|1.14383495|0.740046546|1.29956051,0.67755276|0.0746582448|0.331990838,0.00133058964|0.173917338|-0.0161404647,0.004987173713743687,0.0016389787197113037,0.0015301266685128212,0.0017832489684224129
228,11.450000000000001,-0.3084369912602608,0.13169686496257782,0.4073282480239868,0.2962207794189453,0.13069863617420197,0.35,2,0,0,0,0,,,nan,0,1.0800327062606812,2.113476037979126,30.587242126464844,1.0800316333770752,1.0,nan,0,0,0,0,0.04911607258410319,0.0,filtered,1.4587918889053208e-06,0,0,12,,workspace_y_lower,0,0,1,solved,osqp,0.0,valid,0.14496447879008723,0.382078684|0.184029198|0.144964479|0.284016249|0.18273088|0.318175967,0.532078684|0.334029198|0.294964479|0.434016249|0.33273088|0.468175967,0.502078684|0.304029198|0.264964479|0.404016249|0.30273088|0.438175967,0|0.15|0.15|0|0|0,0|0|-0.0594137374|-0.0942365104|-0.0906640423|-0.0871898367,0.0168680317|-0.0246373477|-0.00428711925|0.119669308|0.118763855|0.139284807,1.54518277|0.711479445|0.516157058|1.16149779|0.759023333|1.32479884,0.677619278|0.0833541453|0.331183672,0.00133058964|0.173917338|-0.0161404647,0.0047527942806482315,0.0012925202026963234,0.0016416022554039955,0.0017858026549220085
229,11.5,-0.2936740297272129,0.13405002653598785,0.39853352308273315,0.2956726551055908,0.13343138992786407,0.35,2,0,0,0,0,,,nan,0,1.120843529701233,1.6465541124343872,12.667201042175293,1.120842456817627,1.0,nan,0,0,0,0,0.04911607258410319,0.0,filtered,1.687605175436601e-06,0,0,12,,workspace_y_lower,0,0,1,solved,osqp,0.0,valid,0.1451848434620827,0.383100249|0.185845431|0.145184843|0.285561568|0.184211305|0.320718182,0.533100249|0.335845431|0.295184843|0.435561568|0.334211305|0.470718182,0.503100249|0.305845431|0.265184843|0.405561568|0.304211305|0.440718182,0|0.15|0.15|0|0|0,0|0|-0.0695636363|-0.0904707419|-0.0859050417|-0.0795176139,0.0190135521|-0.0227912114|-0.00177426976|0.121013626|0.120780931|0.140873735,1.55141455|0.720590513|0.509401468|1.17278915|0.771721109|1.34422885,0.677685797|0.0920500457|0.330376506,0.00133058964|0.173917338|-0.0161404647,0.005223833955824375,0.0014560678973793983,0.0016934322193264961,0.0020428458228707314
230,11.55,-0.2807859633833164,0.13478808104991913,0.3897620141506195,0.2950476408004761,0.13447245955467224,0.35,2,0,0,0,0,,,nan,0,1.1398760080337524,0.749584972858429,23.274524688720703,1.1398760080337524,1.0,nan,0,0,0,0,0.04911607258410319,0.0,passthrough,7.42383385715469e-12,0,0,12,,workspace_y_lower,0,0,1,solved,osqp,0.0,valid,0.14503251648423343,0.384230049|0.187741988|0.145032516|0.287380369|0.186028713|0.323660323,0.534230049|0.337741988|0.295032516|0.437380369|0.336028713|0.473660323,0.504230049|0.307741988|0.265032516|0.407380369|0.306028713|0.443660323,0|0.15|0.136703445|0|0|0,0|0|-0.0764346897|-0.0937211745|-0.088428348|-0.0798313335,0.0211500624|-0.020924329|1.82532085e-18|0.122369799|0.122820265|0.142340708,1.55807026|0.730043624|0.503695376|1.1781701|0.77850677|1.35715067,0.677752316|0.100745946|0.32956934,0.00133058964|0.173917338|-0.0161404647,0.004995109513401985,0.001453799195587635,0.0015270281583070755,0.001981697976589203
231,11.600000000000001,-0.27517058120075666,0.13525919616222382,0.3813724219799042,0.2944130599498749,0.13514551520347595,0.35,2,0,0,0,0,,,nan,0,1.1444027423858643,0.5847702026367188,12.271232604980469,1.1444027423858643,1.0,nan,0,0,0,0,0.04911607258410319,0.0,passthrough,6.958718833200943e-12,0,0,12,,workspace_y_lower,0,0,1,solved,osqp,0.0,valid,0.14472231636506372,0.38547201|0.189848331|0.144722316|0.289115199|0.187800305|0.326630715,0.53547201|0.339848331|0.294722316|0.439115199|0.337800305|0.476630715,0.50547201|0.309848331|0.264722316|0.409115199|0.307800305|0.446630715,0|0.15|0.0974049999|0|0|0,0|0|-0.0814484223|-0.0955018744|-0.0893135141|-0.0786518681,0.0232750631|-0.0190840501|4.55560375e-18|0.123665547|0.124799308|0.143611166,1.5651631|0.740309276|0.497440843|1.18462447|0.786687013|1.37148216,0.677818835|0.109441847|0.328762174,0.00133058964|0.173917338|-0.0161404647,0.004925829358398914,0.0014824550598859787,0.0015023816376924515,0.0019086720421910286
232,11.65,-0.2649915103381685,0.13756439089775085,0.3729923367500305,0.29350823163986206,0.13755357265472412,0.35,2,0,0,0,0,,,nan,0,1.1523301601409912,0.46996837854385376,10.014925956726074,1.1523301601409912,1.0,nan,0,0,0,0,0.04911607258410319,0.0,passthrough,6.046569588049494e-12,0,0,12,,workspace_y_lower,0,0,1,solved,osqp,0.0,valid,0.14429642328459047,0.386823456|0.192118565|0.144296423|0.290836353|0.189584598|0.32973837,0.536823456|0.342118565|0.294296423|0.440836353|0.339584598|0.47973837,0.506823456|0.312118565|0.264296423|0.410836353|0.309584598|0.44973837,0|0.15|0.0582895436|0|0|0,0|0|-0.0904525265|-0.0994817072|-0.0924842599|-0.0784657263,0.0253884944|-0.0172536603|3.54121128e-18|0.124876478|0.126696221|0.144650628,1.57268232|0.751220601|0.486733167|1.18874018|0.792550354|1.38513838,0.677885354|0.118137747|0.327955008,0.00133058964|0.173917338|-0.0161404647,0.004712113179266453,0.0014625517651438713,0.0014061974361538887,0.001813921146094799
233,11.700000000000001,-0.24735739923277839,0.14159932732582092,0.3641323149204254,0.2921273410320282,0.14159929752349854,0.35,2,0,0,0,0,,,nan,0,1.1669186353683472,0.7333437204360962,8.450325965881348,1.1669186353683472,1.0,nan,0,0,0,0,0.04911607258410319,0.0,passthrough,6.396596371104858e-12,0,0,12,,workspace_y_lower,0,0,1,solved,osqp,0.0,valid,0.14349721347895406,0.388282144|0.194493973|0.143497213|0.292414413|0.191289336|0.332880539,0.538282144|0.344493973|0.293497213|0.442414413|0.341289336|0.482880539,0.508282144|0.314493973|0.263497213|0.412414413|0.311289336|0.452880539,0|0.15|0.0178894928|0|0|0,0|0|-0.103578162|-0.107386344|-0.0997729437|-0.0815540713,0.0274901047|-0.0154130429|-6.24912412e-19|0.126133928|0.128630905|0.145570406,1.58061868|0.76256285|0.470410692|1.18840524|0.794015304|1.39553849,0.677951872|0.126833647|0.327147841,0.00133058964|0.173917338|-0.0161404647,0.0047234054654836655,0.0012953244149684906,0.0014989059418439865,0.0018977336585521698
234,11.75,-0.2339711369862971,0.14492560923099518,0.3550693988800049,0.2904534637928009,0.14492560923099518,0.35,2,0,0,0,0,,,nan,0,1.179972529411316,0.5427747368812561,5.573664665222168,1.179972529411316,1.0,nan,0,0,0,0,0.04911607258410319,0.0,passthrough,7.545047812721959e-12,0,0,12,,predictive_link_2,0,0,1,solved,osqp,0.0,valid,0.14212732603795963,0.3898475|0.196961118|0.142127326|0.293640403|0.192737425|0.335844895,0.5398475|0.346961118|0.292127326|0.443640403|0.342737425|0.485844895,0.5098475|0.316961118|0.262127326|0.413640403|0.312737425|0.455844895,0|0.15|0|0|0|0,0|0|-0.112786093|-0.114158817|-0.105731121|-0.0846196393,0.0295790431|-0.0135587083|0.00170195096|0.127548809|0.130705234|0.146475397,1.58896904|0.774285762|0.457425163|1.1879516|0.795923813|1.40523534,0.678018391|0.135529548|0.326340675,0.00133058964|0.173917338|-0.0161404647,0.005116770043969154,0.0015420923009514809,0.001623927615582943,0.0019192229956388474
235,11.8,-0.23263182098069088,0.14656047523021698,0.3465094268321991,0.28878915309906006,0.1465604603290558,0.35,2,0,0,0,0,,,nan,0,1.182716965675354,0.364374041557312,9.885011672973633,1.1827162504196167,1.0,nan,0,0,0,0,0.04911607258410319,0.0,filtered,1.0456100415659272e-06,0,0,12,,predictive_link_2,0,0,1,solved,osqp,0.0,valid,0.1404534512028115,0.391518768|0.199531648|0.140453451|0.294586988|0.193996786|0.338646438,0.541518768|0.349531648|0.290453451|0.444586988|0.343996786|0.488646438,0.511518768|0.319531648|0.260453451|0.414586988|0.313996786|0.458646438,0|0.15|0|0|0|0,0|0|-0.114781604|-0.11593431|-0.106223106|-0.0840016691,0.0316545338|-0.0116960229|0.0047241752|0.129038345|0.132829903|0.147312062,1.5977296|0.78643057|0.451756376|1.19145199|0.802593941|1.41789614,0.67808491|0.144225448|0.325533509,0.00133058964|0.173917338|-0.0161404647,0.005235590040683746,0.0015743924304842949,0.001580784097313881,0.002045927569270134
236,11.850000000000001,-0.23653071564900102,0.14754149317741394,0.3387053608894348,0.2872343063354492,0.14754149317741394,0.35,2,0,0,0,0,,,nan,0,1.1782596111297607,0.44459477066993713,4.1161322593688965,1.178259253501892,1.0,nan,0,0,0,0,0.04911607258410319,0.0,filtered,1.0488321407900746e-06,0,0,12,,predictive_link_2,0,0,1,solved,osqp,0.0,valid,0.13878915377195145,0.393293379|0.202182827|0.138789154|0.29552693|0.195321704|0.341507584,0.543293379|0.352182827|0.288789154|0.44552693|0.345321704|0.491507584,0.513293379|0.322182827|0.258789154|0.41552693|0.315321704|0.461507584,0|0.15|0|0|0|0,0|0|-0.114336601|-0.116119876|-0.105033661|-0.0823497135,0.033716401|-0.00981930361|0.00773996056|0.130462077|0.134859619|0.147974489,1.60688992|0.798912004|0.448559974|1.19644992|0.811112774|1.43165511,0.678151429|0.152921349|0.324726343,0.00133058964|0.173917338|-0.0161404647,0.003108154982328415,0.0008225506171584129,0.0009500542655587196,0.0013146121054887772
237,11.9,-0.23533727811280536,0.14954468607902527,0.3312767446041107,0.2856214642524719,0.14954468607902527,0.35,2,0,0,0,0,,,nan,0,1.1724724769592285,0.43728867173194885,5.161886692047119,1.1724718809127808,1.0,nan,0,0,0,0,0.04911607258410319,0.0,filtered,1.705723371993438e-06,0,0,12,,predictive_link_2,0,0,1,solved,osqp,0.0,valid,0.13723429983640667,0.395169673|0.204899515|0.1372343|0.296541774|0.196788566|0.344484002,0.545169673|0.354899515|0.2872343|0.446541774|0.346788566|0.494484002,0.515169673|0.324899515|0.2572343|0.416541774|0.316788566|0.464484002,0|0.15|0|0|0|0,0|0|-0.116811763|-0.118460784|-0.106180268|-0.0825875431,0.0357641464|-0.0079255963|0.0107217582|0.131786077|0.136754901|0.148448596,1.61644284|0.811672465|0.442847195|1.19949239|0.817728898|1.44379706,0.678217947|0.161617249|0.323919177,0.00133058964|0.173917338|-0.0161404647,0.003273972310125828,0.0009648958221077919,0.0009536659345030785,0.0013338783755898476
238,11.950000000000001,-0.22884723594350598,0.1524154096841812,0.32386693358421326,0.2838333249092102,0.1524154394865036,0.35,2,0,0,0,0,,,nan,0,1.1664522886276245,0.5370594263076782,4.893732070922852,1.1664522886276245,1.0,nan,0,0,0,0,0.04911607258410319,0.0,passthrough,6.2954488567328406e-12,0,0,12,,predictive_link_2,0,0,1,solved,osqp,0.0,valid,0.1356214761861425,0.397146327|0.207657032|0.135621476|0.297506038|0.198291381|0.347448386,0.547146327|0.357657032|0.285621476|0.447506038|0.348291381|0.497448386,0.517146327|0.327657032|0.255621476|0.417506038|0.318291381|0.467448386,0|0.15|0|0|0|0,0|0|-0.121258426|-0.122603212|-0.109247179|-0.0850672986,0.0377971658|-0.00600897267|0.0137333889|0.13310376|0.138606017|0.148791514,1.62638247|0.824619153|0.434960867|1.2005247|0.822524361|1.45351776,0.678284466|0.17031315|0.323112011,0.00133058964|0.173917338|-0.0161404647,0.0030485158786177635,0.0008377991616725922,0.0009349007159471512,0.001254584640264511
239,12.0,-0.2247767111541311,0.1546439826488495,0.3166222870349884,0.2819977402687073,0.1546439826488495,0.35,2,0,0,0,0,,,nan,0,1.1574972867965698,0.6084496378898621,4.822795867919922,1.1574972867965698,1.0,nan,0,0,0,0,0.04911607258410319,0.0,passthrough,6.441090585707209e-12,0,0,12,,predictive_link_2,0,0,1,solved,osqp,0.0,valid,0.13383334021387205,0.399221941|0.210433372|0.13383334|0.298319407|0.199749318|0.350216077,0.549221941|0.360433372|0.28383334|0.448319407|0.349749318|0.500216077,0.519221941|0.330433372|0.25383334|0.418319407|0.319749318|0.470216077,0|0.15|0|0|0|0,0|0|-0.122867078|-0.125583398|-0.111138826|-0.0901204239,0.0398148846|-0.00406497551|0.0168214151|0.134485932|0.140480899|0.148942967,1.63670265|0.837668513|0.429287698|1.20218016|0.828339344|1.45968685,0.678350985|0.17900905|0.322304845,0.00133058964|0.173917338|-0.0161404647,0.003013364039361477,0.0008194213733077049,0.0008453512564301491,0.0013289349153637886
