step,time,reward,cost,goal_error_norm,d_min,risk_global,beta,closest_link,safety_violation,collision,collision_capsule_overlap,collision_pybullet_contact,collision_contact_link_indices,collision_contact_link_names,collision_min_contact_distance,success,qdot_norm,acc_norm,jerk_norm,qdot_requested_norm,risk_speed_scale,risk_speed_h_min_m,recovery_active,recovery_triggered,recovery_success,recovery_initially_unsafe,recovery_initial_h_min_m,recovery_command_norm,safety_filter_status,safety_filter_intervention_norm,safety_filter_safe_stop,safety_filter_active_constraints,safety_filter_constraint_count,safety_filter_active_constraint_categories,safety_filter_max_constraint_category,safety_filter_projection_iterations,safety_filter_fallback_used,safety_filter_qp_solver_used,safety_filter_qp_solver_status,safety_filter_fallback_stage,safety_filter_max_constraint_violation,predictive_risk_status,predictive_h_min_m,predictive_h_by_link_m,predictive_distance_by_link_m,predictive_robust_distance_by_link_m,predictive_time_by_link_s,safety_jacobian_command_by_link_mps,safety_drift_by_link_mps,safety_constraint_residual_by_link_mps,filter_obstacle_position_m,filter_obstacle_velocity_mps,safety_filter_solve_time_s,safety_filter_predictive_risk_time_s,safety_filter_jacobian_workspace_time_s,safety_filter_projection_time_s
0,0.05,-0.7522583216032559,0.415048211812973,0.43399420380592346,0.2141522467136383,0.348065584897995,0.35,2,0,0,0,0,,,nan,0,0.4665403366088867,9.330806732177734,186.61611938476562,0.5215566754341125,1.0,nan,0,0,0,0,0.0413003090064025,0.0,filtered,0.06525493906001793,0,0,12,joint_1_acceleration_lower,predictive_link_5,0,0,1,solved,osqp,0.0,valid,0.0413003090064025,0.223840161|0.0860337124|0.0510004187|0.100467601|0.068873509|0.041300309,0.373840161|0.236033712|0.201000419|0.250467601|0.218873509|0.191300309,0.343840161|0.206033712|0.171000419|0.220467601|0.188873509|0.161300309,0.15|0.15|0.15|0.15|0.15|0.15,0|0|0.0782920173|0.140966053|0.132765827|0.126772571,-0.152999462|-0.0410825955|-0.104953535|-0.204614448|-0.197113007|-0.211560481,0.742361182|0.303052254|0.177340157|0.338222009|0.211146856|0.0804133262,0.302604526|0.468267649|0.256895542,0.0281558242|-0.228172243|0.0769688636,0.006031164899468422,0.0019220458343625069,0.0018685627728700638,0.0021964851766824722
1,0.1,-0.6248974915666622,0.35156431794166565,0.4284687042236328,0.21122097969055176,0.3420776426792145,0.35,2,0,0,0,0,,,nan,0,0.7414168119430542,7.4975361824035645,163.30885314941406,0.7429975867271423,1.0,nan,0,0,0,0,0.0413003090064025,0.0,filtered,0.030527684139618035,0,0,12,joint_4_acceleration_lower,predictive_link_5,0,0,1,solved,osqp,0.0,valid,0.0368021196052061,0.21619854|0.082436037|0.0478659314|0.0973548038|0.0652343719|0.0368021196,0.36619854|0.232436037|0.197865931|0.247354804|0.215234372|0.18680212,0.33619854|0.202436037|0.167865931|0.217354804|0.185234372|0.15680212,0.15|0.15|0.15|0.15|0.15|0.15,0|0|0.121732156|0.257716615|0.253853112|0.260783482,-0.149606276|-0.0342065416|-0.0984440619|-0.202814771|-0.195533636|-0.210130345,0.715187883|0.295537606|0.21475182|0.444321059|0.319256963|0.197861615,0.30401215|0.456858963|0.260743976,0.0281558242|-0.228172243|0.0769688636,0.006170113570988178,0.0019062338396906853,0.0019233720377087593,0.002301519736647606
2,0.15000000000000002,-0.5889496412088528,0.3653012216091156,0.420928031206131,0.21000850200653076,0.3571469783782959,0.35,2,0,0,0,0,,,nan,0,0.7263378500938416,7.084996700286865,200.4790802001953,0.7083869576454163,1.0,nan,0,0,0,0,0.0413003090064025,0.0,filtered,0.10892900192077808,0,0,12,joint_3_acceleration_lower|joint_2_acceleration_upper,predictive_link_5,0,0,1,solved,osqp,0.0,valid,0.0388806295956928,0.208656066|0.0774373362|0.0458075904|0.100435924|0.0677503219|0.0388806296,0.358656066|0.227437336|0.19580759|0.250435924|0.217750322|0.18888063,0.328656066|0.197437336|0.16580759|0.220435924|0.187750322|0.15888063,0.15|0.15|0.15|0.15|0.15|0.15,0|0|0.159447073|0.23700747|0.243376507|0.264106769,-0.146081363|-0.0273183963|-0.0922975211|-0.201453092|-0.195073516|-0.209498222,0.688542901|0.282430949|0.250379914|0.437298074|0.319304278|0.210131066,0.305419773|0.445450276|0.264592409,0.0281558242|-0.228172243|0.0769688636,0.006286765448749065,0.001909388229250908,0.002004777081310749,0.002329469658434391
3,0.2,-0.5432240464371398,0.3179919719696045,0.41412901878356934,0.21101996302604675,0.31150493025779724,0.35,2,0,0,0,0,,,nan,0,0.7339653372764587,6.788674354553223,73.91276550292969,0.7419502139091492,1.0,nan,0,0,0,0,0.0413003090064025,0.0,filtered,0.08196045765726723,0,0,12,joint_2_acceleration_upper,predictive_link_5,0,0,1,solved,osqp,0.0,valid,0.04096581800501484,0.201276059|0.0724900018|0.0455282364|0.102680987|0.0698314034|0.040965818,0.351276059|0.222490002|0.195528236|0.252680987|0.219831403|0.190965818,0.321276059|0.192490002|0.165528236|0.222680987|0.189831403|0.160965818,0.15|0.15|0.15|0.15|0.15|0.15,0|0|0.173054221|0.144750917|0.149798944|0.179289862,-0.142406873|-0.0202978378|-0.0857992038|-0.200919979|-0.195429707|-0.20970823,0.662697365|0.269662169|0.269367963|0.354554886|0.23369485|0.133444904,0.306827396|0.434041589|0.268440843,0.0281558242|-0.228172243|0.0769688636,0.006307445466518402,0.0019140858203172684,0.0020235180854797363,0.0023270826786756516
4,0.25,-0.6725794530380501,0.46221575140953064,0.4071963131427765,0.21262302994728088,0.3938697874546051,0.35,2,0,0,0,0,,,nan,0,0.6892139315605164,5.945357799530029,108.82943725585938,0.6880084276199341,1.0,nan,0,0,0,0,0.0413003090064025,0.0,filtered,0.0232591980255146,0,0,12,joint_2_acceleration_upper|joint_5_acceleration_upper,predictive_link_5,0,0,1,solved,osqp,0.0,valid,0.03896711878649936,0.194144376|0.069556521|0.0476475093|0.1004111|0.0674952112|0.0389671188,0.344144376|0.219556521|0.197647509|0.2504111|0.217495211|0.188967119,0.314144376|0.189556521|0.167647509|0.2204111|0.187495211|0.158967119,0.15|0.15|0.15|0.15|0.15|0.15,0|0|0.16628457|0.0693516046|0.0713655917|0.100839534,-0.138558217|-0.0130440791|-0.078183126|-0.200035995|-0.195369918|-0.209183579,0.638019288|0.265182005|0.278691481|0.270960011|0.145976519|0.0475244302,0.308235019|0.422632903|0.272289276,0.0281558242|-0.228172243|0.0769688636,0.006423533894121647,0.0019459053874015808,0.0020055407658219337,0.0024286676198244095
5,0.30000000000000004,-0.6185220346834285,0.406798392534256,0.4008669853210449,0.21105274558067322,0.3369593322277069,0.35,5,0,0,0,0,,,nan,0,0.6894896030426025,6.529060363769531,242.18768310546875,0.6999611854553223,1.0,nan,0,0,0,0,0.0413003090064025,0.0,filtered,0.12711807965118255,0,0,12,joint_2_acceleration_lower|joint_3_acceleration_upper,predictive_link_5,0,0,1,solved,osqp,0.0,valid,0.03313428302921331,0.187238697|0.0677515249|0.0504275098|0.0942865181|0.0613357772|0.033134283,0.337238697|0.217751525|0.20042751|0.244286518|0.211335777|0.183134283,0.307238697|0.187751525|0.17042751|0.214286518|0.181335777|0.153134283,0.15|0.15|0.15|0.15|0.15|0.15,0|0|0.171652755|0.125506666|0.120679054|0.146040052,-0.134537833|-0.00565560237|-0.0701378318|-0.199167414|-0.195203791|-0.208599596,0.614416957|0.265350497|0.303224962|0.303485324|0.170818372|0.0699775882,0.309642643|0.411224216|0.27613771,0.0281558242|-0.228172243|0.0769688636,0.006247257813811302,0.001891331747174263,0.0019012819975614548,0.0024130549281835556
6,0.35000000000000003,-0.65898632770794,0.44450899958610535,0.3952276408672333,0.2068486213684082,0.37234997749328613,0.35,5,0,0,0,0,,,nan,0,0.6056780815124512,5.979759216308594,232.86814880371094,0.605677604675293,1.0,nan,0,0,0,0,0.0413003090064025,0.0,filtered,6.864951275030428e-07,0,0,12,,predictive_link_5,0,0,1,solved,osqp,0.0,valid,0.029725659483351624,0.180529161|0.0661169655|0.0537227219|0.091118742|0.0576636003|0.0297256595,0.330529161|0.216116966|0.203722722|0.241118742|0.2076636|0.179725659,0.300529161|0.186116966|0.173722722|0.211118742|0.1776636|0.149725659,0.15|0.138103745|0.15|0.15|0.15|0.15,0|0|0.103414953|0.0883802174|0.105084172|0.12877642,-0.130350992|1.65615455e-18|-0.0620817802|-0.197603581|-0.194721845|-0.206810797,0.591765652|0.264467862|0.256224061|0.255251604|0.141016729|0.0408682604,0.311050266|0.39981553|0.279986143,0.0281558242|-0.228172243|0.0769688636,0.006273956038057804,0.0019204160198569298,0.001972130499780178,0.002339940518140793
7,0.4,-0.5425191059484025,0.34072768688201904,0.3893830478191376,0.20542198419570923,0.32561391592025757,0.35,5,0,0,0,0,,,nan,0,0.6744586229324341,6.1284403800964355,223.1302032470703,0.6804484724998474,1.0,nan,0,0,0,0,0.0413003090064025,0.0,filtered,0.05235848897922184,0,0,12,joint_3_acceleration_upper,predictive_link_5,0,0,1,solved,osqp,0.0,valid,0.025586438304103037,0.17401913|0.0639794159|0.0537081259|0.0862596881|0.0532798859|0.0255864383,0.32401913|0.213979416|0.203708126|0.236259688|0.203279886|0.175586438,0.29401913|0.183979416|0.173708126|0.206259688|0.173279886|0.145586438,0.15|0.0886032537|0.15|0.15|0.15|0.15,0|0|0.106473955|0.152450164|0.16398114|0.186064646,-0.125995083|-3.36137415e-18|-0.0545053309|-0.196489176|-0.193907577|-0.206290804,0.570081438|0.255917664|0.266801127|0.300999741|0.183193106|0.082119595,0.312457889|0.388406843|0.283834577,0.0281558242|-0.228172243|0.0769688636,0.006059504114091396,0.0019372422248125076,0.0018392978236079216,0.0022422177717089653
8,0.45,-0.5175213326768477,0.3615410029888153,0.381635457277298,0.20359542965888977,0.3389034569263458,0.35,5,0,0,0,0,,,nan,0,0.773128867149353,6.438722610473633,240.2880859375,0.7891788482666016,1.0,nan,0,0,0,0,0.0413003090064025,0.0,filtered,0.06436496558941865,0,0,12,joint_3_acceleration_lower|joint_2_acceleration_upper,predictive_link_5,0,0,1,solved,osqp,0.0,valid,0.024324990452192524,0.167699043|0.0610398558|0.0532823647|0.0845689012|0.0517631927|0.0243249905,0.317699043|0.211039856|0.203282365|0.234568901|0.201763193|0.17432499,0.287699043|0.181039856|0.173282365|0.204568901|0.171763193|0.14432499,0.15|0.0393492649|0.15|0.15|0.15|0.15,0|0|0.140463687|0.127462116|0.148895975|0.177017713,-0.121471414|2.40072712e-18|-0.0470884636|-0.195140876|-0.193194859|-0.2050837,0.549324756|0.244159423|0.306504683|0.270596845|0.162753887|0.0692339752,0.313865513|0.376998156|0.28768301,0.0281558242|-0.228172243|0.0769688636,0.006409524939954281,0.0019503720104694366,0.001993410289287567,0.002423797734081745
9,0.5,-0.5447067016858637,0.45923107862472534,0.37094974517822266,0.19981056451797485,0.3832252323627472,0.35,5,0,0,0,0,,,nan,0,0.9018323421478271,5.109807968139648,149.79396057128906,0.9018316268920898,1.0,nan,0,0,0,0,0.0413003090064025,0.0,filtered,8.262767528166513e-07,0,0,12,,predictive_link_5,0,0,1,solved,osqp,0.0,valid,0.022504051118719254,0.161585906|0.0576764352|0.054244701|0.081806688|0.0494839336|0.0225040511,0.311585906|0.207676435|0.204244701|0.231806688|0.199483934|0.172504051,0.281585906|0.177676435|0.174244701|0.201806688|0.169483934|0.142504051,0.15|0|0.15|0.15|0.15|0.15,0|0|0.164288957|0.0984907469|0.103919018|0.135458768,-0.116775206|0.00148075608|-0.0395033894|-0.194590699|-0.193350991|-0.204989987,0.529568419|0.232186497|0.341764372|0.2311268|0.108503761|0.0204849847,0.315273136|0.36558947|0.291531444,0.0281558242|-0.228172243|0.0769688636,0.006336202844977379,0.001879403367638588,0.002038910984992981,0.002374649979174137
10,0.55,-0.500773048899892,0.46151238679885864,0.358782559633255,0.1963922381401062,0.38324373960494995,0.35,5,0,0,0,0,,,nan,0,0.9856294393539429,2.8638291358947754,77.3398666381836,0.985628604888916,1.0,nan,0,0,0,0,0.0413003090064025,0.0,filtered,1.186396065929641e-06,0,0,12,,predictive_link_5,0,0,1,solved,osqp,0.0,valid,0.01873263960257074,0.155693547|0.0542251621|0.0562011557|0.0772702709|0.0450120234|0.0187326396,0.305693547|0.204225162|0.206201156|0.227270271|0.195012023|0.16873264,0.275693547|0.174225162|0.176201156|0.197270271|0.165012023|0.13873264,0.15|0|0.15|0.15|0.15|0.15,0|0|0.157453301|0.106097162|0.111639954|0.141809693,-0.111903214|0.00906417328|-0.031762118|-0.194762785|-0.194612243|-0.204875855,0.510870973|0.225964822|0.350495806|0.22041546|0.0970758049|0.0118643968,0.316680759|0.354180783|0.295379877,0.0281558242|-0.228172243|0.0769688636,0.006315644830465317,0.0018931608647108078,0.0019715698435902596,0.002408471889793873
11,0.6000000000000001,-0.4775307560837201,0.4657800793647766,0.3460603654384613,0.1932021677494049,0.4106556177139282,0.35,5,0,0,0,0,,,nan,0,1.0528146028518677,3.5137147903442383,88.25758361816406,1.044147253036499,1.0,nan,0,0,0,0,0.0413003090064025,0.0,filtered,0.03160753249752269,0,1,12,predictive_link_5,predictive_link_5,0,0,1,solved,osqp,3.875410825582293e-10,valid,0.015291022728886133,0.150012874|0.0502253102|0.0571723644|0.0730041687|0.0408592644|0.0152910227,0.300012874|0.20022531|0.207172364|0.223004169|0.190859264|0.165291023,0.270012874|0.17022531|0.177172364|0.193004169|0.160859264|0.135291023,0.15|0|0.15|0.15|0.15|0.15,0|0|0.132729148|0.0925822429|0.112062313|0.143892969,-0.106859266|0.0167126146|-0.0241433519|-0.195547774|-0.196559431|-0.205057068,0.493192229|0.217613855|0.337275253|0.189051144|0.0789399389|-8.07262077e-09,0.318088382|0.342772096|0.299228311,0.0281558242|-0.228172243|0.0769688636,0.006218009628355503,0.001878742128610611,0.0019784150645136833,0.00231887586414814
12,0.65,-0.42865183241372967,0.4516005218029022,0.33247432112693787,0.19062268733978271,0.4384438395500183,0.35,5,0,0,0,0,,,nan,0,1.1269152164459229,2.2842061519622803,76.33143615722656,1.114417552947998,1.0,nan,0,0,0,0,0.0413003090064025,0.0,filtered,0.043940766243402415,0,1,12,predictive_link_5,predictive_link_5,0,0,1,solved,osqp,1.0363375158028987e-09,valid,0.011961440632522774,0.144562322|0.0458446875|0.0564582915|0.068086037|0.0366441711|0.0119614406,0.294562322|0.195844687|0.206458291|0.218086037|0.186644171|0.161961441,0.264562322|0.165844687|0.176458291|0.188086037|0.156644171|0.131961441,0.15|0|0.15|0.15|0.15|0.15,0|0|0.126422567|0.10517422|0.126913502|0.1582593,-0.101640953|0.024425748|-0.0166335391|-0.196918627|-0.198939098|-0.206105066,0.476608337|0.207804498|0.335622193|0.180599742|0.0745510881|-3.15703691e-09,0.319496006|0.33136341|0.303076744,0.0281558242|-0.228172243|0.0769688636,0.00598041620105505,0.0016333311796188354,0.0019396115094423294,0.002367136999964714
13,0.7000000000000001,-0.39691545661709854,0.46995046734809875,0.31717604398727417,0.18599358201026917,0.46995049715042114,0.35,1,0,0,0,0,,,nan,0,1.2419723272323608,3.365548849105835,42.89715576171875,1.2180254459381104,1.0,nan,0,0,0,0,0.0413003090064025,0.0,filtered,0.08905596416331633,0,1,12,predictive_link_5,predictive_link_5,0,0,1,solved,osqp,5.096773253443487e-09,valid,0.009233801828115534,0.139349257|0.0411280908|0.0549595859|0.0636949832|0.0330660512|0.00923380183,0.289349257|0.191128091|0.204959586|0.213694983|0.183066051|0.159233802,0.259349257|0.161128091|0.174959586|0.183694983|0.153066051|0.129233802,0.15|0|0.15|0.15|0.15|0.15,0|0|0.146047282|0.126436061|0.144458643|0.170310626,-0.0962500008|0.0321858558|-0.00911985421|-0.198679128|-0.201778253|-0.20724583,0.461147028|0.196698219|0.356765771|0.182536866|0.0749445949|2.6477151e-09,0.320903629|0.319954723|0.306925178,0.0281558242|-0.228172243|0.0769688636,0.006220804527401924,0.0018508397042751312,0.001973629929125309,0.002355421893298626
14,0.75,-0.3877149995686415,0.48761671781539917,0.3014962375164032,0.18095886707305908,0.48761671781539917,0.35,1,0,0,0,0,,,nan,0,1.3303136825561523,2.3126513957977295,42.98289108276367,1.3082209825515747,1.0,nan,0,0,0,0,0.0413003090064025,0.0,filtered,0.14570759906510602,0,1,12,predictive_link_5|joint_0_velocity_lower,predictive_link_5,0,0,1,solved,osqp,0.0,valid,0.006848576381222077,0.134374634|0.0359935922|0.0537372079|0.0601976011|0.030196741|0.00684857638,0.284374634|0.185993592|0.203737208|0.210197601|0.180196741|0.156848576,0.254374634|0.155993592|0.173737208|0.180197601|0.150196741|0.126848576,0.15|0|0.15|0.15|0.15|0.15,0|0|0.176335416|0.148867281|0.167747162|0.180934799,-0.0906915084|0.0399656516|-0.0014568297|-0.200876949|-0.205304786|-0.208329105,0.446807028|0.18394002|0.389827418|0.188780737|0.0832293398|-1.55608249e-10,0.322311252|0.308546036|0.310773611,0.0281558242|-0.228172243|0.0769688636,0.006300734356045723,0.0019146157428622246,0.001963307149708271,0.002382483333349228
15,0.8,-0.40405935486132677,0.4898129105567932,0.28745168447494507,0.1765187382698059,0.4898129403591156,0.35,1,0,0,0,0,,,nan,0,1.3421101570129395,4.232561111450195,96.42046356201172,1.3010774850845337,1.0,nan,0,0,0,0,0.0413003090064025,0.0,filtered,0.22243790925569057,0,0,12,,predictive_link_5,0,0,1,solved,osqp,0.0,valid,0.004711463424734913,0.129665699|0.0309588577|0.053688992|0.057811013|0.0282666647|0.00471146342,0.279665699|0.180958858|0.203688992|0.207811013|0.178266665|0.154711463,0.249665699|0.150958858|0.173688992|0.177811013|0.148266665|0.124711463,0.15|0|0.11043826|0.15|0.15|0.15,0|0|0.196273364|0.157361323|0.19194592|0.190250454,-0.0849639048|0.0477461628|-3.19469891e-18|-0.202855045|-0.208843645|-0.209096126,0.433698891|0.171581594|0.411029332|0.18575033|0.0961689335|1.81759446e-07,0.323718876|0.29713735|0.314622045,0.0281558242|-0.228172243|0.0769688636,0.006423880346119404,0.0019768541678786278,0.002006685361266136,0.002396686002612114
16,0.8500000000000001,-0.42356890989976204,0.4897099435329437,0.2752831280231476,0.17263197898864746,0.4897099435329437,0.35,1,0,0,0,0,,,nan,0,1.3421225547790527,3.6488099098205566,26.06171226501465,1.3362706899642944,1.0,nan,0,0,0,0,0.0413003090064025,0.0,filtered,0.19549607027639637,0,0,12,,predictive_link_5,0,0,1,solved,osqp,0.0,valid,0.003149215198256422,0.125252007|0.0265187494|0.0546439451|0.0561483783|0.0272785145|0.0031492152,0.275252007|0.176518749|0.204643945|0.206148378|0.177278514|0.153149215,0.245252007|0.146518749|0.174643945|0.176148378|0.147278514|0.123149215,0.15|0|0.0590776046|0.15|0.15|0.15,0|0|0.205083092|0.164279663|0.21274082|0.197242863,-0.0790650358|0.0555099017|-1.93972514e-17|-0.204078252|-0.211643661|-0.209839466,0.421942994|0.161584899|0.423658873|0.184794923|0.110211217|2.57493808e-07,0.325126499|0.285728663|0.318470478,0.0281558242|-0.228172243|0.0769688636,0.006292852573096752,0.0019230535253882408,0.002028285525739193,0.002299979329109192
17,0.9,-0.43432361836392663,0.4861508011817932,0.2646166980266571,0.16927742958068848,0.4861508011817932,0.35,1,0,0,0,0,,,nan,0,1.3436238765716553,1.116079568862915,55.25498962402344,1.3530378341674805,1.0,nan,0,0,0,0,0.0413003090064025,0.0,filtered,0.19022328844774633,0,0,12,,predictive_link_5,0,0,1,solved,osqp,0.0,valid,0.002466731765594782,0.121141883|0.0226319762|0.0560453323|0.0551224695|0.0271328537|0.00246673177,0.271141883|0.172631976|0.206045332|0.205122469|0.177132854|0.152466732,0.241141883|0.142631976|0.176045332|0.175122469|0.147132854|0.122466732,0.15|0|0.00469226859|0.15|0.15|0.15,0|0|0.207937051|0.168304954|0.220639984|0.203880195,-0.0730003426|0.0632250448|1.34269793e-17|-0.204464136|-0.213616042|-0.213746956,0.411567189|0.15375295|0.43211838|0.184330696|0.115555356|1.66235053e-07,0.326534122|0.274319977|0.322318912,0.0281558242|-0.228172243|0.0769688636,0.006339931860566139,0.0019242670387029648,0.002063920721411705,0.002312297932803631
18,0.9500000000000001,-0.4471803983487343,0.4779081344604492,0.25563523173332214,0.16644257307052612,0.47790807485580444,0.35,1,0,0,0,0,,,nan,0,1.3365306854248047,1.5489150285720825,36.89547348022461,1.3513352870941162,1.0,nan,0,0,0,0,0.0413003090064025,0.0,filtered,0.222924186017899,0,1,12,predictive_link_5|joint_4_velocity_lower,predictive_link_5,0,0,1,solved,osqp,0.0,valid,0.0020637836368989915,0.117343332|0.0192774318|0.0578237504|0.0544387926|0.0273018393|0.00206378364,0.267343332|0.169277432|0.20782375|0.204438793|0.177301839|0.152063784,0.237343332|0.139277432|0.17782375|0.174438793|0.147301839|0.122063784,0.15|0|0|0.15|0.15|0.15,0|0|0.211331131|0.177530704|0.228074242|0.208960502,-0.0667767112|0.0708584407|0.00865722368|-0.204013585|-0.214828477|-0.217215584,0.402596615|0.147968168|0.451283356|0.19127229|0.122453122|5.18119678e-08,0.327941746|0.26291129|0.326167345,0.0281558242|-0.228172243|0.0769688636,0.006255944259464741,0.0019011646509170532,0.0020490381866693497,0.0022654635831713676
19,1.0,-0.46012597131534705,0.4631580710411072,0.24858075380325317,0.1641235053539276,0.4631580710411072,0.35,1,0,0,0,0,,,nan,0,1.3238495588302612,1.9071462154388428,11.954848289489746,1.3239833116531372,1.0,nan,0,0,0,0,0.0413003090064025,0.0,filtered,0.2505414688375884,0,1,12,predictive_link_5|joint_0_velocity_lower|joint_4_velocity_lower,predictive_link_5,0,0,1,solved,osqp,9.925621019535313e-09,valid,0.0017432954185676308,0.113863976|0.0164425584|0.0601845083|0.0543128984|0.0278371739|0.00174329542,0.263863976|0.166442558|0.210184508|0.204312898|0.177837174|0.151743295,0.233863976|0.136442558|0.180184508|0.174312898|0.147837174|0.121743295,0.15|0|0|0.15|0.15|0.15,0|0|0.215337365|0.18750817|0.234675101|0.21302343,-0.0604025079|0.0783764942|0.0184554895|-0.202556101|-0.215140317|-0.219996633,0.395053396|0.144146728|0.474530888|0.202203662|0.13088348|-2.06054143e-08,0.329349369|0.251502603|0.330015779,0.0281558242|-0.228172243|0.0769688636,0.006189153529703617,0.0019028512760996819,0.0019745342433452606,0.0022702235728502274
20,1.05,-0.4704885216608864,0.43981727957725525,0.2436649352312088,0.16231846809387207,0.43981730937957764,0.35,1,0,0,0,0,,,nan,0,1.312609076499939,2.0267586708068848,8.362732887268066,1.2804231643676758,1.0,nan,0,0,0,0,0.0413003090064025,0.0,filtered,0.2878844111798614,0,1,12,predictive_link_5|joint_4_velocity_lower,predictive_link_5,0,0,1,solved,osqp,3.508727258738631e-08,valid,0.0015076903290677512,0.11071096|0.0141235014|0.0631573634|0.0548101242|0.0287572174|0.00150769033,0.26071096|0.164123501|0.213157363|0.204810124|0.178757217|0.15150769,0.23071096|0.134123501|0.183157363|0.174810124|0.148757217|0.12150769,0.15|0|0|0.15|0.15|0.15,0|0|0.220470187|0.19655579|0.239753114|0.21590216,-0.0538875947|0.0857467408|0.028583632|-0.199959791|-0.214405318|-0.22193296,0.388956244|0.142240746|0.501683273|0.215836496|0.140376666|-3.79639022e-08,0.330756992|0.240093917|0.333864212,0.0281558242|-0.228172243|0.0769688636,0.006200291216373444,0.0019213305786252022,0.0019944114610552788,0.002242826856672764
21,1.1,-0.47602024637200996,0.4066598117351532,0.2410367727279663,0.16102397441864014,0.4066598415374756,0.35,1,0,0,0,0,,,nan,0,1.306684136390686,2.167736291885376,7.094263076782227,1.2382540702819824,1.0,nan,0,0,0,0,0.0413003090064025,0.0,filtered,0.3381621365182786,0,1,12,predictive_link_5|joint_0_velocity_lower|joint_4_velocity_lower,predictive_link_5,0,0,1,solved,osqp,1.0494900920532402e-08,valid,0.0013694064999718314,0.107890898|0.0123184735|0.0668075076|0.0559309078|0.0300467534|0.0013694065,0.257890898|0.162318474|0.216807508|0.205930908|0.180046753|0.151369406,0.227890898|0.132318474|0.186807508|0.175930908|0.150046753|0.121369406,0.15|0|0|0.15|0.15|0.15,0|0|0.226703666|0.204261605|0.242846498|0.217352225,-0.0472433167|0.0929383073|0.0390093566|-0.196109125|-0.212476156|-0.222829866,0.384320277|0.142212201|0.532943053|0.231876111|0.150557356|-1.49613338e-08,0.332164615|0.22868523|0.337712646,0.0281558242|-0.228172243|0.0769688636,0.006300576962530613,0.001955196261405945,0.0020406683906912804,0.0022647129371762276
22,1.1500000000000001,-0.5269418701312611,0.4000824987888336,0.24157610535621643,0.1606585681438446,0.372183620929718,0.35,1,0,0,0,0,,,nan,0,1.2763582468032837,2.0817172527313232,25.069847106933594,1.2129058837890625,1.0,nan,0,0,0,0,0.0413003090064025,0.0,filtered,0.3868895118108653,0,1,12,predictive_link_5|joint_1_velocity_lower|joint_4_velocity_lower,predictive_link_5,0,0,1,solved,osqp,2.7411584113679055e-09,valid,0.0013249667910667784,0.105409799|0.0110239739|0.0711973229|0.0576565619|0.0316763155|0.00132496679,0.255409799|0.161023974|0.221197323|0.207656562|0.181676316|0.151324967,0.225409799|0.131023974|0.191197323|0.177656562|0.151676316|0.121324967,0.15|0|0|0.15|0.15|0.15,0|0|0.226077931|0.20885433|0.24216039|0.21716819,-0.0404824396|0.0999223505|0.0496937548|-0.190899893|-0.209204531|-0.222468062,0.381156758|0.144018246|0.560560977|0.248580685|0.15966112|-5.10879819e-09,0.333572239|0.217276543|0.341561079,0.0281558242|-0.228172243|0.0769688636,0.006310663186013699,0.0019359160214662552,0.0020089242607355118,0.0023260582238435745
23,1.2000000000000002,-0.5930495321478388,0.4000866115093231,0.24555398523807526,0.16164490580558777,0.368324339389801,0.35,1,0,0,0,0,,,nan,0,1.191710114479065,2.770493507385254,38.034793853759766,1.1672093868255615,1.0,nan,0,0,0,0,0.0413003090064025,0.0,filtered,0.4287648353223179,0,2,12,predictive_link_5|workspace_x_lower|joint_4_velocity_lower,predictive_link_5,0,0,1,solved,osqp,3.773008044882786e-09,valid,0.0013181450674889794,0.103291426|0.0106585707|0.0766227224|0.0599351799|0.0335874837|0.00131814507,0.253291426|0.160658571|0.226622722|0.20993518|0.183587484|0.151318145,0.223291426|0.130658571|0.196622722|0.17993518|0.153587484|0.121318145,0.15|0|0|0.15|0.15|0.15,0|0|0.210004842|0.205086008|0.234515646|0.215021234,-0.0336103793|0.106707546|0.0604516156|-0.184023922|-0.204201789|-0.220293822,0.379555323|0.149341829|0.576947348|0.260802806|0.164663792|-7.06270695e-09,0.334979862|0.205867857|0.345409513,0.0281558242|-0.228172243|0.0769688636,0.0062800003215670586,0.00191506277769804,0.0020568324252963066,0.0022652503103017807
24,1.25,-0.6299354646595202,0.40308332443237305,0.25105714797973633,0.1637110412120819,0.3622918426990509,0.35,1,0,0,0,0,,,nan,0,1.0614666938781738,4.166326522827148,52.228919982910156,1.1147606372833252,1.0,nan,0,0,0,0,0.0413003090064025,0.0,filtered,0.47835146646237947,0,2,12,predictive_link_5|workspace_x_lower|joint_4_velocity_lower,predictive_link_5,0,0,1,solved,osqp,1.422625264813071e-08,valid,0.0013168676570347315,0.101561298|0.011644896|0.0830573446|0.0624450076|0.0355663153|0.00131686766,0.251561298|0.161644896|0.233057345|0.212445008|0.185566315|0.151316868,0.221561298|0.131644896|0.203057345|0.182445008|0.155566315|0.121316868,0.15|0|0|0.15|0.15|0.15,0|0|0.156469625|0.18248247|0.212891894|0.210813666,-0.02663162|0.11331949|0.0708846067|-0.17558924|-0.197465285|-0.216081151,0.379613574|0.159899074|0.55958361|0.256673261|0.15769187|-1.52656063e-08,0.336387485|0.19445917|0.349257946,0.0281558242|-0.228172243|0.0769688636,0.006376969628036022,0.0019426345825195312,0.0020926697179675102,0.002300359308719635
25,1.3,-0.6482011578782502,0.406534880399704,0.25708240270614624,0.1664726436138153,0.3543893098831177,0.35,1,0,0,0,0,,,nan,0,0.9879069328308105,3.207754611968994,26.015295028686523,1.0412920713424683,1.0,nan,0,0,0,0,0.0413003090064025,0.0,filtered,0.49244203467085956,0,2,12,predictive_link_5|workspace_x_lower|joint_4_velocity_lower,predictive_link_5,0,0,1,solved,osqp,3.4099272239185296e-08,valid,0.001088048594166141,0.100221975|0.013711025|0.0885710238|0.0641241861|0.0369365205|0.00108804859,0.250221975|0.163711025|0.238571024|0.214124186|0.186936521|0.151088049,0.220221975|0.133711025|0.208571024|0.184124186|0.156936521|0.121088049,0.15|0|0|0.15|0.15|0.15,0|0|0.11207947|0.165237352|0.194975357|0.206696851,-0.0195623401|0.119728964|0.0803522885|-0.167217163|-0.190485705|-0.211049078,0.38132556|0.174573064|0.546715854|0.254516934|0.152235734|-3.25488685e-08,0.337795109|0.183050483|0.35310638,0.0281558242|-0.228172243|0.0769688636,0.006459365598857403,0.0019804034382104874,0.0020813923329114914,0.0023565655574202538
26,1.35,-0.6598277101650865,0.4099787473678589,0.2632253170013428,0.16971701383590698,0.3453346788883209,0.35,1,0,0,0,0,,,nan,0,0.9639425873756409,2.6483399868011475,19.873506546020508,1.0076276063919067,1.0,nan,0,0,0,0,0.0413003090064025,0.0,filtered,0.5057148641521443,0,2,12,predictive_link_5|workspace_x_lower|joint_4_velocity_lower,predictive_link_5,0,0,1,solved,osqp,6.12911967567964e-08,valid,0.0006643946861231431,0.0992610888|0.0164726483|0.0930424354|0.0651772835|0.0378462934|0.000664394686,0.249261089|0.166472648|0.243042435|0.215177284|0.187846293|0.150664395,0.219261089|0.136472648|0.213042435|0.185177284|0.157846293|0.120664395,0.15|0|0|0.15|0.15|0.15,0|0|0.0758433668|0.151649438|0.180386531|0.203115276,-0.01242727|0.125898602|0.0889586876|-0.159255485|-0.183688358|-0.205772915,0.384617085|0.191789196|0.536971796|0.253103087|0.148083346|-6.04745171e-08,0.339202732|0.171641797|0.356954813,0.0281558242|-0.228172243|0.0769688636,0.0064512332901358604,0.0019241329282522202,0.002124919556081295,0.002361518330872059
27,1.4000000000000001,-0.6784525713644843,0.4211038649082184,0.26942917704582214,0.17337951064109802,0.3354029655456543,0.35,1,0,0,0,0,,,nan,0,0.9678231477737427,2.2250006198883057,12.554871559143066,0.9945953488349915,1.0,nan,0,0,0,0,0.0413003090064025,0.0,filtered,0.5135321459044785,0,2,12,predictive_link_5|workspace_x_lower|joint_4_velocity_lower,predictive_link_5,0,0,1,solved,osqp,9.306555118215876e-08,valid,7.831262650045967e-05,0.0986718094|0.0197170005|0.0965493402|0.065781946|0.0384368969|7.83126265e-05,0.248671809|0.169717001|0.24654934|0.215781946|0.188436897|0.150078313,0.218671809|0.139717001|0.21654934|0.185781946|0.158436897|0.120078313,0.15|0|0|0.15|0.15|0.15,0|0|0.0472487991|0.140527336|0.168873108|0.200188189,-0.00524921431|0.131807863|0.0968447538|-0.151804208|-0.177232948|-0.20050153,0.389438023|0.210675865|0.530290914|0.251850911|0.145387748|-9.05946673e-08,0.340610355|0.16023311|0.360803246,0.0281558242|-0.228172243|0.0769688636,0.006738118827342987,0.002077654004096985,0.002206035889685154,0.0024097850546240807
28,1.4500000000000002,-0.6962419258050547,0.4273257553577423,0.27589279413223267,0.17755845189094543,0.3419136703014374,0.35,1,0,0,0,0,,,nan,0,0.9740927219390869,1.8368319272994995,11.883316993713379,0.9835856556892395,1.0,nan,0,0,0,0,0.0413003090064025,0.0,filtered,0.5234292740221698,0,0,12,joint_4_velocity_lower,predictive_link_5,0,0,1,solved,osqp,1.2640963667487348e-07,valid,-0.0005976841168797431,0.0984391067|0.0233795077|0.099337567|0.0660793491|0.0388298436|-0.000597684117,0.248439107|0.173379508|0.249337567|0.216079349|0.188829844|0.149402316,0.218439107|0.143379508|0.219337567|0.186079349|0.158829844|0.119402316,0.136574359|0|0|0.15|0.15|0.15,0|0|0.0251415004|0.132094224|0.160239695|0.19767394,-6.01510025e-19|0.137451708|0.104133609|-0.144802772|-0.171104523|-0.19528333,0.393756427|0.230969739|0.526625377|0.251608849|0.144454546|-1.2632696e-07,0.342017978|0.148824424|0.36465168,0.0281558242|-0.228172243|0.0769688636,0.0063003916293382645,0.0018967818468809128,0.0020380113273859024,0.002324759028851986
29,1.5,-0.7152814666445568,0.4296395182609558,0.2828563451766968,0.1767311692237854,0.34575963020324707,0.35,5,0,0,0,0,,,nan,0,0.9713687300682068,1.6810877323150635,13.763668060302734,0.9644953012466431,1.0,nan,0,0,0,0,0.0413003090064025,0.0,filtered,0.5326205031319807,0,0,12,joint_4_velocity_lower,predictive_link_5,0,0,1,solved,osqp,1.6364617236308554e-07,valid,-0.0012715642341202538,0.0983176393|0.0275584395|0.101839076|0.0662304461|0.039145313|-0.00127156423,0.248317639|0.177558439|0.251839076|0.216230446|0.189145313|0.148728436,0.218317639|0.147558439|0.221839076|0.186230446|0.159145313|0.118728436,0.0869749189|0|0|0.15|0.15|0.15,0|0|0.00810497108|0.126415997|0.153829734|0.195067944,-7.66744564e-18|0.142840061|0.110897345|-0.138032274|-0.165111952|-0.189981851,0.393270557|0.253073819|0.52635862|0.253305506|0.145299034|-1.64392874e-07,0.343425602|0.137415737|0.368500113,0.0281558242|-0.228172243|0.0769688636,0.00654754601418972,0.0020100921392440796,0.002133021131157875,0.0023643644526600838
30,1.55,-0.7331091505725693,0.43019309639930725,0.2903076708316803,0.17541691660881042,0.34809184074401855,0.35,5,0,0,0,0,,,nan,0,0.9646781086921692,1.5333130359649658,8.276634216308594,0.9425795674324036,1.0,nan,0,0,0,0,0.0413003090064025,0.0,filtered,0.5309313314266145,0,0,12,joint_4_velocity_lower,predictive_link_5,0,0,1,solved,osqp,2.1596466165396677e-07,valid,-0.0018711315984350219,0.098218411|0.032424727|0.104514333|0.0663966894|0.0394862344|-0.0018711316,0.248218411|0.182424727|0.254514333|0.216396689|0.189486234|0.148128868,0.218218411|0.152424727|0.224514333|0.186396689|0.159486234|0.118128868,0.0373133887|0|0|0.15|0.15|0.15,0|0|-0.00532216888|0.121778567|0.148200796|0.191856907,2.40671673e-18|0.147987954|0.115550589|-0.131217938|-0.158990851|-0.184372597,0.392873644|0.277686862|0.528285754|0.256147387|0.147154883|-2.16706608e-07,0.344833225|0.12600705|0.372348547,0.0281558242|-0.228172243|0.0769688636,0.006393196992576122,0.0019302042201161385,0.0021321987733244896,0.002290181815624237
31,1.6,-0.749458242737556,0.4314427375793457,0.2980930507183075,0.17412489652633667,0.3513561189174652,0.35,5,0,0,0,0,,,nan,0,0.9645658135414124,1.2638570070266724,6.459604263305664,0.9309272170066833,1.0,nan,0,0,0,0,0.0413003090064025,0.0,filtered,0.5231179672223494,0,0,12,joint_4_velocity_lower,predictive_link_5,0,0,1,solved,osqp,3.0834673989121875e-07,valid,-0.0023716764266985824,0.0981534415|0.0380089164|0.107513287|0.066644555|0.0398907056|-0.00237167643,0.248153441|0.188008916|0.257513287|0.216644555|0.189890706|0.147628324,0.218153441|0.158008916|0.227513287|0.186644555|0.159890706|0.117628324,0|0|0|0.15|0.15|0.15,0|0|-0.016343946|0.117362209|0.142405551|0.187847424,0.00180630166|0.151331982|0.118525219|-0.124232479|-0.152619423|-0.178361024,0.394420068|0.303367648|0.53223442|0.25970795|0.14934895|-3.06006427e-07,0.346240848|0.114598446|0.37619698,0.0281558242|-0.228172243|0.0769688636,0.006211725063621998,0.0018895268440246582,0.001979248598217964,0.0023042019456624985
32,1.6500000000000001,-0.765438126239111,0.43314340710639954,0.30613359808921814,0.17283913493156433,0.355327308177948,0.35,5,0,0,0,0,,,nan,0,0.9658543467521667,1.1371309757232666,4.3260579109191895,0.9230366945266724,1.0,nan,0,0,0,0,0.0413003090064025,0.0,filtered,0.5103176646427289,0,0,12,,predictive_link_5,0,0,1,solved,osqp,4.721615849967442e-07,valid,-0.0027927285803918955,0.0983675493|0.0441399773|0.110826456|0.0669909231|0.0403611724|-0.00279272858,0.248367549|0.194139977|0.260826456|0.216990923|0.190361172|0.147207271,0.218367549|0.164139977|0.230826456|0.186990923|0.160361172|0.117207271,0|0|0|0.15|0.15|0.15,0|0|-0.024946789|0.113386094|0.136607969|0.183116074,0.00904442332|0.15235115|0.121011492|-0.117069398|-0.145993015|-0.171945631,0.402514621|0.328911059|0.539370528|0.264280389|0.152059644|-4.71315038e-07,0.347648472|0.103189848|0.380045414,0.0281558242|-0.228172243|0.0769688636,0.006325101479887962,0.0019195759668946266,0.0020509986206889153,0.0023120352998375893
33,1.7000000000000002,-0.7791414419047763,0.43512478470802307,0.3142673373222351,0.17155352234840393,0.3598203659057617,0.35,5,0,0,0,0,,,nan,0,0.9680504202842712,0.9023988842964172,5.6544413566589355,0.9183937311172485,1.0,nan,0,0,0,0,0.0413003090064025,0.0,filtered,0.49544186895529907,0,2,12,predictive_link_5|workspace_x_lower|joint_4_velocity_lower,predictive_link_5,0,0,1,solved,osqp,1.396217114146836e-09,valid,-0.0031415332458329115,0.0989621945|0.0507677977|0.114519219|0.0674662845|0.0409081328|-0.00314153325,0.248962194|0.200767798|0.264519219|0.217466285|0.190908133|0.146858467,0.218962194|0.170767798|0.234519219|0.187466285|0.160908133|0.116858467,0|0|0|0.15|0.15|0.15,0|0|-0.031412714|0.108793792|0.130307524|0.177632465,0.0162694307|0.15309303|0.123038848|-0.109674179|-0.139053833|-0.165066331,0.412118209|0.35616422|0.549703011|0.268984751|0.154886222|1.2559502e-09,0.349056095|0.0917812511|0.383893847,0.0281558242|-0.228172243|0.0769688636,0.006389345042407513,0.0018994472920894623,0.002109246328473091,0.002340245060622692
34,1.75,-0.7876672610035893,0.4376717209815979,0.3221769332885742,0.17027288675308228,0.36500078439712524,0.35,5,0,0,0,0,,,nan,0,0.9748957753181458,0.5182657241821289,13.089560508728027,0.9204599261283875,1.0,nan,0,0,0,0,0.0413003090064025,0.0,filtered,0.48039015511234207,0,2,12,predictive_link_5|workspace_x_lower|joint_4_velocity_lower,predictive_link_5,0,0,1,solved,osqp,2.511082813905219e-09,valid,-0.0034280756883020846,0.0999335421|0.0577931394|0.118540101|0.0680503163|0.0415153603|-0.00342807569,0.249933542|0.207793139|0.268540101|0.218050316|0.19151536|0.146571924,0.219933542|0.177793139|0.238540101|0.188050316|0.16151536|0.116571924,0|0|0|0.15|0.15|0.15,0|0|-0.0368556149|0.101975062|0.122559671|0.171468835,0.0234598171|0.153598707|0.12468697|-0.102075212|-0.131832731|-0.15775653,0.423193986|0.384771265|0.56199176|0.272101115|0.156788381|1.67821576e-09,0.350463718|0.0803726539|0.387742281,0.0281558242|-0.228172243|0.0769688636,0.0064044008031487465,0.0019257357344031334,0.0020619137212634087,0.002374095842242241
35,1.8,-0.7940121480801443,0.4393038749694824,0.3297967314720154,0.16901177167892456,0.36936548352241516,0.35,5,0,0,0,0,,,nan,0,0.9801036715507507,0.44874972105026245,4.462038993835449,0.9224216938018799,1.0,nan,0,0,0,0,0.0413003090064025,0.0,filtered,0.46778730692233156,0,2,12,predictive_link_5|workspace_x_lower|joint_4_velocity_lower,predictive_link_5,0,0,1,solved,osqp,4.236836520510323e-09,valid,-0.003684654227159828,0.10126848|0.0649536875|0.122548982|0.0686271899|0.0421123787|-0.00368465423,0.25126848|0.214953688|0.272548982|0.21862719|0.192112379|0.146315346,0.22126848|0.184953688|0.242548982|0.18862719|0.162112379|0.116315346,0|0|0|0.15|0.15|0.15,0|0|-0.04081118|0.0945379968|0.114615665|0.165028613,0.030591384|0.154018723|0.126167146|-0.0945037145|-0.12458229|-0.150290005,0.435665304|0.413833473|0.575551895|0.274543042|0.15848289|-8.62280342e-09,0.351871341|0.0689640567|0.391590714,0.0281558242|-0.228172243|0.0769688636,0.006421497091650963,0.0019162818789482117,0.0021276650950312614,0.0023368392139673233
36,1.85,-0.8016682912175386,0.44032883644104004,0.3372337222099304,0.1677667498588562,0.373302161693573,0.35,5,0,0,0,0,,,nan,0,0.9796655178070068,0.4522687494754791,6.46889066696167,0.9196274280548096,1.0,nan,0,0,0,0,0.0413003090064025,0.0,filtered,0.4580355931271673,0,2,12,predictive_link_5|workspace_x_lower|joint_4_velocity_lower,predictive_link_5,0,0,1,solved,osqp,6.809484864866988e-09,valid,-0.0039061570763355424,0.102960203|0.0721753952|0.126500596|0.0691705844|0.0426855029|-0.00390615708,0.252960203|0.222175395|0.276500596|0.219170584|0.192685503|0.146093843,0.222960203|0.192175395|0.246500596|0.189170584|0.162685503|0.116093843,0|0|0|0.15|0.15|0.15,0|0|-0.0429795098|0.0883740456|0.107400263|0.158361676,0.0376446089|0.154400335|0.127559|-0.0869984499|-0.117353352|-0.142737059,0.449485419|0.443101916|0.590581873|0.278057933|0.160788923|-1.13878973e-08,0.353278965|0.0575554594|0.395439148,0.0281558242|-0.228172243|0.0769688636,0.006357792764902115,0.0019257673993706703,0.0020427554845809937,0.002347312867641449
37,1.9000000000000001,-0.8082982563233805,0.4414471983909607,0.34443196654319763,0.1665351688861847,0.3774994909763336,0.35,5,0,0,0,0,,,nan,0,0.9770755767822266,0.39875781536102295,3.0503475666046143,0.9145424962043762,1.0,nan,0,0,0,0,0.0413003090064025,0.0,filtered,0.4428163590896755,0,2,12,predictive_link_5|workspace_x_lower|joint_4_velocity_lower,predictive_link_5,0,0,1,solved,osqp,1.0731299598942812e-08,valid,-0.004071421921244128,0.10500981|0.0795601374|0.130623035|0.0697531641|0.0432738251|-0.00407142192,0.25500981|0.229560137|0.280623035|0.219753164|0.193273825|0.145928578,0.22500981|0.199560137|0.250623035|0.189753164|0.163273825|0.115928578,0|0|0|0.15|0.15|0.15,0|0|-0.0443987811|0.0821181471|0.0997793271|0.151208594,0.04460446|0.154670644|0.128786511|-0.0794020963|-0.109977425|-0.134922912,0.464643698|0.472911193|0.606879869|0.281728707|0.162897203|-5.69288816e-09,0.354686588|0.0461468622|0.399287581,0.0281558242|-0.228172243|0.0769688636,0.006450735032558441,0.0019398108124732971,0.002131466753780842,0.002338144928216934
38,1.9500000000000002,-0.8143202758974076,0.44331973791122437,0.351327508687973,0.16530808806419373,0.38259047269821167,0.35,5,0,0,0,0,,,nan,0,0.9778481125831604,0.4329279363155365,5.264695644378662,0.9127625823020935,1.0,nan,0,0,0,0,0.0413003090064025,0.0,filtered,0.42641718568700904,0,2,12,predictive_link_5|workspace_x_lower|joint_4_velocity_lower,predictive_link_5,0,0,1,solved,osqp,1.678511563074636e-08,valid,-0.004186135669550978,0.107410763|0.0870658351|0.134888561|0.0703694394|0.0438658229|-0.00418613567,0.257410763|0.237065835|0.284888561|0.220369439|0.193865823|0.145813864,0.227410763|0.207065835|0.254888561|0.190369439|0.163865823|0.115813864,0|0|0|0.15|0.15|0.15,0|0|-0.0457763256|0.075885411|0.091586479|0.143617265,0.0514542881|0.15484957|0.129882933|-0.0717321246|-0.102473252|-0.126872742,0.48109734|0.50311291|0.623660853|0.285631044|0.164576519|-1.89559936e-08,0.356094211|0.034738265|0.403136015,0.0281558242|-0.228172243|0.0769688636,0.006358555518090725,0.0019250568002462387,0.0020546289160847664,0.002338237129151821
39,2.0,-0.8197409415183041,0.4450192451477051,0.35791078209877014,0.16408517956733704,0.3876631557941437,0.35,5,0,0,0,0,,,nan,0,0.9787759184837341,0.4745428264141083,1.3191994428634644,0.9092497229576111,1.0,nan,0,0,0,0,0.0413003090064025,0.0,filtered,0.4089813404942486,0,2,12,predictive_link_5|workspace_x_lower|joint_4_velocity_lower,predictive_link_5,0,0,1,solved,osqp,2.02024319495564e-08,valid,-0.004266059674234962,0.110154492|0.0946320636|0.139211981|0.0710095671|0.0444442498|-0.00426605967,0.260154492|0.244632064|0.289211981|0.221009567|0.19444425|0.14573394,0.230154492|0.214632064|0.259211981|0.191009567|0.16444425|0.11573394,0|0|0|0.15|0.15|0.15,0|0|-0.0462749839|0.0698320369|0.0833078693|0.135702328,0.0581785685|0.154973699|0.130895562|-0.0640412781|-0.0948958564|-0.118638116,0.498796539|0.533501954|0.641468502|0.289829027|0.166189012|-2.63829193e-08,0.357501835|0.023329651|0.406984448,0.0281558242|-0.228172243|0.0769688636,0.006206585094332695,0.0018734559416770935,0.0020387358963489532,0.002253101207315922
40,2.0500000000000003,-0.8244170669595963,0.44642165303230286,0.3641732633113861,0.16286659240722656,0.3926173746585846,0.35,5,0,0,0,0,,,nan,0,0.9782851338386536,0.514010488986969,1.7583990097045898,0.90118807554245,1.0,nan,0,0,0,0,0.0413003090064025,0.0,filtered,0.3937841629035008,0,2,12,predictive_link_5|workspace_x_lower|joint_4_velocity_lower,predictive_link_5,0,0,1,solved,osqp,2.1670884892133202e-08,valid,-0.004307020697527725,0.113234688|0.102258827|0.143632581|0.0716841164|0.0450099408|-0.0043070207,0.263234688|0.252258827|0.293632581|0.221684116|0.195009941|0.145692979,0.233234688|0.222258827|0.263632581|0.191684116|0.165009941|0.115692979,0|0|0|0.15|0.15|0.15,0|0|-0.0457714714|0.0639844029|0.0749554483|0.127418345,0.0647643214|0.155039311|0.13182655|-0.0563070286|-0.0872205577|-0.110190285,0.517703073|0.564074621|0.660585403|0.29441384|0.167774654|-2.31895252e-08,0.358909458|0.0119210351|0.410832882,0.0281558242|-0.228172243|0.0769688636,0.006249547936022282,0.0019207745790481567,0.002010461874306202,0.0022791074588894844
41,2.1,-0.8256644843916686,0.44547587633132935,0.370075523853302,0.1616775095462799,0.39541274309158325,0.35,5,0,0,0,0,,,nan,0,0.9643373489379883,0.6010956764221191,7.959618091583252,0.8877808451652527,1.0,nan,0,0,0,0,0.0413003090064025,0.0,filtered,0.3798781692293034,0,2,12,predictive_link_5|workspace_x_lower,predictive_link_5,0,0,1,solved,osqp,8.030842074679967e-09,valid,-0.0043018164764418165,0.1166452|0.109956442|0.148212093|0.0724073321|0.0455652921|-0.00430181648,0.2666452|0.259956442|0.298212093|0.222407332|0.195565292|0.145698184,0.2366452|0.229956442|0.268212093|0.192407332|0.165565292|0.115698184,0|0|0|0.15|0.15|0.15,0|0|-0.0448314777|0.0588264432|0.067619504|0.118690004,0.0712002847|0.155032602|0.132664918|-0.0484921528|-0.0794050104|-0.101482741,0.537781085|0.594858368|0.680681814|0.299963619|0.170475662|-3.64117372e-09,0.360317081|0.000512423227|0.414681315,0.0281558242|-0.228172243|0.0769688636,0.0062469495460391045,0.0019281134009361267,0.001959586516022682,0.002316421829164028
42,2.15,-0.8236451458241232,0.44221872091293335,0.375586599111557,0.16053688526153564,0.39611560106277466,0.35,5,0,0,0,0,,,nan,0,0.9341707229614258,0.9822595715522766,10.178594589233398,0.8645992875099182,1.0,nan,0,0,0,0,0.0413003090064025,0.0,filtered,0.3657151418949407,0,2,12,predictive_link_5|workspace_x_lower,predictive_link_5,0,0,1,solved,osqp,6.868166702034273e-09,valid,-0.0042251865336986605,0.120375745|0.11768051|0.152906008|0.0732229374|0.0461359337|-0.00422518653,0.270375745|0.26768051|0.302906008|0.223222937|0.196135934|0.145774813,0.240375745|0.23768051|0.272906008|0.193222937|0.166135934|0.115774813,0|0|0|0.15|0.15|0.15,0|0|-0.0436386717|0.05498589|0.0617771711|0.109420865,0.0774758589|0.154987654|0.133453941|-0.0406281666|-0.0714723824|-0.0925201312,0.558978838|0.625709695|0.7014393|0.307249473|0.174848523|-1.23562369e-08,0.361724705|-0.0108961891|0.418529749,0.0281558242|-0.228172243|0.0769688636,0.006319657899439335,0.0019151261076331139,0.0020289532840251923,0.0023313527926802635
43,2.2,-0.820223435510857,0.4387708902359009,0.38066989183425903,0.15943700075149536,0.39687424898147583,0.35,5,0,0,0,0,,,nan,0,0.8963183164596558,1.1582019329071045,4.375524044036865,0.8361315131187439,1.0,nan,0,0,0,0,0.0413003090064025,0.0,filtered,0.3539397187855123,0,2,12,predictive_link_5|workspace_x_lower,predictive_link_5,0,0,1,solved,osqp,4.63783622617342e-09,valid,-0.0040507407941477724,0.124416927|0.125411566|0.157698202|0.0742036786|0.0467616038|-0.00405074079,0.274416927|0.275411566|0.307698202|0.224203679|0.196761604|0.145949259,0.244416927|0.245411566|0.277698202|0.194203679|0.166761604|0.115949259,0|0|0|0.15|0.15|0.15,0|0|-0.0417362447|0.0516955158|0.0561922425|0.0994592667,0.0835825501|0.154920483|0.134211417|-0.0327257102|-0.0634155682|-0.0832563048,0.581250259|0.656566749|0.72326798|0.31578452|0.179823089|-1.28119372e-09,0.363132328|-0.022304805|0.422378182,0.0281558242|-0.228172243|0.0769688636,0.006183994002640247,0.0019629038870334625,0.0019439123570919037,0.0022347932681441307
44,2.25,-0.8161031634868369,0.4361824691295624,0.3852754533290863,0.15835919976234436,0.3987610340118408,0.35,5,0,0,0,0,,,nan,0,0.8557997345924377,1.2092872858047485,3.8395986557006836,0.8072280883789062,1.0,nan,0,0,0,0,0.0413003090064025,0.0,filtered,0.3446703970206233,0,2,12,predictive_link_5|workspace_x_lower,workspace_x_lower,0,0,1,solved,osqp,1.0998267544956586e-08,valid,-0.003775629450917667,0.128761741|0.133169139|0.162650795|0.0753799381|0.0474485717|-0.00377562945,0.278761741|0.283169139|0.312650795|0.225379938|0.197448572|0.146224371,0.248761741|0.253169139|0.282650795|0.195379938|0.167448572|0.116224371,0|0|0|0.15|0.15|0.15,0|0|-0.0389607634|0.0484680144|0.0500489518|0.0887250859,0.0895140484|0.154810057|0.13491303|-0.0247534101|-0.0551877301|-0.0736225568,0.604561013|0.687486612|0.746555446|0.325234357|0.184655508|1.13584632e-08,0.364539951|-0.033713419|0.426226616,0.0281558242|-0.228172243|0.0769688636,0.006346273235976696,0.0018987637013196945,0.002103453502058983,0.0023000072687864304
45,2.3000000000000003,-0.8096200709179397,0.4330763816833496,0.38933995366096497,0.15730014443397522,0.4004301130771637,0.35,5,0,0,0,0,,,nan,0,0.8066454529762268,1.4542497396469116,5.407800674438477,0.7710211873054504,1.0,nan,0,0,0,0,0.0413003090064025,0.0,filtered,0.3357204613540051,0,2,12,predictive_link_5|workspace_x_lower,predictive_link_5,0,0,1,solved,osqp,6.282157072323713e-09,valid,-0.0034084598423357038,0.133403719|0.14097743|0.16784098|0.0767540777|0.0481819329|-0.00340845984,0.283403719|0.29097743|0.31784098|0.226754078|0.198181933|0.14659154,0.253403719|0.26097743|0.28784098|0.196754078|0.168181933|0.11659154,0|0|0|0.15|0.15|0.15,0|0|-0.0352268207|0.0455839983|0.0441854761|0.0771893236,0.095265563|0.154623791|0.135522038|-0.0166713147|-0.0467349589|-0.0635554918,0.62888044|0.718533513|0.771659136|0.335928995|0.190178249|-7.53652007e-09,0.365947574|-0.0451220162|0.430075049,0.0281558242|-0.228172243|0.0769688636,0.006364139728248119,0.0019059879705309868,0.0020407559350132942,0.0023787682875990868
46,2.35,-0.8018017193818117,0.4310896396636963,0.3927813768386841,0.15624579787254333,0.403484046459198,0.35,5,0,0,0,0,,,nan,0,0.7511500716209412,1.4561680555343628,7.159856796264648,0.7289608716964722,1.0,nan,0,0,0,0,0.0413003090064025,0.0,filtered,0.3205019673075669,0,2,12,predictive_link_5|workspace_x_lower,predictive_link_5,0,0,1,solved,osqp,3.413864843593295e-08,valid,-0.002941600454927945,0.138335148|0.148842454|0.173323738|0.0783525344|0.0489683248|-0.00294160045,0.288335148|0.298842454|0.323323738|0.228352534|0.198968325|0.1470584,0.258335148|0.268842454|0.293323738|0.198352534|0.168968325|0.1170584,0|0|0|0.15|0.15|0.15,0|0|-0.0300182051|0.0409155714|0.0370224607|0.0647534206,0.100833426|0.154342659|0.136017832|-0.00845573719|-0.0380138572|-0.0529870513,0.654174019|0.749712476|0.799294579|0.345869972|0.194881903|-3.25136299e-08,0.367355198|-0.0565306135|0.433923483,0.0281558242|-0.228172243|0.0769688636,0.00628840085119009,0.0019054096192121506,0.002054578624665737,0.0022884346544742584
47,2.4000000000000004,-0.792040703886014,0.42936623096466064,0.3955249786376953,0.15518105030059814,0.4071400761604309,0.35,5,0,0,0,0,,,nan,0,0.6670738458633423,2.0239148139953613,14.23731517791748,0.6600143313407898,1.0,nan,0,0,0,0,0.0413003090064025,0.0,filtered,0.30615528702029504,0,2,12,predictive_link_5|workspace_x_lower,predictive_link_5,0,0,1,solved,osqp,5.853147842793671e-08,valid,-0.002396981184339203,0.14354567|0.156744318|0.179137926|0.0801017564|0.0497578598|-0.00239698118,0.29354567|0.306744318|0.329137926|0.230101756|0.19975786|0.147603019,0.26354567|0.276744318|0.299137926|0.200101756|0.16975786|0.117603019,0|0|0|0.15|0.15|0.15,0|0|-0.023048047|0.0373242718|0.0306946462|0.0515681357,0.106214912|0.153981167|0.136425939|-0.000124152228|-0.0290480187|-0.0419802724,0.680397592|0.780958439|0.829929597|0.357607145|0.200678067|-6.13901784e-08,0.368762821|-0.0679392144|0.437771916,0.0281558242|-0.228172243|0.0769688636,0.006201095879077911,0.0019061844795942307,0.0020114313811063766,0.0022422000765800476
48,2.45,-0.7795997207916847,0.4281158447265625,0.39745980501174927,0.15409255027770996,0.4116436541080475,0.35,5,0,0,0,0,,,nan,0,0.5594911575317383,2.6615936756134033,14.103548049926758,0.5727558732032776,1.0,nan,0,0,0,0,0.0413003090064025,0.0,filtered,0.29763854440630305,0,2,12,predictive_link_5|workspace_x_lower,predictive_link_5,0,0,1,solved,osqp,8.126341577430196e-08,valid,-0.0017655106043437951,0.149031235|0.164722626|0.185429628|0.0818530782|0.0505814064|-0.0017655106,0.299031235|0.314722626|0.335429628|0.231853078|0.200581406|0.148234489,0.269031235|0.284722626|0.305429628|0.201853078|0.170581406|0.118234489,0|0|0|0.0987511507|0.15|0.15,0|0|-0.015560402|0.0340400504|0.024790298|0.037440582,0.111409356|0.153466616|0.136661762|1.17585544e-17|-0.0196994474|-0.0303786207,0.707534295|0.81235712|0.862819871|0.361452363|0.207416476|-8.10784388e-08,0.370170444|-0.0793478116|0.44162035,0.0281558242|-0.228172243|0.0769688636,0.006414657458662987,0.0019415179267525673,0.0020408080890774727,0.002391614019870758
49,2.5,-0.7655536178114016,0.4291256070137024,0.39845991134643555,0.15295428037643433,0.41878741979599,0.35,5,0,0,0,0,,,nan,0,0.4457019865512848,2.97572660446167,11.238431930541992,0.48283982276916504,1.0,nan,0,0,0,0,0.0413003090064025,0.0,filtered,0.27285206613494845,0,2,12,predictive_link_5|workspace_x_lower,predictive_link_5,0,0,1,solved,osqp,8.231182680937255e-08,valid,-0.0010480191484309176,0.154783934|0.172763442|0.192210956|0.0833964243|0.0514542573|-0.00104801915,0.304783934|0.322763442|0.342210956|0.233396424|0.201454257|0.148951981,0.274783934|0.292763442|0.312210956|0.203396424|0.171454257|0.118951981,0|0|0|0.044762015|0.15|0.15,0|0|-0.00557686551|0.0281518477|0.0180960038|0.0223012185,0.116416532|0.152776785|0.136696972|8.77889927e-18|-0.00992305591|-0.0181092242,0.735552266|0.843830553|0.899963931|0.361737545|0.213989977|-8.2257975e-08,0.371578068|-0.0907564089|0.445468783,0.0281558242|-0.228172243|0.0769688636,0.00620795413851738,0.001905658282339573,0.001998394727706909,0.0022608675062656403
50,2.5500000000000003,-0.7477818515965967,0.4301430284976959,0.3984057307243347,0.15177124738693237,0.42577987909317017,0.35,5,0,0,0,0,,,nan,0,0.34775039553642273,3.4056155681610107,11.162455558776855,0.41668349504470825,1.0,nan,0,0,0,0,0.0413003090064025,0.0,filtered,0.249042868869606,0,2,12,predictive_link_5|workspace_x_lower,predictive_link_5,0,0,1,solved,osqp,6.464872593682502e-08,valid,-0.00026738073028462206,0.160794491|0.1808463|0.199571553|0.0846297521|0.0523413955|-0.00026738073,0.310794491|0.3308463|0.349571553|0.234629752|0.202341396|0.149732619,0.280794491|0.3008463|0.319571553|0.204629752|0.172341396|0.119732619,0|0|0|0|0.148324156|0.15,0|0|0.00467431051|0.0209702516|0.0111266415|0.00623351897,0.121237063|0.151907882|0.136537857|0.00185914835|4.51924999e-18|-0.00516406036,0.764415026|0.875293081|0.939498378|0.361348408|0.220492224|-6.430954e-08,0.372985691|-0.102165006|0.449317217,0.0281558242|-0.228172243|0.0769688636,0.00639916118234396,0.0019420050084590912,0.0020665880292654037,0.002348814159631729
51,2.6,-0.7069419654390052,0.40252599120140076,0.3977000117301941,0.15110057592391968,0.401826411485672,0.35,5,0,0,0,0,,,nan,0,0.3565623164176941,2.807699203491211,23.524028778076172,0.43501928448677063,1.0,nan,0,0,0,0,0.0413003090064025,0.0,filtered,0.24263666889434418,0,2,12,predictive_link_5|workspace_x_lower,predictive_link_5,0,0,1,solved,osqp,4.846485820346816e-08,valid,0.00041438036822741275,0.167049349|0.188914271|0.207444476|0.0858413521|0.0528925432|0.000414380368,0.317049349|0.338914271|0.357444476|0.235841352|0.202892543|0.15041438,0.287049349|0.308914271|0.327444476|0.205841352|0.172892543|0.12041438,0|0|0|0|0.0890810017|0.111539332,0|0|0.0134610064|0.0235299081|0.0113292796|-0.00165756956,0.125872246|0.150915487|0.13625034|0.0112674756|1.1069364e-18|-6.55378508e-18,0.794069643|0.90657257|0.97948925|0.378162792|0.222899452|-4.80849037e-08,0.374393314|-0.113573603|0.45316565,0.0281558242|-0.228172243|0.0769688636,0.006310081109404564,0.0018765516579151154,0.0020467648282647133,0.002344546839594841
52,2.6500000000000004,-0.6976006044190228,0.399710088968277,0.3967326879501343,0.15143421292304993,0.39971017837524414,0.35,5,0,0,0,0,,,nan,0,0.39446815848350525,2.255420207977295,25.75379753112793,0.466997891664505,1.0,nan,0,0,0,0,0.0413003090064025,0.0,filtered,0.23849149380130052,0,2,12,predictive_link_5|workspace_x_lower,predictive_link_5,0,0,1,solved,osqp,4.39653849442119e-08,valid,0.000883184326137515,0.173556689|0.197021539|0.215883696|0.0876737738|0.0532669468|0.000883184326,0.323556689|0.347021539|0.365883696|0.237673774|0.203266947|0.150883184,0.293556689|0.317021539|0.335883696|0.207673774|0.173266947|0.120883184,0|0|0|0|0.0258802269|0.0446371595,0|0|0.0200843885|0.0313290095|0.0153257879|-0.00353278113,0.130325473|0.149553155|0.135518447|0.0210949596|-1.09171463e-18|-2.32896837e-18,0.824552229|0.93763931|1.01913762|0.403119064|0.228393575|-4.38289622e-08,0.375800937|-0.124982201|0.457014084,0.0281558242|-0.228172243|0.0769688636,0.006298982538282871,0.0019114082679152489,0.0020541511476039886,0.0022926153615117073
53,2.7,-0.6790531634495404,0.3960634171962738,0.39509424567222595,0.15257695317268372,0.3960634469985962,0.35,5,0,0,0,0,,,nan,0,0.46392250061035156,1.681610345840454,39.217811584472656,0.5195946097373962,1.0,nan,0,0,0,0,0.0413003090064025,0.0,filtered,0.20743070710447173,0,2,12,predictive_link_5|workspace_x_lower,predictive_link_5,0,0,1,solved,osqp,2.3706123820910197e-08,valid,0.001434221753335324,0.180317447|0.205118063|0.224761505|0.0904141114|0.0538801696|0.00143422175,0.330317447|0.355118063|0.374761505|0.240414111|0.20388017|0.151434222,0.300317447|0.325118063|0.344761505|0.210414111|0.17388017|0.121434222,0|0|0|0|0|0,0|0|0.0292655789|0.0303486891|0.0102278548|-0.0116415864,0.134599536|0.147668749|0.134147326|0.0313584962|0.00746363897|0.00590467676,0.855869323|0.968141002|1.06245892|0.423363631|0.233212172|-2.26332596e-08,0.377208561|-0.13639088|0.460862517,0.0281558242|-0.228172243|0.0769688636,0.006267429329454899,0.0019231820479035378,0.0019891047850251198,0.0023119263350963593
54,2.75,-0.6442411680566147,0.39226430654525757,0.39199066162109375,0.15377911925315857,0.39226433634757996,0.35,5,0,0,0,0,,,nan,0,0.532580554485321,2.2978618144989014,33.86719512939453,0.5762434005737305,1.0,nan,0,0,0,0,0.0413003090064025,0.0,filtered,0.1789155607996561,0,1,12,predictive_link_5,predictive_link_5,0,0,1,solved,osqp,5.060089999786577e-09,valid,0.00257695374784786,0.187314336|0.213074971|0.23401604|0.0936124946|0.0548748921|0.00257695375,0.337314336|0.363074971|0.38401604|0.243612495|0.204874892|0.152576954,0.307314336|0.333074971|0.35401604|0.213612495|0.174874892|0.122576954,0|0|0|0|0|0,0|0|0.0367195634|0.011846914|-0.0115321254|-0.0327158565,0.138696897|0.145364769|0.132283307|0.041921032|0.0201603413|0.0224080341,0.887954242|0.997664653|1.10506703|0.428217924|0.228127784|-7.39727635e-09,0.378616184|-0.147799566|0.464710951,0.0281558242|-0.228172243|0.0769688636,0.006323426961898804,0.0019814735278487206,0.0020195990800857544,0.0022824062034487724
55,2.8000000000000003,-0.6154967252181996,0.38864293694496155,0.3878684937953949,0.15493637323379517,0.38864296674728394,0.35,5,0,0,0,0,,,nan,0,0.5582002997398376,1.2995082139968872,38.28458786010742,0.6076952219009399,1.0,nan,0,0,0,0,0.0413003090064025,0.0,filtered,0.17618640571819918,0,1,12,predictive_link_5,predictive_link_5,0,0,1,solved,osqp,8.507468264584706e-09,valid,0.0037791185343677147,0.194505273|0.220743709|0.243302804|0.0963492255|0.0554182425|0.00377911853,0.344505273|0.370743709|0.393302804|0.246349226|0.205418243|0.153779119,0.314505273|0.340743709|0.363302804|0.216349226|0.175418243|0.123779119,0|0|0|0|0|0,0|0|0.0246945234|-0.0114352268|-0.0337196229|-0.054249983,0.14262122|0.143113202|0.130505293|0.0523456122|0.032900467|0.0391335005,0.92064231|1.02608804|1.12841103|0.426307287|0.220853814|-8.35677701e-09,0.380023807|-0.159208253|0.468559384,0.0281558242|-0.228172243|0.0769688636,0.006241457536816597,0.0019300347194075584,0.0020418083295226097,0.00222858227789402
56,2.85,-0.5910345600073721,0.3857143521308899,0.3829573690891266,0.15588045120239258,0.38571444153785706,0.35,5,0,0,0,0,,,nan,0,0.5315333008766174,2.01930570602417,38.05031967163086,0.5689696073532104,1.0,nan,0,0,0,0,0.0413003090064025,0.0,filtered,0.1233416593626684,0,1,12,predictive_link_5,predictive_link_5,0,0,1,solved,osqp,9.188897004408503e-09,valid,0.004936373410986267,0.201892928|0.228057099|0.251713988|0.098422307|0.0554788646|0.00493637341,0.351892928|0.378057099|0.401713988|0.248422307|0.205478865|0.154936373,0.321892928|0.348057099|0.371713988|0.218422307|0.175478865|0.124936373,0|0|0|0|0|0,0|0|0.00495775488|-0.0374462304|-0.0577698935|-0.0753739708,0.146377805|0.140751569|0.128563237|0.062491212|0.0454823573|0.0556284686,0.953949515|1.05297996|1.14037695|0.41873421|0.209627922|-8.49191244e-09,0.381431431|-0.17061694|0.472407818,0.0281558242|-0.228172243|0.0769688636,0.006359233520925045,0.001969420351088047,0.002091263420879841,0.002258756197988987
57,2.9000000000000004,-0.5715276918814769,0.38384729623794556,0.3775096535682678,0.15648627281188965,0.38384726643562317,0.35,5,0,0,0,0,,,nan,0,0.48210516571998596,2.668703556060791,35.1053581237793,0.5105013251304626,1.0,nan,0,0,0,0,0.0413003090064025,0.0,filtered,0.08074823818585226,0,1,12,predictive_link_5,predictive_link_5,0,0,1,solved,osqp,9.717215906923649e-09,valid,0.005880469631887236,0.209470778|0.234956114|0.258845081|0.0996959844|0.0550105537|0.00588046963,0.359470778|0.384956114|0.408845081|0.249695984|0.205010554|0.15588047,0.329470778|0.354956114|0.378845081|0.219695984|0.175010554|0.12588047,0|0|0|0|0|0,0|0|-0.0168081242|-0.0668416823|-0.0836502222|-0.0951581089,0.149971856|0.138251655|0.126408003|0.0723687948|0.057858872|0.0716362213,0.987854969|1.07807611|1.1449802|0.40431105|0.194250864|-9.06307621e-09,0.382839054|-0.182025626|0.476256251,0.0281558242|-0.228172243|0.0769688636,0.006250007078051567,0.0019022980704903603,0.002043561078608036,0.0022635674104094505
58,2.95,-0.5579254535260089,0.38314035534858704,0.37180161476135254,0.15671643614768982,0.38314035534858704,0.35,5,0,0,0,0,,,nan,0,0.44530847668647766,3.251023292541504,20.948047637939453,0.46731337904930115,1.0,nan,0,0,0,0,0.0413003090064025,0.0,filtered,0.053325450871867956,0,1,12,predictive_link_5,predictive_link_5,0,0,1,solved,osqp,1.049447241607826e-08,valid,0.006486253878469933,0.217231236|0.241399904|0.264564101|0.10003011|0.0539842699|0.00648625388,0.367231236|0.391399904|0.414564101|0.25003011|0.20398427|0.156486254,0.337231236|0.361399904|0.384564101|0.22003011|0.17398427|0.126486254,0|0|0|0|0|0,0|0|-0.0412330014|-0.0956540276|-0.108202012|-0.11292737,0.153408738|0.135604225|0.124032679|0.0820982664|0.0700410087|0.0869823432,1.02233368|1.10120384|1.14105608|0.386564679|0.177776076|-1.16845615e-08,0.384246677|-0.193434313|0.480104685,0.0281558242|-0.228172243|0.0769688636,0.006237825378775597,0.001911776140332222,0.00198516808450222,0.0022989101707935333
59,3.0,-0.5532478020282405,0.3835296332836151,0.36626601219177246,0.15658962726593018,0.3835296630859375,0.35,5,0,0,0,0,,,nan,0,0.4395310878753662,3.251817226409912,22.64876937866211,0.44707393646240234,1.0,nan,0,0,0,0,0.0413003090064025,0.0,filtered,0.01704369650276857,0,1,12,predictive_link_5,predictive_link_5,0,0,1,solved,osqp,5.587140916585298e-09,valid,0.006716434533083265,0.225161876|0.24736135|0.268703933|0.0994675076|0.0524825488|0.00671643453,0.375161876|0.39736135|0.418703933|0.249467508|0.202482549|0.156716435,0.345161876|0.36736135|0.388703933|0.219467508|0.172482549|0.126716435,0|0|0|0|0|0,0|0|-0.071541822|-0.121369485|-0.12687491|-0.128394261,0.156694227|0.132878429|0.121516286|0.0917158016|0.0819767724|0.101528515,1.05734173|1.12232383|1.12479019|0.368216347|0.165032057|-8.27294805e-09,0.3856543|-0.204843|0.483953118,0.0281558242|-0.228172243|0.0769688636,0.006303330883383751,0.0019263187423348427,0.002025873400270939,0.002308802679181099
60,3.0500000000000003,-0.5546774748038821,0.3846141993999481,0.3611527383327484,0.15623703598976135,0.3846142888069153,0.35,5,0,0,0,0,,,nan,0,0.5042036771774292,3.520801067352295,29.0341796875,0.5147413015365601,1.0,nan,0,0,0,0,0.0413003090064025,0.0,filtered,0.02395729659340888,0,1,12,predictive_link_5,predictive_link_5,0,0,1,solved,osqp,7.558698916776407e-09,valid,0.006589623607023837,0.233244466|0.252855851|0.270972285|0.0981909935|0.0507065951|0.00658962361,0.383244466|0.402855851|0.420972285|0.248190993|0.200706595|0.156589624,0.353244466|0.372855851|0.390972285|0.218190993|0.170706595|0.126589624,0|0|0|0|0|0,0|0|-0.101580667|-0.144606522|-0.140432732|-0.141390581,0.159834817|0.130243421|0.119045531|0.101061995|0.093410747|0.115032079,1.09281268|1.14166683|1.101354|0.349219447|0.155804395|-7.96203559e-09,0.387061924|-0.216251686|0.487801552,0.0281558242|-0.228172243|0.0769688636,0.00667990930378437,0.002033974975347519,0.002208815887570381,0.002391733229160309
61,3.1,-0.5499816278458821,0.38710105419158936,0.3560653626918793,0.15558984875679016,0.38710108399391174,0.35,5,0,0,0,0,,,nan,0,0.5554219484329224,2.9803526401519775,41.73759841918945,0.5676229596138,1.0,nan,0,0,0,0,0.0413003090064025,0.0,filtered,0.02742787188404937,0,1,12,predictive_link_5,predictive_link_5,0,0,1,solved,osqp,7.179199262852265e-09,valid,0.006237058169409476,0.241475742|0.257889223|0.271393319|0.0963696577|0.0488408234|0.00623705817,0.391475742|0.407889223|0.421393319|0.246369658|0.198840823|0.156237058,0.361475742|0.377889223|0.391393319|0.216369658|0.168840823|0.126237058,0|0|0|0|0|0,0|0|-0.111596222|-0.163314691|-0.156130219|-0.152567613,0.1628363|0.127644189|0.116562448|0.110260327|0.104415046|0.127619373,1.12873927|1.15920108|1.0905395|0.332424267|0.143648121|-7.31734151e-09,0.388469547|-0.227660373|0.491649985,0.0281558242|-0.228172243|0.0769688636,0.00653176661580801,0.0019675232470035553,0.0021657682955265045,0.0023570703342556953
62,3.1500000000000004,-0.5350341356572338,0.38851794600486755,0.3505304455757141,0.15497884154319763,0.3885180354118347,0.35,5,0,0,0,0,,,nan,0,0.6112852096557617,2.003774642944336,39.831153869628906,0.6117919087409973,1.0,nan,0,0,0,0,0.0413003090064025,0.0,filtered,0.0011951765876687466,0,1,12,predictive_link_5,predictive_link_5,0,0,1,solved,osqp,5.011282777633852e-10,valid,0.0055898421303406665,0.249822294|0.262774511|0.271146129|0.0941133608|0.0468187616|0.00558984213,0.399822294|0.412774511|0.421146129|0.244113361|0.196818762|0.155589842,0.369822294|0.382774511|0.391146129|0.214113361|0.166818762|0.125589842,0|0|0|0|0|0,0|0|-0.123277648|-0.177781669|-0.170933855|-0.161653969,0.165706924|0.125514639|0.114632588|0.119297888|0.114965431|0.139294596,1.1649961|1.17661268|1.07593946|0.317969662|0.131306622|-3.86115878e-09,0.38987717|-0.239069059|0.495498419,0.0281558242|-0.228172243|0.0769688636,0.00639736745506525,0.0019938070327043533,0.0020755333825945854,0.0022864099591970444
63,3.2,-0.5334270919823212,0.386658638715744,0.34540605545043945,0.1555752456188202,0.3866586685180664,0.35,5,0,0,0,0,,,nan,0,0.6719694137573242,1.9919568300247192,35.55076217651367,0.671968936920166,1.0,nan,0,0,0,0,0.0413003090064025,0.0,filtered,7.778033820223153e-07,0,0,12,,predictive_link_5,0,0,1,solved,osqp,0.0,valid,0.004978853048150406,0.258302999|0.267390079|0.270094542|0.0916124805|0.0447338592|0.00497885305,0.408302999|0.417390079|0.420094542|0.24161248|0.194733859|0.154978853,0.378302999|0.387390079|0.390094542|0.21161248|0.164733859|0.124978853,0|0|0|0|0|0,0|0|-0.137833779|-0.172995127|-0.161070694|-0.149439364,0.168450697|0.123458769|0.112779966|0.128572702|0.125689723|0.1508584,1.20166269|1.19301909|1.05532436|0.322027497|0.143554465|0.0213344479,0.391284794|-0.250477731|0.499346852,0.0281558242|-0.228172243|0.0769688636,0.00668413657695055,0.0020938869565725327,0.0021972106769680977,0.002351708710193634
64,3.25,-0.5307345910557343,0.3842793107032776,0.340628057718277,0.15634581446647644,0.3842793405056,0.35,5,0,0,0,0,,,nan,0,0.6762422919273376,2.0107016563415527,41.92003631591797,0.6762417554855347,1.0,nan,0,0,0,0,0.0413003090064025,0.0,filtered,7.693675551152954e-07,0,0,12,,predictive_link_5,0,0,1,solved,osqp,0.0,valid,0.005575240617078175,0.266931699|0.271533458|0.267903241|0.0899332042|0.0437448067|0.00557524062,0.416931699|0.421533458|0.417903241|0.239933204|0.193744807|0.155575241,0.386931699|0.391533458|0.387903241|0.209933204|0.163744807|0.125575241,0|0|0|0|0|0,0|0|-0.148709358|-0.176489376|-0.164627513|-0.149932875,0.171071208|0.12115094|0.110592166|0.138033425|0.136501602|0.162107672,1.238798|1.20728477|1.03349577|0.321276865|0.146853316|0.0344757592,0.392692417|-0.261886418|0.503195584,0.0281558242|-0.228172243|0.0769688636,0.005284590646624565,0.0015930579975247383,0.0017579412087798119,0.001899457536637783
65,3.3000000000000003,-0.5240420661444025,0.38324615359306335,0.33589762449264526,0.15668195486068726,0.38324618339538574,0.35,5,0,0,0,0,,,nan,0,0.6992196440696716,1.700830101966858,14.413270950317383,0.6992191672325134,1.0,nan,0,0,0,0,0.0413003090064025,0.0,filtered,7.042386017069258e-07,0,0,12,,predictive_link_5,0,0,1,solved,osqp,0.0,valid,0.006345808131277136,0.275654078|0.275737534|0.265203581|0.0885031038|0.0431501784|0.00634580813,0.425654078|0.425737534|0.415203581|0.238503104|0.193150178|0.156345808,0.395654078|0.395737534|0.385203581|0.208503104|0.163150178|0.126345808,0|0|0|0|0|0,0|0|-0.165998975|-0.185952852|-0.173515877|-0.160824847,0.173578862|0.119390574|0.10904468|0.147024888|0.146570765|0.166033233,1.27619517|1.22234071|1.00386003|0.315084451|0.145655601|0.0305916185,0.39410004|-0.273295105|0.507044375,0.0281558242|-0.228172243|0.0769688636,0.005359760485589504,0.001613442786037922,0.0017360560595989227,0.001974773593246937
66,3.35,-0.5113147943117837,0.3836568593978882,0.33081674575805664,0.15654823184013367,0.3836568295955658,0.35,5,0,0,0,0,,,nan,0,0.7554283142089844,1.5307306051254272,21.37864112854004,0.7554278373718262,1.0,nan,0,0,0,0,0.0413003090064025,0.0,filtered,7.718491706531492e-07,0,0,12,,predictive_link_5,0,0,1,solved,osqp,0.0,valid,0.006681958063537524,0.284475625|0.27996149|0.261702222|0.0870335537|0.0426746805|0.00668195806,0.434475625|0.42996149|0.411702222|0.237033554|0.19267468|0.156681958,0.404475625|0.39996149|0.381702222|0.207033554|0.16267468|0.126681958,0|0|0|0|0|0,0|0|-0.190092531|-0.200577284|-0.184707226|-0.176114926,0.175978221|0.118007149|0.107938038|0.155739046|0.156156226|0.167625931,1.31388072|1.23785311|0.964654394|0.303295977|0.142147721|0.0182388371,0.395507663|-0.284703791|0.510893166,0.0281558242|-0.228172243|0.0769688636,0.00531395897269249,0.001657147891819477,0.0017149215564131737,0.001908380538225174
67,3.4000000000000004,-0.5105804183340792,0.38150373101234436,0.3261542022228241,0.15725097060203552,0.3815038502216339,0.35,5,0,0,0,0,,,nan,0,0.8043106198310852,1.5790621042251587,20.677621841430664,0.804310142993927,1.0,nan,0,0,0,0,0.0413003090064025,0.0,filtered,7.752063901471177e-07,0,0,12,,predictive_link_5,0,0,1,solved,osqp,0.0,valid,0.0065482232970741905,0.293407872|0.284021841|0.256943034|0.0853536108|0.042241727|0.0065482233,0.443407872|0.434021841|0.406943034|0.235353611|0.192241727|0.156548223,0.413407872|0.404021841|0.376943034|0.205353611|0.162241727|0.126548223,0|0|0|0|0|0,0|0|-0.212512847|-0.191342373|-0.167624471|-0.166563579,0.178272642|0.116723237|0.10694432|0.164567408|0.165708397|0.169197062,1.35190413|1.2528106|0.922203608|0.314639478|0.167050834|0.0288263758,0.396915287|-0.296112478|0.514741957,0.0281558242|-0.228172243|0.0769688636,0.0052543990314006805,0.0015819389373064041,0.0017023701220750809,0.0019349614158272743
68,3.45,-0.5148912991819965,0.3728989362716675,0.32246050238609314,0.1601015031337738,0.3728988468647003,0.35,5,0,0,0,0,,,nan,0,0.8392425775527954,2.2746620178222656,24.215866088867188,0.8392422199249268,1.0,nan,0,0,0,0,0.0413003090064025,0.0,filtered,6.581237392763605e-07,0,0,12,,predictive_link_5,0,0,1,solved,osqp,0.0,valid,0.0072509966222769895,0.302464545|0.287654874|0.250709534|0.0847444876|0.0432176298|0.00725099662,0.452464545|0.437654874|0.400709534|0.234744488|0.19321763|0.157250997,0.422464545|0.407654874|0.370709534|0.204744488|0.16321763|0.127250997,0|0|0|0|0|0,0|0|-0.227753514|-0.157273692|-0.122778589|-0.13131724,0.180464751|0.11521676|0.105666401|0.173368922|0.175034327|0.170721467,1.39032293|1.26583625|0.880751022|0.35507318|0.225126257|0.0684082135,0.39832291|-0.307521164|0.518590748,0.0281558242|-0.228172243|0.0769688636,0.005286869592964649,0.001608407124876976,0.0016850633546710014,0.001959017477929592
69,3.5,-0.5117633209569449,0.3580971956253052,0.31961438059806824,0.16516897082328796,0.35809722542762756,0.35,5,0,0,0,0,,,nan,0,0.8551754355430603,2.428194522857666,21.60126304626465,0.8551751375198364,1.0,nan,0,0,0,0,0.0413003090064025,0.0,filtered,4.3150721217360975e-07,0,0,12,,predictive_link_5,0,0,1,solved,osqp,0.0,valid,0.010101475016387113,0.311654609|0.290600861|0.243020996|0.0864943254|0.046920355|0.010101475,0.461654609|0.440600861|0.393020996|0.236494325|0.196920355|0.160101475,0.431654609|0.410600861|0.363020996|0.206494325|0.166920355|0.130101475,0|0|0|0|0|0,0|0|-0.232786669|-0.118472902|-0.0764171464|-0.0934258585,0.182557308|0.113239261|0.103798389|0.181889148|0.183840802|0.172059172,1.42917575|1.27564271|0.843095704|0.409393548|0.295105075|0.119039213,0.399730533|-0.318929851|0.522439539,0.0281558242|-0.228172243|0.0769688636,0.0054422542452812195,0.0016287388280034065,0.0017323438078165054,0.00201441440731287
70,3.5500000000000003,-0.4950522314829744,0.3390912115573883,0.3170722424983978,0.17200633883476257,0.3390911817550659,0.35,5,0,0,0,0,,,nan,0,0.856395423412323,2.549297332763672,21.923105239868164,0.8563950657844543,1.0,nan,0,0,0,0,0.0413003090064025,0.0,filtered,7.884730342834668e-07,0,0,12,,predictive_link_5,0,0,1,solved,osqp,0.0,valid,0.015168976326883937,0.320959188|0.293045788|0.234496831|0.0907196832|0.0533426245|0.0151689763,0.470959188|0.443045788|0.384496831|0.240719683|0.203342625|0.165168976,0.440959188|0.413045788|0.354496831|0.210719683|0.173342625|0.135168976,0|0|0|0|0|0,0|0|-0.231561957|-0.0906191326|-0.045503733|-0.0689998432,0.184556347|0.111025403|0.101631628|0.189771585|0.191768985|0.173262154,1.4683931|1.28320855|0.808056995|0.462031185|0.35963575|0.164938216,0.401138157|-0.330338538|0.526288331,0.0281558242|-0.228172243|0.0769688636,0.005570059642195702,0.0017173150554299355,0.0017629889771342278,0.002052703872323036
71,3.6,-0.4634117564193617,0.3179950416088104,0.31416139006614685,0.18008166551589966,0.3179951310157776,0.35,5,0,0,0,0,,,nan,0,0.8774206042289734,2.0427935123443604,33.803672790527344,0.8774200677871704,1.0,nan,0,0,0,0,0.0413003090064025,0.0,filtered,1.001341129966691e-06,0,0,12,,predictive_link_5,0,0,1,solved,osqp,0.0,valid,0.02200632919501358,0.330353104|0.295372053|0.225946385|0.0967204458|0.061643512|0.0220063292,0.480353104|0.445372053|0.375946385|0.246720446|0.211643512|0.172006329,0.450353104|0.415372053|0.345946385|0.216720446|0.181643512|0.142006329,0|0|0|0|0|0,0|0|-0.229323213|-0.0812789228|-0.0346918384|-0.0553542252,0.186468911|0.108937023|0.104147861|0.196841991|0.198696044|0.181816886,1.50788133|1.29042524|0.77861019|0.502444852|0.410578253|0.214487978,0.40254578|-0.341747224|0.530137122,0.0281558242|-0.228172243|0.0769688636,0.00529086496680975,0.0015912093222141266,0.001706746406853199,0.001959403045475483
72,3.6500000000000004,-0.4332551200765608,0.29668116569519043,0.31098005175590515,0.18883267045021057,0.29668113589286804,0.35,5,0,0,0,0,,,nan,0,0.9072264432907104,2.0514843463897705,29.157745361328125,0.9072256684303284,1.0,nan,0,0,0,0,0.0413003090064025,0.0,filtered,1.0307277943966092e-06,0,0,12,,predictive_link_5,0,0,1,solved,osqp,0.0,valid,0.030081690244689513,0.339818287|0.297919453|0.218147764|0.103513638|0.0708161899|0.0300816902,0.489818287|0.447919453|0.368147764|0.253513638|0.22081619|0.18008169,0.459818287|0.417919453|0.338147764|0.223513638|0.19081619|0.15008169,0|0|0|0|0|0,0|0|-0.226922823|-0.0824263132|-0.0358361753|-0.0518435148,0.188301276|0.107228884|0.109007599|0.203276244|0.204801949|0.18998209,1.54757442|1.2989067|0.754675833|0.534904482|0.452230533|0.258465336,0.403953403|-0.353155911|0.533985913,0.0281558242|-0.228172243|0.0769688636,0.005257003009319305,0.0015731537714600563,0.0017253998667001724,0.0019236570224165916
73,3.7,-0.41815607839895685,0.2749980688095093,0.30835554003715515,0.19844257831573486,0.27499809861183167,0.35,5,0,0,0,0,,,nan,0,0.9082162976264954,1.5262451171875,29.242677688598633,0.9082158207893372,1.0,nan,0,0,0,0,0.0413003090064025,0.0,filtered,8.114433784938885e-07,0,0,12,,predictive_link_5,0,0,1,solved,osqp,0.0,valid,0.03883266796814713,0.349339301|0.301056966|0.211398125|0.110491773|0.0801991542|0.038832668,0.499339301|0.451056966|0.361398125|0.260491773|0.230199154|0.188832668,0.469339301|0.421056966|0.331398125|0.230491773|0.200199154|0.158832668,0|0|0|0|0|0,0|0|-0.224453839|-0.0775556836|-0.0315954536|-0.0420712118,0.190059331|0.107064998|0.114077114|0.209005689|0.20998946|0.196796531,1.58741653|1.31129286|0.735215776|0.573417098|0.499190623|0.310055992,0.405361027|-0.364564598|0.537834704,0.0281558242|-0.228172243|0.0769688636,0.0052227722480893135,0.0015612384304404259,0.001655525527894497,0.0019721565768122673
74,3.75,-0.4189151637500982,0.2529166638851166,0.3070816099643707,0.20909029245376587,0.25291669368743896,0.35,5,0,0,0,0,,,nan,0,0.8731778264045715,1.819370150566101,30.274364471435547,0.8731774091720581,1.0,nan,0,0,0,0,0.0413003090064025,0.0,filtered,7.167711638955447e-07,0,0,12,,predictive_link_5,0,0,1,solved,osqp,0.0,valid,0.04844258978195096,0.358916338|0.304992224|0.205618579|0.117874431|0.089930578|0.0484425898,0.508916338|0.454992224|0.355618579|0.267874431|0.239930578|0.19844259,0.478916338|0.424992224|0.325618579|0.237874431|0.209930578|0.16844259,0|0|0|0|0|0,0|0|-0.219869593|-0.0643906845|-0.0202366551|-0.0250024368,0.191746504|0.110838994|0.119288171|0.213785589|0.214045644|0.201988895,1.62741185|1.33080789|0.721892894|0.620892629|0.553531301|0.370756817,0.40676865|-0.375973284|0.541683495,0.0281558242|-0.228172243|0.0769688636,0.005552062764763832,0.0017503602430224419,0.0017596399411559105,0.0020043356344103813
75,3.8000000000000003,-0.41977659143802615,0.23133449256420135,0.30705857276916504,0.2204984426498413,0.23133450746536255,0.35,5,0,0,0,0,,,nan,0,0.8473379015922546,1.693617820739746,14.320001602172852,0.8473374843597412,1.0,nan,0,0,0,0,0.0413003090064025,0.0,filtered,6.690207012114378e-07,0,0,12,,predictive_link_5,0,0,1,solved,osqp,0.0,valid,0.059090291117465804,0.368555406|0.3096216|0.200711057|0.125994954|0.100239859|0.0590902911,0.518555406|0.4596216|0.350711057|0.275994954|0.250239859|0.209090291,0.488555406|0.4296216|0.320711057|0.245994954|0.220239859|0.179090291,0|0|0|0|0|0,0|0|-0.217014109|-0.0533749618|-0.0113390125|-0.0115885914,0.193365071|0.11451983|0.124583446|0.217459438|0.216902939|0.205526279,1.6675867|1.35300623|0.710413563|0.668064293|0.606523365|0.430298852,0.408176273|-0.387381971|0.545532286,0.0281558242|-0.228172243|0.0769688636,0.0052871620282530785,0.0015910603106021881,0.0016449904069304466,0.0020135659724473953
76,3.85,-0.42201151285278937,0.210392028093338,0.30824702978134155,0.23271280527114868,0.21039201319217682,0.35,5,0,0,0,0,,,nan,0,0.8298833966255188,1.3956925868988037,12.632779121398926,0.8298829793930054,1.0,nan,0,0,0,0,0.0413003090064025,0.0,filtered,6.055707703845546e-07,0,0,12,,predictive_link_5,0,0,1,solved,osqp,0.0,valid,0.07049845254955397,0.378258612|0.314810657|0.196489447|0.134717212|0.110986138|0.0704984525,0.528258612|0.464810657|0.346489447|0.284717212|0.260986138|0.220498453,0.498258612|0.434810657|0.316489447|0.254717212|0.230986138|0.190498453,0|0|0|0|0|0,0|0|-0.210712214|-0.039352945|0.000702910451|0.00384286423,0.194917647|0.118100405|0.129924778|0.220195827|0.218812604|0.20779053,1.70795209|1.37734303|0.705170353|0.71971173|0.663460067|0.493627204,0.409583896|-0.398790658|0.549381077,0.0281558242|-0.228172243|0.0769688636,0.005272543057799339,0.0015957551077008247,0.0017230501398444176,0.0019207224249839783
77,3.9000000000000004,-0.42564025146705975,0.19070926308631897,0.31057220697402954,0.24544966220855713,0.19070927798748016,0.35,5,0,0,0,0,,,nan,0,0.8145764470100403,1.294632911682129,11.388208389282227,0.8145761489868164,1.0,nan,0,0,0,0,0.0413003090064025,0.0,filtered,4.6000592545427144e-07,0,0,12,,predictive_link_5,0,0,1,solved,osqp,0.0,valid,0.08271279275321711,0.388031413|0.320362274|0.192949528|0.144180489|0.1222993|0.0827127928,0.538031413|0.470362274|0.342949528|0.294180489|0.2722993|0.232712793,0.508031413|0.440362274|0.312949528|0.264180489|0.2422993|0.202712793,0|0|0|0|0|0,0|0|-0.199768676|-0.0277463765|0.00908659535|0.0149371339,0.196406205|0.12158186|0.135269939|0.22216553|0.220001015|0.209116078,1.74853186|1.40303096|0.707299376|0.771141108|0.718284809|0.554904383,0.41099152|-0.410199344|0.553229868,0.0281558242|-0.228172243|0.0769688636,0.005737002938985825,0.0016286075115203857,0.0016488153487443924,0.0024046404287219048
78,3.95,-0.4291474726193167,0.1727803349494934,0.31385672092437744,0.2583599388599396,0.1727803349494934,0.35,5,0,0,0,0,,,nan,0,0.8015143871307373,1.5290651321411133,7.831534385681152,0.801514208316803,1.0,nan,0,0,0,0,0.0413003090064025,0.0,filtered,2.7815279412874425e-07,0,0,12,,predictive_link_5,0,0,1,solved,osqp,0.0,valid,0.0954496487082975,0.397872974|0.326231501|0.19028053|0.154226001|0.133976577|0.0954496487,0.547872974|0.476231501|0.34028053|0.304226001|0.283976577|0.245449649,0.517872974|0.446231501|0.31028053|0.274226001|0.253976577|0.215449649,0|0|0|0|0|0,0|0|-0.184400494|-0.0199564189|0.0122309049|0.0199461909,0.197833504|0.1249635|0.140559681|0.223511041|0.220642619|0.209753591,1.7893254|1.4298895|0.717281306|0.820458625|0.768779832|0.611498376,0.412399143|-0.421608031|0.55707866,0.0281558242|-0.228172243|0.0769688636,0.005272728390991688,0.0015736352652311325,0.0016231462359428406,0.002039124257862568
79,4.0,-0.43526009346306077,0.15673887729644775,0.31807026267051697,0.27122053503990173,0.15673886239528656,0.35,5,0,0,0,0,,,nan,0,0.8058331608772278,1.8441277742385864,8.723974227905273,0.8058329224586487,1.0,nan,0,0,0,0,0.0413003090064025,0.0,filtered,3.1292109650818184e-07,0,0,12,,predictive_link_5,0,0,1,solved,osqp,0.0,valid,0.10835993248841183,0.407781473|0.332397835|0.18868176|0.164629281|0.145745622|0.108359932,0.557781473|0.482397835|0.33868176|0.314629281|0.295745622|0.258359932,0.527781473|0.452397835|0.30868176|0.284629281|0.265745622|0.228359932,0|0|0|0|0|0,0|0|-0.167384732|-0.0153107834|0.0114673042|0.0204220815,0.199202322|0.128244854|0.145727929|0.224366447|0.22090697|0.209939689,1.83032822|1.45783619|0.733070235|0.867572789|0.815356762|0.663801501,0.413806766|-0.433016717|0.560927451,0.0281558242|-0.228172243|0.0769688636,0.005275513976812363,0.001621709205210209,0.0015872744843363762,0.0020003244280815125
80,4.05,-0.44343364330237023,0.14287161827087402,0.3231469392776489,0.2835698127746582,0.14287163317203522,0.35,5,0,0,0,0,,,nan,0,0.826945424079895,1.8274500370025635,10.838558197021484,0.8269450068473816,1.0,nan,0,0,0,0,0.0413003090064025,0.0,filtered,5.511045275580037e-07,0,0,12,,predictive_link_5,0,0,1,solved,osqp,0.0,valid,0.12122054249354244,0.417756131|0.338809315|0.188193115|0.175219888|0.157411846|0.121220542,0.567756131|0.488809315|0.338193115|0.325219888|0.307411846|0.271220542,0.537756131|0.458809315|0.308193115|0.295219888|0.277411846|0.241220542,0|0|0|0|0|0,0|0|-0.151551558|-0.0187121048|0.00184311514|0.0119891462,0.200515175|0.131428037|0.150731693|0.224841141|0.220913277|0.2098271,1.8715397|1.4866653|0.751952596|0.907008589|0.852403775|0.706698416,0.41521439|-0.444425404|0.564776242,0.0281558242|-0.228172243|0.0769688636,0.005370483733713627,0.0016903169453144073,0.0017063925042748451,0.0019387491047382355
81,4.1000000000000005,-0.44593784303615003,0.13130156695842743,0.32861730456352234,0.294944703578949,0.13130155205726624,0.35,5,0,0,0,0,,,nan,0,0.8335423469543457,1.3821548223495483,22.54806137084961,0.8335418701171875,1.0,nan,0,0,0,0,0.0413003090064025,0.0,filtered,5.406448369652634e-07,0,0,12,,predictive_link_5,0,0,1,solved,osqp,0.0,valid,0.13356981285341496,0.427790945|0.345533509|0.188827122|0.185576144|0.168551582|0.133569813,0.577790945|0.495533509|0.338827122|0.335576144|0.318551582|0.283569813,0.547790945|0.465533509|0.308827122|0.305576144|0.288551582|0.253569813,0|0|0|0|0|0,0|0|-0.137150502|-0.0306454733|-0.016098336|-0.0050332773,0.201775179|0.134509006|0.155524902|0.225027817|0.22072699|0.209490922,1.91293896|1.51664304|0.773682888|0.93668692|0.878834981|0.738736896,0.416622013|-0.455834091|0.568625033,0.0281558242|-0.228172243|0.0769688636,0.005283970385789871,0.0016055861487984657,0.0016594668850302696,0.0019833147525787354
82,4.15,-0.4446364121637615,0.1214844211935997,0.33415883779525757,0.305521160364151,0.1214844211935997,0.35,5,0,0,0,0,,,nan,0,0.8254967331886292,0.8951818346977234,13.782916069030762,0.82549649477005,1.0,nan,0,0,0,0,0.0413003090064025,0.0,filtered,2.929174323559847e-07,0,0,12,,predictive_link_5,0,0,1,solved,osqp,0.0,valid,0.14494470059254938,0.43787742|0.352701609|0.190632131|0.1952583|0.178774077|0.144944701,0.58787742|0.502701609|0.340632131|0.3452583|0.328774077|0.294944701,0.55787742|0.472701609|0.310632131|0.3152583|0.298774077|0.264944701,0|0|0|0|0|0,0|0|-0.124153002|-0.040227342|-0.030106147|-0.0186466638,0.202985642|0.137479125|0.160041182|0.225062167|0.220443144|0.209049375,1.95449532|1.54828556|0.798416704|0.965868024|0.905433304|0.770181513,0.418029636|-0.467242777|0.572473824,0.0281558242|-0.228172243|0.0769688636,0.005320108495652676,0.0015423176810145378,0.0016627125442028046,0.0020817043259739876
83,4.2,-0.44555539871892763,0.11289272457361221,0.33980506658554077,0.31561002135276794,0.11289272457361221,0.35,5,0,0,0,0,,,nan,0,0.8158007264137268,0.9776981472969055,10.43589973449707,0.815800666809082,1.0,nan,0,0,0,0,0.0413003090064025,0.0,filtered,2.0371178011563976e-07,0,0,12,,workspace_x_upper,0,0,1,solved,osqp,0.0,valid,0.15552115884879558,0.448016281|0.360227211|0.19345566|0.204398981|0.188283489|0.155521159,0.598016281|0.510227211|0.34345566|0.354398981|0.338283489|0.305521159,0.568016281|0.480227211|0.31345566|0.324398981|0.308283489|0.275521159,0|0|0|0|0|0,0|0|-0.111076079|-0.0450507776|-0.0378322349|-0.0262334992,0.20414849|0.140343278|0.164276625|0.225220733|0.220149749|0.208620957,1.99621361|1.58125212|0.827023187|0.997765879|0.935451468|0.804472093,0.419437259|-0.478651464|0.576322615,0.0281558242|-0.228172243|0.0769688636,0.004874357022345066,0.0013979515060782433,0.0015328284353017807,0.0019102999940514565
84,4.25,-0.44928810319455187,0.10545691847801208,0.3456261456012726,0.3250834047794342,0.10545692592859268,0.35,5,0,0,0,0,,,nan,0,0.8071677684783936,1.1700315475463867,10.500284194946289,0.8071675896644592,1.0,nan,0,0,0,0,0.0413003090064025,0.0,filtered,3.149528225691405e-07,0,0,12,,workspace_x_upper,0,0,1,solved,osqp,0.0,valid,0.16561001022492505,0.458211432|0.367953613|0.197153992|0.213292016|0.197396397|0.16561001,0.608211432|0.517953613|0.347153992|0.363292016|0.347396397|0.31561001,0.578211432|0.487953613|0.317153992|0.333292016|0.317396397|0.28561001,0|0|0|0|0|0,0|0|-0.0966874289|-0.0501837549|-0.0469575563|-0.0353587914,0.205265164|0.14311266|0.168253463|0.225330129|0.219880913|0.208253897,2.03811089|1.61492711|0.860182003|1.02831444|0.962508946|0.835335147,0.420844883|-0.490060151|0.580171406,0.0281558242|-0.228172243|0.0769688636,0.00521247461438179,0.001603865996003151,0.00158633291721344,0.0019877376034855843
85,4.3,-0.4525453406543377,0.0991092175245285,0.3515259623527527,0.33380791544914246,0.0991092249751091,0.35,5,0,0,0,0,,,nan,0,0.8053514957427979,0.9920543432235718,9.275657653808594,0.8053512573242188,1.0,nan,0,0,0,0,0.0413003090064025,0.0,filtered,3.4510437861435775e-07,0,0,12,,workspace_x_upper,0,0,1,solved,osqp,0.0,valid,0.17508339263112205,0.468461123|0.37586611|0.201768953|0.221926194|0.206048886|0.175083393,0.618461123|0.52586611|0.351768953|0.371926194|0.356048886|0.325083393,0.588461123|0.49586611|0.321768953|0.341926194|0.326048886|0.295083393,0|0|0|0|0|0,0|0|-0.0860126097|-0.0551713838|-0.0554706326|-0.0457042609,0.206337769|0.14579004|0.171954019|0.225286764|0.219637936|0.209399388,2.08018226|1.64925448|0.893017221|1.05782016|0.988362848|0.864028698,0.422252506|-0.501468778|0.584020197,0.0281558242|-0.228172243|0.0769688636,0.004720922559499741,0.001521935686469078,0.0013380786404013634,0.00182279571890831
86,4.3500000000000005,-0.4570995894239895,0.09352393448352814,0.3575191795825958,0.34204697608947754,0.09352393448352814,0.35,5,0,0,0,0,,,nan,0,0.808881938457489,0.7603766322135925,5.952563285827637,0.8088816404342651,1.0,nan,0,0,0,0,0.0413003090064025,0.0,filtered,4.29601991279573e-07,0,0,12,,workspace_x_upper,0,0,1,solved,osqp,0.0,valid,0.1838079138583697,0.478762529|0.383960399|0.207112839|0.230297244|0.214276508|0.183807914,0.628762529|0.533960399|0.357112839|0.380297244|0.364276508|0.333807914,0.598762529|0.503960399|0.327112839|0.350297244|0.334276508|0.303807914,0|0|0|0|0|0,0|0|-0.0795828278|-0.0569046953|-0.0594079117|-0.0529169916,0.20736841|0.148377418|0.175405132|0.225120646|0.219426287|0.211771855,2.12241853|1.68421901|0.92427366|1.08940493|1.01712441|0.894086518,0.423660129|-0.512877107|0.587868989,0.0281558242|-0.228172243|0.0769688636,0.005311984568834305,0.001606007106602192,0.0016584312543272972,0.0020131906494498253
87,4.4,-0.46276085151493085,0.08849053084850311,0.36361929774284363,0.3499899208545685,0.08849053084850311,0.35,5,0,0,0,0,,,nan,0,0.8119900822639465,0.5496035218238831,6.283400058746338,0.8119897842407227,1.0,nan,0,0,0,0,0.0413003090064025,0.0,filtered,4.380386760270933e-07,0,0,12,,workspace_x_upper,0,0,1,solved,osqp,0.0,valid,0.1920469736963113,0.489115505|0.392177347|0.212924541|0.238563953|0.222310652|0.192046974,0.639115505|0.542177347|0.362924541|0.388563953|0.372310652|0.342046974,0.609115505|0.512177347|0.332924541|0.358563953|0.342310652|0.312046974,0|0|0|0|0|0,0|0|-0.074260265|-0.0563559564|-0.0604227816|-0.0570679784,0.20835888|0.150880975|0.178659415|0.2248733|0.219236955|0.21398348,2.1648209|1.71959036|0.956097314|1.12277316|1.04805678|0.925103396,0.425067753|-0.524285436|0.59171778,0.0281558242|-0.228172243|0.0769688636,0.005034084431827068,0.0014894306659698486,0.0015969136729836464,0.001913018524646759
88,4.45,-0.46759998424410043,0.08401553332805634,0.3697391152381897,0.3575221598148346,0.08401553332805634,0.35,5,0,0,0,0,,,nan,0,0.8158774375915527,0.3702611029148102,4.771037578582764,0.8158771395683289,1.0,nan,0,0,0,0,0.0413003090064025,0.0,filtered,4.4767030176368556e-07,0,0,12,,workspace_x_upper,0,0,1,solved,osqp,0.0,valid,0.19998991855726045,0.499519376|0.400477892|0.21910983|0.246836032|0.23029894|0.199989919,0.649519376|0.550477892|0.36910983|0.396836032|0.38029894|0.349989919,0.619519376|0.520477892|0.33910983|0.366836032|0.35029894|0.319989919,0|0|0|0|0|0,0|0|-0.069758868|-0.0586922043|-0.0643113307|-0.0639521109,0.209310905|0.153305663|0.181739009|0.224569279|0.219069309|0.21606555,2.20738841|1.75521723|0.988419461|1.1532212|1.07595374|0.952073113,0.426475376|-0.535693765|0.595566571,0.0281558242|-0.228172243|0.0769688636,0.0050661638379096985,0.001514309085905552,0.0016240542754530907,0.0018926747143268585
89,4.5,-0.4723766159765598,0.08002271503210068,0.3758409321308136,0.36466673016548157,0.08002272248268127,0.35,5,0,0,0,0,,,nan,0,0.8184999823570251,0.2895573675632477,1.9585540294647217,0.8184996843338013,1.0,nan,0,0,0,0,0.0413003090064025,0.0,filtered,5.022101279086025e-07,0,0,12,,workspace_x_upper,0,0,1,solved,osqp,0.0,valid,0.20752216872627138,0.50996949|0.408922855|0.225676967|0.254958374|0.238099164|0.207522169,0.65996949|0.558922855|0.375676967|0.404958374|0.388099164|0.357522169,0.62996949|0.528922855|0.345676967|0.374958374|0.358099164|0.327522169,0|0|0|0|0|0,0|0|-0.0661015601|-0.0615703252|-0.0684360321|-0.0707798809,0.210226591|0.155649255|0.184635049|0.224366629|0.218923666|0.218013194,2.25010455|1.79134067|1.02124136|1.1826298|1.10288429|0.977321988,0.427882999|-0.547102094|0.599415362,0.0281558242|-0.228172243|0.0769688636,0.0049852970987558365,0.0014803539961576462,0.0016069840639829636,0.0018646884709596634
90,4.55,-0.47742902828621486,0.07641971111297607,0.38191261887550354,0.37150055170059204,0.07641970366239548,0.35,5,0,0,0,0,,,nan,0,0.8190933465957642,0.21116003394126892,2.7401387691497803,0.8190929889678955,1.0,nan,0,0,0,0,0.0413003090064025,0.0,filtered,5.2009682694041e-07,0,0,12,,workspace_x_upper,0,0,1,solved,osqp,0.0,valid,0.21466672719023938,0.520463385|0.417522258|0.232588067|0.262919536|0.245700696|0.214666727,0.670463385|0.567522258|0.382588067|0.412919536|0.395700696|0.364666727,0.640463385|0.537522258|0.352588067|0.382919536|0.365700696|0.334666727,0|0|0|0|0|0,0|0|-0.0639887802|-0.0641554452|-0.0718344361|-0.0764269333,0.211107693|0.157913102|0.187354959|0.224263208|0.218799603|0.219817092,2.29296123|1.82800213|1.05371845|1.21178591|1.12976795|1.00205707,0.429290622|-0.558510423|0.603264153,0.0281558242|-0.228172243|0.0769688636,0.005196942947804928,0.001577664166688919,0.0016410136595368385,0.0019462238997220993
91,4.6000000000000005,-0.4827423999481807,0.0731324553489685,0.38794615864753723,0.37809428572654724,0.0731324553489685,0.35,5,0,0,0,0,,,nan,0,0.8194547891616821,0.13359206914901733,2.87630558013916,0.8194544911384583,1.0,nan,0,0,0,0,0.0413003090064025,0.0,filtered,4.962131844251014e-07,0,0,12,,workspace_x_upper,0,0,1,solved,osqp,0.0,valid,0.22150055586898276,0.530999167|0.426272391|0.239760478|0.270738519|0.253140044|0.221500556,0.680999167|0.576272391|0.389760478|0.420738519|0.403140044|0.371500556,0.650999167|0.546272391|0.359760478|0.390738519|0.373140044|0.341500556,0|0|0|0|0|0,0|0|-0.0633638665|-0.0664055721|-0.0744945558|-0.0808263661,0.211955817|0.160099508|0.189917505|0.224173602|0.218692154|0.221468063,2.33595249|1.86518907|1.08559555|1.24072211|1.15675777|1.02664392,0.430698246|-0.569918752|0.607112944,0.0281558242|-0.228172243|0.0769688636,0.005167810246348381,0.0015813382342457771,0.0015772609040141106,0.0019749877974390984
92,4.65,-0.4884928035244229,0.07011225819587708,0.39394569396972656,0.3844893276691437,0.07011224329471588,0.35,5,0,0,0,0,,,nan,0,0.8209302425384521,0.1577952653169632,2.072519540786743,0.8209299445152283,1.0,nan,0,0,0,0,0.0413003090064025,0.0,filtered,4.517972402738147e-07,0,0,12,,workspace_x_upper,0,0,1,solved,osqp,0.0,valid,0.22809428456852354,0.541575103|0.435167589|0.247114236|0.278432824|0.260454231|0.228094285,0.691575103|0.585167589|0.397114236|0.428432824|0.410454231|0.378094285,0.661575103|0.555167589|0.367114236|0.398432824|0.380454231|0.348094285,0|0|0|0|0|0,0|0|-0.0639369693|-0.0686197362|-0.0768582639|-0.0845098027,0.212772477|0.162210931|0.192341588|0.224098793|0.218597718|0.222978885,2.37907289|1.90288129|1.11686156|1.26921035|1.18355638|1.05084622,0.432105869|-0.581327081|0.610961735,0.0281558242|-0.228172243|0.0769688636,0.005270285531878471,0.0015957541763782501,0.001683768816292286,0.0019568707793951035
93,4.7,-0.49479207717126994,0.06729518622159958,0.3999241590499878,0.39077797532081604,0.06729517877101898,0.35,5,0,0,0,0,,,nan,0,0.8242332339286804,0.24194051325321198,2.0764338970184326,0.8242329359054565,1.0,nan,0,0,0,0,0.0413003090064025,0.0,filtered,4.0741414074895553e-07,0,0,12,,workspace_x_upper,0,0,1,solved,osqp,0.0,valid,0.2344893022632496,0.552189483|0.444204588|0.254585997|0.286004754|0.267658764|0.234489302,0.702189483|0.594204588|0.404585997|0.436004754|0.417658764|0.384489302,0.672189483|0.564204588|0.374585997|0.406004754|0.387658764|0.354489302,0|0|0|0|0|0,0|0|-0.0660157939|-0.0711860955|-0.0793405414|-0.0877958571,0.213559115|0.164249672|0.194643017|0.224037554|0.218511965|0.224245484,2.42231705|1.94106802|1.14697121|1.29687048|1.20980648|1.07440684,0.433513492|-0.59273541|0.614810526,0.0281558242|-0.228172243|0.0769688636,0.005363566800951958,0.0016704723238945007,0.0017116693779826164,0.0019484562799334526
94,4.75,-0.5015272307624321,0.06465001404285431,0.405889630317688,0.3969988524913788,0.06465000659227371,0.35,5,0,0,0,0,,,nan,0,0.8276392817497253,0.24392420053482056,1.1036969423294067,0.827639102935791,1.0,nan,0,0,0,0,0.0413003090064025,0.0,filtered,3.4482706044612815e-07,0,0,12,,workspace_x_upper,0,0,1,solved,osqp,0.0,valid,0.24077797302916404,0.562840409|0.453385464|0.262103446|0.293435685|0.27474793|0.240777973,0.712840409|0.603385464|0.412103446|0.443435685|0.42474793|0.390777973,0.682840409|0.573385464|0.382103446|0.413435685|0.39474793|0.360777973,0|0|0|0|0|0,0|0|-0.0675477729|-0.0739948854|-0.0822669576|-0.0895285543,0.214317126|0.16621758|0.196838276|0.223986493|0.218427497|0.224073829,2.46567876|1.97975943|1.17770429|1.32373435|1.23515226|1.09765717,0.434921116|-0.604143739|0.618659317,0.0281558242|-0.228172243|0.0769688636,0.005199904553592205,0.00160945113748312,0.0015982426702976227,0.0019559143111109734
95,4.800000000000001,-0.5083035335162845,0.06216265633702278,0.41183003783226013,0.4031582772731781,0.062162648886442184,0.35,5,0,0,0,0,,,nan,0,0.8305518627166748,0.23625823855400085,0.41770222783088684,0.8305517435073853,1.0,nan,0,0,0,0,0.0413003090064025,0.0,filtered,2.8148066721224283e-07,0,0,12,,workspace_x_upper,0,0,1,solved,osqp,0.0,valid,0.2469988340498882,0.573526493|0.462708259|0.269688166|0.300713679|0.281701112|0.246998834,0.723526493|0.612708259|0.419688166|0.450713679|0.431701112|0.396998834,0.693526493|0.582708259|0.389688166|0.420713679|0.401701112|0.366998834,0|0|0|0|0|0,0|0|-0.069122543|-0.0767470166|-0.0851107736|-0.09116127,0.215047784|0.168116937|0.198926917|0.22394523|0.218345873|0.223894869,2.50915376|2.01894997|1.20855704|1.35005293|1.26003955|1.12072894,0.436328739|-0.615552068|0.622508109,0.0281558242|-0.228172243|0.0769688636,0.005160204134881496,0.0015482297167181969,0.0016410723328590393,0.0019387351348996162
96,4.8500000000000005,-0.5149039509156228,0.05981658399105072,0.41772422194480896,0.4092726409435272,0.05981659144163132,0.35,5,0,0,0,0,,,nan,0,0.8333643078804016,0.22364480793476105,1.1872258186340332,0.8333641290664673,1.0,nan,0,0,0,0,0.0413003090064025,0.0,filtered,2.6842249003595903e-07,0,0,12,,workspace_x_upper,0,0,1,solved,osqp,0.0,valid,0.2531582560370046,0.584246472|0.472167298|0.277330675|0.307842454|0.288522723|0.253158256,0.734246472|0.622167298|0.427330675|0.457842454|0.438522723|0.403158256,0.704246472|0.592167298|0.397330675|0.427842454|0.408522723|0.373158256,0|0|0|0|0|0,0|0|-0.0709680973|-0.079334022|-0.0876572848|-0.0924422128,0.215752295|0.169950183|0.200914342|0.223914935|0.218269312|0.22371231,2.55273819|2.05861937|1.23926894|1.37595073|1.28470292|1.14390312,0.437736362|-0.626960397|0.6263569,0.0281558242|-0.228172243|0.0769688636,0.005280967801809311,0.0016015460714697838,0.001655437983572483,0.0019912105053663254
97,4.9,-0.5215244806777533,0.05760178342461586,0.4235634505748749,0.4153456389904022,0.05760178342461586,0.35,5,0,0,0,0,,,nan,0,0.8369179368019104,0.21420985460281372,0.8663851022720337,0.8369177579879761,1.0,nan,0,0,0,0,0.0413003090064025,0.0,filtered,2.6060279274954015e-07,0,0,12,,workspace_x_upper,0,0,1,solved,osqp,0.0,valid,0.25927262876342705,0.594999178|0.481755562|0.285009655|0.314832001|0.295227927|0.259272629,0.744999178|0.631755562|0.435009655|0.464832001|0.445227927|0.409272629,0.714999178|0.601755562|0.405009655|0.434832001|0.415227927|0.379272629,0|0|0|0|0|0,0|0|-0.0727435072|-0.0818535964|-0.090117312|-0.0936381316,0.216431799|0.171719914|0.202808091|0.223897328|0.218200539|0.223529885,2.59642851|2.09874216|1.27010321|1.40137174|1.30899494|1.16698227,0.439143986|-0.638368726|0.630205691,0.0281558242|-0.228172243|0.0769688636,0.0052129849791526794,0.001620379276573658,0.0016503296792507172,0.0019058063626289368
98,4.95,-0.5283154913431352,0.05551131069660187,0.4293479323387146,0.4213741719722748,0.05551130697131157,0.35,5,0,0,0,0,,,nan,0,0.8410640954971313,0.20530197024345398,0.34998947381973267,0.841063916683197,1.0,nan,0,0,0,0,0.0413003090064025,0.0,filtered,2.55837736453017e-07,0,0,12,,workspace_x_upper,0,0,1,solved,osqp,0.0,valid,0.26534564699032603,0.605783501|0.491467225|0.292721566|0.321687431|0.301822001|0.265345647,0.755783501|0.641467225|0.442721566|0.471687431|0.451822001|0.415345647,0.725783501|0.611467225|0.412721566|0.441687431|0.421822001|0.385345647,0|0|0|0|0|0,0|0|-0.0743252918|-0.0843863073|-0.0926449991|-0.0949403638,0.217087379|0.173428511|0.20461234|0.223893103|0.21814167|0.22335105,2.64022138|2.13929741|1.30117331|1.42625652|1.33278467|1.18979327,0.440551609|-0.649777055|0.634054482,0.0281558242|-0.228172243|0.0769688636,0.005197026766836643,0.0015953322872519493,0.0016033276915550232,0.001963128335773945
99,5.0,-0.5352460804533627,0.05353680998086929,0.43507692217826843,0.42736056447029114,0.053536806255578995,0.35,5,0,0,0,0,,,nan,0,0.8454188108444214,0.18965590000152588,0.44738736748695374,0.8454186916351318,1.0,nan,0,0,0,0,0.0413003090064025,0.0,filtered,2.5138548373269584e-07,0,0,12,,workspace_x_upper,0,0,1,solved,osqp,0.0,valid,0.27137413990574377,0.616598351|0.501297752|0.300469735|0.328409093|0.308302736|0.27137414,0.766598351|0.651297752|0.450469735|0.478409093|0.458302736|0.42137414,0.736598351|0.621297752|0.420469735|0.448409093|0.428302736|0.39137414,0|0|0|0|0|0,0|0|-0.0755810021|-0.0868171078|-0.0951356098|-0.0962405361,0.217720067|0.17507829|0.206329758|0.223901977|0.218093475|0.223178177,2.68411347|2.1802693|1.3326277|1.45072124|1.35616881|1.2124342,0.441959232|-0.661185384|0.637903273,0.0281558242|-0.228172243|0.0769688636,0.005100593902170658,0.0016103461384773254,0.0015053413808345795,0.0019515473395586014
100,5.050000000000001,-0.5422109686314173,0.05166125297546387,0.44074547290802,0.43333759903907776,0.051661256700754166,0.35,5,0,0,0,0,,,nan,0,0.8498213291168213,0.16305650770664215,1.0096580982208252,0.8498212099075317,1.0,nan,0,0,0,0,0.0413003090064025,0.0,filtered,2.496324465460368e-07,0,0,12,,workspace_x_upper,0,0,1,solved,osqp,0.0,valid,0.27736057885079735,0.627442758|0.51124162|0.308262645|0.335003266|0.314673253|0.277360579,0.777442758|0.66124162|0.458262645|0.485003266|0.464673253|0.427360579,0.747442758|0.63124162|0.428262645|0.455003266|0.434673253|0.397360579,0|0|0|0|0|0,0|0|-0.0762688103|-0.0885882369|-0.0969618927|-0.0968659189,0.218330837|0.176671583|0.20796225|0.223924023|0.218057244|0.223013926,2.72810187|2.22163806|1.36474402|1.47534885|1.37978836|1.23559032,0.443366855|-0.672593713|0.641752064,0.0281558242|-0.228172243|0.0769688636,0.005362735129892826,0.001631912775337696,0.001706242561340332,0.001990259625017643
101,5.1000000000000005,-0.5490538764287911,0.04987093433737755,0.4463420510292053,0.439334899187088,0.04987093806266785,0.35,5,0,0,0,0,,,nan,0,0.8539121150970459,0.1443217247724533,1.2103197574615479,0.8539119362831116,1.0,nan,0,0,0,0,0.0413003090064025,0.0,filtered,2.542680385278026e-07,0,0,12,,workspace_x_upper,0,0,1,solved,osqp,0.0,valid,0.2833375913971624,0.638316207|0.521283583|0.316112713|0.341506113|0.320968222|0.283337591,0.788316207|0.671283583|0.466112713|0.491506113|0.470968222|0.433337591,0.758316207|0.641283583|0.436112713|0.461506113|0.440968222|0.403337591,0|0|0|0|0|0,0|0|-0.0761958528|-0.0897496527|-0.0982154639|-0.0968861297,0.218920583|0.17821135|0.209512458|0.223960491|0.218036355|0.222861946,2.77218541|2.26334568|1.39776746|1.50023529|1.40369378|1.25932618,0.444774479|-0.684002042|0.645600855,0.0281558242|-0.228172243|0.0769688636,0.005172778852283955,0.0015832018107175827,0.0016636764630675316,0.0018915655091404915
102,5.15,-0.7556849175535015,0.24804235994815826,0.4518581032752991,0.4325436055660248,0.23699544370174408,0.35,5,0,0,0,0,,,nan,0,0.8578616380691528,0.1458144187927246,1.0337685346603394,0.8578614592552185,1.0,nan,0,0,0,0,0.0413003090064025,0.0,filtered,2.7298836864507416e-07,0,0,12,,workspace_x_upper,0,0,1,solved,osqp,0.0,valid,0.2893348931849914,0.649218161|0.531411676|0.324043607|0.347951012|0.32721843|0.289334893,0.799218161|0.681411676|0.474043607|0.497951012|0.47721843|0.439334893,0.769218161|0.651411676|0.444043607|0.467951012|0.44721843|0.409334893,0|0|0|0|0|0,0|0|-0.0756783746|-0.0908273993|-0.0994732058|-0.096887522,0.219490162|0.179700238|0.210980907|0.224013613|0.218035193|0.222726725,2.8163628|2.30534694|1.43147696|1.52499026|1.42743571|1.28317878,0.446182102|-0.695410371|0.649449646,0.0281558242|-0.228172243|0.0769688636,0.0054041799157857895,0.0016604755073785782,0.0017026755958795547,0.0020039621740579605
103,5.2,-0.653886584871765,0.17066112160682678,0.4553329050540924,0.4226866662502289,0.158842533826828,0.35,5,0,0,0,0,,,nan,0,0.6789882779121399,7.760748386383057,156.42015075683594,0.628329873085022,1.0,nan,0,0,0,0,0.0413003090064025,0.0,filtered,0.2058115435329272,0,0,12,joint_2_acceleration_upper|joint_3_acceleration_upper,workspace_x_upper,0,0,1,solved,osqp,0.0,valid,0.25116927585113114,0.633077517|0.528042184|0.30312019|0.309021911|0.28912843|0.251169276,0.783077517|0.678042184|0.45312019|0.459021911|0.43912843|0.401169276,0.753077517|0.648042184|0.42312019|0.429021911|0.40912843|0.371169276,0.15|0.15|0.15|0.15|0.15|0.15,0|0|-0.0864031396|0.00420485906|0.0228275568|0.0271751044,-0.110263094|-0.0399564225|-0.120024664|-0.213744102|-0.208659507|-0.206992667,2.42204697|2.07221231|1.00605296|1.0265484|0.970681771|0.824859541,0.447589725|-0.693345129|0.653298438,0.0281558242|0.228172243|0.0769688636,0.005294615402817726,0.0016556065529584885,0.0015379870310425758,0.0020678136497735977
104,5.25,-0.6068781263405643,0.15017899870872498,0.45730060338974,0.41752889752388,0.14513565599918365,0.35,5,0,0,0,0,,,nan,0,0.6823130249977112,5.507153511047363,118.86995697021484,0.6794576644897461,1.0,nan,0,0,0,0,0.0413003090064025,0.0,filtered,0.10007393694051078,0,0,12,joint_2_acceleration_upper,workspace_x_upper,0,0,1,solved,osqp,0.0,valid,0.24171366938611327,0.62762877|0.525840272|0.293086924|0.298719733|0.280037681|0.241713669,0.77762877|0.675840272|0.443086924|0.448719733|0.430037681|0.391713669,0.74762877|0.645840272|0.413086924|0.418719733|0.400037681|0.361713669,0.15|0.15|0.15|0.15|0.15|0.15,0|0|-0.0557167787|0.0832156793|0.114795077|0.124960456,-0.107758817|-0.0365389521|-0.116211946|-0.211340456|-0.205668779|-0.204113083,2.40275626|2.06682213|1.00041897|1.06675415|1.02927702|0.88770205,0.448997349|-0.6819368|0.657147229,0.0281558242|0.228172243|0.0769688636,0.0054387301206588745,0.0016470057889819145,0.0016936594620347023,0.0020649610087275505
105,5.300000000000001,-0.5556308782962949,0.1214548647403717,0.457939088344574,0.4154224097728729,0.11622107028961182,0.35,5,0,0,0,0,,,nan,0,0.6615393161773682,5.715651035308838,93.82698822021484,0.6603509783744812,1.0,nan,0,0,0,0,0.0413003090064025,0.0,filtered,0.01110665079521663,0,0,12,joint_1_acceleration_lower,workspace_x_upper,0,0,1,solved,osqp,0.0,valid,0.23705206611310758,0.62235757|0.522675173|0.283551379|0.292869087|0.275856245|0.237052066,0.77235757|0.672675173|0.433551379|0.442869087|0.425856245|0.387052066,0.74235757|0.642675173|0.403551379|0.412869087|0.395856245|0.357052066,0.15|0.15|0.15|0.15|0.15|0.15,0|0|0.00277346586|0.140700766|0.169732489|0.182846071,-0.105208342|-0.0330874436|-0.112649782|-0.20839997|-0.202040278|-0.200582488,2.38422194|2.05761325|1.0243292|1.10377714|1.07111719|0.930471847,0.450404972|-0.670528471|0.66099602,0.0281558242|0.228172243|0.0769688636,0.0053401971235871315,0.0015928344801068306,0.0016886284574866295,0.002022264525294304
106,5.3500000000000005,-0.552141805690967,0.10485131293535233,0.45928439497947693,0.41436657309532166,0.09947589784860611,0.35,5,0,0,0,0,,,nan,0,0.6980032920837402,3.4505977630615234,96.4341049194336,0.6980026960372925,1.0,nan,0,0,0,0,0.0413003090064025,0.0,filtered,8.549182171396101e-07,0,0,12,,workspace_x_upper,0,0,1,solved,osqp,0.0,valid,0.2352815437950171,0.617258041|0.51883094|0.276140028|0.290078954|0.274506986|0.235281544,0.767258041|0.66883094|0.426140028|0.440078954|0.424506986|0.385281544,0.737258041|0.63883094|0.396140028|0.410078954|0.394506986|0.355281544,0.15|0.15|0.15|0.15|0.15|0.15,0|0|0.0350017833|0.164146689|0.185859412|0.20085793,-0.102612185|-0.0296220542|-0.109374512|-0.20629368|-0.199502421|-0.198198753,2.36641998|2.04570171|1.03018738|1.11816883|1.08438494|0.943785352,0.451812595|-0.659120142|0.664844811,0.0281558242|0.228172243|0.0769688636,0.005169824697077274,0.0015946663916110992,0.0015443451702594757,0.0019980538636446
107,5.4,-0.5767589806576188,0.09986084699630737,0.46198582649230957,0.41110190749168396,0.09438224881887436,0.35,5,0,0,0,0,,,nan,0,0.7193036675453186,3.7557404041290283,71.15081787109375,0.719302773475647,1.0,nan,0,0,0,0,0.0413003090064025,0.0,filtered,1.0356619468626593e-06,0,0,12,,workspace_x_upper,0,0,1,solved,osqp,0.0,valid,0.2343345652241473,0.6123152|0.514644069|0.270003157|0.288432399|0.274028926|0.234334565,0.7623152|0.664644069|0.420003157|0.438432399|0.424028926|0.384334565,0.7323152|0.634644069|0.390003157|0.408432399|0.394028926|0.354334565,0.15|0.15|0.15|0.15|0.15|0.15,0|0|0.0330064057|0.12706303|0.137202876|0.151746483,-0.0999712107|-0.0261380032|-0.106232327|-0.20650289|-0.198461383|-0.197424632,2.34928959|2.03243827|1.00678671|1.07428973|1.0348572|0.891660112,0.453220218|-0.647711813|0.668693602,0.0281558242|0.228172243|0.0769688636,0.005180893465876579,0.001594681292772293,0.0015802271664142609,0.0019711246713995934
108,5.45,-0.5976138672902858,0.12709450721740723,0.46413907408714294,0.4047881066799164,0.11390488594770432,0.35,5,0,0,0,0,,,nan,0,0.6828258633613586,3.0178520679473877,93.60596466064453,0.6828254461288452,1.0,nan,0,0,0,0,0.0413003090064025,0.0,filtered,4.78705222316574e-07,0,0,12,,workspace_x_upper,0,0,1,solved,osqp,0.0,valid,0.2310443704679186,0.607485378|0.511108469|0.264423739|0.284675315|0.271174586|0.23104437,0.757485378|0.661108469|0.414423739|0.434675315|0.421174586|0.38104437,0.727485378|0.631108469|0.384423739|0.404675315|0.391174586|0.35104437,0.15|0.15|0.15|0.15|0.15|0.15,0|0|0.00634126457|0.0661810782|0.0752583676|0.089528478,-0.0972879627|-0.0226365635|-0.102814671|-0.20711157|-0.198263029|-0.197586695,2.33265355|2.02179731|0.961221549|0.997770769|0.961693682|0.816119265,0.454627842|-0.636303484|0.672542393,0.0281558242|0.228172243|0.0769688636,0.005096254870295525,0.0016626613214612007,0.0016360972076654434,0.0017650201916694641
109,5.5,-0.5755710565426955,0.1194586455821991,0.46531975269317627,0.4010392725467682,0.11379331350326538,0.35,5,0,0,0,0,,,nan,0,0.6723936200141907,4.2605767250061035,102.79319763183594,0.672393262386322,1.0,nan,0,0,0,0,0.0413003090064025,0.0,filtered,8.495358623771221e-07,0,0,12,,workspace_x_upper,0,0,1,solved,osqp,0.0,valid,0.22487435140659007,0.602739272|0.508896797|0.258725248|0.277748213|0.265334899|0.224874351,0.752739272|0.658896797|0.408725248|0.427748213|0.415334899|0.374874351,0.722739272|0.628896797|0.378725248|0.397748213|0.385334899|0.344874351,0.15|0.15|0.15|0.15|0.15|0.15,0|0|-0.00140274511|0.105136213|0.128712687|0.146557676,-0.094564516|-0.0191177814|-0.0988751538|-0.207048468|-0.196891904|-0.196534583,2.31639257|2.01646941|0.934623092|1.0090806|0.993160377|0.849520499,0.456035465|-0.624895155|0.676391184,0.0281558242|0.228172243|0.0769688636,0.005526172928512096,0.0016054809093475342,0.0017643328756093979,0.002119537442922592
110,5.550000000000001,-0.5682625417856573,0.11780243366956711,0.46619004011154175,0.3978801667690277,0.1120566800236702,0.35,5,0,0,0,0,,,nan,0,0.7049793601036072,1.134140968322754,76.7869644165039,0.7049789428710938,1.0,nan,0,0,0,0,0.0413003090064025,0.0,filtered,6.266149307467984e-07,0,0,12,,workspace_x_upper,0,0,1,solved,osqp,0.0,valid,0.22144918970410732,0.598149144|0.506400773|0.252431105|0.272723394|0.262258901|0.22144919,0.748149144|0.656400773|0.402431105|0.422723394|0.412258901|0.37144919,0.718149144|0.626400773|0.372431105|0.392723394|0.382258901|0.34144919,0.15|0.15|0.15|0.15|0.15|0.15,0|0|0.00403946516|0.111897776|0.136447809|0.156350989,-0.0917974094|-0.0155654704|-0.0949929869|-0.207125549|-0.194368585|-0.194225455,2.30079916|2.01003762|0.918770898|0.995665801|0.991114829|0.847922293,0.457443088|-0.613486826|0.680239975,0.0281558242|0.228172243|0.0769688636,0.005254940129816532,0.001587333157658577,0.0016924738883972168,0.0019416622817516327
111,5.6000000000000005,-0.5759563882307168,0.1149139553308487,0.4674936532974243,0.3958145081996918,0.10911146551370621,0.35,5,0,0,0,0,,,nan,0,0.7151565551757812,2.1834921836853027,49.63072204589844,0.715155839920044,1.0,nan,0,0,0,0,0.0413003090064025,0.0,filtered,1.032701325141681e-06,0,0,12,,workspace_x_upper,0,0,1,solved,osqp,0.0,valid,0.21862470628558817,0.593702512|0.504004759|0.246486737|0.267900975|0.259744937|0.218624706,0.743702512|0.654004759|0.396486737|0.417900975|0.409744937|0.368624706,0.713702512|0.624004759|0.366486737|0.387900975|0.379744937|0.338624706,0.15|0.15|0.15|0.15|0.15|0.15,0|0|0.01456336|0.132407865|0.153341466|0.174830703,-0.0889878353|-0.0119957171|-0.0910564805|-0.207269863|-0.191758376|-0.19184246,2.28582221|2.00402332|0.909453827|0.9967419|1.00056284|0.857487067,0.458850712|-0.602078497|0.684088767,0.0281558242|0.228172243|0.0769688636,0.0053701139986515045,0.0016546603292226791,0.0016986411064863205,0.0019824570044875145
112,5.65,-0.586048827911228,0.11362414807081223,0.4692603349685669,0.3932758867740631,0.1077977642416954,0.35,5,0,0,0,0,,,nan,0,0.7306838631629944,1.4624836444854736,33.36191177368164,0.7306828498840332,1.0,nan,0,0,0,0,0.0413003090064025,0.0,filtered,1.2940510161529896e-06,0,0,12,,workspace_x_upper,0,0,1,solved,osqp,0.0,valid,0.21682247020681178,0.589413818|0.501435068|0.240939847|0.263945579|0.258196025|0.21682247,0.739413818|0.651435068|0.390939847|0.413945579|0.408196025|0.36682247,0.709413818|0.621435068|0.360939847|0.383945579|0.378196025|0.33682247,0.15|0.15|0.15|0.15|0.15|0.15,0|0|0.0145676902|0.122984946|0.139233978|0.161511163,-0.0861355762|-0.00840802609|-0.0871785396|-0.207519036|-0.189620277|-0.189968772,2.27151969|1.99733224|0.89114854|0.971248227|0.982397799|0.838832272,0.460258335|-0.590670168|0.687937558,0.0281558242|0.228172243|0.0769688636,0.004999373108148575,0.0015233112499117851,0.0015290556475520134,0.0019122706726193428
113,5.7,-0.5871660190597505,0.11380593478679657,0.4709068238735199,0.3895415961742401,0.10799645632505417,0.35,5,0,0,0,0,,,nan,0,0.7531037926673889,1.472448468208313,40.313053131103516,0.7531025409698486,1.0,nan,0,0,0,0,0.0413003090064025,0.0,filtered,1.4775305098650414e-06,0,0,12,,workspace_x_upper,0,0,1,solved,osqp,0.0,valid,0.21451091108275766,0.585263405|0.499174906|0.235706692|0.259417373|0.256072833|0.214510911,0.735263405|0.649174906|0.385706692|0.409417373|0.406072833|0.364510911,0.705263405|0.619174906|0.355706692|0.379417373|0.376072833|0.334510911,0.15|0.15|0.15|0.15|0.15|0.15,0|0|0.00698316023|0.0954837649|0.111940274|0.135180629,-0.0832423783|-0.00480875814|-0.0831524004|-0.207681192|-0.187692277|-0.188348638,2.25781124|1.99189087|0.866657528|0.925472065|0.948539327|0.804875636,0.461665958|-0.579261839|0.691786349,0.0281558242|0.228172243|0.0769688636,0.004728666506707668,0.001412021927535534,0.0014495616778731346,0.001835111528635025
114,5.75,-0.589945261884214,0.1198776364326477,0.4722278416156769,0.38650980591773987,0.1141020730137825,0.35,5,0,0,0,0,,,nan,0,0.7828541994094849,1.7059814929962158,31.499853134155273,0.7828531265258789,1.0,nan,0,0,0,0,0.0413003090064025,0.0,filtered,1.5066366921363647e-06,0,0,12,,workspace_x_upper,0,0,1,solved,osqp,0.0,valid,0.2110506355465498,0.581238173|0.497557884|0.230709687|0.253462473|0.252744174|0.211050636,0.731238173|0.647557884|0.380709687|0.403462473|0.402744174|0.361050636,0.701238173|0.617557884|0.350709687|0.373462473|0.372744174|0.331050636,0.15|0.15|0.15|0.15|0.15|0.15,0|0|-0.000380844648|0.0975526282|0.123581582|0.149702282,-0.0803097622|-0.00120348605|-0.0788311886|-0.207685209|-0.185403691|-0.186388359,2.24464293|1.98902805|0.843626713|0.903717312|0.949154588|0.807516466,0.463073581|-0.56785351|0.69563514,0.0281558242|0.228172243|0.0769688636,0.005050898529589176,0.0015678899362683296,0.0015453333035111427,0.0019076606258749962
115,5.800000000000001,-0.5955164350502953,0.12274357676506042,0.47356680035591125,0.3821829855442047,0.11701522767543793,0.35,2,0,0,0,0,,,nan,0,0.8045551776885986,1.1856313943862915,33.24612045288086,0.8045551776885986,1.0,nan,0,0,0,0,0.0413003090064025,0.0,passthrough,4.984457291666212e-12,0,0,12,,workspace_x_upper,0,0,1,solved,osqp,0.0,valid,0.20840511807286444,0.57735758|0.49613511|0.22559884|0.247453265|0.250206113|0.208405118,0.72735758|0.64613511|0.37559884|0.397453265|0.400206113|0.358405118,0.69735758|0.61613511|0.34559884|0.367453265|0.370206113|0.328405118,0.15|0.116349166|0.15|0.15|0.15|0.15,0|0|0.00359785206|0.125311049|0.155168957|0.18483538,-0.0773374611|5.51289243e-18|-0.0743708303|-0.207725517|-0.182364397|-0.183640791,2.23209286|1.98454044|0.831622382|0.907398592|0.973629012|0.834815061,0.464481205|-0.556445181|0.699483931,0.0281558242|0.228172243|0.0769688636,0.0046393536031246185,0.0015285396948456764,0.0012984145432710648,0.0017809728160500526
116,5.8500000000000005,-0.5991340844198818,0.11654174327850342,0.4752596914768219,0.37705549597740173,0.11090396344661713,0.35,2,0,0,0,0,,,nan,0,0.7932320833206177,1.9410107135772705,48.08449172973633,0.7932320833206177,1.0,nan,0,0,0,0,0.0413003090064025,0.0,passthrough,6.0940141827521515e-12,0,0,12,,workspace_x_upper,0,0,1,solved,osqp,0.0,valid,0.207594328721188,0.573644207|0.494326006|0.220544874|0.242566387|0.249445599|0.207594329,0.723644207|0.644326006|0.370544874|0.392566387|0.399445599|0.357594329,0.693644207|0.614326006|0.340544874|0.362566387|0.369445599|0.327594329,0.15|0.0658942477|0.15|0.15|0.15|0.15,0|0|0.0129420833|0.13174495|0.150254917|0.180228418,-0.0743250972|9.79147091e-18|-0.0699858174|-0.207964094|-0.179241227|-0.180790744,2.22025173|1.97730402|0.825135761|0.894046402|0.968796084|0.829814988,0.465888828|-0.545036852|0.703332722,0.0281558242|0.228172243|0.0769688636,0.004705319181084633,0.0013638520613312721,0.0015276074409484863,0.001784234307706356
117,5.9,-0.5990632543330164,0.11233250796794891,0.47701114416122437,0.3723916709423065,0.10609325021505356,0.35,2,0,0,0,0,,,nan,0,0.8013470768928528,1.1195299625396729,36.185455322265625,0.8013470768928528,1.0,nan,0,0,0,0,0.0413003090064025,0.0,passthrough,5.11518848688458e-12,0,0,12,,workspace_x_upper,0,0,1,solved,osqp,0.0,valid,0.2067798347847315,0.570089688|0.492376414|0.216051047|0.237915036|0.24855871|0.206779835,0.720089688|0.642376414|0.366051047|0.387915036|0.39855871|0.356779835,0.690089688|0.612376414|0.336051047|0.357915036|0.36855871|0.326779835,0.15|0.0156032414|0.15|0.15|0.15|0.15,0|0|0.0127276541|0.110010206|0.121992476|0.152008134,-0.071274125|7.45970832e-18|-0.0656026155|-0.207671908|-0.176775302|-0.178646894,2.20908463|1.96950566|0.811329228|0.85399844|0.939452014|0.800480579,0.467296451|-0.533628523|0.707181513,0.0281558242|0.228172243|0.0769688636,0.004553551785647869,0.0012887734919786453,0.001493377611041069,0.0017433902248740196
118,5.95,-0.6118787119995921,0.12616495788097382,0.4785374104976654,0.367780476808548,0.11269877105951309,0.35,2,0,0,0,0,,,nan,0,0.8307822346687317,1.5647797584533691,39.19333267211914,0.8307822346687317,1.0,nan,0,0,0,0,0.0413003090064025,0.0,passthrough,4.847117856321463e-12,0,0,12,,workspace_x_upper,0,0,1,solved,osqp,0.0,valid,0.20479302974041347,0.566675048|0.490788766|0.212054292|0.232342014|0.246395842|0.20479303,0.716675048|0.640788766|0.362054292|0.382342014|0.396395842|0.35479303,0.686675048|0.610788766|0.332054292|0.352342014|0.366395842|0.32479303,0.15|0|0.15|0.15|0.15|0.15,0|0|0.00540995014|0.0970966982|0.1164885|0.14908864,-0.0681867352|0.00249302287|-0.0610020207|-0.206199848|-0.174427018|-0.176665641,2.19851346|1.96564809|0.792625098|0.820264905|0.927644849|0.791595118,0.468704075|-0.522220194|0.711030304,0.0281558242|0.228172243|0.0769688636,0.004554726183414459,0.001322804018855095,0.001366741955280304,0.001834026537835598
119,6.0,-0.6077954273711021,0.11820289492607117,0.48011741042137146,0.3631385862827301,0.11243640631437302,0.35,2,0,0,0,0,,,nan,0,0.8594017624855042,1.127289891242981,21.638322830200195,0.8594006299972534,1.0,nan,0,0,0,0,0.0413003090064025,0.0,filtered,1.463566145101417e-06,0,0,12,,workspace_x_upper,0,0,1,solved,osqp,0.0,valid,0.20280844133349696,0.563403907|0.489630606|0.20814366|0.226222682|0.244170261|0.202808441,0.713403907|0.639630606|0.35814366|0.376222682|0.394170261|0.352808441,0.683403907|0.609630606|0.32814366|0.346222682|0.364170261|0.322808441,0.15|0|0.15|0.15|0.15|0.15,0|0|0.00315080531|0.111821867|0.136758442|0.173405443,-0.0650638949|0.00611822322|-0.0561787623|-0.204429409|-0.171454786|-0.174042277,2.18855173|1.96464065|0.779546684|0.812283184|0.941984699|0.810596932,0.470111698|-0.510811865|0.714879096,0.0281558242|0.228172243|0.0769688636,0.004598728381097317,0.0013155369088053703,0.0013837171718478203,0.001870056614279747
120,6.050000000000001,-0.6120787348738875,0.11405928432941437,0.4819675087928772,0.3588689863681793,0.10921148955821991,0.35,2,0,0,0,0,,,nan,0,0.8527765870094299,1.1503077745437622,42.16059875488281,0.8527758121490479,1.0,nan,0,0,0,0,0.0413003090064025,0.0,filtered,1.037334070905184e-06,0,0,12,,workspace_x_upper,0,0,1,solved,osqp,0.0,valid,0.20215789257017813,0.560296875|0.488488752|0.204206993|0.220839033|0.243195951|0.202157893,0.710296875|0.638488752|0.354206993|0.370839033|0.393195951|0.352157893,0.680296875|0.608488752|0.324206993|0.340839033|0.363195951|0.322157893,0.15|0|0.15|0.15|0.15|0.15,0|0|0.00859004637|0.121169903|0.137786808|0.175489614,-0.0619056267|0.00975048016|-0.0513278555|-0.202440543|-0.168159359|-0.171067981,2.17928187|1.96370549|0.774090164|0.802085493|0.942411251|0.813053203,0.471519321|-0.499403507|0.718727887,0.0281558242|0.228172243|0.0769688636,0.005367317236959934,0.001579219475388527,0.0016504814848303795,0.0021050209179520607
121,6.1000000000000005,-0.6337611362500372,0.13187381625175476,0.4838277995586395,0.35515162348747253,0.11684272438287735,0.35,2,0,0,0,0,,,nan,0,0.8422834873199463,1.4946805238723755,23.237850189208984,0.8422828316688538,1.0,nan,0,0,0,0,0.0413003090064025,0.0,filtered,7.560433811379124e-07,0,0,12,,workspace_x_upper,0,0,1,solved,osqp,0.0,valid,0.20064130724161333,0.557356471|0.48736326|0.200641307|0.216026067|0.242426721|0.201836192,0.707356471|0.63736326|0.350641307|0.366026067|0.392426721|0.351836192,0.677356471|0.60736326|0.320641307|0.336026067|0.362426721|0.321836192,0.15|0|0.15|0.15|0.15|0.15,0|0|0.00978296012|0.0981489584|0.10646468|0.142318027,-0.0587130283|0.0133826427|-0.0464961631|-0.200572168|-0.165287149|-0.168550106,2.17071286|1.96283568|0.765852026|0.761681058|0.910884414|0.78111269,0.472926944|-0.48799482|0.722576678,0.0281558242|0.228172243|0.0769688636,0.0044464971870183945,0.0014568492770195007,0.0012979703024029732,0.0016619041562080383
122,6.15,-0.6450987975961879,0.14573577046394348,0.4853842258453369,0.3515510857105255,0.13005729019641876,0.35,2,0,0,0,0,,,nan,0,0.86089026927948,1.2315055131912231,46.032814025878906,0.8608893752098083,1.0,nan,0,0,0,0,0.0413003090064025,0.0,filtered,1.0317650650191887e-06,0,0,12,,workspace_x_upper,0,0,1,solved,osqp,0.0,valid,0.19765896846958464,0.554563542|0.486724357|0.197658968|0.210318099|0.240205002|0.200173328,0.704563542|0.636724357|0.347658968|0.360318099|0.390205002|0.350173328,0.674563542|0.606724357|0.317658968|0.330318099|0.360205002|0.320173328,0.15|0|0.15|0.15|0.15|0.15,0|0|0.00333724182|0.0867252749|0.10317905|0.140995292,-0.0554887301|0.0170084153|-0.0414686621|-0.198763061|-0.16261057|-0.16627984,2.16276544|1.96390584|0.752504454|0.72923461|0.901388486|0.775408763,0.474334568|-0.476586133|0.726425469,0.0281558242|0.228172243|0.0769688636,0.004647191613912582,0.001383589580655098,0.0014817705377936363,0.0017427923157811165
123,6.2,-0.647098511633235,0.14518558979034424,0.4869201183319092,0.3480064868927002,0.1289018839597702,0.35,2,0,0,0,0,,,nan,0,0.879523515701294,0.918987512588501,14.725750923156738,0.879522442817688,1.0,nan,0,0,0,0,0.0413003090064025,0.0,filtered,1.2575676912831284e-06,0,0,12,,workspace_x_upper,0,0,1,solved,osqp,0.0,valid,0.19482703615487318,0.551920295|0.486535674|0.194827036|0.204170925|0.238043646|0.198649481,0.701920295|0.636535674|0.344827036|0.354170925|0.388043646|0.348649481,0.671920295|0.606535674|0.314827036|0.324170925|0.358043646|0.318649481,0.15|0|0.15|0.15|0.15|0.15,0|0|-0.000225168788|0.0921021972|0.113830286|0.154738494,-0.0522340826|0.0206301165|-0.0362226075|-0.196533672|-0.159218575|-0.163259092,2.1554471|1.96677281|0.742860368|0.712252226|0.906786297|0.786077325,0.475742191|-0.465177447|0.73027426,0.0281558242|0.228172243|0.0769688636,0.00441338773816824,0.0013047568500041962,0.0013177236542105675,0.0017614411190152168
124,6.25,-0.6578154866705802,0.14784082770347595,0.48871028423309326,0.34486857056617737,0.13093283772468567,0.35,2,0,0,0,0,,,nan,0,0.8772273063659668,0.8728626370429993,32.32489013671875,0.8772273063659668,1.0,nan,0,0,0,0,0.0413003090064025,0.0,passthrough,4.861710746333607e-12,0,0,12,,workspace_x_upper,0,0,1,solved,osqp,0.0,valid,0.19206520354836698,0.549440572|0.48652233|0.192065204|0.198376273|0.23667278|0.198014433,0.699440572|0.63652233|0.342065204|0.348376273|0.38667278|0.348014433,0.669440572|0.60652233|0.312065204|0.318376273|0.35667278|0.318014433,0.15|0|0.15|0.15|0.15|0.15,0|0|0.00362006256|0.0919079278|0.104176173|0.145697761,-0.0489498189|0.024246973|-0.0308885197|-0.194007228|-0.155412823|-0.15979125,2.14881247|1.97033629|0.740992357|0.69140579|0.895454471|0.777964243,0.477149814|-0.45376876|0.734123051,0.0281558242|0.228172243|0.0769688636,0.0047600483521819115,0.0013215858489274979,0.001466524787247181,0.0019415877759456635
125,6.300000000000001,-0.6647532526815769,0.14743846654891968,0.49069467186927795,0.34198877215385437,0.12993259727954865,0.35,2,0,0,0,0,,,nan,0,0.8792351484298706,0.5769461393356323,14.119484901428223,0.8792351484298706,1.0,nan,0,0,0,0,0.0413003090064025,0.0,passthrough,6.2364758497754485e-12,0,0,12,,workspace_x_upper,0,0,1,solved,osqp,0.0,valid,0.1897125978605826,0.547130176|0.486603986|0.189712598|0.192714935|0.234985872|0.197185365,0.697130176|0.636603986|0.339712598|0.342714935|0.384985872|0.347185365,0.667130176|0.606603986|0.309712598|0.312714935|0.354985872|0.317185365,0.15|0|0.15|0.15|0.15|0.15,0|0|0.00455063817|0.0955478567|0.104804634|0.147474888,-0.0456372448|0.0278529766|-0.0255518308|-0.191711579|-0.152093071|-0.156861921,2.14288346|1.97426892|0.737849199|0.674696019|0.892655052|0.779354425,0.478557438|-0.442360073|0.737971842,0.0281558242|0.228172243|0.0769688636,0.00451416801661253,0.0013569025322794914,0.0013140123337507248,0.0018124505877494812
126,6.3500000000000005,-0.6741368992754644,0.1536533385515213,0.49264347553253174,0.33937138319015503,0.13554160296916962,0.35,2,0,0,0,0,,,nan,0,0.8886669874191284,0.31475093960762024,13.21463394165039,0.8886669874191284,1.0,nan,0,0,0,0,0.0413003090064025,0.0,passthrough,6.722335332924554e-12,0,0,12,,workspace_x_upper,0,0,1,solved,osqp,0.0,valid,0.18736415308008159,0.544989215|0.486801998|0.187622147|0.187364153|0.23350581|0.196669928,0.694989215|0.636801998|0.337622147|0.337364153|0.38350581|0.346669928,0.664989215|0.606801998|0.307622147|0.307364153|0.35350581|0.316669928,0.15|0|0.15|0.15|0.15|0.15,0|0|0.0034257947|0.0922518541|0.101890108|0.145925605,-0.0422980682|0.0314475136|-0.020200418|-0.189377966|-0.148882042|-0.15406535,2.13765879|1.97865551|0.733713965|0.6523305|0.887031307|0.778539968,0.479965061|-0.430951387|0.741820633,0.0281558242|0.228172243|0.0769688636,0.005198930390179157,0.0014091236516833305,0.0017282161861658096,0.00203131977468729
127,6.4,-0.6822830751194169,0.15785378217697144,0.4945971965789795,0.3370146155357361,0.13914085924625397,0.35,2,0,0,0,0,,,nan,0,0.8996355533599854,0.30887505412101746,5.47812032699585,0.8996338844299316,1.0,nan,0,0,0,0,0.0413003090064025,0.0,filtered,1.85210566320718e-06,0,0,12,,workspace_x_upper,0,0,1,solved,osqp,0.0,valid,0.1819948800072524,0.543012501|0.487256408|0.185808296|0.18199488|0.232079436|0.196308913,0.693012501|0.637256408|0.335808296|0.33199488|0.382079436|0.346308913,0.663012501|0.607256408|0.305808296|0.30199488|0.352079436|0.316308913,0.15|0|0.15|0.15|0.15|0.15,0|0|0.00292119827|0.0913060914|0.100240034|0.146073827,-0.0389343586|0.0350270086|-0.0147664136|-0.186868674|-0.14549822|-0.151102559,2.13311564|1.98405264|0.731387969|0.632416937|0.883059558|0.780206922,0.481372684|-0.4195427|0.745669425,0.0281558242|0.228172243|0.0769688636,0.004552943632006645,0.0013491716235876083,0.0015255268663167953,0.0016492372378706932
128,6.45,-0.6917119363710117,0.15983857214450836,0.49672937393188477,0.3349142372608185,0.1405392438173294,0.35,2,0,0,0,0,,,nan,0,0.9068149924278259,0.3745666742324829,8.207442283630371,0.9068135619163513,1.0,nan,0,0,0,0,0.0413003090064025,0.0,filtered,1.4860996730260842e-06,0,0,12,,workspace_x_upper,0,0,1,solved,osqp,0.0,valid,0.17671456816410736,0.541203656|0.487913054|0.184264239|0.176714568|0.230779914|0.196181392,0.691203656|0.637913054|0.334264239|0.326714568|0.380779914|0.346181392,0.661203656|0.607913054|0.304264239|0.296714568|0.350779914|0.316181392,0.15|0|0.15|0.15|0.15|0.15,0|0|0.00308407825|0.0922856772|0.098398301|0.145664319,-0.0355477471|0.0385895017|-0.00928433029|-0.184249406|-0.142038171|-0.148074235,2.12926688|1.99024172|0.730856706|0.614894544|0.879479788|0.782315653,0.482780308|-0.408134013|0.749518216,0.0281558242|0.228172243|0.0769688636,0.004520181566476822,0.00125944335013628,0.0014971215277910233,0.0017360616475343704
129,6.5,-0.7042459881462403,0.1643456667661667,0.4990503191947937,0.3330743610858917,0.14446087181568146,0.35,2,0,0,0,0,,,nan,0,0.912954568862915,0.4567764401435852,3.8368303775787354,0.9129534363746643,1.0,nan,0,0,0,0,0.0413003090064025,0.0,filtered,1.3474175383744518e-06,0,0,12,,workspace_x_upper,0,0,1,solved,osqp,0.0,valid,0.17162566459768003,0.539566725|0.488706774|0.182979776|0.171625665|0.22958025|0.196260407,0.689566725|0.638706774|0.332979776|0.321625665|0.37958025|0.346260407,0.659566725|0.608706774|0.302979776|0.291625665|0.34958025|0.316260407,0.15|0|0.15|0.15|0.15|0.15,0|0|0.00255909759|0.0905178754|0.0944995507|0.142692151,-0.0321399103|0.0421334708|-0.00379445473|-0.181620345|-0.138685416|-0.145181061,2.12612699|1.99696057|0.730683748|0.595400188|0.874135134|0.782552717,0.484187931|-0.396725327|0.753367007,0.0281558242|0.228172243|0.0769688636,0.004322761669754982,0.0013124980032444,0.0013362662866711617,0.0016451263800263405
130,6.550000000000001,-0.7163837565710901,0.17040836811065674,0.5014431476593018,0.33148664236068726,0.1499398797750473,0.35,2,0,0,0,0,,,nan,0,0.9231041073799133,0.37437188625335693,7.304951190948486,0.9231023788452148,1.0,nan,0,0,0,0,0.0413003090064025,0.0,filtered,1.8646319999523732e-06,0,0,12,,workspace_x_upper,0,0,1,solved,osqp,0.0,valid,0.16660857692644704,0.53810066|0.48968117|0.181949583|0.166608577|0.228364416|0.196420067,0.68810066|0.63968117|0.331949583|0.316608577|0.378364416|0.346420067,0.65810066|0.60968117|0.301949583|0.286608577|0.348364416|0.316420067,0.15|0|0.135890679|0.15|0.15|0.15,0|0|0.00137056697|0.0876333251|0.0916259783|0.141188489,-0.0287128624|0.0456562757|-1.50226538e-17|-0.178946019|-0.135390366|-0.142375677,2.12368978|2.00438095|0.7291689|0.575121614|0.869693276|0.78449308,0.485595554|-0.38531664|0.757215798,0.0281558242|0.228172243|0.0769688636,0.004673140123486519,0.0013786209747195244,0.0014679599553346634,0.0017969226464629173
131,6.6000000000000005,-0.7265874354107337,0.17523038387298584,0.5038645267486572,0.3301408886909485,0.15420016646385193,0.35,2,0,0,0,0,,,nan,0,0.9340757131576538,0.3647643029689789,2.746293067932129,0.9340757131576538,1.0,nan,0,0,0,0,0.0413003090064025,0.0,passthrough,7.673410365970052e-12,0,0,12,,workspace_x_upper,0,0,1,solved,osqp,0.0,valid,0.16160672056034353,0.536804114|0.490882832|0.180987647|0.161606721|0.22720073|0.196726004,0.686804114|0.640882832|0.330987647|0.311606721|0.37720073|0.346726004,0.656804114|0.610882832|0.300987647|0.281606721|0.34720073|0.316726004,0.15|0|0.0903910541|0.15|0.15|0.15,0|0|0.0003905737|0.0861546601|0.0910398339|0.142204904,-0.0252686787|0.04915522|1.82933242e-17|-0.176130544|-0.131992526|-0.139483035,2.12194778|2.01268655|0.724341163|0.556450998|0.867850228|0.789625883,0.487003177|-0.373907954|0.761064589,0.0281558242|0.228172243|0.0769688636,0.004468351602554321,0.001347051002085209,0.0013519581407308578,0.0017387811094522476
132,6.65,-0.7374311767976772,0.18024319410324097,0.50633305311203,0.3280943036079407,0.1586758941411972,0.35,3,0,0,0,0,,,nan,0,0.941124439239502,0.28612595796585083,4.9937262535095215,0.941124439239502,1.0,nan,0,0,0,0,0.0413003090064025,0.0,passthrough,9.45228332952278e-12,0,0,12,,workspace_x_upper,0,0,1,solved,osqp,0.0,valid,0.15669313321762557,0.535677909|0.49230968|0.180018721|0.156693133|0.226219373|0.197305096,0.685677909|0.64230968|0.330018721|0.306693133|0.376219373|0.347305096,0.655677909|0.61230968|0.300018721|0.276693133|0.346219373|0.317305096,0.15|0|0.0446731922|0.15|0.15|0.15,0|0|-0.0002405117|0.084208835|0.0892958075|0.141387485,-0.0218093595|0.0526281577|9.13961454e-18|-0.173119127|-0.128429055|-0.136432307,2.12090228|2.02186688|0.719834374|0.537862241|0.865744245|0.794175563,0.488410801|-0.362499267|0.76491338,0.0281558242|0.228172243|0.0769688636,0.004871233366429806,0.0012232903391122818,0.0015559829771518707,0.0020633284002542496
133,6.7,-0.7480709761422668,0.18438854813575745,0.5088756084442139,0.32292577624320984,0.16231313347816467,0.35,3,0,0,0,0,,,nan,0,0.9472556710243225,0.27680841088294983,2.685102701187134,0.9472556710243225,1.0,nan,0,0,0,0,0.0413003090064025,0.0,passthrough,6.244938235253921e-12,0,0,12,,workspace_x_upper,0,0,1,solved,osqp,0.0,valid,0.1518644136195103,0.534722851|0.493958992|0.179060857|0.151864414|0.225354759|0.198076924,0.684722851|0.643958992|0.329060857|0.301864414|0.375354759|0.348076924,0.654722851|0.613958992|0.299060857|0.271864414|0.345354759|0.318076924,0.15|0|0|0.15|0.15|0.15,0|0|-0.000201809765|0.0829307228|0.0870070409|0.139848824,-0.0183369469|0.0560727078|0.000151144122|-0.169918965|-0.124741931|-0.133272918,2.12055446|2.03190868|0.716192762|0.520469412|0.863684145|0.798883601,0.489818424|-0.35109058|0.768762171,0.0281558242|0.228172243|0.0769688636,0.004301430657505989,0.0012404713779687881,0.0012687258422374725,0.0017637768760323524
134,6.75,-0.7582978231061316,0.18819265067577362,0.5114798545837402,0.31787803769111633,0.1656440943479538,0.35,3,0,0,0,0,,,nan,0,0.9539768099784851,0.23363707959651947,1.7154972553253174,0.9539768099784851,1.0,nan,0,0,0,0,0.0413003090064025,0.0,passthrough,5.661457077007354e-12,0,0,12,,workspace_x_upper,0,0,1,solved,osqp,0.0,valid,0.1471583253864751,0.533941057|0.495797263|0.178261076|0.147158325|0.224575139|0.199001974,0.683941057|0.645797263|0.328261076|0.297158325|0.374575139|0.349001974,0.653941057|0.615797263|0.298261076|0.267158325|0.344575139|0.319001974,0.15|0|0|0.15|0.15|0.15,0|0|-0.000604763404|0.0819397052|0.0850234675|0.138695454,-0.0148534513|0.0594870963|0.00579508688|-0.166591413|-0.121027216|-0.130109795,2.12091078|2.04267615|0.718234628|0.503981593|0.86229681|0.804593553,0.491226047|-0.339681894|0.772610962,0.0281558242|0.228172243|0.0769688636,0.0044300733134150505,0.0012008268386125565,0.0013925479725003242,0.0018097041174769402
135,6.800000000000001,-0.7677187610979038,0.19131773710250854,0.5141317248344421,0.312977135181427,0.1683446764945984,0.35,3,0,0,0,0,,,nan,0,0.9607894420623779,0.2120971530675888,1.4107987880706787,0.9607894420623779,1.0,nan,0,0,0,0,0.0413003090064025,0.0,passthrough,1.0986588504630706e-11,0,0,12,,workspace_x_upper,0,0,1,solved,osqp,0.0,valid,0.14259022591570614,0.533333307|0.497816966|0.177741068|0.142590226|0.223895919|0.200089441,0.683333307|0.647816966|0.327741068|0.292590226|0.373895919|0.350089441,0.653333307|0.617816966|0.297741068|0.262590226|0.343895919|0.320089441,0.15|0|0|0.15|0.15|0.15,0|0|-0.00121580452|0.0814678213|0.0841059226|0.138651628,-0.0113609855|0.0628694901|0.0114496492|-0.163142016|-0.117291474|-0.126948548,2.12197224|2.05413735|0.721198118|0.488686709|0.862398126|0.812060845,0.492633671|-0.328273207|0.776459754,0.0281558242|0.228172243|0.0769688636,0.0044881850481033325,0.0013185665011405945,0.001325393095612526,0.001814417541027069
136,6.8500000000000005,-0.7775481397728847,0.19509731233119965,0.5168126225471497,0.3081921339035034,0.17174778878688812,0.35,3,0,0,0,0,,,nan,0,0.9661657214164734,0.20236019790172577,1.2180677652359009,0.9661643505096436,1.0,nan,0,0,0,0,0.0413003090064025,0.0,filtered,1.4950114744417292e-06,0,0,12,,workspace_x_upper,0,0,1,solved,osqp,0.0,valid,0.13819071341577416,0.532899796|0.500020154|0.177492604|0.138190713|0.223374068|0.201388174,0.682899796|0.650020154|0.327492604|0.288190713|0.373374068|0.351388174,0.652899796|0.620020154|0.297492604|0.258190713|0.343374068|0.321388174,0.15|0|0|0.15|0.15|0.15,0|0|-0.00174018551|0.0801430532|0.0822843053|0.13735061,-0.00786171134|0.0662181767|0.0171090262|-0.159539452|-0.113500515|-0.123749873,2.12373747|2.06629879|0.725339256|0.473366455|0.862280062|0.819153434,0.494041294|-0.31686452|0.780308545,0.0281558242|0.228172243|0.0769688636,0.004633810371160507,0.001490110531449318,0.0013459380716085434,0.0017675068229436874
137,6.9,-0.7869106982291896,0.19831374287605286,0.5195229053497314,0.3035443425178528,0.17464356124401093,0.35,3,0,0,0,0,,,nan,0,0.9704502820968628,0.19407576322555542,1.1691203117370605,0.9704493880271912,1.0,nan,0,0,0,0,0.0413003090064025,0.0,filtered,1.081243972385126e-06,0,0,12,,workspace_x_upper,0,0,1,solved,osqp,0.0,valid,0.13392963232395672,0.53264036|0.502415112|0.177528803|0.133929632|0.222961939|0.202836192,0.68264036|0.652415112|0.327528803|0.283929632|0.372961939|0.352836192,0.65264036|0.622415112|0.297528803|0.253929632|0.342961939|0.322836192,0.15|0|0|0.15|0.15|0.15,0|0|-0.00209003769|0.0790979721|0.0805600001|0.135946545,-0.00435782249|0.0695310955|0.0227674964|-0.15577822|-0.109653365|-0.12051314,2.12620362|2.07919155|0.730792672|0.459038281|0.862754392|0.826778173,0.495448917|-0.305455834|0.784157336,0.0281558242|0.228172243|0.0769688636,0.005155020393431187,0.0014359848573803902,0.0015184711664915085,0.002169337123632431
138,6.95,-0.7969754327698436,0.2020915001630783,0.5222650170326233,0.2990092933177948,0.17815011739730835,0.35,3,0,0,0,0,,,nan,0,0.973875880241394,0.21038731932640076,1.2229012250900269,0.973875880241394,1.0,nan,0,0,0,0,0.0413003090064025,0.0,passthrough,1.6037580531364355e-11,0,0,12,,workspace_x_upper,0,0,1,solved,osqp,0.0,valid,0.12982745380437347,0.53255554|0.504966614|0.177851732|0.129827454|0.222659623|0.204420931,0.68255554|0.654966614|0.327851732|0.279827454|0.372659623|0.354420931,0.65255554|0.624966614|0.297851732|0.249827454|0.342659623|0.324420931,0.15|0|0|0.15|0.15|0.15,0|0|-0.00220779788|0.0773256032|0.0776169829|0.133046348,-0.000851489135|0.0710037333|0.0284092969|-0.151865203|-0.105769561|-0.117258581,2.12937067|2.09087019|0.737608428|0.444770216|0.862485912|0.83347149,0.49685654|-0.294047147|0.788006127,0.0281558242|0.228172243|0.0769688636,0.004586249589920044,0.0013265172019600868,0.0014426438137888908,0.0017887596040964127
139,7.0,-0.8070662414754088,0.20569369196891785,0.5250442028045654,0.2945922017097473,0.1815331131219864,0.35,3,0,0,0,0,,,nan,0,0.977135956287384,0.209184467792511,0.6156569123268127,0.9771355390548706,1.0,nan,0,0,0,0,0.0413003090064025,0.0,filtered,6.576094258087395e-07,0,0,12,,workspace_x_upper,0,0,1,solved,osqp,0.0,valid,0.125854411297078,0.532595435|0.507608681|0.178469206|0.125854411|0.22239838|0.206061116,0.682595435|0.657608681|0.328469206|0.275854411|0.37239838|0.356061116,0.652595435|0.627608681|0.298469206|0.245854411|0.34239838|0.326061116,0.112118403|0|0|0.15|0.15|0.15,0|0|-0.00231074852|0.075551594|0.0746297964|0.130005708,1.3445935e-17|0.071930931|0.0340185969|-0.147837971|-0.101893146|-0.114033066,2.13038174|2.10236566|0.745584672|0.431131268|0.862330171|0.840217106,0.498264164|-0.28263846|0.791854918,0.0281558242|0.228172243|0.0769688636,0.00451375637203455,0.001253926195204258,0.0012580929324030876,0.001971764490008354
140,7.050000000000001,-0.8163491784548549,0.2083580642938614,0.5278615355491638,0.29032474756240845,0.18404266238212585,0.35,3,0,0,0,0,,,nan,0,0.9805665612220764,0.18770545721054077,0.8987386226654053,0.9805665612220764,1.0,nan,0,0,0,0,0.0413003090064025,0.0,passthrough,6.344564915214055e-12,0,0,12,,workspace_x_upper,0,0,1,solved,osqp,0.0,valid,0.12201388828311296,0.532640348|0.510331932|0.179376912|0.122013888|0.222171595|0.207740608,0.682640348|0.660331932|0.329376912|0.272013888|0.372171595|0.357740608,0.652640348|0.630331932|0.299376912|0.242013888|0.342171595|0.327740608,0.0620878482|0|0|0.15|0.15|0.15,0|0|-0.00254011482|0.0743946483|0.0725926516|0.127943095,-7.0367229e-18|0.0728441642|0.0395825741|-0.14371027|-0.0980392189|-0.110849984,2.13056139|2.11417189|0.754550108|0.418739931|0.863239813|0.848055543,0.499671787|-0.271229774|0.795703709,0.0281558242|0.228172243|0.0769688636,0.004806847311556339,0.0014127567410469055,0.0014560641720890999,0.0019058864563703537
141,7.1000000000000005,-0.825858036684497,0.21130116283893585,0.5307087302207947,0.2861895263195038,0.18689602613449097,0.35,3,0,0,0,0,,,nan,0,0.9833314418792725,0.19639478623867035,0.6726251244544983,0.9833314418792725,1.0,nan,0,0,0,0,0.0413003090064025,0.0,passthrough,2.1883420799766377e-11,0,0,12,,workspace_x_upper,0,0,1,solved,osqp,0.0,valid,0.11833967896499967,0.532685203|0.513133727|0.180563485|0.118339679|0.222027148|0.209499467,0.682685203|0.663133727|0.330563485|0.268339679|0.372027148|0.359499467,0.652685203|0.633133727|0.300563485|0.238339679|0.342027148|0.329499467,0.0120555386|0|0|0.15|0.15|0.15,0|0|-0.00275543239|0.0727573597|0.0701604743|0.125227552,1.71609868e-18|0.0737454888|0.0450925512|-0.139467909|-0.0941930357|-0.107688978,2.13074081|2.1262804|0.76459106|0.406648167|0.864076031|0.85553644,0.50107944|-0.259821087|0.7995525,0.0281558242|0.228172243|0.0769688636,0.004476148635149002,0.0013021547347307205,0.0012688329443335533,0.0018694950267672539
142,7.15,-0.8342056815607751,0.21371015906333923,0.533549964427948,0.28219926357269287,0.18929047882556915,0.35,3,0,0,0,0,,,nan,0,0.9855868220329285,0.14756986498832703,1.4564000368118286,0.9855868220329285,1.0,nan,0,0,0,0,0.0413003090064025,0.0,passthrough,6.682121745689356e-12,0,0,12,,workspace_x_upper,0,0,1,solved,osqp,0.0,valid,0.11481486571549412,0.532780269|0.516017119|0.18203131|0.114814866|0.221939146|0.211299625,0.682780269|0.666017119|0.33203131|0.264814866|0.371939146|0.361299625,0.652780269|0.636017119|0.30203131|0.234814866|0.341939146|0.331299625,0|0|0|0.15|0.15|0.15,0|0|-0.00292113927|0.0713321825|0.0681828239|0.122904012,0.00266146025|0.0746311217|0.0505418113|-0.135108528|-0.0903525078|-0.104545653,2.13378254|2.1386996|0.77574591|0.395483118|0.8655869|0.86355686,0.502487063|-0.2484124|0.803401291,0.0281558242|0.228172243|0.0769688636,0.00471838004887104,0.0014632372185587883,0.0014140261337161064,0.0018079187721014023
143,7.2,-0.8415491150388678,0.21543332934379578,0.5363684296607971,0.2783696949481964,0.19108515977859497,0.35,3,0,0,0,0,,,nan,0,0.9878885746002197,0.11076236516237259,1.181172251701355,0.9878885746002197,1.0,nan,0,0,0,0,0.0413003090064025,0.0,passthrough,2.960291917425642e-11,0,0,12,,workspace_x_upper,0,0,1,solved,osqp,0.0,valid,0.11145529147884994,0.533045123|0.518984591|0.183780369|0.111455291|0.221931431|0.213155152,0.683045123|0.668984591|0.333780369|0.261455291|0.371931431|0.363155152,0.653045123|0.638984591|0.303780369|0.231455291|0.341931431|0.333155152,0|0|0|0.15|0.15|0.15,0|0|-0.00315904331|0.070161807|0.0667844188|0.121184084,0.00616590314|0.0754976676|0.0558990154|-0.130611137|-0.0864957992|-0.101392707,2.13834639|2.15143603|0.787861448|0.385371836|0.868014342|0.872411983,0.503894687|-0.237003714|0.807250082,0.0281558242|0.228172243|0.0769688636,0.004544717259705067,0.0013369740918278694,0.0013958364725112915,0.0017824722453951836
144,7.25,-0.8488849730752008,0.21730102598667145,0.5391573905944824,0.27468588948249817,0.19311018288135529,0.35,3,0,0,0,0,,,nan,0,0.990111231803894,0.11254407465457916,0.9573657512664795,0.990111231803894,1.0,nan,0,0,0,0,0.0413003090064025,0.0,passthrough,1.8371936825143583e-11,0,0,12,,workspace_x_upper,0,0,1,solved,osqp,0.0,valid,0.10827993275174161,0.533484443|0.522038483|0.185732613|0.108279933|0.222036627|0.215092469,0.683484443|0.672038483|0.335732613|0.258279933|0.372036627|0.365092469,0.653484443|0.642038483|0.305732613|0.228279933|0.342036627|0.335092469,0|0|0|0.15|0.15|0.15,0|0|-0.00291765131|0.0685242026|0.0649439539|0.118922751,0.00966620257|0.0763411088|0.0572222387|-0.125954152|-0.0825988454|-0.0981993116,2.14360397|2.16449504|0.797235041|0.375689782|0.870491616|0.881093317,0.50530231|-0.225595027|0.811098874,0.0281558242|0.228172243|0.0769688636,0.005095520056784153,0.0013968776911497116,0.0017258869484066963,0.001943729817867279
145,7.300000000000001,-0.8557740208349606,0.21866828203201294,0.5419211387634277,0.2711566090583801,0.19472332298755646,0.35,3,0,0,0,0,,,nan,0,0.991744875907898,0.11092720925807953,0.7055135369300842,0.991744875907898,1.0,nan,0,0,0,0,0.0413003090064025,0.0,passthrough,3.965686907862804e-11,0,0,12,,workspace_x_upper,0,0,1,solved,osqp,0.0,valid,0.10527315836960113,0.534097833|0.525178602|0.187815973|0.105273158|0.222231811|0.217081693,0.684097833|0.675178602|0.337815973|0.255273158|0.372231811|0.367081693,0.654097833|0.645178602|0.307815973|0.225273158|0.342231811|0.337081693,0|0|0|0.15|0.15|0.15,0|0|-0.0026253456|0.0668942244|0.0630331652|0.116409306,0.0131601777|0.0771597476|0.0584957002|-0.121143723|-0.0786639882|-0.0949639298,2.14955151|2.17787415|0.807134247|0.366843135|0.873296419|0.889772149,0.506709933|-0.214186341|0.814947665,0.0281558242|0.228172243|0.0769688636,0.004829849116504192,0.0012959139421582222,0.001657114364206791,0.0018453765660524368
146,7.3500000000000005,-0.8621689035974512,0.21977035701274872,0.5446495413780212,0.26778078079223633,0.19616183638572693,0.35,3,0,0,0,0,,,nan,0,0.9929922223091125,0.10264869779348373,0.3602294623851776,0.9929922223091125,1.0,nan,0,0,0,0,0.0413003090064025,0.0,passthrough,2.6232524434493683e-11,0,0,12,,workspace_x_upper,0,0,1,solved,osqp,0.0,valid,0.10244226115790253,0.534885146|0.528399314|0.19002578|0.102442261|0.222510093|0.219108065,0.684885146|0.678399314|0.34002578|0.252442261|0.372510093|0.369108065,0.654885146|0.648399314|0.31002578|0.222442261|0.342510093|0.339108065,0|0|0|0.15|0.15|0.15,0|0|-0.00229999611|0.0651016789|0.0609916432|0.113630758,0.0166456824|0.0779582446|0.0597240965|-0.116191415|-0.0747055545|-0.091698205,2.15618627|2.1915555|0.817527221|0.358679309|0.876326459|0.898364812,0.508117557|-0.202777654|0.818796456,0.0281558242|0.228172243|0.0769688636,0.004475663416087627,0.001346370205283165,0.0013600252568721771,0.0017398959025740623
147,7.4,-0.8683266177163216,0.2209317982196808,0.5473302602767944,0.26454558968544006,0.19775088131427765,0.35,3,0,0,0,0,,,nan,0,0.9941793084144592,0.1025519073009491,0.45228585600852966,0.9941793084144592,1.0,nan,0,0,0,0,0.0413003090064025,0.0,passthrough,2.5398575612167862e-11,0,0,12,,workspace_x_upper,0,0,1,solved,osqp,0.0,valid,0.09978596963357508,0.535845868|0.531699037|0.192360105|0.0997859696|0.222863439|0.221156731,0.685845868|0.681699037|0.342360105|0.24978597|0.372863439|0.371156731,0.655845868|0.651699037|0.312360105|0.21978597|0.342863439|0.341156731,0|0|0|0.15|0.15|0.15,0|0|-0.00198415159|0.0629279203|0.0586852422|0.110482934,0.0201205871|0.078736614|0.0609067958|-0.111099268|-0.0707243796|-0.0883992198,2.16350406|2.20553276|0.828363065|0.350972531|0.879414618|0.90671064,0.50952518|-0.191368967|0.822645247,0.0281558242|0.228172243|0.0769688636,0.004427588544785976,0.0012174155563116074,0.0013117985799908638,0.0018711462616920471
148,7.45,-0.8755439072492311,0.2232266366481781,0.5499633550643921,0.26140421628952026,0.20055459439754486,0.35,3,0,0,0,0,,,nan,0,0.9952587485313416,0.14766845107078552,1.0273988246917725,0.9952587485313416,1.0,nan,0,0,0,0,0.0413003090064025,0.0,passthrough,6.15165775534155e-11,0,0,12,,workspace_x_upper,0,0,1,solved,osqp,0.0,valid,0.09729219406476716,0.536979162|0.53507925|0.194817734|0.0972921941|0.223278018|0.223208456,0.686979162|0.68507925|0.344817734|0.247292194|0.373278018|0.373208456,0.656979162|0.65507925|0.314817734|0.217292194|0.343278018|0.343208456,0|0|0|0.15|0.15|0.15,0|0|-0.00166326839|0.0596135197|0.0552244767|0.105908815,0.0235827829|0.0794909717|0.0620397229|-0.105863723|-0.066713044|-0.0850554979,2.17149943|2.21980797|0.83964739|0.342918573|0.881623504|0.913687141,0.510932803|-0.179960281|0.826494038,0.0281558242|0.228172243|0.0769688636,0.0045676464214921,0.0012979917228221893,0.001406296156346798,0.0018324851989746094
149,7.5,-0.8815907564870852,0.2241455316543579,0.5525628924369812,0.25839629769325256,0.20207159221172333,0.35,3,0,0,0,0,,,nan,0,0.9965189695358276,0.14324557781219482,0.5080847144126892,0.9965189695358276,1.0,nan,0,0,0,0,0.0413003090064025,0.0,passthrough,3.586013195558171e-11,0,0,12,,workspace_x_upper,0,0,1,solved,osqp,0.0,valid,0.09491213229667597,0.538284091|0.538540874|0.197400049|0.0949121323|0.223690889|0.225194098,0.688284091|0.688540874|0.347400049|0.244912132|0.373690889|0.375194098,0.658284091|0.658540874|0.317400049|0.214912132|0.343690889|0.345194098,0|0|0|0.15|0.15|0.15,0|0|-0.00135421415|0.0569952722|0.0525045551|0.102100561,0.0270302041|0.0802175567|0.0631169949|-0.100498454|-0.0626797929|-0.0816740505,2.18016657|2.23438105|0.851362977|0.336145347|0.884588319|0.921202903,0.512340426|-0.168551594|0.830342829,0.0281558242|0.228172243|0.0769688636,0.004502792842686176,0.0012797433882951736,0.0014742733910679817,0.0017206622287631035
150,7.550000000000001,-0.8880202701180872,0.22580602765083313,0.5551134347915649,0.25548791885375977,0.20441560447216034,0.35,3,0,0,0,0,,,nan,0,0.9977067708969116,0.16214537620544434,0.570077121257782,0.9977067708969116,1.0,nan,0,0,0,0,0.0413003090064025,0.0,passthrough,7.921373096479747e-11,0,0,12,,workspace_x_upper,0,0,1,solved,osqp,0.0,valid,0.09268460007805432,0.539760258|0.542075896|0.200096688|0.0926846001|0.224139474|0.227149988,0.689760258|0.692075896|0.350096688|0.2426846|0.374139474|0.377149988,0.659760258|0.662075896|0.320096688|0.2126846|0.344139474|0.347149988,0|0|0|0.15|0.15|0.15,0|0|-0.00105017232|0.0535754091|0.0491150102|0.0974316843,0.0304608564|0.0809240856|0.0641494241|-0.0950111735|-0.0586326025|-0.07825767,2.18950189|2.24922767|0.863486003|0.329302636|0.887040303|0.927773965,0.51374805|-0.157142907|0.83419162,0.0281558242|0.228172243|0.0769688636,0.004829766228795052,0.0013989163562655449,0.0015534516423940659,0.001844075508415699
151,7.6000000000000005,-0.8931570829546561,0.22634750604629517,0.5576105713844299,0.25270795822143555,0.2057332694530487,0.35,3,0,0,0,0,,,nan,0,0.9989383220672607,0.14211253821849823,0.446991890668869,0.9989383220672607,1.0,nan,0,0,0,0,0.0413003090064025,0.0,passthrough,3.5514657376419804e-11,0,0,12,,workspace_x_upper,0,0,1,solved,osqp,0.0,valid,0.09057661830357092,0.541406331|0.545687455|0.202908229|0.0905766183|0.224588406|0.229036163,0.691406331|0.695687455|0.352908229|0.240576618|0.374588406|0.379036163,0.661406331|0.665687455|0.322908229|0.210576618|0.344588406|0.349036163,0|0|0|0.15|0.15|0.15,0|0|-0.000741746338|0.0506479196|0.0463054982|0.0933666495,0.0338727613|0.0816033643|0.0651287769|-0.0893960434|-0.0545605012|-0.0747926257,2.19949809|2.26435318|0.876019946|0.323558349|0.890098621|0.934718674,0.515155673|-0.145734221|0.838040411,0.0281558242|0.228172243|0.0769688636,0.00477510504424572,0.0012713493779301643,0.0016722707077860832,0.0018020207062363625
152,7.65,-0.8962494858579865,0.22517892718315125,0.5600424408912659,0.25010034441947937,0.2054496705532074,0.35,3,0,0,0,0,,,nan,0,0.9993398189544678,0.1355120986700058,1.2494455575942993,0.9993398189544678,1.0,nan,0,0,0,0,0.0413003090064025,0.0,passthrough,1.1022621655383052e-10,0,0,12,,workspace_x_upper,0,0,1,solved,osqp,0.0,valid,0.08861773248654894,0.543221439|0.549371274|0.205827946|0.0886177325|0.225069028|0.230883436,0.693221439|0.699371274|0.355827946|0.238617732|0.375069028|0.380883436,0.663221439|0.669371274|0.325827946|0.208617732|0.345069028|0.350883436,0|0|0|0.15|0.15|0.15,0|0|-0.000459788276|0.0485481625|0.0445940659|0.0902667544,0.037264019|0.0822580801|0.0660597511|-0.0836505882|-0.0504595504|-0.0712698786,2.21014977|2.27974318|0.888911747|0.319368504|0.894410629|0.942530619,0.516563296|-0.134325534|0.841889203,0.0281558242|0.228172243|0.0769688636,0.004429527558386326,0.0013231774792075157,0.0013947933912277222,0.0016826260834932327
153,7.7,-0.8986064999075919,0.22406810522079468,0.5623758435249329,0.24764783680438995,0.20534402132034302,0.35,3,0,0,0,0,,,nan,0,0.9986666440963745,0.19921143352985382,1.675600528717041,0.9986666440963745,1.0,nan,0,0,0,0,0.0413003090064025,0.0,passthrough,1.3642829642208213e-10,0,0,12,,workspace_x_upper,0,0,1,solved,osqp,0.0,valid,0.08685735796915847,0.545204143|0.553128457|0.208850247|0.086857358|0.225639053|0.232744693,0.695204143|0.703128457|0.358850247|0.236857358|0.375639053|0.382744693,0.665204143|0.673128457|0.328850247|0.206857358|0.345639053|0.352744693,0|0|0|0.15|0.15|0.15,0|0|-0.000228179027|0.0460668936|0.0428995617|0.0867901122,0.040632768|0.082882646|0.0669401497|-0.0777393529|-0.0462997413|-0.0676532521,2.22144934|2.29539648|0.90211296|0.315756973|0.899156031|0.950115633,0.51797092|-0.12291687|0.845737994,0.0281558242|0.228172243|0.0769688636,0.004364530555903912,0.0012574950233101845,0.0012833941727876663,0.0017970409244298935
154,7.75,-1.1028868640009035,0.4260793924331665,0.5645614862442017,0.2402597814798355,0.37334054708480835,0.35,3,0,0,0,0,,,nan,0,0.9975759387016296,0.25610777735710144,1.5878087282180786,0.9975759387016296,1.0,nan,0,0,0,0,0.0413003090064025,0.0,passthrough,1.0111893658135293e-11,0,0,12,,workspace_x_upper,0,0,1,solved,osqp,0.0,valid,0.08528761855871173,0.547351963|0.556968001|0.211976256|0.0852876186|0.22629788|0.234609237,0.697351963|0.706968001|0.361976256|0.235287619|0.37629788|0.384609237,0.667351963|0.676968001|0.331976256|0.205287619|0.34629788|0.354609237,0|0|0|0.15|0.15|0.15,0|0|-2.56617276e-05|0.0423775122|0.0402696923|0.0820476096,0.0439771824|0.0834552326|0.0677491143|-0.0715996347|-0.042025537|-0.0638840061,2.23338503|2.31132724|0.915628477|0.311928352|0.903435675|0.956600552,0.519378543|-0.111508273|0.849586785,0.0281558242|0.228172243|0.0769688636,0.004541696980595589,0.0013035368174314499,0.0013515939936041832,0.0018569407984614372
155,7.800000000000001,-0.9612914058456048,0.24848127365112305,0.5680591464042664,0.24129964411258698,0.19689446687698364,0.35,3,0,0,0,0,,,nan,0,1.0817606449127197,6.685702323913574,137.04837036132812,1.0878630876541138,1.0,nan,0,0,0,0,0.0413003090064025,0.0,filtered,0.05434669911797168,0,0,12,joint_2_acceleration_upper,workspace_x_upper,0,0,1,solved,osqp,0.0,valid,0.05995045866561535,0.534262257|0.548982431|0.201537941|0.0599504587|0.201520108|0.212999352,0.684262257|0.698982431|0.351537941|0.209950459|0.351520108|0.362999352,0.654262257|0.668982431|0.321537941|0.179950459|0.321520108|0.332999352,0.15|0.15|0.15|0.15|0.15|0.15,0|0|-0.000745509151|0.241929202|0.241276325|0.317801737,-0.0632810689|-0.0423381297|-0.0547718492|-0.198050974|-0.171147649|-0.18710364,2.07376796|2.15359159|0.750634407|0.283680062|0.876209108|0.982695504,0.520786166|-0.100099675|0.846792698,0.0281558242|0.228172243|-0.0769688636,0.005014981143176556,0.0014276010915637016,0.0015961788594722748,0.0019621187821030617
156,7.8500000000000005,-0.9818347004055977,0.2571300268173218,0.5718994140625,0.2401113361120224,0.205409437417984,0.35,3,0,0,0,0,,,nan,0,1.0281496047973633,3.7973361015319824,192.13902282714844,1.0281496047973633,1.0,nan,0,0,0,0,0.0413003090064025,0.0,passthrough,1.959924278510174e-11,0,0,12,,predictive_link_3,0,0,1,solved,osqp,0.0,valid,0.0613479250219581,0.531267971|0.546376384|0.198286766|0.061347925|0.204719913|0.218971667,0.681267971|0.696376384|0.348286766|0.211347925|0.354719913|0.368971667,0.651267971|0.666376384|0.318286766|0.181347925|0.324719913|0.338971667,0.15|0.15|0.15|0.15|0.15|0.15,0|0|0.00256131368|0.175600154|0.161811766|0.224750838,-0.0599897506|-0.0406417939|-0.0531741208|-0.195470472|-0.166930952|-0.185892482,2.06508213|2.14486374|0.742534257|0.225521382|0.813760465|0.914745024,0.522193789|-0.0886910781|0.842943907,0.0281558242|0.228172243|-0.0769688636,0.005135545507073402,0.0015436960384249687,0.0015709009021520615,0.0019860509783029556
157,7.9,-1.0134946675344794,0.2811444401741028,0.5757437944412231,0.23765917122364044,0.22861257195472717,0.35,3,0,0,0,0,,,nan,0,1.0178073644638062,1.3767601251602173,48.88648223876953,1.0178073644638062,1.0,nan,0,0,0,0,0.0413003090064025,0.0,passthrough,1.3630529779929674e-11,0,0,12,,predictive_link_3,0,0,1,solved,osqp,0.0,valid,0.060352902316114426,0.528453513|0.5438165|0.195317633|0.0603529023|0.204422096|0.221378269,0.678453513|0.6938165|0.345317633|0.210352902|0.354422096|0.371378269,0.648453513|0.6638165|0.315317633|0.180352902|0.324422096|0.341378269,0.15|0.15|0.15|0.15|0.15|0.15,0|0|0.00335390692|0.150237955|0.132125916|0.190353533,-0.0566608999|-0.0386851107|-0.0511826568|-0.194055043|-0.163860492|-0.185729748,2.05715315|2.13658089|0.733441784|0.197594522|0.785953808|0.89013686,0.523601413|-0.0772824809|0.839095116,0.0281558242|0.228172243|-0.0769688636,0.005174090154469013,0.0015417588874697685,0.0015828143805265427,0.0020157499238848686
158,7.95,-1.0269029233316225,0.2834876477718353,0.5796854496002197,0.23531250655651093,0.23018427193164825,0.35,3,0,0,0,0,,,nan,0,1.0341440439224243,1.9875656366348267,62.599308013916016,1.0341440439224243,1.0,nan,0,0,0,0,0.0413003090064025,0.0,passthrough,9.752189231029654e-12,0,0,12,,predictive_link_3,0,0,1,solved,osqp,0.0,valid,0.05802884631331637,0.525809837|0.541371864|0.192552038|0.0580288463|0.202385835|0.221939256,0.675809837|0.691371864|0.342552038|0.208028846|0.352385835|0.371939256,0.645809837|0.661371864|0.312552038|0.178028846|0.322385835|0.341939256,0.15|0.15|0.15|0.15|0.15|0.15,0|0|0.00307939583|0.150680069|0.131884975|0.194549947,-0.0532977125|-0.0366465918|-0.0490450833|-0.193094853|-0.161129897|-0.185919386,2.04994163|2.12884087|0.724242465|0.189700601|0.78029842|0.896387585,0.525009036|-0.0658738837|0.835246325,0.0281558242|0.228172243|-0.0769688636,0.005132346414029598,0.0015726825222373009,0.0015988852828741074,0.0019263401627540588
159,8.0,-1.0467145893092957,0.2882503271102905,0.5839308500289917,0.2329944521188736,0.23420949280261993,0.35,3,0,0,0,0,,,nan,0,1.0353089570999146,0.9827473759651184,38.60354995727539,1.0353089570999146,1.0,nan,0,0,0,0,0.0413003090064025,0.0,passthrough,9.483420909195351e-12,0,0,12,,predictive_link_3,0,0,1,solved,osqp,0.0,valid,0.055812571407354544,0.523334997|0.539064016|0.189928808|0.0558125714|0.200167849|0.222582456,0.673334997|0.689064016|0.339928808|0.205812571|0.350167849|0.372582456,0.643334997|0.659064016|0.309928808|0.175812571|0.320167849|0.342582456,0.15|0.15|0.15|0.15|0.15|0.15,0|0|0.00289766314|0.149751453|0.130015998|0.191628568,-0.0499023819|-0.0345937009|-0.0469812763|-0.192118387|-0.157843171|-0.185994987,2.0434376|2.12166236|0.71563162|0.180883352|0.772844223|0.895963406,0.526416659|-0.0544652864|0.831397533,0.0281558242|0.228172243|-0.0769688636,0.0050596632063388824,0.0015323646366596222,0.0015931939706206322,0.0018986156210303307
160,8.05,-1.0606101579829021,0.2941575050354004,0.5880838632583618,0.2306721955537796,0.23942068219184875,0.35,3,0,0,0,0,,,nan,0,1.032461166381836,0.3626895248889923,17.947120666503906,1.032461166381836,1.0,nan,0,0,0,0,0.0413003090064025,0.0,passthrough,1.3689376859077734e-11,0,0,12,,predictive_link_3,0,0,1,solved,osqp,0.0,valid,0.05364006332910107,0.521028113|0.536904909|0.187452951|0.0536400633|0.197834845|0.223067461,0.671028113|0.686904909|0.337452951|0.203640063|0.347834845|0.373067461,0.641028113|0.656904909|0.307452951|0.173640063|0.317834845|0.343067461,0.15|0.15|0.15|0.15|0.15|0.15,0|0|0.00301550001|0.148330255|0.128373722|0.188522919,-0.0464770274|-0.0325644462|-0.0450301987|-0.191031423|-0.154288576|-0.18592707,2.03763542|2.11505519|0.707797107|0.171859086|0.765424526|0.894865694,0.527824283|-0.0430566892|0.827548742,0.0281558242|0.228172243|-0.0769688636,0.005197986960411072,0.0015525240451097488,0.0016847224906086922,0.0019262200221419334
161,8.1,-1.074929035661926,0.303008496761322,0.592024028301239,0.22827453911304474,0.2475392073392868,0.35,3,0,0,0,0,,,nan,0,1.034844994544983,0.3559207320213318,12.698241233825684,1.034844994544983,1.0,nan,0,0,0,0,0.0413003090064025,0.0,passthrough,1.0386591393760275e-11,0,0,12,,predictive_link_3,0,0,1,solved,osqp,0.0,valid,0.05148805683636962,0.5188892|0.534899063|0.185121017|0.0514880568|0.195443146|0.223377362,0.6688892|0.684899063|0.335121017|0.201488057|0.345443146|0.373377362,0.6388892|0.654899063|0.305121017|0.171488057|0.315443146|0.343377362,0.15|0.15|0.15|0.15|0.15|0.15,0|0|0.00335155361|0.144873519|0.123682013|0.184288855,-0.0430237039|-0.0305779831|-0.0431408428|-0.189764016|-0.150478955|-0.185664776,2.03253309|2.10901827|0.700694779|0.16106173|0.754975642|0.892133526,0.529231906|-0.031648092|0.823699951,0.0281558242|0.228172243|-0.0769688636,0.005197863094508648,0.001570986583828926,0.0016613611951470375,0.001930450089275837
162,8.15,-1.076419950758166,0.29259824752807617,0.5960889458656311,0.22632665932178497,0.23657143115997314,0.35,3,0,0,0,0,,,nan,0,1.0385427474975586,0.3020646572113037,9.691828727722168,1.0385427474975586,1.0,nan,0,0,0,0,0.0413003090064025,0.0,passthrough,1.1934658817483487e-11,0,0,12,,predictive_link_3,0,0,1,solved,osqp,0.0,valid,0.04926321860318214,0.516923179|0.533029595|0.182935423|0.0492632186|0.192840447|0.223431288,0.666923179|0.683029595|0.332935423|0.199263219|0.342840447|0.373431288,0.636923179|0.653029595|0.302935423|0.169263219|0.312840447|0.343431288,0.15|0.15|0.15|0.15|0.15|0.15,0|0|0.00382780857|0.151799882|0.127994147|0.190315879,-0.0395437197|-0.028575484|-0.0412188247|-0.188475844|-0.146482988|-0.18531932,2.028149|2.1035429|0.694350675|0.160376913|0.752872946|0.89872171,0.530639529|-0.0202394724|0.81985116,0.0281558242|0.228172243|-0.0769688636,0.005204228684306145,0.001568872481584549,0.0016887355595827103,0.0019135363399982452
163,8.200000000000001,-1.1161451089650771,0.3216076195240021,0.600199282169342,0.22376073896884918,0.2647077739238739,0.35,3,0,0,0,0,,,nan,0,1.0315988063812256,0.8548645377159119,19.934038162231445,1.0315988063812256,1.0,nan,0,0,0,0,0.0413003090064025,0.0,passthrough,1.883029794160242e-11,0,0,12,,predictive_link_3,0,0,1,solved,osqp,0.0,valid,0.04747552867132668,0.515137512|0.531275633|0.180890936|0.0474755287|0.19051289|0.223731689,0.665137512|0.681275633|0.330890936|0.197475529|0.34051289|0.373731689,0.635137512|0.651275633|0.300890936|0.167475529|0.31051289|0.343731689,0.15|0.15|0.15|0.15|0.15|0.15,0|0|0.00401047676|0.138022123|0.11168505|0.171993695,-0.0360380316|-0.0264604027|-0.0391788005|-0.187285125|-0.142439685|-0.184986042,2.02451202|2.09864213|0.688395419|0.140639113|0.731296924|0.881934409,0.532047153|-0.00883086026|0.816002369,0.0281558242|0.228172243|-0.0769688636,0.005178278312087059,0.0015752175822854042,0.0016555879265069962,0.001913764514029026
164,8.25,-1.1022804402236037,0.2951348125934601,0.6044414639472961,0.22211648523807526,0.23779074847698212,0.35,3,0,0,0,0,,,nan,0,1.0449122190475464,0.9348205327987671,34.349571228027344,1.0449122190475464,1.0,nan,0,0,0,0,0.0413003090064025,0.0,passthrough,1.1320217736579595e-11,0,0,12,,predictive_link_3,0,0,1,solved,osqp,0.0,valid,0.04506107052939459,0.513525903|0.529667059|0.179011198|0.0450610705|0.187674434|0.223184186,0.663525903|0.679667059|0.329011198|0.195061071|0.337674434|0.373184186,0.633525903|0.649667059|0.299011198|0.165061071|0.307674434|0.343184186,0.15|0.15|0.15|0.15|0.15|0.15,0|0|0.00446657185|0.154253441|0.125650725|0.190280942,-0.0325099151|-0.0243494383|-0.0371537622|-0.186146658|-0.138673279|-0.184632618,2.0215937|2.0943188|0.6833576|0.148351066|0.737675182|0.898385067,0.533454776|0.00257775281|0.812153578,0.0281558242|0.228172243|-0.0769688636,0.005125693045556545,0.0015464602038264275,0.001624428667128086,0.0019224192947149277
165,8.3,-1.1647150612914312,0.349161297082901,0.6085865497589111,0.21917913854122162,0.29075443744659424,0.35,3,0,0,0,0,,,nan,0,1.0325275659561157,1.367634892463684,44.05743408203125,1.0325275659561157,1.0,nan,0,0,0,0,0.0413003090064025,0.0,passthrough,2.1762739919530402e-11,0,0,12,,predictive_link_3,0,0,1,solved,osqp,0.0,valid,0.04356772766622105,0.512097152|0.528181756|0.177272591|0.0435677277|0.185499803|0.22342511,0.662097152|0.678181756|0.327272591|0.193567728|0.335499803|0.37342511,0.632097152|0.648181756|0.297272591|0.163567728|0.305499803|0.34342511,0.15|0.15|0.15|0.15|0.15|0.15,0|0|0.0044357529|0.12779341|0.0974671639|0.157577297,-0.0289602081|-0.0221250923|-0.0350520203|-0.185026315|-0.134613582|-0.184187245,2.0194284|2.09060193|0.678474097|0.117038005|0.704852795|0.867090491,0.534862399|0.013986364|0.808304787,0.0281558242|0.228172243|-0.0769688636,0.00513443723320961,0.0015240814536809921,0.00170925073325634,0.0018684659153223038
166,8.35,-1.1348273680652508,0.3030075430870056,0.6130304932594299,0.21778790652751923,0.24420075118541718,0.35,3,0,0,0,0,,,nan,0,1.052600383758545,1.469934105873108,55.8294792175293,1.052600383758545,1.0,nan,0,0,0,0,0.0413003090064025,0.0,passthrough,1.2281719489532445e-11,0,0,12,,predictive_link_3,0,0,1,solved,osqp,0.0,valid,0.04078532727282794,0.510838306|0.526860817|0.175703431|0.0407853273|0.18242361|0.222191104,0.660838306|0.676860817|0.325703431|0.190785327|0.33242361|0.372191104,0.630838306|0.646860817|0.295703431|0.160785327|0.30242361|0.342191104,0.15|0.15|0.15|0.15|0.15|0.15,0|0|0.00537978283|0.155517807|0.120909859|0.188997213,-0.0253934026|-0.0200012444|-0.03307112|-0.183853772|-0.131555187|-0.183653052,2.01795982|2.08744202|0.675122385|0.134805344|0.719049112|0.894108575,0.536270022|0.0253949817|0.804455996,0.0281558242|0.228172243|-0.0769688636,0.005067005753517151,0.0015169000253081322,0.0016606282442808151,0.0018569035455584526
167,8.4,-1.1889813911426703,0.3491393029689789,0.6173341870307922,0.21517790853977203,0.2893502116203308,0.35,3,0,0,0,0,,,nan,0,1.0394662618637085,1.3137859106063843,55.11936950683594,1.0394662618637085,1.0,nan,0,0,0,0,0.0413003090064025,0.0,passthrough,1.2315609800136436e-11,0,0,12,,predictive_link_3,0,0,1,solved,osqp,0.0,valid,0.03951447478570644,0.509773742|0.525645734|0.174289656|0.0395144748|0.180422052|0.222328667,0.659773742|0.675645734|0.324289656|0.189514475|0.330422052|0.372328667,0.629773742|0.645645734|0.294289656|0.159514475|0.300422052|0.342328667,0.15|0.15|0.15|0.15|0.15|0.15,0|0|0.00532856363|0.131065675|0.0963050352|0.158748744,-0.0218078373|-0.0176132808|-0.0308358817|-0.182957142|-0.129573275|-0.183174887,2.01728713|2.08496965|0.671651308|0.106166433|0.688419966|0.864888525,0.537677646|0.036803592|0.800607204,0.0281558242|0.228172243|-0.0769688636,0.0050019389018416405,0.0015185009688138962,0.001589612103998661,0.0018616896122694016
168,8.450000000000001,-1.1701413615805734,0.3141390383243561,0.6219097375869751,0.21359340846538544,0.25378531217575073,0.35,3,0,0,0,0,,,nan,0,1.0545094013214111,0.9948358535766602,45.017547607421875,1.0545094013214111,1.0,nan,0,0,0,0,0.0413003090064025,0.0,passthrough,1.1033249335327199e-11,0,0,12,,predictive_link_3,0,0,1,solved,osqp,0.0,valid,0.03703479483038416,0.508880487|0.524596951|0.173038935|0.0370347948|0.177676239|0.221128035,0.658880487|0.674596951|0.323038935|0.187034795|0.327676239|0.371128035,0.628880487|0.644596951|0.293038935|0.157034795|0.297676239|0.341128035,0.15|0.15|0.15|0.15|0.15|0.15,0|0|0.00619859715|0.148843856|0.110079451|0.178305667,-0.0182097517|-0.0153286161|-0.0287156072|-0.18196613|-0.12744329|-0.182574699,2.01731219|2.08305919|0.66963873|0.115016905|0.693341118|0.880243109,0.539085269|0.0482121892|0.796758413,0.0281558242|0.228172243|-0.0769688636,0.005178568884730339,0.0015482781454920769,0.0016301516443490982,0.0019675418734550476
169,8.5,-1.2250146871245953,0.3624439239501953,0.6262475252151489,0.21099190413951874,0.3010770082473755,0.35,3,0,0,0,0,,,nan,0,1.043944001197815,1.0893125534057617,40.56810760498047,1.043944001197815,1.0,nan,0,0,0,0,0.0413003090064025,0.0,passthrough,7.431227891368958e-12,0,0,12,,predictive_link_3,0,0,1,solved,osqp,0.0,valid,0.035545605518098405,0.508179682|0.523673467|0.171962735|0.0355456055|0.17563162|0.220776758,0.658179682|0.673673467|0.321962735|0.185545606|0.32563162|0.370776758,0.628179682|0.643673467|0.291962735|0.155545606|0.29563162|0.340776758,0.15|0.15|0.15|0.15|0.15|0.15,0|0|0.00607682368|0.128885865|0.0913898106|0.153644316,-0.0145980702|-0.0128308444|-0.0263993634|-0.181246401|-0.125625014|-0.182014527,2.01812066|2.08186303|0.667528402|0.089821886|0.668291275|0.854736819,0.540492892|0.0596207865|0.792909622,0.0281558242|0.228172243|-0.0769688636,0.00510619580745697,0.0015411879867315292,0.0016448348760604858,0.001888304017484188
170,8.55,-1.2092908003516278,0.32831183075904846,0.6309517025947571,0.2093544453382492,0.26626795530319214,0.35,3,0,0,0,0,,,nan,0,1.060115933418274,1.0182079076766968,40.814029693603516,1.060115933418274,1.0,nan,0,0,0,0,0.0413003090064025,0.0,passthrough,1.6255626432000144e-11,0,0,12,,predictive_link_3,0,0,1,solved,osqp,0.0,valid,0.033069676223949934,0.507649122|0.522919352|0.171036199|0.0330696762|0.173043047|0.219354901,0.657649122|0.672919352|0.321036199|0.183069676|0.323043047|0.369354901,0.627649122|0.642919352|0.291036199|0.153069676|0.293043047|0.339354901,0.15|0.15|0.15|0.15|0.15|0.15,0|0|0.00714622951|0.145102816|0.102013721|0.171405797,-0.0109789556|-0.0104718451|-0.0242467701|-0.180287207|-0.123568428|-0.181229388,2.01961753|2.08120556|0.667044257|0.0970943134|0.67061748|0.867596012,0.541900516|0.0710293874|0.789060831,0.0281558242|0.228172243|-0.0769688636,0.005136225372552872,0.001566990278661251,0.0016523757949471474,0.0018820082768797874
171,8.6,-1.2518751129150223,0.3627898395061493,0.6354727745056152,0.20706377923488617,0.29977667331695557,0.35,3,0,0,0,0,,,nan,0,1.0534510612487793,0.73949134349823,34.013771057128906,1.0534510612487793,1.0,nan,0,0,0,0,0.0413003090064025,0.0,passthrough,1.386416002944767e-11,0,0,12,,predictive_link_3,0,0,1,solved,osqp,0.0,valid,0.031498783124256385,0.50731572|0.522294224|0.170307281|0.0314987831|0.171032121|0.218712258,0.65731572|0.672294224|0.320307281|0.181498783|0.321032121|0.368712258,0.62731572|0.642294224|0.290307281|0.151498783|0.291032121|0.338712258,0.15|0.15|0.15|0.15|0.15|0.15,0|0|0.00719695501|0.132314012|0.0899784883|0.155099076,-0.00735040946|-0.00784144533|-0.0218256814|-0.179773281|-0.1219657|-0.18057856,2.02191247|2.08133545|0.666600398|0.0785358635|0.65214127|0.849369548,0.543308139|0.0824379846|0.78521204,0.0281558242|0.228172243|-0.0769688636,0.005346695892512798,0.0016156956553459167,0.0016810009256005287,0.0020140642300248146
172,8.65,-1.2547507233542285,0.3472435772418976,0.6403290033340454,0.20527459681034088,0.2833593785762787,0.35,3,0,0,0,0,,,nan,0,1.0666414499282837,0.7249977588653564,26.62589454650879,1.0666414499282837,1.0,nan,0,0,0,0,0.0413003090064025,0.0,passthrough,2.2368300179886193e-11,0,0,12,,predictive_link_3,0,0,1,solved,osqp,0.0,valid,0.029297164540991627,0.507156853|0.521833739|0.169731054|0.0292971645|0.168716639|0.217382253,0.657156853|0.671833739|0.319731054|0.179297165|0.318716639|0.367382253,0.627156853|0.641833739|0.289731054|0.149297165|0.288716639|0.337382253,0.15|0.15|0.15|0.15|0.15|0.15,0|0|0.00817229099|0.139983048|0.0921369111|0.162996765,-0.00371867338|-0.00529428609|-0.0195059915|-0.179082614|-0.120212236|-0.179728831,2.02490874|2.08204067|0.667590515|0.078089092|0.646791231|0.852796946,0.544715762|0.0938465819|0.781363249,0.0281558242|0.228172243|-0.0769688636,0.005302554927766323,0.001581760123372078,0.0017218375578522682,0.001965804025530815
173,8.700000000000001,-1.2827368097339265,0.3629688620567322,0.645176351070404,0.2032810002565384,0.2980594038963318,0.35,3,0,0,0,0,,,nan,0,1.069928526878357,0.32619720697402954,13.9762544631958,1.069929838180542,1.0,nan,0,0,0,0,0.0413003090064025,0.0,filtered,1.5166840824101821e-06,0,0,12,,predictive_link_3,0,0,1,solved,osqp,0.0,valid,0.027537237668319725,0.507193206|0.521516195|0.16936432|0.0275372377|0.16663306|0.21641158,0.657193206|0.671516195|0.31936432|0.177537238|0.31663306|0.36641158,0.627193206|0.641516195|0.28936432|0.147537238|0.28663306|0.33641158,0.15|0.15|0.15|0.15|0.15|0.15,0|0|0.00860728943|0.135333652|0.0856258629|0.156574518,-8.27916663e-05|-0.00251469589|-0.0169571355|-0.178834693|-0.118889611|-0.179009916,2.02869003|2.08355009|0.669107436|0.0666479094|0.633268492|0.843210924,0.546123385|0.105255179|0.777514458,0.0281558242|0.228172243|-0.0769688636,0.005249029025435448,0.0015670917928218842,0.001720380038022995,0.001928127370774746
174,8.75,-1.3059599016423458,0.36818987131118774,0.650286853313446,0.2013249546289444,0.3020952343940735,0.35,3,0,0,0,0,,,nan,0,1.0805734395980835,0.5916652083396912,9.603858947753906,1.0805734395980835,1.0,nan,0,0,0,0,0.0413003090064025,0.0,passthrough,4.060027724764935e-11,0,0,12,,workspace_y_upper,0,0,1,solved,osqp,0.0,valid,0.025560773166818707,0.507325428|0.521355116|0.169177433|0.0255607732|0.164408361|0.215174801,0.657325428|0.671355116|0.319177433|0.175560773|0.314408361|0.365174801,0.627325428|0.641355116|0.289177433|0.145560773|0.284408361|0.335174801,0.10083608|0.131481863|0.15|0.15|0.15|0.15,0|0|0.00941508844|0.134640723|0.0795001919|0.155112094,-6.02648887e-18|-4.15693793e-17|-0.0143731326|-0.178670064|-0.117658707|-0.178219338,2.02930171|2.08542046|0.671751689|0.0582137512|0.61947493|0.83759196,0.547531009|0.116663776|0.773665667,0.0281558242|0.228172243|-0.0769688636,0.0050841327756643295,0.0015925578773021698,0.001628674566745758,0.001829453743994236
175,8.8,-1.332222178869706,0.37772315740585327,0.6555614471435547,0.19931994378566742,0.3102377653121948,0.35,3,0,0,0,0,,,nan,0,1.0915029048919678,0.5891566872596741,3.354074001312256,1.092176914215088,1.0,nan,0,0,0,0,0.0413003090064025,0.0,filtered,0.0018901002744711405,0,0,12,,workspace_y_upper,0,0,1,solved,osqp,7.052470911150799e-07,valid,0.023560302850084924,0.507468081|0.521049283|0.1692054|0.0235603029|0.16204167|0.213892218,0.657468081|0.671049283|0.3192054|0.173560303|0.31204167|0.363892218,0.627468081|0.641049283|0.2892054|0.143560303|0.28204167|0.333892218,0.0504906441|0|0.15|0.15|0.15|0.15,0|0|0.01009033|0.132558034|0.0720742454|0.152356025,2.53325055e-18|0.000710145229|-0.0115720408|-0.178952638|-0.116839658|-0.177561041,2.02987232|2.08490728|0.675339889|0.047846608|0.603401268|0.830363855,0.548938632|0.128072396|0.769816875,0.0281558242|0.228172243|-0.0769688636,0.005180545151233673,0.0016289129853248596,0.0016676625236868858,0.0018490767106413841
176,8.85,-1.4077677915807407,0.46548089385032654,0.6595628261566162,0.19559775292873383,0.39589789509773254,0.35,3,0,0,0,0,,,nan,0,1.0726995468139648,1.4691228866577148,36.26380157470703,1.1055738925933838,1.0,nan,0,0,0,0,0.0413003090064025,0.0,filtered,0.09826308824747304,0,0,12,,workspace_y_upper,0,0,1,solved,osqp,2.3563552176142366e-07,valid,0.02145312102414204,0.507620084|0.52072727|0.169445085|0.021453121|0.159429636|0.212485586,0.657620084|0.67072727|0.319445085|0.171453121|0.309429636|0.362485586,0.627620084|0.64072727|0.289445085|0.141453121|0.279429636|0.332485586,0.00010876503|0|0.15|0.15|0.15|0.15,0|0|0.00869736773|0.101132482|0.0491626296|0.11702129,8.20581696e-18|0.0038053573|-0.00855124874|-0.179653988|-0.116399687|-0.176999104,2.03048034|2.08671444|0.67792646|0.00729097802|0.570481486|0.789964532,0.550346255|0.139481083|0.765968084,0.0281558242|0.228172243|-0.0769688636,0.0051522022113204,0.0015752287581562996,0.0016425000503659248,0.0018989089876413345
177,8.9,-1.3766455632687489,0.4473138451576233,0.6624143719673157,0.19265709817409515,0.3764873743057251,0.35,3,0,0,0,0,,,nan,0,1.0544724464416504,2.0452218055725098,37.993892669677734,1.1036629676818848,1.0,nan,0,0,0,0,0.0413003090064025,0.0,filtered,0.15850929133185943,0,0,12,,workspace_y_upper,0,0,1,solved,osqp,3.65436336802194e-07,valid,0.017741111274674037,0.507833526|0.520646515|0.169739795|0.0177411113|0.15577976|0.209416611,0.657833526|0.670646515|0.319739795|0.167741111|0.30577976|0.359416611,0.627833526|0.640646515|0.289739795|0.137741111|0.27577976|0.329416611,0|0|0.15|0.15|0.15|0.15,0|0|0.00786466504|0.116728956|0.0743477139|0.131389993,0.00362644502|0.00651114706|-0.00590319985|-0.179502332|-0.115082483|-0.175809477,2.03496055|2.08909721|0.680920646|0.00819106875|0.582384269|0.79324696,0.551753879|0.150889769|0.762119293,0.0281558242|0.228172243|-0.0769688636,0.005076094530522823,0.0015321113169193268,0.001605556346476078,0.0019053034484386444
178,8.950000000000001,-1.38814677566319,0.4603385329246521,0.6648197174072266,0.18968333303928375,0.3886442184448242,0.35,3,0,0,0,0,,,nan,0,1.0186767578125,2.327039957046509,58.48393630981445,1.0644805431365967,1.0,nan,0,0,0,0,0.0413003090064025,0.0,filtered,0.17179270982275208,0,0,12,,workspace_y_upper,0,0,1,solved,osqp,4.370650738827475e-07,valid,0.014968857737271912,0.508206591|0.520779633|0.170065638|0.0149688577|0.153305874|0.206935226,0.658206591|0.670779633|0.320065638|0.164968858|0.303305874|0.356935226,0.628206591|0.640779633|0.290065638|0.134968858|0.273305874|0.326935226,0|0|0.15|0.15|0.15|0.15,0|0|0.00709968147|0.118337324|0.0852665188|0.127010176,0.00725365915|0.00891831499|-0.00352918203|-0.17821308|-0.11285815|-0.173911666,2.04008002|2.09203685|0.683833051|-3.25559667e-07|0.585631866|0.780839414,0.553161502|0.162298456|0.758270502,0.0281558242|0.228172243|-0.0769688636,0.005185926333069801,0.001615789718925953,0.001591135747730732,0.0019458578899502754
179,9.0,-1.3811398841996607,0.45327287912368774,0.6669204235076904,0.18707726895809174,0.3813469111919403,0.35,3,0,0,0,0,,,nan,0,0.9986457824707031,2.2104132175445557,4.592227935791016,1.0370078086853027,1.0,nan,0,0,0,0,0.0413003090064025,0.0,filtered,0.1681334176053849,0,0,12,,workspace_y_upper,0,0,1,solved,osqp,3.699012975366678e-07,valid,0.012305150161344258,0.508739776|0.52110825|0.170435409|0.0123051502|0.151706227|0.204521268,0.658739776|0.67110825|0.320435409|0.16230515|0.301706227|0.354521268,0.628739776|0.64110825|0.290435409|0.13230515|0.271706227|0.324521268,0|0|0.15|0.15|0.15|0.15,0|0|0.00659453893|0.12666853|0.101957573|0.130615599,0.0108716121|0.0110380447|-0.00146842802|-0.175889411|-0.109961436|-0.171658631,2.04583072|2.09547105|0.686867745|-2.81085064e-07|0.598821044|0.777042042,0.554569125|0.173707142|0.754421711,0.0281558242|0.228172243|-0.0769688636,0.005090619437396526,0.0015437677502632141,0.001613629050552845,0.001901223324239254
180,9.05,-1.375553127554588,0.4464149475097656,0.668823778629303,0.18476609885692596,0.3748112618923187,0.35,3,0,0,0,0,,,nan,0,0.9943782091140747,1.5076276063919067,16.436431884765625,1.0166703462600708,1.0,nan,0,0,0,0,0.0413003090064025,0.0,filtered,0.1399909033223013,0,0,12,,workspace_y_upper,0,0,1,solved,osqp,2.806304749136679e-07,valid,0.010148442850809791,0.509435993|0.521604994|0.170844072|0.0101484429|0.151261929|0.202523595,0.659435993|0.671604994|0.320844072|0.160148443|0.301261929|0.352523595,0.629435993|0.641604994|0.290844072|0.130148443|0.271261929|0.322523595,0|0|0.139405281|0.15|0.15|0.15,0|0|0.00658893407|0.131965065|0.113458256|0.131831409,0.0144786555|0.0129160196|6.53729441e-18|-0.172559055|-0.106499661|-0.169118494,2.05222263|2.099336|0.689965221|-2.18148159e-07|0.612006312|0.772807294,0.555976748|0.185115829|0.75057292,0.0281558242|0.228172243|-0.0769688636,0.0051687657833099365,0.0015621017664670944,0.0016391277313232422,0.001933128573000431
181,9.1,-1.3692086244227006,0.4389791488647461,0.6705411672592163,0.18271179497241974,0.3681766092777252,0.35,3,0,0,0,0,,,nan,0,0.9961679577827454,0.8097297549247742,17.05448341369629,1.0066152811050415,1.0,nan,0,0,0,0,0.0413003090064025,0.0,filtered,0.12854881776254293,0,0,12,,workspace_y_upper,0,0,1,solved,osqp,2.0980018264338263e-07,valid,0.008404743733274378,0.510297573|0.522244211|0.171253391|0.00840474373|0.15170308|0.200771322,0.660297573|0.672244211|0.321253391|0.158404744|0.30170308|0.350771322,0.630297573|0.642244211|0.291253391|0.128404744|0.27170308|0.320771322,0|0|0.08939961|0.15|0.15|0.15,0|0|0.00766872775|0.134759218|0.120620584|0.131254774,0.0180730916|0.0145895218|-1.32331378e-17|-0.168378357|-0.103912155|-0.166435396,2.05926338|2.10356637|0.692682293|-1.63603151e-07|0.623520748|0.767904667,0.557384372|0.196524516|0.746724129,0.0281558242|0.228172243|-0.0769688636,0.005074005573987961,0.0015568118542432785,0.0015854937955737114,0.0018988866358995438
182,9.15,-1.3615145570793186,0.43150484561920166,0.6720272302627563,0.18087907135486603,0.3619105815887451,0.35,3,0,0,0,0,,,nan,0,0.997754693031311,0.44023820757865906,10.63294506072998,1.0004115104675293,1.0,nan,0,0,0,0,0.0413003090064025,0.0,filtered,0.1303118714770069,0,0,12,,workspace_y_upper,0,0,1,solved,osqp,1.5260035016173568e-07,valid,0.007014275164280881,0.511326936|0.523002312|0.171675836|0.00701427516|0.152638093|0.199104509,0.661326936|0.673002312|0.321675836|0.157014275|0.302638093|0.349104509,0.631326936|0.643002312|0.291675836|0.127014275|0.272638093|0.319104509,0|0|0.0486016053|0.15|0.15|0.15,0|0|0.00879398504|0.135452041|0.124579855|0.129137619,0.0216532757|0.0160992622|-2.25234862e-17|-0.163509255|-0.104283318|-0.163708016,2.06696102|2.10810851|0.695497328|-1.13370347e-07|0.630848911|0.761847639,0.558791995|0.207933202|0.742875338,0.0281558242|0.228172243|-0.0769688636,0.004496860317885876,0.0013240231201052666,0.0013234680518507957,0.0018190359696745872
183,9.200000000000001,-1.355652874551033,0.42600247263908386,0.6733031272888184,0.17921008169651031,0.35795772075653076,0.35,3,0,0,0,0,,,nan,0,0.9982810020446777,0.3170647919178009,2.765261173248291,0.9974842071533203,1.0,nan,0,0,0,0,0.0413003090064025,0.0,filtered,0.13980225939534338,0,1,12,predictive_link_3,workspace_y_upper,0,0,1,solved,osqp,1.0976846454707756e-07,valid,0.005923227876990678,0.512526428|0.523859235|0.172132635|0.00592322788|0.153776473|0.197394024,0.662526428|0.673859235|0.322132635|0.155923228|0.303776473|0.347394024,0.632526428|0.643859235|0.292132635|0.125923228|0.273776473|0.317394024,0|0|0.014070945|0.15|0.15|0.15,0|0|0.00985049645|0.134396879|0.125709324|0.125455978,0.0252175708|0.017488765|-7.23709582e-18|-0.158089875|-0.104807182|-0.161009874,2.07532328|2.11292571|0.698381035|-8.44947413e-08|0.636008032|0.754022198,0.560199618|0.219341889|0.739026546,0.0281558242|0.228172243|-0.0769688636,0.0047809770330786705,0.0014121346175670624,0.001459263265132904,0.0018788911402225494
184,9.25,-1.3519166382298229,0.4224929213523865,0.6744020581245422,0.17765729129314423,0.3562847077846527,0.35,3,0,0,0,0,,,nan,0,0.9980549812316895,0.25864705443382263,1.8789440393447876,0.9956108331680298,1.0,nan,0,0,0,0,0.0413003090064025,0.0,filtered,0.147354312332751,0,2,12,predictive_link_3|workspace_y_upper,workspace_y_upper,0,0,1,solved,osqp,7.58599087782863e-08,valid,0.005062908992350124,0.513897299|0.524800488|0.172633723|0.00506290899|0.154956417|0.19552325,0.663897299|0.674800488|0.322633723|0.155062909|0.304956417|0.34552325,0.633897299|0.644800488|0.292633723|0.125062909|0.274956417|0.31552325,0|0|0|0.15|0.15|0.15,0|0|0.0104966591|0.131949949|0.12468365|0.120540956,0.0287641827|0.0187872549|0.000494803044|-0.152201638|-0.105468445|-0.158434622,2.08435338|2.11798921|0.701526356|-5.29089863e-08|0.639040875|0.744199333,0.561607242|0.230750576|0.735177755,0.0281558242|0.228172243|-0.0769688636,0.004653804004192352,0.001423453912138939,0.001377219334244728,0.0018211724236607552
185,9.3,-1.3496637631604225,0.4204944372177124,0.6753454804420471,0.17618750035762787,0.35636627674102783,0.35,3,0,0,0,0,,,nan,0,0.9972997903823853,0.21652530133724213,1.4810322523117065,0.993895947933197,1.0,nan,0,0,0,0,0.0413003090064025,0.0,filtered,0.1515622975495957,0,2,12,predictive_link_3|workspace_y_upper,predictive_link_3,0,0,1,solved,osqp,4.902487757418861e-08,valid,0.004377221461196956,0.515440177|0.525815745|0.173199182|0.00437722146|0.156047143|0.193376835,0.665440177|0.675815745|0.323199182|0.154377221|0.306047143|0.343376835,0.635440177|0.645815745|0.293199182|0.124377221|0.276047143|0.313376835,0|0|0|0.15|0.15|0.15,0|0|0.0108217248|0.128401272|0.122024888|0.11471931,0.0322912571|0.0200161137|0.0013315635|-0.145910207|-0.106243519|-0.15607084,2.09405197|2.12327909|0.704950017|-4.89610419e-08|0.63996994|0.732155809,0.563014865|0.242159262|0.731328964,0.0281558242|0.228172243|-0.0769688636,0.004861491732299328,0.0014283861964941025,0.001462036743760109,0.0019397363066673279
186,9.35,-1.3483193013499297,0.41955262422561646,0.6761463284492493,0.17477811872959137,0.35771337151527405,0.35,3,0,0,0,0,,,nan,0,0.9961927533149719,0.19230298697948456,1.443068504333496,0.9923751950263977,1.0,nan,0,0,0,0,0.0413003090064025,0.0,filtered,0.15376657511817426,0,2,12,predictive_link_3|workspace_y_upper,predictive_link_3,0,0,1,solved,osqp,3.520438733584097e-08,valid,0.0038252620774637536,0.517155331|0.526897613|0.173826382|0.00382526208|0.156942619|0.190846219,0.667155331|0.676897613|0.323826382|0.153825262|0.306942619|0.340846219,0.637155331|0.646897613|0.293826382|0.123825262|0.276942619|0.310846219,0|0|0|0.15|0.15|0.15,0|0|0.0111116603|0.123972253|0.11813549|0.10837847,0.0357969266|0.0211933157|0.00211092284|-0.13927334|-0.107092147|-0.153783939,2.10441825|2.12878377|0.708528111|-3.80355877e-08|0.638813817|0.717979408,0.564422488|0.253567934|0.727480173,0.0281558242|0.228172243|-0.0769688636,0.004809631034731865,0.0014185849577188492,0.0014805430546402931,0.001879786141216755
187,9.4,-1.3479635451005199,0.4196975827217102,0.6768183708190918,0.1734084039926529,0.36032891273498535,0.35,3,0,0,0,0,,,nan,0,0.9946244359016418,0.1727878898382187,1.1612852811813354,0.9910288453102112,1.0,nan,0,0,0,0,0.0413003090064025,0.0,filtered,0.15532514878057385,0,2,12,predictive_link_3|workspace_y_upper,predictive_link_3,0,0,1,solved,osqp,2.2723039949656965e-08,valid,0.0033776305209167745,0.519042724|0.528041685|0.17451157|0.00337763052|0.157560441|0.188054374,0.669042724|0.678041685|0.32451157|0.153377631|0.307560441|0.338054374,0.639042724|0.648041685|0.29451157|0.123377631|0.277560441|0.308054374,0|0|0|0.15|0.15|0.15,0|0|0.0113249361|0.118832578|0.113426412|0.102663104,0.0392793442|0.0223339717|0.00285485394|-0.132343125|-0.107963868|-0.150139175,2.11545024|2.13450071|0.712226069|-2.57238388e-08|0.635704307|0.704741425,0.565830112|0.264976621|0.723631382,0.0281558242|0.228172243|-0.0769688636,0.0031239427626132965,0.000829978846013546,0.0009408881887793541,0.001333172433078289
188,9.450000000000001,-1.3488135044381682,0.42099395394325256,0.6773809194564819,0.17205874621868134,0.3642580807209015,0.35,3,0,0,0,0,,,nan,0,0.9928314089775085,0.19633986055850983,2.0019218921661377,0.9900537133216858,1.0,nan,0,0,0,0,0.0413003090064025,0.0,filtered,0.15808622272159348,0,0,12,,workspace_y_upper,0,0,1,solved,osqp,7.009459635498594e-07,valid,0.003008725471720486,0.521101981|0.529245133|0.175250103|0.00300872547|0.157844285|0.185105046,0.671101981|0.679245133|0.325250103|0.153008725|0.307844285|0.335105046,0.641101981|0.649245133|0.295250103|0.123008725|0.277844285|0.305105046,0|0|0|0.15|0.15|0.15,0|0|0.0114440075|0.113121861|0.108216695|0.0967347626,0.0427366681|0.0234500424|0.00358391566|-0.125157167|-0.108812082|-0.146320726,2.12714459|2.14043057|0.716028337|-4.04003464e-07|0.630781754|0.690834222,0.567237735|0.276385307|0.719782591,0.0281558242|0.228172243|-0.0769688636,0.002983229234814644,0.0008017504587769508,0.0008881250396370888,0.0012746918946504593
189,9.5,-1.3500338151314921,0.4228905439376831,0.6778371930122375,0.17071960866451263,0.3689345419406891,0.35,3,0,0,0,0,,,nan,0,0.9909152388572693,0.19562026858329773,0.9634189009666443,0.9891102910041809,1.0,nan,0,0,0,0,0.0413003090064025,0.0,filtered,0.1599798495129087,0,0,12,,workspace_y_upper,0,0,1,solved,osqp,5.29080919183661e-07,valid,0.0026959837480727833,0.523332383|0.53050661|0.176037277|0.00269598375|0.157758868|0.181989223,0.673332383|0.68050661|0.326037277|0.152695984|0.307758868|0.331989223,0.643332383|0.65050661|0.296037277|0.122695984|0.277758868|0.301989223,0|0|0|0.15|0.15|0.15,0|0|0.0114543182|0.106954267|0.102623311|0.0907063762,0.0461670869|0.0245500764|0.00431396559|-0.117738459|-0.10959266|-0.142337258,2.13949662|2.14657651|0.71991739|-2.57192581e-07|0.624066125|0.676326008,0.568645358|0.287793994|0.7159338,0.0281558242|0.228172243|-0.0769688636,0.004606522619724274,0.0015282658860087395,0.0013556908816099167,0.0016890009865164757
190,9.55,-1.3508554634179295,0.42496490478515625,0.6781732439994812,0.169388547539711,0.3739231526851654,0.35,3,0,0,0,0,,,nan,0,0.9885949492454529,0.19347116351127625,1.7915107011795044,0.9878581762313843,1.0,nan,0,0,0,0,0.0413003090064025,0.0,filtered,0.16087824077631047,0,0,12,,workspace_y_upper,0,0,1,solved,osqp,4.0733088411612495e-07,valid,0.002426457070564658,0.525733122|0.531826223|0.176869199|0.00242645707|0.157281485|0.178711386,0.675733122|0.681826223|0.326869199|0.152426457|0.307281485|0.328711386,0.645733122|0.651826223|0.296869199|0.122426457|0.277281485|0.298711386,0|0|0|0.15|0.15|0.15,0|0|0.0112941435|0.100407942|0.096778786|0.0846512063,0.0495688545|0.0256428387|0.00506133706|-0.110113924|-0.110246896|-0.138191638,2.15250134|2.15294773|0.723832276|-1.53599124e-07|0.615657832|0.661305113,0.570052981|0.299202681|0.712085009,0.0281558242|0.228172243|-0.0769688636,0.004885692149400711,0.0014323508366942406,0.0015034666284918785,0.001919344998896122
191,9.600000000000001,-1.351111889678398,0.4269769787788391,0.67838054895401,0.16806675493717194,0.3789710998535156,0.35,3,0,0,0,0,,,nan,0,0.9865164160728455,0.17559383809566498,1.7554433345794678,0.9868612289428711,1.0,nan,0,0,0,0,0.0413003090064025,0.0,filtered,0.1609959635961226,0,1,12,predictive_link_3,workspace_y_upper,0,0,1,solved,osqp,3.2283359887100294e-07,valid,0.0021938705294859417,0.528303368|0.533205958|0.177741324|0.00219387053|0.156433919|0.175285284,0.678303368|0.683205958|0.327741324|0.152193871|0.306433919|0.325285284,0.648303368|0.653205958|0.297741324|0.122193871|0.276433919|0.295285284,0|0|0|0.15|0.15|0.15,0|0|0.0110391405|0.0935377707|0.0906571307|0.078561869,0.0529403055|0.0267385475|0.00584870682|-0.102313334|-0.108404241|-0.133881864,2.16615378|2.15956238|0.727853142|-8.09670731e-08|0.607988567|0.645821143,0.571460605|0.310611367|0.708236217,0.0281558242|0.228172243|-0.0769688636,0.00507782306522131,0.0015297690406441689,0.0016040969640016556,0.0019113002344965935
192,9.65,-1.3520417808450476,0.42956578731536865,0.6784806251525879,0.1667465716600418,0.3847101926803589,0.35,3,0,0,0,0,,,nan,0,0.9852726459503174,0.1644548624753952,1.1303075551986694,0.9868396520614624,1.0,nan,0,0,0,0,0.0413003090064025,0.0,filtered,0.16105429080649636,0,1,12,predictive_link_3,workspace_y_upper,0,0,1,solved,osqp,2.698338391650401e-07,valid,0.00199518285087108,0.531042052|0.534649|0.178654495|0.00199518285|0.155475569|0.171728483,0.681042052|0.684649|0.328654495|0.151995183|0.305475569|0.321728483,0.651042052|0.654649|0.298654495|0.121995183|0.275475569|0.291728483,0|0|0|0.15|0.15|0.15,0|0|0.010778547|0.0863879302|0.08426577|0.0725045903,0.0562798313|0.0278449304|0.00668697969|-0.0943686957|-0.103066889|-0.12940412,2.18044804|2.16644093|0.732083508|-3.41641362e-08|0.603101159|0.630014401,0.572868228|0.322020054|0.704387426,0.0281558242|0.228172243|-0.0769688636,0.005027905106544495,0.0014712847769260406,0.001604665070772171,0.0019215308129787445
193,9.700000000000001,-1.5850603439588404,0.6249134540557861,0.6785117387771606,0.1614619344472885,0.5824194550514221,0.35,3,0,0,0,0,,,nan,0,0.0,19.70545196533203,393.63836669921875,0.9875286817550659,1.0,nan,0,0,0,0,0.0413003090064025,0.0,safe_stop_infeasible,0.9875286896054546,1,0,0,,,0,0,0,,,0.0,valid,0.0018213128143061974,0.533947651|0.536157555|0.17961284|0.00182131281|0.154467105|0.168051451,0.683947651|0.686157555|0.32961284|0.151821313|0.304467105|0.318051451,0.653947651|0.656157555|0.29961284|0.121821313|0.274467105|0.288051451,0|0|0|0.15|0.15|0.15,0|0|0|0|0|0,0.0595858611|0.0289635132|0.00757190832|-0.0862917893|-0.0976475949|-0.1247547,2.19537646|2.17359373|0.72602327|-0.0790065381|0.520220824|0.547451105,0.574275851|0.333428741|0.700538635,0.0281558242|0.228172243|-0.0769688636,0.0032953284680843353,0.0014298977330327034,0.001500801183283329,0.0003327745944261551
194,9.75,-1.3420883221823128,0.4099977910518646,0.6787983775138855,0.16106845438480377,0.3712952733039856,0.35,3,0,0,0,0,,,nan,0,0.3673063814640045,7.346127510070801,519.7177124023438,0.4372510313987732,1.0,nan,0,0,0,0,0.0413003090064025,0.0,filtered,0.21988408587058342,0,2,12,predictive_link_3|workspace_y_upper|joint_4_acceleration_lower|joint_5_acceleration_lower,workspace_y_upper,0,0,1,solved,osqp,1.9121814730585496e-09,valid,-0.002144385279786609,0.537008545|0.537631288|0.180037356|-0.00214438528|0.149837122|0.162052092,0.687008545|0.687631288|0.330037356|0.147855615|0.299837122|0.312052092,0.657008545|0.657631288|0.300037356|0.117855615|0.269837122|0.282052092,0|0|0|0.15|0.15|0.15,0|0|0.0082022701|0.0854264081|0.0810997438|0.0772333121,0.0628558976|0.0299776442|0.00907296522|-0.0768488662|-0.0918239408|-0.119691806,2.21089008|2.18050279|0.73742466|7.92421351e-10|0.588624289|0.605749875,0.575683475|0.344837427|0.696689844,0.0281558242|0.228172243|-0.0769688636,0.004885992966592312,0.0016174707561731339,0.0014391317963600159,0.0017994903028011322
195,9.8,-1.3802640477987653,0.40808746218681335,0.6809712648391724,0.16050203144550323,0.37366625666618347,0.35,3,0,0,0,0,,,nan,0,0.47934985160827637,7.497257232666016,226.6613311767578,0.6525468826293945,1.0,nan,0,0,0,0,0.0413003090064025,0.0,filtered,0.4374185354321254,0,1,12,workspace_y_upper|joint_4_position_lower,workspace_y_upper,0,0,1,solved,osqp,0.0,valid,-0.0013459022437264379,0.540240122|0.53924334|0.180981525|-0.00134590224|0.149298907|0.160166751,0.690240122|0.68924334|0.330981525|0.148654098|0.299298907|0.310166751,0.660240122|0.65924334|0.300981525|0.118654098|0.269298907|0.280166751,0|0|0|0.15|0.15|0.15,0|0|0.0121886256|0.0792693902|0.0725787556|0.0743058111,0.0660903528|0.0310822244|0.0101305686|-0.0685658871|-0.0859956673|-0.114366184,2.22705084|2.18805559|0.746245294|0.00531989416|0.583778715|0.600606633,0.577091098|0.356246114|0.692841053,0.0281558242|0.228172243|-0.0769688636,0.004619438201189041,0.001588171347975731,0.0012924009934067726,0.0017097797244787216
196,9.850000000000001,-1.4326528907563305,0.4413585662841797,0.6839544773101807,0.15920870006084442,0.41144946217536926,0.35,3,0,0,0,0,,,nan,0,0.6506635546684265,4.482238292694092,89.25041961669922,0.7260356545448303,1.0,nan,0,0,0,0,0.0413003090064025,0.0,filtered,0.3260895595492488,0,2,12,predictive_link_3|workspace_y_upper|joint_4_position_lower,workspace_y_upper,0,0,1,solved,osqp,2.279022338165168e-08,valid,-0.0005505986511430416,0.543611631|0.540740193|0.181986138|-0.000550598651|0.148794048|0.157689723,0.693611631|0.690740193|0.331986138|0.149449401|0.298794048|0.307689723,0.663611631|0.660740193|0.301986138|0.119449401|0.268794048|0.277689723,0|0|0|0.15|0.15|0.15,0|0|0.0147024492|0.0613440506|0.0544011656|0.0579407674,0.0692851655|0.0318229178|0.0102991924|-0.0591416314|-0.0800925135|-0.108860514,2.24373169|2.19478369|0.752946195|2.46121274e-08|0.569484846|0.579839146,0.578498721|0.3676548|0.688992262,0.0281558242|0.228172243|-0.0769688636,0.004850391298532486,0.00153253972530365,0.0015221433714032173,0.001763942651450634
197,9.9,-1.4559851084117519,0.4534899592399597,0.6871610879898071,0.15779389441013336,0.42831146717071533,0.35,3,0,0,0,0,,,nan,0,0.7460629343986511,1.9885553121566772,60.1269416809082,0.790019154548645,1.0,nan,0,0,0,0,0.0413003090064025,0.0,filtered,0.27398155998869733,0,2,12,predictive_link_3|workspace_y_upper|joint_4_position_lower,workspace_y_upper,0,0,1,solved,osqp,3.22336197594586e-08,valid,-0.00035224037636572003,0.547131281|0.542164811|0.183004184|-0.000352240376|0.147684488|0.154082586,0.697131281|0.692164811|0.333004184|0.14964776|0.297684488|0.304082586,0.667131281|0.662164811|0.303004184|0.11964776|0.267684488|0.274082586,0|0|0|0.15|0.15|0.15,0|0|0.0170296678|0.0502440944|0.0425418464|0.046737933,0.0724403353|0.0323706791|0.0100187943|-0.0488351225|-0.0741289128|-0.103267544,2.26096546|2.20102992|0.759065199|1.03445338e-08|0.559150884|0.559800732,0.579906344|0.379063487|0.685143471,0.0281558242|0.228172243|-0.0769688636,0.004577384330332279,0.001241910271346569,0.0013048499822616577,0.0020013581961393356
198,9.950000000000001,-1.455061575284567,0.4504048228263855,0.6900241374969482,0.15644775331020355,0.4299911856651306,0.35,3,0,0,0,0,,,nan,0,0.7908029556274414,2.924449920654297,60.67058563232422,0.8181234002113342,1.0,nan,0,0,0,0,0.0413003090064025,0.0,filtered,0.22630934562071986,0,2,12,predictive_link_3|workspace_y_upper|joint_4_position_lower,predictive_link_3,0,0,1,solved,osqp,3.528087962056947e-08,valid,-0.00021279011631331057,0.550804167|0.543563685|0.184064233|-0.000212790116|0.146288344|0.149994842,0.700804167|0.693563685|0.334064233|0.14978721|0.296288344|0.299994842,0.670804167|0.663563685|0.304064233|0.11978721|0.266288344|0.269994842,0|0|0|0.15|0.15|0.15,0|0|0.0191991101|0.039001916|0.0302806298|0.0342174319,0.0755554963|0.0328422878|0.0095326142|-0.0381507927|-0.0680600977|-0.0975027621,2.27877216|2.20709703|0.764988657|-3.71823651e-08|0.547373908|0.536694039,0.581313968|0.390472174|0.68129468,0.0281558242|0.228172243|-0.0769688636,0.0038644419983029366,0.001451963558793068,0.0010025184601545334,0.0013784542679786682
199,10.0,-1.4546988211960505,0.4507317543029785,0.6924868226051331,0.15513046085834503,0.43511608242988586,0.35,3,0,0,0,0,,,nan,0,0.8274771571159363,2.3722054958343506,13.806900024414062,0.8418349027633667,1.0,nan,0,0,0,0,0.0413003090064025,0.0,filtered,0.17489102142405938,0,2,12,predictive_link_3|workspace_y_upper|joint_4_position_lower,workspace_y_upper,0,0,1,solved,osqp,2.9672086856568497e-08,valid,-1.3210433929378151e-05,0.554634316|0.544996476|0.185215445|-1.32104339e-05|0.144590487|0.145699573,0.704634316|0.694996476|0.335215445|0.14998679|0.294590487|0.295699573,0.674634316|0.664996476|0.305215445|0.11998679|0.264590487|0.265699573,0|0|0|0.15|0.15|0.15,0|0|0.0208130521|0.0276394111|0.0185139405|0.0220335981,0.0786301483|0.0333399174|0.00902290481|-0.0275865377|-0.0618566788|-0.0915389604,2.29716741|2.21332582|0.770697737|3.16727514e-08|0.53501921|0.513292932,0.582721591|0.40188086|0.677445889,0.0281558242|0.228172243|-0.0769688636,0.0030843717977404594,0.0008531864732503891,0.0009100344032049179,0.0012994511052966118
200,10.05,-1.4582101397044542,0.4586634635925293,0.694428026676178,0.1537400633096695,0.4481194317340851,0.35,3,0,0,0,0,,,nan,0,0.8410332202911377,1.2018084526062012,25.825008392333984,0.8493884801864624,1.0,nan,0,0,0,0,0.0413003090064025,0.0,filtered,0.13646090418779902,0,1,12,predictive_link_3|joint_4_position_lower,predictive_link_3,0,0,1,solved,osqp,0.0,valid,0.0002102884190164911,0.558620254|0.546475012|0.186436521|0.000210288419|0.142616798|0.14123352,0.708620254|0.696475012|0.336436521|0.150210288|0.292616798|0.29123352,0.678620254|0.666475012|0.306436521|0.120210288|0.262616798|0.26123352,0|0|0|0.15|0.15|0.15,0|0|0.0211342585|0.0162739283|0.00516777518|0.00761637786,0.0816633769|0.0338772309|0.00855895377|-0.0171150611|-0.0555025159|-0.0853652396,2.31614439|2.21977728|0.775439295|2.0887277e-08|0.520132451|0.487185217,0.584129214|0.413289547|0.673597097,0.0281558242|0.228172243|-0.0769688636,0.003017667680978775,0.0008116094395518303,0.000904119573533535,0.0012829331681132317
201,10.100000000000001,-1.4633665362509964,0.4684247672557831,0.695889949798584,0.15226756036281586,0.46302610635757446,0.35,3,0,0,0,0,,,nan,0,0.8334264755249023,1.007513403892517,11.447806358337402,0.8427708745002747,1.0,nan,0,0,0,0,0.0413003090064025,0.0,filtered,0.13035208069156726,0,1,12,predictive_link_3|joint_4_position_lower,predictive_link_3,0,0,1,solved,osqp,0.0,valid,0.0004338418261676247,0.562753084|0.547911011|0.187564731|0.000433841826|0.140308324|0.13644619,0.712753084|0.697911011|0.337564731|0.150433842|0.290308324|0.28644619,0.682753084|0.667911011|0.307564731|0.120433842|0.260308324|0.25644619,0|0|0|0.15|0.15|0.15,0|0|0.0208735066|0.00447270305|-0.00842114047|-0.00695725377,0.0846538696|0.0343434977|0.00807329676|-0.0062080495|-0.0487682749|-0.0787576349,2.3356662|2.22598754|0.779205729|2.0849107e-08|0.504043879|0.460069872,0.585536838|0.424698234|0.669748306,0.0281558242|0.228172243|-0.0769688636,0.004497683607041836,0.0012929942458868027,0.0014495113864541054,0.0017269318923354149
202,10.15,-1.437728501180873,0.4482097923755646,0.6968938708305359,0.15100975334644318,0.4464902877807617,0.35,3,0,0,0,0,,,nan,0,0.8122242093086243,1.1224786043167114,9.068655014038086,0.8260342478752136,1.0,nan,0,0,0,0,0.0413003090064025,0.0,filtered,0.14770728389449866,0,0,12,,predictive_link_3,0,0,1,solved,osqp,4.3485788427458094e-07,valid,0.0005839999315569444,0.567032208|0.549314577|0.188585385|0.000583999932|0.137669503|0.131363811,0.717032208|0.699314577|0.338585385|0.150584|0.287669503|0.281363811,0.687032208|0.669314577|0.308585385|0.120584|0.257669503|0.251363811,0|0|0|0.12599397|0.15|0.15,0|0|0.0202483658|-0.00233643797|-0.0172202716|-0.0168048153,0.0876010422|0.0347647159|0.00761795811|-1.75583412e-17|-0.0416752489|-0.0717353482,2.35572987|2.23202302|0.782207865|-4.38241898e-07|0.491782493|0.436915079,0.586944461|0.43610692|0.665899515,0.0281558242|0.228172243|-0.0769688636,0.005067858844995499,0.0015359623357653618,0.0015803156420588493,0.0019183624535799026
203,10.200000000000001,-1.3940953253089177,0.4044618010520935,0.6977699398994446,0.1504082828760147,0.4043910801410675,0.35,3,0,0,0,0,,,nan,0,0.7893628478050232,0.9924865365028381,18.99359893798828,0.8077242970466614,1.0,nan,0,0,0,0,0.0413003090064025,0.0,filtered,0.1690401779507569,0,0,12,,predictive_link_3,0,0,1,solved,osqp,4.794567406889508e-07,valid,0.000476542885684772,0.571454074|0.550656557|0.18945556|0.000476542886|0.134963612|0.12627881,0.721454074|0.700656557|0.33945556|0.150476543|0.284963612|0.27627881,0.691454074|0.670656557|0.30945556|0.120476543|0.254963612|0.24627881,0|0|0|0.0708174427|0.15|0.15,0|0|0.0201735434|-0.00190665729|-0.0171351657|-0.0170248801,0.0905042089|0.0351161311|0.00717049782|3.72925379e-17|-0.0341734732|-0.0642245257,2.3763205|2.23774236|0.785166281|-4.85748853e-07|0.488545808|0.423865836,0.588352084|0.447515607|0.662050724,0.0281558242|0.228172243|-0.0769688636,0.005087936297059059,0.0014858171343803406,0.0015496937558054924,0.0020178277045488358
204,10.25,-1.3988702626066951,0.4028107821941376,0.6988258957862854,0.15047110617160797,0.4028107821941376,0.35,3,0,0,0,0,,,nan,0,0.7929065227508545,1.8357809782028198,33.62823486328125,0.8083369135856628,1.0,nan,0,0,0,0,0.0413003090064025,0.0,filtered,0.1554055173609264,0,0,12,,predictive_link_3,0,0,1,solved,osqp,4.2130213580250306e-07,valid,0.0003864068974807622,0.576016944|0.551935202|0.190208271|0.000386406897|0.132654559|0.12164651,0.726016944|0.701935202|0.340208271|0.150386407|0.282654559|0.27164651,0.696016944|0.671935202|0.310208271|0.120386407|0.252654559|0.24164651,0|0|0|0.0143321844|0.15|0.15,0|0|0.0202954384|-0.00154606065|-0.0167473362|-0.0163957765,0.0933628895|0.0354021304|0.00670477234|1.42599519e-17|-0.0263808098|-0.056288811,2.39743066|2.24314294|0.787833296|-4.33064594e-07|0.48749009|0.413901452,0.589759707|0.458924294|0.658201933,0.0281558242|0.228172243|-0.0769688636,0.0032131075859069824,0.0008491808548569679,0.0009031901136040688,0.0014392053708434105
205,10.3,-1.3999827488923917,0.4021014869213104,0.6998400092124939,0.15069074928760529,0.4021014869213104,0.35,3,0,0,0,0,,,nan,0,0.8131459951400757,0.8668524026870728,23.346843719482422,0.8241428732872009,1.0,nan,0,0,0,0,0.0413003090064025,0.0,filtered,0.12166282226167315,0,0,12,,predictive_link_3,0,0,1,solved,osqp,2.0616102245143986e-07,valid,0.0004710980377657381,0.5807168|0.553109645|0.190812975|0.000471098038|0.130775806|0.117362718,0.7307168|0.703109645|0.340812975|0.150471098|0.280775806|0.267362718,0.7007168|0.673109645|0.310812975|0.120471098|0.250775806|0.237362718,0|0|0|0|0.15|0.15,0|0|0.0200072237|-0.0113401492|-0.0272303477|-0.0271302085,0.0961765749|0.0355889221|0.00616040627|0.00945554115|-0.0183368759|-0.0479145765,2.41904377|2.2480275|0.789419529|-2.15880631e-07|0.477536|0.394406085,0.591167331|0.47033298|0.654353142,0.0281558242|0.228172243|-0.0769688636,0.0034855902194976807,0.0008403854444622993,0.0009173927828669548,0.0017066821455955505
206,10.350000000000001,-1.3886065244420482,0.4012984335422516,0.7002050280570984,0.15093989670276642,0.401298463344574,0.35,3,0,0,0,0,,,nan,0,0.8365468978881836,1.2790194749832153,29.858386993408203,0.8497820496559143,1.0,nan,0,0,0,0,0.0413003090064025,0.0,filtered,0.1229740998144081,0,0,12,,predictive_link_3,0,0,1,solved,osqp,1.0075157865982454e-07,valid,0.0006907371300413634,0.585556028|0.554248332|0.191318229|0.00069073713|0.128785116|0.112916581,0.735556028|0.704248332|0.341318229|0.150690737|0.278785116|0.262916581,0.705556028|0.674248332|0.311318229|0.120690737|0.248785116|0.232916581,0|0|0|0|0.15|0.15,0|0|0.017373879|-0.0250901585|-0.0451684592|-0.0469479728,0.0989451382|0.0357576788|0.00564282299|0.0223271102|-0.0100680942|-0.039169669,2.44116925|2.25275101|0.788289616|-9.98175643e-08|0.459903909|0.365548683,0.592574954|0.481741667|0.650504351,0.0281558242|0.228172243|-0.0769688636,0.005057597532868385,0.001525874249637127,0.0015706000849604607,0.0019313013181090355
207,10.4,-1.3673676086146962,0.4002761244773865,0.6995395421981812,0.15125785768032074,0.4002760946750641,0.35,3,0,0,0,0,,,nan,0,0.8523529767990112,1.8949602842330933,15.715285301208496,0.8729099631309509,1.0,nan,0,0,0,0,0.0413003090064025,0.0,filtered,0.14734927139344056,0,1,12,predictive_link_3,predictive_link_3,0,0,1,solved,osqp,4.630190258286815e-08,valid,0.0009398948339862656,0.590526243|0.555222938|0.191476268|0.000939894834|0.126348894|0.108016448,0.740526243|0.705222938|0.341476268|0.150939895|0.276348894|0.258016448,0.710526243|0.675222938|0.311476268|0.120939895|0.246348894|0.228016448,0|0|0|0|0.15|0.15,0|0|0.012226356|-0.0397755654|-0.0670840586|-0.071816093,0.101668047|0.0358032218|0.00510928172|0.0360159375|-0.00113456141|-0.0296258781,2.46377302|2.25669497|0.783240709|-4.85798483e-08|0.437176954|0.330623819,0.593982577|0.493150353|0.64665556,0.0281558242|0.228172243|-0.0769688636,0.0034327907487750053,0.0008265916258096695,0.0009075626730918884,0.00167861208319664
208,10.450000000000001,-1.3539876802416486,0.399284690618515,0.6983750462532043,0.1515669971704483,0.3992846608161926,0.35,3,0,0,0,0,,,nan,0,0.8542430996894836,1.443974256515503,15.437183380126953,0.8847141265869141,1.0,nan,0,0,0,0,0.0413003090064025,0.0,filtered,0.1733287135325398,0,1,12,predictive_link_3,predictive_link_3,0,0,1,solved,osqp,1.4255298302900954e-08,valid,0.0012578474147828533,0.595620607|0.555910812|0.191084056|0.00125784741|0.123064446|0.102539421,0.745620607|0.705910812|0.341084056|0.151257847|0.273064446|0.252539421,0.715620607|0.675910812|0.311084056|0.121257847|0.243064446|0.222539421,0|0|0|0|0.0901864972|0.15,0|0|0.00869298377|-0.0559366522|-0.0908347048|-0.0932132912,0.104344986|0.035645147|0.00719658469|0.0509052546|-1.65491792e-17|-0.0189094228,2.48682741|2.25928839|0.780225793|-7.9691452e-09|0.401423081|0.298034971,0.595390201|0.504558921|0.642806768,0.0281558242|0.228172243|-0.0769688636,0.0043371208012104034,0.001106242649257183,0.0011901557445526123,0.002008075825870037
209,10.5,-1.3401155212676783,0.3983159065246582,0.6967524886131287,0.15186984837055206,0.3983159065246582,0.35,3,0,0,0,0,,,nan,0,0.8480682969093323,0.8808602690696716,17.41322135925293,0.8841253519058228,1.0,nan,0,0,0,0,0.0413003090064025,0.0,filtered,0.1778967228805939,0,1,12,predictive_link_3,predictive_link_3,0,0,1,solved,osqp,2.3062526333106348e-09,valid,0.001566975890559985,0.600850863|0.556697206|0.190821281|0.00156697589|0.11857511|0.0966687594,0.750850863|0.706697206|0.340821281|0.151566976|0.26857511|0.246668759,0.720850863|0.676697206|0.310821281|0.121566976|0.23857511|0.216668759,0|0|0|0|0.0205176175|0.15,0|0|0.00546923685|-0.0724176763|-0.117701682|-0.11637695,0.106976316|0.0387990875|0.013237815|0.0661497732|-1.04519068e-17|-0.00756451494,2.51037977|2.26558791|0.781992176|4.94790542e-10|0.356598756|0.262733573,0.596797824|0.51596725|0.638957977,0.0281558242|0.228172243|-0.0769688636,0.005152673460543156,0.001519124023616314,0.001587260514497757,0.0020145438611507416
210,10.55,-1.3230325070962907,0.40265554189682007,0.6943142414093018,0.15223707258701324,0.40239420533180237,0.35,3,0,0,0,0,,,nan,0,0.8490995764732361,1.0994690656661987,11.0409517288208,0.8851396441459656,1.0,nan,0,0,0,0,0.0413003090064025,0.0,filtered,0.16422970360495667,0,1,12,predictive_link_3,predictive_link_3,0,0,1,solved,osqp,1.452871989382487e-10,valid,0.0018698393547857406,0.606215495|0.557710981|0.190771965|0.00186983935|0.112939105|0.0902275509,0.756215495|0.707710981|0.340771965|0.151869839|0.262939105|0.240227551,0.726215495|0.677710981|0.310771965|0.121869839|0.232939105|0.210227551,0|0|0|0|0|0.122682042,0|0|0.000647220857|-0.089288822|-0.149467884|-0.149309829,0.109561964|0.0419637951|0.0194469701|0.0818094715|0.00773996717|-2.57768256e-17,2.53442394|2.27280772|0.783182052|6.90606815e-09|0.310028504|0.211600374,0.598205447|0.527375579|0.635109186,0.0281558242|0.228172243|-0.0769688636,0.003101312555372715,0.0008470499888062477,0.0009636422619223595,0.0012697568163275719
211,10.600000000000001,-1.3431067628720896,0.4503107964992523,0.6908696293830872,0.15273405611515045,0.4503107964992523,0.35,3,0,0,0,0,,,nan,0,0.8636292219161987,1.4046111106872559,7.01983642578125,0.8973438143730164,1.0,nan,0,0,0,0,0.0413003090064025,0.0,filtered,0.14493945918202453,0,1,12,predictive_link_3,predictive_link_3,0,0,1,solved,osqp,7.543321800529412e-10,valid,0.002237070990632861,0.611705733|0.558812119|0.190733784|0.00223707099|0.106359701|0.0821271895,0.761705733|0.708812119|0.340733784|0.152237071|0.256359701|0.232127189,0.731705733|0.678812119|0.310733784|0.122237071|0.226359701|0.202127189,0|0|0|0|0|0.0436546773,0|0|-0.00514033181|-0.107442283|-0.188022174|-0.197243739,0.112101732|0.0451254575|0.025953221|0.0984939961|0.0196231718|-3.78074364e-17,2.55892466|2.28037394|0.783748024|-3.04196079e-09|0.2570398|0.131265019,0.59961307|0.538783908|0.631260395,0.0281558242|0.228172243|-0.0769688636,0.004397237673401833,0.0010882141068577766,0.0014968328177928925,0.0017876941710710526
212,10.65,-1.365948908113792,0.5057926177978516,0.686303436756134,0.15346764028072357,0.5057926774024963,0.35,3,0,0,0,0,,,nan,0,0.8920958042144775,1.797061562538147,8.876398086547852,0.9195044040679932,1.0,nan,0,0,0,0,0.0413003090064025,0.0,filtered,0.11416997448621075,0,1,12,predictive_link_3,predictive_link_3,0,0,1,solved,osqp,2.0381342169528693e-08,valid,0.0027340621894166306,0.617318072|0.559971976|0.190653693|0.00273406219|0.0985584991|0.0717307713,0.767318072|0.709971976|0.340653693|0.152734062|0.248558499|0.221730771,0.737318072|0.679971976|0.310653693|0.122734062|0.218558499|0.191730771,0|0|0|0|0|0,0|0|-0.0115502701|-0.127457285|-0.236371755|-0.255653292,0.114595674|0.0482855318|0.0328399203|0.116521014|0.0330014406|0.00720552902,2.58386796|2.28817343|0.783904422|-2.16096305e-08|0.190863682|0.0384753216,0.601020694|0.550192237|0.627411604,0.0281558242|0.228172243|-0.0769688636,0.004217758774757385,0.001454581506550312,0.0014235032722353935,0.0013108458369970322
213,10.700000000000001,-1.3745867601710553,0.5303918123245239,0.6815817952156067,0.1558588594198227,0.5303918123245239,0.35,3,0,0,0,0,,,nan,0,0.9136096835136414,0.8775444626808167,29.543819427490234,0.9630209803581238,1.0,nan,0,0,0,0,0.0413003090064025,0.0,filtered,0.12572119154712993,0,0,12,,predictive_link_5,0,0,1,solved,osqp,1.2162493956413556e-07,valid,0.0034676321083145223,0.623052902|0.561245801|0.190594905|0.00346763211|0.0892189198|0.0594330179,0.773052902|0.711245801|0.340594905|0.153467632|0.23921892|0.209433018,0.743052902|0.681245801|0.310594905|0.123467632|0.20921892|0.179433018,0|0|0|0|0|0,0|0|-0.0117231927|-0.115143665|-0.240478|-0.261791801,0.117043968|0.0514496915|0.0401500287|0.135994012|0.0482729688|0.0240596105,2.60925558|2.2964329|0.790806457|0.0347208749|0.164670648|-1.18892137e-07,0.602428317|0.561600566|0.623562813,0.0281558242|0.228172243|-0.0769688636,0.004040003754198551,0.0008379286155104637,0.0012685833498835564,0.0019120639190077782
214,10.75,-1.3474796493731311,0.5212165713310242,0.6766135692596436,0.1614067405462265,0.5212165713310242,0.35,3,0,0,0,0,,,nan,0,0.9321334362030029,0.8905112743377686,16.00497817993164,0.9893257021903992,1.0,nan,0,0,0,0,0.0413003090064025,0.0,filtered,0.15503803790967272,0,1,12,predictive_link_5,predictive_link_5,0,0,1,solved,osqp,2.6310943257445985e-08,valid,0.005858865297793281,0.628916012|0.562821103|0.191047571|0.0058588653|0.0804754897|0.0478295781,0.778916012|0.712821103|0.341047571|0.155858865|0.23047549|0.197829578,0.748916012|0.682821103|0.311047571|0.125858865|0.20047549|0.167829578,0|0|0|0|0|0,0|0|-0.0084380299|-0.0701974665|-0.211334171|-0.233609777,0.119446848|0.0546096465|0.047485677|0.154593914|0.0643827209|0.0422914401,2.6351109|2.30589406|0.803237933|0.107831908|0.174950509|-2.43677266e-08,0.60383594|0.573008895|0.619714022,0.0281558242|0.228172243|-0.0769688636,0.00449505727738142,0.001483864150941372,0.001507410779595375,0.001473287120461464
215,10.8,-1.3155857622555232,0.5072274208068848,0.6714291572570801,0.16930057108402252,0.5072274208068848,0.35,3,0,0,0,0,,,nan,0,0.9545437097549438,0.659780740737915,15.571537971496582,1.0027250051498413,1.0,nan,0,0,0,0,0.0413003090064025,0.0,filtered,0.14157815904546958,0,1,12,predictive_link_5,predictive_link_5,0,0,1,solved,osqp,2.306430990639541e-09,valid,0.011406740224908729,0.634890303|0.56438905|0.191870813|0.0114067402|0.0740792652|0.0388283029,0.784890303|0.71438905|0.341870813|0.16140674|0.224079265|0.188828303,0.754890303|0.68438905|0.311870813|0.13140674|0.194079265|0.158828303,0|0|0|0|0|0,0|0|-0.00615392215|-0.0396269181|-0.194567956|-0.217127364,0.121804388|0.0577438632|0.0548552301|0.171349507|0.0811527656|0.0618141526,2.6613656|2.31530006|0.81618456|0.17734955|0.18290187|2.06465317e-10,0.605243564|0.584417224|0.615865231,0.0281558242|0.228172243|-0.0769688636,0.004306267946958542,0.0011705458164215088,0.001403207890689373,0.0017033498734235764
216,10.850000000000001,-1.2739493911001238,0.4849207401275635,0.6659761667251587,0.17647799849510193,0.4849207401275635,0.35,5,0,0,0,0,,,nan,0,0.9802312850952148,1.1574594974517822,16.346036911010742,1.017576813697815,1.0,nan,0,0,0,0,0.0413003090064025,0.0,filtered,0.11726847346650593,0,1,12,predictive_link_5,predictive_link_5,0,0,1,solved,osqp,3.273722959384884e-11,valid,0.01930057667322871,0.640981632|0.56611955|0.193191601|0.0193005767|0.0694389378|0.0318546389,0.790981632|0.71611955|0.343191601|0.169300577|0.219438938|0.181854639,0.760981632|0.68611955|0.313191601|0.139300577|0.189438938|0.151854639,0|0|0|0|0|0,0|0|-0.0047452495|-0.0177021373|-0.187204217|-0.209624447,0.12411694|0.0608606826|0.0621913048|0.18617375|0.0982780583|0.0822058911,2.68804347|2.32533888|0.83021246|0.245673919|0.188829593|1.39374567e-10,0.606651187|0.595825553|0.612016439,0.0281558242|0.228172243|-0.0769688636,0.002871018834412098,0.000787750817835331,0.0008734613656997681,0.0011917855590581894
217,10.9,-1.2048015951768232,0.44179338216781616,0.6599500775337219,0.17244818806648254,0.4417933523654938,0.35,5,0,0,0,0,,,nan,0,1.0150372982025146,2.0238795280456543,19.59792709350586,1.0412685871124268,1.0,nan,0,0,0,0,0.0413003090064025,0.0,filtered,0.08682891051406817,0,1,12,predictive_link_5,predictive_link_5,0,0,1,solved,osqp,6.945613528763772e-11,valid,0.026477990580813543,0.64719292|0.56812174|0.195083815|0.029049274|0.0661198562|0.0264779906,0.79719292|0.71812174|0.345083815|0.179049274|0.216119856|0.176477991,0.76719292|0.68812174|0.315083815|0.149049274|0.186119856|0.146477991,0|0|0|0|0|0,0|0|-0.00395646671|0.00480434995|-0.186936625|-0.209136101,0.126384795|0.0639635492|0.0694589143|0.199193618|0.115622163|0.103224137,2.71515647|2.33645051|0.845837706|0.320195064|0.193164963|-1.6133378e-09,0.60805881|0.607233882|0.608167648,0.0281558242|0.228172243|-0.0769688636,0.0037212492898106575,0.0010926108807325363,0.0013210345059633255,0.0012853192165493965
218,10.950000000000001,-1.090570170427775,0.3498963415622711,0.6536135077476501,0.16973868012428284,0.3498963713645935,0.35,5,0,0,0,0,,,nan,0,1.0548666715621948,1.7630938291549683,40.256839752197266,1.0629626512527466,1.0,nan,0,0,0,0,0.0413003090064025,0.0,filtered,0.028541655534197106,0,1,12,predictive_link_5,predictive_link_5,0,0,1,solved,osqp,3.914435248164594e-09,valid,0.02244816615648973,0.653521739|0.57039026|0.197528772|0.04069955|0.0638684576|0.0224481662,0.803521739|0.72039026|0.347528772|0.19069955|0.213868458|0.172448166,0.773521739|0.69039026|0.317528772|0.16069955|0.183868458|0.142448166,0|0|0|0|0|0,0|0|-0.00306408492|0.0320706586|-0.193772629|-0.214868035,0.128608254|0.067055056|0.0767559384|0.210738666|0.133428608|0.125075367,2.74269521|2.34861609|0.863806942|0.405607525|0.195129809|-2.7990433e-09,0.609466434|0.618642211|0.604318857,0.0281558242|0.228172243|-0.0769688636,0.00360772293061018,0.0008264919742941856,0.0010804468765854836,0.0016801944002509117
219,11.0,-1.0818626353835783,0.3465805649757385,0.6477755308151245,0.16926535964012146,0.3465805649757385,0.35,5,0,0,0,0,,,nan,0,1.0608158111572266,3.3754680156707764,50.493045806884766,1.0608158111572266,1.0,nan,0,0,0,0,0.0413003090064025,0.0,passthrough,5.466443203559524e-12,0,0,12,,predictive_link_5,0,0,1,solved,osqp,0.0,valid,0.019738691054628305,0.659967658|0.572965514|0.20060999|0.0546173646|0.0624953674|0.0197386911,0.809967658|0.722965514|0.35060999|0.204617365|0.212495367|0.169738691,0.779967658|0.692965514|0.32060999|0.174617365|0.182495367|0.139738691,0|0|0|0|0|0,0|0|-3.45816486e-05|0.0699758094|-0.188567591|-0.20524141,0.130787644|0.0701398321|0.0841748622|0.221012064|0.15192141|0.147920623,2.77065827|2.36200189|0.886580241|0.509457331|0.213335289|0.021633978,0.610874057|0.63005054|0.600470066,0.0281558242|0.228172243|-0.0769688636,0.0033106962218880653,0.0008338093757629395,0.0008724220097064972,0.0015842746943235397
220,11.05,-1.0364422083601816,0.33061063289642334,0.6412674784660339,0.1751875877380371,0.33061060309410095,0.35,5,0,0,0,0,,,nan,0,1.0753147602081299,2.2990429401397705,51.96342849731445,1.075313925743103,1.0,nan,0,0,0,0,0.0413003090064025,0.0,filtered,1.1819484319376232e-06,0,0,12,,predictive_link_5,0,0,1,solved,osqp,0.0,valid,0.019265355023174363,0.666532446|0.575941306|0.204556027|0.0713700636|0.0626161763|0.019265355,0.816532446|0.725941306|0.354556027|0.221370064|0.212616176|0.169265355,0.786532446|0.695941306|0.324556027|0.191370064|0.182616176|0.139265355,0|0|0|0|0|0,0|0|0.0142786514|0.169567898|-0.103098041|-0.109506905,0.132923292|0.0732157283|0.0916239788|0.229507769|0.170399784|0.170694321,2.79905308|2.37698095|0.924126739|0.684555922|0.317766449|0.138248836,0.61228168|0.641458869|0.596621275,0.0281558242|0.228172243|-0.0769688636,0.004324663430452347,0.0015432564541697502,0.0010844748467206955,0.0016699275001883507
221,11.100000000000001,-0.98333814109743,0.2988770604133606,0.6345151662826538,0.18790102005004883,0.2988770604133606,0.35,5,0,0,0,0,,,nan,0,1.065887212753296,2.7994775772094727,22.480693817138672,1.065887212753296,1.0,nan,0,0,0,0,0.0413003090064025,0.0,passthrough,8.237040221043802e-12,0,0,12,,predictive_link_5,0,0,1,solved,osqp,0.0,valid,0.025187576719873622,0.67317281|0.578440802|0.208963185|0.0921581432|0.0680755963|0.0251875767,0.82317281|0.728440802|0.358963185|0.242158143|0.218075596|0.175187577,0.79317281|0.698440802|0.328963185|0.212158143|0.188075596|0.145187577,0|0|0|0|0|0,0|0|0.0319271851|0.213261833|0.000352163951|0.00603912856,0.135016174|0.0762663719|0.0994357583|0.229877843|0.187707466|0.19142476,2.82770741|2.39002958|0.967215682|0.811772249|0.460362015|0.298214195,0.613689303|0.652867198|0.592772484,0.0281558242|0.228172243|-0.0769688636,0.0036648763343691826,0.0011115474626421928,0.0012669386342167854,0.001266256906092167
222,11.15,-0.9428487982732452,0.26063740253448486,0.6284517049789429,0.20525899529457092,0.26063740253448486,0.35,5,0,0,0,0,,,nan,0,0.9963399171829224,3.808685064315796,45.42500686645508,0.9963399171829224,1.0,nan,0,0,0,0,0.0413003090064025,0.0,passthrough,6.2406746511270895e-12,0,0,12,,predictive_link_5,0,0,1,solved,osqp,0.0,valid,0.03790102592455305,0.67988677|0.580468254|0.213971692|0.114557749|0.07937308|0.0379010259,0.82988677|0.730468254|0.363971692|0.264557749|0.22937308|0.187901026,0.79988677|0.700468254|0.333971692|0.234557749|0.19937308|0.157901026,0|0|0|0|0|0,0|0|0.0464497495|0.215939714|0.0792268913|0.093739032,0.13706706|0.0792928614|0.107421702|0.229346118|0.202206713|0.20789211,2.85661414|2.40116588|1.00975822|0.903516826|0.598925924|0.453235245,0.615096927|0.664275527|0.588923693,0.0281558242|0.228172243|-0.0769688636,0.003405827097594738,0.0008206851780414581,0.0009200405329465866,0.0016448888927698135
223,11.200000000000001,-0.915596913182981,0.2243923544883728,0.623526394367218,0.22441118955612183,0.224392369389534,0.35,5,0,0,0,0,,,nan,0,0.8781751990318298,4.785207271575928,53.96906661987305,0.869727373123169,1.0,nan,0,0,0,0,0.0413003090064025,0.0,filtered,0.07700498720352861,0,0,12,joint_2_acceleration_upper,workspace_y_upper,0,0,1,solved,osqp,0.0,valid,0.05525899512072893,0.686691372|0.582432967|0.219819399|0.13675173|0.0948288946|0.0552589951,0.836691372|0.732432967|0.369819399|0.28675173|0.244828895|0.205258995,0.806691372|0.702432967|0.339819399|0.25675173|0.214828895|0.175258995,0|0|0|0|0|0,0|0|0.0518388929|0.184341475|0.121973211|0.137095096,0.139076363|0.0822943259|0.115149166|0.228719826|0.212917732|0.219239415,2.88584185|2.41202619|1.04626565|0.960068221|0.714206521|0.577370492,0.61650455|0.675683856|0.585074902,0.0281558242|0.228172243|-0.0769688636,0.003713027574121952,0.001436673104763031,0.0009404579177498817,0.001313813030719757
224,11.25,-0.8935142517171042,0.19409127533435822,0.6195411086082458,0.24316269159317017,0.1940912902355194,0.35,5,0,0,0,0,,,nan,0,0.7818939685821533,5.9124860763549805,61.08478546142578,0.7902900576591492,1.0,nan,0,0,0,0,0.0413003090064025,0.0,filtered,0.06669056724658995,0,0,12,joint_2_acceleration_upper,workspace_y_upper,0,0,1,solved,osqp,0.0,valid,0.07441118860775522,0.693597232|0.584592024|0.22626619|0.157387157|0.112260146|0.0744111886,0.843597232|0.734592024|0.37626619|0.307387157|0.262260146|0.224411189,0.813597232|0.704592024|0.34626619|0.277387157|0.232260146|0.194411189,0|0|0|0|0|0,0|0|0.0438446315|0.142123211|0.133228018|0.138053144,0.141044408|0.0852533365|0.122154944|0.229824185|0.219623148|0.225794979,2.91543334|2.42362143|1.07106433|1.00149602|0.801891752|0.661492877,0.617912173|0.687092185|0.58122611,0.0281558242|0.228172243|-0.0769688636,0.0030441386625170708,0.0008447961881756783,0.000889163464307785,0.0012866249307990074
225,11.3,-1.1438119970740126,0.41505926847457886,0.6174876689910889,0.23944136500358582,0.35497206449508667,0.35,5,0,0,0,0,,,nan,0,0.7989809513092041,5.5969624519348145,55.55387878417969,0.7989809513092041,1.0,nan,0,0,0,0,0.0413003090064025,0.0,passthrough,2.21401085288185e-11,0,0,12,,workspace_y_upper,0,0,1,solved,osqp,0.0,valid,0.09316269782069594,0.700598168|0.586820979|0.232519473|0.176463724|0.130068324|0.0931626978,0.850598168|0.736820979|0.382519473|0.326463724|0.280068324|0.243162698,0.820598168|0.706820979|0.352519473|0.296463724|0.250068324|0.213162698,0|0|0|0|0|0,0|0|0.0227257367|0.0657264813|0.0890495859|0.0807078251,0.142971854|0.0881495547|0.128221275|0.231577224|0.222732609|0.228528471,2.94536453|2.43543347|1.0810249|1.0031586|0.832055493|0.681887088,0.619319797|0.698500514|0.577377319,0.0281558242|0.228172243|-0.0769688636,0.0036147162318229675,0.0013737278059124947,0.0009632064029574394,0.0012451745569705963
226,11.350000000000001,-1.1625188983718102,0.4444524049758911,0.615219235420227,0.23199519515037537,0.3802550435066223,0.35,5,0,0,0,0,,,nan,0,0.7622023820877075,4.369075775146484,146.92747497558594,0.7622025012969971,1.0,nan,0,0,0,0,0.0413003090064025,0.0,filtered,1.222518190280347e-07,0,0,12,,predictive_link_5,0,0,1,solved,osqp,0.0,valid,0.055658227883608774,0.669746031|0.56237725|0.205146795|0.13927966|0.091728539|0.0556582279,0.819746031|0.71237725|0.355146795|0.28927966|0.241728539|0.205658228,0.789746031|0.68237725|0.325146795|0.25927966|0.211728539|0.175658228,0.15|0.15|0.15|0.15|0.15|0.15,0|0|0.0111420571|0.055688322|0.0860842324|0.0747508924,-0.162276046|-0.11709379|-0.136652939|-0.220016607|-0.229344826|-0.223503155,2.51670808|2.13241521|0.6950763|0.392790354|0.223653562|0.0738806493,0.62072742|0.690493047|0.573528528,0.0281558242|-0.228172243|-0.0769688636,0.004826053977012634,0.0014035720378160477,0.0014485325664281845,0.0019428841769695282
227,11.4,-1.2296441413151231,0.5060252547264099,0.6135316491127014,0.22278490662574768,0.43644607067108154,0.35,5,0,0,0,0,,,nan,0,0.7513722777366638,3.395984649658203,39.13349151611328,0.751370906829834,1.0,nan,0,0,0,0,0.0413003090064025,0.0,filtered,1.5776851267689829e-06,0,0,12,,predictive_link_5,0,0,1,solved,osqp,0.0,valid,0.048090734333527424,0.661594687|0.554835189|0.196870762|0.131438838|0.0844433566|0.0480907343,0.811594687|0.704835189|0.346870762|0.281438838|0.234443357|0.198090734,0.781594687|0.674835189|0.316870762|0.251438838|0.204443357|0.168090734,0.15|0.15|0.15|0.15|0.15|0.15,0|0|-0.00181746838|0.0227067023|0.0520021288|0.0414338216,-0.160602491|-0.114759543|-0.134262067|-0.220564065|-0.230057987|-0.224207319,2.48577626|2.10458121|0.651403512|0.32789799|0.159717568|0.00958943985,0.622135043|0.679084718|0.569679737,0.0281558242|-0.228172243|-0.0769688636,0.0038168523460626602,0.0013890480622649193,0.0011070221662521362,0.0012896200641989708
228,11.450000000000001,-1.2124201794424334,0.5103064775466919,0.6110262870788574,0.21490982174873352,0.435808390378952,0.35,5,0,0,0,0,,,nan,0,0.7594387531280518,2.2449309825897217,50.44861602783203,0.7511501908302307,1.0,nan,0,0,0,0,0.0413003090064025,0.0,filtered,0.08752769443642412,0,1,12,predictive_link_5,predictive_link_5,0,0,1,solved,osqp,8.139349806646212e-08,valid,0.0387695057367721,0.653558641|0.548065641|0.188864323|0.121858171|0.0754504541|0.0387695057,0.803558641|0.698065641|0.338864323|0.271858171|0.225450454|0.188769506,0.773558641|0.668065641|0.308864323|0.241858171|0.195450454|0.158769506,0.15|0.15|0.15|0.15|0.15|0.15,0|0|0.00178293259|0.0514040742|0.0788410697|0.0698952228,-0.15888276|-0.112293094|-0.131397201|-0.221077105|-0.230727834|-0.224973327,2.4553518|2.07996947|0.625843022|0.317759653|0.149915052|-8.10131749e-08,0.623542666|0.667676389|0.565830946,0.0281558242|-0.228172243|-0.0769688636,0.004815992899239063,0.001418398693203926,0.001480385661125183,0.0018855929374694824
229,11.5,-1.1802675650730272,0.5041184425354004,0.6075482368469238,0.20852142572402954,0.4256438612937927,0.35,5,0,0,0,0,,,nan,0,0.7773453593254089,2.289774179458618,22.98219871520996,0.7595254182815552,1.0,nan,0,0,0,0,0.0413003090064025,0.0,filtered,0.13929786516171672,0,0,12,,predictive_link_5,0,0,1,solved,osqp,1.469210717669478e-07,valid,0.030814886644719902,0.645590663|0.541005358|0.18071063|0.113689171|0.0677648532|0.0308148866,0.795590663|0.691005358|0.33071063|0.263689171|0.217764853|0.180814887,0.765590663|0.661005358|0.30071063|0.233689171|0.187764853|0.150814887,0.15|0.15|0.15|0.15|0.15|0.15,0|0|0.00971790666|0.0876989592|0.106841341|0.102256514,-0.157122118|-0.10983021|-0.128781573|-0.221401572|-0.231217269|-0.225516207,2.42524053|2.05419122|0.603778854|0.321054072|0.146683485|-1.46380837e-07,0.62495029|0.65626806|0.561982155,0.0281558242|-0.228172243|-0.0769688636,0.005090354010462761,0.0015393635258078575,0.0015776120126247406,0.0019402317702770233
230,11.55,-1.3855500487997245,0.6247692704200745,0.6074689626693726,0.1972884237766266,0.5391249060630798,0.35,5,0,0,0,0,,,nan,0,0.0,15.546907424926758,324.46875,0.7755057215690613,1.0,nan,0,0,0,0,0.0413003090064025,0.0,safe_stop_infeasible,0.7755057407793451,1,0,0,,,0,0,0,,,0.0,valid,0.024463130465690902,0.637693922|0.533688175|0.172647697|0.107278228|0.0614509345|0.0244631305,0.787693922|0.683688175|0.322647697|0.257278228|0.211450934|0.17446313,0.757693922|0.653688175|0.292647697|0.227278228|0.181450934|0.14446313,0.15|0.15|0.15|0.15|0.15|0.15,0|0|0|0|0|0,-0.155319538|-0.107362209|-0.126257923|-0.221012358|-0.231089774|-0.225204846,2.39545615|2.02739049|0.564332866|0.208100556|0.014713964|-0.127352324,0.626357913|0.644859731|0.558133364,0.0281558242|-0.228172243|-0.0769688636,0.0021865684539079666,0.0008159298449754715,0.0010488396510481834,0.0003015948459506035
231,11.600000000000001,-1.409127599405224,0.6710832118988037,0.6074693202972412,0.18593278527259827,0.5775999426841736,0.35,5,0,0,0,0,,,nan,0,0.0,0.0,310.9381408691406,0.4016222059726715,1.0,nan,0,0,0,0,0.0413003090064025,0.0,safe_stop_infeasible,0.40162222157250416,1,0,12,,qp_solver,0,0,0,primal infeasible,osqp,0.0,valid,0.013412939740396007,0.629971133|0.528323131|0.166404393|0.0964351977|0.0500947566|0.0134129397,0.779971133|0.678323131|0.316404393|0.246435198|0.200094757|0.16341294,0.749971133|0.648323131|0.286404393|0.216435198|0.170094757|0.13341294,0.15|0.15|0.15|0.15|0.15|0.15,0|0|0|0|0|0,-0.153460984|-0.104588006|-0.121692917|-0.219672612|-0.230260581|-0.223766527,2.36642355|2.00870452|0.543924657|0.166068178|-0.0298815541|-0.170114768,0.627765536|0.633451402|0.554284573,0.0281558242|-0.228172243|-0.0769688636,0.004721721634268761,0.0013431832194328308,0.0013742977753281593,0.0019738906994462013
232,11.65,-1.4568344078457542,0.7187952399253845,0.607469379901886,0.17463871836662292,0.6168482303619385,0.35,5,0,0,0,0,,,nan,0,0.0,0.0,0.0,0.5092231631278992,1.0,nan,0,0,0,0,0.0413003090064025,0.0,safe_stop_infeasible,0.5092231778367062,1,0,12,,qp_solver,0,0,0,primal infeasible,osqp,0.0,valid,0.0022648680141191535,0.622345449|0.5231642|0.160438841|0.0854880039|0.0386047636|0.00226486801,0.772345449|0.6731642|0.310438841|0.235488004|0.188604764|0.152264868,0.742345449|0.6431642|0.280438841|0.205488004|0.158604764|0.122264868,0.15|0.15|0.15|0.15|0.15|0.15,0|0|0|0|0|0,-0.151555754|-0.101753281|-0.11688673|-0.21819392|-0.229326714|-0.222124853,2.33782604|1.99090352|0.524868636|0.123758095|-0.0749076599|-0.213065381,0.62917316|0.622043073|0.550435781,0.0281558242|-0.228172243|-0.0769688636,0.003278368152678013,0.001005120575428009,0.0009003542363643646,0.0013424279168248177
233,11.700000000000001,-1.508593591252584,0.7705554962158203,0.607469379901886,0.16341349482536316,0.6592458486557007,0.35,5,0,0,0,0,,,nan,0,0.0,0.0,0.0,0.5074784755706787,1.0,nan,0,0,0,0,0.0413003090064025,0.0,safe_stop_infeasible,0.5074784710873474,1,0,12,,qp_solver,0,0,0,primal infeasible,osqp,0.0,valid,-0.008811201090672877,0.6148162|0.51814825|0.154718422|0.0746184122|0.0271642272|-0.00881120109,0.7648162|0.66814825|0.304718422|0.224618412|0.177164227|0.141188799,0.7348162|0.63814825|0.274718422|0.194618412|0.147164227|0.111188799,0.15|0.15|0.15|0.15|0.15|0.15,0|0|0|0|0|0,-0.149603294|-0.0988669602|-0.111893948|-0.216574662|-0.228284359|-0.221304718,2.30966151|1.97372604|0.50697974|0.081898987|-0.11962745|-0.256549523,0.630580783|0.610634744|0.54658699,0.0281558242|-0.228172243|-0.0769688636,0.004621109925210476,0.001339942216873169,0.0013935910537838936,0.0018650637939572334
234,11.75,-1.5609417281544395,0.8229036331176758,0.607469379901886,0.15226566791534424,0.7050209045410156,0.35,5,0,0,0,0,,,nan,0,0.0,0.0,0.0,0.5051357746124268,1.0,nan,0,0,0,0,0.0413003090064025,0.0,safe_stop_infeasible,0.5051357709137114,1,0,12,,qp_solver,0,0,0,primal infeasible,osqp,0.0,valid,-0.01987092527664136,0.607385772|0.513277923|0.149252279|0.0638336917|0.0157788906|-0.0198709253,0.757385772|0.663277923|0.299252279|0.213833692|0.165778891|0.130129075,0.727385772|0.633277923|0.269252279|0.183833692|0.135778891|0.100129075,0.15|0.15|0.15|0.15|0.15|0.15,0|0|0|0|0|0,-0.14760267|-0.0959293288|-0.106713489|-0.214797948|-0.227116988|-0.221090566,2.28194042|1.95718236|0.490295626|0.0405368191|-0.164001426|-0.300574267,0.631988406|0.599226415|0.542738199,0.0281558242|-0.228172243|-0.0769688636,0.00487764086574316,0.0014782771468162537,0.0015178518369793892,0.0018532853573560715
235,11.8,-1.5738756976521202,0.8358376026153564,0.607469379901886,0.14118966460227966,0.754903256893158,0.35,5,0,0,0,0,,,nan,0,0.0,0.0,0.0,0.5015729069709778,1.0,nan,0,0,0,0,0.0413003090064025,0.0,safe_stop_infeasible,0.501572941385928,1,0,12,,qp_solver,0,0,0,primal infeasible,osqp,0.0,valid,-0.03091919313176761,0.600056595|0.50855575|0.144049885|0.0531421607|0.00445546257|-0.0309191931,0.750056595|0.65855575|0.294049885|0.203142161|0.154455463|0.119080807,0.720056595|0.62855575|0.264049885|0.173142161|0.124455463|0.0890808069,0.15|0.15|0.15|0.15|0.15|0.15,0|0|0|0|0|0,-0.145552961|-0.0929407344|-0.101345184|-0.212844334|-0.22580459|-0.22084581,2.25467342|1.94128227|0.474854356|-0.000275691083|-0.20798274|-0.344522583,0.633396029|0.587818086|0.538889408,0.0281558242|-0.228172243|-0.0769688636,0.0029402710497379303,0.0008206190541386604,0.0009065670892596245,0.0011924942955374718
236,11.850000000000001,-1.587771626511831,0.8497335314750671,0.607469379901886,0.13012991845607758,0.8092579245567322,0.35,5,0,0,0,0,,,nan,0,0.0,0.0,0.0,0.5003876090049744,1.0,nan,0,0,0,0,0.0413003090064025,0.0,safe_stop_infeasible,0.5003876568782069,1,0,12,,qp_solver,0,0,0,primal infeasible,osqp,0.0,valid,-0.04195433645627897,0.592831147|0.503984268|0.139120579|0.0425531953|-0.00679822727|-0.0419543365,0.742831147|0.653984268|0.289120579|0.192553195|0.143201773|0.108045664,0.712831147|0.623984268|0.259120579|0.162553195|0.113201773|0.0780456635,0.15|0.15|0.15|0.15|0.15|0.15,0|0|0|0|0|0,-0.143453264|-0.0899016342|-0.0957899896|-0.210691489|-0.22432321|-0.220564381,2.22787132|1.92603544|0.460692325|-0.0404787079|-0.25151612|-0.388381727,0.634803653|0.576409757|0.535040617,0.0281558242|-0.228172243|-0.0769688636,0.004641770385205746,0.0013998625800013542,0.0015016784891486168,0.0017066476866602898
237,11.9,-4.601136954823751,3.8630988597869873,0.607469379901886,0.11908166110515594,0.8630988001823425,0.35,5,1,0,0,0,,,nan,0,0.0,0.0,0.0,0.49818697571754456,1.0,nan,0,0,0,0,0.0413003090064025,0.0,safe_stop_infeasible,0.4981869829422901,1,0,12,,qp_solver,0,0,0,primal infeasible,osqp,0.0,valid,-0.05297433811974725,0.585711948|0.499565988|0.134473655|0.032077382|-0.0179730303|-0.0529743381,0.735711948|0.649565988|0.284473655|0.182077382|0.13202697|0.0970256619,0.705711948|0.619565988|0.254473655|0.152077382|0.10202697|0.0670256619,0.15|0.15|0.15|0.15|0.15|0.15,0|0|0|0|0|0,-0.141302695|-0.0868125911|-0.0900500931|-0.208313835|-0.222643969|-0.220238632,2.2015451|1.91145136|0.447844526|-0.0800043066|-0.29453609|-0.432135984,0.636211276|0.565001428|0.531191826,0.0281558242|-0.228172243|-0.0769688636,0.0048880307003855705,0.0015303203836083412,0.0014335345476865768,0.0018920833244919777
238,11.950000000000001,-4.601056548157949,3.8630184531211853,0.607469379901886,0.1080465018749237,0.8630184531211853,0.35,5,1,0,0,0,,,nan,0,0.0,0.0,0.0,0.49580907821655273,1.0,nan,0,0,0,0,0.0413003090064025,0.0,safe_stop_infeasible,0.4958090837489245,1,0,12,,qp_solver,0,0,0,primal infeasible,osqp,0.0,valid,-0.06397674907239723,0.578701565|0.495303391|0.130118266|0.0217266777|-0.0290582077|-0.0639767491,0.728701565|0.645303391|0.280118266|0.171726678|0.120941792|0.0860232509,0.698701565|0.615303391|0.250118266|0.141726678|0.0909417923|0.0560232509,0.15|0.15|0.15|0.15|0.15|0.15,0|0|0|0|0|0,-0.1391004|-0.0836742773|-0.0841290232|-0.20568206|-0.220731918|-0.219858832,2.17570586|1.89753929|0.436344042|-0.118775349|-0.336964749|-0.475765828,0.637618899|0.553593099|0.527343035,0.0281558242|-0.228172243|-0.0769688636,0.00303708016872406,0.0008237836882472038,0.0009637102484703064,0.001228969544172287
239,12.0,-4.60096344570281,3.862925350666046,0.607469379901886,0.09702649712562561,0.8629253506660461,0.35,5,1,0,0,0,,,nan,0,0.0,0.0,0.0,0.49493247270584106,1.0,nan,0,0,0,0,0.0413003090064025,0.0,safe_stop_infeasible,0.49493248103997484,1,0,12,,qp_solver,0,0,0,primal infeasible,osqp,0.0,valid,-0.07495856740181528,0.571802603|0.491198922|0.126063354|0.0115146091|-0.0400410916|-0.0749585674,0.721802603|0.641198922|0.276063354|0.161514609|0.109958908|0.0750414326,0.691802603|0.611198922|0.246063354|0.131514609|0.0799589084|0.0450414326,0.15|0.15|0.15|0.15|0.15|0.15,0|0|0|0|0|0,-0.13684555|-0.0804874772|-0.0780317409|-0.202762578|-0.218544571|-0.219412456,2.15036486|1.88430821|0.426221674|-0.156704142|-0.378708937|-0.519246726,0.639026523|0.54218477|0.523494244,0.0281558242|-0.228172243|-0.0769688636,0.004525883123278618,0.001308077946305275,0.0013388032093644142,0.001849978230893612
